date,atm_iv_30,atm_iv_91,atm_ivar_30,term_slope_30_91,skew_25d_30,spy_put_call,vix,vxo
2017-01-03,0.1096855,0.128963,0.01203090891,-0.0192775,0.044071,1.260244785,12.85,11.78
2017-01-04,0.0995565,0.1217955,0.009911496692,-0.022239,0.035123,1.151899244,11.85,11.41
2017-01-05,0.098592,0.121198,0.009720382464,-0.022606,0.032075,2.153345661,11.67,11
2017-01-06,0.0972405,0.120458,0.00945571484,-0.0232175,0.027103,1.471657645,11.32,11.05
2017-01-09,0.098425,0.1217995,0.009687480625,-0.0233745,0.03041,1.804867769,11.56,10.73
2017-01-10,0.0984825,0.1218435,0.009698802806,-0.023361,0.030763,1.265496875,11.49,10.8
2017-01-11,0.096361,0.1199005,0.009285442321,-0.0235395,0.033154,1.658165757,11.26,10.68
2017-01-12,0.09794,0.1207255,0.0095922436,-0.0227855,0.030832,1.349942378,11.54,11.04
2017-01-13,0.093697,0.1187565,0.008779127809,-0.0250595,0.037508,1.44292063,11.23,10.62
2017-01-17,0.0981815,0.120887,0.009639606942,-0.0227055,0.040624,1.983557911,11.87,10.98
2017-01-18,0.0960285,0.1187085,0.009221472812,-0.02268,0.041335,3.410312481,12.48,11.23
2017-01-19,0.102119,0.122064,0.01042829016,-0.019945,0.040853,2.014724058,12.78,11.61
2017-01-20,0.0905375,0.115701,0.008197038906,-0.0251635,0.040114,1.427303264,11.54,10.5
2017-01-23,0.0958395,0.120685,0.00918520976,-0.0248455,0.039494,1.885227212,11.77,10.77
2017-01-24,0.0899575,0.114941,0.008092351806,-0.0249835,0.031195,1.505471294,11.07,10.56
2017-01-25,0.0871205,0.112297,0.00758998152,-0.0251765,0.026319,0.9874267011,10.81,10.09
2017-01-26,0.0886185,0.1136335,0.007853238542,-0.025015,0.0266,1.856614592,10.63,9.39
2017-01-27,0.0856105,0.1134095,0.00732915771,-0.027799,0.025696,1.815507501,10.58,9.87
2017-01-30,0.0963455,0.120186,0.00928245537,-0.0238405,0.031965,1.739909513,11.88,10.63
2017-01-31,0.0962985,0.1206425,0.009273401102,-0.024344,0.038625,1.363945464,11.99,11.07
2017-02-01,0.0932745,0.1192565,0.00870013235,-0.025982,0.035263,1.402696152,11.81,10.83
2017-02-02,0.094462,0.1205825,0.008923069444,-0.0261205,0.037552,2.129880195,11.93,10.92
2017-02-03,0.085805,0.1159975,0.007362498025,-0.0301925,0.03089,1.009231455,10.97,10.14
2017-02-06,0.089307,0.1184505,0.007975740249,-0.0291435,0.034391,3.155551502,11.37,10.11
2017-02-07,0.090801,0.119768,0.008244821601,-0.028967,0.03417,1.885995326,11.29,10.09
2017-02-08,0.09115,0.121114,0.0083083225,-0.029964,0.037833,2.312591904,11.45,10.37
2017-02-09,0.088942,0.119614,0.007910679364,-0.030672,0.028783,1.227038556,10.88,10.4
2017-02-10,0.0865075,0.117393,0.007483547556,-0.0308855,0.028522,1.351493283,10.85,10.41
2017-02-13,0.087809,0.1145445,0.007710420481,-0.0267355,0.028023,0.8978068074,11.07,10.34
2017-02-14,0.0835105,0.110676,0.00697400361,-0.0271655,0.026193,1.49352278,10.74,9.07
2017-02-15,0.0926665,0.111145,0.008587080222,-0.0184785,0.024769,1.508723245,11.97,10.77
2017-02-16,0.0926675,0.113198,0.008587265556,-0.0205305,0.027802,1.936173289,11.76,10.54
2017-02-17,0.087499,0.1127125,0.007656075001,-0.0252135,0.033687,1.528977375,11.49,11.27
2017-02-21,0.092115,0.116042,0.008485173225,-0.023927,0.02603,1.528552503,11.57,10.53
2017-02-22,0.0930585,0.1194695,0.008659884422,-0.026411,0.026687,1.975553809,11.74,10.49
2017-02-23,0.093087,0.1230725,0.008665189569,-0.0299855,0.032714,1.982361662,11.71,10.72
2017-02-24,0.090358,0.1238215,0.008164568164,-0.0334635,0.034318,1.545590446,11.47,10.65
2017-02-27,0.097469,0.125514,0.009500205961,-0.028045,0.028559,1.596560088,12.09,10.77
2017-02-28,0.104465,0.1292455,0.01091293623,-0.0247805,0.025962,1.696063928,12.92,11.28
2017-03-01,0.1002715,0.1250125,0.01005437371,-0.024741,0.0189,1.421309923,12.54,11.68
2017-03-02,0.0973145,0.126392,0.00947011191,-0.0290775,0.020272,1.258497372,11.81,12
2017-03-03,0.0889035,0.121427,0.007903832312,-0.0325235,0.017386,1.4438941,10.96,10.08
2017-03-06,0.0922005,0.121379,0.0085009322,-0.0291785,0.016184,1.661679235,11.24,9.76
2017-03-07,0.093861,0.121708,0.008809887321,-0.027847,0.022791,1.505215201,11.45,10.18
2017-03-08,0.0954955,0.1219235,0.00911939052,-0.026428,0.025088,1.486841446,11.86,10.53
2017-03-09,0.0990325,0.1236255,0.009807436056,-0.024593,0.031821,1.880234818,12.3,11.17
2017-03-10,0.0921945,0.11903,0.00849982583,-0.0268355,0.032556,1.435484143,11.66,10.5
2017-03-13,0.092654,0.1192965,0.008584763716,-0.0266425,0.02908,1.218771091,11.35,9.77
2017-03-14,0.098236,0.121352,0.009650311696,-0.023116,0.029054,1.540571464,12.3,10.4
2017-03-15,0.092259,0.1167945,0.008511723081,-0.0245355,0.022872,1.082174461,11.63,9.85
2017-03-16,0.08686,0.1121685,0.0075446596,-0.0253085,0.031261,0.832347719,11.21,9.29
2017-03-17,0.0875665,0.115187,0.007667891922,-0.0276205,0.028294,1.965566858,11.28,9.15
2017-03-20,0.089183,0.1145415,0.007953607489,-0.0253585,0.033884,1.677171355,11.34,9.39
2017-03-21,0.103841,0.122212,0.01078295328,-0.018371,0.042997,1.522415449,12.47,11.21
2017-03-22,0.1048005,0.1207795,0.0109831448,-0.015979,0.038906,1.271056347,12.81,11.85
2017-03-23,0.1098095,0.1232275,0.01205812629,-0.013418,0.041336,1.344915752,13.12,12.22
2017-03-24,0.108445,0.12208,0.01176031802,-0.013635,0.043495,1.956608474,12.96,13.34
2017-03-27,0.1045325,0.118252,0.01092704356,-0.0137195,0.039114,1.884525592,12.5,11.41
2017-03-28,0.0945945,0.1126545,0.00894811943,-0.01806,0.026135,1.386041411,11.53,10.43
2017-03-29,0.0925105,0.1109365,0.00855819261,-0.018426,0.030778,1.247566877,11.42,10.07
2017-03-30,0.09349,0.1097985,0.0087403801,-0.0163085,0.031769,1.402757925,11.54,9.99
2017-03-31,0.098187,0.111538,0.009640686969,-0.013351,0.032039,1.769470657,12.37,10.47
2017-04-03,0.1014795,0.111901,0.01029808892,-0.0104215,0.038783,1.525347518,12.38,10.45
2017-04-04,0.0976875,0.109305,0.009542847656,-0.0116175,0.039547,1.478632569,11.79,9.93
2017-04-05,0.1039365,0.113408,0.01080279603,-0.0094715,0.039418,1.469031652,12.89,11.47
2017-04-06,0.1027475,0.1102075,0.01055704876,-0.00746,0.043751,1.337267649,12.39,11.31
2017-04-07,0.1062375,0.11479,0.01128640641,-0.0085525,0.048717,1.50509409,12.87,11.66
2017-04-10,0.1142925,0.1191915,0.01306277556,-0.004899,0.051986,1.833828199,14.05,11.81
2017-04-11,0.1217435,0.123113,0.01482147979,-0.0013695,0.064752,1.385611249,15.07,12.75
2017-04-12,0.126486,0.12566,0.0159987082,0.000826,0.05931,1.408157674,15.77,13.03
2017-04-13,0.1320385,0.1287055,0.01743416548,0.003333,0.057509,1.660220028,15.96,14.4
2017-04-17,0.1189755,0.120962,0.0141551696,-0.0019865,0.060308,1.520620836,14.66,13.29
2017-04-18,0.1193035,0.121536,0.01423332511,-0.0022325,0.054028,1.439674165,14.42,13.02
2017-04-19,0.122609,0.1246485,0.01503296688,-0.0020395,0.054696,1.720178798,14.93,13.87
2017-04-20,0.110966,0.1180095,0.01231345316,-0.0070435,0.04941,2.057492299,14.15,12.67
2017-04-21,0.1163615,0.118013,0.01353999868,-0.0016515,0.053453,1.890245902,14.63,13.36
2017-04-24,0.085436,0.102293,0.007299310096,-0.016857,0.034966,1.845910479,10.84,9.42
2017-04-25,0.083749,0.1014595,0.007013895001,-0.0177105,0.02363,0.9685720039,10.76,8.62
2017-04-26,0.085039,0.1032295,0.007231631521,-0.0181905,0.026579,1.295178782,10.85,9.65
2017-04-27,0.083252,0.1024275,0.006930895504,-0.0191755,0.030192,1.239993162,10.36,9.93
2017-04-28,0.084189,0.103209,0.007087787721,-0.01902,0.034388,1.715753062,10.82,9.25
2017-05-01,0.0813405,0.102288,0.00661627694,-0.0209475,0.031149,1.361630877,10.11,9.13
2017-05-02,0.0831275,0.102688,0.006910181256,-0.0195605,0.035351,1.475420564,10.59,10.19
2017-05-03,0.084566,0.104808,0.007151408356,-0.020242,0.033896,1.054099987,10.68,9.63
2017-05-04,0.082576,0.102636,0.006818795776,-0.02006,0.03406,1.214495408,10.46,10.56
2017-05-05,0.081723,0.1025625,0.006678648729,-0.0208395,0.035858,1.828726072,10.57,9.93
2017-05-08,0.076404,0.1008495,0.005837571216,-0.0244455,0.030615,1.535311912,9.77,9.61
2017-05-09,0.0792015,0.1024155,0.006272877602,-0.023214,0.031889,1.582590591,9.96,9.44
2017-05-10,0.079832,0.1038145,0.006373148224,-0.0239825,0.035733,1.74433921,10.21,9.48
2017-05-11,0.083679,0.1061335,0.007002175041,-0.0224545,0.037464,1.551572713,10.6,9.91
2017-05-12,0.0823425,0.1066,0.006780287306,-0.0242575,0.039098,1.998949676,10.4,9.56
2017-05-15,0.0794535,0.103601,0.006312858662,-0.0241475,0.037168,1.688188031,10.42,9.51
2017-05-16,0.079786,0.1035045,0.006365805796,-0.0237185,0.03897,1.582159022,10.65,10.12
2017-05-17,0.1218425,0.1251615,0.01484559481,-0.003319,0.065797,1.981216383,15.59,13.88
2017-05-18,0.1114955,0.120254,0.01243124652,-0.0087585,0.05855,1.641006436,14.66,12.69
2017-05-19,0.0962105,0.111788,0.00925646031,-0.0155775,0.051164,2.013074793,12.04,11.07
2017-05-22,0.0870755,0.1065655,0.0075821427,-0.01949,0.042635,1.442800579,10.93,9.59
2017-05-23,0.0850125,0.105104,0.007227125156,-0.0200915,0.044871,1.941775652,10.72,9.54
2017-05-24,0.079993,0.1022415,0.006398880049,-0.0222485,0.038067,1.899185561,10.02,8.97
2017-05-25,0.0791165,0.1001665,0.006259420572,-0.02105,0.039488,1.701635877,9.99,9.26
2017-05-26,0.0773375,0.0996395,0.005981088906,-0.022302,0.037878,1.500596465,9.81,9.16
2017-05-30,0.0817715,0.1022305,0.006686578212,-0.020459,0.038543,1.870491167,10.38,9.4
2017-05-31,0.0833835,0.1027295,0.006952808072,-0.019346,0.043168,1.854651179,10.41,8.74
2017-06-01,0.0770225,0.097622,0.005932465506,-0.0205995,0.042803,1.421356978,9.89,9.15
2017-06-02,0.0759075,0.097307,0.005761948556,-0.0213995,0.038061,1.24181307,9.75,9.02
2017-06-05,0.078126,0.0991505,0.006103671876,-0.0210245,0.038651,2.031287766,10.07,8.99
2017-06-06,0.086017,0.1038545,0.007398924289,-0.0178375,0.035649,0.9510220196,10.45,9.73
2017-06-07,0.0829765,0.102467,0.006885099552,-0.0194905,0.040302,1.853151026,10.39,9.49
2017-06-08,0.079915,0.100322,0.006386407225,-0.020407,0.037927,1.419222379,10.16,9.42
2017-06-09,0.0822355,0.100683,0.00676267746,-0.0184475,0.045453,1.580937687,10.7,10.39
2017-06-12,0.0847475,0.102144,0.007182138756,-0.0173965,0.04959,1.648529656,11.46,9.36
2017-06-13,0.0767745,0.097424,0.00589432385,-0.0206495,0.047053,1.602480703,10.42,9.06
2017-06-14,0.0786,0.0985815,0.00617796,-0.0199815,0.042815,1.118229897,10.64,9.09
2017-06-15,0.0829555,0.1007135,0.00688161498,-0.017758,0.042172,0.7177386247,10.9,9.73
2017-06-16,0.076977,0.0994475,0.005925458529,-0.0224705,0.040087,1.660636216,10.38,8.89
2017-06-19,0.076286,0.0984545,0.005819553796,-0.0221685,0.035436,1.68220201,10.37,8.53
2017-06-20,0.085914,0.1037555,0.007381215396,-0.0178415,0.034905,1.470934748,10.86,9.33
2017-06-21,0.085235,0.1032305,0.007265005225,-0.0179955,0.03655,1.562748535,10.75,10.6
2017-06-22,0.0834395,0.102578,0.00696215016,-0.0191385,0.035587,1.593738251,10.48,9.23
2017-06-23,0.0787185,0.1004705,0.006196602242,-0.021752,0.03342,1.730938448,10.02,9.78
2017-06-26,0.07782,0.099246,0.0060559524,-0.021426,0.032483,1.374067296,9.9,8.36
2017-06-27,0.0902815,0.107278,0.008150749242,-0.0169965,0.035814,1.254260503,11.06,9.99
2017-06-28,0.078413,0.0998135,0.006148598569,-0.0214005,0.033745,1.506063904,10.03,8.61
2017-06-29,0.0927155,0.1089945,0.00859616394,-0.016279,0.040726,1.620477734,11.44,10.43
2017-06-30,0.087573,0.1072215,0.007669030329,-0.0196485,0.032532,1.949081874,11.18,10.13
2017-07-03,0.0902185,0.108261,0.008139377742,-0.0180425,0.033672,1.815237622,11.22,10.04
2017-07-05,0.086346,0.1061785,0.007455631716,-0.0198325,0.036631,1.747875856,11.07,9.73
2017-07-06,0.0999855,0.115197,0.00999710021,-0.0152115,0.046813,1.780230169,12.54,12.16
2017-07-07,0.086388,0.108638,0.007462886544,-0.02225,0.042767,1.752842288,11.19,9.97
2017-07-10,0.085459,0.107205,0.007303240681,-0.021746,0.038588,1.367743683,11.11,8.93
2017-07-11,0.0859515,0.1068855,0.007387660352,-0.020934,0.040393,1.088836066,10.89,9.3
2017-07-12,0.0775155,0.10078,0.00600865274,-0.0232645,0.036411,1.795339859,10.3,10.36
2017-07-13,0.0755585,0.0990345,0.005709086922,-0.023476,0.03496,2.342573408,9.9,8.4
2017-07-14,0.0732945,0.096041,0.00537208373,-0.0227465,0.03364,1.269976414,9.51,8.64
2017-07-17,0.075032,0.09664,0.005629801024,-0.021608,0.03354,1.52145415,9.82,8.07
2017-07-18,0.0749435,0.09573,0.005616528192,-0.0207865,0.035074,1.925099182,9.89,9.22
2017-07-19,0.0733775,0.0931315,0.005384257506,-0.019754,0.033151,1.358337215,9.79,8.89
2017-07-20,0.07285,0.092807,0.0053071225,-0.019957,0.03206,1.394387972,9.58,9
2017-07-21,0.071115,0.092133,0.005057343225,-0.021018,0.034008,1.506387343,9.36,7.77
2017-07-24,0.071761,0.095299,0.005149641121,-0.023538,0.03304,1.298482448,9.43,7.87
2017-07-25,0.0703265,0.094156,0.004945816602,-0.0238295,0.03279,1.820723707,9.43,6.32
2017-07-26,0.0701355,0.0941075,0.00491898836,-0.023972,0.036023,1.385008595,9.6,7.56
2017-07-27,0.0736935,0.095452,0.005430731942,-0.0217585,0.040687,1.782018192,10.11,8.39
2017-07-28,0.075759,0.0980845,0.005739426081,-0.0223255,0.041733,1.830349304,10.29,8.26
2017-07-31,0.0775835,0.1000375,0.006019199472,-0.022454,0.042633,1.981542522,10.26,8.65
2017-08-01,0.0717495,0.0962035,0.00514799075,-0.024454,0.039865,1.718903421,10.09,7.7
2017-08-02,0.072649,0.0974715,0.005277877201,-0.0248225,0.041681,1.786933553,10.28,8.2
2017-08-03,0.076716,0.1009795,0.005885344656,-0.0242635,0.045279,2.08343239,10.44,8.46
2017-08-04,0.073282,0.1005505,0.005370251524,-0.0272685,0.04431,1.922395953,10.03,8.9
2017-08-07,0.0732975,0.099824,0.005372523506,-0.0265265,0.043191,1.984459943,9.93,8.55
2017-08-08,0.082791,0.1056145,0.006854349681,-0.0228235,0.049542,1.986934762,10.96,9.03
2017-08-09,0.0852405,0.108623,0.00726594284,-0.0233825,0.054526,1.811932457,11.11,9.09
2017-08-10,0.1190845,0.1282915,0.01418111814,-0.009207,0.068881,1.643278285,16.04,13.86
2017-08-11,0.1159055,0.128516,0.01343408493,-0.0126105,0.069971,2.215958161,15.51,12.87
2017-08-14,0.0882125,0.110277,0.007781445156,-0.0220645,0.057689,2.021826144,12.33,9.6
2017-08-15,0.0855825,0.108702,0.007324364306,-0.0231195,0.055179,1.713960426,12.04,9.46
2017-08-16,0.0863335,0.106632,0.007453473222,-0.0202985,0.058002,2.049288938,11.74,9.37
2017-08-17,0.1189065,0.126557,0.01413875574,-0.0076505,0.066966,2.103290218,15.55,12.82
2017-08-18,0.1155785,0.126105,0.01335838966,-0.0105265,0.06248,1.906723874,14.26,12.91
2017-08-21,0.1095695,0.1222905,0.01200547533,-0.012721,0.048935,1.7109223,13.19,11.8
2017-08-22,0.0913715,0.1107095,0.008348751012,-0.019338,0.049958,1.574489148,11.35,10.04
2017-08-23,0.097989,0.115497,0.009601844121,-0.017508,0.048045,1.878661427,12.25,10.9
2017-08-24,0.1020375,0.119148,0.01041165141,-0.0171105,0.049944,1.603485879,12.23,11.25
2017-08-25,0.0932655,0.1149215,0.00869845349,-0.021656,0.049988,1.690155759,11.28,10.28
2017-08-28,0.0941315,0.114744,0.008860739292,-0.0206125,0.05071,1.466671394,11.32,10.05
2017-08-29,0.0952015,0.1154635,0.009063325602,-0.020262,0.053545,2.141077728,11.7,9.93
2017-08-30,0.089679,0.1137805,0.008042323041,-0.0241015,0.051497,1.839052195,11.22,9.75
2017-08-31,0.082525,0.110724,0.006810375625,-0.028199,0.048053,1.387352382,10.59,9.26
2017-09-01,0.078179,0.1091825,0.006111956041,-0.0310035,0.036599,1.815807613,10.13,8.94
2017-09-05,0.0978685,0.1195215,0.009578243292,-0.021653,0.052959,1.883785641,12.23,10.84
2017-09-06,0.08747,0.115765,0.0076510009,-0.028295,0.051908,1.690466374,11.63,9.81
2017-09-07,0.087299,0.115819,0.007621115401,-0.02852,0.052443,1.648305941,11.55,9.84
2017-09-08,0.0924505,0.1185245,0.00854709495,-0.026074,0.056944,1.865650551,12.12,10.76
2017-09-11,0.0791275,0.1094735,0.006261161256,-0.030346,0.047219,1.186183732,10.73,8.74
2017-09-12,0.0753845,0.1061345,0.00568282284,-0.03075,0.045484,1.093333511,10.58,8.29
2017-09-13,0.074864,0.103783,0.005604618496,-0.028919,0.042067,1.343878858,10.5,8.16
2017-09-14,0.0732625,0.1026485,0.005367393906,-0.029386,0.043092,0.5590720258,10.44,8.29
2017-09-15,0.070198,0.10287,0.004927759204,-0.032672,0.042691,2.096124291,10.17,7.8
2017-09-18,0.0715425,0.100883,0.005118329306,-0.0293405,0.040509,1.911244969,10.15,7.82
2017-09-19,0.0722315,0.100254,0.005217389592,-0.0280225,0.03995,2.11510552,10.18,8.01
2017-09-20,0.071542,0.09952,0.005118257764,-0.027978,0.038966,1.586839951,9.78,7.85
2017-09-21,0.0726985,0.100076,0.005285071902,-0.0273775,0.039914,1.765417832,9.67,7.91
2017-09-22,0.071942,0.101272,0.005175651364,-0.02933,0.035982,1.927978995,9.59,7.89
2017-09-25,0.077873,0.103978,0.006064204129,-0.026105,0.042799,2.125421875,10.21,8.18
2017-09-26,0.076803,0.1029895,0.005898700809,-0.0261865,0.042948,1.526741835,10.17,8.49
2017-09-27,0.075272,0.1019935,0.005665873984,-0.0267215,0.038012,0.9664049572,9.87,8.42
2017-09-28,0.0722165,0.1002205,0.005215222872,-0.028004,0.039139,1.105036742,9.55,8.12
2017-09-29,0.0701565,0.09824,0.004921934492,-0.0280835,0.036046,2.220539099,9.51,7.87
2017-10-02,0.0692245,0.095186,0.0047920314,-0.0259615,0.036156,1.226641379,9.45,7.47
2017-10-03,0.070665,0.094952,0.004993542225,-0.024287,0.034264,1.170624741,9.51,7.7
2017-10-04,0.0692515,0.094366,0.004795770252,-0.0251145,0.036312,1.612638069,9.63,7.78
2017-10-05,0.0663905,0.092347,0.00440769849,-0.0259565,0.032415,1.559516334,9.19,7.63
2017-10-06,0.067214,0.0939935,0.004517721796,-0.0267795,0.032961,2.10454997,9.65,7.85
2017-10-09,0.074055,0.096988,0.005484143025,-0.022933,0.039263,1.141376231,10.33,8.07
2017-10-10,0.0715805,0.094051,0.00512376798,-0.0224705,0.038944,1.528504688,10.08,7.86
2017-10-11,0.0696135,0.0925775,0.004846039382,-0.022964,0.037655,1.690092209,9.85,7.54
2017-10-12,0.0711245,0.093361,0.0050586945,-0.0222365,0.040474,1.368812652,9.91,8.05
2017-10-13,0.0676675,0.0912355,0.004578890556,-0.023568,0.040855,1.578262643,9.61,7.57
2017-10-16,0.06853,0.0910045,0.0046963609,-0.0224745,0.038747,2.740883242,9.91,7.37
2017-10-17,0.0698,0.0909095,0.00487204,-0.0211095,0.041681,2.85631365,10.31,7.4
2017-10-18,0.068692,0.090592,0.004718590864,-0.0219,0.039468,1.748445646,10.07,7.53
2017-10-19,0.0697295,0.0910605,0.00486220317,-0.021331,0.042607,2.169940353,10.05,7.84
2017-10-20,0.0666505,0.088233,0.00444228915,-0.0215825,0.043354,1.327474425,9.97,7.54
2017-10-23,0.0772635,0.094272,0.005969648432,-0.0170085,0.0437,1.202690658,11.07,8.72
2017-10-24,0.0785905,0.0940985,0.00617646669,-0.015508,0.049435,1.489593651,11.16,7.97
2017-10-25,0.089529,0.100462,0.008015441841,-0.010933,0.049506,1.640715316,11.23,9.65
2017-10-26,0.087522,0.099636,0.007660100484,-0.012114,0.047481,1.625348858,11.3,9.32
2017-10-27,0.072205,0.092253,0.005213562025,-0.020048,0.045181,1.558016396,9.8,8.27
2017-10-30,0.0789405,0.096356,0.00623160254,-0.0174155,0.03918,1.35515284,10.5,8.69
2017-10-31,0.0765495,0.095164,0.00585982595,-0.0186145,0.041775,2.462280245,10.18,8.62
2017-11-01,0.07731,0.0970745,0.0059768361,-0.0197645,0.037778,1.64236493,10.2,8.85
2017-11-02,0.076661,0.0981525,0.005876908921,-0.0214915,0.033366,2.001685813,9.93,8.78
2017-11-03,0.0704295,0.0961195,0.00496031447,-0.02569,0.034795,1.581392385,9.14,8.09
2017-11-06,0.0728785,0.098284,0.005311275762,-0.0254055,0.032628,2.042803944,9.4,8.08
2017-11-07,0.077752,0.1009905,0.006045373504,-0.0232385,0.038155,1.716833983,9.89,8.63
2017-11-08,0.0754595,0.1013495,0.00569413614,-0.02589,0.036582,1.674509218,9.78,8.35
2017-11-09,0.0831845,0.106018,0.00691966104,-0.0228335,0.040852,2.212028667,10.5,9.26
2017-11-10,0.0854435,0.1089285,0.007300591692,-0.023485,0.048806,2.028468105,11.29,9.8
2017-11-13,0.0865305,0.1103385,0.00748752743,-0.023808,0.048206,1.667917687,11.5,9.94
2017-11-14,0.0877075,0.1115,0.007692605556,-0.0237925,0.051111,1.487850997,11.59,9.82
2017-11-15,0.102413,0.1177975,0.01048842257,-0.0153845,0.062238,1.880313516,13.13,11.36
2017-11-16,0.087171,0.110071,0.007598783241,-0.0229,0.053044,1.536285191,11.76,9.48
2017-11-17,0.0847505,0.109713,0.00718264725,-0.0249625,0.048118,1.569827039,11.43,9.75
2017-11-20,0.080474,0.106608,0.006476064676,-0.026134,0.045474,1.54008516,10.65,8.91
2017-11-21,0.0720805,0.0996555,0.00519559848,-0.027575,0.036086,1.352844685,9.73,8.13
2017-11-22,0.0736595,0.0996675,0.00542572194,-0.026008,0.032951,1.193505658,9.88,8.12
2017-11-24,0.0736105,0.098493,0.00541850571,-0.0248825,0.030813,1.772336861,9.67,8.51
2017-11-27,0.0774695,0.1004675,0.00600152343,-0.022998,0.027964,0.666514374,9.87,8.64
2017-11-28,0.0791445,0.096585,0.00626385188,-0.0174405,0.027773,0.6417386442,10.03,9.03
2017-11-29,0.083906,0.1008695,0.007040216836,-0.0169635,0.029777,0.9173754286,10.7,9.78
2017-11-30,0.090071,0.101474,0.008112785041,-0.011403,0.026727,0.9816527796,11.28,10.36
2017-12-01,0.0907045,0.103938,0.00822730632,-0.0132335,0.039208,1.420531013,11.43,10.86
2017-12-04,0.0937375,0.106177,0.008786718906,-0.0124395,0.033576,1.298252824,11.68,10.46
2017-12-05,0.088941,0.1057365,0.007910501481,-0.0167955,0.034762,1.449616831,11.33,9.92
2017-12-06,0.0869745,0.1048625,0.00756456365,-0.017888,0.032422,1.52019984,11.02,9.71
2017-12-07,0.0814205,0.1013445,0.00662929782,-0.019924,0.028808,1.204012927,10.16,9.56
2017-12-08,0.074781,0.095487,0.005592197961,-0.020706,0.028217,1.090544194,9.58,8.54
2017-12-11,0.073348,0.092535,0.005379929104,-0.019187,0.022893,1.17913937,9.34,7.76
2017-12-12,0.0756885,0.0954315,0.005728749032,-0.019743,0.023964,0.7611030202,9.92,8.33
2017-12-13,0.077666,0.097248,0.006032007556,-0.019582,0.022985,0.6871823147,10.18,8.56
2017-12-14,0.077956,0.0988325,0.006077137936,-0.0208765,0.020471,0.6855429839,10.49,8.69
2017-12-15,0.070585,0.0962045,0.004982242225,-0.0256195,0.025123,1.242915213,9.42,7.88
2017-12-18,0.072815,0.0953365,0.005302024225,-0.0225215,0.020338,1.076725691,9.53,7.96
2017-12-19,0.077955,0.099118,0.006076982025,-0.021163,0.02011,1.445473972,10.03,8.52
2017-12-20,0.074276,0.097652,0.005516924176,-0.023376,0.023045,1.075021498,9.72,8.4
2017-12-21,0.073642,0.097592,0.005423144164,-0.02395,0.02409,1.321916165,9.62,8.33
2017-12-22,0.0746235,0.098358,0.005568666752,-0.0237345,0.028489,1.627093695,9.9,8.45
2017-12-26,0.0799775,0.1008525,0.006396400506,-0.020875,0.028935,1.177774319,10.25,7.83
2017-12-27,0.0801735,0.101394,0.006427790102,-0.0212205,0.035526,0.9594044719,10.47,8.9
2017-12-28,0.074596,0.0984215,0.005564563216,-0.0238255,0.036521,1.736769468,10.18,8.43
2017-12-29,0.076674,0.100649,0.005878902276,-0.023975,0.036655,2.135776384,11.04,9.46
2018-01-02,0.071829,0.095997,0.005159405241,-0.024168,0.036093,1.781189495,9.77,8.16
2018-01-03,0.0694245,0.0939795,0.0048197612,-0.024555,0.027729,1.674916839,9.15,7.99
2018-01-04,0.071857,0.0945145,0.005163428449,-0.0226575,0.023353,1.069565364,9.22,8.32
2018-01-05,0.073854,0.09504,0.005454413316,-0.021186,0.021678,1.20209157,9.22,8.56
2018-01-08,0.075078,0.0950685,0.005636706084,-0.0199905,0.020296,1.398594968,9.52,8.61
2018-01-09,0.079849,0.096741,0.006375862801,-0.016892,0.023806,1.201021211,10.08,9.19
2018-01-10,0.079322,0.096135,0.006291979684,-0.016813,0.025095,1.43629161,9.82,8.74
2018-01-11,0.078802,0.0935405,0.006209755204,-0.0147385,0.025236,0.9975659245,9.88,8.88
2018-01-12,0.081646,0.095176,0.006666069316,-0.01353,0.025215,0.7945208725,10.16,9.3
2018-01-16,0.0953005,0.104971,0.0090821853,-0.0096705,0.030995,1.220469246,11.66,10.8
2018-01-17,0.092743,0.103338,0.008601264049,-0.010595,0.029747,1.174037096,11.91,10.83
2018-01-18,0.095371,0.106452,0.009095627641,-0.011081,0.029217,1.123509515,12.22,11.04
2018-01-19,0.0884025,0.1017805,0.007815002006,-0.013378,0.030227,1.297499056,11.27,10.41
2018-01-22,0.090379,0.104446,0.008168363641,-0.014067,0.030794,1.361466886,11.03,10.05
2018-01-23,0.092092,0.106381,0.008480936464,-0.014289,0.022202,0.8559185769,11.1,10.45
2018-01-24,0.098506,0.110017,0.009703432036,-0.011511,0.021008,1.116829754,11.47,11.36
2018-01-25,0.0985595,0.110612,0.00971397504,-0.0120525,0.025416,1.116603589,11.58,11.51
2018-01-26,0.0959375,0.1095515,0.009204003906,-0.013614,0.025063,1.195362213,11.08,11.47
2018-01-29,0.1170165,0.121409,0.01369286127,-0.0043925,0.02387,1.379308204,13.84,13.81
2018-01-30,0.122625,0.126986,0.01503689063,-0.004361,0.033947,1.835700445,14.79,14.54
2018-01-31,0.1169285,0.123529,0.01367227411,-0.0066005,0.034209,1.387517766,13.54,13.77
2018-02-01,0.1144995,0.1208595,0.0131101355,-0.00636,0.034122,1.163485761,13.47,13.44
2018-02-02,0.1421935,0.1406335,0.02021899144,0.00156,0.056027,1.462925083,17.31,16.82
2018-02-05,0.280285,0.2163905,0.07855968122,0.0638945,0.131022,1.791082271,37.32,35.94
2018-02-06,0.2167355,0.172668,0.04697427696,0.0440675,0.08639,1.293282408,29.98,24.93
2018-02-07,0.173464,0.16327,0.0300897593,0.010194,0.074807,1.549117351,27.73,21
2018-02-08,0.2657045,0.222869,0.07059888132,0.0428355,0.107294,1.633072099,33.46,32.36
2018-02-09,0.2218835,0.2010045,0.04923228757,0.020879,0.110723,1.55227651,29.06,26.16
2018-02-12,0.1817895,0.1755575,0.03304742231,0.006232,0.096699,0.7959887645,25.61,21.09
2018-02-13,0.174535,0.171098,0.03046246622,0.003437,0.086285,1.555635629,24.97,20.3
2018-02-14,0.1506005,0.152596,0.0226805106,-0.0019955,0.058834,0.9445765587,19.26,17.55
2018-02-15,0.1449635,0.148297,0.02101441633,-0.0033335,0.06022,1.229554366,19.13,17.26
2018-02-16,0.1449885,0.1485995,0.02102166513,-0.003611,0.054863,1.350723309,19.46,17.38
2018-02-20,0.154545,0.154335,0.02388415702,0.00021,0.065763,1.502592933,20.6,18.2
2018-02-21,0.159636,0.157217,0.0254836525,0.002419,0.061457,1.438596315,20.02,18.21
2018-02-22,0.147078,0.149834,0.02163193808,-0.002756,0.066793,1.481217911,18.72,17.77
2018-02-23,0.12092,0.134002,0.0146216464,-0.013082,0.051973,1.396783774,16.49,14.92
2018-02-26,0.1209985,0.1306915,0.014640637,-0.009693,0.043005,1.301171803,15.8,14.21
2018-02-27,0.142004,0.1467935,0.02016513602,-0.0047895,0.049486,1.138494256,18.59,16.85
2018-02-28,0.147725,0.152916,0.02182267562,-0.005191,0.062048,1.342156585,19.85,18.14
2018-03-01,0.1643655,0.166175,0.02701601759,-0.0018095,0.072576,1.552604786,22.47,20.44
2018-03-02,0.15005,0.1577275,0.0225150025,-0.0076775,0.060236,1.778104571,19.59,19.08
2018-03-05,0.1413305,0.150115,0.01997431023,-0.0087845,0.053453,1.166163777,18.73,16.98
2018-03-06,0.138219,0.149532,0.01910449196,-0.011313,0.059215,1.483996242,18.36,16.75
2018-03-07,0.136407,0.148835,0.01860686965,-0.012428,0.055013,1.571812814,17.76,16.69
2018-03-08,0.1285055,0.143285,0.01651366353,-0.0147795,0.057439,1.151959369,16.54,16.13
2018-03-09,0.1113465,0.13023,0.01239804306,-0.0188835,0.037448,1.171624975,14.64,13.91
2018-03-12,0.120516,0.137124,0.01452410626,-0.016608,0.030621,1.226677408,15.78,14.07
2018-03-13,0.12534,0.141479,0.0157101156,-0.016139,0.044364,1.242458295,16.35,14.84
2018-03-14,0.1270465,0.146258,0.01614081316,-0.0192115,0.052185,1.442641232,17.23,15.41
2018-03-15,0.12082,0.144215,0.0145974724,-0.023395,0.043468,1.079378392,16.59,14.73
2018-03-16,0.114283,0.1422785,0.01306060409,-0.0279955,0.037518,1.507919534,15.8,14.11
2018-03-19,0.1410025,0.1563945,0.01988170501,-0.015392,0.061213,1.734168281,19.02,17.04
2018-03-20,0.1387315,0.1535825,0.01924642909,-0.014851,0.061283,1.242746587,18.2,16.44
2018-03-21,0.1373165,0.15144,0.01885582117,-0.0141235,0.05643,1.100125213,17.86,16.7
2018-03-22,0.1802625,0.1754055,0.03249456891,0.004857,0.087749,1.882374097,23.34,22.11
2018-03-23,0.20492,0.1919625,0.0419922064,0.0129575,0.085962,1.999885852,24.87,24.7
2018-03-26,0.16744,0.169846,0.0280361536,-0.002406,0.063624,1.697591615,21.03,20.18
2018-03-27,0.185934,0.182906,0.03457145236,0.003028,0.073787,1.585243905,22.5,22.88
2018-03-28,0.191842,0.188082,0.03680335296,0.00376,0.060186,2.004346112,22.87,23.79
2018-03-29,0.1711705,0.174158,0.02929934007,-0.0029875,0.037842,1.461874109,19.97,22.05
2018-04-02,0.2010085,0.1921255,0.04040441707,0.008883,0.057016,1.772526088,23.62,25.32
2018-04-03,0.1880975,0.180891,0.03538066951,0.0072065,0.054347,1.385387245,21.1,22.81
2018-04-04,0.177294,0.173272,0.03143316244,0.004022,0.040586,1.264963471,20.06,21.9
2018-04-05,0.163662,0.1648625,0.02678525024,-0.0012005,0.049099,1.101294564,18.94,19.98
2018-04-06,0.1851365,0.180924,0.03427552363,0.0042125,0.052345,1.299449521,21.49,22.93
2018-04-09,0.1905655,0.1815985,0.03631520979,0.008967,0.065535,1.23428918,21.77,22.82
2018-04-10,0.1749855,0.171751,0.03061992521,0.0032345,0.05534,1.201693553,20.47,21.16
2018-04-11,0.172232,0.1718485,0.02966386182,0.0003835,0.05343,1.430646907,20.24,20.81
2018-04-12,0.158918,0.161775,0.02525493072,-0.002857,0.047873,1.318649463,18.49,19.29
2018-04-13,0.1482375,0.1545405,0.02197435641,-0.006303,0.045323,1.705358919,17.41,17.89
2018-04-16,0.134322,0.1431595,0.01804239968,-0.0088375,0.044412,1.62485344,16.56,16.19
2018-04-17,0.1230715,0.1326405,0.01514659411,-0.009569,0.039849,1.218674632,15.25,14.41
2018-04-18,0.121485,0.131226,0.01475860522,-0.009741,0.041625,1.797237958,15.6,14.63
2018-04-19,0.1278935,0.135953,0.01635674734,-0.0080595,0.050032,1.489825847,15.96,15.26
2018-04-20,0.1390385,0.142687,0.01933170448,-0.0036485,0.055574,1.460755496,16.88,16.72
2018-04-23,0.13863,0.142952,0.0192182769,-0.004322,0.048732,1.570898838,16.34,16.21
2018-04-24,0.1526315,0.1521125,0.02329637479,0.000519,0.05342,1.708791221,18.02,18.38
2018-04-25,0.153061,0.1526685,0.02342766972,0.0003925,0.057732,1.663241197,17.84,18.57
2018-04-26,0.138644,0.143932,0.01922215874,-0.005288,0.044916,1.458873178,16.24,16.92
2018-04-27,0.130441,0.1410615,0.01701485448,-0.0106205,0.036164,1.513213805,15.41,15.82
2018-04-30,0.1350615,0.14489,0.01824160878,-0.0098285,0.039724,1.650616399,15.93,16.3
2018-05-01,0.130107,0.1410425,0.01692783145,-0.0109355,0.04135,1.541802023,15.49,15.53
2018-05-02,0.133499,0.1429385,0.017821983,-0.0094395,0.043067,1.411277536,15.97,16.74
2018-05-03,0.1372815,0.145099,0.01884621024,-0.0078175,0.050197,1.734837065,15.9,16.5
2018-05-04,0.1234205,0.1375715,0.01523261982,-0.014151,0.0454,1.373578319,14.77,15.26
2018-05-07,0.124157,0.1377055,0.01541496065,-0.0135485,0.039842,1.390409133,14.75,14.91
2018-05-08,0.1233535,0.136041,0.01521608596,-0.0126875,0.04557,1.055112543,14.71,14.71
2018-05-09,0.113771,0.1298945,0.01294384044,-0.0161235,0.035679,1.207234127,13.42,13.88
2018-05-10,0.1065855,0.122839,0.01136046881,-0.0162535,0.033767,1.134617424,13.23,13.21
2018-05-11,0.102166,0.118758,0.01043789156,-0.016592,0.039443,1.61587628,12.65,12.57
2018-05-14,0.10226,0.115278,0.0104571076,-0.013018,0.037875,1.631854821,12.93,12.37
2018-05-15,0.11283,0.1233005,0.0127306089,-0.0104705,0.048218,1.870676261,14.63,13.69
2018-05-16,0.1075095,0.1187425,0.01155829259,-0.011233,0.044528,1.163235221,13.42,12.94
2018-05-17,0.106032,0.118053,0.01124278502,-0.012021,0.040504,1.086892372,13.43,12.98
2018-05-18,0.1077125,0.1201475,0.01160198266,-0.012435,0.039965,1.320106246,13.42,13.31
2018-05-21,0.1028535,0.114962,0.01057884246,-0.0121085,0.041097,0.9794339004,13.08,12.18
2018-05-22,0.1032225,0.116084,0.01065488451,-0.0128615,0.04027,1.382559876,13.22,12.46
2018-05-23,0.0971305,0.113207,0.00943433403,-0.0160765,0.041304,1.516947145,12.58,11.82
2018-05-24,0.096326,0.1131185,0.009278698276,-0.0167925,0.043772,1.193876085,12.53,10.53
2018-05-25,0.099612,0.1149445,0.009922550544,-0.0153325,0.046159,1.256243875,13.22,12.74
2018-05-29,0.128264,0.133169,0.0164516537,-0.004905,0.058169,1.361518972,17.02,15.41
2018-05-30,0.107966,0.122829,0.01165665716,-0.014863,0.050335,1.268103514,14.94,13.56
2018-05-31,0.1121955,0.126517,0.01258783022,-0.0143215,0.054206,1.682048188,15.43,13.98
2018-06-01,0.0998275,0.117932,0.009965529756,-0.0181045,0.048631,1.185486002,13.46,12.52
2018-06-04,0.095808,0.1145445,0.009179172864,-0.0187365,0.043359,1.195528507,12.74,11.84
2018-06-05,0.0952105,0.1142415,0.00906503931,-0.019031,0.043396,1.666119599,12.4,11.88
2018-06-06,0.087291,0.108616,0.007619718681,-0.021325,0.041212,1.064069391,11.64,11.38
2018-06-07,0.0913635,0.110424,0.008347289132,-0.0190605,0.046831,1.662829043,12.13,11.73
2018-06-08,0.089963,0.109876,0.008093341369,-0.019913,0.04461,1.330883506,12.18,11.33
2018-06-11,0.092058,0.112106,0.008474675364,-0.020048,0.03817,1.023110203,12.35,11.01
2018-06-12,0.089623,0.111608,0.008032282129,-0.021985,0.035943,1.151894634,12.34,11.07
2018-06-13,0.094352,0.1144015,0.008902299904,-0.0200495,0.040579,1.127679012,12.94,11.83
2018-06-14,0.0893575,0.1115615,0.007984762806,-0.022204,0.033023,0.9710783525,12.12,10.51
2018-06-15,0.0882505,0.111954,0.00778815075,-0.0237035,0.037593,1.779958633,11.98,11.01
2018-06-18,0.0923915,0.1124865,0.008536189272,-0.020095,0.036848,1.50672699,12.31,11.18
2018-06-19,0.1000055,0.117893,0.01000110003,-0.0178875,0.045052,1.246247694,13.35,11.47
2018-06-20,0.0956875,0.1150035,0.009156097656,-0.019316,0.042341,1.015142655,12.79,11.81
2018-06-21,0.1104015,0.1223315,0.0121884912,-0.01193,0.053273,1.252037303,14.64,13.44
2018-06-22,0.104054,0.122949,0.01082723492,-0.018895,0.049524,1.183500167,13.77,12.85
2018-06-25,0.1331595,0.1412405,0.01773145244,-0.008081,0.063132,1.484037985,17.33,15.8
2018-06-26,0.125911,0.137027,0.01585357992,-0.011116,0.060213,1.394137979,15.92,15.2
2018-06-27,0.1438015,0.1474975,0.0206788714,-0.003696,0.059274,1.77591608,17.91,17.29
2018-06-28,0.131695,0.1412125,0.01734357303,-0.0095175,0.06123,1.70535087,16.85,16.18
2018-06-29,0.1245865,0.1376105,0.01552179598,-0.013024,0.051118,1.824906979,16.09,15.26
2018-07-02,0.119905,0.134996,0.01437720903,-0.015091,0.052782,1.621056527,15.6,14.49
2018-07-03,0.1259735,0.138085,0.0158693227,-0.0121115,0.063038,1.889104869,16.14,15.34
2018-07-05,0.1150495,0.130462,0.01323638745,-0.0154125,0.055271,1.365536021,14.97,14.96
2018-07-06,0.102045,0.1221705,0.01041318202,-0.0201255,0.043769,1.613728083,13.37,12.71
2018-07-09,0.094138,0.114175,0.008861963044,-0.020037,0.04281,1.427518761,12.69,11.13
2018-07-10,0.0924855,0.112362,0.00855356771,-0.0198765,0.041924,1.35768274,12.64,11.51
2018-07-11,0.101419,0.1178985,0.01028581356,-0.0164795,0.044422,1.812645705,13.63,12.44
2018-07-12,0.092673,0.111732,0.008588284929,-0.019059,0.042971,1.302613666,12.58,11.44
2018-07-13,0.0903865,0.1102465,0.008169719382,-0.01986,0.040153,1.386569077,12.18,11.06
2018-07-16,0.091602,0.110619,0.008390926404,-0.019017,0.044067,1.399179431,12.83,11.08
2018-07-17,0.0864985,0.1067545,0.007481990502,-0.020256,0.033406,1.421403902,12.06,11.01
2018-07-18,0.0854405,0.1059215,0.00730007904,-0.020481,0.032629,1.344120432,12.1,10.62
2018-07-19,0.0917735,0.110263,0.008422375302,-0.0184895,0.044115,1.556322182,12.87,11.36
2018-07-20,0.091283,0.1109255,0.008332586089,-0.0196425,0.042953,1.707751054,12.86,11.41
2018-07-23,0.0913635,0.1105305,0.008347289132,-0.019167,0.044655,1.287346929,12.62,10.91
2018-07-24,0.091118,0.1107635,0.008302489924,-0.0196455,0.042664,1.507694055,12.41,11.02
2018-07-25,0.0878595,0.107726,0.00771929174,-0.0198665,0.037787,1.182299235,12.29,10.55
2018-07-26,0.090356,0.109293,0.008164206736,-0.018937,0.037317,1.415612816,12.14,11.23
2018-07-27,0.095679,0.113023,0.009154471041,-0.017344,0.047255,1.568366583,13.03,11.54
2018-07-30,0.1041085,0.1181255,0.01083857977,-0.014017,0.051829,2.10076843,14.26,12.87
2018-07-31,0.0957785,0.113817,0.009173521062,-0.0180385,0.041817,1.713306887,12.83,11.59
2018-08-01,0.0948695,0.114493,0.00900022203,-0.0196235,0.0423,1.551328237,13.15,11.63
2018-08-02,0.0889315,0.111321,0.007908811692,-0.0223895,0.040336,1.794695635,12.19,10.86
2018-08-03,0.0828105,0.1082765,0.00685757891,-0.025466,0.039338,1.856831246,11.64,10.14
2018-08-06,0.0819605,0.1070005,0.00671752356,-0.02504,0.033116,1.268403944,11.27,9.68
2018-08-07,0.080026,0.1048505,0.006404160676,-0.0248245,0.030021,1.131158129,10.93,9.77
2018-08-08,0.079031,0.105428,0.006245898961,-0.026397,0.024315,1.595883958,10.85,9.7
2018-08-09,0.082388,0.1084,0.006787782544,-0.026012,0.030351,1.666667276,11.27,10.13
2018-08-10,0.0936175,0.1154085,0.008764236306,-0.021791,0.045316,2.189815343,13.16,11.85
2018-08-13,0.1043965,0.1222105,0.01089862921,-0.017814,0.054167,1.81803386,14.78,12.14
2018-08-14,0.0933875,0.11499,0.008721225156,-0.0216025,0.045009,1.335759366,13.31,11.26
2018-08-15,0.107822,0.1234405,0.01162558368,-0.0156185,0.056112,1.719498888,14.64,13.03
2018-08-16,0.0957595,0.117651,0.00916988184,-0.0218915,0.051142,1.184068941,13.45,11.94
2018-08-17,0.088771,0.113969,0.007880290441,-0.025198,0.043336,0.8973819903,12.64,11.19
2018-08-20,0.0886975,0.113428,0.007867246506,-0.0247305,0.040826,0.987246427,12.49,11.06
2018-08-21,0.088587,0.1128975,0.007847656569,-0.0243105,0.03756,1.148665128,12.86,10.94
2018-08-22,0.0895695,0.113312,0.00802269533,-0.0237425,0.036301,1.651812806,12.25,10.81
2018-08-23,0.091155,0.114802,0.008309234025,-0.023647,0.043179,2.050884891,12.41,11.04
2018-08-24,0.087092,0.112764,0.007585016464,-0.025672,0.036194,1.465502946,11.99,10.98
2018-08-27,0.0847075,0.1110465,0.007175360556,-0.026339,0.031426,1.297704157,12.16,10.17
2018-08-28,0.0864795,0.112771,0.00747870392,-0.0262915,0.036718,1.510499074,12.5,10.59
2018-08-29,0.0865315,0.1124295,0.007487700492,-0.025898,0.030381,1.216297307,12.25,10.62
2018-08-30,0.0947665,0.1180665,0.008980689522,-0.0233,0.041476,1.35190773,13.53,11.68
2018-08-31,0.0904355,0.1158695,0.00817857966,-0.025434,0.040497,1.37391105,12.86,11.16
2018-09-04,0.095742,0.118814,0.009166530564,-0.023072,0.04268,1.213311453,13.16,11.15
2018-09-05,0.0985765,0.121752,0.009717326352,-0.0231755,0.043709,1.578635408,13.91,12.38
2018-09-06,0.1045485,0.124469,0.01093038885,-0.0199205,0.047884,1.695224105,14.65,12.88
2018-09-07,0.1048705,0.1263895,0.01099782177,-0.021519,0.0489,1.514640582,14.88,13.66
2018-09-10,0.1009825,0.124065,0.01019746531,-0.0230825,0.047003,1.82916916,14.16,12.47
2018-09-11,0.094825,0.1199975,0.008991780625,-0.0251725,0.03914,1.528195743,13.22,11.58
2018-09-12,0.0919705,0.11748,0.00845857287,-0.0255095,0.039932,1.477108145,13.14,11.32
2018-09-13,0.085487,0.111858,0.007308027169,-0.026371,0.036377,1.453127844,12.37,10.66
2018-09-14,0.083223,0.1096195,0.006926067729,-0.0263965,0.033528,1.330600222,12.07,10.8
2018-09-17,0.0952095,0.1143325,0.00906484889,-0.019123,0.046795,1.729093327,13.68,11.86
2018-09-18,0.091348,0.1135525,0.008344457104,-0.0222045,0.035748,1.734807245,12.79,11.38
2018-09-19,0.085563,0.1099925,0.007321026969,-0.0244295,0.035724,1.474124132,11.75,10.65
2018-09-20,0.0849915,0.107989,0.007223555072,-0.0229975,0.035448,0.6106452105,11.8,10.67
2018-09-21,0.084858,0.1118835,0.007200880164,-0.0270255,0.038838,1.673186246,11.68,10.89
2018-09-24,0.0912055,0.1148985,0.00831844323,-0.023693,0.037634,1.390597246,12.2,11.11
2018-09-25,0.0924515,0.1161835,0.008547279852,-0.023732,0.043594,1.327906715,12.42,11.36
2018-09-26,0.095421,0.1174225,0.009105167241,-0.0220015,0.043797,1.414421511,12.89,11.93
2018-09-27,0.0903585,0.1146815,0.008164658522,-0.024323,0.037697,1.332624209,12.41,11.68
2018-09-28,0.0880785,0.113843,0.007757822162,-0.0257645,0.045001,2.25789515,12.12,11.3
2018-10-01,0.0871565,0.113036,0.007596255492,-0.0258795,0.039424,1.451698699,12,11
2018-10-02,0.0890045,0.113495,0.00792180102,-0.0244905,0.039276,1.377255147,12.05,11.18
2018-10-03,0.089348,0.113376,0.007983065104,-0.024028,0.03855,1.710307213,11.61,11.55
2018-10-04,0.107718,0.121878,0.01160316752,-0.01416,0.053812,1.747800148,14.22,14.07
2018-10-05,0.1183435,0.1283805,0.01400518399,-0.010037,0.060484,1.829695872,14.82,15.26
2018-10-08,0.122865,0.129753,0.01509580823,-0.006888,0.060526,1.729019112,15.69,14.88
2018-10-09,0.125574,0.1310625,0.01576882948,-0.0054885,0.058046,1.618794016,15.95,15.36
2018-10-10,0.179009,0.1633605,0.03204422208,0.0156485,0.080514,2.039391476,22.96,22.53
2018-10-11,0.2120335,0.183364,0.04495820512,0.0286695,0.075123,1.899769171,24.98,26.89
2018-10-12,0.1760085,0.16245,0.03097899207,0.0135585,0.05789,1.636060413,21.31,21.16
2018-10-15,0.1758765,0.165124,0.03093254325,0.0107525,0.060905,1.627094454,21.3,21.05
2018-10-16,0.1446285,0.1454925,0.02091740301,-0.000864,0.06395,1.686681304,17.62,17.31
2018-10-17,0.141637,0.1455475,0.02006103977,-0.0039105,0.064662,1.636393384,17.4,17.21
2018-10-18,0.1653515,0.161035,0.02734111855,0.0043165,0.079586,2.074743471,20.06,20.08
2018-10-19,0.1637415,0.1617625,0.02681127882,0.001979,0.069403,1.675181496,19.89,20.06
2018-10-22,0.1644915,0.162432,0.02705745357,0.0020595,0.058385,1.589954131,19.64,19.82
2018-10-23,0.175748,0.1674755,0.0308873595,0.0082725,0.072474,1.906731552,20.71,21.57
2018-10-24,0.2206975,0.193961,0.04870738651,0.0267365,0.093612,2.118057775,25.23,26.81
2018-10-25,0.1947695,0.180164,0.03793515813,0.0146055,0.062682,1.711189353,24.22,25.38
2018-10-26,0.216666,0.192699,0.04694415556,0.023967,0.087337,1.985867513,24.16,27.18
2018-10-29,0.213233,0.1943035,0.04546831229,0.0189295,0.079938,1.516330456,24.7,27.28
2018-10-30,0.201818,0.1880075,0.04073050512,0.0138105,0.059357,1.405404754,23.35,25.47
2018-10-31,0.1867905,0.180614,0.03489069089,0.0061765,0.054518,1.588791094,21.23,23.57
2018-11-01,0.167288,0.171016,0.02798527494,-0.003728,0.061257,1.562168405,19.34,21.25
2018-11-02,0.172695,0.175526,0.02982356302,-0.002831,0.064572,1.243765384,19.51,22.56
2018-11-05,0.172667,0.1733825,0.02981389289,-0.0007155,0.058891,1.528399973,19.96,21.55
2018-11-06,0.169942,0.168305,0.02888028336,0.001637,0.060495,1.606382254,19.91,20.8
2018-11-07,0.1378225,0.148579,0.01899504151,-0.0107565,0.048164,1.475566006,16.36,16.72
2018-11-08,0.137844,0.146493,0.01900096834,-0.008649,0.056359,1.593602235,16.72,16.91
2018-11-09,0.1465775,0.1538625,0.02148496351,-0.007285,0.049557,1.552325473,17.36,18.09
2018-11-12,0.175712,0.170373,0.03087470694,0.005339,0.07408,1.921667065,20.45,21
2018-11-13,0.1747125,0.172182,0.03052445766,0.0025305,0.062302,1.48700438,20.02,21.45
2018-11-14,0.1843755,0.1793685,0.033994325,0.005007,0.06022,1.782537352,21.25,22.15
2018-11-15,0.1740045,0.1739305,0.03027756602,7.4e-05,0.070988,1.190121832,19.98,21.51
2018-11-16,0.1620055,0.1669435,0.02624578203,-0.004938,0.054269,1.138450328,18.14,19.94
2018-11-19,0.181703,0.1805965,0.03301598021,0.0011065,0.059194,1.310335047,20.1,21.88
2018-11-20,0.199462,0.194418,0.03978508944,0.005044,0.056371,1.668401445,22.48,24.02
2018-11-21,0.1843085,0.185363,0.03396962317,-0.0010545,0.047134,1.351252725,20.8,22.48
2018-11-23,0.190916,0.189109,0.03644891906,0.001807,0.051701,1.526119722,21.52,23.76
2018-11-26,0.1679165,0.1738855,0.02819595097,-0.005969,0.046537,1.234495052,18.9,20.39
2018-11-27,0.1701505,0.172632,0.02895119265,-0.0024815,0.047206,1.070394858,19.02,21.12
2018-11-28,0.1653035,0.1650075,0.02732524711,0.000296,0.042805,0.8870362854,18.49,20.28
2018-11-29,0.1694685,0.1687125,0.02871957249,0.000756,0.048683,1.220706061,18.79,21.35
2018-11-30,0.1683115,0.16631,0.02832876103,0.0020015,0.04372,0.7755619376,18.07,20.75
2018-12-03,0.142129,0.150787,0.02020065264,-0.008658,0.044422,0.8786952729,16.44,17.87
2018-12-04,0.184899,0.1783415,0.0341876402,0.0065575,0.054087,1.144814389,20.74,22.96
2018-12-06,0.186956,0.18195,0.03495254594,0.005006,0.06527,1.416254155,21.19,23.53
2018-12-07,0.2109305,0.1991835,0.04449167583,0.011747,0.055335,1.276911003,23.23,27.13
2018-12-10,0.20201,0.195518,0.0408080401,0.006492,0.045698,1.273641223,22.64,24.5
2018-12-11,0.1950565,0.1939665,0.03804703819,0.00109,0.049443,1.364404953,21.76,24.38
2018-12-12,0.1897135,0.191061,0.03599121208,-0.0013475,0.040169,1.251371977,21.46,23.56
2018-12-13,0.1809855,0.1881535,0.03275575121,-0.007168,0.042237,1.584333037,20.65,22.52
2018-12-14,0.1925245,0.2000845,0.0370656831,-0.00756,0.042703,1.317676507,21.63,23.95
2018-12-17,0.215694,0.2128065,0.04652390164,0.0028875,0.056792,1.667043433,24.52,25.98
2018-12-18,0.221692,0.215807,0.04914734286,0.005885,0.043238,1.42469655,25.58,26.26
2018-12-19,0.214342,0.212255,0.04594249296,0.002087,0.04076,1.499516922,25.58,26.42
2018-12-20,0.242435,0.2267855,0.05877472923,0.0156495,0.07263,2.449386907,28.38,30.05
2018-12-21,0.2566055,0.232885,0.06584638263,0.0237205,0.0704,2.333265326,30.11,32.11
2018-12-24,0.3099275,0.25591,0.09605505526,0.0540175,0.084116,1.915551967,36.07,37.34
2018-12-26,0.264561,0.2287155,0.06999252272,0.0358455,0.08207,1.477191678,30.41,32.83
2018-12-27,0.270158,0.234172,0.07298534496,0.035986,0.093591,1.217331294,29.96,33.99
2018-12-28,0.253906,0.229143,0.06446825684,0.024763,0.079232,1.050041617,28.34,31.64
2018-12-31,0.229716,0.21417,0.05276944066,0.015546,0.099464,1.2918964,25.42,28.18
2019-01-02,0.2045645,0.204164,0.04184663466,0.0004005,0.070713,1.738936731,23.22,25.14
2019-01-03,0.2279915,0.2195235,0.05198012407,0.008468,0.062119,1.329772613,25.45,28.26
2019-01-04,0.192395,0.198026,0.03701583602,-0.005631,0.054782,1.068811718,21.38,24.38
2019-01-07,0.189004,0.195252,0.03572251202,-0.006248,0.056732,1.078174754,21.4,23.08
2019-01-08,0.1783505,0.189132,0.03180890085,-0.0107815,0.06042,1.286642024,20.47,22.3
2019-01-09,0.1732795,0.1842065,0.03002578512,-0.010927,0.063121,1.61522994,19.98,21.4
2019-01-10,0.1695985,0.181399,0.0287636512,-0.0118005,0.054538,1.663948317,19.5,21.14
2019-01-11,0.157327,0.17413,0.02475178493,-0.016803,0.057983,1.64855931,18.19,19.45
2019-01-14,0.160759,0.1741775,0.02584345608,-0.0134185,0.051166,2.048603861,19.07,19.61
2019-01-15,0.1504805,0.1645795,0.02264438088,-0.014099,0.060659,1.447442935,18.6,18.16
2019-01-16,0.148664,0.1648985,0.0221009849,-0.0162345,0.057882,1.635605627,19.04,18.33
2019-01-17,0.143381,0.1627145,0.02055811116,-0.0193335,0.055897,1.163859674,18.06,17.65
2019-01-18,0.141028,0.158774,0.01988889678,-0.017746,0.054154,1.504737476,17.8,17.76
2019-01-22,0.1701435,0.175441,0.02894881059,-0.0052975,0.083274,1.707448452,20.8,21.19
2019-01-23,0.1659745,0.173168,0.02754753465,-0.0071935,0.065711,1.803848422,19.52,20.14
2019-01-24,0.154002,0.1663055,0.023716616,-0.0123035,0.054141,1.488673696,18.89,19.38
2019-01-25,0.147176,0.161568,0.02166077498,-0.014392,0.050678,1.163621098,17.42,18.25
2019-01-28,0.160951,0.169086,0.0259052244,-0.008135,0.057161,1.889985654,18.87,19.74
2019-01-29,0.163493,0.1694625,0.02672996105,-0.0059695,0.057207,1.612783153,19.13,20.1
2019-01-30,0.1482105,0.15941,0.02196635231,-0.0111995,0.050132,1.480076024,17.66,18.47
2019-01-31,0.138897,0.1526975,0.01929237661,-0.0138005,0.037148,1.538433806,16.57,17.1
2019-02-01,0.1343145,0.1489175,0.01804038491,-0.014603,0.042737,1.890431641,16.14,16.67
2019-02-04,0.1284625,0.1442125,0.01650261391,-0.01575,0.042475,1.780956009,15.73,15.07
2019-02-05,0.1283685,0.142662,0.01647847179,-0.0142935,0.038858,1.650470895,15.57,15.3
2019-02-06,0.127259,0.142319,0.01619485308,-0.01506,0.042424,1.865434201,15.38,15.28
2019-02-07,0.136097,0.1485065,0.01852239341,-0.0124095,0.05454,1.37345679,16.37,16.79
2019-02-08,0.1308175,0.146091,0.01711321831,-0.0152735,0.05728,1.63104159,15.72,16.3
2019-02-11,0.134649,0.146955,0.0181303532,-0.012306,0.048004,1.244120384,15.97,16.52
2019-02-12,0.127033,0.1418495,0.01613738309,-0.0148165,0.042352,1.221948681,15.43,15.65
2019-02-13,0.130385,0.1421705,0.01700024823,-0.0117855,0.043156,1.386408653,15.65,15.91
2019-02-14,0.1353325,0.145714,0.01831488556,-0.0103815,0.044784,1.667091734,16.22,16.31
2019-02-15,0.1223805,0.1376405,0.01497698678,-0.01526,0.047902,1.830057473,14.91,15.18
2019-02-19,0.1234085,0.136889,0.01522965787,-0.0134805,0.045077,1.545877415,14.88,15.08
2019-02-20,0.1173845,0.1315955,0.01377912084,-0.014211,0.045132,1.164968483,14.02,14.32
2019-02-21,0.120806,0.132863,0.01459408964,-0.012057,0.048738,1.748396091,14.46,14.86
2019-02-22,0.113428,0.128038,0.01286591118,-0.01461,0.041242,1.213431008,13.51,13.87
2019-02-25,0.1189465,0.129944,0.01414826986,-0.0109975,0.042486,1.750714342,14.85,14.18
2019-02-26,0.1215225,0.131871,0.01476771801,-0.0103485,0.043787,1.663756727,15.17,14.34
2019-02-27,0.119316,0.131343,0.01423630786,-0.012027,0.0497,1.858085588,14.7,14.32
2019-02-28,0.119493,0.131659,0.01427857705,-0.012166,0.056359,1.738236597,14.78,14.51
2019-03-01,0.1067925,0.124008,0.01140463806,-0.0172155,0.046309,1.527416767,13.57,12.88
2019-03-04,0.117097,0.1293355,0.01371170741,-0.0122385,0.059481,1.598511658,14.63,13.69
2019-03-05,0.1187435,0.1310075,0.01410001879,-0.012264,0.046633,1.441242928,14.74,14.19
2019-03-06,0.127994,0.136717,0.01638246404,-0.008723,0.056742,1.749651788,15.74,15.19
2019-03-07,0.1400555,0.143775,0.01961554308,-0.0037195,0.060336,1.77680486,16.59,17.1
2019-03-08,0.1373675,0.144925,0.01886983006,-0.0075575,0.057307,1.765598696,16.05,16.12
2019-03-11,0.1188145,0.132655,0.01411688541,-0.0138405,0.048545,1.402485178,14.33,14.21
2019-03-12,0.112118,0.127901,0.01257044592,-0.015783,0.05043,1.514282543,13.77,13.42
2019-03-13,0.109185,0.124917,0.01192136423,-0.015732,0.043356,1.254992057,13.41,13.15
2019-03-14,0.1092005,0.1249015,0.0119247492,-0.015701,0.041085,1.031672677,13.5,13.4
2019-03-15,0.1046165,0.12185,0.01094461207,-0.0172335,0.039613,1.499429199,12.88,12.14
2019-03-18,0.1099325,0.124352,0.01208515456,-0.0144195,0.037008,1.39927241,13.1,13.02
2019-03-19,0.1142945,0.1262385,0.01306323273,-0.011944,0.040186,1.38228354,13.56,14
2019-03-20,0.1171975,0.1288645,0.01373525401,-0.011667,0.032485,1.637005336,13.91,14.31
2019-03-21,0.116133,0.126338,0.01348687369,-0.010205,0.040623,1.339701017,13.63,14.4
2019-03-22,0.149526,0.1497035,0.02235802468,-0.0001775,0.051528,1.65527256,16.48,17.26
2019-03-25,0.1468,0.1493845,0.02155024,-0.0025845,0.046861,1.896893453,16.33,17.81
2019-03-26,0.1306775,0.140608,0.01707660901,-0.0099305,0.049027,1.243809254,14.68,15.81
2019-03-27,0.1362785,0.1447355,0.01857182956,-0.008457,0.049665,1.579157872,15.15,16.76
2019-03-28,0.1277815,0.1401605,0.01632811174,-0.012379,0.043652,1.421747058,14.43,15.67
2019-03-29,0.118445,0.1349755,0.01402921802,-0.0165305,0.039151,1.422853919,13.71,14.02
2019-04-01,0.1117205,0.129573,0.01248147012,-0.0178525,0.035751,1.464801951,13.4,13.4
2019-04-02,0.108013,0.1284545,0.01166680817,-0.0204415,0.033227,1.72501298,13.36,13.11
2019-04-03,0.1126665,0.1295325,0.01269374022,-0.016866,0.03444,1.307282282,13.74,13.66
2019-04-04,0.1095815,0.1272835,0.01200810514,-0.017702,0.038351,1.280884847,13.58,13.48
2019-04-05,0.102129,0.121975,0.01043033264,-0.019846,0.038973,1.38042335,12.82,12.23
2019-04-08,0.105085,0.123226,0.01104285723,-0.018141,0.038942,1.330716539,13.18,12.36
2019-04-09,0.11417,0.1291795,0.0130347889,-0.0150095,0.053016,1.268833473,14.28,13.53
2019-04-10,0.106469,0.124525,0.01133564796,-0.018056,0.044916,1.330558467,13.3,12.81
2019-04-11,0.1050825,0.123956,0.01104233181,-0.0188735,0.039374,1.2208902,13.02,12.78
2019-04-12,0.0979915,0.117764,0.009602334072,-0.0197725,0.037624,1.099452872,12.01,11.74
2019-04-15,0.099662,0.1179265,0.009932514244,-0.0182645,0.038952,1.082489664,12.32,11.89
2019-04-16,0.0993045,0.1173505,0.00986138372,-0.018046,0.04072,0.9198137417,12.18,12
2019-04-17,0.102294,0.1201085,0.01046406244,-0.0178145,0.038295,1.14080816,12.6,12.58
2019-04-18,0.0989895,0.1185795,0.00979892111,-0.01959,0.039059,1.381869278,12.09,12.04
2019-04-22,0.1004295,0.119129,0.01008608447,-0.0186995,0.039458,1.605360832,12.42,12.09
2019-04-23,0.0970595,0.1154075,0.00942054654,-0.018348,0.039955,1.299809497,12.28,11.86
2019-04-24,0.103344,0.119299,0.01067998234,-0.015955,0.039636,1.298985348,13.14,12.66
2019-04-25,0.103829,0.1208425,0.01078046124,-0.0170135,0.041168,1.311058578,13.25,12.83
2019-04-26,0.0983345,0.11763,0.00966967389,-0.0192955,0.046161,1.224785791,12.73,12.21
2019-04-29,0.101743,0.119889,0.01035163805,-0.018146,0.041288,1.497463578,13.11,12.27
2019-04-30,0.102529,0.121201,0.01051219584,-0.018672,0.043002,1.918642019,13.12,12.44
2019-05-01,0.1153405,0.128399,0.01330343094,-0.0130585,0.048586,1.503790234,14.8,13.98
2019-05-02,0.1166765,0.129151,0.01361340565,-0.0124745,0.056496,1.280058094,14.42,14.16
2019-05-03,0.104448,0.1217265,0.0109093847,-0.0172785,0.043217,1.291044368,12.87,12.65
2019-05-06,0.1238005,0.1311685,0.0153265638,-0.007368,0.060037,1.836945014,15.44,14.79
2019-05-07,0.174353,0.159874,0.03039896861,0.014479,0.079063,1.824719563,19.32,20.98
2019-05-08,0.171531,0.1565225,0.02942288396,0.0150085,0.078502,1.42728553,19.4,21.08
2019-05-09,0.1701245,0.1553725,0.0289423455,0.014752,0.075224,1.947334326,19.1,21.87
2019-05-10,0.1408985,0.1412075,0.0198523873,-0.000309,0.072872,1.680936962,16.04,18
2019-05-13,0.182287,0.1672845,0.03322855037,0.0150025,0.064155,1.604209408,20.55,21.19
2019-05-14,0.162837,0.1565635,0.02651588857,0.0062735,0.068018,1.660101614,18.06,19.52
2019-05-15,0.1464355,0.1483875,0.02144335566,-0.001952,0.060422,1.658061714,16.44,17.65
2019-05-16,0.1327435,0.1396845,0.01762083679,-0.006941,0.058883,1.653169413,15.29,16.19
2019-05-17,0.1408545,0.144166,0.01983999017,-0.0033115,0.058653,1.724573836,15.96,17.03
2019-05-20,0.1485495,0.148649,0.02206695395,-9.95e-05,0.054264,1.594454755,16.31,17.7
2019-05-21,0.1319145,0.139301,0.01740143531,-0.0073865,0.053666,1.651298292,14.95,15.93
2019-05-22,0.134114,0.1391075,0.017986565,-0.0049935,0.051725,1.560289476,14.75,16.03
2019-05-23,0.154349,0.1520765,0.0238236138,0.0022725,0.057431,1.507480917,16.92,18.5
2019-05-24,0.1473365,0.1491545,0.02170804423,-0.001818,0.059661,1.719908181,15.85,18.01
2019-05-28,0.162694,0.157214,0.02646933764,0.00548,0.046968,1.73186395,17.5,19.25
2019-05-29,0.166763,0.160983,0.02780989817,0.00578,0.046559,2.020411302,17.9,19.71
2019-05-30,0.161242,0.158583,0.02599898256,0.002659,0.057138,1.558641464,17.3,19.42
2019-05-31,0.175515,0.167741,0.03080551522,0.007774,0.048587,1.851516635,18.71,20.98
2019-06-03,0.1769065,0.1677355,0.03129590974,0.009171,0.046207,1.733225355,18.86,20.64
2019-06-04,0.1572555,0.1543225,0.02472929228,0.002933,0.047975,1.693498346,16.97,18.61
2019-06-05,0.1468645,0.149366,0.02156918136,-0.0025015,0.045289,1.595802455,16.09,17.62
2019-06-06,0.141834,0.1457065,0.02011688356,-0.0038725,0.048281,1.284454859,15.93,16.99
2019-06-07,0.142685,0.1450055,0.02035900923,-0.0023205,0.045793,1.429176259,16.3,17.39
2019-06-10,0.14175,0.143135,0.0200930625,-0.001385,0.0431,1.52881803,15.94,16.57
2019-06-11,0.1433295,0.144741,0.02054334557,-0.0014115,0.047425,1.788545086,15.99,17.07
2019-06-12,0.141197,0.1445755,0.01993659281,-0.0033785,0.053679,1.544082275,15.91,16.79
2019-06-13,0.140471,0.143005,0.01973210184,-0.002534,0.055611,1.58802201,15.82,17.28
2019-06-14,0.1376865,0.1424905,0.01895757228,-0.004804,0.047759,1.66599115,15.28,16.61
2019-06-17,0.138056,0.142512,0.01905945914,-0.004456,0.049131,1.418832159,15.35,16.42
2019-06-18,0.13398,0.14031,0.0179506404,-0.00633,0.048579,1.18973258,15.15,16.03
2019-06-19,0.126196,0.136513,0.01592543042,-0.010317,0.038367,1.267868938,14.33,15.29
2019-06-20,0.12681,0.135515,0.0160807761,-0.008705,0.031608,0.6719284352,14.75,15.3
2019-06-21,0.1330555,0.1430035,0.01770376608,-0.009948,0.037643,1.384543269,15.4,16.29
2019-06-24,0.133976,0.1416475,0.01794956858,-0.0076715,0.042863,1.429922374,15.26,15.76
2019-06-25,0.1441415,0.1490205,0.02077677202,-0.004879,0.044612,1.522784513,16.28,17.15
2019-06-26,0.142615,0.148045,0.02033903822,-0.00543,0.047893,1.182241477,16.21,17.01
2019-06-27,0.138896,0.145257,0.01929209882,-0.006361,0.043865,1.39636657,15.82,16.93
2019-06-28,0.133612,0.140721,0.01785216654,-0.007109,0.045617,1.433127878,15.08,16.03
2019-07-01,0.1150565,0.12921,0.01323799819,-0.0141535,0.048356,1.202200461,14.06,13.53
2019-07-02,0.104797,0.121899,0.01098241121,-0.017102,0.045579,1.924915372,12.93,12.13
2019-07-03,0.101723,0.119423,0.01034756873,-0.0177,0.042149,0.995987755,12.57,11.94
2019-07-05,0.105065,0.120588,0.01103865423,-0.015523,0.048825,1.276738555,13.28,12.59
2019-07-08,0.1146695,0.127425,0.01314909423,-0.0127555,0.046111,1.51500086,13.96,12.89
2019-07-09,0.117914,0.128963,0.0139037114,-0.011049,0.045104,1.387290825,14.09,13.53
2019-07-10,0.1083265,0.1244085,0.0117346306,-0.016082,0.043921,1.149325923,13.03,12.59
2019-07-11,0.1064135,0.121877,0.01132383298,-0.0154635,0.04729,1.43580903,12.93,12.71
2019-07-12,0.1012475,0.119631,0.01025105626,-0.0183835,0.041877,1.585895366,12.39,12.24
2019-07-15,0.10316,0.121193,0.0106419856,-0.018033,0.046999,1.368368371,12.68,12.24
2019-07-16,0.104355,0.1237835,0.01088996603,-0.0194285,0.044086,1.5576099,12.86,12.46
2019-07-17,0.1139405,0.1296035,0.01298243754,-0.015663,0.046933,1.646824567,13.97,13.98
2019-07-18,0.111446,0.128636,0.01242021092,-0.01719,0.050372,1.48067991,13.53,13.47
2019-07-19,0.117753,0.1326285,0.01386576901,-0.0148755,0.050805,1.367175269,14.45,14.52
2019-07-22,0.1117595,0.129392,0.01249018584,-0.0176325,0.046644,1.484916131,13.53,13.07
2019-07-23,0.103599,0.1240755,0.0107327528,-0.0204765,0.045797,1.130330974,12.61,12.61
2019-07-24,0.099944,0.1216275,0.009988803136,-0.0216835,0.042081,1.296475907,12.07,12.19
2019-07-25,0.1070805,0.1260765,0.01146623348,-0.018996,0.052533,1.295537657,12.74,12.91
2019-07-26,0.0998565,0.1218785,0.009971320592,-0.022022,0.041124,1.5322462,12.16,12.33
2019-07-29,0.1042045,0.1246655,0.01085857782,-0.020461,0.042907,1.611261168,12.83,12.45
2019-07-30,0.1138275,0.129592,0.01295669976,-0.0157645,0.05141,1.461676078,13.94,13.92
2019-07-31,0.130999,0.141558,0.017160738,-0.010559,0.051875,1.757728668,16.12,16.19
2019-08-01,0.1546885,0.1539535,0.02392853203,0.000735,0.067465,1.752259353,17.87,18.6
2019-08-02,0.159341,0.158086,0.02538955428,0.001255,0.070931,1.641073864,17.61,18.64
2019-08-05,0.213931,0.1883725,0.04576647276,0.0255585,0.07239,1.822959102,24.59,26.39
2019-08-06,0.178765,0.17192,0.03195692523,0.006845,0.078909,1.638020586,20.17,21.99
2019-08-07,0.175759,0.1717225,0.03089122608,0.0040365,0.069689,1.652777188,19.49,21.48
2019-08-08,0.1445065,0.1527335,0.02088212854,-0.008227,0.07851,1.760805966,16.91,18.13
2019-08-09,0.1571665,0.160652,0.02470130872,-0.0034855,0.077516,1.398865391,17.97,19.64
2019-08-12,0.1867215,0.1781435,0.03486491856,0.008578,0.079562,1.655813596,21.09,22.53
2019-08-13,0.156803,0.162122,0.02458718081,-0.005319,0.080113,1.909538431,17.52,19.06
2019-08-14,0.2072185,0.1928785,0.04293950674,0.01434,0.073161,1.53032608,22.1,24.52
2019-08-15,0.1973545,0.1886255,0.03894879867,0.008729,0.071671,1.358998933,21.18,24.11
2019-08-16,0.167673,0.173748,0.02811423493,-0.006075,0.07006,1.653223422,18.47,20.53
2019-08-19,0.146311,0.15988,0.02140690872,-0.013569,0.066665,1.596778754,16.88,17.83
2019-08-20,0.156573,0.166027,0.02451510433,-0.009454,0.069217,1.524873235,17.5,18.81
2019-08-21,0.1449185,0.1568015,0.02100137164,-0.011883,0.062142,1.519044495,15.8,17.6
2019-08-22,0.150805,0.1596445,0.02274214803,-0.0088395,0.066828,1.681889719,16.68,18.32
2019-08-23,0.1917975,0.185337,0.03678628101,0.0064605,0.089703,1.738471745,19.87,22.89
2019-08-26,0.179275,0.1770815,0.03213952563,0.0021935,0.086737,1.597835418,19.32,21.09
2019-08-27,0.188046,0.182252,0.03536129812,0.005794,0.07647,1.562272185,20.31,22.33
2019-08-28,0.1756865,0.176435,0.03086574628,-0.0007485,0.080056,1.580575473,19.35,21.05
2019-08-29,0.1586045,0.1653985,0.02515538742,-0.006794,0.077784,2.066946458,17.88,19.26
2019-08-30,0.1645205,0.1681765,0.02706699492,-0.003656,0.074961,2.125300503,18.98,19.85
2019-09-03,0.174993,0.175398,0.03062255005,-0.000405,0.085257,2.054311215,19.66,20.89
2019-09-04,0.15122,0.162295,0.0228674884,-0.011075,0.076575,2.04164023,17.33,18.5
2019-09-05,0.1323705,0.1517945,0.01752194927,-0.019424,0.066394,1.78178727,16.27,16.43
2019-09-06,0.1255285,0.148124,0.01575740431,-0.0225955,0.062047,1.155283693,15,15.48
2019-09-09,0.1259435,0.1477945,0.01586176519,-0.021851,0.063149,1.748597355,15.27,15.17
2019-09-10,0.12527,0.147037,0.0156925729,-0.021767,0.068164,2.031424905,15.2,15.34
2019-09-11,0.120843,0.144256,0.01460303065,-0.023413,0.06186,1.526017533,14.61,14.55
2019-09-12,0.117148,0.1405865,0.0137236539,-0.0234385,0.052995,1.202517656,14.22,14.61
2019-09-13,0.1139755,0.14013,0.0129904146,-0.0261545,0.054783,1.446390994,13.74,14.01
2019-09-16,0.124303,0.1457475,0.01545123581,-0.0214445,0.056481,1.817564757,14.67,14.86
2019-09-17,0.122443,0.1466725,0.01499228825,-0.0242295,0.05317,1.363408651,14.44,14.45
2019-09-18,0.1192275,0.1441105,0.01421519676,-0.024883,0.055923,1.711086974,13.95,14.26
2019-09-19,0.118242,0.1436465,0.01398117056,-0.0254045,0.052803,0.802738623,14.05,14.25
2019-09-20,0.1309655,0.1546745,0.01715196219,-0.023709,0.056784,2.116453352,15.32,16.04
2019-09-23,0.1300635,0.153657,0.01691651403,-0.0235935,0.061312,1.870030868,14.91,16.04
2019-09-24,0.149589,0.1635765,0.02237686892,-0.0139875,0.069944,1.847476344,17.05,18.18
2019-09-25,0.1377025,0.1574265,0.01896197851,-0.019724,0.064112,1.348792709,15.96,16.42
2019-09-26,0.1398545,0.1582955,0.01955928117,-0.018441,0.06635,1.49764645,16.07,17.08
2019-09-27,0.1522245,0.1649505,0.0231722984,-0.012726,0.072789,1.545329015,17.22,18.18
2019-09-30,0.1453365,0.1597045,0.02112269823,-0.014368,0.066928,2.111138717,16.24,17.1
2019-10-01,0.1652565,0.170761,0.02730971079,-0.0055045,0.075238,1.347222011,18.56,19.57
2019-10-02,0.1897645,0.1865995,0.03601056546,0.003165,0.070902,1.818417937,20.56,23
2019-10-03,0.176635,0.177963,0.03119992322,-0.001328,0.078215,1.825823974,19.12,21.87
2019-10-04,0.1533425,0.1632045,0.02351392231,-0.009862,0.068105,1.610603398,17.04,18.86
2019-10-07,0.161488,0.1664615,0.02607837414,-0.0049735,0.065007,1.480132394,17.86,19.13
2019-10-08,0.1889445,0.1832715,0.03570002408,0.005673,0.070901,1.51511414,20.28,22.49
2019-10-09,0.171049,0.172691,0.0292577604,-0.001642,0.070794,1.63932945,18.64,20.51
2019-10-10,0.161958,0.166218,0.02623039376,-0.00426,0.070413,1.316716081,17.57,19.78
2019-10-11,0.1438285,0.1546145,0.02068663741,-0.010786,0.055716,1.413731098,15.58,18.03
2019-10-14,0.134344,0.149835,0.01804831034,-0.015491,0.05611,1.947067541,14.57,15.91
2019-10-15,0.1205905,0.141267,0.01454206869,-0.0206765,0.047568,1.188438692,13.54,14.21
2019-10-16,0.1219825,0.141153,0.01487973031,-0.0191705,0.050096,1.225119472,13.68,14.62
2019-10-17,0.120768,0.139866,0.01458490982,-0.019098,0.050487,1.48198646,13.79,14.44
2019-10-18,0.1265645,0.143734,0.01601857266,-0.0171695,0.04491,1.452920037,14.25,15.25
2019-10-21,0.1202165,0.138434,0.01445200687,-0.0182175,0.047302,1.508712252,14,13.81
2019-10-22,0.123906,0.1410725,0.01535269684,-0.0171665,0.046476,1.535719567,14.46,14.56
2019-10-23,0.1194605,0.1387545,0.01427081106,-0.019294,0.050884,1.442992907,14.01,14.26
2019-10-24,0.115338,0.1367955,0.01330285424,-0.0214575,0.044967,1.280881439,13.71,13.75
2019-10-25,0.107731,0.1322055,0.01160596836,-0.0244745,0.040265,1.652951144,12.65,12.6
2019-10-28,0.11042,0.133407,0.0121925764,-0.022987,0.039981,1.440376173,13.11,12.47
2019-10-29,0.112498,0.134583,0.0126558,-0.022085,0.046312,2.25098833,13.2,13.13
2019-10-30,0.1058825,0.1321665,0.01121110381,-0.026284,0.045551,2.320441454,12.33,12.8
2019-10-31,0.110666,0.1347555,0.01224696356,-0.0240895,0.054792,1.777899813,13.22,13.33
2019-11-01,0.102328,0.129057,0.01047101958,-0.026729,0.044231,1.603881612,12.3,12.42
2019-11-04,0.1048125,0.1309055,0.01098566016,-0.026093,0.040663,1.587053457,12.83,12.31
2019-11-05,0.107699,0.133336,0.0115990746,-0.025637,0.044029,1.388428185,13.1,12.71
2019-11-06,0.1061135,0.134075,0.01126007488,-0.0279615,0.043839,1.8313741,12.62,12.34
2019-11-07,0.1067605,0.13398,0.01139780436,-0.0272195,0.044112,1.505520928,12.73,12.92
2019-11-08,0.102133,0.132019,0.01043114969,-0.029886,0.042215,1.787014007,12.07,12.36
2019-11-11,0.1084915,0.1346945,0.01177040557,-0.026203,0.043541,1.943685153,12.69,13.4
2019-11-12,0.107949,0.1336955,0.0116529866,-0.0257465,0.045034,1.653753746,12.68,13.51
2019-11-13,0.110122,0.1352835,0.01212685488,-0.0251615,0.046133,1.80026828,13,13.42
2019-11-14,0.1082115,0.1346635,0.01170972873,-0.026452,0.049704,1.689206217,13.05,13.65
2019-11-15,0.098706,0.1285465,0.009742874436,-0.0298405,0.046378,1.396332645,12.05,12.36
2019-11-18,0.1029775,0.1306605,0.01060436551,-0.027683,0.049634,1.416479198,12.46,12.47
2019-11-19,0.1038135,0.1324455,0.01077724278,-0.028632,0.049884,1.457285986,12.86,12.7
2019-11-20,0.109528,0.134954,0.01199638278,-0.025426,0.058578,1.593568111,12.78,13.25
2019-11-21,0.114686,0.137962,0.0131528786,-0.023276,0.05811,2.250884378,13.13,13.64
2019-11-22,0.1074595,0.134848,0.01154754414,-0.0273885,0.056169,1.511135429,12.34,13.22
2019-11-25,0.099037,0.12944,0.009808327369,-0.030403,0.051804,1.624048731,11.87,11.82
2019-11-26,0.097012,0.128042,0.009411328144,-0.03103,0.049926,1.828846102,11.54,11.77
2019-11-27,0.096605,0.127638,0.009332526025,-0.031033,0.046996,1.293901154,11.75,11.8
2019-11-29,0.105916,0.133171,0.01121819906,-0.027255,0.057193,1.676464927,12.62,13.22
2019-12-02,0.1273185,0.1442855,0.01621000044,-0.016967,0.065596,1.323916044,14.91,15.49
2019-12-03,0.1409985,0.152734,0.019880577,-0.0117355,0.065721,1.915908567,15.96,17.12
2019-12-04,0.1313715,0.1469235,0.01725847101,-0.015552,0.060949,1.813670899,14.8,16.22
2019-12-05,0.127894,0.1452175,0.01635687524,-0.0173235,0.062421,1.298660764,14.52,15.8
2019-12-06,0.114342,0.1376085,0.01307409296,-0.0232665,0.057066,1.500887228,13.62,14.46
2019-12-09,0.1284575,0.1448775,0.01650132931,-0.01642,0.063924,1.682938898,15.86,15.57
2019-12-10,0.130942,0.145696,0.01714580736,-0.014754,0.066212,1.517228469,15.68,15.94
2019-12-11,0.125242,0.14298,0.01568555856,-0.017738,0.058769,1.779905373,14.99,15.21
2019-12-12,0.1127305,0.134437,0.01270816563,-0.0217065,0.053518,1.173012397,13.94,14.17
2019-12-13,0.0994175,0.128259,0.009883839306,-0.0288415,0.0473,1.72598283,12.63,12.29
2019-12-16,0.095099,0.124595,0.009043819801,-0.029496,0.03812,1.214126068,12.14,11.22
2019-12-17,0.0951955,0.1248325,0.00906218322,-0.029637,0.038543,1.128457146,12.29,11.29
2019-12-18,0.0986035,0.126878,0.009722650212,-0.0282745,0.037472,1.219998394,12.58,11.91
2019-12-19,0.094817,0.1244395,0.008990263489,-0.0296225,0.041046,0.5233832585,12.5,11.34
2019-12-20,0.095876,0.1278985,0.009192207376,-0.0320225,0.037193,1.834933382,12.51,11.91
2019-12-23,0.097329,0.1293045,0.009472934241,-0.0319755,0.049095,1.617221774,12.61,11.44
2019-12-24,0.097797,0.1296365,0.009564253209,-0.0318395,0.048882,1.385740981,12.67,11.7
2019-12-26,0.09673,0.128039,0.0093566929,-0.031309,0.051033,1.712880544,12.65,11.91
2019-12-27,0.1073015,0.133399,0.0115136119,-0.0260975,0.048446,0.9335356929,13.43,12.79
2019-12-30,0.122126,0.140687,0.01491475988,-0.018561,0.062764,1.298481103,14.82,14.48
2019-12-31,0.113146,0.1347855,0.01280201732,-0.0216395,0.057373,1.296110882,13.78,13.31
2020-01-02,0.100512,0.1268365,0.01010266214,-0.0263245,0.051872,1.327588565,12.47,12.01
2020-01-03,0.11918,0.1373575,0.0142038724,-0.0181775,0.056304,1.59755762,14.02,14.44
2020-01-06,0.1147705,0.134567,0.01317226767,-0.0197965,0.058837,1.593927065,13.85,13.28
2020-01-07,0.1160495,0.1348225,0.01346748645,-0.018773,0.056351,1.102027785,13.79,13.61
2020-01-08,0.1138325,0.1313355,0.01295783806,-0.017503,0.05657,1.205326552,13.45,13.14
2020-01-09,0.1021885,0.124093,0.01044248953,-0.0219045,0.051017,1.207503471,12.54,12.21
2020-01-10,0.1042135,0.125029,0.01086045358,-0.0208155,0.050638,1.364872294,12.56,12.45
2020-01-13,0.101509,0.122316,0.01030407708,-0.020807,0.048612,1.426386337,12.32,11.72
2020-01-14,0.104167,0.1230625,0.01085076389,-0.0188955,0.04917,1.327351207,12.39,12.46
2020-01-15,0.1015265,0.1219875,0.0103076302,-0.020461,0.046993,1.063619556,12.42,12.04
2020-01-16,0.097741,0.11891,0.009553303081,-0.021169,0.043608,1.155939431,12.32,11.92
2020-01-17,0.0976135,0.118748,0.009528395382,-0.0211345,0.042527,1.236788692,12.1,11.59
2020-01-21,0.107617,0.123451,0.01158141869,-0.015834,0.047542,1.514585013,12.85,12.58
2020-01-22,0.108981,0.124865,0.01187685836,-0.015884,0.044403,1.109089242,12.91,13.12
2020-01-23,0.1102805,0.1252445,0.01216178868,-0.014964,0.05101,1.161429411,12.98,13.3
2020-01-24,0.129045,0.135771,0.01665261202,-0.006726,0.061942,1.678665919,14.56,15.44
2020-01-27,0.1595045,0.1543315,0.02544168552,0.005173,0.069347,1.717085141,18.23,18.67
2020-01-28,0.1447645,0.144545,0.02095676046,0.0002195,0.061039,1.554875942,16.28,17.24
2020-01-29,0.1459335,0.1440945,0.02129658642,0.001839,0.061177,1.637169991,16.39,17.26
2020-01-30,0.1390665,0.140154,0.01933949142,-0.0010875,0.06054,1.675438654,15.49,16.64
2020-01-31,0.1669525,0.1570255,0.02787313726,0.009927,0.061799,1.957761542,18.84,20.05
2020-02-03,0.1584385,0.151164,0.02510275828,0.0072745,0.067157,2.129543902,17.97,18.6
2020-02-04,0.1377445,0.137958,0.01897354728,-0.0002135,0.058159,2.010007552,16.05,15.97
2020-02-05,0.126252,0.131061,0.0159395675,-0.004809,0.058148,1.867443221,15.15,14.8
2020-02-06,0.1213385,0.1282035,0.01472303158,-0.006865,0.055209,1.557035533,14.96,13.49
2020-02-07,0.1295625,0.134029,0.01678644141,-0.0044665,0.05824,2.316921622,15.47,15.31
2020-02-10,0.1252525,0.1313665,0.01568818876,-0.006114,0.061301,1.480759328,15.04,14.74
2020-02-11,0.124388,0.131452,0.01547237454,-0.007064,0.061075,1.140972739,15.18,13.97
2020-02-12,0.1122435,0.1256695,0.01259860329,-0.013426,0.050467,1.214662512,13.74,13.38
2020-02-13,0.116461,0.1284825,0.01356316452,-0.0120215,0.056012,1.320937506,14.15,13.95
2020-02-14,0.111651,0.1262445,0.0124659458,-0.0145935,0.05262,1.65614324,13.68,14.29
2020-02-18,0.118639,0.130805,0.01407521232,-0.012166,0.059902,1.333393422,14.83,14.64
2020-02-19,0.1177165,0.1286335,0.01385717437,-0.010917,0.051977,1.421773086,14.38,14.08
2020-02-20,0.1260365,0.1333255,0.01588519933,-0.007289,0.057449,1.61259618,15.56,15.43
2020-02-21,0.146959,0.145798,0.02159694768,0.001161,0.07593,1.713638207,17.08,17.71
2020-02-24,0.215329,0.1816725,0.04636657824,0.0336565,0.094084,1.798715616,25.03,25.87
2020-02-25,0.24813,0.205502,0.0615684969,0.042628,0.088955,1.512745656,27.85,29.53
2020-02-26,0.239938,0.2022165,0.05757024384,0.0377215,0.081152,1.623473803,27.56,28.8
2020-02-27,0.3404685,0.2554535,0.1159187995,0.085015,0.100151,1.585292164,39.16,42.23
2020-02-28,0.385847,0.2742905,0.1488779074,0.1115565,0.222013,1.518105898,40.11,46.6
2020-03-02,0.2722605,0.2303105,0.07412577986,0.04195,0.149458,1.470644865,33.42,33.14
2020-03-03,0.336969,0.265889,0.113548107,0.07108,0.159592,1.405572995,36.82,40.13
2020-03-04,0.263817,0.2302995,0.06959940949,0.0335175,0.126962,1.355225022,31.99,32.29
2020-03-05,0.349482,0.2856985,0.1221376683,0.0637835,0.159893,1.714807412,39.62,42.33
2020-03-06,0.3656235,0.3114695,0.1336805438,0.054154,0.16146,1.93507663,41.94,45.77
2020-03-09,0.5030765,0.3984565,0.2530859649,0.10462,0.158064,1.806133978,54.46,61.98
2020-03-10,0.4239735,0.35565,0.1797535287,0.0683235,0.188892,1.477615808,47.3,53.57
2020-03-11,0.499951,0.4068715,0.2499510024,0.0930795,0.157615,1.53339735,53.9,62.24
2020-03-12,0.702108,0.520109,0.4929556437,0.181999,0.231396,1.31818211,75.47,89.8
2020-03-13,0.5256925,0.4294685,0.2763526046,0.096224,0.243281,1.404220198,57.83,62.25
2020-03-16,0.786873,0.614227,0.6191691181,0.172646,0.270395,1.598794325,82.69,93.85
2020-03-17,0.6877225,0.560572,0.472962237,0.1271505,0.299089,1.455854287,75.91,80.45
2020-03-18,0.7251275,0.6108295,0.5258098913,0.114298,0.2957,1.415864243,76.45,89.61
2020-03-19,0.671366,0.5493245,0.450732306,0.1220415,0.219723,1.417626709,72,80.59
2020-03-20,0.605289,0.5152185,0.3663747735,0.0900705,0.192923,1.537060376,66.04,73.54
2020-03-23,0.5631135,0.4466975,0.3170968139,0.116416,0.133649,1.265656781,61.59,67.8
2020-03-24,0.544257,0.406527,0.296215682,0.13773,0.127588,1.468034099,61.67,65.03
2020-03-25,0.595,0.446376,0.354025,0.148624,0.205078,1.666191958,63.95,70.34
2020-03-26,0.545774,0.406257,0.2978692591,0.139517,0.235928,2.033754017,61,64.34
2020-03-27,0.5774575,0.440245,0.3334571643,0.1372125,0.242708,1.491665374,65.54,70.16
2020-03-30,0.494759,0.408362,0.2447864681,0.086397,0.214414,1.659263898,57.08,59.21
2020-03-31,0.4564835,0.3920915,0.2083771858,0.064392,0.215762,1.459705836,53.54,54.57
2020-04-01,0.5190835,0.4443145,0.26944768,0.074769,0.208696,1.711507614,57.06,63.57
2020-04-02,0.460778,0.409762,0.2123163653,0.051016,0.194868,1.938665889,50.91,54.81
2020-04-03,0.4288655,0.3935655,0.1839256171,0.0353,0.175124,1.65245011,46.8,53.51
2020-04-06,0.392336,0.3567415,0.1539275369,0.0355945,0.148281,1.631328853,45.24,44.84
2020-04-07,0.4113135,0.367904,0.1691787953,0.0434095,0.156558,1.403811298,46.7,49.43
2020-04-08,0.3826435,0.3549625,0.1464160481,0.027681,0.160192,1.559089568,43.35,45.08
2020-04-09,0.3703605,0.3448385,0.1371669,0.025522,0.148113,1.527855774,41.67,45.01
2020-04-13,0.3734735,0.3478195,0.1394824552,0.025654,0.145676,1.491077093,41.17,44.51
2020-04-14,0.3359565,0.3180105,0.1128667699,0.017946,0.130968,1.76449834,37.76,39.9
2020-04-15,0.3617,0.344342,0.13082689,0.017358,0.146124,1.60886469,40.84,43.75
2020-04-16,0.357435,0.34387,0.1277597792,0.013565,0.136604,1.295563996,40.11,42.18
2020-04-17,0.328922,0.323576,0.1081896821,0.005346,0.142114,1.535963053,38.15,40.66
2020-04-20,0.3770065,0.355029,0.142133901,0.0219775,0.149912,1.840195916,43.83,44.15
2020-04-21,0.409817,0.3848295,0.1679499735,0.0249875,0.141136,1.459259757,45.41,48.99
2020-04-22,0.3692205,0.358033,0.1363237776,0.0111875,0.146296,1.579608113,41.98,43.51
2020-04-23,0.3570265,0.3547705,0.1274679217,0.002256,0.139897,1.591094275,41.38,43.25
2020-04-24,0.3088115,0.32659,0.09536454253,-0.0177785,0.131353,1.625069283,35.93,37.07
2020-04-27,0.2819705,0.3020175,0.07950736287,-0.020047,0.116252,1.651690704,33.29,33.48
2020-04-28,0.2927475,0.304846,0.08570109876,-0.0120985,0.127677,1.361983673,33.57,34.11
2020-04-29,0.262167,0.281379,0.06873153589,-0.019212,0.120109,1.459077041,31.23,31.09
2020-04-30,0.2866465,0.2959675,0.08216621596,-0.009321,0.117538,1.345962767,34.15,32.8
2020-05-01,0.323712,0.3226645,0.1047894589,0.0010475,0.154461,1.5055393,37.19,38.12
2020-05-04,0.310329,0.3144595,0.09630408824,-0.0041305,0.131335,1.588569256,35.97,35.07
2020-05-05,0.2899365,0.3020965,0.08406317403,-0.01216,0.121676,1.496737388,33.61,33.76
2020-05-06,0.2971335,0.305898,0.08828831682,-0.0087645,0.121997,1.454391416,34.12,34.03
2020-05-07,0.276893,0.29448,0.07666973345,-0.017587,0.124615,1.583415997,31.44,32.87
2020-05-08,0.238538,0.2693775,0.05690037744,-0.0308395,0.107246,1.669395533,27.98,28.85
2020-05-11,0.234484,0.258838,0.05498274626,-0.024354,0.092176,1.391044213,27.57,27.25
2020-05-12,0.275974,0.282274,0.07616164868,-0.0063,0.109997,1.437154726,33.04,32.8
2020-05-13,0.3089545,0.3055685,0.09545288307,0.003386,0.120429,1.68632025,35.28,35.27
2020-05-14,0.284948,0.2909855,0.0811953627,-0.0060375,0.139645,1.629338124,32.61,33.87
2020-05-15,0.271111,0.2822105,0.07350117432,-0.0110995,0.126535,1.33250371,31.89,32
2020-05-18,0.2448355,0.259592,0.05994442206,-0.0147565,0.107429,1.47715469,29.3,29.06
2020-05-19,0.2607005,0.269222,0.0679647507,-0.0085215,0.10575,1.186625152,30.53,30.37
2020-05-20,0.241078,0.253993,0.05811860208,-0.012915,0.097478,1.516039164,27.99,28.46
2020-05-21,0.251468,0.264107,0.06323615502,-0.012639,0.103728,1.55923676,29.53,29.75
2020-05-22,0.244796,0.2621115,0.05992508162,-0.0173155,0.102921,1.466593526,28.16,29.33
2020-05-26,0.238548,0.2534405,0.0569051483,-0.0148925,0.109067,1.642527848,28.01,27.79
2020-05-27,0.2278315,0.243036,0.05190719239,-0.0152045,0.102855,1.628130527,27.62,26.88
2020-05-28,0.240898,0.251645,0.0580318464,-0.010747,0.104516,1.665761289,28.59,28.79
2020-05-29,0.2310525,0.246428,0.05338525776,-0.0153755,0.088992,1.463986426,27.51,27.24
2020-06-01,0.2349355,0.248454,0.05519468916,-0.0135185,0.099801,1.483340303,28.23,27.74
2020-06-02,0.218987,0.239275,0.04795530617,-0.020288,0.098556,1.358957657,26.84,25.34
2020-06-03,0.210718,0.2328305,0.04440207552,-0.0221125,0.083701,1.463813053,25.66,25.1
2020-06-04,0.21277,0.2334,0.0452710729,-0.02063,0.091197,1.572137167,25.81,25.53
2020-06-05,0.197074,0.215685,0.03883816148,-0.018611,0.077925,1.189145772,24.52,23.76
2020-06-08,0.2115275,0.2211,0.04474388326,-0.0095725,0.078903,1.206707076,25.81,24.15
2020-06-09,0.230287,0.236827,0.05303210237,-0.00654,0.081483,1.214808718,27.57,26.73
2020-06-10,0.229921,0.237925,0.05286366624,-0.008004,0.084762,1.132127044,27.57,26.32
2020-06-11,0.344202,0.322883,0.1184750168,0.021319,0.138551,1.566987418,40.79,41.34
2020-06-12,0.303657,0.298571,0.09220757365,0.005086,0.116835,1.603478162,36.09,35.81
2020-06-15,0.294111,0.2892845,0.08650128032,0.0048265,0.126763,1.345171685,34.4,33.94
2020-06-16,0.2859825,0.2803935,0.08178599031,0.005589,0.124226,1.162102347,33.67,32.25
2020-06-17,0.282816,0.282641,0.07998488986,0.000175,0.109547,1.338632547,33.47,32.32
2020-06-18,0.2731755,0.279694,0.0746248538,-0.0065185,0.113235,0.9360886768,32.94,31.07
2020-06-19,0.279076,0.286976,0.07788341378,-0.0079,0.106869,1.531096903,35.12,33.39
2020-06-22,0.264628,0.274471,0.07002797838,-0.009843,0.111175,1.476660298,31.77,29.56
2020-06-23,0.259224,0.2697255,0.06719708218,-0.0105015,0.106893,1.441942077,31.37,29.49
2020-06-24,0.2936365,0.2929555,0.08622239413,0.000681,0.118543,1.618964448,33.84,33.11
2020-06-25,0.2680205,0.2773195,0.07183498842,-0.009299,0.113677,1.393704265,32.22,30.54
2020-06-26,0.299494,0.298489,0.08969665604,0.001005,0.11708,1.618611166,34.73,34.35
2020-06-29,0.2680335,0.277325,0.07184195712,-0.0092915,0.124101,1.467643565,31.78,30.13
2020-06-30,0.2491455,0.262588,0.06207348017,-0.0134425,0.08827,1.315868903,30.43,27.96
2020-07-01,0.2331025,0.2544895,0.05433677551,-0.021387,0.093187,1.272881955,28.62,26.41
2020-07-02,0.2261285,0.250083,0.05113409851,-0.0239545,0.09982,1.318772097,27.68,25.19
2020-07-06,0.2268455,0.2461845,0.05145888087,-0.019339,0.093064,1.333806478,27.94,24.36
2020-07-07,0.243377,0.257625,0.05923236413,-0.014248,0.100999,1.585767837,29.43,26.73
2020-07-08,0.2313035,0.2500315,0.05350130911,-0.018728,0.098947,1.525852146,28.08,25.53
2020-07-09,0.2441645,0.2592785,0.05961630306,-0.015114,0.104769,1.518220418,29.26,27.14
2020-07-10,0.2288,0.249868,0.05234944,-0.021068,0.090766,1.458414488,27.29,25.29
2020-07-13,0.264479,0.275757,0.06994914144,-0.011278,0.110035,1.378121637,32.19,29.81
2020-07-14,0.242729,0.2578295,0.05891736744,-0.0151005,0.100597,1.716413622,29.52,27.31
2020-07-15,0.2303605,0.251565,0.05306595996,-0.0212045,0.093488,1.222232221,27.76,26.11
2020-07-16,0.2257665,0.2488645,0.05097051252,-0.023098,0.092801,1.213202498,28,25.88
2020-07-17,0.2106245,0.2393475,0.04436268,-0.028723,0.080274,1.232620327,25.68,24.16
2020-07-20,0.200706,0.2293525,0.04028289844,-0.0286465,0.071454,1.273914644,24.46,22.05
2020-07-21,0.2055515,0.2312455,0.04225141915,-0.025694,0.087799,1.30996748,24.84,23.42
2020-07-22,0.1960415,0.226349,0.03843226972,-0.0303075,0.080182,1.372930134,24.32,22.76
2020-07-23,0.2132555,0.237588,0.04547790828,-0.0243325,0.095797,1.325601106,26.08,24.44
2020-07-24,0.2136625,0.2422825,0.04565166391,-0.02862,0.089456,1.770503583,25.84,24.41
2020-07-27,0.2024175,0.2367195,0.04097284431,-0.034302,,1.35377694,24.74,22.34
2020-07-28,0.210937,0.243054,0.04449441797,-0.032117,,1.448795624,25.44,23.72
2020-07-29,0.1949075,0.2343865,0.03798893356,-0.039479,,1.504049541,24.1,22.26
2020-07-30,0.207985,0.2440625,0.04325776023,-0.0360775,,1.644201442,24.76,24.2
2020-07-31,0.1946305,0.237779,0.03788103153,-0.0431485,,1.505682806,24.46,22.1
2020-08-03,0.198147,0.2391055,0.03926223361,-0.0409585,,1.231131671,24.28,22.07
2020-08-04,0.190989,0.23324,0.03647679812,-0.042251,,1.411838692,23.76,21.01
2020-08-05,0.183302,0.2288575,0.0335996232,-0.0455555,,1.683696151,22.99,20.57
2020-08-06,0.1761725,0.2249975,0.03103674976,-0.048825,,1.349021921,22.65,19.51
2020-08-07,0.174594,0.2260425,0.03048306484,-0.0514485,,1.361673841,22.21,20.37
2020-08-10,0.174749,0.226326,0.030537213,-0.051577,,1.271479784,22.13,19.15
2020-08-11,0.19678,0.239126,0.0387223684,-0.042346,,1.400719719,24.03,22.51
2020-08-12,0.175394,0.2263295,0.03076305524,-0.0509355,,1.399415182,22.28,19.68
2020-08-13,0.1770705,0.2282315,0.03135396197,-0.051161,,1.169659658,22.13,20.27
2020-08-14,0.1754405,0.2289615,0.03077936904,-0.053521,,1.478144153,22.05,19.98
2020-08-17,0.17055,0.2239985,0.0290873025,-0.0534485,,1.239887881,21.35,19.35
2020-08-18,0.1690275,0.2209835,0.02857029576,-0.051956,,1.900834725,21.51,18.7
2020-08-19,0.178791,0.227063,0.03196622168,-0.048272,0.083292,1.466997813,22.54,20.77
2020-08-20,0.174609,0.224258,0.03048830288,-0.049649,0.083157,1.440651852,22.72,19.69
2020-08-21,0.1702735,0.2222885,0.0289930648,-0.052015,0.08331,1.650771339,22.54,19.7
2020-08-24,0.168466,0.222176,0.02838079316,-0.05371,0.088432,1.438453535,22.37,18.85
2020-08-25,0.167504,0.222121,0.02805759002,-0.054617,0.080332,1.252015596,22.03,19.29
2020-08-26,0.178262,0.2278555,0.03177734064,-0.0495935,0.077617,1.355604548,23.27,20.21
2020-08-27,0.185927,0.2326425,0.03456884933,-0.0467155,0.077672,1.165234369,24.47,22.18
2020-08-28,0.173999,0.22848,0.030275652,-0.054481,0.067716,1.1174201,22.96,20.53
2020-08-31,0.1990235,0.248559,0.03961035355,-0.0495355,0.062305,1.368568595,26.41,22.7
2020-09-01,0.193325,0.2471765,0.03737455562,-0.0538515,0.088038,1.278325339,26.12,21.84
2020-09-02,0.2034625,0.258903,0.04139698891,-0.0554405,0.061696,1.318891227,26.57,24.17
2020-09-03,0.2566575,0.2907485,0.06587307231,-0.034091,0.112605,1.453364513,33.6,30.3
2020-09-04,0.239533,0.275483,0.05737605809,-0.03595,0.104435,1.440645386,30.75,29.71
2020-09-08,0.2617445,0.279231,0.06851018328,-0.0174865,0.096272,1.250469375,31.46,32.03
2020-09-09,0.2386765,0.2626015,0.05696647165,-0.023925,0.08614,1.2592877,28.81,28.47
2020-09-10,0.251178,0.2716785,0.06309038768,-0.0205005,0.08183,1.309723579,29.71,31.19
2020-09-11,0.230496,0.259266,0.05312840602,-0.02877,0.072854,1.461306598,26.87,27.82
2020-09-14,0.220337,0.251734,0.04854839357,-0.031397,0.06756,1.214883006,25.85,26.01
2020-09-15,0.2150485,0.250116,0.04624585735,-0.0350675,0.07175,1.158284654,25.59,25.13
2020-09-16,0.2163785,0.251867,0.04681965526,-0.0354885,0.07753,1.343566974,26.04,26.46
2020-09-17,0.220966,0.2556905,0.04882597316,-0.0347245,0.084002,0.9530612214,26.46,26.73
2020-09-18,0.2194375,0.258877,0.04815281641,-0.0394395,0.069077,1.286529266,25.83,27.24
2020-09-21,0.23683,0.269039,0.0560884489,-0.032209,0.085404,1.503513108,27.78,27.71
2020-09-22,0.2285415,0.2704335,0.05223121722,-0.041892,0.077845,1.378116202,26.86,27.58
2020-09-23,0.2523205,0.286966,0.06366563472,-0.0346455,0.08614,1.449555469,28.58,30.58
2020-09-24,0.2492025,0.283891,0.06210188601,-0.0346885,0.081914,1.431127014,28.51,30.84
2020-09-25,0.229836,0.2731055,0.0528245869,-0.0432695,0.07271,1.37642496,26.38,28.22
2020-09-28,0.2322475,0.2706665,0.05393890126,-0.038419,0.078889,1.219265967,26.19,28.2
2020-09-29,0.2412705,0.270922,0.05821145417,-0.0296515,0.069879,1.340432259,26.27,28.97
2020-09-30,0.2375525,0.270246,0.05643119026,-0.0326935,0.057477,1.392518719,26.37,29.16
2020-10-01,0.2426115,0.2712925,0.05886033993,-0.028681,0.078254,1.244649325,26.7,29.27
2020-10-02,0.251164,0.2779085,0.0630833549,-0.0267445,0.078781,1.476547434,27.63,31
2020-10-05,0.248118,0.2666415,0.06156254192,-0.0185235,0.082462,1.359286231,27.96,28.2
2020-10-06,0.2596135,0.272074,0.06739916938,-0.0124605,0.082814,1.444324169,29.48,29.86
2020-10-07,0.243703,0.2579745,0.05939115221,-0.0142715,0.081111,1.370469394,28.06,27.64
2020-10-08,0.2278855,0.2459135,0.05193180111,-0.018028,0.083047,1.54878876,26.36,26.43
2020-10-09,0.2112405,0.2297955,0.04462254884,-0.018555,0.080642,1.212206893,25,24.55
2020-10-12,0.2143605,0.2258645,0.04595042396,-0.011504,0.080228,1.095399111,25.07,25.12
2020-10-13,0.225926,0.231363,0.05104255748,-0.005437,0.078541,1.388821648,26.07,26.68
2020-10-14,0.229726,0.231873,0.05277403508,-0.002147,0.082497,1.222929086,26.4,27.03
2020-10-15,0.233529,0.233936,0.05453579384,-0.000407,0.09137,1.166778157,26.97,28.8
2020-10-16,0.2358875,0.23669,0.05564291266,-0.0008025,0.08348,1.012019419,27.41,28.38
2020-10-19,0.2586915,0.251297,0.06692129217,0.0073945,0.097967,1.258374872,29.18,31.04
2020-10-20,0.2583295,0.2502065,0.06673413057,0.008123,0.087547,1.111440708,29.35,30.4
2020-10-21,0.254096,0.2468915,0.06456477722,0.0072045,0.090816,1.312710012,28.65,30.89
2020-10-22,0.2452155,0.240902,0.06013064144,0.0043135,0.094589,1.391218631,28.11,29.54
2020-10-23,0.2384715,0.2376135,0.05686865631,0.000858,0.095515,1.454504927,27.55,29.78
2020-10-26,0.2882025,0.265186,0.08306068101,0.0230165,0.106173,1.384251097,32.46,34.56
2020-10-27,0.287565,0.265932,0.08269362922,0.021633,0.106561,1.304138924,33.35,34.96
2020-10-28,0.3556025,0.311656,0.126453138,0.0439465,0.136238,1.576499577,40.28,42.71
2020-10-29,0.3204375,0.2888695,0.1026801914,0.031568,0.100382,1.364404911,37.59,39.62
2020-10-30,0.3340895,0.298023,0.111615794,0.0360665,0.133085,1.470685525,38.02,41.47
2020-11-02,0.3184145,0.281795,0.1013877938,0.0366195,0.134323,1.524380961,37.13,39.74
2020-11-03,0.294532,0.2642085,0.08674909902,0.0303235,0.107816,1.564547939,35.55,36.49
2020-11-04,0.250569,0.2397645,0.06278482376,0.0108045,0.103288,1.46475673,29.57,31.11
2020-11-05,0.2338885,0.234617,0.05470383043,-0.0007285,0.088582,1.399554806,27.58,28.44
2020-11-06,0.212308,0.2243955,0.04507468686,-0.0120875,0.079677,1.501551194,24.86,26.4
2020-11-09,0.211702,0.216668,0.0448177368,-0.004966,0.071995,1.343709287,25.75,25.8
2020-11-10,0.206543,0.2137625,0.04266001085,-0.0072195,0.074492,1.302465759,24.8,25.33
2020-11-11,0.1930345,0.206292,0.03726231819,-0.0132575,0.072488,2.016555988,23.45,22.9
2020-11-12,0.209677,0.218683,0.04396444433,-0.009006,0.089922,1.923025886,25.35,25.85
2020-11-13,0.189864,0.206822,0.0360483385,-0.016958,0.070888,1.525950324,23.1,22.8
2020-11-16,0.182038,0.2033755,0.03313783344,-0.0213375,0.080465,1.174455309,22.45,22.25
2020-11-17,0.185366,0.205243,0.03436055396,-0.019877,0.072418,1.494666209,22.71,22.36
2020-11-18,0.195096,0.2122685,0.03806244922,-0.0171725,0.06608,1.258427941,23.84,23.69
2020-11-19,0.1873335,0.207181,0.03509384022,-0.0198475,0.07493,1.302227225,23.11,22.53
2020-11-20,0.1947345,0.2108195,0.03792152549,-0.016085,0.071078,1.288506531,23.7,23.72
2020-11-23,0.183618,0.2046205,0.03371556992,-0.0210025,0.07953,1.143080289,22.66,22.12
2020-11-24,0.175561,0.198503,0.03082166472,-0.022942,0.06861,1.483802863,21.64,21.39
2020-11-25,0.172353,0.195582,0.02970555661,-0.023229,0.065145,1.454478354,21.25,20.86
2020-11-27,0.1727225,0.1962795,0.02983306201,-0.023557,0.070178,1.776836137,20.84,21.57
2020-11-30,0.175705,0.197165,0.03087224703,-0.02146,0.078469,1.560139804,20.57,21.79
2020-12-01,0.175965,0.1980605,0.03096368122,-0.0220955,0.063641,1.237422337,20.77,21.78
2020-12-02,0.175262,0.1981845,0.03071676864,-0.0229225,0.066563,1.238122877,21.17,21.81
2020-12-03,0.1755495,0.197908,0.03081762695,-0.0223585,0.076197,1.307190908,21.28,21.94
2020-12-04,0.1682475,0.193151,0.02830722126,-0.0249035,0.063117,1.4027758,20.79,21.16
2020-12-07,0.171747,0.1965,0.02949703201,-0.024753,0.068667,1.19880377,21.3,20.76
2020-12-08,0.165796,0.191746,0.02748831362,-0.02595,0.06364,1.479273972,20.68,20.22
2020-12-09,0.1785815,0.2001635,0.03189135214,-0.021582,0.057776,1.337573704,22.27,21.57
2020-12-10,0.1802235,0.201025,0.03248050995,-0.0208015,0.070973,1.353851045,22.52,22.25
2020-12-11,0.186691,0.206719,0.03485352948,-0.020028,0.084704,1.40093234,23.31,22.38
2020-12-14,0.198472,0.213743,0.03939113478,-0.015271,0.076652,1.16083591,24.72,23.94
2020-12-15,0.1826965,0.2025725,0.03337801111,-0.019876,0.081406,1.569899436,22.89,22.2
2020-12-16,0.17672,0.1979775,0.0312299584,-0.0212575,0.075151,1.354760746,22.5,21.59
2020-12-17,0.1706525,0.194249,0.02912227576,-0.0235965,0.07594,0.6027319751,21.93,20.89
2020-12-18,0.176737,0.201217,0.03123596717,-0.02448,0.05937,1.290458524,21.57,21.78
2020-12-21,0.1993535,0.214738,0.03974181796,-0.0153845,0.092716,1.332430789,25.16,23.27
2020-12-22,0.1932125,0.2122885,0.03733107016,-0.019076,0.086099,1.657789574,24.23,23.12
2020-12-23,0.1820625,0.20384,0.03314675391,-0.0217775,0.072678,1.43951125,23.31,21.65
2020-12-24,0.1701275,0.1967125,0.02894336626,-0.026585,0.079561,1.388210785,21.53,21
2020-12-28,0.169805,0.1951875,0.02883373802,-0.0253825,0.074641,1.38047446,21.7,20.13
2020-12-29,0.1813315,0.2051695,0.03288111289,-0.023838,0.082689,1.877184624,23.08,21.46
2020-12-30,0.17717,0.2002745,0.0313892089,-0.0231045,0.073523,1.388179195,22.77,21.54
2020-12-31,0.178317,0.1989245,0.03179695249,-0.0206075,0.071243,1.477184276,22.75,21.05
2021-01-04,0.211752,0.221731,0.0448389095,-0.009979,0.094027,1.256499797,26.97,24.9
2021-01-05,0.1988975,0.2116795,0.03956021551,-0.012782,0.089855,2.195391346,25.34,23.69
2021-01-06,0.2026545,0.212785,0.04106884637,-0.0101305,0.095961,1.884337827,25.07,23.28
2021-01-07,0.1759275,0.196901,0.03095048526,-0.0209735,0.073429,1.287013018,22.37,20.87
2021-01-08,0.171067,0.193517,0.02926391849,-0.02245,0.073966,1.384232847,21.56,
2021-01-11,0.196345,0.209717,0.03855135902,-0.013372,0.09039,1.547082979,24.08,
2021-01-12,0.1867735,0.2040875,0.0348843403,-0.017314,0.075642,1.349421761,23.33,
2021-01-13,0.1762825,0.199103,0.03107551981,-0.0228205,0.079073,1.849813642,22.21,
2021-01-14,0.184932,0.2047055,0.03419984462,-0.0197735,0.086259,1.091052162,23.25,
2021-01-15,0.190772,0.2112975,0.03639395598,-0.0205255,0.093369,1.40334239,24.34,
2021-01-19,0.1842695,0.2070835,0.03395524863,-0.022814,0.087541,1.680796491,23.24,
2021-01-20,0.170554,0.198554,0.02908866692,-0.028,0.071766,1.24939019,21.58,
2021-01-21,0.169427,0.198316,0.02870550833,-0.028889,0.073204,1.637466392,21.32,
2021-01-22,0.172691,0.201494,0.02982218148,-0.028803,0.069879,1.398878367,21.91,
2021-01-25,0.182003,0.20832,0.03312509201,-0.026317,0.082092,1.600249365,23.19,
2021-01-26,0.187282,0.2125225,0.03507454752,-0.0252405,0.084186,1.694485735,23.02,
2021-01-27,0.2575805,0.258869,0.06634771398,-0.0012885,0.125615,1.452292161,37.21,
2021-01-28,0.2340115,0.2452915,0.05476138213,-0.01128,0.114896,1.734742643,30.21,
2021-01-29,0.263388,0.2637515,0.06937323854,-0.0003635,0.117333,1.654716604,33.09,
2021-02-01,0.2315205,0.2457605,0.05360174192,-0.01424,0.109049,1.777463619,30.24,
2021-02-02,0.2018155,0.226065,0.04072949604,-0.0242495,0.096513,1.756559196,25.56,
2021-02-03,0.1883025,0.217489,0.03545783151,-0.0291865,0.080006,1.828313788,22.91,
2021-02-04,0.1706965,0.205723,0.02913729511,-0.0350265,0.081212,1.866013913,21.77,
2021-02-05,0.1658055,0.204675,0.02749146383,-0.0388695,0.072189,1.438166377,20.87,
2021-02-08,0.166005,0.203625,0.02755766003,-0.03762,0.08068,1.311067462,21.24,
2021-02-09,0.169972,0.2068845,0.02889048078,-0.0369125,0.079106,1.611466134,21.63,
2021-02-10,0.1752345,0.2109145,0.03070712999,-0.03568,0.083916,1.500928134,21.99,
2021-02-11,0.169431,0.208572,0.02870686376,-0.039141,0.078425,1.574004216,21.25,
2021-02-12,0.1592465,0.202249,0.02535944776,-0.0430025,0.071235,1.740843597,19.97,
2021-02-16,0.1677875,0.2075795,0.02815264516,-0.039792,0.076156,1.400751696,21.46,
2021-02-17,0.167163,0.2060155,0.02794346857,-0.0388525,0.080603,1.570864879,21.5,
2021-02-18,0.176514,0.2103605,0.0311571922,-0.0338465,0.086811,1.189441484,22.49,
2021-02-19,0.1722395,0.2071185,0.02966644536,-0.034879,0.090233,1.360920746,22.05,
2021-02-22,0.1884675,0.215166,0.03551999856,-0.0266985,0.09381,1.689219557,23.45,
2021-02-23,0.1843965,0.210157,0.03400206921,-0.0257605,0.08584,1.557338713,23.11,
2021-02-24,0.1692895,0.200747,0.02865893481,-0.0314575,0.078481,1.418212967,21.34,
2021-02-25,0.2371895,0.2387235,0.05625885891,-0.001534,0.113332,1.325990097,28.89,
2021-02-26,0.2243645,0.227239,0.05033942886,-0.0028745,0.088454,1.27732536,27.95,
2021-03-01,0.1782885,0.202143,0.03178678923,-0.0238545,0.093304,1.320204149,23.35,
2021-03-02,0.191968,0.2101325,0.03685171302,-0.0181645,0.089167,1.324940754,24.1,
2021-03-03,0.214663,0.2213545,0.04608020357,-0.0066915,0.094792,1.259635762,26.67,
2021-03-04,0.2336595,0.230905,0.05459676194,0.0027545,0.117353,1.411314753,28.57,
2021-03-05,0.1989725,0.2116285,0.03959005576,-0.012656,0.095454,1.394636454,24.66,
2021-03-08,0.213787,0.2174605,0.04570488137,-0.0036735,0.090189,1.49552836,25.47,
2021-03-09,0.1947925,0.208217,0.03794411806,-0.0134245,0.084102,1.729806668,24.03,
2021-03-10,0.1827265,0.203827,0.0333889738,-0.0211005,0.077633,1.352254458,22.56,
2021-03-11,0.171424,0.197515,0.02938618778,-0.026091,0.071043,1.516148131,21.91,
2021-03-12,0.1636785,0.1952995,0.02679065136,-0.031621,0.060585,1.232618134,20.69,
2021-03-15,0.156173,0.187808,0.02439000593,-0.031635,0.056234,1.211793378,20.03,
2021-03-16,0.1592085,0.1894135,0.02534734647,-0.030205,0.058149,1.420678261,19.79,
2021-03-17,0.1509285,0.181341,0.02277941211,-0.0304125,0.057207,1.104188235,19.23,
2021-03-18,0.171551,0.19431,0.0294297456,-0.022759,0.066847,0.742836789,21.58,
2021-03-19,0.16454,0.1920575,0.0270734116,-0.0275175,0.062929,1.218915716,20.95,
2021-03-22,0.1488905,0.1768205,0.02216838099,-0.02793,0.059565,1.279903695,18.88,
2021-03-23,0.1635175,0.1841635,0.02673797281,-0.020646,0.07192,1.198119976,20.3,
2021-03-24,0.169999,0.1878515,0.02889966,-0.0178525,0.068884,1.348130511,21.2,
2021-03-25,0.159249,0.179592,0.025360244,-0.020343,0.0644,1.172776568,19.81,
2021-03-26,0.146234,0.169009,0.02138438276,-0.022775,0.067324,1.432059764,18.86,
2021-03-29,0.1607545,0.1749185,0.02584200927,-0.014164,0.06841,1.2133196,20.74,
2021-03-30,0.153602,0.169106,0.0235935744,-0.015504,0.078553,1.259450487,19.61,
2021-03-31,0.150191,0.1679255,0.02255733648,-0.0177345,0.054672,1.234563885,19.4,
2021-04-01,0.1367825,0.1577715,0.01870945231,-0.020989,0.05309,1.319232755,17.33,
2021-04-05,0.1412965,0.156367,0.01996470091,-0.0150705,0.050623,1.201047514,17.91,
2021-04-06,0.142831,0.1586175,0.02040069456,-0.0157865,0.058801,1.285223059,18.12,
2021-04-07,0.1365415,0.155692,0.01864358122,-0.0191505,0.053079,1.388088812,17.16,
2021-04-08,0.1354185,0.156357,0.01833817014,-0.0209385,0.054892,1.399722643,16.95,
2021-04-09,0.1332395,0.155931,0.01775276436,-0.0226915,0.051913,1.142940066,16.69,
2021-04-12,0.135437,0.1579885,0.01834318097,-0.0225515,0.050291,1.167147129,16.91,
2021-04-13,0.134349,0.156466,0.0180496538,-0.022117,0.048002,1.280846092,16.65,
2021-04-14,0.137619,0.1596695,0.01893898916,-0.0220505,0.058862,1.356464563,16.99,
2021-04-15,0.130209,0.1552155,0.01695438368,-0.0250065,0.054272,1.335342299,16.57,
2021-04-16,0.129414,0.1548745,0.0167479834,-0.0254605,0.048699,1.009191883,16.25,
2021-04-19,0.142205,0.1635865,0.02022226202,-0.0213815,0.062833,1.467381505,17.29,
2021-04-20,0.153736,0.1709645,0.0236347577,-0.0172285,0.063502,1.559975608,18.68,
2021-04-21,0.1400515,0.1618275,0.01961442265,-0.021776,0.059228,1.303207568,17.5,
2021-04-22,0.155672,0.1735275,0.02423377158,-0.0178555,0.063996,1.391972228,18.71,
2021-04-23,0.1395785,0.1636415,0.01948215766,-0.024063,0.056174,1.220585741,17.33,
2021-04-26,0.1434975,0.1656065,0.02059153251,-0.022109,0.062249,1.059630218,17.64,
2021-04-27,0.142208,0.1643115,0.02022311526,-0.0221035,0.057855,1.324818866,17.56,
2021-04-28,0.1392075,0.1635025,0.01937872806,-0.024295,0.064195,1.300055527,17.28,
2021-04-29,0.138554,0.163453,0.01919721092,-0.024899,0.064092,1.139220832,17.61,
2021-04-30,0.1466295,0.1694605,0.02150021027,-0.022831,0.072228,1.204578599,18.61,
2021-05-03,0.144233,0.1678475,0.02080315829,-0.0236145,0.068592,1.325504138,18.31,
2021-05-04,0.155422,0.175476,0.02415599808,-0.020054,0.074233,1.110595097,19.48,
2021-05-05,0.152531,0.173077,0.02326570596,-0.020546,0.073165,1.508470769,19.15,
2021-05-06,0.142923,0.1679425,0.02042698393,-0.0250195,0.071141,1.568454491,18.39,
2021-05-07,0.131483,0.161445,0.01728777929,-0.029962,0.057974,1.302479389,16.69,
2021-05-10,0.1529025,0.1729545,0.02337917451,-0.020052,0.070961,1.420270787,19.66,
2021-05-11,0.173606,0.185813,0.03013904324,-0.012207,0.081761,1.403867721,21.84,
2021-05-12,0.2184245,0.21762,0.0477092622,0.0008045,0.098739,1.553768405,27.59,
2021-05-13,0.187547,0.1949085,0.03517387721,-0.0073615,0.086906,1.466648971,23.13,
2021-05-14,0.150553,0.172002,0.02266620581,-0.021449,0.071881,1.386319599,18.81,
2021-05-17,0.159905,0.179475,0.02556960902,-0.01957,0.079654,1.236146486,19.72,
2021-05-18,0.1705565,0.18753,0.02908951969,-0.0169735,0.079719,1.304564337,21.34,
2021-05-19,0.175566,0.1915715,0.03082342036,-0.0160055,0.089929,1.54825514,22.18,
2021-05-20,0.161332,0.1827135,0.02602801422,-0.0213815,0.088113,1.210909425,20.67,
2021-05-21,0.158559,0.1799785,0.02514095648,-0.0214195,0.086976,1.326139927,20.15,
2021-05-24,0.14107,0.168754,0.0199007449,-0.027684,0.074483,1.473906364,18.4,
2021-05-25,0.145026,0.170934,0.02103254068,-0.025908,0.074961,1.635960648,18.84,
2021-05-26,0.134062,0.163547,0.01797261984,-0.029485,0.070671,1.224768956,17.36,
2021-05-27,0.1298185,0.157837,0.01685284294,-0.0280185,0.055897,1.495191542,16.74,
2021-05-28,0.125077,0.1550985,0.01564425593,-0.0300215,0.063234,1.529908009,16.76,
2021-06-01,0.1363375,0.1612315,0.01858791391,-0.024894,0.068587,1.023978861,17.9,
2021-06-02,0.1297905,0.1598975,0.01684557389,-0.030107,0.06418,1.704684034,17.48,
2021-06-03,0.137248,0.164497,0.0188370135,-0.027249,0.065103,1.376363205,18.04,
2021-06-04,0.123412,0.1558345,0.01523052174,-0.0324225,0.060715,1.392375675,16.42,
2021-06-07,0.123355,0.155407,0.01521645602,-0.032052,0.05704,1.465937165,16.42,
2021-06-08,0.1265575,0.156795,0.01601680081,-0.0302375,0.06046,1.346743773,17.07,
2021-06-09,0.1340935,0.1611825,0.01798106674,-0.027089,0.066506,1.502607494,17.89,
2021-06-10,0.116643,0.1496835,0.01360558945,-0.0330405,0.058008,1.392668822,16.1,
2021-06-11,0.112364,0.1461735,0.0126256685,-0.0338095,0.058181,1.31762007,15.65,
2021-06-14,0.1174495,0.1492355,0.01379438505,-0.031786,0.064139,1.250924135,16.39,
2021-06-15,0.1236955,0.153156,0.01530057672,-0.0294605,0.066072,1.414079052,17.02,
2021-06-16,0.1332705,0.158706,0.01776102617,-0.0254355,0.071444,1.158177237,18.15,
2021-06-17,0.128412,0.156361,0.01648964174,-0.027949,0.067671,0.6517772386,17.75,
2021-06-18,0.157486,0.173251,0.0248018402,-0.015765,0.073765,1.208863451,20.7,
2021-06-21,0.132651,0.15812,0.0175962878,-0.025469,0.073761,1.358421009,17.89,
2021-06-22,0.122225,0.150392,0.01493895063,-0.028167,0.067998,1.517984428,16.66,
2021-06-23,0.120025,0.147832,0.01440600062,-0.027807,0.063985,1.119450544,16.32,
2021-06-24,0.1152595,0.143774,0.01328475234,-0.0285145,0.060994,1.303130805,15.97,
2021-06-25,0.1088845,0.1414955,0.01185583434,-0.032611,0.057669,1.188265926,15.62,
2021-06-28,0.1116025,0.142254,0.01245511801,-0.0306515,0.061821,1.323013654,15.76,
2021-06-29,0.112858,0.1440635,0.01273692816,-0.0312055,0.06155,1.249328116,16.02,
2021-06-30,0.1125755,0.144942,0.0126732432,-0.0323665,0.056698,1.166009706,15.83,
2021-07-01,0.1100495,0.1428995,0.01211089245,-0.03285,0.060925,1.474444174,15.48,
2021-07-02,0.106612,0.1406685,0.01136611854,-0.0340565,0.055342,1.252435957,15.07,
2021-07-06,0.1177055,0.1467615,0.01385458473,-0.029056,0.062896,1.234688582,16.44,
2021-07-07,0.1185815,0.1491515,0.01406157214,-0.03057,0.063283,1.185271104,16.2,
2021-07-08,0.1390605,0.1597925,0.01933782266,-0.020732,0.083933,1.274461467,19,
2021-07-09,0.116983,0.146112,0.01368502229,-0.029129,0.066115,1.238210699,16.18,
2021-07-12,0.1186415,0.1478525,0.01407580552,-0.029211,0.065022,1.131744767,16.17,
2021-07-13,0.1286385,0.153553,0.01654786368,-0.0249145,0.073964,1.196055174,17.12,
2021-07-14,0.123305,0.1518365,0.01520412303,-0.0285315,0.066676,1.390507537,16.33,
2021-07-15,0.127994,0.1550085,0.01638246404,-0.0270145,0.070791,1.530845469,17.01,
2021-07-16,0.1424605,0.1632915,0.02029499406,-0.020831,0.079352,1.298096621,18.45,
2021-07-19,0.1747075,0.183597,0.03052271056,-0.0088895,0.103664,1.527441598,22.5,
2021-07-20,0.151379,0.1680355,0.02291560164,-0.0166565,0.086888,1.240659431,19.73,
2021-07-21,0.1337645,0.1584045,0.01789294146,-0.02464,0.077326,1.112124982,17.91,
2021-07-22,0.133625,0.1583445,0.01785564062,-0.0247195,0.074683,1.325376182,17.69,
2021-07-23,0.1248135,0.1544635,0.01557840978,-0.02965,0.070333,1.047836141,17.2,
2021-07-26,0.1285945,0.156778,0.01653654543,-0.0281835,0.070901,1.107441667,17.58,
2021-07-27,0.1391065,0.1624455,0.01935061834,-0.023339,0.080208,1.361520982,19.36,
2021-07-28,0.1350395,0.160337,0.01823566656,-0.0252975,0.071679,1.148694871,18.31,
2021-07-29,0.129087,0.1567195,0.01666345357,-0.0276325,0.068323,1.224831993,17.7,
2021-07-30,0.136102,0.16143,0.0185237544,-0.025328,0.080713,1.238644155,18.24,
2021-08-02,0.146467,0.167728,0.02145258209,-0.021261,0.08707,1.177581809,19.46,
2021-08-03,0.1302895,0.15868,0.01697535381,-0.0283905,0.077251,1.714533509,18.04,
2021-08-04,0.135169,0.1616865,0.01827065856,-0.0265175,0.074095,1.247272268,17.97,
2021-08-05,0.1277135,0.156642,0.01631073808,-0.0289285,0.074139,1.098709363,17.28,
2021-08-06,0.120591,0.152371,0.01454218928,-0.03178,0.0677,1.353121758,16.15,
2021-08-09,0.124341,0.155879,0.01546068428,-0.031538,0.071842,1.436109629,16.72,
2021-08-10,0.123225,0.155523,0.01518440063,-0.032298,0.074857,1.28398045,16.79,
2021-08-11,0.118869,0.152662,0.01412983916,-0.033793,0.069671,1.397696854,16.06,
2021-08-12,0.1150545,0.1503315,0.01323753797,-0.035277,0.067085,1.587919412,15.59,
2021-08-13,0.1104975,0.148562,0.01220969751,-0.0380645,0.070447,1.445934413,15.45,
2021-08-16,0.1174775,0.152094,0.01380096301,-0.0346165,0.072971,1.389508143,16.12,
2021-08-17,0.131009,0.159675,0.01716335808,-0.028666,0.084163,1.002174354,17.91,
2021-08-18,0.159443,0.1750995,0.02542207025,-0.0156565,0.100744,1.165821243,21.57,
2021-08-19,0.1616435,0.17678,0.02612862109,-0.0151365,0.111961,1.444139333,21.67,
2021-08-20,0.134974,0.163892,0.01821798068,-0.028918,0.089216,1.348289772,18.56,
2021-08-23,0.1227045,0.156171,0.01505639432,-0.0334665,0.086618,1.160722299,17.15,
2021-08-24,0.121105,0.1560035,0.01466642103,-0.0348985,0.088493,1.152014905,17.22,
2021-08-25,0.116049,0.1520075,0.0134673704,-0.0359585,0.083131,1.296787458,16.79,
2021-08-26,0.133027,0.1606205,0.01769618273,-0.0275935,0.098098,1.774551105,18.84,
2021-08-27,0.1125305,0.1506155,0.01266311343,-0.038085,0.085841,1.201877402,16.39,
2021-08-30,0.112739,0.1506455,0.01271008212,-0.0379065,0.082532,1.104171168,16.19,
2021-08-31,0.115279,0.152128,0.01328924784,-0.036849,0.082043,1.254183411,16.48,
2021-09-01,0.1135445,0.149958,0.01289235348,-0.0364135,0.085161,1.404874389,16.11,
2021-09-02,0.1120595,0.148119,0.01255733154,-0.0360595,0.082976,1.301545293,16.41,
2021-09-03,0.1090985,0.1487555,0.0119024827,-0.039657,0.084656,1.340087145,16.41,
2021-09-07,0.1228195,0.1567625,0.01508462958,-0.033943,0.093777,1.013559247,18.14,
2021-09-08,0.122963,0.1577635,0.01511989937,-0.0348005,0.095016,1.223646995,17.96,
2021-09-09,0.1329645,0.162523,0.01767955826,-0.0295585,0.10054,1.109446596,18.8,
2021-09-10,0.1507175,0.171209,0.02271576481,-0.0204915,0.10866,1.26783782,20.95,
2021-09-13,0.141085,0.165952,0.01990497723,-0.024867,0.106549,1.428412735,19.37,
2021-09-14,0.1471325,0.169089,0.02164797256,-0.0219565,0.10471,1.203438148,19.46,
2021-09-15,0.129996,0.160086,0.01689896002,-0.03009,0.09669,1.174486247,18.18,
2021-09-16,0.137687,0.1649105,0.01895770997,-0.0272235,0.081491,0.7340418924,18.69,
2021-09-17,0.156887,0.177979,0.02461353077,-0.021092,0.091783,1.058306587,20.81,
2021-09-20,0.198779,0.2012955,0.03951309084,-0.0025165,0.101912,1.354999883,25.71,
2021-09-21,0.195053,0.1977765,0.03804567281,-0.0027235,0.091934,1.39836885,24.36,
2021-09-22,0.167357,0.1817765,0.02800836545,-0.0144195,0.092579,1.328227073,20.87,
2021-09-23,0.144094,0.1681695,0.02076308084,-0.0240755,0.079687,1.384891025,18.63,
2021-09-24,0.136404,0.164644,0.01860605122,-0.02824,0.075393,1.300449923,17.75,
2021-09-27,0.1431625,0.168103,0.02049550141,-0.0249405,0.082096,1.060569348,18.76,
2021-09-28,0.193021,0.194402,0.03725710644,-0.001381,0.098817,1.46353285,23.25,
2021-09-29,0.189942,0.191801,0.03607796336,-0.001859,0.102864,1.46603875,22.56,
2021-09-30,0.2013795,0.1986355,0.04055370302,0.002744,0.087353,1.278469511,23.14,
2021-10-01,0.1774485,0.185576,0.03148797015,-0.0081275,0.094475,1.288442391,21.15,
2021-10-04,0.1976255,0.1974855,0.03905583825,0.00014,0.086346,1.187845831,22.96,
2021-10-05,0.1815315,0.1878455,0.03295368549,-0.006314,0.084938,1.263371168,21.3,
2021-10-06,0.17775,0.1858475,0.0315950625,-0.0080975,0.081965,1.241556951,21,
2021-10-07,0.161984,0.177657,0.02623881626,-0.015673,0.084857,1.27081038,19.54,
2021-10-08,0.1574175,0.1757695,0.02478026931,-0.018352,0.07618,1.403747859,18.77,
2021-10-11,0.1689095,0.181306,0.02853041919,-0.0123965,0.078877,1.341033028,20,
2021-10-12,0.1654795,0.1785895,0.02738346492,-0.01311,0.072595,1.405465461,19.85,
2021-10-13,0.15514,0.171811,0.0240684196,-0.016671,0.075603,1.312439558,18.64,
2021-10-14,0.1324545,0.1596615,0.01754419457,-0.027207,0.068324,1.49124755,16.86,
2021-10-15,0.1254295,0.157562,0.01573255947,-0.0321325,0.06316,1.332733984,16.3,
2021-10-18,0.127186,0.158651,0.0161762786,-0.031465,0.060565,1.12712924,16.31,
2021-10-19,0.1203365,0.1533565,0.01448087323,-0.03302,0.060433,1.284655124,15.7,
2021-10-20,0.1191975,0.1526495,0.01420804401,-0.033452,0.061175,1.144741871,15.49,
2021-10-21,0.115905,0.150628,0.01343396902,-0.034723,0.054404,1.204506178,15.01,
2021-10-22,0.12026,0.1546235,0.0144624676,-0.0343635,0.060059,1.251725652,15.43,
2021-10-25,0.118454,0.152083,0.01403135012,-0.033629,0.063574,1.195899713,15.24,
2021-10-26,0.125185,0.1551505,0.01567128422,-0.0299655,0.060413,1.247086349,15.98,
2021-10-27,0.1356885,0.1635085,0.01841136903,-0.02782,0.071589,1.436074734,16.98,
2021-10-28,0.1261755,0.1568365,0.0159202568,-0.030661,0.067275,1.458284573,16.53,
2021-10-29,0.1260915,0.157677,0.01589906637,-0.0315855,0.063624,1.529592863,16.26,
2021-11-01,0.1267745,0.158427,0.01607177385,-0.0316525,0.066795,1.136362646,16.41,
2021-11-02,0.123236,0.1559135,0.0151871117,-0.0326775,0.064324,1.237128315,16.03,
2021-11-03,0.1178945,0.1519005,0.01389911313,-0.034006,0.054913,1.311580656,15.1,
2021-11-04,0.1157035,0.151498,0.01338729991,-0.0357945,0.061165,1.047952361,15.44,
2021-11-05,0.12176,0.1559745,0.0148254976,-0.0342145,0.058858,0.9606424424,16.48,
2021-11-08,0.1261155,0.159361,0.01590511934,-0.0332455,0.063691,1.09855904,17.22,
2021-11-09,0.1332455,0.1626275,0.01775436327,-0.029382,0.070487,1.416576843,17.78,
2021-11-10,0.1424905,0.1676125,0.02030354259,-0.025122,0.07009,1.398543215,18.73,
2021-11-11,0.1375185,0.164514,0.01891133784,-0.0269955,0.068928,1.520475458,17.66,
2021-11-12,0.1260635,0.158597,0.01589200603,-0.0325335,0.062723,1.156263579,16.29,
2021-11-15,0.128832,0.159468,0.01659768422,-0.030636,0.069441,1.15386623,16.49,
2021-11-16,0.1267845,0.158727,0.01607430944,-0.0319425,0.064307,1.196568175,16.37,
2021-11-17,0.132973,0.1636255,0.01768181873,-0.0306525,0.066434,1.206191708,17.11,
2021-11-18,0.1327415,0.1641735,0.01762030582,-0.031432,0.069572,1.07744158,17.59,
2021-11-19,0.136613,0.1672465,0.01866311177,-0.0306335,0.071092,1.384695761,17.91,
2021-11-22,0.148669,0.1741445,0.02210247156,-0.0254755,0.075152,1.452138688,19.17,
2021-11-23,0.145158,0.171485,0.02107084496,-0.026327,0.075136,1.374103678,19.38,
2021-11-24,0.1407135,0.168698,0.01980028908,-0.0279845,0.072358,1.283910571,18.58,
2021-11-26,0.2102665,0.2130415,0.04421200102,-0.002775,0.10613,1.573615073,28.62,
2021-11-29,0.1732355,0.1863615,0.03001053846,-0.013126,0.089615,1.434589909,22.96,
2021-11-30,0.2154865,0.213584,0.04643443168,0.0019025,0.098524,1.450144107,27.19,
2021-12-01,0.2455075,0.233122,0.06027393256,0.0123855,0.116502,1.574501387,31.12,
2021-12-02,0.214867,0.2154365,0.04616782769,-0.0005695,0.127125,1.798640222,27.95,
2021-12-03,0.2321525,0.231993,0.05389478326,0.0001595,0.123556,1.695187375,30.67,
2021-12-06,0.205311,0.21348,0.04215260672,-0.008169,0.11012,1.587826524,27.18,
2021-12-07,0.167648,0.1877795,0.0281058519,-0.0201315,0.087059,1.606333626,21.89,
2021-12-08,0.1535395,0.1788315,0.02357437806,-0.025292,0.070237,1.288190994,19.9,
2021-12-09,0.165251,0.1853415,0.027307893,-0.0200905,0.078342,1.440978505,21.58,
2021-12-10,0.1433585,0.172881,0.02055165952,-0.0295225,0.075162,1.539733911,18.69,
2021-12-13,0.162589,0.185243,0.02643518292,-0.022654,0.07536,1.219225964,20.31,
2021-12-14,0.1766015,0.192214,0.0311880898,-0.0156125,0.090733,1.295910471,21.89,
2021-12-15,0.150306,0.1755795,0.02259189364,-0.0252735,0.076622,1.114056232,19.29,
2021-12-16,0.16673,0.187677,0.0277988929,-0.020947,0.076626,0.7526096847,20.57,
2021-12-17,0.1810455,0.198117,0.03277747307,-0.0170715,0.076352,1.210190272,21.57,
2021-12-20,0.1968495,0.2053795,0.03874972565,-0.00853,0.081844,1.222001011,22.87,
2021-12-21,0.1719645,0.1916385,0.02957178926,-0.019674,0.083553,1.163029858,21.01,
2021-12-22,0.1489475,0.179337,0.02218535776,-0.0303895,0.072973,1.075777536,18.63,
2021-12-23,0.139575,0.174805,0.01948118063,-0.03523,0.06397,0.9374349572,17.96,
2021-12-27,0.132259,0.167038,0.01749244308,-0.034779,0.065072,0.975595845,17.68,
2021-12-28,0.132565,0.1657065,0.01757347922,-0.0331415,0.068031,0.8766739037,17.54,
2021-12-29,0.1274255,0.1614435,0.01623725805,-0.034018,0.055889,1.045242207,16.95,
2021-12-30,0.1323645,0.1636385,0.01752036086,-0.031274,0.065594,1.033153909,17.33,
2021-12-31,0.1316965,0.162859,0.01734396811,-0.0311625,0.065488,1.021105103,17.22,
2022-01-03,0.1261575,0.158673,0.01591571481,-0.0325155,0.06689,1.06416709,16.6,
2022-01-04,0.1283785,0.160609,0.01648103926,-0.0322305,0.060359,1.257817508,16.91,
2022-01-05,0.159221,0.1792555,0.02535132684,-0.0200345,0.074354,1.50645176,19.73,
2022-01-06,0.160224,0.1788365,0.02567173018,-0.0186125,0.079381,1.491026042,19.61,
2022-01-07,0.154882,0.175941,0.02398843392,-0.021059,0.070878,1.584031861,18.76,
2022-01-10,0.156528,0.1749185,0.02450101478,-0.0183905,0.079215,1.356329907,19.4,
2022-01-11,0.147973,0.1676635,0.02189600873,-0.0196905,0.075271,1.000589812,18.41,
2022-01-12,0.1439635,0.1657175,0.02072548933,-0.021754,0.068378,1.11040076,17.62,
2022-01-13,0.16904,0.1812265,0.0285745216,-0.0121865,0.08507,1.277002555,20.31,
2022-01-14,0.161703,0.1768365,0.02614786021,-0.0151335,0.072389,1.658551102,19.19,
2022-01-18,0.1993505,0.1990725,0.03974062185,0.000278,0.086439,1.273829612,22.79,
2022-01-19,0.2045285,0.204234,0.04183190731,0.0002945,0.081405,1.174516231,23.85,
2022-01-20,0.216954,0.214273,0.04706903812,0.002681,0.09074,1.502507469,25.59,
2022-01-21,0.2469125,0.2338125,0.06096578266,0.0131,0.072248,1.562544729,28.85,
2022-01-24,0.2494595,0.2342725,0.06223004214,0.015187,0.099695,1.424200915,29.9,
2022-01-25,0.2618035,0.2430915,0.06854107261,0.018712,0.106765,1.254908612,31.16,
2022-01-26,0.2599275,0.2410945,0.06756230526,0.018833,0.105808,1.332621701,31.96,
2022-01-27,0.261856,0.241909,0.06856856474,0.019947,0.101942,1.418409505,30.49,
2022-01-28,0.2266635,0.2196975,0.05137634223,0.006966,0.096113,1.412511699,27.66,
2022-01-31,0.20393,0.2064275,0.0415874449,-0.0024975,0.084146,1.302396359,24.83,
2022-02-01,0.182898,0.193377,0.0334516784,-0.010479,0.071774,1.282563518,21.96,
2022-02-02,0.171785,0.1886075,0.02951008623,-0.0168225,0.075285,1.395147381,22.09,
2022-02-03,0.215278,0.2163995,0.04634461728,-0.0011215,0.08758,1.463580059,24.35,
2022-02-04,0.198943,0.208326,0.03957831725,-0.009383,0.077589,1.290081481,23.22,
2022-02-07,0.198422,0.206412,0.03937129008,-0.00799,0.086393,1.055698651,22.86,
2022-02-08,0.183426,0.195912,0.03364509748,-0.012486,0.078325,1.3505462,21.44,
2022-02-09,0.1682935,0.1860725,0.02832270214,-0.017779,0.079153,1.366034087,19.96,
2022-02-10,0.203387,0.2068775,0.04136627177,-0.0034905,0.080547,1.504222853,23.91,
2022-02-11,0.2354325,0.227698,0.05542846206,0.0077345,0.096453,1.731761214,27.36,
2022-02-14,0.2403875,0.229258,0.05778615016,0.0111295,0.102832,1.845234161,28.33,
2022-02-15,0.2105035,0.210554,0.04431172351,-5.05e-05,0.099957,1.733360489,25.7,
2022-02-16,0.2028945,0.2044665,0.04116617813,-0.001572,0.087746,1.457011011,24.29,
2022-02-17,0.2384455,0.2259725,0.05685625647,0.012473,0.10161,1.619074613,28.11,
2022-02-18,0.2415355,0.2295045,0.05833939776,0.012031,0.101105,1.787341474,27.75,
2022-02-22,0.2539135,0.2357075,0.06447206548,0.018206,0.095315,1.622739816,28.81,
2022-02-23,0.2683025,0.247306,0.07198623151,0.0209965,0.089525,1.421237701,31.02,
2022-02-24,0.248881,0.233452,0.06194175216,0.015429,0.101943,1.821186195,30.32,
2022-02-25,0.231288,0.2219785,0.05349413894,0.0093095,0.09434,1.62513302,27.59,
2022-02-28,0.2486335,0.230869,0.06181861732,0.0177645,0.094956,1.683405603,30.15,
2022-03-01,0.288976,0.2566575,0.08350712858,0.0323185,0.108623,1.6224315,33.32,
2022-03-02,0.2568225,0.239005,0.06595779651,0.0178175,0.107841,1.66810182,30.74,
2022-03-03,0.262501,0.2431785,0.068906775,0.0193225,0.116035,1.381020132,30.48,
2022-03-04,0.2709545,0.2516505,0.07341634107,0.019304,0.102733,1.614674905,31.98,
2022-03-07,0.3085115,0.278295,0.09517934563,0.0302165,0.096146,1.299466783,36.45,
2022-03-08,0.301702,0.276936,0.0910240968,0.024766,0.098367,1.508289375,35.13,
2022-03-09,0.274758,0.2575645,0.07549195856,0.0171935,0.106369,1.813074113,32.45,
2022-03-10,0.2656895,0.252844,0.07059091041,0.0128455,0.084484,1.604694322,30.23,
2022-03-11,0.2713935,0.259788,0.07365443184,0.0116055,0.086058,1.543383571,30.75,
2022-03-14,0.2831875,0.2672745,0.08019516016,0.015913,0.0894,1.67238745,31.77,
2022-03-15,0.2598715,0.2510125,0.06753319651,0.008859,0.09639,1.940575886,29.83,
2022-03-16,0.2245655,0.2277235,0.05042966379,-0.003158,0.09255,1.568585251,26.67,
2022-03-17,0.209682,0.2148765,0.04396654112,-0.0051945,0.094088,1.293975551,25.67,
2022-03-18,0.1975445,0.205688,0.03902382948,-0.0081435,0.085461,1.476600431,23.87,
2022-03-21,0.196751,0.2066395,0.038710956,-0.0098885,0.08242,1.474693495,23.53,
2022-03-22,0.184574,0.197051,0.03406756148,-0.012477,0.082276,1.649995767,22.94,
2022-03-23,0.1943115,0.2051495,0.03775695903,-0.010838,0.081336,1.488321008,23.57,
2022-03-24,0.17668,0.194456,0.0312158224,-0.017776,0.080192,1.67236348,21.67,
2022-03-25,0.1686805,0.1909375,0.02845311108,-0.022257,0.080556,1.544077778,20.81,
2022-03-28,0.158324,0.1858465,0.02506648898,-0.0275225,0.075527,1.565240934,19.63,
2022-03-29,0.1526055,0.178682,0.02328843863,-0.0260765,0.06476,1.439990134,18.9,
2022-03-30,0.160715,0.1848445,0.02582931122,-0.0241295,0.074594,1.437628978,19.33,
2022-03-31,0.179388,0.197875,0.03218005454,-0.018487,0.061312,1.757690215,20.56,
2022-04-01,0.159626,0.186929,0.02548045988,-0.027303,0.063493,1.265234861,19.63,
2022-04-04,0.148418,0.177113,0.02202790272,-0.028695,0.067021,1.189050339,18.57,
2022-04-05,0.1730905,0.1935765,0.02996032119,-0.020486,0.082525,1.403056969,21.03,
2022-04-06,0.1830825,0.200158,0.03351920181,-0.0170755,0.076594,1.468963548,22.1,
2022-04-07,0.177778,0.196981,0.03160501728,-0.019203,0.079001,1.230075468,21.55,
2022-04-08,0.177432,0.196149,0.03148211462,-0.018717,0.08372,1.260555756,21.16,
2022-04-11,0.206862,0.212776,0.04279188704,-0.005914,0.087749,1.323607613,24.37,
2022-04-12,0.2083005,0.2142265,0.0433890983,-0.005926,0.080568,1.382227548,24.26,
2022-04-13,0.183059,0.1983605,0.03351059748,-0.0153015,0.076182,1.176713622,21.82,
2022-04-14,0.1956085,0.2071215,0.03826268527,-0.011513,0.073722,1.50037992,22.7,
2022-04-18,0.1960045,0.206827,0.03841776402,-0.0108225,0.081497,1.254967116,22.17,
2022-04-19,0.1798685,0.1950965,0.03235267729,-0.015228,0.072861,1.731305918,21.37,
2022-04-20,0.1789555,0.194718,0.03202507098,-0.0157625,0.070104,1.303116888,20.32,
2022-04-21,0.1993175,0.2097285,0.03972746581,-0.010411,0.075437,1.37038325,22.68,
2022-04-22,0.2431855,0.2387765,0.05913918741,0.004409,0.092478,1.487987576,28.21,
2022-04-25,0.2358925,0.2331865,0.05564527156,0.002706,0.091921,1.46560189,27.02,
2022-04-26,0.2786815,0.260338,0.07766337844,0.0183435,0.086615,1.442231447,33.52,
2022-04-27,0.2681765,0.2541565,0.07191863515,0.01402,0.100999,1.416323916,31.6,
2022-04-28,0.242879,0.2389175,0.05899020864,0.0039615,0.101779,1.476691399,29.99,
2022-04-29,0.2841525,0.264359,0.08074264326,0.0197935,0.1019,1.344296786,33.4,
2022-05-02,0.2734565,0.2560005,0.07477845739,0.017456,0.092584,1.304684687,32.34,
2022-05-03,0.258425,0.2462505,0.06678348063,0.0121745,0.082644,1.250818434,29.25,
2022-05-04,0.220548,0.223818,0.0486414203,-0.00327,0.078365,1.294472278,25.42,
2022-05-05,0.274598,0.2578115,0.0754040616,0.0167865,0.092892,1.301497502,31.2,
2022-05-06,0.2646955,0.2555405,0.07006370772,0.009155,0.075818,1.291990013,30.19,
2022-05-09,0.3048085,0.278445,0.09290822167,0.0263635,0.076665,1.308862671,34.75,
2022-05-10,0.2938485,0.27218,0.08634694095,0.0216685,0.06963,1.102316602,32.99,
2022-05-11,0.2947935,0.273476,0.08690320764,0.0213175,0.07095,1.396877197,32.56,
2022-05-12,0.2896035,0.2680145,0.08387018721,0.021589,0.070991,1.286035713,31.77,
2022-05-13,0.263227,0.252917,0.06928845353,0.01031,0.073093,1.447164204,28.87,
2022-05-16,0.255093,0.2498655,0.06507243865,0.0052275,0.066746,1.271250059,27.47,
2022-05-17,0.2392765,0.239444,0.05725324345,-0.0001675,0.07038,1.411904321,26.1,
2022-05-18,0.2759995,0.2612265,0.076175724,0.014773,0.072653,1.204724677,30.96,
2022-05-19,0.2648165,0.253171,0.07012777867,0.0116455,0.063051,1.360963241,29.35,
2022-05-20,0.2654785,0.2529255,0.07047883396,0.012553,0.070547,1.506822574,29.43,
2022-05-23,0.2604945,0.250981,0.06785738453,0.0095135,0.06559,1.44442658,28.48,
2022-05-24,0.2682065,0.2561095,0.07193472664,0.012097,0.065698,1.553876231,29.45,
2022-05-25,0.260254,0.2506615,0.06773214452,0.0095925,0.059234,1.120760973,28.37,
2022-05-26,0.247076,0.244402,0.06104654978,0.002674,0.054687,1.482103031,27.5,
2022-05-27,0.230456,0.2333845,0.05310996794,-0.0029285,0.063071,1.256727048,25.72,
2022-05-30,,,,,,,26.54,
2022-05-31,0.239826,0.236302,0.05751651028,0.003524,0.063958,1.189881795,26.19,
2022-06-01,0.2359835,0.2364485,0.05568821227,-0.000465,0.05617,1.149112262,25.69,
2022-06-02,0.221985,0.227284,0.04927734022,-0.005299,0.064581,1.283187484,24.72,
2022-06-03,0.228302,0.23368,0.0521218032,-0.005378,0.063586,1.26879823,24.79,
2022-06-06,0.2278725,0.231036,0.05192587626,-0.0031635,0.063529,1.257562373,25.07,
2022-06-07,0.2196495,0.22678,0.04824590285,-0.0071305,0.05929,1.32654463,24.02,
2022-06-08,0.220661,0.2282675,0.04869127692,-0.0076065,0.064934,1.149866583,23.96,
2022-06-09,0.2429515,0.241358,0.05902543135,0.0015935,0.059551,1.300814554,26.09,
2022-06-10,0.2600165,0.254543,0.06760858027,0.0054735,0.047903,1.715572305,27.75,
2022-06-13,0.308966,0.282471,0.09545998916,0.026495,0.078697,1.551769101,34.02,
2022-06-14,0.2881905,0.2703345,0.08305376429,0.017856,0.063684,1.296822825,32.69,
2022-06-15,0.269174,0.2558345,0.07245464228,0.0133395,0.06031,1.160250115,29.62,
2022-06-16,0.2910325,0.271741,0.08469991606,0.0192915,0.075526,1.444852181,32.95,
2022-06-17,0.2744005,0.266449,0.0752956344,0.0079515,0.055899,1.260581158,31.13,
2022-06-20,,,,,,,31.03,
2022-06-21,0.2686805,0.258442,0.07218921108,0.0102385,0.059988,1.254616944,30.19,
2022-06-22,0.264698,0.2566705,0.0700650312,0.0080275,0.045153,1.530061927,28.95,
2022-06-23,0.2614825,0.2545655,0.06837309781,0.006917,0.053515,1.328232736,29.05,
2022-06-24,0.245952,0.243916,0.0604923863,0.002036,0.065723,1.265972027,27.23,
2022-06-27,0.2450075,0.24081,0.06002867506,0.0041975,0.057846,1.277427946,26.95,
2022-06-28,0.2564005,0.2501715,0.0657412164,0.006229,0.054258,1.302390138,28.36,
2022-06-29,0.256313,0.249953,0.06569635397,0.00636,0.050006,1.272824134,28.16,
2022-06-30,0.260169,0.2537405,0.06768790856,0.0064285,0.072535,1.416360535,28.71,
2022-07-01,0.247041,0.2458225,0.06102925568,0.0012185,0.064121,1.244388314,26.7,
2022-07-04,,,,,,,27.53,
2022-07-05,0.255619,0.2479835,0.06534107316,0.0076355,0.068313,1.147703469,27.54,
2022-07-06,0.2508375,0.245774,0.06291945141,0.0050635,0.06379,1.083930717,26.73,
2022-07-07,0.2395215,0.239026,0.05737054896,0.0004955,0.062861,1.343314583,26.08,
2022-07-08,0.2295585,0.234791,0.05269710492,-0.0052325,0.060372,1.273217044,24.64,
2022-07-11,0.244037,0.242844,0.05955405737,0.001193,0.067049,1.213937971,26.17,
2022-07-12,0.249609,0.2459015,0.06230465288,0.0037075,0.069617,1.440571144,27.29,
2022-07-13,0.2472835,0.245073,0.06114912937,0.0022105,0.056123,1.762094022,26.82,
2022-07-14,0.2443015,0.244899,0.0596832229,-0.0005975,0.059921,1.432651072,26.4,
2022-07-15,0.222041,0.2298935,0.04930220568,-0.0078525,0.06713,1.403164811,24.23,
2022-07-18,0.2346525,0.238466,0.05506179576,-0.0038135,0.066172,1.477541217,25.3,
2022-07-19,0.226453,0.231023,0.05128096121,-0.00457,0.064359,1.452493037,24.5,
2022-07-20,0.220939,0.2286155,0.04881404172,-0.0076765,0.057906,1.225936777,23.88,
2022-07-21,0.2085295,0.2216915,0.04348455237,-0.013162,0.056998,1.202744939,23.11,
2022-07-22,0.20772,0.2218635,0.0431475984,-0.0141435,0.058262,1.404698197,23.03,
2022-07-25,0.2102415,0.2225655,0.04420148832,-0.012324,0.055329,1.542381522,23.36,
2022-07-26,0.226137,0.230901,0.05113794277,-0.004764,0.061144,1.554488933,24.69,
2022-07-27,0.2059505,0.218018,0.04241560845,-0.0120675,0.051641,1.494232968,23.24,
2022-07-28,0.1971945,0.2106495,0.03888567083,-0.013455,0.050254,1.452101846,22.33,
2022-07-29,0.1892195,0.205519,0.03580401918,-0.0162995,0.048903,1.396245799,21.33,
2022-08-01,0.201197,0.2156355,0.04048023281,-0.0144385,0.055832,1.508476518,22.84,
2022-08-02,0.2116345,0.222538,0.04478916159,-0.0109035,0.066107,1.471537795,23.93,
2022-08-03,0.1937805,0.210616,0.03755088218,-0.0168355,0.054832,1.265259408,21.95,
2022-08-04,0.1908875,0.211521,0.03643803766,-0.0206335,0.058808,1.084643223,21.44,
2022-08-05,0.183684,0.2087555,0.03373981186,-0.0250715,0.059522,1.400362922,21.15,
2022-08-08,0.1886405,0.21279,0.03558523824,-0.0241495,0.058693,1.342809163,21.29,
2022-08-09,0.1937445,0.21484,0.03753693128,-0.0210955,0.064998,1.403592145,21.77,
2022-08-10,0.1738745,0.2016475,0.03023234175,-0.027773,0.05195,1.461269236,19.74,
2022-08-11,0.1760345,0.2034795,0.03098814519,-0.027445,0.055503,1.394811845,20.2,
2022-08-12,0.169634,0.1976505,0.02877569396,-0.0280165,0.047198,1.45658852,19.53,
2022-08-15,0.1741595,0.198894,0.03033153144,-0.0247345,0.046596,1.197512031,19.95,
2022-08-16,0.1734355,0.198917,0.03007987266,-0.0254815,0.047396,1.625177879,19.69,
2022-08-17,0.1815315,0.2041485,0.03295368549,-0.022617,0.051677,1.362863318,19.9,
2022-08-18,0.1736685,0.1999495,0.03016074789,-0.026281,0.05474,1.498860639,19.56,
2022-08-19,0.1830365,0.2081865,0.03350236033,-0.02515,0.051827,1.336760311,20.6,
2022-08-22,0.2116085,0.2232625,0.04477815727,-0.011654,0.065933,1.432379616,23.8,
2022-08-23,0.2112955,0.2226855,0.04464578832,-0.01139,0.060563,1.273775842,24.11,
2022-08-24,0.2021105,0.2164585,0.04084865421,-0.014348,0.0598,1.219998043,22.82,
2022-08-25,0.1917775,0.207917,0.03677860951,-0.0161395,0.05997,1.324212997,21.78,
2022-08-26,0.224946,0.2309295,0.05060070292,-0.0059835,0.060079,1.294422595,25.56,
2022-08-29,0.2329655,0.233581,0.05427292419,-0.0006155,0.057835,1.636551382,26.21,
2022-08-30,0.2363255,0.236766,0.05584974195,-0.0004405,0.065879,1.504233414,26.21,
2022-08-31,0.234539,0.236724,0.05500854252,-0.002185,0.059112,1.387700308,25.87,
2022-09-01,0.225916,0.2316075,0.05103803906,-0.0056915,0.06801,1.394666839,25.56,
2022-09-02,0.2309485,0.236385,0.05333720965,-0.0054365,0.074432,1.344951477,25.47,
2022-09-05,,,,,,,25.99,
2022-09-06,0.2421405,0.2416395,0.05863202174,0.000501,0.06552,1.553732493,26.91,
2022-09-07,0.223397,0.230087,0.04990621961,-0.00669,0.06063,1.460342589,24.64,
2022-09-08,0.213219,0.224159,0.04546234196,-0.01094,0.057537,1.460671825,23.61,
2022-09-09,0.206606,0.2192485,0.04268603924,-0.0126425,0.048247,1.503499684,22.79,
2022-09-12,0.2163185,0.22019,0.04679369344,-0.0038715,0.050979,1.335382038,23.87,
2022-09-13,0.241351,0.2424385,0.0582503052,-0.0010875,0.053485,1.778824682,27.27,
2022-09-14,0.236439,0.238644,0.05590340072,-0.002205,0.062719,1.430482601,26.16,
2022-09-15,0.240993,0.241763,0.05807762605,-0.00077,0.054715,1.231471861,26.27,
2022-09-16,0.243649,0.2446905,0.0593648352,-0.0010415,0.047861,1.7147581,26.3,
2022-09-19,0.242019,0.2406275,0.05857319636,0.0013915,0.053437,1.467156872,25.76,
2022-09-20,0.255938,0.2480395,0.06550425984,0.0078985,0.061472,1.403519617,27.16,
2022-09-21,0.2644285,0.254005,0.06992243161,0.0104235,0.043478,1.21934023,27.99,
2022-09-22,0.255426,0.250274,0.06524244148,0.005152,0.037672,1.560874033,27.35,
2022-09-23,0.27169,0.258483,0.0738154561,0.013207,0.069578,1.637685398,29.92,
2022-09-26,0.290546,0.270247,0.08441697812,0.020299,0.062598,1.432293113,32.26,
2022-09-27,0.2941675,0.27255,0.08653451806,0.0216175,0.077302,1.429561146,32.6,
2022-09-28,0.2726165,0.2632065,0.07431975607,0.00941,0.062168,1.463876869,30.18,
2022-09-29,0.284775,0.269956,0.08109680063,0.014819,0.067268,1.411116161,31.84,
2022-09-30,0.2866445,0.2731975,0.08216506938,0.013447,0.065581,1.307443735,31.62,
2022-10-03,0.269854,0.259452,0.07282118132,0.010402,0.06573,1.539650637,30.1,
2022-10-04,0.2586635,0.2503995,0.06690680623,0.008264,0.068393,1.465500952,29.07,
2022-10-05,0.2586605,0.251625,0.06690525426,0.0070355,0.06554,1.475490894,28.55,
2022-10-06,0.2729915,0.2596515,0.07452435907,0.01334,0.063183,1.258003851,30.52,
2022-10-07,0.2805715,0.2675465,0.07872036661,0.013025,0.054937,1.365795337,31.36,
2022-10-10,0.292727,0.276671,0.08568909653,0.016056,0.05324,1.454547579,32.45,
2022-10-11,0.30049,0.280422,0.0902942401,0.020068,0.057399,1.332463294,33.63,
2022-10-12,0.3031975,0.2802495,0.09192872401,0.022948,0.049934,1.394813539,33.57,
2022-10-13,0.2928795,0.2734,0.08577840152,0.0194795,0.042981,1.720756822,31.94,
2022-10-14,0.2912885,0.2760195,0.08484899023,0.015269,0.055053,1.293051801,32.02,
2022-10-17,0.2868025,0.2703785,0.08225567401,0.016424,0.051001,1.456299988,31.37,
2022-10-18,0.281569,0.265146,0.07928110176,0.016423,0.055769,1.256837204,30.5,
2022-10-19,0.28474,0.2682705,0.0810768676,0.0164695,0.046986,1.351518223,30.76,
2022-10-20,0.280468,0.2674,0.07866229902,0.013068,0.040439,1.351872648,29.98,
2022-10-21,0.2778135,0.265055,0.07718034078,0.0127585,0.041639,1.435640474,29.69,
2022-10-24,0.2790265,0.2644685,0.0778557877,0.014558,0.040341,1.269675465,29.85,
2022-10-25,0.266747,0.255712,0.07115396201,0.011035,0.038292,1.37505314,28.46,
2022-10-26,0.2595335,0.2517785,0.06735763762,0.007755,0.036878,1.414141629,27.28,
2022-10-27,0.255663,0.2487065,0.06536356957,0.0069565,0.042076,1.429843889,27.39,
2022-10-28,0.246696,0.242285,0.06085891642,0.004411,0.037044,1.363531366,25.75,
2022-10-31,0.2456035,0.24273,0.06032107921,0.0028735,0.032708,1.086023855,25.88,
2022-11-01,0.2448985,0.2417665,0.0599752753,0.003132,0.028137,1.299264149,25.81,
2022-11-02,0.245652,0.2472465,0.0603449051,-0.0015945,0.022557,1.292767503,25.86,
2022-11-03,0.241615,0.2449975,0.05837780823,-0.0033825,0.024296,1.526135099,25.3,
2022-11-04,0.234042,0.2398535,0.05477565776,-0.0058115,0.036868,1.323870024,24.55,
2022-11-07,0.233442,0.2385065,0.05449516736,-0.0050645,0.027044,1.209312413,24.35,
2022-11-08,0.240801,0.2422785,0.0579851216,-0.0014775,0.033948,1.294118133,25.54,
2022-11-09,0.246742,0.2481785,0.06088161456,-0.0014365,0.034454,1.300399424,26.09,
2022-11-10,0.223773,0.232168,0.05007435553,-0.008395,0.032994,1.322704494,23.53,
2022-11-11,0.210013,0.225808,0.04410546017,-0.015795,0.041582,1.072180255,22.52,
2022-11-14,0.21868,0.229025,0.0478209424,-0.010345,0.036937,1.263969747,23.73,
2022-11-15,0.21788,0.227043,0.0474716944,-0.009163,0.051238,1.239196996,24.54,
2022-11-16,0.2199345,0.2273225,0.04837118429,-0.007388,0.043704,1.416857999,24.11,
2022-11-17,0.2182655,0.2263755,0.04763982849,-0.00811,0.048021,1.352584091,23.93,
2022-11-18,0.213158,0.22346,0.04543633296,-0.010302,0.044898,1.031183828,23.12,
2022-11-21,0.2098015,0.22056,0.0440166694,-0.0107585,0.042885,1.191631694,22.36,
2022-11-22,0.1994165,0.212686,0.03976694047,-0.0132695,0.043141,1.301170666,21.29,
2022-11-23,0.189312,0.2067985,0.03583903334,-0.0174865,0.04678,1.122816312,20.35,
2022-11-24,,,,,,,20.42,
2022-11-25,0.1895995,0.2078055,0.0359479704,-0.018206,0.049669,1.325917935,20.5,
2022-11-28,0.208814,0.2204695,0.0436032866,-0.0116555,0.044446,1.255789126,22.21,
2022-11-29,0.2075225,0.219291,0.04306558801,-0.0117685,0.042196,1.245888162,21.89,
2022-11-30,0.1922235,0.206689,0.03694987395,-0.0144655,0.052383,1.332998282,20.58,
2022-12-01,0.189651,0.2048695,0.0359675018,-0.0152185,0.037854,1.165555331,19.84,
2022-12-02,0.1821795,0.2010785,0.03318937022,-0.018899,0.038265,1.292669166,19.06,
2022-12-05,0.1978445,0.210948,0.03914244618,-0.0131035,0.039634,1.088383347,20.75,
2022-12-06,0.213132,0.2209505,0.04542524942,-0.0078185,0.046334,1.217090641,22.17,
2022-12-07,0.218759,0.225093,0.04785550008,-0.006334,0.044195,1.123851589,22.68,
2022-12-08,0.2124085,0.219689,0.04511737087,-0.0072805,0.047711,1.015596939,22.29,
2022-12-09,0.216839,0.2249075,0.04701915192,-0.0080685,0.043524,1.28425586,22.83,
2022-12-12,0.230649,0.225692,0.0531989612,0.004957,0.046155,1.308876193,25,
2022-12-13,0.2064915,0.2117435,0.04263873957,-0.005252,0.0383,1.113692739,22.55,
2022-12-14,0.1946635,0.2087025,0.03789387823,-0.014039,0.030878,1.053543218,21.14,
2022-12-15,0.2052435,0.2221515,0.04212489429,-0.016908,0.040764,1.297225965,22.83,
2022-12-16,0.2078715,0.227054,0.04321056051,-0.0191825,0.032179,1.298464668,22.62,
2022-12-19,0.2101485,0.226647,0.04416239205,-0.0164985,0.029772,1.53599235,22.42,
2022-12-20,0.204459,0.222202,0.04180348268,-0.017743,0.032848,1.231038181,21.48,
2022-12-21,0.1925145,0.2141265,0.03706183271,-0.021612,0.033572,1.202007302,20.07,
2022-12-22,0.2091945,0.2241075,0.04376233883,-0.014913,0.039015,1.291320345,21.97,
2022-12-23,0.201619,0.219846,0.04065022116,-0.018227,0.040161,1.182683216,20.87,
2022-12-27,0.211632,0.224522,0.04478810342,-0.01289,0.036011,1.265757136,21.65,
2022-12-28,0.21799,0.226945,0.0475196401,-0.008955,0.032078,1.421799864,22.14,
2022-12-29,0.2095295,0.220778,0.04390261137,-0.0112485,0.037772,1.309545772,21.44,
2022-12-30,0.2096005,0.2214865,0.0439323696,-0.011886,0.040919,1.381621676,21.67,
2023-01-03,0.218001,0.2225195,0.047524436,-0.0045185,0.032973,1.115143603,22.9,
2023-01-04,0.210149,0.214737,0.0441626022,-0.004588,0.038881,1.565289679,22.01,
2023-01-05,0.2151015,0.217348,0.0462686553,-0.0022465,0.034042,1.222362481,22.46,
2023-01-06,0.2002145,0.207209,0.04008584601,-0.0069945,0.037369,1.286067874,21.13,
2023-01-09,0.2091485,0.2119775,0.04374309505,-0.002829,0.033686,1.306271176,21.97,
2023-01-10,0.1988355,0.20334,0.03953555606,-0.0045045,0.035845,1.234935209,20.58,
2023-01-11,0.2022085,0.202531,0.04088827747,-0.0003225,0.039936,1.543944025,21.09,
2023-01-12,0.178804,0.1900875,0.03197087042,-0.0112835,0.033121,1.282750421,18.83,
2023-01-13,0.1687495,0.1825485,0.02847639375,-0.013799,0.034406,1.387788876,18.35,
2023-01-16,,,,,,,19.49,
2023-01-17,0.1759235,0.187075,0.03094907785,-0.0111515,0.039673,1.195755174,19.36,
2023-01-18,0.1853915,0.195887,0.03437000827,-0.0104955,0.041384,1.284277162,20.34,
2023-01-19,0.1886275,0.197557,0.03558033376,-0.0089295,0.042273,1.335724538,20.52,
2023-01-20,0.1792295,0.187063,0.03212321367,-0.0078335,0.044856,1.328383359,19.85,
2023-01-23,0.17892,0.1846965,0.0320123664,-0.0057765,0.041222,1.306467431,19.81,
2023-01-24,0.1766575,0.1815195,0.03120787231,-0.004862,0.036181,1.253060239,19.2,
2023-01-25,0.174801,0.17887,0.0305553896,-0.004069,0.042737,1.286481021,19.08,
2023-01-26,0.170415,0.1746615,0.02904127223,-0.0042465,0.043826,1.057356669,18.73,
2023-01-27,0.1669755,0.1725625,0.0278808176,-0.005587,0.039479,1.147336467,18.51,
2023-01-30,0.183739,0.182666,0.03376002012,0.001073,0.045384,1.207549669,19.94,
2023-01-31,0.174413,0.1753685,0.03041989457,-0.0009555,0.04843,1.314032376,19.4,
2023-02-01,0.1634505,0.1698325,0.02671606595,-0.006382,0.046631,1.278106225,17.87,
2023-02-02,0.16163,0.1687475,0.0261242569,-0.0071175,0.0457,1.248522616,18.73,
2023-02-03,0.165123,0.173713,0.02726560513,-0.00859,0.040012,1.286219916,18.33,
2023-02-06,0.175234,0.1804095,0.03070695476,-0.0051755,0.044207,1.240912467,19.43,
2023-02-07,0.1681985,0.1744385,0.0282907354,-0.00624,0.037181,1.20819149,18.66,
2023-02-08,0.179149,0.1839235,0.0320943642,-0.0047745,0.04526,1.03655828,19.63,
2023-02-09,0.190609,0.1911315,0.03633179088,-0.0005225,0.053868,1.161425855,20.71,
2023-02-10,0.189555,0.191456,0.03593109803,-0.001901,0.049579,1.346843094,20.53,
2023-02-13,0.185086,0.185319,0.0342568274,-0.000233,0.05421,1.451473235,20.34,
2023-02-14,0.170771,0.177862,0.02916273444,-0.007091,0.044133,1.25452423,18.91,
2023-02-15,0.166628,0.1735795,0.02776489038,-0.0069515,0.049981,1.166949089,18.23,
2023-02-16,0.1816585,0.1835845,0.03299981062,-0.001926,0.055124,1.32199647,20.17,
2023-02-17,0.179729,0.1825915,0.03230251344,-0.0028625,0.056927,1.225740766,20.02,
2023-02-20,,,,,,,21.23,
2023-02-21,0.2075865,0.199121,0.04309215498,0.0084655,0.057666,1.209125234,22.87,
2023-02-22,0.2016555,0.1950115,0.04066494068,0.006644,0.060247,1.171450135,22.29,
2023-02-23,0.1907845,0.1875225,0.03639872544,0.003262,0.048083,1.104636307,21.14,
2023-02-24,0.1975125,0.194343,0.03901118766,0.0031695,0.051457,1.179877411,21.67,
2023-02-27,0.1935285,0.1900555,0.03745328031,0.003473,0.046758,1.335449475,20.95,
2023-02-28,0.191605,0.1881865,0.03671247602,0.0034185,0.027331,1.224036842,20.7,
2023-03-01,0.194473,0.190479,0.03781974773,0.003994,0.040437,1.219634045,20.58,
2023-03-02,0.1861595,0.1850795,0.03465535944,0.00108,0.040148,1.448076593,19.59,
2023-03-03,0.17316,0.1781505,0.0299843856,-0.0049905,0.036269,1.524155933,18.49,
2023-03-06,0.1754105,0.177699,0.03076884351,-0.0022885,0.03071,1.346664029,18.61,
2023-03-07,0.1860235,0.183126,0.03460474255,0.0028975,0.033638,1.204161146,19.59,
2023-03-08,0.180063,0.178946,0.03242268397,0.001117,0.035052,1.369577015,19.11,
2023-03-09,0.20892,0.197515,0.0436475664,0.011405,0.040167,1.438262498,22.61,
2023-03-10,0.22077,0.207618,0.0487393929,0.013152,0.052287,1.62808818,24.8,
2023-03-13,0.2398745,0.217449,0.05753977575,0.0224255,0.061749,1.461933988,26.52,
2023-03-14,0.21041,0.2020935,0.0442723681,0.0083165,0.054562,1.465186464,23.73,
2023-03-15,0.2245215,0.214377,0.05040990396,0.0101445,0.078092,1.424663795,26.14,
2023-03-16,0.1999095,0.19837,0.03996380819,0.0015395,0.058609,1.278929221,22.99,
2023-03-17,0.225139,0.2205995,0.05068756932,0.0045395,0.073596,1.150995958,25.51,
2023-03-20,0.212509,0.2090985,0.04516007508,0.0034105,0.072977,1.401793958,24.15,
2023-03-21,0.192169,0.195521,0.03692892456,-0.003352,0.059642,1.396544676,21.38,
2023-03-22,0.205079,0.205217,0.04205739624,-0.000138,0.044375,1.418578818,22.26,
2023-03-23,0.205509,0.2060795,0.04223394908,-0.0005705,0.057033,1.669873726,22.61,
2023-03-24,0.1971375,0.2001585,0.03886319391,-0.003021,0.066729,1.499352163,21.74,
2023-03-27,0.1898135,0.193877,0.03602916478,-0.0040635,0.06044,1.16416819,20.6,
2023-03-28,0.1856855,0.191425,0.03447910491,-0.0057395,0.051666,1.227743526,19.97,
2023-03-29,0.1755765,0.183786,0.03082710735,-0.0082095,0.050806,1.505942148,19.12,
2023-03-30,0.172258,0.182394,0.02967281856,-0.010136,0.051989,1.344162519,19.02,
2023-03-31,0.169958,0.1801185,0.02888572176,-0.0101605,0.047447,1.634907884,18.7,
2023-04-03,0.166124,0.1757195,0.02759718338,-0.0095955,0.04535,1.374017462,18.55,
2023-04-04,0.169648,0.177907,0.0287804439,-0.008259,0.052544,1.407687612,19,
2023-04-05,0.170871,0.179722,0.02919689864,-0.008851,0.050298,1.543316763,19.08,
2023-04-06,0.165439,0.175666,0.02737006272,-0.010227,0.050466,1.379040767,18.4,
2023-04-10,0.1687755,0.1766935,0.0284851694,-0.007918,0.053968,1.136924923,18.97,
2023-04-11,0.170338,0.176523,0.02901503424,-0.006185,0.052705,1.191326959,19.1,
2023-04-12,0.169623,0.1759635,0.02877196213,-0.0063405,0.05543,1.102443612,19.09,
2023-04-13,0.156418,0.1677335,0.02446659072,-0.0113155,0.048262,1.359520922,17.8,
2023-04-14,0.1505995,0.165151,0.0226802094,-0.0145515,0.04191,1.178068085,17.07,
2023-04-17,0.1468975,0.160519,0.02157887551,-0.0136215,0.047117,1.182428759,16.95,
2023-04-18,0.1446135,0.1597505,0.02091306438,-0.015137,0.043993,1.122146337,16.83,
2023-04-19,0.142654,0.1595235,0.02035016372,-0.0168695,0.04996,1.314890545,16.46,
2023-04-20,0.149407,0.163871,0.02232245165,-0.014464,0.064237,1.228942096,17.17,
2023-04-21,0.14455,0.162036,0.0208947025,-0.017486,0.054839,1.200416059,16.77,
2023-04-24,0.1449755,0.1618035,0.0210178956,-0.016828,0.058091,1.024193511,16.89,
2023-04-25,0.17249,0.179253,0.0297528001,-0.006763,0.064234,1.05793379,18.76,
2023-04-26,0.1692615,0.1773495,0.02864945538,-0.008088,0.058737,1.226681108,18.84,
2023-04-27,0.1452505,0.16327,0.02109770775,-0.0180195,0.058879,1.263009153,17.03,
2023-04-28,0.1339325,0.1569155,0.01793791456,-0.022983,0.055968,1.298771808,15.78,
2023-05-01,0.1372575,0.157795,0.01883962131,-0.0205375,0.046761,1.145745753,16.08,
2023-05-02,0.1542615,0.168069,0.02379661038,-0.0138075,0.05899,1.100998668,17.78,
2023-05-03,0.1629655,0.1747405,0.02655775419,-0.011775,0.064296,1.183534409,18.34,
2023-05-04,0.176196,0.183791,0.03104503042,-0.007595,0.07145,1.271337079,20.09,
2023-05-05,0.1459665,0.1657375,0.02130621912,-0.019771,0.068653,1.231694616,17.19,
2023-05-08,0.1458995,0.1650395,0.0212866641,-0.01914,0.066266,1.267320019,16.98,
2023-05-09,0.1537305,0.169418,0.02363306663,-0.0156875,0.06715,1.18859065,17.71,
2023-05-10,0.143602,0.163242,0.0206215344,-0.01964,0.064519,1.004097267,16.94,
2023-05-11,0.142018,0.161622,0.02016911232,-0.019604,0.067214,1.184330612,16.93,
2023-05-12,0.140685,0.161784,0.01979226923,-0.021099,0.066565,1.093315306,17.03,
2023-05-15,0.1385055,0.157132,0.01918377353,-0.0186265,0.070612,1.258748921,17.12,
2023-05-16,0.1491855,0.1635785,0.02225631341,-0.014393,0.06816,1.285499991,17.99,
2023-05-17,0.139027,0.1533105,0.01932850673,-0.0142835,0.06445,1.327080718,16.87,
2023-05-18,0.131704,0.14694,0.01734594362,-0.015236,0.054615,1.156644326,16.05,
2023-05-19,0.137135,0.1506055,0.01880600823,-0.0134705,0.05573,1.337837247,16.81,
2023-05-22,0.140668,0.152487,0.01978748622,-0.011819,0.064392,1.321476235,17.21,
2023-05-23,0.154361,0.1603295,0.02382731832,-0.0059685,0.068475,1.231001666,18.53,
2023-05-24,0.167374,0.167451,0.02801405588,-7.7e-05,0.078625,1.126545706,20.03,
2023-05-25,0.155237,0.1599955,0.02409852617,-0.0047585,0.070984,1.051597873,19.14,
2023-05-26,0.1433555,0.1532005,0.02055079938,-0.009845,0.066101,1.418824373,17.95,
2023-05-29,,,,,,,17.46,
2023-05-30,0.1413115,0.1519405,0.01996894003,-0.010629,0.0613,1.341995061,17.46,
2023-05-31,0.1411675,0.1515845,0.01992826306,-0.010417,0.055495,1.282947502,17.94,
2023-06-01,0.126389,0.142403,0.01597417932,-0.016014,0.05613,1.170799675,15.65,
2023-06-02,0.1185915,0.1355745,0.01406394387,-0.016983,0.035853,1.085061811,14.6,
2023-06-05,0.121876,0.1370095,0.01485375938,-0.0151335,0.036883,1.296644734,14.73,
2023-06-06,0.114852,0.1308775,0.0131909819,-0.0160255,0.031192,1.269401334,13.96,
2023-06-07,0.113929,0.1301795,0.01297981704,-0.0162505,0.035867,1.110045935,13.94,
2023-06-08,0.110152,0.1267145,0.0121334631,-0.0165625,0.035998,1.215684775,13.65,
2023-06-09,0.109925,0.1265905,0.01208350562,-0.0166655,0.038533,1.127966292,13.83,
2023-06-12,0.1183425,0.1288415,0.01400494731,-0.010499,0.04088,1.424228503,15.01,
2023-06-13,0.1164805,0.1286845,0.01356770688,-0.012204,0.035905,1.089732995,14.61,
2023-06-14,0.113638,0.127451,0.01291359504,-0.013813,0.03633,1.085216889,13.88,
2023-06-15,0.1173135,0.129073,0.01376245728,-0.0117595,0.036248,0.9778386183,14.5,
2023-06-16,0.113894,0.1301615,0.01297184324,-0.0162675,0.0289,1.046568902,13.54,
2023-06-19,,,,,,,14.19,
2023-06-20,0.1203575,0.134907,0.01448592781,-0.0145495,0.025377,1.214478869,13.88,
2023-06-21,0.1149445,0.132113,0.01321223808,-0.0171685,0.032469,1.070047514,13.2,
2023-06-22,0.110825,0.1284665,0.01228218063,-0.0176415,0.033054,1.058117982,12.91,
2023-06-23,0.1139425,0.1312345,0.01298289331,-0.017292,0.037234,1.111375057,13.44,
2023-06-26,0.117806,0.1325745,0.01387825364,-0.0147685,0.039268,1.088957468,14.25,
2023-06-27,0.113759,0.126697,0.01294111008,-0.012938,0.032331,1.244978485,13.74,
2023-06-28,0.1114565,0.122031,0.01242255139,-0.0105745,0.039204,0.9065325345,13.43,
2023-06-29,0.1114845,0.123256,0.01242879374,-0.0117715,0.032802,0.9076283048,13.54,
2023-06-30,0.1082745,0.1200905,0.01172336735,-0.011816,0.025574,1.350079959,13.59,
2023-07-03,0.1122275,0.1221005,0.01259501176,-0.009873,0.027594,0.8867792762,13.57,
2023-07-04,,,,,,,13.7,
2023-07-05,0.117846,0.1268055,0.01388767972,-0.0089595,0.031761,1.261348935,14.18,
2023-07-06,0.1259585,0.133985,0.01586554372,-0.0080265,0.039149,1.054413552,15.44,
2023-07-07,0.122168,0.1336115,0.01492502022,-0.0114435,0.040882,1.071807283,14.83,
2023-07-10,0.124693,0.133388,0.01554834425,-0.008695,0.045,0.9316255495,15.07,
2023-07-11,0.123372,0.1298605,0.01522065038,-0.0064885,0.033396,0.8843258771,14.84,
2023-07-12,0.112005,0.121051,0.01254512002,-0.009046,0.034327,1.040845136,13.54,
2023-07-13,0.112739,0.1193165,0.01271008212,-0.0065775,0.027239,1.12322465,13.61,
2023-07-14,0.1107475,0.119764,0.01226500876,-0.0090165,0.033435,1.010415638,13.34,
2023-07-17,0.1144305,0.1227535,0.01309433933,-0.008323,0.027612,1.177969402,13.48,
2023-07-18,0.1141695,0.121704,0.01303467473,-0.0075345,0.0239,1.235221158,13.3,
2023-07-19,0.117335,0.1247825,0.01376750222,-0.0074475,0.025575,0.8251062738,13.76,
2023-07-20,0.117645,0.1257505,0.01384034603,-0.0081055,0.03096,1.228085344,13.99,
2023-07-21,0.114432,0.124016,0.01309468262,-0.009584,0.027085,1.350305585,13.6,
2023-07-24,0.1150475,0.1228985,0.01323592726,-0.007851,0.029113,1.451720948,13.91,
2023-07-25,0.116774,0.1244465,0.01363616708,-0.0076725,0.028506,1.364688439,13.86,
2023-07-26,0.1098975,0.1209775,0.01207746051,-0.01108,0.030488,1.124154219,13.19,
2023-07-27,0.1187815,0.127336,0.01410904474,-0.0085545,0.036189,1.190300551,14.41,
2023-07-28,0.1105285,0.1222375,0.01221654931,-0.011709,0.0289,1.425428331,13.33,
2023-07-31,0.1132835,0.1246785,0.01283315137,-0.011395,0.032713,1.220733705,13.63,
2023-08-01,0.1164515,0.1280915,0.01356095185,-0.01164,0.029375,1.168298299,13.93,
2023-08-02,0.132848,0.1407935,0.0176485911,-0.0079455,0.035008,1.263389913,16.09,
2023-08-03,0.1344985,0.1422075,0.0180898465,-0.007709,0.035435,1.349555854,15.92,
2023-08-04,0.1382315,0.145803,0.01910794759,-0.0075715,0.051253,1.300763542,17.1,
2023-08-07,0.1284335,0.137951,0.01649516392,-0.0095175,0.044715,1.526446185,15.77,
2023-08-08,0.1324955,0.141828,0.01755505752,-0.0093325,0.043418,1.251605141,15.99,
2023-08-09,0.1368575,0.144812,0.01872997531,-0.0079545,0.048245,1.110856836,15.96,
2023-08-10,0.1343495,0.1436335,0.01804978815,-0.009284,0.047893,1.29829969,15.85,
2023-08-11,0.1282395,0.1406395,0.01644536936,-0.0124,0.050837,1.220173328,14.84,
2023-08-14,0.1252655,0.1377915,0.01569144549,-0.012526,0.047142,1.273986163,14.82,
2023-08-15,0.1396895,0.148775,0.01951315641,-0.0090855,0.042854,1.210690926,16.46,
2023-08-16,0.148166,0.1537455,0.02195316356,-0.0055795,0.047222,1.162870817,16.78,
2023-08-17,0.1559415,0.159984,0.02431775142,-0.0040425,0.052279,1.381656158,17.89,
2023-08-18,0.1491515,0.1558325,0.02224616995,-0.006681,0.053681,1.357528623,17.3,
2023-08-21,0.14578,0.1511545,0.0212518084,-0.0053745,0.049296,1.201768954,17.13,
2023-08-22,0.146021,0.1510855,0.02132213244,-0.0050645,0.046188,1.138095035,16.97,
2023-08-23,0.135583,0.144171,0.01838274989,-0.008588,0.051083,1.534223913,15.98,
2023-08-24,0.147994,0.152656,0.02190222404,-0.004662,0.042743,1.4904892,17.2,
2023-08-25,0.135138,0.1442575,0.01826227904,-0.0091195,0.046314,1.615632407,15.68,
2023-08-28,0.1313305,0.1401185,0.01724770023,-0.008788,0.039573,1.638678133,15.08,
2023-08-29,0.123209,0.133705,0.01518045768,-0.010496,0.037776,1.620468541,14.45,
2023-08-30,0.117031,0.1298915,0.01369625496,-0.0128605,0.033966,1.241682246,13.88,
2023-08-31,0.11562,0.128472,0.0133679844,-0.012852,0.028589,1.189863608,13.57,
2023-09-01,0.1108945,0.1259815,0.01229759013,-0.015087,0.032847,1.339954811,13.09,
2023-09-04,,,,,,,13.82,
2023-09-05,0.119077,0.129325,0.01417933193,-0.010248,0.032781,1.464676149,14.01,
2023-09-06,0.123422,0.1332785,0.01523299008,-0.0098565,0.037779,1.273218753,14.45,
2023-09-07,0.1257805,0.134124,0.01582073418,-0.0083435,0.036387,1.351598819,14.4,
2023-09-08,0.1199845,0.1304505,0.01439628024,-0.010466,0.039018,1.097066418,13.84,
2023-09-11,0.1180225,0.1275245,0.01392931051,-0.009502,0.033905,1.223735669,13.8,
2023-09-12,0.1223495,0.1297665,0.01496940015,-0.007417,0.036175,1.278594852,14.23,
2023-09-13,0.1154895,0.126566,0.01333782461,-0.0110765,0.030024,1.410385805,13.48,
2023-09-14,0.106349,0.1205075,0.0113101098,-0.0141585,0.029475,1.299457945,12.82,
2023-09-15,0.1160845,0.1286995,0.01347561114,-0.012615,0.034429,1.065844494,13.79,
2023-09-18,0.1204925,0.1299155,0.01451844256,-0.009423,0.035803,1.377831047,14,
2023-09-19,0.1221335,0.130627,0.01491659182,-0.0084935,0.033423,1.072180186,14.11,
2023-09-20,0.1307555,0.1364895,0.01709700078,-0.005734,0.037243,1.226797243,15.14,
2023-09-21,0.1489495,0.1486985,0.02218595355,0.000251,0.04138,1.336677236,17.54,
2023-09-22,0.148725,0.149521,0.02211912562,-0.000796,0.043103,1.374206059,17.2,
2023-09-25,0.1482335,0.1491155,0.02197317052,-0.000882,0.042281,1.638481597,16.9,
2023-09-26,0.166138,0.1642135,0.02760183504,0.0019245,0.045719,1.462266525,18.94,
2023-09-27,0.1610735,0.159301,0.0259446724,0.0017725,0.04613,1.583363562,18.22,
2023-09-28,0.152856,0.1524005,0.02336495674,0.0004555,0.040519,1.29784991,17.34,
2023-09-29,0.155688,0.1540135,0.02423875334,0.0016745,0.041809,1.269600562,17.52,
2023-10-02,0.158873,0.156381,0.02524063013,0.002492,0.040391,1.083219698,17.61,
2023-10-03,0.1766995,0.1704235,0.0312227133,0.006276,0.044115,1.219462109,19.78,
2023-10-04,0.1652705,0.1633915,0.02731433817,0.001879,0.032292,1.492212734,18.58,
2023-10-05,0.163109,0.162349,0.02660454588,0.00076,0.039737,1.268707901,18.49,
2023-10-06,0.1552515,0.156161,0.02410302825,-0.0009095,0.038345,1.342320624,17.45,
2023-10-09,0.1560015,0.1560285,0.024336468,-2.7e-05,0.041965,1.434466497,17.7,
2023-10-10,0.1483095,0.1501095,0.02199570779,-0.0018,0.038998,1.394012483,17.03,
2023-10-11,0.141266,0.1460415,0.01995608276,-0.0047755,0.038328,1.209686276,16.09,
2023-10-12,0.1442515,0.1480115,0.02080849525,-0.00376,0.043731,1.1498902,16.69,
2023-10-13,0.160358,0.1607645,0.02571468816,-0.0004065,0.059564,1.412096174,19.32,
2023-10-16,0.146711,0.1500035,0.02152411752,-0.0032925,0.042014,1.721749728,17.21,
2023-10-17,0.1501975,0.1524845,0.02255928901,-0.002287,0.051107,1.390969815,17.88,
2023-10-18,0.1661975,0.1644605,0.02762160901,0.001737,0.053094,1.321544454,19.22,
2023-10-19,0.1768695,0.172813,0.03128282003,0.0040565,0.053446,1.437992487,21.4,
2023-10-20,0.1818935,0.177613,0.03308524534,0.0042805,0.05597,1.403146964,21.71,
2023-10-23,0.1790125,0.174726,0.03204547516,0.0042865,0.055648,1.393249785,20.37,
2023-10-24,0.167027,0.166065,0.02789801873,0.000962,0.044026,1.132486012,18.97,
2023-10-25,0.1801375,0.176846,0.03244951891,0.0032915,0.05191,1.240987081,20.19,
2023-10-26,0.185422,0.1807055,0.03438131808,0.0047165,0.047648,1.282108287,20.68,
2023-10-27,0.187495,0.1835125,0.03515437502,0.0039825,0.056403,1.342668346,21.27,
2023-10-30,0.175462,0.1741045,0.03078691344,0.0013575,0.043166,1.631856199,19.75,
2023-10-31,0.161694,0.1633035,0.02614494964,-0.0016095,0.038693,1.426014304,18.14,
2023-11-01,0.1496745,0.1550665,0.02240245595,-0.005392,0.038347,1.446313977,16.87,
2023-11-02,0.136417,0.1451925,0.01860959789,-0.0087755,0.041584,1.326608717,15.66,
2023-11-03,0.1293895,0.1402755,0.01674164271,-0.010886,0.037837,1.386498219,14.91,
2023-11-06,0.1282835,0.137647,0.01645665637,-0.0093635,0.038828,1.393841221,14.89,
2023-11-07,0.1274305,0.137125,0.01623853233,-0.0096945,0.0368,1.338694452,14.81,
2023-11-08,0.124378,0.1346585,0.01546988688,-0.0102805,0.03372,1.352200414,14.45,
2023-11-09,0.132372,0.1405075,0.01752234638,-0.0081355,0.041332,1.344879897,15.29,
2023-11-10,0.120792,0.132158,0.01459070726,-0.011366,0.036654,1.513270802,14.17,
2023-11-13,0.1268095,0.134604,0.01608064929,-0.0077945,0.035391,1.105548463,14.76,
2023-11-14,0.117485,0.128721,0.01380272523,-0.011236,0.031916,1.231596775,14.16,
2023-11-15,0.1179435,0.128769,0.01391066919,-0.0108255,0.029025,1.255750988,14.18,
2023-11-16,0.114528,0.1261505,0.01311666278,-0.0116225,0.033805,1.399221371,14.32,
2023-11-17,0.112937,0.1252535,0.01275476597,-0.0123165,0.030797,1.104567726,13.8,
2023-11-20,0.1108535,0.1223205,0.01228849846,-0.011467,0.029616,1.35916133,13.41,
2023-11-21,0.11109,0.122279,0.0123409881,-0.011189,0.026844,1.155926339,13.35,
2023-11-22,0.107676,0.1211555,0.01159412098,-0.0134795,0.027987,1.074155806,12.85,
2023-11-23,,,,,,,12.8,
2023-11-24,0.10506,0.119187,0.0110376036,-0.014127,0.029998,1.323512055,12.46,
2023-11-27,0.1066675,0.120975,0.01137795556,-0.0143075,0.026907,1.358114782,12.69,
2023-11-28,0.106024,0.1207125,0.01124108858,-0.0146885,0.026133,1.23766204,12.69,
2023-11-29,0.109662,0.1230135,0.01202575424,-0.0133515,0.030458,1.068645226,12.98,
2023-11-30,0.1096725,0.122258,0.01202805726,-0.0125855,0.026984,1.244212505,12.92,
2023-12-01,0.1094795,0.1218265,0.01198576092,-0.012347,0.026587,1.237326477,12.63,
2023-12-04,0.1137635,0.125369,0.01294213393,-0.0116055,0.024786,1.101825314,13.08,
2023-12-05,0.1134975,0.125643,0.01288168251,-0.0121455,0.027403,1.11337204,12.85,
2023-12-06,0.1155895,0.12738,0.01336093251,-0.0117905,0.028409,0.9823752408,12.97,
2023-12-07,0.115583,0.1259845,0.01335942989,-0.0104015,0.025612,1.414948365,13.06,
2023-12-08,0.1094335,0.122629,0.01197569092,-0.0131955,0.022283,1.153469708,12.35,
2023-12-11,0.1106285,0.12162,0.01223866501,-0.0109915,0.020972,1.320232188,12.63,
2023-12-12,0.1026965,0.117291,0.01054657111,-0.0145945,0.023466,1.11806686,12.07,
2023-12-13,0.1020515,0.11451,0.01041450865,-0.0124585,0.020453,1.017892273,12.19,
2023-12-14,0.1011905,0.113725,0.01023951729,-0.0125345,0.02524,0.6764806426,12.48,
2023-12-15,0.10317,0.1199905,0.0106440489,-0.0168205,0.011904,1.065035121,12.28,
2023-12-18,0.1067595,0.121647,0.01139759084,-0.0148875,0.018311,1.165174987,12.56,
2023-12-19,0.107599,0.123029,0.0115775448,-0.01543,0.018189,0.9744793336,12.53,
2023-12-20,0.1172815,0.1314515,0.01375495024,-0.01417,0.02568,1.21735707,13.67,
2023-12-21,0.116446,0.128111,0.01355967092,-0.011665,0.023452,1.103002367,13.65,
2023-12-22,0.1138455,0.126392,0.01296079787,-0.0125465,0.025248,1.191634899,13.03,
2023-12-26,0.112777,0.126049,0.01271865173,-0.013272,0.02229,1.341837354,12.99,
2023-12-27,0.1069215,0.1206585,0.01143220716,-0.013737,0.026208,1.167802556,12.43,
2023-12-28,0.1079665,0.1210015,0.01165676512,-0.013035,0.021854,1.064463348,12.47,
2023-12-29,0.1080105,0.1212715,0.01166626811,-0.013261,0.024643,1.107019047,12.45,
2024-01-02,0.113871,0.124629,0.01296660464,-0.010758,0.025025,1.023290399,13.2,
2024-01-03,0.1199995,0.130149,0.01439988,-0.0101495,0.028089,1.215800811,14.04,
2024-01-04,0.121171,0.1303945,0.01468241124,-0.0092235,0.029468,1.142700986,14.13,
2024-01-05,0.1164765,0.126978,0.01356677505,-0.0105015,0.025515,1.367134358,13.35,
2024-01-08,0.1122785,0.1211575,0.01260646156,-0.008879,0.024076,1.487846195,13.08,
2024-01-09,0.109775,0.120418,0.01205055063,-0.010643,0.023838,0.9186306022,12.76,
2024-01-10,0.109382,0.1198975,0.01196442192,-0.0105155,0.02132,0.9895428304,12.69,
2024-01-11,0.1059625,0.1176055,0.01122805141,-0.011643,0.022173,1.065073193,12.44,
2024-01-12,0.106791,0.118575,0.01140431768,-0.011784,0.025556,1.228682538,12.7,
2024-01-15,,,,,,,13.25,
2024-01-16,0.1165655,0.1250145,0.01358751579,-0.008449,0.031399,1.089606158,13.84,
2024-01-17,0.123092,0.129109,0.01515164046,-0.006017,0.032082,1.137324581,14.79,
2024-01-18,0.118146,0.124771,0.01395847732,-0.006625,0.030327,1.124209445,14.13,
2024-01-19,0.1107085,0.1196055,0.01225637197,-0.008897,0.029536,1.131241805,13.3,
2024-01-22,0.110135,0.118855,0.01212971822,-0.00872,0.022057,1.07968381,13.19,
2024-01-23,0.105247,0.1156325,0.01107693101,-0.0103855,0.019706,1.121019093,12.55,
2024-01-24,0.108304,0.117794,0.01172975642,-0.00949,0.023065,1.144385546,13.14,
2024-01-25,0.109864,0.118874,0.0120700985,-0.00901,0.025754,1.145850278,13.45,
2024-01-26,0.108997,0.118669,0.01188034601,-0.009672,0.021421,1.184965767,13.26,
2024-01-29,0.1123815,0.121093,0.01262960154,-0.0087115,0.019563,1.279125369,13.6,
2024-01-30,0.1110435,0.12061,0.01233065889,-0.0095665,0.016845,1.119736824,13.31,
2024-01-31,0.120812,0.1274575,0.01459553934,-0.0066455,0.018791,1.070307989,14.35,
2024-02-01,0.1138895,0.1224525,0.01297081821,-0.008563,0.028853,1.214034532,13.88,
2024-02-02,0.111316,0.1227305,0.01239125186,-0.0114145,0.019708,1.149229225,13.85,
2024-02-05,0.1106475,0.1212985,0.01224286926,-0.010651,0.014852,1.046704234,13.67,
2024-02-06,0.107132,0.119132,0.01147726542,-0.012,0.021168,0.9272383149,13.06,
2024-02-07,0.10614,0.117369,0.0112656996,-0.011229,0.018273,1.316132773,12.83,
2024-02-08,0.1050385,0.1175475,0.01103308648,-0.012509,0.020561,1.038574631,12.79,
2024-02-09,0.105606,0.118398,0.01115262724,-0.012792,0.019747,1.078545122,12.93,
2024-02-12,0.112289,0.1225465,0.01260881952,-0.0102575,0.023775,1.179936696,13.93,
2024-02-13,0.120815,0.1296885,0.01459626423,-0.0088735,0.034033,1.151088089,15.85,
2024-02-14,0.1155175,0.124479,0.01334429281,-0.0089615,0.027798,1.099064552,14.38,
2024-02-15,0.11401,0.122801,0.0129982801,-0.008791,0.028094,1.143006048,14.01,
2024-02-16,0.1165745,0.124565,0.01358961405,-0.0079905,0.02878,1.232896115,14.24,
2024-02-19,,,,,,,14.71,
2024-02-20,0.123938,0.128874,0.01536062784,-0.004936,0.032334,1.058081133,15.42,
2024-02-21,0.1230295,0.1275065,0.01513625787,-0.004477,0.027042,1.18375547,15.34,
2024-02-22,0.118087,0.1241675,0.01394453957,-0.0060805,0.016745,1.256589956,14.54,
2024-02-23,0.112801,0.121026,0.0127240656,-0.008225,0.009537,1.157815255,13.75,
2024-02-26,0.1134225,0.120933,0.01286466351,-0.0075105,0.012974,1.334196497,13.74,
2024-02-27,0.1104985,0.118786,0.0122099185,-0.0082875,0.013164,1.317221813,13.43,
2024-02-28,0.111768,0.120072,0.01249208582,-0.008304,0.018598,1.267039702,13.84,
2024-02-29,0.1129865,0.120192,0.01276594918,-0.0072055,0.002253,0.9605884219,13.4,
2024-03-01,0.109965,0.1199245,0.01209230123,-0.0099595,0.013665,1.385812957,13.11,
2024-03-04,0.114338,0.122483,0.01307317824,-0.008145,0.014559,1.156452506,13.49,
2024-03-05,0.1220095,0.127561,0.01488631809,-0.0055515,0.019484,1.140504292,14.46,
2024-03-06,0.122929,0.1276975,0.01511153904,-0.0047685,0.018926,1.188903151,14.5,
2024-03-07,0.1234175,0.12786,0.01523187931,-0.0044425,0.013716,1.218733801,14.44,
2024-03-08,0.1251445,0.130046,0.01566114588,-0.0049015,0.018715,1.060555148,14.74,
2024-03-11,0.1285145,0.131224,0.01651597671,-0.0027095,0.021963,1.22394061,15.22,
2024-03-12,0.117759,0.126016,0.01386718208,-0.008257,0.010901,1.30545028,13.84,
2024-03-13,0.1161575,0.125258,0.01349256481,-0.0091005,0.014237,1.069326517,13.75,
2024-03-14,0.1197135,0.127124,0.01433132208,-0.0074105,0.027805,0.8006355492,14.4,
2024-03-15,0.1242865,0.12995,0.01544713408,-0.0056635,0.03183,1.118200405,14.41,
2024-03-18,0.124151,0.12921,0.0154134708,-0.005059,0.027373,1.480996738,14.33,
2024-03-19,0.119473,0.1261695,0.01427379773,-0.0066965,0.01802,1.46119578,13.82,
2024-03-20,0.11173,0.1220965,0.0124835929,-0.0103665,0.019867,1.422237448,13.04,
2024-03-21,0.1100885,0.1212915,0.01211947783,-0.011203,0.015466,1.238524992,12.92,
2024-03-22,0.1096,0.1227685,0.01201216,-0.0131685,0.012462,1.677239787,13.06,
2024-03-25,0.111637,0.1245425,0.01246281977,-0.0129055,0.018172,1.228908742,13.19,
2024-03-26,0.1110165,0.1234945,0.01232466327,-0.012478,0.021254,1.068219864,13.24,
2024-03-27,0.1056785,0.1203925,0.01116794536,-0.014714,0.021849,1.151449515,12.78,
2024-03-28,0.1085685,0.121877,0.01178711919,-0.0133085,0.01386,1.632714739,13.01,
2024-04-01,0.114252,0.124446,0.0130535195,-0.010194,0.021261,0.9285734979,13.65,
2024-04-02,0.12256,0.1292985,0.0150209536,-0.0067385,0.02573,0.9729519281,14.61,
2024-04-03,0.122123,0.1287245,0.01491402713,-0.0066015,0.023435,1.107201897,14.33,
2024-04-04,0.139288,0.1388755,0.01940114694,0.0004125,0.032975,1.314965427,16.35,
2024-04-05,0.1346765,0.1367395,0.01813775965,-0.002063,0.031594,1.444873329,16.03,
2024-04-08,0.129938,0.1327035,0.01688388384,-0.0027655,0.032127,1.286349673,15.19,
2024-04-09,0.130444,0.132169,0.01701563714,-0.001725,0.034311,1.107589584,14.98,
2024-04-10,0.1367635,0.1370665,0.01870425493,-0.000303,0.023573,1.172236169,15.8,
2024-04-11,0.1309365,0.1334645,0.01714436703,-0.002528,0.027672,1.085915785,14.91,
2024-04-12,0.148499,0.145648,0.022051953,0.002851,0.045708,1.036331618,17.31,
2024-04-15,0.164432,0.1562205,0.02703788262,0.0082115,0.043334,1.120504254,19.23,
2024-04-16,0.1593415,0.1525085,0.02538971362,0.006833,0.042308,1.221184808,18.4,
2024-04-17,0.15935,0.153377,0.0253924225,0.005973,0.032419,1.458403811,18.21,
2024-04-18,0.1586725,0.152723,0.02517696226,0.0059495,0.040564,1.261923614,18,
2024-04-19,0.1640695,0.1573775,0.02691880083,0.006692,0.038053,1.327426492,18.71,
2024-04-22,0.148559,0.1451505,0.02206977648,0.0034085,0.035984,1.222921382,16.94,
2024-04-23,0.1381655,0.1378775,0.01908970539,0.000288,0.033046,1.375400706,15.69,
2024-04-24,0.1375685,0.136495,0.01892509219,0.0010735,0.022869,1.194278216,15.97,
2024-04-25,0.141612,0.1386025,0.02005395854,0.0030095,0.032506,1.19993076,15.37,
2024-04-26,0.130894,0.1332955,0.01713323924,-0.0024015,0.026492,1.260732648,15.03,
2024-04-29,0.1287435,0.131403,0.01657488879,-0.0026595,0.029302,1.163974147,14.67,
2024-04-30,0.1415015,0.1384105,0.0200226745,0.003091,0.024112,1.219093783,15.65,
2024-05-01,0.1381265,0.137634,0.01907893,0.0004925,0.025929,1.306538042,15.39,
2024-05-02,0.133929,0.133841,0.01793697704,8.8e-05,0.032914,1.098108446,14.68,
2024-05-03,0.121992,0.1270525,0.01488204806,-0.0050605,0.025745,1.334374728,13.49,
2024-05-06,0.121101,0.124698,0.0146654522,-0.003597,0.024063,1.87799924,13.49,
2024-05-07,0.1177865,0.1229175,0.01387365958,-0.005131,0.018732,1.288707032,13.23,
2024-05-08,0.1159,0.121754,0.01343281,-0.005854,0.018838,1.406404066,13,
2024-05-09,0.11196,0.1193285,0.0125350416,-0.0073685,0.024795,1.250143478,12.69,
2024-05-10,0.1103255,0.1184105,0.01217171595,-0.008085,0.020072,1.146382183,12.55,
2024-05-13,0.116939,0.120838,0.01367472972,-0.003899,0.026795,1.204142046,13.6,
2024-05-14,0.1137925,0.118697,0.01294873306,-0.0049045,0.021313,1.299724074,13.42,
2024-05-15,0.104224,0.112782,0.01086264218,-0.008558,0.019654,1.441632119,12.45,
2024-05-16,0.102982,0.1136375,0.01060529232,-0.0106555,0.01771,1.207747467,12.42,
2024-05-17,0.0994845,0.111519,0.00989716574,-0.0120345,0.026825,1.356397293,11.99,
2024-05-20,0.1021795,0.112784,0.01044065022,-0.0106045,0.028419,1.523791325,12.15,
2024-05-21,0.099012,0.11085,0.009803376144,-0.011838,0.023888,1.127615729,11.86,
2024-05-22,0.10361,0.1128945,0.0107350321,-0.0092845,0.034739,1.327977949,12.29,
2024-05-23,0.1058975,0.1142215,0.01121428051,-0.008324,0.037838,1.112772614,12.77,
2024-05-24,0.097802,0.109902,0.009565231204,-0.0121,0.034288,1.400559275,11.93,
2024-05-27,,,,,,,12.36,
2024-05-28,0.1033695,0.1137805,0.01068525353,-0.010411,0.041195,1.243123756,12.92,
2024-05-29,0.113531,0.119301,0.01288928796,-0.00577,0.04285,1.245688003,14.28,
2024-05-30,0.1183065,0.1210435,0.01399642794,-0.002737,0.035925,1.214481933,14.47,
2024-05-31,0.108823,0.1153205,0.01184244533,-0.0064975,0.038107,0.9703276843,12.92,
2024-06-03,0.113377,0.1171595,0.01285434413,-0.0037825,0.034635,1.110717453,13.11,
2024-06-04,0.1148825,0.118358,0.01319798881,-0.0034755,0.02758,1.124997468,13.16,
2024-06-05,0.1095695,0.1150425,0.01200547533,-0.005473,0.028096,1.272279675,12.63,
2024-06-06,0.109075,0.115107,0.01189735563,-0.006032,0.027517,1.692554409,12.58,
2024-06-07,0.1065905,0.114485,0.01136153469,-0.0078945,0.022508,1.244504564,12.22,
2024-06-10,0.109535,0.1157495,0.01199791622,-0.0062145,0.028151,1.331587693,12.74,
2024-06-11,0.1095785,0.115649,0.01200744766,-0.0060705,0.0253,1.097011805,12.85,
2024-06-12,0.098916,0.10957,0.009784375056,-0.010654,0.013826,1.202601202,12.04,
2024-06-13,0.09851,0.110262,0.0097042201,-0.011752,0.013472,1.207942971,11.94,
2024-06-14,0.1020275,0.1136415,0.01040961076,-0.011614,0.031212,1.538538746,12.66,
2024-06-17,0.106218,0.1156015,0.01128226352,-0.0093835,0.025717,1.245319696,12.75,
2024-06-18,0.105115,0.1154475,0.01104916322,-0.0103325,0.025137,1.030011326,12.3,
2024-06-19,,,,,,,12.48,
2024-06-20,0.1123685,0.1209205,0.01262667979,-0.008552,0.025546,1.038656921,13.28,
2024-06-21,0.110108,0.1212495,0.01212377166,-0.0111415,0.026303,1.223758509,13.2,
2024-06-24,0.11392,0.1230905,0.0129777664,-0.0091705,0.023286,1.177012063,13.33,
2024-06-25,0.11027,0.119646,0.0121594729,-0.009376,0.022349,1.015005541,12.84,
2024-06-26,0.1070565,0.1175615,0.01146109419,-0.010505,0.018874,0.9170621412,12.55,
2024-06-27,0.104829,0.1151355,0.01098911924,-0.0103065,0.030595,1.066666823,12.24,
2024-06-28,0.1065465,0.1168995,0.01135215666,-0.010353,0.025747,1.210991316,12.44,
2024-07-01,0.1025725,0.113693,0.01052111776,-0.0111205,0.02423,1.188089971,12.22,
2024-07-02,0.0992085,0.1112435,0.009842326472,-0.012035,0.027039,1.164757524,12.03,
2024-07-03,0.099636,0.111707,0.009927332496,-0.012071,0.026289,1.087044402,12.09,
2024-07-04,,,,,,,12.26,
2024-07-05,0.101362,0.1128605,0.01027425504,-0.0114985,0.023675,1.260318868,12.48,
2024-07-08,0.1035465,0.1131815,0.01072187766,-0.009635,0.026367,1.101083018,12.37,
2024-07-09,0.1045475,0.113983,0.01093017976,-0.0094355,0.023431,1.121780545,12.51,
2024-07-10,0.1069335,0.1135,0.01143477342,-0.0065665,0.022918,1.190436279,12.85,
2024-07-11,0.108517,0.118628,0.01177593929,-0.010111,0.019337,1.035347288,12.92,
2024-07-12,0.1027335,0.114724,0.01055417202,-0.0119905,0.028319,1.066536001,12.46,
2024-07-15,0.109484,0.1191575,0.01198674626,-0.0096735,0.027988,1.136272523,13.12,
2024-07-16,0.110324,0.120256,0.01217138498,-0.009932,0.017871,1.076957451,13.19,
2024-07-17,0.121504,0.1275685,0.01476322202,-0.0060645,0.022656,0.9483340697,14.48,
2024-07-18,0.129839,0.1321485,0.01685816592,-0.0023095,0.037723,1.007759977,15.93,
2024-07-19,0.136531,0.1362085,0.01864071396,0.0003225,0.045459,0.9569698639,16.52,
2024-07-22,0.1271955,0.1298525,0.01617869522,-0.002657,0.02985,1.128176091,14.91,
2024-07-23,0.127246,0.13061,0.01619154452,-0.003364,0.031044,1.002494578,14.72,
2024-07-24,0.154803,0.150402,0.02396396881,0.004401,0.042145,0.9988989465,18.04,
2024-07-25,0.1583235,0.153129,0.02506633065,0.0051945,0.035839,1.005876693,18.46,
2024-07-26,0.143654,0.1430025,0.02063647172,0.0006515,0.041382,1.137613961,16.39,
2024-07-29,0.146266,0.1427675,0.02139374276,0.0034985,0.032069,1.174938924,16.6,
2024-07-30,0.153417,0.148003,0.02353677589,0.005414,0.024821,1.135663627,17.69,
2024-07-31,0.1427505,0.1404625,0.02037770525,0.002288,0.035583,1.331178927,16.36,
2024-08-01,0.1591805,0.153931,0.02533843158,0.0052495,0.0408,1.058869917,18.59,
2024-08-02,0.191917,0.1819185,0.03683213489,0.0099985,0.071183,1.407474302,23.39,
2024-08-05,0.2861015,0.2400545,0.0818540683,0.046047,0.151516,1.735777917,38.57,
2024-08-06,0.216312,0.1948995,0.04679088134,0.0214125,0.085259,1.353323854,27.71,
2024-08-07,0.2250255,0.200596,0.05063647565,0.0244295,0.090822,1.381501009,27.85,
2024-08-08,0.189959,0.1790145,0.03608442168,0.0109445,0.077687,1.397927448,23.79,
2024-08-09,0.168061,0.1632745,0.02824449972,0.0047865,0.056678,1.311744885,20.37,
2024-08-12,0.169963,0.164469,0.02888742137,0.005494,0.069427,1.373537777,20.71,
2024-08-13,0.1490955,0.150499,0.02222946812,-0.0014035,0.054411,1.474028894,18.12,
2024-08-14,0.135278,0.141683,0.01830013728,-0.006405,0.038118,1.082841692,16.19,
2024-08-15,0.1239395,0.133681,0.01536099966,-0.0097415,0.046132,1.565087969,15.23,
2024-08-16,0.1215625,0.1338235,0.01477744141,-0.012261,0.042809,1.327573194,14.8,
2024-08-19,0.1177595,0.1311945,0.01386729984,-0.013435,0.040875,1.07288342,14.65,
2024-08-20,0.125278,0.1362935,0.01569457728,-0.0110155,0.045111,1.0262308,15.88,
2024-08-21,0.128931,0.137313,0.01662320276,-0.008382,0.044674,0.9192628014,16.27,
2024-08-22,0.1373465,0.144033,0.01886406106,-0.0066865,0.061248,0.9825681807,17.55,
2024-08-23,0.1233065,0.1349375,0.01520449294,-0.011631,0.043783,1.197281094,15.86,
2024-08-26,0.125302,0.136311,0.0157005912,-0.011009,0.05031,1.020478254,16.15,
2024-08-27,0.122346,0.134504,0.01496854372,-0.012158,0.04509,1.046366269,15.43,
2024-08-28,0.1333175,0.1409055,0.01777355581,-0.007588,0.050686,1.060035351,17.11,
2024-08-29,0.12562,0.1366775,0.0157803844,-0.0110575,0.050634,1.142155047,15.65,
2024-08-30,0.1149895,0.130818,0.01322258511,-0.0158285,0.044313,1.054365475,15,
2024-09-02,,,,,,,15.55,
2024-09-03,0.1558125,0.159195,0.02427753516,-0.0033825,0.071571,1.029169903,20.72,
2024-09-04,0.1603055,0.162412,0.02569785333,-0.0021065,0.05991,1.214954402,21.32,
2024-09-05,0.158103,0.15915,0.02499655861,-0.001047,0.071182,1.212573844,19.9,
2024-09-06,0.1774425,0.1744315,0.03148584081,0.003011,0.067968,1.172062635,22.38,
2024-09-09,0.164171,0.1636535,0.02695211724,0.0005175,0.059005,1.501828521,19.45,
2024-09-10,0.1602855,0.1604295,0.02569144151,-0.000144,0.054278,1.327756936,19.08,
2024-09-11,0.1485425,0.1531645,0.02206487431,-0.004622,0.044158,0.9958202705,17.69,
2024-09-12,0.1386595,0.1483365,0.01922645694,-0.009677,0.050332,1.284729375,17.07,
2024-09-13,0.134515,0.1467425,0.01809428522,-0.0122275,0.048052,1.178005238,16.56,
2024-09-16,0.138969,0.1493755,0.01931238296,-0.0104065,0.045802,1.190081776,17.14,
2024-09-17,0.140662,0.1500975,0.01978579824,-0.0094355,0.050478,1.140834651,17.61,
2024-09-18,0.144478,0.1518615,0.02087389248,-0.0073835,0.049244,1.19244688,18.23,
2024-09-19,0.126539,0.140728,0.01601211852,-0.014189,0.042744,1.36518121,16.33,
2024-09-20,0.124052,0.1409195,0.0153888987,-0.0168675,0.047328,1.162486204,16.15,
2024-09-23,0.1224505,0.139721,0.01499412495,-0.0172705,0.046664,1.263090556,15.89,
2024-09-24,0.118426,0.137807,0.01402471748,-0.019381,0.049081,1.183147647,15.39,
2024-09-25,0.1212535,0.140998,0.01470241126,-0.0197445,0.048115,1.263474897,15.41,
2024-09-26,0.124528,0.1415795,0.01550722278,-0.0170515,0.038871,1.097473855,15.37,
2024-09-27,0.1336255,0.1477215,0.01785577425,-0.014096,0.045404,1.352380637,16.96,
2024-09-30,0.134207,0.1449095,0.01801151885,-0.0107025,0.044364,1.253267176,16.73,
2024-10-01,0.153349,0.1556365,0.0235159158,-0.0022875,0.061229,1.170104772,19.26,
2024-10-02,0.1515535,0.1542585,0.02296846336,-0.002705,0.055983,1.495759713,18.9,
2024-10-03,0.1599645,0.159131,0.02558864126,0.0008335,0.0613,1.246058647,20.49,
2024-10-04,0.145684,0.1501575,0.02122382786,-0.0044735,0.053921,1.422617732,19.21,
2024-10-07,0.1724885,0.163857,0.02975228263,0.0086315,0.072232,1.205423422,22.64,
2024-10-08,0.159933,0.1543055,0.02557856449,0.0056275,0.059915,1.476595786,21.42,
2024-10-09,0.1551155,0.1503235,0.02406081834,0.004792,0.053457,1.431403003,20.86,
2024-10-10,0.15577,0.1509875,0.0242642929,0.0047825,0.05662,1.198394893,20.93,
2024-10-11,0.153539,0.1484665,0.02357422452,0.0050725,0.057104,1.482486629,20.46,
2024-10-14,0.1530045,0.144881,0.02341037702,0.0081235,0.052113,1.3825752,19.7,
2024-10-15,0.158044,0.1492655,0.02497790594,0.0087785,0.058456,1.341086824,20.64,
2024-10-16,0.152627,0.146016,0.02329500113,0.006611,0.053164,1.143276147,19.58,
2024-10-17,0.14793,0.14224,0.0218832849,0.00569,0.048136,1.087729547,19.11,
2024-10-18,0.14289,0.1384905,0.0204175521,0.0043995,0.047361,1.257965259,18.03,
2024-10-21,0.147569,0.140791,0.02177660976,0.006778,0.048868,1.195984978,18.37,
2024-10-22,0.1484435,0.140643,0.02203547269,0.0078005,0.043344,1.059512156,18.2,
2024-10-23,0.159687,0.1485355,0.02549993797,0.0111515,0.055067,0.9689815219,19.24,
2024-10-24,0.1568735,0.1476415,0.024609295,0.009232,0.054867,0.9201436668,19.08,
2024-10-25,0.162376,0.151759,0.02636596538,0.010617,0.066438,1.166202095,20.33,
2024-10-28,0.160071,0.1492905,0.02562272504,0.0107805,0.057542,1.555675508,19.8,
2024-10-29,0.1595675,0.148739,0.02546178706,0.0108285,0.056929,1.145435217,19.34,
2024-10-30,0.163988,0.1516245,0.02689206414,0.0123635,0.057524,1.133173125,20.35,
2024-10-31,0.183959,0.1661955,0.03384091368,0.0177635,0.053382,1.024547596,23.16,
2024-11-01,0.176968,0.1616515,0.03131767302,0.0153165,0.065387,1.332283729,21.88,
2024-11-04,0.177406,0.1598335,0.03147288884,0.0175725,0.062755,1.2865066,21.98,
2024-11-05,0.163198,0.149573,0.0266335872,0.013625,0.057675,1.447802732,20.49,
2024-11-06,0.126813,0.131023,0.01608153697,-0.00421,0.03869,1.300650088,16.27,
2024-11-07,0.120116,0.126967,0.01442785346,-0.006851,0.032777,1.01580873,15.2,
2024-11-08,0.117594,0.126287,0.01382834884,-0.008693,0.033271,1.27169009,14.94,
2024-11-11,0.119207,0.1267565,0.01421030885,-0.0075495,0.034491,1.162966418,14.97,
2024-11-12,0.118856,0.1269205,0.01412674874,-0.0080645,0.030055,1.111190845,14.71,
2024-11-13,0.114558,0.12504,0.01312353536,-0.010482,0.027798,1.212939261,14.02,
2024-11-14,0.1137245,0.125199,0.0129332619,-0.0114745,0.033033,1.198844905,14.31,
2024-11-15,0.1280045,0.135992,0.01638515202,-0.0079875,0.042609,1.04438064,16.14,
2024-11-18,0.1244825,0.1325245,0.01549589281,-0.008042,0.042049,0.9427744363,15.58,
2024-11-19,0.127066,0.134414,0.01614576836,-0.007348,0.041152,1.174252336,16.35,
2024-11-20,0.134626,0.138382,0.01812415988,-0.003756,0.049674,0.9792811021,17.16,
2024-11-21,0.1285955,0.1347355,0.01653680262,-0.00614,0.043002,1.096330287,16.87,
2024-11-22,0.1165845,0.128599,0.01359194564,-0.0120145,0.039732,1.031061869,15.24,
2024-11-25,0.1104705,0.124905,0.01220373137,-0.0144345,0.0351,0.9138462571,14.6,
2024-11-26,0.1055335,0.122296,0.01113731962,-0.0167625,0.030462,1.280478179,14.1,
2024-11-27,0.1047575,0.1212515,0.01097413381,-0.016494,0.037444,1.196037472,14.1,
2024-11-28,,,,,,,13.9,
2024-11-29,0.102783,0.119727,0.01056434509,-0.016944,0.034347,1.204638944,13.51,
2024-12-02,0.102556,0.120848,0.01051773314,-0.018292,0.029643,1.222066092,13.34,
2024-12-03,0.1002855,0.1200065,0.01005718151,-0.019721,0.029459,1.291599729,13.3,
2024-12-04,0.0989025,0.1204025,0.009781704506,-0.0215,0.02927,1.375434551,13.45,
2024-12-05,0.099221,0.1209235,0.009844806841,-0.0217025,0.030481,1.174893396,13.54,
2024-12-06,0.096785,0.1201185,0.009367336225,-0.0233335,0.0266,1.150967129,12.77,
2024-12-09,0.1071465,0.1259855,0.01148037246,-0.018839,0.035096,1.228979204,14.19,
2024-12-10,0.107558,0.1261945,0.01156872336,-0.0186365,0.036507,1.141729088,14.18,
2024-12-11,0.1018595,0.124398,0.01037535774,-0.0225385,0.029157,1.186441865,13.58,
2024-12-12,0.1051045,0.1258105,0.01104695592,-0.020706,0.029614,1.266712122,13.92,
2024-12-13,0.1042025,0.1255685,0.01085816101,-0.021366,0.034349,1.07461604,13.81,
2024-12-16,0.110289,0.128983,0.01216366352,-0.018694,0.035749,1.161571785,14.69,
2024-12-17,0.1165885,0.133464,0.01359287833,-0.0168755,0.035161,1.135692826,15.87,
2024-12-18,0.1708115,0.164127,0.02917656853,0.0066845,0.055599,1.09327806,27.62,
2024-12-19,0.171852,0.1682265,0.0295331099,0.0036255,0.07403,1.046196857,24.09,
2024-12-20,0.142913,0.149951,0.02042412557,-0.007038,0.067025,1.089056913,18.36,
2024-12-23,0.131644,0.141442,0.01733014274,-0.009798,0.045783,1.135620705,16.78,
2024-12-24,0.10731,0.127575,0.0115154361,-0.020265,0.047012,0.921765076,14.27,
2024-12-26,0.112029,0.129006,0.01255049684,-0.016977,0.042514,0.8295463975,14.73,
2024-12-27,0.1254455,0.1360095,0.01573657347,-0.010564,0.052228,0.9676625804,15.95,
2024-12-30,0.138992,0.142109,0.01931877606,-0.003117,0.041332,0.9896989821,17.4,
2024-12-31,0.1383475,0.142099,0.01914003076,-0.0037515,0.051332,0.945021233,17.35,
2025-01-02,0.146071,0.1453175,0.02133673704,0.0007535,0.049931,0.9459300469,17.93,
2025-01-03,0.1309805,0.136297,0.01715589138,-0.0053165,0.046405,1.229693652,16.13,
2025-01-06,0.130962,0.135276,0.01715104544,-0.004314,0.049757,1.24973121,16.04,
2025-01-07,0.146266,0.145097,0.02139374276,0.001169,0.04709,1.102154234,17.82,
2025-01-08,0.142984,0.1432725,0.02044442426,-0.0002885,0.048497,1.236420004,17.7,
2025-01-09,,,,,,,18.07,
2025-01-10,0.158402,0.1553575,0.0250911936,0.0030445,0.048241,1.215258756,19.54,
2025-01-13,0.157312,0.153003,0.02474706534,0.004309,0.045084,1.209396145,19.19,
2025-01-14,0.156319,0.151058,0.02443562976,0.005261,0.050467,0.9368338858,18.71,
2025-01-15,0.1310285,0.13527,0.01716846781,-0.0042415,0.038994,1.190244711,16.12,
2025-01-16,0.130896,0.1346595,0.01713376282,-0.0037635,0.038722,1.201097723,16.6,
2025-01-17,0.128543,0.133403,0.01652330285,-0.00486,0.043402,1.188719707,15.97,
2025-01-20,,,,,,,15.81,
2025-01-21,0.1207415,0.1276545,0.01457850982,-0.006913,0.038183,1.442823478,15.06,
2025-01-22,0.118365,0.128752,0.01401027322,-0.010387,0.032863,1.265496258,15.1,
2025-01-23,0.116132,0.1261595,0.01348664142,-0.0100275,0.036754,1.283547693,15.02,
2025-01-24,0.115788,0.126561,0.01340686094,-0.010773,0.036851,1.112669767,14.85,
2025-01-27,0.1422775,0.141024,0.02024288701,0.0012535,0.05209,1.194703083,17.9,
2025-01-28,0.129313,0.13335,0.01672185197,-0.004037,0.042954,1.036157486,16.41,
2025-01-29,0.1330775,0.134617,0.01770962101,-0.0015395,0.038685,0.9787101372,16.56,
2025-01-30,0.1275885,0.132538,0.01627882533,-0.0049495,0.038904,1.009015558,15.84,
2025-01-31,0.1338645,0.13678,0.01791970436,-0.0029155,0.042458,1.285282826,16.43,
2025-02-03,0.1488685,0.144482,0.02216183029,0.0043865,0.046109,1.314819336,18.62,
2025-02-04,0.135795,0.137303,0.01844028203,-0.001508,0.040005,1.083678921,17.21,
2025-02-05,0.1279195,0.1333395,0.01636339848,-0.00542,0.041579,1.044437215,15.77,
2025-02-06,0.122695,0.130852,0.01505406302,-0.008157,0.040752,1.053332223,15.5,
2025-02-07,0.1302505,0.1360835,0.01696519275,-0.005833,0.046635,1.018467013,16.54,
2025-02-10,0.1232415,0.1324485,0.01518846732,-0.009207,0.045038,1.454489532,15.81,
2025-02-11,0.1229205,0.1328385,0.01510944932,-0.009918,0.044433,1.350014973,16.02,
2025-02-12,0.125695,0.1340655,0.01579923303,-0.0083705,0.042533,1.144653412,15.89,
2025-02-13,0.1162485,0.128722,0.01351371375,-0.0124735,0.039979,1.239158971,15.1,
2025-02-14,0.113388,0.128148,0.01285683854,-0.01476,0.039451,1.071397721,14.77,
2025-02-17,,,,,,,15.37,
2025-02-18,0.1153075,0.1289945,0.01329581956,-0.013687,0.045866,0.9539448594,15.35,
2025-02-19,0.11474,0.127465,0.0131652676,-0.012725,0.042664,1.132262073,15.27,
2025-02-20,0.1160605,0.127861,0.01347003966,-0.0118005,0.043671,0.9111112387,15.66,
2025-02-21,0.1401895,0.1420615,0.01965309591,-0.001872,0.059515,1.166158266,18.21,
2025-02-24,0.1505095,0.1471565,0.02265310959,0.003353,0.062698,1.360591523,18.98,
2025-02-25,0.155564,0.150872,0.0242001581,0.004692,0.056847,1.172356548,19.43,
2025-02-26,0.1561505,0.1499405,0.02438297865,0.00621,0.062299,1.096132739,19.1,
2025-02-27,0.174817,0.163001,0.03056098349,0.011816,0.053478,1.361965621,21.13,
2025-02-28,0.1556995,0.152482,0.0242423343,0.0032175,0.053007,1.286935761,19.63,
2025-03-03,0.187161,0.1713245,0.03502923992,0.0158365,0.061653,1.311370782,22.78,
2025-03-04,0.1951265,0.176651,0.038074351,0.0184755,0.064931,1.283972672,23.51,
2025-03-05,0.1843465,0.1677395,0.03398363206,0.016607,0.055332,1.13721006,21.93,
2025-03-06,0.2127495,0.186903,0.04526234975,0.0258465,0.063974,1.066966525,24.87,
2025-03-07,0.1954695,0.177526,0.03820832543,0.0179435,0.057494,1.149949094,23.37,
2025-03-10,0.23399,0.201924,0.0547513201,0.032066,0.069429,0.9371050396,27.86,
2025-03-11,0.2347065,0.204103,0.05508714114,0.0306035,0.053263,1.200191048,26.92,
2025-03-12,0.2131375,0.190442,0.04542759391,0.0226955,0.051608,1.155734278,24.23,
2025-03-13,0.221086,0.1966345,0.0488790194,0.0244515,0.057942,1.149793352,24.66,
2025-03-14,0.192083,0.1790335,0.03689587889,0.0130495,0.043931,1.589627077,21.77,
2025-03-17,0.1816135,0.1721975,0.03298346338,0.009416,0.049962,1.279246776,20.51,
2025-03-18,0.1923055,0.1787525,0.03698140533,0.013553,0.050521,0.9730596823,21.7,
2025-03-19,0.175597,0.168957,0.03083430641,0.00664,0.051752,1.156784663,19.9,
2025-03-20,0.1736885,0.1684475,0.03016769503,0.005241,0.045936,1.099666927,19.8,
2025-03-21,0.1688325,0.166544,0.02850441306,0.0022885,0.043997,1.031947573,19.28,
2025-03-24,0.153457,0.1558065,0.02354905085,-0.0023495,0.04083,1.23187643,17.48,
2025-03-25,0.1480695,0.1532575,0.02192457683,-0.005188,0.048731,1.122976676,17.15,
2025-03-26,0.1608965,0.1625395,0.02588768371,-0.001643,0.044322,1.04052152,18.33,
2025-03-27,0.1634405,0.1617305,0.02671279704,0.00171,0.045103,1.207783911,18.69,
2025-03-28,0.1891155,0.17855,0.03576467234,0.0105655,0.049562,1.103029773,21.65,
2025-03-31,0.187711,0.1762135,0.03523541952,0.0114975,0.053825,1.374913177,22.28,
2025-04-01,0.185484,0.1750855,0.03440431426,0.0103985,0.058903,1.17682783,21.77,
2025-04-02,0.1821355,0.17219,0.03317334036,0.0099455,0.052214,1.281223979,21.51,
2025-04-03,0.2502445,0.220106,0.06262230978,0.0301385,0.07081,1.538578544,30.02,
2025-04-04,0.355721,0.285346,0.1265374298,0.070375,0.1351,1.633182294,45.31,
2025-04-07,0.3841325,0.2995545,0.1475577776,0.084578,0.15113,1.465658667,46.98,
2025-04-08,0.4146225,0.3226895,0.1719118175,0.091933,0.178133,1.552675708,52.33,
2025-04-09,0.25165,0.224878,0.0633277225,0.026772,0.158604,1.1831793,33.62,
2025-04-10,0.349826,0.2864815,0.1223782303,0.0633445,0.144211,1.384928233,40.72,
2025-04-11,0.31869,0.266876,0.1015633161,0.051814,0.133727,1.186851176,37.56,
2025-04-14,0.2589415,0.2336785,0.06705070042,0.025263,0.111068,1.28854011,30.89,
2025-04-15,0.249683,0.2303495,0.06234160049,0.0193335,0.096111,1.349713123,30.12,
2025-04-16,0.278223,0.2491695,0.07740803773,0.0290535,0.093818,1.367940615,32.64,
2025-04-17,0.2614185,0.24009,0.06833963214,0.0213285,0.090013,1.338215834,29.65,
2025-04-21,0.295969,0.260896,0.08759764896,0.035073,0.077004,1.185158309,33.82,
2025-04-22,0.270004,0.242159,0.07290216002,0.027845,0.076533,1.13377109,30.57,
2025-04-23,0.251604,0.2310115,0.06330457282,0.0205925,0.06097,1.286467268,28.45,
2025-04-24,0.230798,0.2160095,0.0532677168,0.0147885,0.074054,1.263604283,26.47,
2025-04-25,0.215437,0.207566,0.04641310097,0.007871,0.074141,1.125314298,24.84,
2025-04-28,0.2181445,0.2101625,0.04758702288,0.007982,0.0644,1.13392284,25.15,
2025-04-29,0.209821,0.207027,0.04402485204,0.002794,0.072306,1.12434103,24.17,
2025-04-30,0.2179905,0.212761,0.04751985809,0.0052295,0.073061,1.286143008,24.7,
2025-05-01,0.2088405,0.207101,0.04361435444,0.0017395,0.076751,1.12839572,24.6,
2025-05-02,0.190176,0.1976375,0.03616691098,-0.0074615,0.077948,1.307339219,22.68,
2025-05-05,0.198441,0.2022255,0.03937883048,-0.0037845,0.076112,1.167582604,23.64,
2025-05-06,0.2099965,0.209836,0.04409853001,0.0001605,0.06559,1.157161809,24.76,
2025-05-07,0.2026175,0.205311,0.04105385131,-0.0026935,0.071764,1.122174355,23.55,
2025-05-08,0.193555,0.198442,0.03746353802,-0.004887,0.070551,1.032467225,22.48,
2025-05-09,0.19114,0.1955855,0.0365344996,-0.0044455,0.0663,0.9207201572,21.9,
2025-05-12,0.1522185,0.1637965,0.02317047174,-0.011578,0.057603,1.12550377,18.39,
2025-05-13,0.1501925,0.1598345,0.02255778706,-0.009642,0.045198,1.124249793,18.22,
2025-05-14,0.1530565,0.1627985,0.02342629219,-0.009742,0.052436,1.022245119,18.62,
2025-05-15,0.1464135,0.159023,0.02143691298,-0.0126095,0.055073,1.19289115,17.83,
2025-05-16,0.1435515,0.157603,0.02060703315,-0.0140515,0.049323,1.026698402,17.24,
2025-05-19,0.1500225,0.1615795,0.02250675051,-0.011557,0.056049,1.049565684,18.14,
2025-05-20,0.1488055,0.162096,0.02214307683,-0.0132905,0.058034,0.9095371163,18.09,
2025-05-21,0.172894,0.1785865,0.02989233524,-0.0056925,0.059374,1.088954146,20.87,
2025-05-22,0.1698205,0.1767965,0.02883900222,-0.006976,0.068245,1.086042364,20.28,
2025-05-23,0.1845435,0.187922,0.03405630339,-0.0033785,0.069696,1.314655206,22.29,
2025-05-26,,,,,,,20.57,
2025-05-27,0.1532575,0.166788,0.02348786131,-0.0135305,0.063413,1.20325441,18.96,
2025-05-28,0.158139,0.1709315,0.02500794332,-0.0127925,0.05844,0.9477625513,19.31,
2025-05-29,0.15552,0.1694485,0.0241864704,-0.0139285,0.056028,0.9140125267,19.18,
2025-05-30,0.157094,0.1703355,0.02467852484,-0.0132415,0.052489,1.119679774,18.57,
2025-06-02,0.15276,0.166779,0.0233356176,-0.014019,0.059624,1.099185018,18.36,
2025-06-03,0.146433,0.163208,0.02144262349,-0.016775,0.048548,1.153986213,17.69,
2025-06-04,0.1465035,0.163607,0.02146327551,-0.0171035,0.046248,1.035061268,17.61,
2025-06-05,0.152073,0.1667715,0.02312619733,-0.0146985,0.059905,1.108800886,18.48,
2025-06-06,0.138359,0.1576435,0.01914321288,-0.0192845,0.043149,1.334609523,16.77,
2025-06-09,0.141946,0.1581695,0.02014866692,-0.0162235,0.043342,0.9940297366,17.16,
2025-06-10,0.1382585,0.1550565,0.01911541282,-0.016798,0.046774,0.993871967,16.95,
2025-06-11,0.142206,0.1576,0.02022254644,-0.015394,0.054261,0.864163957,17.26,
2025-06-12,0.1439215,0.157833,0.02071339816,-0.0139115,0.059735,1.314677565,18.02,
2025-06-13,0.1646105,0.173004,0.02709661671,-0.0083935,0.075563,1.303689097,20.82,
2025-06-16,0.148925,0.1613355,0.02217865562,-0.0124105,0.065672,1.447042497,19.11,
2025-06-17,0.1686635,0.173182,0.02844737623,-0.0045185,0.069354,1.195263639,21.6,
2025-06-18,0.162482,0.1698765,0.02640040032,-0.0073945,0.068924,0.7911931413,20.14,
2025-06-19,,,,,,,22.17,
2025-06-20,0.1651315,0.174072,0.02726841229,-0.0089405,0.069769,1.017043069,20.62,
2025-06-23,0.155578,0.167666,0.02420451408,-0.012088,0.060705,1.375259281,19.83,
2025-06-24,0.140704,0.1553535,0.01979761562,-0.0146495,0.048349,1.307188064,17.48,
2025-06-25,0.13727,0.1535965,0.0188430529,-0.0163265,0.048578,1.091151034,16.76,
2025-06-26,0.1360485,0.148416,0.01850919435,-0.0123675,0.040974,1.297467145,16.59,
2025-06-27,0.135572,0.148078,0.01837976718,-0.012506,0.042835,1.090739874,16.32,
2025-06-30,0.1398185,0.1481495,0.01954921294,-0.008331,0.037442,1.12809778,16.73,
2025-07-01,0.14031,0.1491485,0.0196868961,-0.0088385,0.044187,1.006364138,16.83,
2025-07-02,0.138452,0.147776,0.0191689563,-0.009324,0.045492,1.216453058,16.64,
2025-07-03,0.1360105,0.1466585,0.01849885611,-0.010648,0.041545,1.206314752,16.38,
2025-07-04,,,,,,,17.48,
2025-07-07,0.1490505,0.154196,0.02221605155,-0.0051455,0.047784,1.096388182,17.79,
2025-07-08,0.1414215,0.1500245,0.02000004066,-0.008603,0.043951,1.128985528,16.81,
2025-07-09,0.132951,0.144206,0.0176759684,-0.011255,0.039603,1.068217388,15.94,
2025-07-10,0.1306765,0.141825,0.01707634765,-0.0111485,0.039206,1.261472968,15.78,
2025-07-11,0.135077,0.144781,0.01824579593,-0.009704,0.043102,1.141813481,16.4,
2025-07-14,0.142366,0.1477885,0.02026807796,-0.0054225,0.046132,1.20387461,17.2,
2025-07-15,0.14605,0.1511355,0.0213306025,-0.0050855,0.042855,0.9362752308,17.38,
2025-07-16,0.1428775,0.149443,0.02041398001,-0.0065655,0.047906,1.211280617,17.16,
2025-07-17,0.1371185,0.1454285,0.01880148304,-0.00831,0.045608,1.248565308,16.52,
2025-07-18,0.1357985,0.144796,0.0184412326,-0.0089975,0.049498,1.166903342,16.41,
2025-07-21,0.136752,0.144845,0.0187011095,-0.008093,0.049124,1.459014884,16.65,
2025-07-22,0.1357495,0.144529,0.01842792675,-0.0087795,0.041969,1.161974951,16.5,
2025-07-23,0.1267205,0.137024,0.01605808512,-0.0103035,0.048103,1.290218542,15.37,
2025-07-24,0.125487,0.1370055,0.01574698717,-0.0115185,0.03749,1.270337769,15.39,
2025-07-25,0.120869,0.1350295,0.01460931516,-0.0141605,0.044454,1.407527142,14.93,
2025-07-28,0.1210615,0.1346325,0.01465588678,-0.013571,0.043991,0.9005373755,15.03,
2025-07-29,0.126204,0.1380585,0.01592744962,-0.0118545,0.052489,1.071050859,15.98,
2025-07-30,0.126961,0.1388625,0.01611909552,-0.0119015,0.048875,1.2878078,15.48,
2025-07-31,0.133189,0.1417615,0.01773930972,-0.0085725,0.055522,1.456717414,16.72,
2025-08-01,0.160743,0.1593795,0.02583831205,0.0013635,0.069625,1.261650203,20.38,
2025-08-04,0.1371275,0.1442565,0.01880395126,-0.007129,0.0585,1.421793695,17.52,
2025-08-05,0.1437115,0.148791,0.02065299523,-0.0050795,0.057699,1.225766345,17.85,
2025-08-06,0.1325175,0.1419925,0.01756088781,-0.009475,0.054008,1.351993978,16.77,
2025-08-07,0.1340245,0.142937,0.0179625666,-0.0089125,0.056476,0.9015720721,16.57,
2025-08-08,0.121818,0.13634,0.01483962512,-0.014522,0.049663,1.353441054,15.15,
2025-08-11,0.128412,0.1395885,0.01648964174,-0.0111765,0.054752,1.078080516,16.25,
2025-08-12,0.1171325,0.1325615,0.01372002256,-0.015429,0.045622,1.31699814,14.73,
2025-08-13,0.1135495,0.131121,0.01289348895,-0.0175715,0.043665,1.004905972,14.49,
2025-08-14,0.1144555,0.1324085,0.01310006148,-0.017953,0.043072,1.331698492,14.83,
2025-08-15,0.117117,0.1345875,0.01371639169,-0.0174705,0.051303,1.086127659,15.09,
2025-08-18,0.117769,0.133942,0.01386953736,-0.016173,0.047334,0.9739716419,14.99,
2025-08-19,0.122584,0.1374935,0.01502683706,-0.0149095,0.058806,1.032941905,15.57,
2025-08-20,0.1293105,0.140001,0.01672120541,-0.0106905,0.058129,1.283121644,15.69,
2025-08-21,0.1379295,0.1446655,0.01902454697,-0.006736,0.062386,1.137162432,16.6,
2025-08-22,0.114366,0.1302065,0.01307958196,-0.0158405,0.05278,1.48777339,14.22,
2025-08-25,0.118691,0.1346225,0.01408755348,-0.0159315,0.045557,1.142309838,14.79,
2025-08-26,0.116387,0.13297,0.01354593377,-0.016583,0.048446,1.067138327,14.62,
2025-08-27,0.1177465,0.1331065,0.01386423826,-0.01536,0.045012,1.121897333,14.85,
2025-08-28,0.1128155,0.130557,0.01272733704,-0.0177415,0.042889,1.217719329,14.43,
2025-08-29,0.119708,0.1347815,0.01433000526,-0.0150735,0.05633,1.032797424,15.36,
2025-09-01,,,,,,,16.12,
2025-09-02,,,,,,,17.17,
2025-09-03,,,,,,,16.35,
2025-09-04,,,,,,,15.3,
2025-09-05,,,,,,,15.18,
2025-09-08,,,,,,,15.11,
2025-09-09,,,,,,,15.04,
2025-09-10,,,,,,,15.35,
2025-09-11,,,,,,,14.71,
2025-09-12,,,,,,,14.76,
2025-09-15,,,,,,,15.69,
2025-09-16,,,,,,,16.36,
2025-09-17,,,,,,,15.72,
2025-09-18,,,,,,,15.7,
2025-09-19,,,,,,,15.45,
2025-09-22,,,,,,,16.1,
2025-09-23,,,,,,,16.64,
2025-09-24,,,,,,,16.18,
2025-09-25,,,,,,,16.74,
2025-09-26,,,,,,,15.29,
2025-09-29,,,,,,,16.12,
2025-09-30,,,,,,,16.28,
2025-10-01,,,,,,,16.29,
2025-10-02,,,,,,,16.63,
2025-10-03,,,,,,,16.65,
2025-10-06,,,,,,,16.37,
2025-10-07,,,,,,,17.24,
2025-10-08,,,,,,,16.3,
2025-10-09,,,,,,,16.43,
2025-10-10,,,,,,,21.66,
2025-10-13,,,,,,,19.03,
2025-10-14,,,,,,,20.81,
2025-10-15,,,,,,,20.64,
2025-10-16,,,,,,,25.31,
2025-10-17,,,,,,,20.78,
2025-10-20,,,,,,,18.23,
2025-10-21,,,,,,,17.87,
2025-10-22,,,,,,,18.6,
2025-10-23,,,,,,,17.3,
2025-10-24,,,,,,,16.37,
2025-10-27,,,,,,,15.79,
2025-10-28,,,,,,,16.42,
2025-10-29,,,,,,,16.92,
2025-10-30,,,,,,,16.91,
2025-10-31,,,,,,,17.44,
2025-11-03,,,,,,,17.17,
2025-11-04,,,,,,,19,
2025-11-05,,,,,,,18.01,
2025-11-06,,,,,,,19.5,
2025-11-07,,,,,,,19.08,
2025-11-10,,,,,,,17.6,
2025-11-11,,,,,,,17.28,
2025-11-12,,,,,,,17.51,
2025-11-13,,,,,,,20,
2025-11-14,,,,,,,19.83,
2025-11-17,,,,,,,22.38,
2025-11-18,,,,,,,24.69,
2025-11-19,,,,,,,23.66,
2025-11-20,,,,,,,26.42,
2025-11-21,,,,,,,23.43,
2025-11-24,,,,,,,20.52,
2025-11-25,,,,,,,18.56,
2025-11-26,,,,,,,17.19,
2025-11-27,,,,,,,17.21,
2025-11-28,,,,,,,16.35,
2025-12-01,,,,,,,17.24,
2025-12-02,,,,,,,16.59,
2025-12-03,,,,,,,16.08,
2025-12-04,,,,,,,15.78,
2025-12-05,,,,,,,15.41,
2025-12-08,,,,,,,16.66,
2025-12-09,,,,,,,16.93,
2025-12-10,,,,,,,15.77,
2025-12-11,,,,,,,14.85,
2025-12-12,,,,,,,15.74,
2025-12-15,,,,,,,16.5,
2025-12-16,,,,,,,16.48,
2025-12-17,,,,,,,17.62,
2025-12-18,,,,,,,16.87,
2025-12-19,,,,,,,14.91,
2025-12-22,,,,,,,14.08,
2025-12-23,,,,,,,14,
2025-12-24,,,,,,,13.47,
2025-12-26,,,,,,,13.6,
2025-12-29,,,,,,,14.2,
2025-12-30,,,,,,,14.33,
2025-12-31,,,,,,,14.95,
2026-01-02,,,,,,,14.51,
2026-01-05,,,,,,,14.9,
2026-01-06,,,,,,,14.75,
2026-01-07,,,,,,,15.38,
2026-01-08,,,,,,,15.45,
2026-01-09,,,,,,,14.49,
2026-01-12,,,,,,,15.12,
2026-01-13,,,,,,,15.98,
2026-01-14,,,,,,,16.75,
2026-01-15,,,,,,,15.84,
2026-01-16,,,,,,,15.86,
2026-01-19,,,,,,,18.84,
2026-01-20,,,,,,,20.09,
2026-01-21,,,,,,,16.9,
2026-01-22,,,,,,,15.64,
2026-01-23,,,,,,,16.09,
2026-01-26,,,,,,,16.15,
2026-01-27,,,,,,,16.35,
2026-01-28,,,,,,,16.35,
2026-01-29,,,,,,,16.88,
2026-01-30,,,,,,,17.44,
2026-02-02,,,,,,,16.34,
2026-02-03,,,,,,,18,
2026-02-04,,,,,,,18.64,
2026-02-05,,,,,,,21.77,
2026-02-06,,,,,,,17.76,
2026-02-09,,,,,,,17.36,
2026-02-10,,,,,,,17.79,
2026-02-11,,,,,,,17.65,
2026-02-12,,,,,,,20.82,
2026-02-13,,,,,,,20.6,
2026-02-16,,,,,,,21.2,
2026-02-17,,,,,,,20.29,
2026-02-18,,,,,,,19.62,
2026-02-19,,,,,,,20.23,
2026-02-20,,,,,,,19.09,
2026-02-23,,,,,,,21.01,
2026-02-24,,,,,,,19.55,
2026-02-25,,,,,,,17.93,
2026-02-26,,,,,,,18.63,
2026-02-27,,,,,,,19.86,
2026-03-02,,,,,,,21.44,
2026-03-03,,,,,,,23.57,
2026-03-04,,,,,,,21.15,
2026-03-05,,,,,,,23.75,
2026-03-06,,,,,,,29.49,
2026-03-09,,,,,,,25.5,
2026-03-10,,,,,,,24.93,
2026-03-11,,,,,,,24.23,
2026-03-12,,,,,,,27.29,
2026-03-13,,,,,,,27.19,
2026-03-16,,,,,,,23.51,
2026-03-17,,,,,,,22.37,
2026-03-18,,,,,,,25.09,
2026-03-19,,,,,,,24.06,
2026-03-20,,,,,,,26.78,
2026-03-23,,,,,,,26.15,
2026-03-24,,,,,,,26.95,
2026-03-25,,,,,,,25.33,
2026-03-26,,,,,,,27.44,
2026-03-27,,,,,,,31.05,
2026-03-30,,,,,,,30.61,
2026-03-31,,,,,,,25.25,
2026-04-01,,,,,,,24.54,
2026-04-02,,,,,,,23.87,
2026-04-06,,,,,,,24.17,
2026-04-07,,,,,,,25.78,
2026-04-08,,,,,,,21.04,
2026-04-09,,,,,,,19.49,
2026-04-10,,,,,,,19.23,
2026-04-13,,,,,,,19.12,
2026-04-14,,,,,,,18.36,
2026-04-15,,,,,,,18.17,
2026-04-16,,,,,,,17.94,
2026-04-17,,,,,,,17.48,
2026-04-20,,,,,,,18.87,
2026-04-21,,,,,,,19.5,
2026-04-22,,,,,,,18.92,
2026-04-23,,,,,,,19.31,
2026-04-24,,,,,,,18.71,
2026-04-27,,,,,,,18.02,
2026-04-28,,,,,,,17.83,
2026-04-29,,,,,,,18.81,
2026-04-30,,,,,,,16.89,
2026-05-01,,,,,,,16.99,
2026-05-04,,,,,,,18.29,
2026-05-05,,,,,,,17.38,
2026-05-06,,,,,,,17.39,
2026-05-07,,,,,,,17.08,
2026-05-08,,,,,,,17.19,
2026-05-11,,,,,,,18.38,
2026-05-12,,,,,,,17.99,
2026-05-13,,,,,,,17.87,
2026-05-14,,,,,,,17.26,
2026-05-15,,,,,,,18.43,
2026-05-18,,,,,,,17.82,
2026-05-19,,,,,,,18.06,
2026-05-20,,,,,,,17.44,
2026-05-21,,,,,,,16.76,
2026-05-22,,,,,,,16.7,
2026-05-25,,,,,,,16.59,
2026-05-26,,,,,,,17.01,
2026-05-27,,,,,,,16.29,
2026-05-28,,,,,,,15.74,
2026-05-29,,,,,,,15.32,
2026-06-01,,,,,,,16.05,
2026-06-02,,,,,,,15.77,
2026-06-03,,,,,,,16.06,
2026-06-04,,,,,,,15.4,
2026-06-05,,,,,,,21.51,
2026-06-08,,,,,,,18.92,
2026-06-09,,,,,,,19.87,
2026-06-10,,,,,,,22.22,
2026-06-11,,,,,,,19.44,
2026-06-12,,,,,,,17.68,
2026-06-15,,,,,,,16.2,
2026-06-16,,,,,,,16.41,
2026-06-17,,,,,,,18.44,
2026-06-18,,,,,,,16.4,
2026-06-19,,,,,,,16.78,
2026-06-22,,,,,,,17.28,
2026-06-23,,,,,,,19.49,
2026-06-24,,,,,,,18.63,
2026-06-25,,,,,,,18.89,
2026-06-26,,,,,,,18.41,
2026-06-29,,,,,,,17.65,
2026-06-30,,,,,,,16.45,
2026-07-01,,,,,,,16.59,
2026-07-02,,,,,,,16.15,
2026-07-03,,,,,,,15.81,
2026-07-06,,,,,,,15.57,
2026-07-07,,,,,,,16.13,
2026-07-08,,,,,,,16.9,
2026-07-09,,,,,,,15.84,
2026-07-10,,,,,,,15.03,
2026-07-13,,,,,,,17.16,
2026-07-14,,,,,,,16.5,
2026-07-15,,,,,,,15.67,
2026-07-16,,,,,,,16.73,
2026-07-17,,,,,,,18.77,
2026-07-20,,,,,,,18.65,
2026-07-21,,,,,,,17.05,
2026-07-22,,,,,,,16.64,
2026-07-23,,,,,,,18.7,
2026-07-24,,,,,,,18.58,
2026-07-27,,,,,,,18.67,
2026-07-28,,,,,,,18.21,
2026-07-29,,,,,,,20.66,
2026-07-30,,,,,,,17.09,
2026-07-31,,,,,,,15.99,
2026-08-03,,,,,,,15.86,
2026-08-04,,,,,,,16.5,
2026-08-05,,,,,,,15.81,
2026-08-06,,,,,,,15.15,
2026-08-07,,,,,,,14.9,
2026-08-10,,,,,,,15.46,
2026-08-11,,,,,,,15.28,
2026-08-12,,,,,,,14.55,
2026-08-13,,,,,,,14.63,
2026-08-14,,,,,,,14.25,
2026-08-17,,,,,,,15.19,
2026-08-18,,,,,,,15.84,
2026-08-19,,,,,,,14.89,
2026-08-20,,,,,,,16.01,
2026-08-21,,,,,,,15.13,
2026-08-24,,,,,,,15.85,
2026-08-25,,,,,,,15.45,
2026-08-26,,,,,,,15.21,
2026-08-27,,,,,,,14.51,
2026-08-28,,,,,,,14.43,
2026-08-31,,,,,,,14.92,
