date,gdelt_tone_mkt,gdelt_share_mkt,gdelt_count_mkt,gdelt_tone_econ,gdelt_share_econ,gdelt_count_econ
2018-01-01,-0.1299,0.01609592074,5998,-2.1405,0.0275949238,10283
2018-01-02,0.0602,0.01849646819,9398,-1.7774,0.03095471928,15728
2018-01-03,0.0073,0.01941279151,12111,-1.3037,0.02891641969,18040
2018-01-04,-0.2123,0.02139565992,12988,-1.0948,0.02991405824,18159
2018-01-05,-0.3357,0.01986001961,10672,-1.2949,0.03202130411,17207
2018-01-06,-0.4968,0.01303097519,5628,-1.4224,0.02171829199,9380
2018-01-07,-0.4683,0.007604169131,2571,-0.98,0.01794418285,6067
2018-01-08,-0.0287,0.01503382449,9296,-0.8409,0.02585636681,15988
2018-01-09,0.0529,0.01660076138,10361,-0.7983,0.02642086239,16490
2018-01-10,0.0208,0.01732199771,10984,-0.4903,0.03094115031,19620
2018-01-11,-0.2142,0.01734864614,10047,-0.5317,0.02984167439,17282
2018-01-12,-0.131,0.01767124823,10567,-0.7618,0.02826697348,16903
2018-01-13,-0.1473,0.01123931676,4583,-0.9504,0.02273368239,9270
2018-01-14,-0.2262,0.01070619481,3620,-1.042,0.0219122092,7409
2018-01-15,-0.9905,0.0163311634,9079,-0.7021,0.02334822127,12980
2018-01-16,-0.141,0.01662358959,10786,-0.6693,0.024517714,15908
2018-01-17,-0.0658,0.01736762957,10602,-0.7674,0.02706381891,16521
2018-01-18,-0.1392,0.01801704935,10054,-0.5974,0.0275936469,15398
2018-01-19,-0.2134,0.01708072072,10771,-0.7969,0.02871419646,18107
2018-01-20,-0.6594,0.01276515568,4878,-0.9683,0.02624733732,10030
2018-01-21,-0.1789,0.01023522434,4021,-0.5752,0.02661769235,10457
2018-01-22,-0.0983,0.01663903276,9072,-0.5763,0.03012890115,16427
2018-01-23,0.0778,0.0167340596,10284,-0.4743,0.03171563164,19491
2018-01-24,-0.0256,0.01825214914,11013,-0.4817,0.03321450294,20041
2018-01-25,-0.0573,0.01715584061,8351,-0.4351,0.03523408242,17151
2018-01-26,-0.2392,0.01887200982,11418,-0.685,0.03556393724,21517
2018-01-27,-0.3057,0.01235480514,5248,-1.0905,0.02813260699,11950
2018-01-28,-0.0336,0.01160082176,4557,-0.9996,0.02788830422,10955
2018-01-29,-0.0243,0.0172684333,8650,-0.4379,0.03147047198,15764
2018-01-30,-0.2169,0.01960981828,10707,-0.3982,0.03490646554,19059
2018-01-31,-0.0624,0.02247486375,13423,-0.5958,0.03725941615,22253
2018-02-01,-0.0236,0.01909687125,12186,-0.3805,0.02977833149,19002
2018-02-02,-0.2843,0.01996370548,11595,-0.5803,0.02697295473,15666
2018-02-03,-0.3625,0.01465563507,6035,-0.5154,0.02005405707,8258
2018-02-04,-0.1462,0.01135217018,4399,-0.939,0.02263466347,8771
2018-02-05,-0.7618,0.02114778835,13917,-0.8216,0.02672915119,17590
2018-02-06,-1.1561,0.02990391124,20014,-1.0652,0.03126209327,20923
2018-02-07,-0.5562,0.02194326457,14243,-0.7262,0.02760355763,17917
2018-02-08,-0.5084,0.02212551792,13382,-0.6799,0.03096282873,18727
2018-02-09,-0.9046,0.02292272538,13242,-0.9346,0.02632080044,15205
2018-02-10,-0.8696,0.0166263555,7266,-0.9192,0.0209374006,9150
2018-02-11,-0.1412,0.01201721269,4781,-0.6045,0.01901740875,7566
2018-02-12,-0.2604,0.01763141085,8391,-0.7289,0.02698608146,12843
2018-02-13,-0.1266,0.01763369248,9553,-0.5702,0.0289415539,15679
2018-02-14,-0.141,0.01892556376,10823,-0.6458,0.03057502378,17485
2018-02-15,-0.2581,0.01950325501,11642,-0.6892,0.02779406493,16591
2018-02-16,-0.5815,0.01924764426,10397,-0.6968,0.02697854379,14573
2018-02-17,-0.589,0.01343493547,5797,-0.7564,0.01802835311,7779
2018-02-18,-0.0033,0.01089474803,4204,-0.572,0.01970332285,7603
2018-02-19,-0.5722,0.01429548292,7547,-0.3417,0.02177754963,11497
2018-02-20,-0.4899,0.02112822268,13331,-0.3918,0.02559286924,16148
2018-02-21,-0.7422,0.0250242108,13075,-0.5118,0.02681944673,14013
2018-02-22,-0.7121,0.02489112867,14215,-0.5891,0.02626745137,15001
2018-02-23,-0.7984,0.02419515193,13385,-0.6922,0.02548037816,14096
2018-02-24,-0.5561,0.01481036418,6754,-0.8269,0.01955783805,8919
2018-02-25,-0.0405,0.01210831067,4795,-0.4485,0.01857028502,7354
2018-02-26,-0.1098,0.01856473073,10988,-0.4637,0.02622851109,15524
2018-02-27,-0.328,0.02089542117,11092,-0.3951,0.02789761018,14809
2018-02-28,-0.504,0.02234253819,14142,-0.4886,0.02917864077,18469
2018-03-01,-0.5345,0.02303063145,16150,-0.7545,0.02849666305,19983
2018-03-02,-1.2134,0.02233345471,13555,-1.3322,0.03184679794,19329
2018-03-03,-0.7474,0.01501371081,5946,-1.3239,0.02456077447,9727
2018-03-04,-0.4311,0.01340575902,4082,-1.0435,0.02645683359,8056
2018-03-05,-0.4468,0.0186336961,11891,-0.7235,0.03247694489,20725
2018-03-06,-0.4044,0.01891929402,12814,-0.4529,0.02898133466,19629
2018-03-07,-0.5341,0.01934219182,13143,-0.882,0.03635472606,24703
2018-03-08,-0.6424,0.02152116443,12488,-0.7163,0.0356491678,20686
2018-03-09,-0.8359,0.02165368642,13999,-0.8187,0.03418587924,22101
2018-03-10,-1.3231,0.01649929073,7316,-0.8583,0.02682149599,11893
2018-03-11,-0.6671,0.01466837072,5555,-0.9569,0.03101350388,11745
2018-03-12,-0.3316,0.01757001333,10902,-0.5491,0.02793925436,17336
2018-03-13,-0.6676,0.01931496958,10058,-0.891,0.03313387206,17254
2018-03-14,-0.9342,0.01832785262,12256,-0.6933,0.03055290119,20431
2018-03-15,-0.612,0.01728437954,11144,-0.696,0.02734728823,17632
2018-03-16,-0.5425,0.01728094983,11219,-0.9405,0.02827427712,18356
2018-03-17,-0.0795,0.01101007917,4175,-0.7788,0.02025854567,7682
2018-03-18,-0.0114,0.01063409726,3932,-0.8572,0.02077867988,7683
2018-03-19,-0.5329,0.01849822387,11748,-0.6519,0.02711435266,17220
2018-03-20,-0.7094,0.02002612323,11867,-0.4837,0.02648436656,15694
2018-03-21,-0.5304,0.02016854628,12878,-0.3736,0.02665386621,17019
2018-03-22,-0.9509,0.02128217225,13398,-0.8285,0.0303649802,19116
2018-03-23,-1.288,0.02287182368,12784,-0.9693,0.0294073972,16437
2018-03-24,-1.3445,0.01892174019,7450,-0.7688,0.01973194625,7769
2018-03-25,-0.8741,0.01694572242,6280,-0.5658,0.02163008136,8016
2018-03-26,-0.4604,0.02044318004,11986,-0.7665,0.02599998636,15244
2018-03-27,-0.4659,0.01965962286,11167,-0.603,0.02478270897,14077
2018-03-28,-0.5783,0.01864230496,12260,-0.4561,0.02704350682,17785
2018-03-29,-0.5236,0.0194119582,12570,-0.7943,0.02732345079,17693
2018-03-30,-0.4935,0.01342646002,6855,-0.6493,0.02062249417,10529
2018-03-31,-0.3301,0.01174823339,4296,-0.7502,0.01781377847,6514
2018-04-01,0.0152,0.01073320822,3300,-1.0146,0.01953118647,6005
2018-04-02,-0.6747,0.01805658738,10038,-0.8232,0.02657041763,14771
2018-04-03,-0.474,0.0199338941,12297,-0.9067,0.02633374886,16245
2018-04-04,-0.9345,0.02115364359,11648,-1.1787,0.03347389755,18432
2018-04-05,-0.5006,0.01795306096,11140,-0.8881,0.02942593718,18259
2018-04-06,-0.9357,0.02023727763,11816,-1.3933,0.03182541409,18582
2018-04-07,-0.8401,0.01167233999,4420,-1.3957,0.02353481764,8912
2018-04-08,-0.5686,0.01222018069,4496,-0.9941,0.0208960741,7688
2018-04-09,-0.6404,0.01922893037,10457,-0.8722,0.02831840181,15400
2018-04-10,-0.6169,0.01905698893,13714,-0.6899,0.02848404252,20498
2018-04-11,-0.7432,0.02225552111,15090,-0.712,0.02835256049,19224
2018-04-12,-0.506,0.02052485161,14409,-0.7589,0.02940770084,20645
2018-04-13,-0.313,0.0192742569,11336,-0.5527,0.02763958364,16256
2018-04-14,-0.6009,0.01146457037,5030,-0.9975,0.01937808694,8502
2018-04-15,-0.331,0.01057847329,3845,-0.9342,0.02197131019,7986
2018-04-16,-0.1427,0.01670883352,9629,-0.7857,0.02621633159,15108
2018-04-17,0.1424,0.01617437441,10621,-0.6979,0.02792329622,18336
2018-04-18,-0.0252,0.01759368483,12588,-0.4755,0.0296903914,21243
2018-04-19,-0.1277,0.01871307531,13658,-0.3716,0.02941369899,21468
2018-04-20,-0.3436,0.01616755563,9145,-0.6784,0.02552157825,14436
2018-04-21,-0.2721,0.009805529522,4185,-0.7972,0.02494845361,10648
2018-04-22,0.1066,0.009698389068,3785,-0.7167,0.02062413041,8049
2018-04-23,-0.0214,0.01687692808,9541,-0.6105,0.02534280984,14327
2018-04-24,0.1622,0.01740304903,11210,-0.3166,0.02497283199,16086
2018-04-25,-0.1046,0.01792826963,10366,-0.2336,0.0260414775,15057
2018-04-26,0.0616,0.01845024272,10524,-0.4999,0.02714941646,15486
2018-04-27,0.1041,0.01582548349,9687,-0.574,0.02693289159,16486
2018-04-28,-0.0062,0.008214662726,3494,-0.8047,0.02215654881,9424
2018-04-29,0.2111,0.009882238897,3303,-0.806,0.02182589548,7295
2018-04-30,0.2513,0.01804402489,10276,-0.3776,0.03169293551,18049
2018-05-01,0.0229,0.02155766529,11433,-0.8823,0.04012859554,21282
2018-05-02,-0.0599,0.0191321785,10953,-0.2701,0.03021357541,17297
2018-05-03,-0.3025,0.02075183303,12572,-0.398,0.02739235358,16595
2018-05-04,-0.2756,0.01961898257,11776,-0.6327,0.02692112256,16159
2018-05-05,-0.5844,0.01049999632,4275,-0.6028,0.02052595771,8357
2018-05-06,-0.3264,0.01138702117,4222,-0.9556,0.02241533229,8311
2018-05-07,-0.0734,0.01679873604,9633,-0.8436,0.02866405318,16437
2018-05-08,-0.0669,0.01796695652,10331,-0.9629,0.03662608696,21060
2018-05-09,-0.1221,0.01657885782,10913,-0.7717,0.03800847097,25019
2018-05-10,-0.1736,0.01813192937,11062,-0.6118,0.03268894119,19943
2018-05-11,-0.1251,0.01512321043,8905,-0.647,0.0303737921,17885
2018-05-12,-0.1525,0.00894508595,3424,-0.7702,0.02744657506,10506
2018-05-13,0.0925,0.007837337868,2936,-0.7838,0.02338121335,8759
2018-05-14,-0.2582,0.01632431579,9717,-0.6278,0.02835797576,16880
2018-05-15,-0.0589,0.01607611269,9432,-1.1507,0.03182156742,18670
2018-05-16,-0.037,0.01611761607,10953,-0.6606,0.02932455519,19928
2018-05-17,-0.1113,0.01721964676,11448,-0.8251,0.02993131996,19899
2018-05-18,-0.2557,0.01591625948,9961,-0.6251,0.02598595803,16263
2018-05-19,0.1734,0.009154283346,3711,-0.6809,0.01819262724,7375
2018-05-20,-0.4771,0.009921215532,3526,-0.7903,0.02222566123,7899
2018-05-21,-0.2176,0.01723589243,9803,-0.6724,0.02982655098,16964
2018-05-22,0.0646,0.01606587393,9178,-0.4963,0.02683655625,15331
2018-05-23,0.0878,0.01785831799,11669,-0.5745,0.02943584611,19234
2018-05-24,0.0102,0.01660003287,11414,-0.5742,0.02702050207,18579
2018-05-25,-0.0433,0.01535483021,8859,-0.7666,0.02718423716,15684
2018-05-26,0.1248,0.009054360723,3930,-1.1239,0.02216129664,9619
2018-05-27,0.5222,0.009051501471,3627,-0.7878,0.02705468085,10841
2018-05-28,-0.5896,0.01243519246,6332,-0.5018,0.03019245876,15374
2018-05-29,-0.6646,0.01736345028,10722,-1.0034,0.03069615743,18955
2018-05-30,-0.4832,0.0181953177,11567,-0.7536,0.03010163391,19136
2018-05-31,-0.8002,0.02082661626,12273,-0.6083,0.03360122452,19801
2018-06-01,-0.6401,0.02023914869,12488,-0.8055,0.03523699317,21742
2018-06-02,-0.1361,0.01320840116,5282,-0.99,0.03087795107,12348
2018-06-03,0.6029,0.01029688413,4034,-1.059,0.02578305073,10101
2018-06-04,0.1127,0.01662410061,9972,-0.9713,0.02820362356,16918
2018-06-05,0.215,0.0160734716,10312,-0.5685,0.03010035009,19311
2018-06-06,0.2996,0.01668824433,11021,-0.5397,0.03145039786,20770
2018-06-07,0.1579,0.01771179988,11677,-0.592,0.03105670142,20475
2018-06-08,-0.1269,0.01648419815,9168,-0.7909,0.0331284196,18425
2018-06-09,0.2698,0.009862984053,3646,-0.758,0.02203075758,8144
2018-06-10,0.9736,0.01029668035,3817,-0.6783,0.0296923135,11007
2018-06-11,0.4805,0.01674692532,10760,-0.7476,0.0300152839,19285
2018-06-12,0.5355,0.01672486836,11504,-0.6742,0.03251346974,22364
2018-06-13,0.0745,0.01787782068,11533,-0.4793,0.02853816689,18410
2018-06-14,0.3041,0.01705718875,11373,-0.6645,0.02944401034,19632
2018-06-15,-0.2211,0.01753103472,10408,-0.9575,0.02879111994,17093
2018-06-16,0.1141,0.01261363142,4930,-1.4454,0.02190371168,8561
2018-06-17,0.3893,0.01048049759,3643,-1.2378,0.01987928584,6910
2018-06-18,-0.3528,0.01426665731,8128,-0.7915,0.02612511409,14884
2018-06-19,-1.0652,0.01699774952,9343,-1.0914,0.02810095677,15446
2018-06-20,-0.2304,0.01860816219,12424,-0.983,0.03069508016,20494
2018-06-21,-0.3306,0.01792637028,10788,-0.9033,0.03081115662,18542
2018-06-22,-0.4795,0.01834002271,11483,-0.9298,0.02769929582,17343
2018-06-23,-0.3981,0.01045014656,4139,-1.1901,0.02445773611,9687
2018-06-24,0.0513,0.008911044191,3400,-1.2117,0.02406244021,9181
2018-06-25,-0.3208,0.01638375118,7067,-1.0718,0.02841828526,12258
2018-06-26,-0.4191,0.01601340357,9940,-1.0156,0.02848581509,17682
2018-06-27,-0.2532,0.01624381455,8466,-0.7945,0.03084904918,16078
2018-06-28,-0.1791,0.01771390253,9721,-0.8893,0.03161934334,17352
2018-06-29,-0.1266,0.01771870474,9213,-0.8729,0.02861956423,14881
2018-06-30,-0.3259,0.0101902633,4071,-1.3741,0.02485112604,9928
2018-07-01,-0.2302,0.008776624211,3116,-1.5112,0.02722837813,9667
2018-07-02,-0.2103,0.01772362831,10551,-0.7348,0.02908919264,17317
2018-07-03,-0.366,0.01692794689,9444,-0.6838,0.0247771082,13823
2018-07-04,-0.3456,0.01175528211,6736,-0.8357,0.02383516079,13658
2018-07-05,-0.466,0.01611872347,10239,-0.8243,0.02638754203,16762
2018-07-06,-0.87,0.0199650253,11120,-1.163,0.03114148955,17345
2018-07-07,-0.3542,0.01071143165,4316,-1.1531,0.02506613986,10100
2018-07-08,-0.5148,0.009878991424,3268,-1.0741,0.0217470821,7194
2018-07-09,-0.148,0.01642530625,9583,-0.7629,0.02957514968,17255
2018-07-10,-0.0237,0.01691530211,9198,-0.3805,0.02806711686,15262
2018-07-11,-0.8314,0.01867384547,11390,-0.868,0.0282304605,17219
2018-07-12,-0.4546,0.01905200879,11615,-0.6445,0.02915293604,17773
2018-07-13,-0.2158,0.01713928993,10131,-0.7937,0.026535363,15685
2018-07-14,-0.457,0.008140542193,3195,-1.1937,0.01931308602,7580
2018-07-15,-0.0693,0.009650724846,2547,-1.3831,0.0210368372,5552
2018-07-16,-0.2152,0.0148657872,8233,-0.7403,0.0262467002,14536
2018-07-17,-0.1703,0.01691639994,10750,-0.749,0.02596470688,16500
2018-07-18,-0.2393,0.01623619288,10601,-0.3139,0.02611176799,17049
2018-07-19,0.0531,0.01627314768,10525,-0.7882,0.02672197733,17283
2018-07-20,-0.0977,0.01590794338,9767,-1.1404,0.02710230142,16640
2018-07-21,-0.1902,0.01066086022,4147,-1.1776,0.02318550719,9019
2018-07-22,0.05,0.009617879667,3410,-1.0375,0.02014959893,7144
2018-07-23,-0.1993,0.01578541123,9387,-1.1957,0.0268790895,15984
2018-07-24,0.1555,0.01696157794,10990,-0.8561,0.02704746618,17525
2018-07-25,0.0404,0.01755882252,11282,-0.8578,0.02908364798,18687
2018-07-26,-0.4271,0.02294900892,14793,-0.9078,0.02829493502,18239
2018-07-27,-0.4278,0.02108513004,12819,-0.8275,0.0297172201,18067
2018-07-28,-0.3054,0.01340230737,5065,-1.0714,0.02186176969,8262
2018-07-29,0.0293,0.01196731299,4184,-1.0672,0.02261032724,7905
2018-07-30,-0.2638,0.01687024098,9682,-1.0343,0.02843651444,16320
2018-07-31,-0.2958,0.01914393212,11998,-0.8277,0.02884833245,18080
2018-08-01,-0.1718,0.01972566474,12458,-0.8776,0.02970883348,18763
2018-08-02,-0.076,0.02254335167,14065,-0.8894,0.029589251,18461
2018-08-03,-0.4964,0.02073366818,12508,-1.318,0.03227742139,19472
2018-08-04,-0.4372,0.0113994401,4414,-1.3709,0.02234176627,8651
2018-08-05,-0.0266,0.008912349689,3164,-2.3883,0.02780461561,9871
2018-08-06,-0.1019,0.01631839442,9357,-1.7274,0.02730893858,15659
2018-08-07,-0.0528,0.01980555021,12249,-1.3445,0.03091534983,19120
2018-08-08,-0.605,0.0216857498,13415,-1.392,0.03009170575,18615
2018-08-09,-0.5411,0.02138285883,12750,-1.478,0.02663549521,15882
2018-08-10,-0.8223,0.01955341888,10884,-1.3991,0.02928521511,16301
2018-08-11,-1.0195,0.01472463335,5520,-1.7469,0.02284985675,8566
2018-08-12,-0.3656,0.0125918277,4268,-1.1269,0.01916211831,6495
2018-08-13,-0.726,0.019551392,10886,-1.4867,0.03004190097,16727
2018-08-14,-0.5331,0.01937087727,11579,-1.2118,0.02952055448,17646
2018-08-15,-0.6382,0.01689166815,9692,-1.2772,0.03135729399,17992
2018-08-16,-0.576,0.01760923535,10519,-1.128,0.02868971151,17138
2018-08-17,-0.4403,0.01604011453,9008,-1.0109,0.02690743458,15111
2018-08-18,-0.2615,0.01315285924,4846,-1.2682,0.02265787638,8348
2018-08-19,0.0652,0.01059132673,3555,-1.4638,0.02424832863,8139
2018-08-20,-0.0391,0.0174291207,9338,-1.1289,0.02798775594,14995
2018-08-21,0.028,0.01678864768,8820,-1.0344,0.02906225314,15268
2018-08-22,-0.984,0.01948790602,11307,-1.0651,0.02994798399,17376
2018-08-23,-0.8421,0.01908461065,11247,-1.5408,0.03318553662,19557
2018-08-24,-0.2676,0.01652872165,9376,-1.1023,0.02924786912,16591
2018-08-25,-0.2058,0.01425772627,5167,-1.25,0.02135761589,7740
2018-08-26,0.1013,0.01176699694,3988,-1.4565,0.02251898712,7632
2018-08-27,0.0726,0.01601686143,8572,-0.8918,0.02894694555,15492
2018-08-28,0.388,0.01764422304,10431,-0.7393,0.03111716299,18396
2018-08-29,0.0782,0.01671848948,10017,-0.8599,0.02924609076,17523
2018-08-30,-0.0262,0.01688686424,10031,-0.6424,0.02924856737,17374
2018-08-31,-0.1698,0.01555743856,8923,-0.7647,0.02837580551,16275
2018-09-01,0.4434,0.01055978593,3962,-0.4301,0.02089568946,7840
2018-09-02,0.0141,0.009608014403,3234,-0.8873,0.02278412568,7669
2018-09-03,-0.3486,0.01234876453,6275,-1.1588,0.02884395885,14657
2018-09-04,-0.5497,0.01918267303,11528,-1.0315,0.02786046968,16743
2018-09-05,-0.4867,0.01755061208,11263,-1.1671,0.03056358922,19614
2018-09-06,-0.5892,0.01780379255,11245,-0.9645,0.02972892954,18777
2018-09-07,-0.5522,0.01636322889,9784,-1.0066,0.03247893552,19420
2018-09-08,-0.3813,0.01171222284,4521,-1.6859,0.02693474471,10397
2018-09-09,-0.2246,0.01196950199,4325,-0.9257,0.02726832441,9853
2018-09-10,-0.4342,0.01612713079,9439,-0.7216,0.02843733075,16644
2018-09-11,-0.8063,0.01637803084,10174,-1.0022,0.02887163191,17935
2018-09-12,-0.6034,0.01663850816,10764,-1.3015,0.03166479373,20485
2018-09-13,-0.3758,0.01777799642,11203,-1.3072,0.03338670594,21039
2018-09-14,-0.3366,0.01651115982,10131,-0.9748,0.03037720935,18639
2018-09-15,-0.5805,0.01109585937,4260,-1.1152,0.02136083162,8201
2018-09-16,-0.1453,0.009624543171,3284,-1.2351,0.0234634874,8006
2018-09-17,-0.0493,0.01532762626,8768,-0.8028,0.02759427242,15785
2018-09-18,-0.4275,0.01659624681,10464,-1.0383,0.03333206451,21016
2018-09-19,-0.414,0.01581588806,9993,-0.8067,0.02917068276,18431
2018-09-20,0.0503,0.01554745847,9878,-0.5621,0.02979483588,18930
2018-09-21,-0.2136,0.01525156206,9112,-0.8758,0.02674881621,15981
2018-09-22,0.0981,0.01069568676,4007,-1.6034,0.02413803228,9043
2018-09-23,-0.5616,0.009879165351,3442,-1.842,0.02658936311,9264
2018-09-24,-0.0205,0.01687148511,9396,-1.0642,0.03229930546,17988
2018-09-25,-0.0584,0.01649470121,10145,-1.0541,0.03683464326,22655
2018-09-26,-0.2521,0.01849365714,11530,-0.8733,0.03546355242,22110
2018-09-27,-0.241,0.01673623348,9992,-0.5278,0.03046925772,18191
2018-09-28,-0.7232,0.01918425265,11397,-0.8292,0.0287721708,17093
2018-09-29,-0.1912,0.0122342886,4655,-1.118,0.02253947562,8576
2018-09-30,-0.5349,0.01452379031,5039,-1.2221,0.02316773695,8038
2018-10-01,-0.3583,0.01962507688,11008,-0.5306,0.03431001132,19245
2018-10-02,-0.2724,0.0185094983,11020,-0.5884,0.03226564993,19210
2018-10-03,-0.1839,0.01880130638,11289,-0.5792,0.03576228647,21473
2018-10-04,-0.0797,0.01725301411,10508,-0.9592,0.03307101352,20142
2018-10-05,-0.237,0.0203408307,11942,-1.0273,0.03139866631,18434
2018-10-06,-0.6143,0.01281861072,4752,-0.9859,0.02480638557,9196
2018-10-07,-0.1228,0.009722064316,3506,-1.2104,0.02617969458,9441
2018-10-08,-0.438,0.01564343168,8779,-0.6429,0.03176085275,17824
2018-10-09,-0.6919,0.01750210948,10620,-0.9486,0.03223387565,19559
2018-10-10,-0.981,0.01991310762,12311,-1.0888,0.03346780194,20691
2018-10-11,-1.3545,0.02568803764,15818,-1.4714,0.03976465353,24486
2018-10-12,-0.8011,0.02124847267,12121,-1.4743,0.03323218352,18957
2018-10-13,-0.5057,0.01416060536,5019,-1.3309,0.02874724208,10189
2018-10-14,-2.0536,0.01634102483,5407,-1.8472,0.03310213518,10953
2018-10-15,-1.1133,0.02091249625,11629,-1.5599,0.0366602587,20386
2018-10-16,-0.2505,0.01865966221,11416,-0.9235,0.03302054099,20202
2018-10-17,-0.0013,0.01778887846,10954,-0.5821,0.03315480579,20416
2018-10-18,-0.7452,0.02106862604,12909,-1.0082,0.03295185993,20190
2018-10-19,-0.8064,0.01868042886,10935,-1.2268,0.03211803776,18801
2018-10-20,0.0092,0.01094795401,3991,-1.1612,0.0262575334,9572
2018-10-21,-0.3229,0.01050482394,3653,-1.1553,0.02595004961,9024
2018-10-22,-0.3144,0.01704830914,9637,-0.984,0.03008264989,17005
2018-10-23,-0.5394,0.0189098336,11740,-1.1737,0.0345048088,21422
2018-10-24,-0.2758,0.0196292845,12386,-0.8461,0.03409213371,21512
2018-10-25,-0.3807,0.02224513319,14262,-1.0331,0.03037298266,19473
2018-10-26,-0.3758,0.02111598969,12605,-0.8351,0.03174183043,18948
2018-10-27,-0.3836,0.01489188032,5528,-1.7372,0.0279896231,10390
2018-10-28,-0.8336,0.01325672374,4656,-0.8632,0.02627712703,9229
2018-10-29,-0.4774,0.01833942124,10659,-0.8416,0.03224496608,18741
2018-10-30,-0.2206,0.01940861424,11908,-0.7908,0.02816759081,17282
2018-10-31,-0.07,0.02013856487,12560,-0.6392,0.03163967361,19733
2018-11-01,0.2045,0.02109052377,12579,-1.1633,0.03554823793,21202
2018-11-02,-0.2043,0.02040940926,11700,-1.1294,0.03802953259,21801
2018-11-03,0.2613,0.0142638968,5333,-1.1372,0.03225357801,12059
2018-11-04,0.3633,0.01132516608,3817,-1.1117,0.03121319024,10520
2018-11-05,-0.1123,0.01914299546,10716,-1.1867,0.03763217081,21066
2018-11-06,-0.0669,0.01925143592,11644,-0.8839,0.0342075068,20690
2018-11-07,-0.1441,0.01901502217,11939,-0.6172,0.04111506804,25815
2018-11-08,0.0166,0.01984092314,12263,-0.8045,0.03195937003,19753
2018-11-09,-0.1876,0.01818919879,10754,-0.9377,0.02699287925,15959
2018-11-10,-0.0654,0.01449034153,5485,-1.0618,0.02047140502,7749
2018-11-11,-0.3588,0.01424129047,4914,-0.9414,0.02135034328,7367
2018-11-12,-0.5616,0.01691312164,9229,-1.1393,0.02666625128,14551
2018-11-13,-0.3277,0.01751758522,10878,-0.7444,0.03054707428,18969
2018-11-14,-0.3283,0.01851848907,11647,-0.9402,0.03232586944,20331
2018-11-15,-0.4383,0.01949620401,12406,-0.7042,0.03174772798,20202
2018-11-16,-0.4173,0.01926602864,11380,-0.5829,0.02902262997,17143
2018-11-17,-0.1507,0.01456073359,5510,-1.6787,0.03190148382,12072
2018-11-18,0.1569,0.01067267967,3583,-1.2227,0.03194952892,10726
2018-11-19,-0.4884,0.01774804508,9755,-1.0043,0.03051281025,16771
2018-11-20,-0.7987,0.01987399333,11949,-0.9938,0.02890868508,17381
2018-11-21,-0.9602,0.01971294067,11997,-1.1355,0.03167347207,19276
2018-11-22,-0.5031,0.01516352091,8401,-1.137,0.0266828151,14783
2018-11-23,-0.5868,0.01363617578,7259,-1.2319,0.03010328102,16025
2018-11-24,0.091,0.01116820527,4060,-1.0149,0.02732909345,9935
2018-11-25,0.004,0.009788997916,3344,-1.011,0.02536825835,8666
2018-11-26,-0.2154,0.0160165167,9030,-1.1608,0.0320419019,18065
2018-11-27,-0.1516,0.01659435848,10071,-0.856,0.0333913886,20265
2018-11-28,-0.4899,0.01824442397,11307,-0.8359,0.03563366578,22084
2018-11-29,-0.3308,0.01825864694,11308,-1.1076,0.03357052782,20791
2018-11-30,-0.4607,0.01795759893,10499,-0.7265,0.03316485791,19390
2018-12-01,-0.2093,0.01288503761,4959,-0.8925,0.03675834383,14147
2018-12-02,-0.1662,0.0181121076,5990,-0.8455,0.03271669519,10820
2018-12-03,-0.2868,0.02023817363,11371,-0.9273,0.0351760851,19764
2018-12-04,-0.5263,0.0208459075,12641,-0.9794,0.03483497746,21124
2018-12-05,-0.756,0.01985758978,12187,-1.3021,0.03355438962,20593
2018-12-06,-1.2653,0.02152540257,12933,-1.701,0.03356384971,20166
2018-12-07,-1.1284,0.02105068554,11842,-1.3265,0.03169868473,17832
2018-12-08,-0.7371,0.01391802576,4936,-1.7938,0.02347397983,8325
2018-12-09,-0.7025,0.01271063131,4062,-1.8492,0.02650707972,8471
2018-12-10,-0.9577,0.01938632249,10301,-1.6054,0.03376468418,17941
2018-12-11,-0.8277,0.01802951446,10441,-1.5059,0.03310274803,19170
2018-12-12,-0.1667,0.01702439613,10009,-1.2227,0.03326807513,19559
2018-12-13,0.0492,0.01749548194,9555,-0.9902,0.03042987067,16619
2018-12-14,-0.7199,0.01664843164,9206,-1.2392,0.03112674401,17212
2018-12-15,-0.3929,0.01227500788,4323,-1.344,0.0252967951,8909
2018-12-16,-0.0198,0.01121724175,3509,-1.3264,0.02697060948,8437
2018-12-17,-0.4188,0.01681671315,8671,-1.1409,0.02971385793,15321
2018-12-18,-0.8392,0.01965936351,10834,-0.8389,0.02834947721,15623
2018-12-19,-0.7466,0.02082222056,11984,-0.9014,0.03255209465,18735
2018-12-20,-0.8297,0.0207307974,11975,-1.2699,0.03233831276,18680
2018-12-21,-0.8853,0.02114868536,10237,-1.2331,0.03037295811,14702
2018-12-22,-0.8646,0.01671503973,5713,-1.9173,0.0224905497,7687
2018-12-23,-0.2384,0.01359517629,4054,-1.8073,0.02378652823,7093
2018-12-24,-1.1148,0.02289625748,8844,-1.5879,0.02643010998,10209
2018-12-25,-1.0025,0.01919682747,6080,-2.0809,0.02373712976,7518
2018-12-26,-1.1172,0.02405604333,9354,-1.5601,0.02962900098,11521
2018-12-27,-0.8438,0.02345052469,10845,-1.3593,0.02888447292,13358
2018-12-28,-0.8647,0.02137857479,9902,-1.1846,0.02404064131,11135
2018-12-29,-0.2492,0.01431070553,4761,-1.8516,0.0223572837,7438
2018-12-30,-0.1887,0.01138495884,3325,-2.1042,0.02798816649,8174
2018-12-31,-0.4881,0.01888849026,6897,-1.4825,0.03293504189,12026
2019-01-01,-0.2596,0.01513157011,9012,-1.0438,0.02453087431,14610
2019-01-02,-0.6257,0.01895337961,8470,-1.0281,0.02801385588,12519
2019-01-03,-1.0337,0.02308785602,11566,-1.4017,0.03207866559,16070
2019-01-04,-1.072,0.02421484606,11819,-1.4624,0.03400199554,16596
2019-01-05,-0.4883,0.01835718058,5944,-1.5042,0.02532142052,8199
2019-01-06,-0.1217,0.009597278344,2900,-1.3843,0.0209816361,6340
2019-01-07,-0.1165,0.01672627515,8231,-1.0807,0.02583214794,12712
2019-01-08,-0.0552,0.01712951383,9177,-1.0386,0.03005924494,16104
2019-01-09,-0.1752,0.01853420005,10484,-1.1522,0.03057860152,17297
2019-01-10,-0.3216,0.01613767904,9151,-1.1424,0.03103209901,17597
2019-01-11,-0.2492,0.01645584736,8957,-1.1607,0.02737986974,14903
2019-01-12,-0.1697,0.01057520708,3668,-1.4261,0.02208742133,7661
2019-01-13,0.0388,0.01130708361,3558,-1.0964,0.02452728255,7718
2019-01-14,-0.2308,0.01506094781,7894,-1.1159,0.02775610194,14548
2019-01-15,-0.2666,0.01757819418,9925,-1.1418,0.03212071836,18136
2019-01-16,-0.2614,0.01897454374,11007,-1.0446,0.03302056739,19155
2019-01-17,-0.1879,0.01882841186,10825,-1.0524,0.03119167758,17933
2019-01-18,-0.1606,0.01859431233,10013,-1.1252,0.02933901333,15799
2019-01-19,-0.166,0.01309702698,4663,-1.6333,0.02525032651,8990
2019-01-20,-0.0562,0.01161016408,3637,-1.4911,0.02537828002,7950
2019-01-21,-0.3262,0.01497795579,7423,-1.4407,0.03228846134,16002
2019-01-22,-0.209,0.01543637159,8608,-1.2225,0.03172992088,17694
2019-01-23,-0.2411,0.01611629855,9329,-1.0614,0.03395841791,19657
2019-01-24,-0.2246,0.01633668347,9418,-1.3088,0.03894749989,22453
2019-01-25,-0.4734,0.01912414816,10417,-1.1375,0.03261587945,17766
2019-01-26,-0.8722,0.01353621588,4633,-1.6851,0.02850698431,9757
2019-01-27,0.0364,0.01012172009,3199,-1.8322,0.02547041161,8050
2019-01-28,-0.5862,0.01886951932,10046,-1.3969,0.0310691538,16541
2019-01-29,-1.0523,0.02023908215,11865,-1.4109,0.0325155823,19062
2019-01-30,-0.3577,0.02109373814,12510,-1.0455,0.03150402906,18684
2019-01-31,-0.0818,0.02023517237,11967,-0.8219,0.03272595689,19354
2019-02-01,0.0479,0.01913388368,10729,-0.8216,0.03348474229,18776
2019-02-02,-0.0215,0.01147846671,4112,-1.5636,0.02639042419,9454
2019-02-03,0.4277,0.01147489111,3699,-1.2236,0.02411309236,7773
2019-02-04,0.2461,0.01736599155,8871,-0.8499,0.02737331303,13983
2019-02-05,0.3099,0.01936026485,10842,-0.6111,0.0317796194,17797
2019-02-06,0.1592,0.01928356558,11154,-0.7177,0.03981363023,23029
2019-02-07,0.0632,0.01922861582,10990,-0.7121,0.03306307126,18897
2019-02-08,-0.3206,0.01881741682,10235,-0.7539,0.03187837716,17339
2019-02-09,-0.1264,0.01181180319,4116,-0.9753,0.02984517814,10400
2019-02-10,0.2695,0.01124996818,3536,-1.2751,0.02867532897,9013
2019-02-11,-0.0427,0.01665141537,8880,-0.8518,0.02925436162,15601
2019-02-12,0.1499,0.01723286795,9914,-0.9663,0.03152116476,18134
2019-02-13,-0.0038,0.01611132449,9480,-1.0929,0.03162442259,18608
2019-02-14,-0.0619,0.01912151654,11373,-0.9498,0.03224412593,19178
2019-02-15,-0.2743,0.01807459683,10050,-1.1558,0.03096780923,17219
2019-02-16,-0.7837,0.01545277355,5518,-1.3107,0.02455697195,8769
2019-02-17,-1.0795,0.01447422521,4506,-1.4639,0.02435177571,7581
2019-02-18,-0.1437,0.0143967641,7147,-0.8121,0.02551814854,12668
2019-02-19,0.2278,0.01631912645,9266,-0.6708,0.03312962311,18811
2019-02-20,0.2728,0.0169444435,10002,-0.7363,0.03120372974,18419
2019-02-21,0.1963,0.01740114103,10291,-0.6309,0.02986821058,17664
2019-02-22,-0.2952,0.01908659074,10672,-1.0207,0.02996229898,16753
2019-02-23,-0.0332,0.01512281525,5413,-1.0767,0.02658017076,9514
2019-02-24,0.1894,0.01105511398,3626,-1.193,0.02656459132,8713
2019-02-25,-0.1917,0.01859777984,10285,-0.9822,0.03241818152,17928
2019-02-26,-0.3332,0.02144808767,12395,-1.2687,0.03359537088,19415
2019-02-27,-0.095,0.01885204511,11200,-0.5618,0.03321999663,19736
2019-02-28,0.005,0.01843424035,10973,-0.6596,0.03396046374,20215
2019-03-01,0.024,0.019802777,11073,-0.7577,0.03345708951,18708
2019-03-02,0.1537,0.01186384236,4097,-1.118,0.02572574457,8884
2019-03-03,0.539,0.01357756217,4383,-0.6186,0.02530575072,8169
2019-03-04,0.2038,0.01547163188,8198,-0.7214,0.02803501971,14855
2019-03-05,0.1484,0.01654322294,9381,-0.7427,0.03105138786,17608
2019-03-06,-0.1591,0.01743861558,9811,-0.7907,0.03106992154,17480
2019-03-07,-0.2348,0.01871200412,10896,-0.6153,0.02960157994,17237
2019-03-08,-0.2916,0.02045627095,11047,-0.9163,0.03384811955,18279
2019-03-09,0.0079,0.01111349198,3838,-1.3294,0.0254614213,8793
2019-03-10,-0.2951,0.01093277864,3553,-1.8411,0.03219523303,10463
2019-03-11,-0.3525,0.01957884885,10460,-0.9041,0.03394665419,18136
2019-03-12,-0.1997,0.01777164748,10475,-0.936,0.02925577939,17244
2019-03-13,-0.0285,0.01666620712,9671,-0.9995,0.03051134288,17705
2019-03-14,-0.1539,0.01797869682,10578,-0.7383,0.02636127697,15510
2019-03-15,-0.074,0.01615101099,9233,-1.254,0.02938249016,16797
2019-03-16,0.2465,0.01158886943,4056,-1.5492,0.02181484667,7635
2019-03-17,0.507,0.01262645375,4004,-0.9882,0.01956721915,6205
2019-03-18,-0.0967,0.01785510094,9525,-0.7555,0.02710413695,14459
2019-03-19,-0.1157,0.01765098556,10418,-0.8445,0.02932964207,17311
2019-03-20,-0.1801,0.01802336765,10775,-0.5789,0.02977075615,17798
2019-03-21,-0.1632,0.01958051787,11423,-0.7452,0.03035040265,17706
2019-03-22,-0.2178,0.01591333769,8908,-0.9563,0.02926675027,16383
2019-03-23,0.0912,0.01085324988,3919,-1.1175,0.02336259658,8436
2019-03-24,0.4951,0.01018555341,3304,-0.8449,0.02123120651,6887
2019-03-25,-0.1794,0.01656261497,8959,-1.0283,0.02732212151,14779
2019-03-26,-0.3074,0.01689552085,9862,-0.9085,0.02967080974,17319
2019-03-27,-0.1032,0.01652714133,9875,-0.8043,0.0293856757,17558
2019-03-28,-0.3193,0.01756063359,10469,-0.8943,0.0285089816,16996
2019-03-29,-0.2747,0.01855327485,10607,-1.0027,0.02918813024,16687
2019-03-30,-0.1805,0.01098215678,3944,-1.6245,0.0289089127,10382
2019-03-31,0.5388,0.009105327212,3060,-1.7177,0.0282890019,9507
2019-04-01,-0.1124,0.02009056187,10999,-1.0946,0.03324194341,18199
2019-04-02,-0.1132,0.01870675143,11046,-1.2196,0.03205008789,18925
2019-04-03,0.1417,0.01590096333,9293,-1.1164,0.03353010626,19596
2019-04-04,-0.0244,0.01733141209,10332,-0.7878,0.03071242974,18309
2019-04-05,0.0223,0.01842253365,9984,-0.9704,0.03178366808,17225
2019-04-06,0.0775,0.01095733397,3843,-1.5228,0.02558707132,8974
2019-04-07,-0.3212,0.0101559655,3263,-1.3087,0.02885252841,9270
2019-04-08,-0.2009,0.01760230016,9575,-1.1938,0.03048369099,16582
2019-04-09,-0.2541,0.01713985439,10144,-0.8361,0.02895053875,17134
2019-04-10,-0.5326,0.01583172646,9598,-0.8226,0.03291870859,19957
2019-04-11,-0.1945,0.01731247332,10341,-1.2263,0.03270803512,19537
2019-04-12,-0.1995,0.01937928999,10963,-0.7805,0.02791374333,15791
2019-04-13,-0.0915,0.01170934559,4173,-0.8591,0.02270036085,8090
2019-04-14,0.1052,0.01224400239,3962,-0.7269,0.02519260663,8152
2019-04-15,0.279,0.01686975429,9093,-0.7649,0.02789177235,15034
2019-04-16,0.1237,0.01812170995,10541,-0.5563,0.02809286237,16341
2019-04-17,0.1344,0.01607909366,9597,-0.728,0.03236258968,19316
2019-04-18,0.1173,0.0195834401,11235,-0.5658,0.02975950803,17073
2019-04-19,0.5297,0.01342839258,6500,-0.6739,0.02187795037,10590
2019-04-20,0.2122,0.01042615107,3504,-0.9593,0.01986146073,6675
2019-04-21,0.4082,0.00925152012,2900,-2.177,0.02555333661,8010
2019-04-22,-0.4256,0.01709173399,8190,-1.0451,0.02716730074,13018
2019-04-23,-0.0186,0.01710976713,9647,-0.8327,0.02870723445,16186
2019-04-24,0.0513,0.02113896757,12500,-0.7672,0.02927493341,17311
2019-04-25,-0.4068,0.021949257,12821,-0.5866,0.02811237417,16421
2019-04-26,-0.163,0.02095105377,11787,-0.5416,0.02963577836,16673
2019-04-27,0.0896,0.01044288727,3684,-0.6224,0.02261491711,7978
2019-04-28,0.3074,0.00789010956,2625,-0.8096,0.02182178873,7260
2019-04-29,0.1947,0.01782883022,9322,-0.5314,0.03105605505,16238
2019-04-30,-0.0265,0.02235794812,12750,-0.724,0.03230416629,18422
2019-05-01,0.2239,0.023208776,11268,-0.8811,0.03853299444,18708
2019-05-02,0.1641,0.02088972107,11469,-0.7412,0.03162145326,17361
2019-05-03,0.181,0.01984938464,10522,-0.6502,0.03172090882,16815
2019-05-04,-0.1406,0.01260090846,4483,-1.1983,0.02822063817,10040
2019-05-05,0.1412,0.009071315984,3102,-1.4862,0.02801814263,9581
2019-05-06,-0.9494,0.0210343081,10839,-1.3059,0.03132344009,16141
2019-05-07,-0.5656,0.02070505141,11890,-1.0728,0.0307928868,17683
2019-05-08,-0.4857,0.02305460654,13422,-1.0691,0.03306176924,19248
2019-05-09,-0.6521,0.02258221942,13049,-1.1721,0.03286007988,18988
2019-05-10,-1.0111,0.02649815742,14683,-1.3934,0.03783878408,20967
2019-05-11,-0.5567,0.01356445468,4757,-1.1693,0.02670689144,9366
2019-05-12,-0.0966,0.009667122663,3074,-1.5134,0.02689435036,8552
2019-05-13,-1.0278,0.02129818579,11418,-1.527,0.03183535969,17067
2019-05-14,-1.1792,0.0230638202,13513,-1.1349,0.03171552631,18582
2019-05-15,-0.3356,0.02011768865,11894,-0.9767,0.03305870394,19545
2019-05-16,-0.2622,0.01831169117,10826,-1.0715,0.03282099163,19404
2019-05-17,-0.6145,0.01735474927,9652,-1.1927,0.02997524089,16671
2019-05-18,-0.2131,0.01027866476,3631,-1.2356,0.0242175646,8555
2019-05-19,-0.0652,0.008173993681,2662,-1.1644,0.02661921533,8669
2019-05-20,-0.3791,0.0163515217,8626,-1.1979,0.03082259945,16260
2019-05-21,-0.5418,0.01667068286,9547,-0.9229,0.03079545018,17636
2019-05-22,-0.361,0.01690796939,9909,-0.9016,0.02859458583,16758
2019-05-23,-0.7035,0.01864258269,10936,-0.9973,0.03136645222,18400
2019-05-24,-0.4026,0.01617843668,8979,-1.2519,0.02996767556,16632
2019-05-25,-0.6075,0.009835761881,3398,-1.4239,0.02543172569,8786
2019-05-26,0.2416,0.007649000766,2595,-0.9526,0.02159111006,7325
2019-05-27,0.0485,0.0116579857,5656,-0.4915,0.02478352547,12024
2019-05-28,0.0915,0.01579996849,8724,-0.711,0.02792704196,15420
2019-05-29,-0.817,0.01630432879,9310,-0.8349,0.02942134519,16800
2019-05-30,-0.4739,0.01708973553,9484,-0.741,0.03258654336,18084
2019-05-31,-0.9959,0.01804263101,9708,-1.2842,0.03359854588,18078
2019-06-01,-1.2462,0.01244819216,4349,-1.2173,0.02601268576,9088
2019-06-02,-0.727,0.009267448046,2735,-1.3683,0.02377684934,7017
2019-06-03,-0.7485,0.01762185695,9164,-1.2245,0.03004791976,15626
2019-06-04,-0.4118,0.01774679333,9793,-1.192,0.03530149433,19480
2019-06-05,-0.4457,0.0179443498,9796,-1.152,0.03287538239,17947
2019-06-06,-0.2927,0.01681396695,9206,-1.0928,0.03181247843,17418
2019-06-07,-0.3649,0.01703081297,8823,-1.1052,0.03634321055,18828
2019-06-08,-0.4186,0.01160585919,3899,-1.4436,0.03072769541,10323
2019-06-09,-0.4717,0.00860585762,2626,-1.3952,0.02770194762,8453
2019-06-10,-0.0896,0.01721747192,8729,-0.9091,0.03192599387,16186
2019-06-11,-0.0598,0.01539688111,8729,-0.969,0.03001942028,17019
2019-06-12,-0.4915,0.01675925715,9554,-1.1261,0.0320450188,18268
2019-06-13,-0.5736,0.01685939944,9529,-0.8272,0.02986532296,16880
2019-06-14,-0.648,0.01644498686,8745,-1.3194,0.03084586844,16403
2019-06-15,-0.4303,0.01050991544,3474,-1.7157,0.02734574718,9039
2019-06-16,-0.2975,0.008091643182,2432,-1.7984,0.02742241904,8242
2019-06-17,-0.7131,0.01714807787,8052,-1.2084,0.03317595095,15578
2019-06-18,-0.4849,0.01681838659,9221,-1.0007,0.03554277189,19487
2019-06-19,-0.4765,0.01621565263,8865,-0.8424,0.03667133716,20048
2019-06-20,-0.396,0.01615907469,8606,-1.1456,0.03579368358,19063
2019-06-21,-0.4065,0.01561394644,8034,-1.4612,0.0338166129,17400
2019-06-22,-0.5803,0.009370609987,2975,-1.7528,0.02969932154,9429
2019-06-23,-0.2682,0.007830342577,2184,-2.1639,0.03628704085,10121
2019-06-24,-0.5222,0.01707150386,8568,-1.449,0.03697032611,18555
2019-06-25,-0.338,0.01715198644,9147,-1.0723,0.03427584565,18279
2019-06-26,-0.4539,0.01737170373,9726,-0.9896,0.03382891926,18940
2019-06-27,-0.1158,0.01647814501,9220,-1.0801,0.03781394709,21158
2019-06-28,-0.0531,0.01684849921,8815,-0.9445,0.03383461521,17702
2019-06-29,-0.3425,0.0129601453,4310,-1.004,0.03249057307,10805
2019-06-30,-0.1776,0.009798967946,3006,-1.0825,0.03064866821,9402
2019-07-01,-0.2935,0.01867793468,9371,-0.9024,0.03374625036,16931
2019-07-02,-0.265,0.01657302266,8846,-0.9568,0.0290018529,15480
2019-07-03,-0.4235,0.01634395208,8922,-0.8634,0.03112898203,16993
2019-07-04,0.009,0.01301114483,6379,-0.8261,0.02971003851,14566
2019-07-05,-0.5019,0.01616337126,7721,-0.9218,0.03378586307,16139
2019-07-06,-0.3,0.009973195837,3118,-0.9823,0.02243809134,7015
2019-07-07,0.0808,0.008634377726,2583,-1.0375,0.02663854282,7969
2019-07-08,-0.3829,0.01466573718,7258,-0.7662,0.02922640156,14464
2019-07-09,-0.3414,0.01772280201,9442,-0.798,0.03251557925,17323
2019-07-10,-0.6347,0.01790012419,9772,-1.1901,0.03374133112,18420
2019-07-11,-0.4037,0.01541195429,8378,-1.0612,0.0311531924,16935
2019-07-12,-0.3934,0.01677394112,8660,-1.1668,0.02901736858,14981
2019-07-13,-1.5446,0.014895068,4827,-0.9521,0.01979837503,6416
2019-07-14,-0.0855,0.007575933938,2278,-1.2526,0.01985107536,5969
2019-07-15,-0.0869,0.01607160857,7972,-1.4775,0.03146785477,15609
2019-07-16,-0.1629,0.01745907365,9447,-0.9637,0.02942741927,15923
2019-07-17,-0.2985,0.01641222275,9040,-0.8474,0.0279697681,15406
2019-07-18,-0.3438,0.01776096109,9787,-1.1876,0.02977279326,16406
2019-07-19,-0.2334,0.01627403052,8329,-1.3738,0.02869106306,14684
2019-07-20,0.0811,0.009247572512,2960,-1.7921,0.02532147811,8105
2019-07-21,-0.0265,0.007753004247,2311,-1.4689,0.02542958554,7580
2019-07-22,-0.1969,0.01726059814,8563,-1.4836,0.03186246349,15807
2019-07-23,-0.0203,0.01656853802,8991,-0.9981,0.03133666879,17005
2019-07-24,-0.147,0.01915213999,10544,-0.714,0.02856291743,15725
2019-07-25,0.1344,0.02047471567,11113,-1.0493,0.03302522077,17925
2019-07-26,0.0972,0.01906502184,9724,-0.8666,0.03182666593,16233
2019-07-27,0.2253,0.01371944561,4397,-1.1457,0.02475553364,7934
2019-07-28,0.353,0.01153381334,3388,-1.4189,0.02449743825,7196
2019-07-29,-0.3584,0.01990264809,9715,-0.8189,0.03000249935,14645
2019-07-30,-0.2366,0.02023549951,10849,-0.7721,0.03039894654,16298
2019-07-31,-0.8278,0.02280221224,12579,-1.5407,0.03839704744,21182
2019-08-01,-0.4718,0.02404737791,13083,-1.2329,0.03207787505,17452
2019-08-02,-0.9619,0.02341024671,11697,-1.6615,0.03385149294,16914
2019-08-03,-0.2776,0.01384771041,4325,-1.2411,0.02256616484,7048
2019-08-04,-1.4968,0.01428834099,4274,-1.7102,0.01971082323,5896
2019-08-05,-1.3798,0.02241481377,10829,-1.6481,0.02596881093,12546
2019-08-06,-1.3125,0.02458011268,12949,-1.6501,0.0308936083,16275
2019-08-07,-0.6924,0.02298712351,12425,-1.4765,0.02959372456,15996
2019-08-08,-0.4398,0.02194989239,11739,-1.3246,0.02880467606,15405
2019-08-09,-0.6684,0.02196462692,11208,-1.5972,0.03067365636,15652
2019-08-10,-0.286,0.01427579216,4563,-2.0462,0.02368035741,7569
2019-08-11,0.0073,0.01349140312,3859,-1.7121,0.0213995539,6121
2019-08-12,-0.4273,0.01781999527,8215,-1.3925,0.02846860839,13124
2019-08-13,-0.6345,0.0203384144,10063,-1.7525,0.03231550311,15989
2019-08-14,-1.1593,0.02389217329,12217,-1.5193,0.0342610284,17519
2019-08-15,-1.2988,0.0253506201,12248,-1.4432,0.03657915652,17673
2019-08-16,-1.0724,0.02247427957,10977,-1.4416,0.03233454471,15793
2019-08-17,-0.6959,0.01361109602,4258,-1.6928,0.02302506449,7203
2019-08-18,-1.3757,0.01245145739,3652,-2.0311,0.02758277389,8090
2019-08-19,-0.5766,0.0193646744,9336,-1.4063,0.03482779005,16791
2019-08-20,-0.6163,0.02060772477,10552,-1.3938,0.03148575993,16122
2019-08-21,-0.544,0.02000554877,10672,-1.3251,0.03558708187,18984
2019-08-22,-0.4383,0.01969808368,10422,-1.1567,0.03544596635,18754
2019-08-23,-1.0882,0.02088400688,10432,-1.7778,0.03906542468,19514
2019-08-24,-1.562,0.01484065709,4892,-2.0834,0.03900071291,12856
2019-08-25,-0.6519,0.01242306701,3712,-1.9642,0.03595393559,10743
2019-08-26,-0.8132,0.01795626719,8514,-1.4003,0.03356096779,15913
2019-08-27,-0.2042,0.0167187076,8749,-0.9551,0.03245328737,16983
2019-08-28,-0.2822,0.01697234336,9142,-0.956,0.0301610906,16246
2019-08-29,-0.7495,0.01976152974,10564,-1.2659,0.03129407715,16729
2019-08-30,-0.918,0.02084246865,10457,-0.984,0.02872541438,14412
2019-08-31,-1.0386,0.01072520283,3449,-1.4283,0.02069786895,6656
2019-09-01,-0.1711,0.007779634265,2356,-1.5938,0.02363938952,7159
2019-09-02,-0.9315,0.01364657777,5994,-1.2949,0.02519858571,11068
2019-09-03,-0.7274,0.01741725628,8894,-1.2514,0.03077688326,15716
2019-09-04,-1.0018,0.01811545569,9852,-1.4699,0.03777363035,20543
2019-09-05,-0.4782,0.0180094413,9591,-1.1594,0.03470821738,18484
2019-09-06,-0.2666,0.01742382129,8839,-1.3275,0.03616640449,18347
2019-09-07,0.0494,0.01165648098,3643,-1.8312,0.02743416632,8574
2019-09-08,-0.3788,0.01240524712,3656,-1.3647,0.02505140577,7383
2019-09-09,-0.2446,0.01689600901,8277,-0.8652,0.02956036082,14481
2019-09-10,-0.1716,0.01657662243,8858,-0.8247,0.03256937648,17404
2019-09-11,-0.2186,0.01763023248,9393,-0.8053,0.03447777498,18369
2019-09-12,-0.272,0.01923774684,10339,-0.7835,0.03248032778,17456
2019-09-13,-0.2753,0.02038582985,10078,-1.1264,0.0320574153,15848
2019-09-14,-0.3958,0.0125007166,3925,-1.3187,0.0235905243,7407
2019-09-15,-1.001,0.0132634604,3923,-1.8494,0.03374862649,9982
2019-09-16,-0.979,0.02244214214,11173,-1.6954,0.03414025686,16997
2019-09-17,-0.792,0.01902033195,10064,-1.0863,0.03235195174,17118
2019-09-18,-0.7542,0.02014455009,10937,-1.1738,0.03788729956,20570
2019-09-19,-0.4696,0.0172245119,9349,-1.17,0.03470880092,18839
2019-09-20,-0.3411,0.01799648792,9285,-1.0561,0.03285885404,16953
2019-09-21,-0.2442,0.01258889257,3914,-1.5508,0.02605907195,8102
2019-09-22,-0.1221,0.009463593718,2784,-1.0882,0.02484873207,7310
2019-09-23,-0.4754,0.01743222969,8482,-1.0931,0.03292640319,16021
2019-09-24,-0.5163,0.01807740381,9560,-1.1969,0.0347611835,18383
2019-09-25,-0.6682,0.01794427509,9683,-1.2266,0.03607201431,19465
2019-09-26,-0.1343,0.01975404861,10544,-1.0999,0.03461080178,18474
2019-09-27,-0.3413,0.01924491369,9812,-1.3026,0.03191337043,16271
2019-09-28,0.1136,0.01325916676,4088,-1.2944,0.02690105898,8294
2019-09-29,-0.2672,0.01190331466,3427,-1.3906,0.02363295971,6804
2019-09-30,-0.7694,0.01984662619,8675,-1.175,0.03046886082,13318
2019-10-01,-0.4836,0.02013454135,10356,-1.1169,0.03493797877,17970
2019-10-02,-0.6778,0.01904573469,9626,-1.1447,0.03268403193,16519
2019-10-03,-0.5661,0.02223162781,11188,-1.2454,0.0346291185,17427
2019-10-04,-0.3835,0.0211422042,10306,-1.475,0.03442326668,16780
2019-10-05,-0.0093,0.01283730592,3881,-1.358,0.02388182137,7220
2019-10-06,-0.6222,0.009345450802,2542,-1.503,0.02829737798,7697
2019-10-07,-0.4041,0.0172223124,7958,-0.9203,0.03338851918,15428
2019-10-08,-0.423,0.01877239832,9455,-1.4485,0.03502327936,17640
2019-10-09,-0.1607,0.01878262363,9622,-1.0138,0.03145142714,16112
2019-10-10,-0.0713,0.01882195659,9827,-0.9557,0.03149378571,16443
2019-10-11,0.0281,0.01885584777,9368,-1.1314,0.03183836465,15818
2019-10-12,0.1344,0.01398540203,4315,-1.1672,0.02683641455,8280
2019-10-13,0.4798,0.01241110986,3426,-1.3908,0.02938672598,8112
2019-10-14,-0.3551,0.01704113634,7803,-0.7687,0.03310387602,15158
2019-10-15,-0.0338,0.02070277922,10618,-1.1205,0.03355183884,17208
2019-10-16,0.1075,0.0201742157,10781,-1.4462,0.03678552382,19658
2019-10-17,0.2051,0.02087973965,10939,-0.9393,0.03630047432,19018
2019-10-18,0.0279,0.01963575583,9821,-1.3045,0.03347335547,16742
2019-10-19,-0.0269,0.01231835113,3684,-1.5988,0.02597085593,7767
2019-10-20,0.3031,0.01120450265,3010,-1.4808,0.02845794775,7645
2019-10-21,0.052,0.01949579199,9317,-0.9212,0.0312451611,14932
2019-10-22,0.0701,0.0208983527,10734,-1.0426,0.03357871148,17247
2019-10-23,0.0383,0.02213872979,11337,-0.7994,0.03009437813,15411
2019-10-24,0.1862,0.02521826846,13050,-0.9704,0.0318503832,16482
2019-10-25,0.177,0.02217612917,10916,-1.2842,0.03103967366,15279
2019-10-26,0.2938,0.01349283162,4029,-1.6706,0.02908879013,8686
2019-10-27,0.4596,0.01207299919,3313,-1.4024,0.02292521519,6291
2019-10-28,0.4293,0.02244353035,10263,-0.9453,0.02984379408,13647
2019-10-29,0.1371,0.02558666598,12938,-1.1295,0.03242731196,16397
2019-10-30,0.0972,0.02613824132,13699,-1.1465,0.03544947701,18579
2019-10-31,0.2344,0.02757530826,14134,-1.004,0.03418721711,17523
2019-11-01,0.1354,0.02437163151,11210,-1.0203,0.03228969413,14852
2019-11-02,0.3042,0.01447245091,4277,-0.895,0.02734437124,8081
2019-11-03,0.347,0.01777013681,4858,-1.0728,0.031988441,8745
2019-11-04,0.2264,0.02257297848,10457,-0.6782,0.0330251504,15299
2019-11-05,0.2135,0.02552321832,13338,-0.6907,0.03531879146,18457
2019-11-06,0.2172,0.02406248863,13231,-0.6816,0.02989670098,16439
2019-11-07,0.3078,0.02507553258,13686,-0.6951,0.03198293852,17456
2019-11-08,-0.0512,0.02247875703,11878,-0.6985,0.02812777957,14863
2019-11-09,0.0258,0.01203383132,3806,-1.2203,0.02431428346,7690
2019-11-10,0.3485,0.01107898176,3272,-1.4883,0.02336337841,6900
2019-11-11,-0.2333,0.02063534695,9604,-0.841,0.02829947466,13171
2019-11-12,-0.0271,0.0213929377,11068,-0.8666,0.03064555722,15855
2019-11-13,-0.1887,0.02038876721,10426,-1.2286,0.03256805382,16654
2019-11-14,0.0725,0.01999575888,10561,-0.9148,0.03209810626,16953
2019-11-15,0.0784,0.01879318747,9024,-0.7608,0.03178222894,15261
2019-11-16,0.2096,0.01427079148,4440,-1.8888,0.02467818401,7678
2019-11-17,0.3326,0.01218687694,3533,-1.5265,0.02422197846,7022
2019-11-18,0.1193,0.01747872907,8437,-0.889,0.02830530701,13663
2019-11-19,-0.0617,0.01787337229,9302,-1.0005,0.02629126564,13683
2019-11-20,-0.0304,0.01749969241,9245,-0.8423,0.02876044634,15194
2019-11-21,-0.1307,0.01694983301,8866,-0.7969,0.02942036771,15389
2019-11-22,-0.1579,0.01558784836,7749,-0.8227,0.02827900016,14058
2019-11-23,-0.1984,0.007686399841,2482,-1.5089,0.02149838344,6942
2019-11-24,0.2376,0.006787086701,2017,-1.3336,0.02077178295,6173
2019-11-25,0.327,0.01597386573,7897,-0.5606,0.02732771001,13510
2019-11-26,0.3224,0.01722560627,9038,-0.731,0.02701626122,14175
2019-11-27,0.1875,0.01417785087,7250,-0.6041,0.02772014291,14175
2019-11-28,-0.2307,0.01137045814,5436,-1.3225,0.02671722993,12773
2019-11-29,-0.5117,0.01470438317,6635,-1.0953,0.02739647095,12362
2019-11-30,-2.7916,0.01538411031,4686,-1.2883,0.02139527249,6517
2019-12-01,-1.6132,0.01007069177,2966,-1.0058,0.02081027306,6129
2019-12-02,-0.1916,0.01662436238,7473,-0.8828,0.02890187555,12992
2019-12-03,-0.3991,0.01929990251,10136,-1.191,0.03115479527,16362
2019-12-04,-0.2676,0.01891472345,10089,-0.9279,0.02934603689,15653
2019-12-05,-0.4261,0.01737630761,9219,-1.1064,0.03052115729,16193
2019-12-06,-0.2163,0.01680672269,8404,-1.1504,0.03047568385,15239
2019-12-07,-0.4096,0.00863905896,2688,-1.4412,0.02413987048,7511
2019-12-08,-0.6842,0.008292549345,2362,-1.2883,0.02516553501,7168
2019-12-09,-0.2457,0.01545684181,7398,-0.8765,0.03178493303,15213
2019-12-10,-0.1583,0.01477907032,7718,-1.0053,0.03114940878,16267
2019-12-11,0.0777,0.01662587544,8634,-0.7608,0.03249690455,16876
2019-12-12,0.2307,0.0163700452,8327,-0.7279,0.03059136223,15561
2019-12-13,0.0429,0.01873438467,9328,-0.5173,0.03469918137,17277
2019-12-14,-0.6236,0.01002300307,3037,-1.4044,0.02773239869,8403
2019-12-15,0.1597,0.006982439685,1876,-1.4718,0.02383557769,6404
2019-12-16,0.2687,0.01499455208,7046,-0.763,0.02796315843,13140
2019-12-17,0.0202,0.01641410933,8398,-0.6879,0.03121964377,15973
2019-12-18,-0.1283,0.01608107429,8318,-0.5416,0.02799978347,14483
2019-12-19,-0.2219,0.01643530488,8264,-0.7647,0.03040054095,15286
2019-12-20,0.0678,0.01607396695,7825,-0.6859,0.02981233002,14513
2019-12-21,-0.3432,0.00968755741,2953,-0.9622,0.02185195391,6661
2019-12-22,-0.0213,0.007045303612,1952,-1.1403,0.01958392285,5426
2019-12-23,-0.059,0.01584965789,6764,-0.8841,0.02534211266,10815
2019-12-24,0.0204,0.01540382693,5995,-0.6333,0.02329202521,9065
2019-12-25,-0.1388,0.007560372169,2081,-0.5708,0.02123516354,5845
2019-12-26,-0.0372,0.01198328368,4175,-0.7905,0.02098438011,7311
2019-12-27,-0.1603,0.01455717189,5751,-0.8686,0.0228672389,9034
2019-12-28,-0.5788,0.006905910626,1888,-1.3832,0.01943018922,5312
2019-12-29,-1.3182,0.008588799692,2143,-1.3933,0.02288877043,5711
2019-12-30,-0.1178,0.01476017649,5657,-1.1341,0.02652761434,10167
2019-12-31,-0.567,0.01696248532,6124,-1.4971,0.03195007645,11535
2020-01-01,-0.2934,0.01259839525,6626,-2.2134,0.03600790965,18938
2020-01-02,-0.1136,0.01736331431,6759,-1.0275,0.02914950844,11347
2020-01-03,-1.0366,0.01760913116,7322,-1.668,0.02598320856,10804
2020-01-04,-1.3501,0.009028302245,2618,-2.2189,0.02120857861,6150
2020-01-05,-1.6104,0.008143544226,2213,-2.22,0.02363210168,6422
2020-01-06,-1.0549,0.01842866052,7949,-1.5361,0.02792467178,12045
2020-01-07,-0.7722,0.01673225238,7947,-1.1199,0.02662590457,12646
2020-01-08,-1.0923,0.01687946025,8321,-1.6968,0.02735279918,13484
2020-01-09,-0.529,0.01538915725,7767,-1.3755,0.02857901432,14424
2020-01-10,-0.423,0.01468583186,7109,-1.5584,0.03196218744,15472
2020-01-11,-0.5308,0.008311991733,2590,-1.7461,0.02677809229,8344
2020-01-12,-0.1617,0.007950254879,2093,-1.7894,0.02430278582,6398
2020-01-13,-0.2274,0.01506967037,6874,-1.1553,0.02783526399,12697
2020-01-14,-0.1541,0.0157995878,7712,-1.2117,0.03165244185,15450
2020-01-15,0.2242,0.01486668158,7376,-0.8794,0.03326863424,16506
2020-01-16,0.2508,0.0159591344,7998,-0.5586,0.03335694546,16717
2020-01-17,-0.0927,0.01423666306,6717,-1.0383,0.03331637736,15719
2020-01-18,-1.1086,0.009257963316,2712,-1.6441,0.02639816752,7733
2020-01-19,0.0778,0.007388072907,2004,-1.65,0.02464534301,6685
2020-01-20,0.0537,0.01183351594,5141,-0.8582,0.03490208174,15163
2020-01-21,-1.0627,0.01853051245,8898,-1.3985,0.03949968866,18967
2020-01-22,-0.6652,0.0176098554,8754,-1.4079,0.04076578933,20265
2020-01-23,-0.4986,0.01671790731,8075,-1.3558,0.03893253833,18805
2020-01-24,-0.677,0.01612572153,7149,-1.1377,0.035952983,15939
2020-01-25,-1.419,0.009318586886,2724,-1.2624,0.02297832163,6717
2020-01-26,-0.4835,0.007774222195,2031,-0.7734,0.02235423812,5840
2020-01-27,-0.9969,0.01732088995,7448,-1.0405,0.02836970147,12199
2020-01-28,-1.2124,0.02093586318,9529,-1.228,0.03361953809,15302
2020-01-29,-0.3461,0.01967297834,8984,-1.0122,0.0332145743,15168
2020-01-30,-0.6237,0.01968654355,9481,-1.0652,0.03340753076,16089
2020-01-31,-0.8141,0.01856116203,8536,-1.1053,0.03603292127,16571
2020-02-01,-1.0879,0.01379575095,3989,-1.0921,0.03497874783,10114
2020-02-02,-1.3929,0.009326818437,2554,-1.7056,0.02955440157,8093
2020-02-03,-1.4461,0.01954518231,8746,-1.4304,0.03327329287,14889
2020-02-04,-0.8822,0.01945629638,9722,-1.3957,0.03501813146,17498
2020-02-05,-0.4126,0.01992190862,10184,-1.0186,0.03784849647,19348
2020-02-06,-0.317,0.0189844837,9333,-1.0167,0.03297519182,16211
2020-02-07,-0.6499,0.01704552645,8082,-1.231,0.03322844211,15755
2020-02-08,-1.3007,0.01123486391,3355,-1.2799,0.02664219889,7956
2020-02-09,-1.1337,0.008415467659,2284,-1.3244,0.02414841289,6554
2020-02-10,-0.7528,0.01645718555,7665,-1.4962,0.03499057442,16297
2020-02-11,-0.6212,0.01594965901,7898,-1.2853,0.03587360632,17764
2020-02-12,-0.3618,0.01710423351,8743,-1.0403,0.03401870256,17389
2020-02-13,-0.4449,0.01958128006,9930,-1.2778,0.03177373269,16113
2020-02-14,-0.4117,0.01561303533,7381,-1.3582,0.03165336142,14964
2020-02-15,-0.6856,0.00829562339,2451,-1.4812,0.02597670727,7675
2020-02-16,-0.6796,0.007162281206,1870,-1.4812,0.02540120265,6632
2020-02-17,-0.4912,0.01286386146,5372,-1.321,0.02642216071,11034
2020-02-18,-0.6351,0.01725528072,8111,-1.2586,0.03247039201,15263
2020-02-19,-0.4897,0.01639953626,8162,-1.112,0.03279706327,16323
2020-02-20,-0.1492,0.01800577983,9053,-1.0359,0.03143901047,15807
2020-02-21,-0.7228,0.01740837309,8239,-1.2695,0.03291088958,15576
2020-02-22,-0.4509,0.009062800233,2679,-1.3349,0.02614308331,7728
2020-02-23,-0.0984,0.007195076464,1929,-1.1829,0.02767997016,7421
2020-02-24,-1.5187,0.02002107482,8835,-1.4709,0.03544874628,15643
2020-02-25,-1.633,0.02513411585,12336,-1.5092,0.03680265359,18063
2020-02-26,-1.3204,0.02355352885,11823,-1.5095,0.0360942938,18118
2020-02-27,-1.6444,0.02649958262,13333,-1.5033,0.03549310331,17858
2020-02-28,-2.4449,0.03105834598,14752,-1.9091,0.03920821429,18623
2020-02-29,-2.6544,0.02255621476,6737,-2.3121,0.03283491141,9807
2020-03-01,-2.3228,0.01517464706,4105,-1.9447,0.03029014812,8194
2020-03-02,-1.8346,0.02497982332,11452,-1.7707,0.03621769004,16604
2020-03-03,-1.6946,0.0269105197,13328,-1.7808,0.04039606599,20007
2020-03-04,-1.5694,0.02246887744,11488,-1.3212,0.03740770803,19126
2020-03-05,-1.5053,0.02125168096,10762,-1.6276,0.03812743505,19308
2020-03-06,-2.1354,0.02670099363,12767,-1.9587,0.03728769604,17829
2020-03-07,-2.1767,0.01704037068,5123,-2.119,0.03183219742,9570
2020-03-08,-2.2992,0.01334646496,3686,-1.3819,0.02617152706,7228
2020-03-09,-3.0895,0.03290404755,14880,-2.6691,0.04181777172,18911
2020-03-10,-2.5843,0.03321635667,16337,-2.1626,0.04247350743,20890
2020-03-11,-2.1685,0.02587042742,13261,-2.0646,0.04373840454,22420
2020-03-12,-2.51,0.03421739728,18426,-2.4095,0.04652570669,25054
2020-03-13,-2.0917,0.02875132168,14439,-2.2868,0.03565490449,17906
2020-03-14,-2.2425,0.02056273619,6475,-2.0939,0.02869255931,9035
2020-03-15,-1.8953,0.01945056685,5895,-2.356,0.03092293682,9372
2020-03-16,-2.2929,0.03413912924,16879,-2.4445,0.05116318581,25296
2020-03-17,-2.152,0.03481101807,18412,-2.2614,0.05125417602,27109
2020-03-18,-1.9234,0.03142119816,17046,-2.0784,0.05701013825,30928
2020-03-19,-2.1109,0.03278844592,17565,-2.2864,0.05614076351,30075
2020-03-20,-1.6737,0.03241991435,16813,-2.2886,0.05980127304,31013
2020-03-21,-1.9142,0.02107237188,6933,-2.1895,0.04395320493,14461
2020-03-22,-2.1047,0.02096875031,6339,-2.5627,0.04676041243,14136
2020-03-23,-1.7237,0.03017642998,14995,-2.0469,0.04793816196,23821
2020-03-24,-1.559,0.02843305231,15035,-2.1222,0.05523973781,29210
2020-03-25,-1.4394,0.029296986,15465,-1.9333,0.05741944039,30310
2020-03-26,-1.4532,0.02978991337,15897,-2.0616,0.06540775846,34904
2020-03-27,-1.2519,0.02392043456,12242,-2.092,0.0577982727,29580
2020-03-28,-1.8138,0.01483411281,4726,-2.1611,0.04547851471,14489
2020-03-29,-1.5562,0.01387723488,4085,-2.7133,0.04222280351,12429
2020-03-30,-1.5407,0.02358187093,11656,-2.2331,0.04608742449,22780
2020-03-31,-1.1565,0.02322898339,12463,-1.7409,0.04641509856,24903
2020-04-01,-1.6969,0.02302439655,12115,-2.0596,0.04951147989,26052
2020-04-02,-1.5659,0.02210956043,11644,-2.0144,0.05035032754,26517
2020-04-03,-1.5554,0.02209778838,10817,-2.1925,0.04901880672,23995
2020-04-04,-1.608,0.01239749508,3902,-2.1987,0.0429432454,13516
2020-04-05,-1.4662,0.0119779806,3340,-2.3,0.03853753878,10746
2020-04-06,-1.6283,0.02163133263,10090,-2.1502,0.04595747053,21437
2020-04-07,-1.5129,0.02190557633,11015,-2.0235,0.0473689444,23819
2020-04-08,-1.4467,0.02078851629,10514,-2.0595,0.04993277444,25254
2020-04-09,-1.1377,0.02184602802,10738,-2.152,0.05693231963,27984
2020-04-10,-1.1092,0.01342888351,5766,-2.2067,0.05130970042,22031
2020-04-11,-1.4148,0.01002944673,2970,-2.3369,0.04572009401,13539
2020-04-12,-1.4967,0.0118163263,3132,-2.3775,0.0449676862,11919
2020-04-13,-1.321,0.01915397731,7785,-2.1312,0.05658850072,23000
2020-04-14,-1.2431,0.02031539586,9953,-1.9114,0.06246479046,30603
2020-04-15,-1.0751,0.020589331,10335,-1.9895,0.06492163703,32588
2020-04-16,-1.2714,0.01938527873,9873,-2.0091,0.06745480106,34355
2020-04-17,-1.0146,0.01903709852,9151,-1.8758,0.064631688,31068
2020-04-18,-1.1863,0.01315841363,4004,-2.1407,0.05462844899,16623
2020-04-19,-1.0841,0.01032511987,2849,-2.1335,0.04611693588,12725
2020-04-20,-1.283,0.02099030857,9441,-2.0497,0.06051416362,27218
2020-04-21,-1.4256,0.02284235696,11282,-1.9751,0.06263729811,30937
2020-04-22,-1.1623,0.02124026463,10797,-1.7701,0.06216077446,31598
2020-04-23,-0.6545,0.01867402689,9560,-1.7895,0.06340574402,32460
2020-04-24,-0.9487,0.01777042125,8621,-1.6922,0.06010529093,29159
2020-04-25,-0.9059,0.01115936525,3379,-1.997,0.04992156409,15116
2020-04-26,-0.5877,0.01008645019,2827,-2.118,0.04724254934,13241
2020-04-27,-0.9252,0.01940188594,8905,-1.717,0.05710538242,26210
2020-04-28,-0.8923,0.02002960218,9987,-1.5783,0.05679566477,28319
2020-04-29,-0.7831,0.02168007096,10877,-1.6644,0.05976619727,29985
2020-04-30,-0.7788,0.02242890784,11334,-1.8251,0.06574911444,33225
2020-05-01,-0.9105,0.02194806556,8792,-1.7435,0.06683026197,26771
2020-05-02,-1.1679,0.01360837396,3947,-1.877,0.04924803994,14284
2020-05-03,-1.6017,0.01207211234,3241,-2.1122,0.04572950423,12277
2020-05-04,-1.6705,0.02090560168,9058,-1.8925,0.05547900785,24038
2020-05-05,-0.865,0.02159158563,10336,-1.5381,0.05980927711,28631
2020-05-06,-0.8049,0.02053402129,10212,-1.6682,0.05757247331,28632
2020-05-07,-0.8309,0.0213944876,10653,-1.856,0.05588915756,27829
2020-05-08,-0.9616,0.01974344837,9418,-1.8642,0.05764340624,27497
2020-05-09,-1.1706,0.01151779599,3582,-1.9479,0.04501329595,13999
2020-05-10,-1.1415,0.008448475392,2285,-2.1034,0.04947072243,13380
2020-05-11,-0.7445,0.01731612517,7645,-1.7869,0.05463922663,24123
2020-05-12,-0.7866,0.01687277172,8282,-1.6615,0.05865743099,28792
2020-05-13,-1.2425,0.01811669894,9019,-1.7754,0.06419887993,31960
2020-05-14,-1.105,0.02034628532,10059,-1.8161,0.0641173972,31699
2020-05-15,-1.1305,0.01911970977,8833,-1.8534,0.05763619519,26627
2020-05-16,-1.3761,0.01003519484,3011,-1.9164,0.0481029449,14433
2020-05-17,-1.3181,0.01081209149,2875,-2.0598,0.04635472686,12326
2020-05-18,-0.8379,0.01877872831,8179,-1.5951,0.0514618433,22414
2020-05-19,-0.4512,0.01949228166,9502,-1.1812,0.05462844248,26630
2020-05-20,-0.6381,0.01678456592,8352,-1.2853,0.05231913183,26034
2020-05-21,-0.6472,0.01859804676,8579,-1.5702,0.05805521532,26780
2020-05-22,-0.8936,0.01658267387,7374,-1.6195,0.05282663302,23491
2020-05-23,-1.0912,0.008911458296,2520,-2.0112,0.04080528464,11539
2020-05-24,-0.9386,0.007822706498,1970,-1.8842,0.0407972013,10274
2020-05-25,-0.9171,0.01141725435,4266,-1.6136,0.04345568655,16237
2020-05-26,-0.6585,0.01892445776,8514,-1.385,0.04942719841,22237
2020-05-27,-0.711,0.02098511277,10214,-1.3977,0.05087051031,24760
2020-05-28,-0.4913,0.01889995631,9474,-1.4322,0.05165070391,25891
2020-05-29,-0.8812,0.01768219682,8389,-1.4649,0.04767595778,22619
2020-05-30,-0.9487,0.008579041862,2566,-2.0362,0.03862574849,11553
2020-05-31,-1.0898,0.008497443753,2302,-2.1978,0.03605692032,9768
2020-06-01,-0.8457,0.01671587847,7252,-2.1299,0.0467869417,20298
2020-06-02,-0.7201,0.01571140025,7413,-1.8156,0.04384907052,20689
2020-06-03,-0.5444,0.0164648025,8015,-1.5694,0.04579741822,22294
2020-06-04,-0.7729,0.01704760096,8168,-1.7385,0.04688298976,22463
2020-06-05,-0.8435,0.01742989798,8090,-1.5673,0.04821769059,22380
2020-06-06,-0.9402,0.009558846218,2788,-1.8625,0.04369709292,12745
2020-06-07,-1.1689,0.007961283341,2104,-2.4109,0.03324138505,8785
2020-06-08,-0.6081,0.01752120313,7652,-1.6597,0.045584437,19908
2020-06-09,-0.6264,0.01731886898,8308,-1.4644,0.04387043785,21045
2020-06-10,-0.88,0.01897065166,9237,-1.3928,0.04498367255,21903
2020-06-11,-1.0279,0.01895171018,8877,-1.5357,0.05087094178,23828
2020-06-12,-1.4308,0.01950237009,8821,-1.5952,0.0552327638,24982
2020-06-13,-1.0227,0.008712427656,2520,-1.8072,0.03529224663,10208
2020-06-14,-0.7209,0.008258782703,2199,-2.0576,0.03803772224,10128
2020-06-15,-0.8565,0.01626318283,7311,-1.4714,0.04404695435,19801
2020-06-16,-0.4971,0.0168444717,8212,-1.3733,0.04923500417,24003
2020-06-17,-0.5767,0.01620254493,8027,-1.3426,0.04704531142,23307
2020-06-18,-0.9976,0.01649675967,8049,-1.6796,0.05062982411,24703
2020-06-19,-0.7281,0.01441914908,6689,-1.3008,0.04193818887,19455
2020-06-20,-1.6834,0.01168116731,3476,-1.5631,0.03526529625,10494
2020-06-21,-1.4031,0.008274858676,2184,-1.8838,0.03302744646,8717
2020-06-22,-0.6811,0.01579822114,6977,-1.2562,0.03978425476,17570
2020-06-23,-0.2386,0.01511199866,7295,-0.9877,0.04264297359,20585
2020-06-24,-0.7582,0.01737249369,8336,-1.4275,0.04747217296,22779
2020-06-25,-1.4636,0.01859892893,8738,-1.5393,0.05113747627,24025
2020-06-26,-0.912,0.01795052488,7871,-1.5077,0.04835991361,21205
2020-06-27,-1.5061,0.0102872506,2908,-1.6823,0.0430769775,12177
2020-06-28,-0.8122,0.007435298254,2030,-1.8725,0.03405220092,9297
2020-06-29,-1.5641,0.01899984835,8269,-1.3402,0.04131990239,17983
2020-06-30,-0.5593,0.01659591768,8042,-1.1971,0.0463930397,22481
2020-07-01,-0.6215,0.01655379051,8000,-1.2289,0.04613541414,22296
2020-07-02,-0.6,0.01659338732,7665,-1.2243,0.04707845977,21747
2020-07-03,-0.4503,0.01223750562,5169,-1.5619,0.04026610478,17008
2020-07-04,-0.5331,0.007255641152,1992,-1.6851,0.03408184451,9357
2020-07-05,-0.1786,0.006213333541,1595,-1.7422,0.03471286218,8911
2020-07-06,-0.3946,0.01647495327,6998,-1.1774,0.04494239181,19090
2020-07-07,-0.6047,0.01747244038,8245,-1.3186,0.04797980868,22641
2020-07-08,-0.3702,0.01670779109,8051,-1.0256,0.04805020431,23154
2020-07-09,-0.2845,0.01592481756,7583,-1.2127,0.04714653226,22450
2020-07-10,-0.691,0.01444992011,6439,-1.4003,0.04254187537,18957
2020-07-11,-0.58,0.008160401217,2291,-1.8999,0.03526319164,9900
2020-07-12,-0.4971,0.007154277662,1848,-1.6644,0.03414541611,8820
2020-07-13,-0.2439,0.01617857922,6973,-1.4698,0.04162857713,17942
2020-07-14,-0.822,0.0158351666,7378,-1.5573,0.0460224285,21443
2020-07-15,-0.1156,0.01570550675,7593,-1.3354,0.04967515477,24016
2020-07-16,-0.5325,0.01613788909,7641,-1.53,0.04897335062,23188
2020-07-17,-0.355,0.01438520327,6362,-1.537,0.04453262787,19695
2020-07-18,-1.2057,0.00837608962,2359,-2.0294,0.03329486747,9377
2020-07-19,-1.2799,0.008014191634,2042,-1.9444,0.0354947841,9044
2020-07-20,-0.3758,0.01670965019,7127,-1.4488,0.04310466098,18385
2020-07-21,-0.0733,0.01797836661,8239,-1.1635,0.04595514028,21060
2020-07-22,-0.3303,0.01671808502,7825,-1.3143,0.04233254141,19814
2020-07-23,-0.2825,0.01668752426,7654,-1.434,0.04694483568,21532
2020-07-24,-0.8287,0.01603239726,6944,-1.3513,0.04191188184,18153
2020-07-25,-0.3778,0.008726124658,2388,-2.1,0.03250737226,8896
2020-07-26,-0.195,0.00827670771,2106,-1.7659,0.03454916309,8791
2020-07-27,-0.3898,0.01663313499,7019,-1.3838,0.04145605691,17494
2020-07-28,-0.0518,0.01732650927,7871,-1.2939,0.04258433768,19345
2020-07-29,-0.1582,0.0195172453,8917,-1.2442,0.04365935764,19947
2020-07-30,-0.3458,0.02061332778,9510,-1.7659,0.0474106539,21873
2020-07-31,-0.5675,0.01862885975,7960,-1.7162,0.04610408758,19700
2020-08-01,-0.5879,0.008611284004,2352,-1.8092,0.03756819097,10261
2020-08-02,-0.7499,0.007287422976,1787,-1.9127,0.02765305831,6781
2020-08-03,-0.3944,0.01695972774,6877,-1.4837,0.04063725369,16478
2020-08-04,-0.2391,0.02011618558,8882,-1.6171,0.04306113898,19013
2020-08-05,-0.1611,0.01919900077,8577,-1.9188,0.0482247024,21544
2020-08-06,-0.2536,0.01965262666,8923,-1.6812,0.04651613528,21120
2020-08-07,-0.7858,0.01883460995,8171,-1.9729,0.0468018505,20304
2020-08-08,-1.0656,0.01077329184,2963,-2.8124,0.04359856308,11991
2020-08-09,-0.9832,0.008087899274,2053,-2.5833,0.04111315968,10436
2020-08-10,-0.7565,0.01780309859,7406,-1.8316,0.04170242431,17348
2020-08-11,-0.2989,0.01828221106,8165,-1.4714,0.04150610489,18537
2020-08-12,-0.4149,0.01854060307,8302,-1.3484,0.0458311559,20522
2020-08-13,-0.4732,0.01735182014,7853,-1.4086,0.04663315473,21105
2020-08-14,-0.6618,0.01581093411,6654,-1.4824,0.04075105501,17150
2020-08-15,-0.6069,0.009227383245,2482,-1.5387,0.02911719,7832
2020-08-16,-1.0001,0.006637626222,1667,-1.7552,0.03013012455,7567
2020-08-17,-0.4997,0.01425386828,5857,-1.4183,0.04269833003,17545
2020-08-18,-0.4763,0.01635535813,7364,-1.3655,0.0459611327,20694
2020-08-19,-0.3068,0.01869862029,8450,-1.1653,0.04487226298,20278
2020-08-20,-0.4648,0.01558316411,7083,-1.4085,0.0460828682,20946
2020-08-21,-0.391,0.01314386962,5623,-1.3392,0.04302437565,18406
2020-08-22,-0.5372,0.00696424193,1903,-1.6232,0.03145070685,8594
2020-08-23,-2.04,0.00766464613,1946,-1.8093,0.03150145928,7998
2020-08-24,-0.0788,0.01432199428,5944,-1.1301,0.03694226386,15332
2020-08-25,-0.0864,0.01705813058,7776,-1.0232,0.03956977359,18038
2020-08-26,-0.0904,0.01577547364,7265,-1.1161,0.0398436567,18349
2020-08-27,-0.3313,0.01655788269,7580,-1.0232,0.03886733597,17793
2020-08-28,-0.4032,0.01529651783,6598,-1.571,0.04169332777,17984
2020-08-29,-0.4372,0.0091180976,2500,-1.5364,0.0315303815,8645
2020-08-30,-0.8903,0.007590577328,1847,-1.868,0.03196919385,7779
2020-08-31,-0.0985,0.01576875669,6614,-1.671,0.04021819725,16869
2020-09-01,-0.3168,0.01624435868,7404,-1.3791,0.04215766506,19215
2020-09-02,-0.0328,0.0151095147,6966,-1.3309,0.04313564726,19887
2020-09-03,-0.4149,0.01580067643,7260,-1.3815,0.04164979955,19137
2020-09-04,-0.9511,0.0162413365,7091,-1.2748,0.04243681889,18528
2020-09-05,-1.1272,0.008477435222,2337,-1.4718,0.02940803053,8107
2020-09-06,-0.6458,0.007590297005,1930,-1.8516,0.03117134407,7926
2020-09-07,-0.8237,0.01238734911,4738,-1.4885,0.03752807285,14354
2020-09-08,-0.505,0.01656652635,7257,-1.1503,0.038712299,16958
2020-09-09,-0.8256,0.01619644384,7483,-1.0303,0.04053331602,18727
2020-09-10,-0.3707,0.01738104014,7922,-1.2138,0.04469002861,20369
2020-09-11,-0.6878,0.01485780205,6311,-1.2852,0.03818156135,16218
2020-09-12,-0.7192,0.008289897162,2295,-1.6436,0.03221681603,8919
2020-09-13,-0.8244,0.007392360696,1856,-1.8082,0.02847811367,7150
2020-09-14,-0.1427,0.01587271634,6729,-1.2612,0.03768266362,15975
2020-09-15,-0.3124,0.01590839494,7273,-1.0065,0.04101885472,18753
2020-09-16,-0.1974,0.01588335109,7245,-0.7804,0.04155979112,18957
2020-09-17,-0.6211,0.01578664532,7256,-1.0846,0.04043043411,18583
2020-09-18,-0.3475,0.01470666868,6326,-1.3343,0.04135814667,17790
2020-09-19,-0.647,0.007875074499,2167,-1.7011,0.0319654616,8796
2020-09-20,-0.7235,0.009256999691,2276,-1.7372,0.03184635658,7830
2020-09-21,-1.055,0.01677744125,7179,-1.4127,0.04098425786,17537
2020-09-22,-0.9409,0.01586891458,7370,-1.209,0.04325947936,20091
2020-09-23,-0.6625,0.01625673207,7821,-1.1169,0.04256973184,20480
2020-09-24,-0.5278,0.01584168282,6677,-1.1274,0.04589746206,19345
2020-09-25,-0.2017,0.01582830933,5839,-1.0083,0.03871280795,14281
2020-09-26,-0.7918,0.008190842864,1736,-1.5572,0.03148945004,6674
2020-09-27,-0.6996,0.007488481832,1679,-1.4532,0.03194758509,7163
2020-09-28,-0.1376,0.01670598321,5885,-0.9249,0.03835421226,13511
2020-09-29,-0.2212,0.01592305944,6096,-1.2196,0.04232827727,16205
2020-09-30,-0.656,0.0162632153,6367,-1.2942,0.04515743416,17679
2020-10-01,-0.5022,0.01572328581,6434,-1.0789,0.04122413869,16869
2020-10-02,-1.6383,0.02132315591,7766,-1.5423,0.04393953955,16003
2020-10-03,-0.3826,0.008185135962,1552,-1.817,0.03002974495,5694
2020-10-04,-1.0694,0.007425025853,1436,-1.5749,0.0291106515,5630
2020-10-05,0.0038,0.01623603466,4973,-0.8828,0.03529615337,10811
2020-10-06,-0.2077,0.01668058662,5712,-0.9887,0.04238773019,14515
2020-10-07,-0.3382,0.01912453571,6467,-1.0035,0.04401866616,14885
2020-10-08,-0.0825,0.01559501905,5543,-1.3942,0.04534456467,16117
2020-10-09,-0.0887,0.01701278641,2379,-1.1534,0.04490260019,6279
2020-10-10,-0.0678,0.008452943135,2361,-1.3572,0.03664732144,10236
2020-10-11,-0.14,0.006139610161,1396,-1.5457,0.03327088171,7565
2020-10-12,-0.0294,0.01420931747,4145,-0.46,0.03850056563,11231
2020-10-13,-0.1037,0.01711981038,5446,-1.2573,0.04134720271,13153
2020-10-14,-0.2842,0.01595755487,4713,-1.0433,0.0415512653,12272
2020-10-15,-0.4867,0.01680594105,4517,-1.2331,0.04194230097,11273
2020-10-16,-0.9692,0.01427929876,1717,-1.4846,0.03651741459,4391
2020-10-17,-0.4698,0.007863335135,1571,-1.6191,0.0315033936,6294
2020-10-18,-0.8694,0.008030695101,1530,-1.6173,0.03678898168,7009
2020-10-19,-0.2424,0.01516418125,1687,-1.195,0.04234644806,4711
2020-10-21,0.3855,0.01536608844,3879,-1.1553,0.03840531772,9695
2020-10-22,-0.2832,0.01585558377,3465,-1.0691,0.03948108999,8628
2020-10-23,-0.0552,0.01409780351,1344,-1.3472,0.04184236474,3989
2020-10-24,0.2703,0.007210175547,674,-1.4319,0.03099091775,2897
2020-10-25,-1.1269,0.00995314084,1404,-1.9568,0.03981256336,5616
2020-10-26,-0.7539,0.01721982815,3940,-1.3373,0.03832941444,8770
2020-10-27,-0.2975,0.02059659091,4611,-1.0148,0.03896422956,8723
2020-10-28,-0.6067,0.01833734861,4506,-1.3245,0.04216857664,10362
2020-10-29,-0.8092,0.02266719812,4322,-1.3789,0.04165268104,7942
2020-10-30,-0.6714,0.0155827677,1793,-1.2454,0.0402214439,4628
2020-10-31,-0.757,0.01023385509,712,-1.4256,0.0351141966,2443
2020-11-01,-0.7079,0.008670381631,904,-2.2898,0.03599551135,3753
2020-11-02,-0.3579,0.01594357485,3124,-1.174,0.0411807636,8069
2020-11-03,-0.3016,0.01658486454,2808,-0.9916,0.03553224539,6016
2020-11-04,-0.6149,0.01908045192,3913,-0.7264,0.04646014463,9528
2020-11-05,-0.2236,0.01882011824,2830,-0.9136,0.04129785663,6210
2020-11-06,0.0081,0.0155882952,1148,-1.0558,0.03879421549,2857
2020-11-07,-0.4682,0.009490151496,384,-0.8597,0.03237525641,1310
2020-11-08,-1.2017,0.008017472171,569,-0.5449,0.05275468508,3744
2020-11-09,-0.0524,0.01996947208,3794,-0.7048,0.0426285594,8099
2020-11-10,-0.192,0.01670930169,2149,-0.955,0.03720521573,4785
2020-11-11,-0.1231,0.01849351337,2794,-0.6818,0.0379070691,5727
2020-11-12,-0.5298,0.01461988304,1855,-0.8701,0.03810627197,4835
2020-11-13,-0.8059,0.01337400282,456,-0.9737,0.03190990145,1088
2020-11-14,0.1265,0.00893629288,93,-1.3619,0.03709041991,386
2020-11-15,0.003,0.00681080033,281,-0.9614,0.03909544816,1613
2020-11-16,0.0778,0.01577113405,2607,-0.64,0.03358701044,5552
2020-11-17,-0.1123,0.01393231717,2063,-0.6578,0.03317282692,4912
2020-11-18,-0.0706,0.01590699564,7126,-0.5955,0.03579185631,16034
2020-11-19,-0.3345,0.01546901021,7171,-1.0339,0.04165480227,19310
2020-11-20,-0.2181,0.01787965461,7914,-1.1389,0.04086745921,18089
2020-11-21,-0.5339,0.00916940036,2552,-0.9948,0.0363865664,10127
2020-11-22,-0.5758,0.008135843066,2009,-1.425,0.0359410688,8875
2020-11-23,-0.1959,0.01548617141,6367,-0.6445,0.04183966085,17202
2020-11-24,0.2586,0.01814135735,8144,-0.5421,0.04383418835,19678
2020-11-25,0.1475,0.01857280535,8306,-0.8405,0.04306672659,19260
2020-11-26,-0.2181,0.0120574761,4898,-0.9615,0.03335868899,13551
2020-11-27,-0.0886,0.0148093914,5704,-0.9176,0.03562146739,13720
2020-11-28,-0.3915,0.008552257827,2228,-1.1846,0.03004805847,7828
2020-11-29,-0.3829,0.007708798607,1895,-1.5648,0.03017618368,7418
2020-11-30,-0.153,0.01634743181,6605,-0.6829,0.03923136133,15851
2020-12-01,0.2315,0.01717523819,7647,-0.7419,0.04253493668,18938
2020-12-02,0.2534,0.01660961973,7507,-0.6549,0.04024408862,18189
2020-12-03,-0.3324,0.01888177535,8488,-0.7452,0.04016826313,18057
2020-12-04,-0.1368,0.01635321626,6931,-1.044,0.04270806052,18101
2020-12-05,-0.4113,0.009071817629,2445,-1.0912,0.02864764986,7721
2020-12-06,-0.7354,0.007521805887,1842,-0.8402,0.02867841626,7023
2020-12-07,-0.5439,0.01808124546,7224,-0.8491,0.03590719095,14346
2020-12-08,-0.1046,0.01733773043,7539,-0.7182,0.039146153,17022
2020-12-09,-0.0729,0.01738721908,7883,-0.6198,0.03747416621,16990
2020-12-10,-0.2514,0.01745266079,7873,-0.7534,0.0402521802,18158
2020-12-11,-0.4628,0.01639329094,7087,-0.9631,0.03761875132,16263
2020-12-12,-0.4819,0.01088339576,3045,-1.4627,0.02924398822,8182
2020-12-13,-0.8278,0.009626796782,2336,-1.3955,0.02820865752,6845
2020-12-14,-0.1225,0.01540433813,5984,-0.9028,0.03641282802,14145
2020-12-15,-0.3287,0.01479215545,6412,-0.8456,0.03632290823,15745
2020-12-16,0.2015,0.01735894424,7566,-0.5985,0.04020593958,17524
2020-12-17,-0.0912,0.01762948345,7647,-0.6396,0.04217059125,18292
2020-12-18,-0.0392,0.01706233269,6973,-0.788,0.03854868625,15754
2020-12-19,-0.5421,0.01440001836,3765,-1.1255,0.03419287228,8940
2020-12-20,-1.0262,0.01237523933,2915,-1.7559,0.03499454471,8243
2020-12-21,-0.9985,0.01870622297,7120,-0.6211,0.03746499151,14260
2020-12-22,-0.72,0.01702258747,6852,-0.8197,0.04046715227,16289
2020-12-23,-0.7327,0.01854192686,7349,-1.0709,0.04094917307,16230
2020-12-24,-0.5629,0.01758073994,5804,-0.7964,0.04022911908,13281
2020-12-25,-0.1577,0.008243977982,1959,-0.9756,0.02733684583,6496
2020-12-26,0.3267,0.007138605161,1511,-1.5964,0.0265843357,5627
2020-12-27,-0.7676,0.006878966871,1500,-1.3996,0.02695637818,5878
2020-12-28,0.0593,0.01361672297,4623,-1.1794,0.03381942747,11482
2020-12-29,0.0488,0.0154765196,5710,-0.7117,0.03145175717,11604
2020-12-30,-0.3093,0.01516154393,5612,-0.5381,0.03411887709,12629
2020-12-31,-0.2944,0.01870853934,6024,-0.8408,0.03883947427,12506
2021-01-01,-0.524,0.0141417376,6536,-0.9487,0.03887679639,17968
2021-01-02,-0.3556,0.01065301225,2326,-1.3435,0.02651345137,5789
2021-01-03,-0.7374,0.007838540713,1712,-1.3164,0.02635892458,5757
2021-01-04,-0.2749,0.01741802423,6258,-0.8251,0.03215849344,11554
2021-01-05,-0.741,0.021987658,8701,-0.9841,0.03639676338,14403
2021-01-06,-0.3626,0.0195716462,7644,-0.9011,0.03671603958,14340
2021-01-07,-0.2379,0.01723879993,7029,-1.0693,0.0323046625,13172
2021-01-08,-0.257,0.01623604555,6360,-0.9483,0.03360044521,13162
2021-01-09,-0.5153,0.009203443324,2397,-1.1798,0.02655060934,6915
2021-01-10,-0.9646,0.008568821712,1991,-1.7945,0.02928290453,6804
2021-01-11,-0.2937,0.01424395388,5511,-0.8283,0.03189187932,12339
2021-01-12,-0.3037,0.01823911833,7732,-0.7943,0.03063756711,12988
2021-01-13,-0.0304,0.01563686951,6834,-0.6441,0.03220041918,14073
2021-01-14,-0.0781,0.01598625178,6893,-0.9268,0.03629085562,15648
2021-01-15,-0.3415,0.01556892586,6451,-1.0407,0.03892110795,16127
2021-01-16,-0.1561,0.009218083767,2417,-1.1045,0.03007986209,7887
2021-01-17,-0.5272,0.0072323829,1719,-1.5343,0.0304315448,7233
2021-01-18,-0.5568,0.0117517932,4422,-0.9377,0.03474512534,13074
2021-01-19,0.2679,0.01656634822,6900,-0.9562,0.03747836171,15610
2021-01-20,0.1292,0.01794399376,7733,-0.8753,0.04124821326,17776
2021-01-21,-0.0542,0.01856460318,7915,-0.8814,0.04593419945,19584
2021-01-22,-0.409,0.01673712258,6897,-0.8036,0.03691534127,15212
2021-01-23,-0.2844,0.009968947919,2594,-1.2741,0.03094447519,8052
2021-01-24,-0.6369,0.006740185569,1572,-1.3796,0.0278139846,6487
2021-01-25,-0.1187,0.01572165803,6163,-0.8332,0.03781565125,14824
2021-01-26,-0.1077,0.01684702786,7169,-0.7791,0.04013535902,17079
2021-01-27,-0.0113,0.01921936119,8456,-0.9811,0.04474138186,19685
2021-01-28,-0.4838,0.02177404108,9559,-0.9429,0.04140689599,18178
2021-01-29,-0.6899,0.02262454272,9450,-0.8262,0.03829413342,15995
2021-01-30,-1.0472,0.01309099388,3481,-0.9738,0.03309039217,8799
2021-01-31,-1.3446,0.009355421517,2325,-1.4054,0.03374389886,8386
2021-02-01,-0.3493,0.01899959872,7623,-0.5948,0.03782472914,15176
2021-02-02,-0.0263,0.02051646903,8853,-0.6194,0.03826820886,16513
2021-02-03,0.2079,0.01980022105,8581,-0.5421,0.0361531131,15668
2021-02-04,0.0762,0.01865345591,7749,-0.5487,0.03739357131,15534
2021-02-05,0.1226,0.01795642374,7409,-0.6274,0.03893507186,16065
2021-02-06,-0.3882,0.01054237171,2737,-0.9924,0.03017113539,7833
2021-02-07,-0.3747,0.007337903983,1751,-1.0053,0.02923008583,6975
2021-02-08,0.3987,0.01764394595,6835,-0.2711,0.03037546627,11767
2021-02-09,0.1919,0.01796297557,7653,-0.54,0.036040963,15355
2021-02-10,0.1216,0.01902772395,8052,-0.457,0.03602554044,15245
2021-02-11,0.085,0.01877729258,7611,-0.5599,0.03892630696,15778
2021-02-12,-0.073,0.01679875117,6446,-0.8631,0.03668569969,14077
2021-02-13,-0.7702,0.01060577438,2751,-0.5116,0.03029835728,7859
2021-02-14,-0.1646,0.007674470664,1817,-1.478,0.02842552976,6730
2021-02-15,-0.2613,0.01418355387,5010,-0.7651,0.03330445664,11764
2021-02-16,0.4199,0.01823744508,7177,-0.3547,0.0353415614,13908
2021-02-17,0.1292,0.01982500197,8313,-0.5412,0.03845997916,16127
2021-02-18,-0.2082,0.01908457544,8174,-0.7297,0.03846099966,16473
2021-02-19,-0.4022,0.01685464639,6898,-0.9133,0.04046287971,16560
2021-02-20,-0.5834,0.01129114335,3062,-1.107,0.03027073669,8209
2021-02-21,-0.3632,0.0076823646,1783,-1.2783,0.0315050196,7312
2021-02-22,-0.1679,0.0161769491,6115,-0.8251,0.0369781512,13978
2021-02-23,0.1778,0.01884729955,7776,-0.7957,0.03815996452,15744
2021-02-24,-0.1637,0.01932994819,8257,-0.5724,0.03931070486,16792
2021-02-25,0.1723,0.02040153852,8736,-0.5322,0.03890444485,16659
2021-02-26,-0.268,0.01780140008,7288,-0.6272,0.03599605282,14737
2021-02-27,-0.4155,0.009638730381,2505,-0.771,0.03546898868,9218
2021-02-28,-0.7311,0.00752478176,1730,-1.2095,0.03348310404,7698
2021-03-01,0.0496,0.01640299814,6388,-0.6575,0.03630074902,14137
2021-03-02,0.0371,0.01670150586,7055,-0.6051,0.03726885992,15743
2021-03-03,0.1147,0.01701952561,7321,-0.5815,0.04396110221,18910
2021-03-04,-0.132,0.01779103492,7545,-0.6298,0.03882194817,16464
2021-03-05,-0.3962,0.0187098431,7577,-0.5115,0.04136067994,16750
2021-03-06,-0.5141,0.009019418414,2334,-1.078,0.03812192059,9865
2021-03-07,-0.4749,0.006204982828,1449,-1.4794,0.03353431368,7831
2021-03-08,-0.0332,0.01714752314,6426,-0.9079,0.03803089009,14252
2021-03-09,0.0717,0.01663705882,6949,-0.6324,0.03754052126,15680
2021-03-10,-0.0222,0.0166836364,7095,-0.6781,0.04170791526,17737
2021-03-11,0.0936,0.01795165885,7638,-0.6012,0.04257349416,18114
2021-03-12,-0.2898,0.01654171753,6626,-0.6112,0.04165636866,16686
2021-03-13,-0.2837,0.009214635009,2346,-0.7629,0.02973742611,7571
2021-03-14,-0.3571,0.006716443797,1549,-0.8194,0.02754218915,6352
2021-03-15,-0.108,0.01685874554,6612,-0.5711,0.03632075472,14245
2021-03-16,-0.0067,0.01657697322,6943,-0.6426,0.03726297292,15607
2021-03-17,-0.2007,0.01607655188,6853,-0.5046,0.03807653781,16231
2021-03-18,-0.1669,0.01667175514,6935,-0.7282,0.03970450005,16516
2021-03-19,-0.7793,0.0159261562,6327,-1.0625,0.03714592809,14757
2021-03-20,-0.6601,0.007561361045,1890,-1.2692,0.02663679462,6658
2021-03-21,-0.659,0.007726468889,1752,-1.7569,0.03001944847,6807
2021-03-22,-0.1599,0.01530272615,5885,-0.8664,0.03322654795,12778
2021-03-23,-0.0783,0.01554699758,6540,-0.715,0.03618599344,15222
2021-03-24,-0.6765,0.01680086824,7090,-0.9604,0.03639556211,15359
2021-03-25,-0.7518,0.01933673086,8226,-0.9424,0.04193386114,17839
2021-03-26,-0.3653,0.01645777884,6672,-1.105,0.03832501647,15537
2021-03-27,-0.5259,0.008879388635,2239,-0.8812,0.03051273611,7694
2021-03-28,-0.3976,0.008154867917,1859,-1.2903,0.02932067625,6684
2021-03-29,-0.3478,0.01501338629,5647,-0.7655,0.03258970944,12258
2021-03-30,-0.0776,0.01787996732,7442,-0.5197,0.0331891788,13814
2021-03-31,-0.2465,0.01898707283,8043,-0.5151,0.03972106024,16826
2021-04-01,0.0734,0.01740211002,7002,-0.4727,0.0382264859,15381
2021-04-02,0.1945,0.01164236033,3962,-0.8491,0.0331933625,11296
2021-04-03,-0.4257,0.006743154904,1571,-0.8598,0.0234915893,5473
2021-04-04,-0.3085,0.006326751433,1339,-1.1861,0.02615277758,5535
2021-04-05,-0.133,0.01320588171,4204,-0.8366,0.03167338374,10083
2021-04-06,0.284,0.01656163532,6578,-0.4791,0.03554029251,14116
2021-04-07,0.3843,0.01615711048,6701,-0.5199,0.04016251145,16657
2021-04-08,0.0693,0.01621927777,6615,-0.8202,0.03690835802,15053
2021-04-09,-0.2102,0.01376560546,5372,-0.8905,0.03187460282,12439
2021-04-10,-0.9642,0.01046132669,2584,-1.0204,0.02356632457,5821
2021-04-11,-0.3013,0.008537146091,1931,-1.1694,0.0282906255,6399
2021-04-12,0.1773,0.01582194394,6014,-0.8497,0.03485089646,13247
2021-04-13,0.0192,0.01890754756,7707,-0.5956,0.03330103161,13574
2021-04-14,-0.3197,0.01871551479,7581,-0.5852,0.03032105958,12282
2021-04-15,0.0586,0.01769454832,7235,-0.6586,0.03468229298,14181
2021-04-16,-0.1354,0.01476147753,5775,-0.6505,0.03333921236,13043
2021-04-17,-0.5008,0.008230401743,1995,-0.8756,0.0213330363,5171
2021-04-18,-0.5995,0.00735973864,1640,-1.1723,0.02483463026,5534
2021-04-19,0.0327,0.01397985653,5287,-0.4172,0.02981858181,11277
2021-04-20,-0.02,0.01754034573,7181,-0.7064,0.03284815058,13448
2021-04-21,0.1227,0.0154360288,6231,-0.7877,0.03465736525,13990
2021-04-22,-0.03,0.01796929435,7479,-0.5529,0.03651041542,15196
2021-04-23,-0.3659,0.0142090233,5508,-0.7561,0.03225407013,12503
2021-04-24,-0.5491,0.01022159642,2519,-0.9036,0.02386391764,5881
2021-04-25,-1.2896,0.0115986787,2644,-0.9773,0.02406594226,5486
2021-04-26,0.2645,0.01494850107,5682,-0.2227,0.03077570671,11698
2021-04-27,0.3575,0.01749829626,7061,-0.341,0.03408958553,13756
2021-04-28,-0.0388,0.02146679134,8770,-0.3931,0.03762195928,15370
2021-04-29,0.1448,0.02093422065,8594,-0.6357,0.04472576512,18361
2021-04-30,0.0467,0.01772981408,6726,-0.5733,0.03705968721,14059
2021-05-01,-0.2616,0.01109485439,2601,-0.9767,0.02944124761,6902
2021-05-02,-0.4926,0.008313610981,1788,-1.5032,0.02777713199,5974
2021-05-03,0.0746,0.01642910246,5370,-0.6123,0.03487130536,11398
2021-05-04,0.3623,0.02043716384,7493,-0.3445,0.03587481862,13153
2021-05-05,0.1131,0.01908685029,7460,-0.4994,0.0361242948,14119
2021-05-06,0.2106,0.02029438504,8103,-0.434,0.03723267038,14866
2021-05-07,0.1153,0.0190489451,7251,-0.7151,0.0384000042,14617
2021-05-08,-0.3619,0.01053877797,2626,-0.5308,0.02799638808,6976
2021-05-09,-0.7796,0.007652845191,1717,-0.7855,0.02851208543,6397
2021-05-10,-0.0021,0.01566790012,5678,-0.5663,0.03263823928,11828
2021-05-11,-0.1594,0.01685271607,6771,-0.6743,0.03631385726,14590
2021-05-12,-0.5161,0.01776773374,7186,-0.8914,0.03585937133,14503
2021-05-13,-0.5829,0.01886108952,7133,-0.9868,0.0347289429,13134
2021-05-14,-0.3275,0.01649733782,6073,-0.8522,0.03157394328,11623
2021-05-15,-0.6791,0.009661009704,2260,-1.2616,0.02302398153,5386
2021-05-16,-0.6774,0.007393655737,1605,-1.479,0.02092796138,4543
2021-05-17,-0.3616,0.01837118472,6731,-0.4688,0.02847519986,10433
2021-05-18,-0.1216,0.01669591614,6688,-0.4969,0.03256552423,13045
2021-05-19,-0.4311,0.0163633463,6667,-0.6836,0.03247634592,13232
2021-05-20,-0.173,0.01689853487,6858,-0.4914,0.0307662739,12486
2021-05-21,-0.2253,0.01435947757,5473,-0.3188,0.03069722046,11700
2021-05-22,-0.2578,0.009302479695,2246,-0.7626,0.02394787961,5782
2021-05-23,-0.5507,0.00903270542,1954,-1.0119,0.02129666012,4607
2021-05-24,-0.1512,0.01404066092,4853,-0.8169,0.03037272993,10498
2021-05-25,0.368,0.01620621646,6360,-0.6852,0.03285326239,12893
2021-05-26,0.205,0.01485760933,5897,-0.8049,0.03262274471,12948
2021-05-27,0.1517,0.01561939942,6275,-0.7311,0.03681946712,14792
2021-05-28,0.0765,0.01561700966,5894,-0.7404,0.03420427176,12909
2021-05-29,-0.5458,0.009756327878,2273,-1.2318,0.03065109431,7141
2021-05-30,-0.573,0.006052347164,1288,-1.3902,0.02708989239,5765
2021-05-31,-0.5787,0.0121456116,3937,-1.118,0.03072960049,9961
2021-06-01,-0.1039,0.01768905811,6662,-0.6534,0.03595695362,13542
2021-06-02,0.0975,0.01660824614,6387,-0.4564,0.03383016788,13010
2021-06-03,-0.0769,0.01918226557,7324,-0.5356,0.038144527,14564
2021-06-04,-0.1361,0.01575435645,5825,-0.7861,0.0385839741,14266
2021-06-05,-0.501,0.009511594677,2210,-1.0713,0.03350147193,7784
2021-06-06,-0.606,0.008836482986,1890,-1.0763,0.02862739964,6123
2021-06-07,0.0678,0.01529581692,5422,-0.7418,0.03492761146,12381
2021-06-08,0.0005,0.01611847362,6254,-0.7124,0.03589414488,13927
2021-06-09,0.1501,0.01649375375,6480,-0.4732,0.03847015343,15114
2021-06-10,-0.0527,0.01820478469,7134,-0.7196,0.04055629984,15893
2021-06-11,-0.2716,0.01485548373,5536,-0.5514,0.03673887784,13691
2021-06-12,-0.9384,0.008172836526,1896,-1.2857,0.03128610101,7258
2021-06-13,-0.3431,0.005908377337,1242,-1.0609,0.03081680225,6478
2021-06-14,0.2394,0.0168858786,5749,-0.6432,0.03270262173,11134
2021-06-15,-0.1274,0.01677042601,6519,-0.4469,0.03595132743,13975
2021-06-16,-0.03,0.01709462842,6692,-0.4798,0.03527491391,13809
2021-06-17,-0.5728,0.01915079126,7446,-0.4287,0.03513550355,13661
2021-06-18,-0.0167,0.01507656901,5529,-0.6703,0.03175377937,11645
2021-06-19,-0.5099,0.009261840597,2093,-1.3961,0.02573667698,5816
2021-06-20,-1.1206,0.007840298281,1657,-1.1822,0.0217985843,4607
2021-06-21,0.0246,0.01601997859,5613,-0.6655,0.03071280771,10761
2021-06-22,0.2096,0.01692673619,6476,-0.48,0.03426121958,13108
2021-06-23,0.0471,0.01550532221,6067,-0.6556,0.0341362434,13357
2021-06-24,0.2868,0.01676395207,6482,-0.5668,0.03826070764,14794
2021-06-25,0.2226,0.01588519831,5816,-0.5336,0.03338732189,12224
2021-06-26,0.2338,0.008246973787,1894,-0.5326,0.02653487765,6094
2021-06-27,-0.0956,0.006185042928,1314,-0.9442,0.02421769092,5145
2021-06-28,-0.0377,0.01595264826,5641,-0.4174,0.03428362966,12123
2021-06-29,0.0817,0.01681722614,6391,-0.1165,0.03453438835,13124
2021-06-30,0.0097,0.01669815825,6575,-0.4016,0.03561596522,14024
2021-07-01,-0.209,0.0153063712,5965,-0.3942,0.03376126167,13157
2021-07-02,-0.4116,0.01487667432,5330,-0.5961,0.03051253353,10932
2021-07-03,-1.0009,0.01003760721,2226,-0.6136,0.02355185195,5223
2021-07-04,-1.2914,0.009621402891,1983,-0.7893,0.02337666118,4818
2021-07-05,-0.2684,0.01219701678,3925,-0.7678,0.02761031697,8885
2021-07-06,-0.0485,0.01532813544,5599,-0.4617,0.02993352971,10934
2021-07-07,-0.0205,0.0158217339,6146,-0.6889,0.03354331155,13030
2021-07-08,-0.0946,0.01629229026,6242,-0.769,0.03347723725,12826
2021-07-09,-0.249,0.01595905852,5741,-0.8655,0.0323795704,11648
2021-07-10,-0.2504,0.007844144116,1772,-1.2375,0.02833542127,6401
2021-07-11,-0.6747,0.006464779016,1340,-1.4699,0.02562271743,5311
2021-07-12,0.3225,0.01480554687,5112,-1.4898,0.0353253629,12197
2021-07-13,0.1582,0.01638859946,6213,-1.156,0.038245341,14499
2021-07-14,-0.4861,0.01779401152,6830,-0.8114,0.03767224108,14460
2021-07-15,-0.277,0.01759535374,6756,-0.7609,0.04023022932,15447
2021-07-16,-0.2678,0.0148456762,5377,-0.9625,0.03473286342,12580
2021-07-17,-0.6606,0.007289684214,1693,-1.5038,0.02708335127,6290
2021-07-18,-0.7996,0.008140305069,1696,-1.6006,0.0265903833,5540
2021-07-19,-0.7159,0.01667807398,5702,-1.1539,0.03278870735,11210
2021-07-20,-0.3189,0.01879437408,6827,-1.1918,0.03649032201,13255
2021-07-21,0.0586,0.01763940378,6452,-0.7759,0.0325311943,11899
2021-07-22,-0.3473,0.01980497184,7210,-1.0095,0.03596483999,13093
2021-07-23,-0.2697,0.01581413066,5563,-1.0602,0.02903284495,10213
2021-07-24,-0.5191,0.009893684509,2199,-1.3099,0.02645514548,5880
2021-07-25,-0.3011,0.007970961887,1647,-1.1856,0.02177374471,4499
2021-07-26,-0.2325,0.0153860637,5230,-1.195,0.03248724692,11043
2021-07-27,-0.0058,0.0181742689,6697,-0.7019,0.03114619743,11477
2021-07-28,0.0333,0.01981525426,7390,-0.4349,0.03422488571,12764
2021-07-29,0.0069,0.02264405784,7712,-0.4074,0.03844380827,13093
2021-07-30,-0.178,0.0190022224,5609,-0.827,0.03368837575,9944
2021-07-31,-0.4126,0.008366849007,1502,-1.2267,0.02185853229,3924
2021-08-01,-0.3741,0.007868136592,1391,-1.3302,0.02629122853,4648
2021-08-02,0.0891,0.01649989279,4617,-0.7369,0.03100564649,8676
2021-08-03,0.274,0.0185102101,5776,-0.3662,0.03081616695,9616
2021-08-04,0.0997,0.0184905695,6040,-0.7492,0.03002574598,9808
2021-08-05,0.11,0.02148071508,6706,-0.7444,0.03493739329,10907
2021-08-06,0.0465,0.0189059414,5217,-0.9239,0.03531500843,9745
2021-08-07,-0.4653,0.008466169764,1229,-0.4353,0.02183706929,3170
2021-08-08,0.1901,0.004906464005,705,-1.257,0.0237806915,3417
2021-08-09,-0.1406,0.01747517819,4504,-0.7107,0.03182313754,8202
2021-08-10,-0.0722,0.01948403595,5181,-0.4007,0.03320296341,8829
2021-08-11,0.1203,0.01655290534,4581,-0.493,0.03162793723,8753
2021-08-12,-0.2315,0.01941682792,5238,-0.7628,0.03512673947,9476
2021-08-13,-0.2509,0.01688599146,3906,-0.3684,0.02731760881,6319
2021-08-14,-0.163,0.009031610637,990,-0.3122,0.02324499384,2548
2021-08-15,-1.3773,0.01001492966,1080,-1.0989,0.02041005573,2201
2021-08-16,-0.0373,0.01717251096,3693,-0.7701,0.02993680628,6438
2021-08-17,-0.5246,0.01726437528,3935,-0.6616,0.03227802006,7357
2021-08-18,0.0532,0.0157234204,3627,-0.4407,0.02813482172,6490
2021-08-19,-0.4358,0.01543936965,5171,-0.7687,0.02909026851,9743
2021-08-20,-0.9424,0.01496031149,5068,-0.9047,0.02803139658,9496
2021-08-21,-2.0324,0.01260289241,2759,-1.1035,0.02354306179,5154
2021-08-22,-2.1798,0.01064542178,2162,-1.2086,0.02057688141,4179
2021-08-23,0.0172,0.0151434451,5004,-0.7356,0.02915809224,9635
2021-08-24,-0.0339,0.01534132096,5566,-0.6621,0.03040426007,11031
2021-08-25,0.1862,0.01625859314,6064,-0.4609,0.02892710445,10789
2021-08-26,-0.3051,0.01603678398,5849,-0.4875,0.02807328281,10239
2021-08-27,-0.591,0.01442227215,4911,-0.5718,0.02653333921,9035
2021-08-28,-0.9654,0.009582992202,2142,-1.3536,0.02174292348,4860
2021-08-29,-0.6544,0.007324666706,1501,-1.563,0.02396010228,4910
2021-08-30,-0.0784,0.01423333012,4720,-0.7882,0.02886169545,9571
2021-08-31,0.1115,0.01559484876,5746,-0.7178,0.03075273778,11331
2021-09-01,-0.2552,0.01708449201,6500,-0.8015,0.0321319869,12225
2021-09-02,-0.0761,0.01717656106,6433,-0.5205,0.0301370814,11287
2021-09-03,-0.6702,0.01569502266,5523,-1.0584,0.03241876128,11408
2021-09-04,-0.157,0.01102916022,2418,-0.9248,0.02619083458,5742
2021-09-05,-0.5685,0.009914446346,2028,-0.8876,0.02734783671,5594
2021-09-06,-0.0075,0.01114448257,3436,-0.6036,0.02832826275,8734
2021-09-07,-0.3731,0.01517801269,5433,-0.902,0.03427554532,12269
2021-09-08,-0.2336,0.01661101122,6208,-0.5677,0.03537331963,13220
2021-09-09,-0.2793,0.01437676163,5371,-0.7392,0.03762958759,14058
2021-09-10,-0.2035,0.01302184571,4656,-0.9945,0.03625756182,12964
2021-09-11,-1.2557,0.009682356112,2227,-1.2325,0.02458631514,5655
2021-09-12,-0.5934,0.00650308654,1340,-1.0831,0.02451760686,5052
2021-09-13,-0.2272,0.01571332894,5537,-0.6834,0.03434399619,12102
2021-09-14,0.0626,0.01575990169,6053,-0.6436,0.03472750185,13338
2021-09-15,-0.0645,0.01667342441,6415,-0.5229,0.03430852723,13200
2021-09-16,-0.3569,0.01541555847,5825,-0.5431,0.03523480608,13314
2021-09-17,-0.4497,0.01588110049,5706,-0.5606,0.03601219054,12939
2021-09-18,-0.8824,0.009307801106,2198,-0.848,0.02411643644,5695
2021-09-19,-0.3278,0.00935626213,1938,-1.0253,0.02512866067,5205
2021-09-20,-1.3472,0.01695898258,5702,-0.8744,0.03415590248,11484
2021-09-21,-0.6561,0.01810765456,6539,-0.8956,0.03696298717,13348
2021-09-22,-0.566,0.01933995044,7375,-0.7296,0.03595264007,13710
2021-09-23,-0.3938,0.0190783103,7270,-0.7109,0.03663455457,13960
2021-09-24,-0.8527,0.01679898425,6020,-0.7688,0.03228921042,11571
2021-09-25,-1.0302,0.01065003954,2586,-0.6107,0.02834656695,6883
2021-09-26,-0.2318,0.008831077243,2254,-0.4909,0.03119086332,7961
2021-09-27,-0.5416,0.01569443107,6029,-0.5652,0.03505931292,13468
2021-09-28,-0.411,0.0161269995,6526,-0.6334,0.03879277325,15698
2021-09-29,-0.4583,0.01623076942,6559,-0.6114,0.0378907671,15312
2021-09-30,-0.3858,0.01574867807,6329,-0.8462,0.03536423017,14212
2021-10-01,-0.408,0.01615731191,5953,-0.6184,0.03703180979,13644
2021-10-02,-0.5802,0.01002128787,2382,-1.0641,0.0271062795,6443
2021-10-03,-0.63,0.007828376457,1668,-1.7416,0.030191814,6433
2021-10-04,-0.8106,0.01761692771,6201,-1.0333,0.03676798555,12942
2021-10-05,-0.692,0.01835095914,6993,-0.7713,0.03515889469,13398
2021-10-06,-0.5007,0.01652160931,6308,-0.8355,0.03753244474,14330
2021-10-07,-0.6557,0.0181552604,6948,-0.7855,0.03755693117,14373
2021-10-08,-0.6796,0.01557733939,5735,-0.8278,0.03553860654,13084
2021-10-09,-0.6223,0.008628500301,2038,-0.8854,0.0293021838,6921
2021-10-10,-0.6491,0.008412365935,1735,-1.0622,0.02728321794,5627
2021-10-11,-0.5214,0.01455049265,4894,-0.579,0.03731276721,12550
2021-10-12,-0.7313,0.01768610362,6640,-0.6047,0.03882153017,14575
2021-10-13,-0.2491,0.01625360411,6246,-0.4771,0.04125854837,15855
2021-10-14,0.2047,0.01621037748,6168,-0.6896,0.03879399838,14761
2021-10-15,0.0929,0.01493792686,5328,-0.6704,0.03056835896,10903
2021-10-16,-0.445,0.009059650033,1955,-0.8645,0.02718821828,5867
2021-10-17,0.1147,0.00712680511,1370,-0.8344,0.02558366973,4918
2021-10-18,-0.1064,0.01519234627,5226,-0.5621,0.03086435903,10617
2021-10-19,0.2817,0.01581440915,6005,-0.3786,0.03425972501,13009
2021-10-20,0.4563,0.01549448497,5973,-0.5405,0.03275554357,12627
2021-10-21,-0.1548,0.01803408589,6987,-0.5201,0.03371421639,13062
2021-10-22,-0.8444,0.01688482352,6206,-0.599,0.03141077788,11545
2021-10-23,-0.5229,0.009839562686,2214,-0.6637,0.0298920048,6726
2021-10-24,-0.6734,0.007454452077,1466,-0.7302,0.02299388287,4522
2021-10-25,0.0897,0.01565353885,5425,-0.5625,0.0347984661,12060
2021-10-26,0.1922,0.01744427192,6561,-0.4102,0.03611956013,13585
2021-10-27,-0.1087,0.0190410243,7287,-0.2726,0.03739743925,14312
2021-10-28,0.2809,0.02056128593,7854,-0.3542,0.03817215561,14581
2021-10-29,0.0896,0.01867192133,6832,-0.474,0.03505904667,12828
2021-10-30,-0.0513,0.00800422009,1836,-0.618,0.03234385013,7419
2021-10-31,-0.3933,0.006945745438,1483,-0.5099,0.03835381618,8189
2021-11-01,0.2232,0.01678098298,5495,-0.5512,0.03729989556,12214
2021-11-02,0.3255,0.01841921508,6832,-0.1964,0.03449019592,12793
2021-11-03,0.2444,0.01833218184,7058,-0.2836,0.03689293154,14204
2021-11-04,0.1521,0.01903138645,7135,-0.4282,0.03500601483,13124
2021-11-05,-0.0151,0.01792594886,6369,-0.5111,0.03220985378,11444
2021-11-06,-1.0114,0.01153036184,2650,-0.3049,0.02666341786,6128
2021-11-07,-0.259,0.008246423745,1617,-0.5365,0.02280643598,4472
2021-11-08,0.0577,0.01555036256,5430,-0.6053,0.03086589459,10778
2021-11-09,0.0364,0.01902924345,7249,-0.1198,0.03020685672,11507
2021-11-10,-0.0733,0.01846678518,7126,-0.3541,0.03401298843,13125
2021-11-11,-0.1254,0.01744141739,6637,-0.498,0.03451492782,13134
2021-11-12,0.0348,0.02451271471,8958,-0.2538,0.0363449293,13282
2021-11-13,-0.3591,0.009744736516,2205,-0.7769,0.02755484453,6235
2021-11-14,-0.2546,0.007031583283,1434,-0.8833,0.02724861109,5557
2021-11-15,0.0256,0.0177076366,6142,-0.3794,0.03378923819,11720
2021-11-16,0.0107,0.01694512778,6351,-0.1414,0.03312984594,12417
2021-11-17,0.1983,0.01651581329,6277,-0.1616,0.03344998158,12713
2021-11-18,0.1878,0.01732311129,6607,-0.2726,0.03537774189,13493
2021-11-19,-0.1902,0.01579427951,5760,-0.5735,0.03196147951,11656
2021-11-20,-0.2688,0.009986363449,2175,-0.5272,0.022176614,4830
2021-11-21,-0.3686,0.008263824529,1605,-0.956,0.02329832149,4525
2021-11-22,-0.1757,0.01718000177,6018,-0.2435,0.03352070136,11742
2021-11-23,-0.0888,0.01654428925,6203,-0.3224,0.03173366975,11898
2021-11-24,-0.0395,0.01674824307,6344,-0.277,0.03348328608,12683
2021-11-25,-0.0347,0.0115316688,3996,-0.3753,0.02589142455,8972
2021-11-26,-1.4288,0.01931119648,6349,-0.9815,0.03114610993,10240
2021-11-27,-1.5596,0.01629748071,3547,-1.2936,0.0249723168,5435
2021-11-28,-0.807,0.01221149895,2437,-1.0788,0.02393193229,4776
2021-11-29,-0.3076,0.0161981359,5603,-0.4948,0.03030898746,10484
2021-11-30,-0.2521,0.01719364555,6496,-0.6123,0.03127994198,11818
2021-12-01,-0.0937,0.01638553966,6288,-0.5746,0.03421471624,13130
2021-12-02,-0.0023,0.01657901588,6368,-0.6254,0.03422285863,13145
2021-12-03,-0.5328,0.01710719265,6148,-0.7658,0.03433681803,12340
2021-12-04,-0.5867,0.009536905607,2150,-1.1231,0.03023420866,6816
2021-12-05,-1.1507,0.008235049875,1666,-0.8682,0.02271806076,4596
2021-12-06,-0.3734,0.016296436,5530,-0.5838,0.032696014,11095
2021-12-07,0.3199,0.01758495905,6463,-0.4679,0.0325524447,11964
2021-12-08,-0.0545,0.01748021646,6428,-0.6211,0.03687760041,13561
2021-12-09,0.1446,0.01727101215,6582,-0.4789,0.03285480752,12521
2021-12-10,0.1081,0.01516055178,5516,-0.5788,0.03122809814,11362
2021-12-11,0.0765,0.01065200584,2480,-0.5196,0.02470578129,5752
2021-12-12,0.0755,0.007437059712,1516,-0.9309,0.02810973097,5730
2021-12-13,0.3033,0.01504183039,5099,-0.279,0.03180348567,10781
2021-12-14,0.0502,0.01604110045,5973,-0.3778,0.03165250459,11786
2021-12-15,0.0071,0.01594902168,6102,-0.3453,0.03462155706,13246
2021-12-16,-0.0534,0.01526790629,5742,-0.603,0.03517574578,13229
2021-12-17,-0.5549,0.01546621242,5593,-0.5533,0.03307828232,11962
2021-12-18,-1.1772,0.009821000053,2210,-0.8535,0.02376148746,5347
2021-12-19,-0.7965,0.007520787824,1477,-0.9988,0.02915132721,5725
2021-12-20,-0.5691,0.01723602299,5770,-0.698,0.0351531228,11768
2021-12-21,-0.2222,0.01825445895,6584,-0.6787,0.03167913851,11426
2021-12-22,-0.1649,0.01579965086,5548,-0.6675,0.03278968637,11514
2021-12-23,-0.0337,0.0152833718,5172,-0.4946,0.02981616811,10090
2021-12-24,-0.0986,0.01243675828,3321,-0.7256,0.02580224768,6890
2021-12-25,0.025,0.006997009068,1027,-0.7807,0.0165557274,2430
2021-12-26,0.3197,0.006727147831,1136,-1.1026,0.02320155388,3918
2021-12-27,-0.4236,0.01201005117,3274,-0.9015,0.02574054034,7017
2021-12-28,-0.2487,0.01267465657,3877,-0.8398,0.02466605206,7545
2021-12-29,-0.7721,0.01550358128,4894,-0.6703,0.02672419528,8436
2021-12-30,-0.4238,0.01656189672,5156,-0.9408,0.02752821079,8570
2021-12-31,-0.597,0.0157680491,4075,-0.9652,0.02998057531,7748
2022-01-01,-0.6511,0.01057464495,3160,-0.8086,0.0283708354,8478
2022-01-02,-1.0618,0.009969334674,1606,-1.2964,0.02421567532,3901
2022-01-03,0.0925,0.01381310136,3668,-1.1795,0.03000621364,7968
2022-01-04,-0.419,0.01838522218,6125,-0.7547,0.02762135747,9202
2022-01-05,0.0573,0.01636406968,5699,-0.8043,0.02925662502,10189
2022-01-06,-0.3895,0.01547995074,5141,-0.9412,0.02949049553,9794
2022-01-07,-0.1856,0.0158135984,5137,-1.1617,0.03028194812,9837
2022-01-08,-0.401,0.01158663307,2520,-1.1874,0.02246519412,4886
2022-01-09,-0.4226,0.006418666943,1179,-1.2432,0.02133567069,3919
2022-01-10,-0.493,0.01634846095,5410,-0.9083,0.02813990173,9312
2022-01-11,-0.1488,0.0168386836,6123,-0.8584,0.03254158795,11833
2022-01-12,0.2144,0.01582841471,5881,-0.712,0.03360543888,12486
2022-01-13,-0.0633,0.0145397217,5469,-0.6035,0.02998867449,11280
2022-01-14,-0.3771,0.01409811772,5004,-0.7582,0.0305008438,10826
2022-01-15,-0.5654,0.01133698379,2499,-0.749,0.02321836056,5118
2022-01-16,-0.7269,0.008564320901,1742,-1.5329,0.02292996136,4664
2022-01-17,-0.4924,0.01208926172,3770,-0.9227,0.03170144334,9886
2022-01-18,-0.1832,0.01371715183,4961,-0.769,0.03293664838,11912
2022-01-19,-0.1541,0.01597211873,6109,-0.8771,0.03405938627,13027
2022-01-20,-0.1926,0.01622432046,6179,-0.8707,0.03573079024,13608
2022-01-21,-0.4964,0.01547372657,5383,-0.8355,0.03312349086,11523
2022-01-22,-0.8168,0.008890073048,2002,-1.057,0.02458313906,5536
2022-01-23,-1.2615,0.009743166529,1948,-1.1943,0.02429289519,4857
2022-01-24,-0.9499,0.01745721732,5935,-0.8833,0.03020230959,10268
2022-01-25,-0.5741,0.01799928329,6630,-0.8548,0.03364481414,12393
2022-01-26,-0.3957,0.0180066336,6683,-0.7286,0.03347245387,12423
2022-01-27,-0.1222,0.0176819652,6615,-0.5641,0.03411296143,12762
2022-01-28,-0.2381,0.01548191376,5481,-0.8161,0.03351448764,11865
2022-01-29,-0.6205,0.01238316939,2830,-1.0539,0.02716858613,6209
2022-01-30,-0.5797,0.009342233526,1888,-1.4922,0.03105500933,6276
2022-01-31,-0.2132,0.01380244425,4382,-0.9606,0.03487463777,11072
2022-02-01,0.1587,0.01669524334,5852,-0.6475,0.03657718982,12821
2022-02-02,0.1762,0.01676525276,5969,-0.658,0.03344905262,11909
2022-02-03,-0.0556,0.01918390582,6841,-0.5868,0.03304533638,11784
2022-02-04,-0.2589,0.0164869648,5543,-0.6105,0.03043083833,10231
2022-02-05,-0.4027,0.009979211854,2213,-0.4918,0.02040485027,4525
2022-02-06,-0.1167,0.007812810426,1573,-0.8548,0.02123316247,4275
2022-02-07,-0.069,0.01548397935,4977,-0.2908,0.02726263032,8763
2022-02-08,-0.0473,0.01774019412,6474,-0.6077,0.03132621241,11432
2022-02-09,0.2336,0.01651589655,6160,-0.5572,0.03073940811,11465
2022-02-10,0.2255,0.0173294794,6559,-0.6327,0.03559954345,13474
2022-02-11,-0.2702,0.0137540752,4839,-1.0318,0.03309334523,11643
2022-02-12,0.0828,0.01063389403,2389,-1.8112,0.03168802496,7119
2022-02-13,-0.1016,0.00826894119,1587,-1.7565,0.03029339892,5814
2022-02-14,-0.4404,0.01546597783,5185,-0.9762,0.03376266212,11319
2022-02-15,-0.3351,0.01859168087,6687,-0.7523,0.03583492967,12889
2022-02-16,-0.0866,0.01684948177,6189,-0.5596,0.03225604461,11848
2022-02-17,-0.1168,0.01704926273,6105,-0.7624,0.03351764969,12002
2022-02-18,-0.3536,0.01521053342,5299,-1.1111,0.02973502843,10359
2022-02-19,-0.8382,0.01144664373,2548,-1.7163,0.02922308377,6505
2022-02-20,-0.8679,0.008572144289,1711,-1.1417,0.02445891784,4882
2022-02-21,-0.5564,0.01224333791,3908,-0.957,0.02839965664,9065
2022-02-22,-1.4495,0.02125539136,7678,-1.6125,0.03878181526,14009
2022-02-23,-1.0736,0.0216250113,7897,-1.5637,0.04116063629,15031
2022-02-24,-2.5756,0.03035232318,11718,-2.4234,0.04904083758,18933
2022-02-25,-1.906,0.02350611331,8463,-2.1866,0.04547348306,16372
2022-02-26,-1.2743,0.01150726199,2735,-2.215,0.03635200862,8640
2022-02-27,-2.2017,0.01301920729,2794,-2.6076,0.04018526975,8624
2022-02-28,-1.1636,0.02095893315,7019,-1.8955,0.04144308779,13879
2022-03-01,-0.8171,0.02139937617,7780,-1.3565,0.04267497703,15515
2022-03-02,-0.9932,0.02146891745,7997,-1.6846,0.05019168197,18696
2022-03-03,-0.6695,0.01867058471,6862,-1.4478,0.03832340217,14085
2022-03-04,-1.2046,0.01710982326,5949,-1.6536,0.03486388933,12122
2022-03-05,-1.8677,0.01207509225,2834,-2.3895,0.03643831647,8552
2022-03-06,-1.2047,0.009855550725,1995,-2.5039,0.03677429554,7444
2022-03-07,-1.6018,0.01981352702,6405,-1.7404,0.03937648485,12729
2022-03-08,-1.3881,0.02231071502,8051,-1.6412,0.04457709127,16086
2022-03-09,-0.7862,0.01796727906,6575,-1.3612,0.04113208888,15052
2022-03-10,-0.4003,0.01890947297,6947,-1.1903,0.04098186629,15056
2022-03-11,-0.6485,0.01582548333,5549,-1.6079,0.04211763162,14768
2022-03-12,-0.872,0.01209055687,2768,-1.8836,0.03276855407,7502
2022-03-13,-0.6994,0.008807844486,1792,-1.6926,0.02919564523,5940
2022-03-14,-0.9349,0.01726942849,5711,-1.7363,0.03816752344,12622
2022-03-15,-0.6403,0.02056460125,7501,-1.2741,0.03962407437,14453
2022-03-16,-0.382,0.0194938677,7046,-0.9568,0.03868893641,13984
2022-03-17,-0.462,0.01990301882,7187,-1.09,0.03901678478,14089
2022-03-18,-0.2668,0.01545830152,5122,-1.2393,0.03530480499,11698
2022-03-19,-0.5385,0.01102203008,2366,-1.229,0.02971196445,6378
2022-03-20,-0.8102,0.01149727927,2227,-1.3,0.02698530702,5227
2022-03-21,-0.5445,0.01813728188,5931,-0.9456,0.03223794059,10542
2022-03-22,-0.3263,0.01786625254,6339,-0.8091,0.03295067967,11691
2022-03-23,-0.0838,0.0168514192,6102,-1.0129,0.0372100987,13474
2022-03-24,-0.77,0.02018408905,7311,-1.1502,0.0382617002,13859
2022-03-25,-0.7017,0.01747527557,5923,-1.0044,0.03405952746,11544
2022-03-26,-0.5378,0.01198831331,2663,-1.3021,0.02945982812,6544
2022-03-27,-0.2365,0.01120016959,2219,-0.9857,0.02882567307,5711
2022-03-28,-0.7036,0.01788436678,6018,-0.913,0.03395295621,11425
2022-03-29,-0.2348,0.01848558311,6756,-0.7924,0.03473024073,12693
2022-03-30,-0.152,0.01947092974,7080,-0.8475,0.03688751138,13413
2022-03-31,-0.1884,0.02059711597,7606,-1.0343,0.0404847336,14950
2022-04-01,-0.2439,0.01773967991,6165,-0.9501,0.03474272429,12074
2022-04-02,-0.3128,0.01158528691,2595,-1.2603,0.02787612002,6244
2022-04-03,-0.3463,0.01024777007,2068,-2.4938,0.03403369673,6868
2022-04-04,-0.3566,0.01986763095,6475,-1.1139,0.03521556763,11477
2022-04-05,0.0089,0.01965954986,6732,-1.5359,0.03886937146,13310
2022-04-06,-0.1331,0.02005050956,7193,-1.3837,0.03621802734,12993
2022-04-07,-0.4577,0.0196960594,7114,-1.0783,0.03590364048,12968
2022-04-08,-0.6365,0.01805235444,6219,-1.4317,0.03434562755,11832
2022-04-09,-0.8474,0.0120965017,2685,-1.87,0.02781519609,6174
2022-04-10,-0.4979,0.01048894794,2021,-2.1688,0.03505311944,6754
2022-04-11,-0.4655,0.02146948177,6991,-1.3321,0.035556238,11578
2022-04-12,-0.0973,0.01928034112,6769,-1.1617,0.03592597762,12613
2022-04-13,-0.4224,0.0202470089,7028,-1.4126,0.03703693034,12856
2022-04-14,-0.0057,0.02009256224,6803,-1.4522,0.03794638242,12848
2022-04-15,-0.29,0.01415458044,4057,-1.3857,0.03118054853,8937
2022-04-16,-1.0148,0.01101515511,2227,-1.6967,0.02602188192,5261
2022-04-17,-0.5964,0.01017799274,1875,-1.8144,0.02290184072,4219
2022-04-18,-0.877,0.01672457725,4693,-1.5374,0.03580477896,10047
2022-04-19,-0.3737,0.01858113092,6298,-1.157,0.03460138193,11728
2022-04-20,-0.5209,0.02004670582,7082,-1.0444,0.03573703206,12625
2022-04-21,0.0153,0.0216954023,7701,-0.8547,0.03737604237,13267
2022-04-22,-0.3058,0.01960754817,6517,-0.927,0.03674798118,12214
2022-04-23,-0.6672,0.01188395826,2591,-1.3916,0.02801972251,6109
2022-04-24,-0.3223,0.00789639772,1639,-1.5566,0.03201919417,6646
2022-04-25,-0.2859,0.0247301557,7767,-0.927,0.03521189544,11059
2022-04-26,-0.2895,0.02515893336,8932,-0.6442,0.03476394487,12342
2022-04-27,-0.506,0.02831921568,10237,-0.8602,0.03780782658,13667
2022-04-28,-0.1686,0.02456570793,8851,-1.3103,0.04136286806,14903
2022-04-29,-0.3742,0.02277085122,7826,-1.0356,0.03751982193,12895
2022-04-30,-0.3782,0.01300093821,2813,-1.2919,0.028460639,6158
2022-05-01,-0.4883,0.01146139418,2157,-1.278,0.03472425171,6535
2022-05-02,-0.3449,0.02245743417,6066,-0.9979,0.03777706202,10204
2022-05-03,-0.1373,0.02390264415,7560,-0.9885,0.03761820901,11898
2022-05-04,-0.1183,0.02533703485,7995,-1.0909,0.04249459667,13409
2022-05-05,-0.4075,0.02799985871,9512,-0.9259,0.0393828963,13379
2022-05-06,-0.6462,0.02189145853,7195,-1.0246,0.03700401927,12162
2022-05-07,-0.286,0.01027027284,2158,-1.1352,0.02798387596,5880
2022-05-08,-0.3021,0.009383513806,1760,-1.453,0.02781998582,5218
2022-05-09,-0.5617,0.02317447266,7328,-1.504,0.03891717529,12306
2022-05-10,-0.7359,0.02590820876,8931,-1.2267,0.04226655488,14570
2022-05-11,-0.6582,0.02180288907,7761,-1.0888,0.03996213079,14225
2022-05-12,-0.611,0.02424385275,8640,-1.1585,0.04312824269,15370
2022-05-13,-0.7891,0.02134424474,7136,-1.1194,0.03781903454,12644
2022-05-14,-1.1201,0.01148462051,2412,-1.4589,0.02834968098,5954
2022-05-15,-0.31,0.01095536526,2061,-1.6444,0.02957576531,5564
2022-05-16,-0.3449,0.02195149198,7074,-1.0582,0.03739263194,12050
2022-05-17,-0.4906,0.02307158025,8105,-0.7984,0.03851430979,13530
2022-05-18,-0.3983,0.02180776443,7757,-0.8846,0.03795624953,13501
2022-05-19,-0.9251,0.02325345777,8033,-0.9272,0.03968111529,13708
2022-05-20,-0.8799,0.02171648537,7255,-0.8448,0.04028101222,13457
2022-05-21,-0.3902,0.01390586797,2912,-1.3345,0.03635964242,7614
2022-05-22,-0.977,0.01077885029,2029,-0.9071,0.03722395465,7007
2022-05-23,-0.8154,0.01845384492,5860,-1.052,0.04387039481,13931
2022-05-24,-0.5674,0.02055102453,7131,-1.0436,0.04349404882,15092
2022-05-25,-0.3347,0.02130022609,7518,-0.7207,0.03586303031,12658
2022-05-26,-0.3857,0.02165675825,7333,-0.7661,0.04066142746,13768
2022-05-27,-0.3105,0.02007844747,6455,-0.8957,0.03297157912,10600
2022-05-28,-0.3607,0.01147962379,2291,-0.8359,0.0278096517,5550
2022-05-29,-0.3481,0.01085321116,1926,-1.0867,0.0242084087,4296
2022-05-30,-0.3164,0.01381239228,4015,-0.616,0.02926575868,8507
2022-05-31,-0.2029,0.01996013418,6599,-0.8552,0.03862568775,12770
2022-06-01,-0.1193,0.02052347748,7170,-0.6774,0.03495288474,12211
2022-06-02,-0.4238,0.01812954567,6142,-0.6515,0.03278194956,11106
2022-06-03,-0.8771,0.01809539886,5467,-0.8664,0.03288417555,9935
2022-06-04,-0.7452,0.01139872363,2263,-0.7682,0.02378973561,4723
2022-06-05,-0.1298,0.009417000045,1676,-1.052,0.02431226682,4327
2022-06-06,-0.1266,0.01790149146,5334,-0.8697,0.03694406036,11008
2022-06-07,-0.1644,0.0186992872,6220,-0.579,0.03353846431,11156
2022-06-08,0.1808,0.01864013286,6375,-0.5931,0.0343621712,11752
2022-06-09,-0.4974,0.02107711911,7212,-0.6584,0.03828776171,13101
2022-06-10,-0.6463,0.01929187122,6260,-1.0399,0.03481782125,11298
2022-06-11,-0.6511,0.01149686741,2325,-1.363,0.02932319301,5930
2022-06-12,-0.0334,0.0127551975,2386,-1.2772,0.02583114599,4832
2022-06-13,-0.7854,0.02342367409,7240,-1.021,0.03664640282,11327
2022-06-14,-0.7252,0.02234042553,7707,-0.682,0.0376891414,13002
2022-06-15,-0.7963,0.02225335155,7800,-0.7677,0.03851541615,13500
2022-06-16,-0.7175,0.02191691965,7501,-0.9517,0.03834949612,13125
2022-06-17,-0.9418,0.02065242614,6764,-0.95,0.03475555393,11383
2022-06-18,-1.2924,0.01358285986,2766,-1.0467,0.02660590555,5418
2022-06-19,-1.0979,0.009910818309,1897,-1.1618,0.02952347615,5651
2022-06-20,-0.7596,0.01447342603,4352,-0.8199,0.03331016432,10016
2022-06-21,-0.2681,0.01729220777,5719,-0.6911,0.03527380589,11666
2022-06-22,-0.4862,0.01769225821,6051,-0.8899,0.0381621805,13052
2022-06-23,-0.4189,0.01723594294,5849,-0.8361,0.04054822616,13760
2022-06-24,-0.4153,0.01461970942,4678,-1.304,0.03633050919,11625
2022-06-25,-0.7102,0.008588493382,1750,-1.5014,0.03292582977,6709
2022-06-26,-1.3563,0.008787288704,1611,-1.4539,0.03096005629,5676
2022-06-27,-0.306,0.01749581079,5398,-0.8381,0.03763317138,11611
2022-06-28,-0.2913,0.01775690911,5960,-0.5043,0.03689325595,12383
2022-06-29,-0.5041,0.0184834933,6274,-0.5634,0.03748254468,12723
2022-06-30,-0.6507,0.01815238756,6280,-0.9076,0.04013758816,13886
2022-07-01,-0.8089,0.01641944976,5206,-0.9503,0.03532105607,11199
2022-07-02,-1.6955,0.01190047069,2278,-1.3624,0.02621969376,5019
2022-07-03,-1.5471,0.009287325934,1630,-1.7196,0.03035189279,5327
2022-07-04,-0.5581,0.01178523697,3201,-0.8945,0.02936552643,7976
2022-07-05,-0.4628,0.01708548483,5357,-1.0176,0.03422199967,10730
2022-07-06,-0.6141,0.01849846764,6048,-1.2238,0.03887797985,12711
2022-07-07,-0.4189,0.01845178945,6109,-0.9581,0.03987567922,13202
2022-07-08,-0.7411,0.01847607999,5829,-1.1816,0.03704725046,11688
2022-07-09,-1.386,0.01144257855,2222,-2.4476,0.03841657783,7460
2022-07-10,-1.2458,0.008612479571,1465,-2.4318,0.03666623555,6237
2022-07-11,-0.7781,0.01722460402,5010,-1.4563,0.03860236606,11228
2022-07-12,-0.534,0.0183934295,5928,-1.0326,0.03877265436,12496
2022-07-13,-0.7262,0.02107531082,6906,-1.2616,0.04406406211,14439
2022-07-14,-0.7979,0.01973548442,6503,-1.0866,0.04167728856,13733
2022-07-15,-0.5702,0.0172932931,5416,-1.3555,0.04380797292,13720
2022-07-16,-1.2884,0.00846323797,1651,-1.5747,0.03600079968,7023
2022-07-17,-0.5728,0.007086033251,1239,-1.4876,0.03201011147,5597
2022-07-18,-0.0443,0.01759772681,5227,-0.9502,0.03587215977,10655
2022-07-19,-0.2065,0.01875714642,6086,-0.8983,0.04001380743,12983
2022-07-20,-0.209,0.01870746735,6100,-0.757,0.03895140045,12701
2022-07-21,-0.2675,0.02042738781,6679,-0.9822,0.04163162193,13612
2022-07-22,-0.4481,0.01647556459,5009,-1.0816,0.03736522534,11360
2022-07-23,-0.9091,0.009415365324,1772,-1.7025,0.03370296967,6343
2022-07-24,-0.8702,0.008633248799,1440,-1.3814,0.02901730846,4840
2022-07-25,-0.4385,0.01677104961,4887,-1.0749,0.03868288749,11272
2022-07-26,-0.5958,0.02302471675,7389,-0.7595,0.04044672126,12980
2022-07-27,-0.3773,0.02402350767,7824,-0.8433,0.04136563079,13472
2022-07-28,-0.4549,0.02542443473,8241,-1.0831,0.04709119909,15264
2022-07-29,-0.3251,0.02127421009,6451,-0.8668,0.03910220261,11857
2022-07-30,-1.4219,0.01076770758,2012,-1.312,0.02923122207,5462
2022-07-31,-0.6337,0.008236870819,1389,-1.1793,0.03096090896,5221
2022-08-01,-0.3864,0.02036572623,5847,-0.6492,0.03966562173,11388
2022-08-02,-0.1385,0.02551207081,7949,-0.6928,0.03574064921,11136
2022-08-03,-0.4544,0.02474441357,7871,-0.8086,0.03923078858,12479
2022-08-04,0.0185,0.02478054019,7938,-1.0109,0.04050172946,12974
2022-08-05,-0.7382,0.02461373447,7481,-1.1581,0.04250565909,12919
2022-08-06,-1.044,0.01073371333,2062,-1.1754,0.02817209339,5412
2022-08-07,-1.0537,0.01166952568,1966,-2.5239,0.03943065061,6643
2022-08-08,-0.519,0.0223945394,6319,-1.3344,0.03781094175,10669
2022-08-09,-0.4173,0.0220164339,6878,-0.7037,0.03860718367,12061
2022-08-10,-0.5809,0.02422595281,7657,-0.7537,0.03884315301,12277
2022-08-11,-0.2494,0.0237188477,7374,-1.0962,0.03748568635,11654
2022-08-12,-0.6245,0.02086568224,6168,-0.7651,0.03517193552,10397
2022-08-13,-0.6516,0.009764860445,1821,-1.1372,0.02813094887,5246
2022-08-14,-0.6829,0.01313820368,2107,-0.8039,0.02549696955,4089
2022-08-15,-0.5789,0.01959880011,4972,-1.0891,0.03788891123,9612
2022-08-16,-0.5656,0.02196452844,6690,-0.5749,0.04007787722,12207
2022-08-17,-0.3152,0.02065971704,6225,-0.4072,0.03783466252,11400
2022-08-18,-0.3541,0.01816035156,5645,-0.7559,0.0347925956,10815
2022-08-19,-1.0146,0.01933985424,5554,-0.8722,0.03482148764,10000
2022-08-20,-1.7505,0.01065100914,1970,-1.2588,0.02551916911,4720
2022-08-21,-0.7251,0.007914477905,1246,-1.0328,0.02655097724,4180
2022-08-22,-0.9783,0.01942088749,5416,-0.8766,0.03549260421,9898
2022-08-23,-0.6483,0.01782174388,5529,-0.872,0.03530503902,10953
2022-08-24,-0.3897,0.01975869683,6174,-0.716,0.03801004896,11877
2022-08-25,-0.2869,0.01880298621,5944,-0.8464,0.03711565228,11733
2022-08-26,-0.6043,0.01996538841,5953,-1.155,0.03907554852,11651
2022-08-27,-0.9523,0.01071313749,1966,-0.9638,0.03066812705,5628
2022-08-28,-1.8181,0.009374773337,1551,-1.0306,0.02567636179,4248
2022-08-29,-0.8347,0.01691445353,4792,-0.8951,0.0324417242,9191
2022-08-30,-0.4229,0.01870278298,5793,-0.9974,0.03658229483,11331
2022-08-31,-0.5582,0.01920337808,6094,-0.8767,0.0382176845,12128
2022-09-01,-0.4096,0.0192315491,6165,-0.8698,0.03768323003,12080
2022-09-02,-0.6617,0.01773906994,5202,-0.7875,0.03990438225,11702
2022-09-03,-0.5303,0.008687876714,1574,-1.4863,0.02997703839,5431
2022-09-04,-1.1235,0.01053597868,1779,-1.133,0.030796565,5200
2022-09-05,-0.9837,0.01269394576,3365,-1.0563,0.03370591542,8935
2022-09-06,-0.3259,0.01653868295,5085,-0.4904,0.04436335015,13640
2022-09-07,-0.3282,0.0168980871,5446,-0.4299,0.04136711296,13332
2022-09-08,0.0739,0.01586546906,5239,-0.657,0.03585856445,11841
2022-09-09,-1.0695,0.02464323883,7448,-0.2336,0.03303080736,9983
2022-09-10,-0.5336,0.009742562366,1882,-0.5265,0.02354883964,4549
2022-09-11,-1.1845,0.006598488217,1113,-1.0824,0.02691566622,4540
2022-09-12,-0.4718,0.0174570764,4916,-0.4763,0.03283322384,9246
2022-09-13,-0.6316,0.02051416024,6596,-0.3954,0.03507249622,11277
2022-09-14,-1.0008,0.0225628617,7236,-0.9261,0.03892374277,12483
2022-09-15,-0.4098,0.02166324883,6951,-0.6608,0.0423572457,13591
2022-09-16,-0.9521,0.01830362684,5456,-0.756,0.03673808973,10951
2022-09-17,-1.1544,0.009839953845,1842,-0.8465,0.02970148935,5560
2022-09-18,-0.7996,0.009178267833,1490,-0.8593,0.02548971295,4138
2022-09-19,-0.8116,0.01724434521,4912,-0.7163,0.03076037311,8762
2022-09-20,-0.4961,0.01949180009,6014,-0.654,0.03781033253,11666
2022-09-21,-0.4983,0.01847128785,5678,-1.0088,0.04431417455,13622
2022-09-22,-0.5429,0.01957260425,5979,-0.9549,0.04196374207,12819
2022-09-23,-1.0802,0.01826196685,5427,-1.2778,0.04175990578,12410
2022-09-24,-1.8278,0.01115512381,2129,-1.5822,0.03313003657,6323
2022-09-25,-1.5966,0.01004818257,1733,-1.2177,0.0331189953,5712
2022-09-26,-1.4678,0.02180996353,6292,-1.2041,0.0399109854,11514
2022-09-27,-0.6787,0.02183873493,6611,-0.9077,0.04162936585,12602
2022-09-28,-1.4853,0.02579808667,7939,-1.3544,0.04289065953,13199
2022-09-29,-1.4871,0.02469970506,7964,-1.0191,0.04201493023,13547
2022-09-30,-1.27,0.0234648645,7215,-1.1057,0.03929998927,12084
2022-10-01,-1.6298,0.01257891069,2419,-1.4018,0.03266668747,6282
2022-10-02,-1.6624,0.009598740203,1597,-1.8468,0.03394119344,5647
2022-10-03,-1.1939,0.02308080094,6364,-1.3325,0.04025721094,11100
2022-10-04,-0.6092,0.02494867295,7364,-0.9228,0.03779568107,11156
2022-10-05,-0.7314,0.02029838019,6094,-1.0037,0.03979068753,11946
2022-10-06,-0.3922,0.02179796675,6411,-0.8225,0.03940362449,11589
2022-10-07,-0.83,0.02088219825,5876,-0.9117,0.03923408248,11040
2022-10-08,-1.6749,0.01178287324,2167,-0.8523,0.02827998325,5201
2022-10-09,-0.7731,0.008602227087,1450,-1.2247,0.02648892686,4465
2022-10-10,-0.4864,0.01901806952,5253,-0.7635,0.03737722249,10324
2022-10-11,-0.4161,0.02133777483,6649,-1.006,0.0420272972,13096
2022-10-12,-1.1448,0.0255123577,8099,-0.9934,0.04306765705,13672
2022-10-13,-0.6112,0.02381484196,7570,-0.9812,0.04516955098,14358
2022-10-14,-1.0681,0.02393938773,7005,-1.0139,0.0397964554,11645
2022-10-15,-1.2555,0.0136793509,2566,-1.1629,0.03303088783,6196
2022-10-16,-2.1183,0.01123782966,1886,-1.2549,0.0392072742,6580
2022-10-17,-0.8579,0.02198108905,6458,-0.9821,0.03994921681,11737
2022-10-18,-0.8242,0.0226732978,6998,-0.7023,0.04073612079,12573
2022-10-19,-0.6973,0.02436680112,7859,-0.982,0.04468435397,14412
2022-10-20,-1.0158,0.0272625455,8763,-1.4285,0.04640201599,14915
2022-10-21,-0.9859,0.0241624971,7292,-1.0421,0.04158189469,12549
2022-10-22,-1.3977,0.01120892705,2013,-1.1782,0.03754684307,6743
2022-10-23,-1.777,0.01286461464,2012,-0.934,0.03934193532,6153
2022-10-24,-0.8382,0.02448272049,6864,-0.9145,0.04573032626,12821
2022-10-25,-0.3196,0.02312005751,7236,-0.7048,0.04705487659,14727
2022-10-26,-0.2493,0.02193820368,6890,-0.6095,0.04325233074,13584
2022-10-27,-0.457,0.02693314345,8397,-0.6466,0.04798057555,14959
2022-10-28,-0.7164,0.02727061149,8085,-0.785,0.04027010891,11939
2022-10-29,-0.828,0.01122576575,1993,-0.7838,0.0246876725,4383
2022-10-30,-1.3242,0.01224615764,1984,-0.9998,0.0291154867,4717
2022-10-31,-0.4543,0.02178089378,6145,-0.5994,0.03919851982,11059
2022-11-01,-0.5127,0.02630258282,7652,-0.6188,0.03998322574,11632
2022-11-02,-0.3347,0.02538581344,7677,-0.5946,0.04394321673,13289
2022-11-03,-0.6252,0.02743590163,8384,-0.8923,0.04513310536,13792
2022-11-04,-0.62,0.02162006141,6217,-0.8458,0.04442945225,12776
2022-11-05,-0.7226,0.01286556197,2087,-1.0504,0.03377595305,5479
2022-11-06,-0.2381,0.009816855967,1637,-0.9573,0.03163942094,5276
2022-11-07,-0.2895,0.02092347731,5885,-0.7159,0.0366347511,10304
2022-11-08,-0.2282,0.02078238812,6374,-0.5874,0.03747937738,11495
2022-11-09,-0.4908,0.02216217041,7258,-0.8414,0.0477564543,15640
2022-11-10,-0.1784,0.02258932374,6524,-0.7051,0.04037616556,11661
2022-11-11,-0.5092,0.02031784349,707,-0.8117,0.03928499583,1367
2022-11-12,-0.9334,0.0114787201,2217,-0.8277,0.03747022885,7237
2022-11-13,-0.7988,0.01025634816,1694,-1.0435,0.03499509584,5780
2022-11-14,-0.2909,0.01981733052,5752,-0.7306,0.03655456829,10610
2022-11-15,-0.3105,0.0216289927,6852,-0.5911,0.04203006973,13315
2022-11-16,-0.822,0.02172448636,6966,-0.5844,0.04046131008,12974
2022-11-17,-0.5634,0.02160501513,6941,-0.6466,0.0439944221,14134
2022-11-18,-0.5994,0.01850063499,5594,-0.6799,0.03882355276,11739
2022-11-19,-0.5359,0.01159582949,2211,-0.4485,0.02945372157,5616
2022-11-20,-1.2054,0.01156680269,1970,-0.8907,0.02882893462,4910
2022-11-21,-0.1537,0.01775841378,5046,-0.4007,0.03323983713,9445
2022-11-22,-0.5078,0.01932348112,5884,-0.2691,0.036863711,11225
2022-11-23,-0.4836,0.01788166035,5431,-0.2673,0.0349731166,10622
2022-11-24,-0.1343,0.01452293528,3975,-0.6887,0.03487331251,9545
2022-11-25,-0.6181,0.01627055833,4250,-0.4635,0.03218125019,8406
2022-11-26,-1.1469,0.01471721015,2522,-0.6847,0.02428164609,4161
2022-11-27,-0.4439,0.008873715603,1336,-1.1653,0.0241370378,3634
2022-11-28,-0.5746,0.0170029715,4755,-0.4395,0.03111311356,8701
2022-11-29,-0.5301,0.01961972406,6055,-0.6957,0.03658892223,11292
2022-11-30,-0.4275,0.02126040897,6679,-0.6633,0.04183961904,13144
2022-12-01,-0.2556,0.02111548682,6595,-0.4398,0.03975282554,12416
2022-12-02,-0.3457,0.01669568186,4891,-0.8002,0.03586618877,10507
2022-12-03,-0.7877,0.01256633191,2181,-1.0364,0.03156275388,5478
2022-12-04,-0.6,0.01001643919,1572,-1.2751,0.02455047087,3853
2022-12-05,-0.3834,0.01803303154,5075,-0.6317,0.03613357591,10169
2022-12-06,-0.2555,0.01836326823,5614,-0.2956,0.03464619471,10592
2022-12-07,-0.6609,0.02071399899,6502,-0.7104,0.03967899992,12455
2022-12-08,-0.4517,0.02064973302,6207,-0.469,0.0369047025,11093
2022-12-09,-0.3787,0.0184837495,5326,-0.4398,0.03415294383,9841
2022-12-10,-0.9934,0.012456997,2245,-1.1273,0.02811008767,5066
2022-12-11,-1.1293,0.009141640592,1417,-0.9927,0.03005709493,4659
2022-12-12,-0.3759,0.01796711985,4977,-0.5614,0.03521223367,9754
2022-12-13,-0.8199,0.02230246389,6825,-0.1814,0.03318737337,10156
2022-12-14,-0.408,0.02063246644,6392,-0.2213,0.03420883594,10598
2022-12-15,-0.2537,0.02157453443,6739,-0.3598,0.03875348557,12105
2022-12-16,-0.5179,0.0177765765,5130,-0.6651,0.03312403407,9559
2022-12-17,-0.7724,0.01127116062,2072,-0.924,0.02844988903,5230
2022-12-18,-0.3333,0.009029568135,1464,-1.063,0.02660762086,4314
2022-12-19,-0.367,0.01790542928,4814,-0.6065,0.03433795661,9232
2022-12-20,-0.4649,0.0207268694,6092,-0.5017,0.03461169442,10173
2022-12-21,-0.5301,0.02213381433,6565,-0.4211,0.03454088771,10245
2022-12-22,-0.3249,0.02076167844,5976,-0.6231,0.03571105969,10279
2022-12-23,-0.4925,0.01889623338,4937,-0.6677,0.03197853553,8355
2022-12-24,-0.7528,0.01050613999,1765,-1.0048,0.02715524682,4562
2022-12-25,-1.0437,0.007972622031,1053,-1.3996,0.02302444786,3041
2022-12-26,0.0502,0.01005606989,1928,-1.3187,0.02871300039,5505
2022-12-27,-0.8256,0.01488180508,3584,-1.0536,0.02904111182,6994
2022-12-28,-1.1028,0.01849484025,4701,-1.0474,0.02906613056,7388
2022-12-29,-1.0888,0.0179839593,4581,-0.9112,0.03144935558,8011
2022-12-30,-1.0078,0.01944194869,4674,-1.1752,0.03198728828,7690
2022-12-31,-0.7152,0.0136803667,2319,-1.209,0.03390300449,5747
2023-01-01,-0.0697,0.008553815087,2406,-0.7508,0.03517516478,9894
2023-01-02,-0.35,0.01212497266,2384,-0.8258,0.02810003102,5525
2023-01-03,-0.5731,0.01793561081,4649,-0.6782,0.03020775062,7830
2023-01-04,-0.4778,0.02007714335,5658,-0.7193,0.03603098509,10154
2023-01-05,-0.3059,0.02185907951,6303,-0.7527,0.03688958096,10637
2023-01-06,-0.5919,0.02056430147,5408,-0.8049,0.03382386493,8895
2023-01-07,-0.6198,0.01226932613,2212,-0.891,0.02597525057,4683
2023-01-08,-0.5496,0.007667967898,1265,-1.2058,0.02879276483,4750
2023-01-09,-0.184,0.01832075157,5162,-0.4636,0.03060438605,8623
2023-01-10,-0.1177,0.02037888986,6237,-0.6004,0.03542861997,10843
2023-01-11,-0.188,0.01929215953,6134,-0.4718,0.03545178061,11272
2023-01-12,-0.1866,0.02075642655,6483,-0.4083,0.03543608346,11068
2023-01-13,-0.2565,0.01773426407,5358,-0.4283,0.03342634058,10099
2023-01-14,-0.5046,0.009357872693,1774,-0.8893,0.02574733744,4881
2023-01-15,-1.2963,0.009248947359,1553,-0.6628,0.02426285354,4074
2023-01-16,-0.0391,0.0131613274,3481,-0.4317,0.03303375969,8737
2023-01-17,-0.4061,0.01856037799,5641,-0.6008,0.04227001879,12847
2023-01-18,-0.2199,0.01947121407,5829,-0.6986,0.04276050975,12801
2023-01-19,-0.6782,0.02115415558,6705,-0.7939,0.04454519354,14119
2023-01-20,-0.3978,0.02053380533,6137,-0.7232,0.0407530958,12180
2023-01-21,-1.3876,0.01599337062,3088,-0.9044,0.03025688834,5842
2023-01-22,-0.8817,0.01144786927,2000,-0.8879,0.03521364586,6152
2023-01-23,-0.208,0.01811598167,4968,-0.7469,0.03618820492,9924
2023-01-24,-0.2793,0.02039767509,6152,-0.6665,0.03569924702,10767
2023-01-25,-0.4203,0.02329612425,7056,-0.5011,0.03738077079,11322
2023-01-26,-0.4997,0.02109713022,6373,-0.5307,0.04120114275,12446
2023-01-27,-0.4038,0.01828323194,5202,-0.7167,0.0373185999,10618
2023-01-28,-1.248,0.01203385348,2275,-0.7123,0.0264321608,4997
2023-01-29,-0.9908,0.009843813037,1708,-1.1688,0.026280906,4560
2023-01-30,-0.8285,0.01724440267,4917,-0.8626,0.03627391841,10343
2023-01-31,-0.3374,0.02011540286,6404,-0.7997,0.04271853199,13600
2023-02-01,-0.2396,0.02127347687,6966,-0.4983,0.04103832646,13438
2023-02-02,-0.5567,0.02370252996,7569,-0.6173,0.04030901911,12872
2023-02-03,-0.98,0.02366245875,7091,-0.6065,0.03870218538,11598
2023-02-04,-1.5131,0.01614327221,3017,-0.9332,0.02866407333,5357
2023-02-05,-1.4033,0.01242261806,2095,-1.7457,0.03466473755,5846
2023-02-06,-0.5708,0.01777009126,5158,-0.5566,0.03175396106,9217
2023-02-07,-0.3612,0.02033009389,6303,-0.4765,0.03716056033,11521
2023-02-08,-0.3343,0.02352093669,7477,-0.6592,0.04103030322,13043
2023-02-09,-0.4918,0.02482506826,7901,-0.6365,0.03582526621,11402
2023-02-10,-0.4641,0.01934410662,5826,-0.4828,0.03155951484,9505
2023-02-11,-0.6669,0.01136766174,2118,-0.776,0.02364774203,4406
2023-02-12,-0.8703,0.01000857367,1681,-1.0125,0.03177617948,5337
2023-02-13,0.0239,0.0167513527,4777,-0.4914,0.0286144103,8160
2023-02-14,-0.2742,0.02138289178,6724,-0.3411,0.03700664956,11637
2023-02-15,-0.1017,0.01857795373,5800,-0.4586,0.03548068854,11077
2023-02-16,-0.2413,0.020853288,6575,-0.6271,0.03584228254,11301
2023-02-17,-0.5576,0.01983570095,5993,-0.6592,0.03246594204,9809
2023-02-18,-0.5319,0.01167250914,2191,-0.9811,0.02837415959,5326
2023-02-19,-0.2054,0.008809480229,1492,-1.1963,0.03028996888,5130
2023-02-20,-0.4801,0.01401945375,3782,-0.6553,0.03137140061,8463
2023-02-21,-0.1806,0.01751142814,5229,-0.582,0.03746085966,11186
2023-02-22,-0.3011,0.01934266948,6040,-0.6155,0.0368503473,11507
2023-02-23,-0.0067,0.0193113729,5985,-0.4365,0.03503796129,10859
2023-02-24,-0.7626,0.01953929814,5785,-0.878,0.03713311041,10994
2023-02-25,-0.7379,0.01116427432,2107,-1.2636,0.03549571603,6699
2023-02-26,-0.8102,0.0113832129,1903,-0.9972,0.03115877877,5209
2023-02-27,-0.3474,0.01795351593,4970,-0.4205,0.03373599301,9339
2023-02-28,-0.1265,0.01872077836,5934,-0.3976,0.03707244127,11751
2023-03-01,-0.0419,0.01795310362,5773,-0.2724,0.03635091429,11689
2023-03-02,0.0541,0.01910702602,6016,-0.2195,0.03329437397,10483
2023-03-03,0.0619,0.01795375386,5366,-0.1702,0.03178878409,9501
2023-03-04,-0.2516,0.01064996168,2001,-0.6999,0.02862875756,5379
2023-03-05,-1.026,0.01021928395,1756,-0.3113,0.02920876205,5019
2023-03-06,0.2625,0.01671669328,4784,-0.3612,0.03612748575,10339
2023-03-07,-0.0403,0.01633821265,5189,-0.4792,0.0346789505,11014
2023-03-08,-0.3027,0.01906547477,5654,-0.4196,0.03628644746,10761
2023-03-09,-0.3804,0.01938957563,6086,-0.7642,0.03344271696,10497
2023-03-10,-0.8631,0.01961975613,6071,-0.4261,0.03559090336,11013
2023-03-11,-1.0025,0.01406150728,2678,-0.6792,0.02989776791,5694
2023-03-12,-1.1424,0.01347379286,2402,-0.8346,0.03103684258,5533
2023-03-13,-1.1718,0.02409950163,7268,-0.5803,0.03822496626,11528
2023-03-14,-1.0793,0.02314568479,6960,-0.6013,0.03810391614,11458
2023-03-15,-1.0453,0.02274278914,7262,-0.7174,0.04141743134,13225
2023-03-16,-0.8406,0.02267141059,7296,-0.6147,0.03417491416,10998
2023-03-17,-0.502,0.0188487213,5667,-0.7344,0.03320062397,9982
2023-03-18,-0.6397,0.01244208717,2374,-0.8339,0.02454351062,4683
2023-03-19,-0.6104,0.01476666935,2565,-0.8683,0.02828407272,4913
2023-03-20,-0.5025,0.02175558207,6382,-0.7788,0.0384046361,11266
2023-03-21,-0.2056,0.01862892525,5265,-0.3746,0.03560902256,10064
2023-03-22,0.0107,0.01692752637,1194,-0.3561,0.03708744471,2616
2023-03-24,-0.3694,0.02279999651,2615,-0.941,0.03736060614,4285
2023-03-25,-0.1314,0.01719420619,5216,-0.6761,0.02863613289,8687
2023-03-26,0.1154,0.01455959848,4009,-0.7665,0.03385133884,9321
2023-03-27,-0.2762,0.0241752531,4838,-0.6158,0.03663265408,7331
2023-03-28,-0.0049,0.02402741033,3878,-0.4162,0.03664830637,5915
2023-03-29,0.1691,0.02532001232,4686,-0.4058,0.03662918556,6779
2023-03-30,0.1539,0.02186285887,4333,-0.5898,0.03690902669,7315
2023-03-31,0.0104,0.02608206858,5336,-0.422,0.0347386172,7107
2023-04-01,0.2979,0.01764373841,2188,-0.6925,0.02873961777,3564
2023-04-02,0.3391,0.01595225584,2125,-0.4262,0.02940469935,3917
2023-04-03,0.2467,0.02489437236,3983,-0.2688,0.0358321458,5733
2023-04-04,0.1736,0.0234380296,4149,-0.2198,0.03743644786,6627
2023-04-05,0.1941,0.02467949268,4314,-0.5108,0.03629841935,6345
2023-04-06,0.1666,0.02430248706,3465,-0.5113,0.03589614106,5118
2023-04-07,0.2393,0.01898096125,2956,-0.5423,0.03085369377,4805
2023-04-08,0.2265,0.01379606352,1800,-0.7912,0.02211968852,2886
2023-04-09,0.2899,0.01107616573,1134,-0.632,0.02450626087,2509
2023-04-10,0.1477,0.02290986311,4132,-0.6145,0.03425944921,6179
2023-04-11,0.167,0.02297513782,4030,-0.6752,0.0369483544,6481
2023-04-12,0.1042,0.02292371082,4156,-0.3173,0.03601273049,6529
2023-04-13,0.2543,0.0218781344,4537,-0.319,0.03532713525,7326
2023-04-14,0.2699,0.02300968489,3559,-0.3121,0.03403286913,5264
2023-04-15,0.5042,0.01661213769,2163,-0.8745,0.02691120225,3504
2023-04-16,0.3219,0.01330280781,1319,-0.5566,0.03061965467,3036
2023-04-17,0.142,0.0244330788,4438,-0.5568,0.03738734523,6791
2023-04-18,0.1995,0.02348447963,3714,-0.5728,0.0377117492,5964
2023-04-19,-0.0811,0.02590592027,4115,-0.3349,0.03741406663,5943
2023-04-20,0.0837,0.02169323431,3771,-0.5103,0.03386583675,5887
2023-04-21,0.0434,0.02157271171,3252,-0.4979,0.0315232245,4752
2023-04-22,0.2465,0.01211278378,1742,-0.2729,0.02308521364,3320
2023-04-23,-0.0924,0.01253469887,1454,-0.4256,0.02305212159,2674
2023-04-24,0.1195,0.0210755132,4043,-0.0775,0.02943690899,5647
2023-04-25,0.2457,0.02154141657,4486,-0.4165,0.03431452581,7146
2023-04-26,0.0861,0.02343075895,5784,-0.4567,0.03436835389,8484
2023-04-27,0.4729,0.0254809524,5551,-0.4022,0.03850832457,8389
2023-04-28,0.2372,0.02426905545,4435,-0.2733,0.03458408804,6320
2023-04-29,0.4506,0.01628071648,3104,-0.5188,0.02579528468,4918
2023-04-30,0.3243,0.01766399905,2386,-0.2968,0.02734736484,3694
2023-05-01,0.0721,0.02709283639,3338,-0.5049,0.03824489067,4712
2023-05-02,0.2698,0.02689138946,5996,-0.464,0.03958810787,8827
2023-05-03,-0.055,0.02655588519,5702,-0.582,0.03776133236,8108
2023-05-04,0.1077,0.0272339405,4315,-0.4418,0.03533785234,5599
2023-05-05,0.1776,0.02413947251,5454,-0.7377,0.03578873757,8086
2023-05-06,0.2787,0.01811051453,2152,-0.6248,0.02108124485,2505
2023-05-07,0.6092,0.01534785604,2139,-0.5344,0.02283163997,3182
2023-05-08,0.0502,0.02040995479,3255,-0.4804,0.03433637863,5476
2023-05-09,-0.0893,0.02239500911,3920,-0.6633,0.03598055291,6298
2023-05-10,0.0024,0.02396100464,4896,-0.5696,0.03530528747,7214
2023-05-11,-0.2342,0.0261339807,6007,-0.8411,0.03490476563,8023
2023-05-12,-0.203,0.0245602881,5640,-0.8399,0.03265560292,7499
2023-05-13,-0.0608,0.01758666372,3186,-0.6617,0.027500552,4982
2023-05-14,0.4633,0.01373236952,2141,-0.7187,0.03165949368,4936
2023-05-15,0.1457,0.02372557943,4327,-0.4953,0.03646293118,6650
2023-05-16,0.0384,0.02356856209,4299,-0.5623,0.03567355979,6507
2023-05-17,0.1014,0.02084717773,5239,-0.5097,0.03629056326,9120
2023-05-18,0.4297,0.02008191749,4800,-0.3765,0.03744440865,8950
2023-05-19,-0.0619,0.01970304976,3928,-0.6682,0.04011336276,7997
2023-05-20,0.0049,0.01666323802,2025,-0.7584,0.03263526023,3966
2023-05-21,-0.1081,0.01669663973,2711,-0.8435,0.02949472803,4789
2023-05-22,-0.2098,0.02334819287,3991,-0.5294,0.03253302444,5561
2023-05-23,-0.0826,0.02209584237,4165,-0.3689,0.03450452792,6504
2023-05-24,-0.055,0.0228821909,4552,-0.4315,0.03626867472,7215
2023-05-25,-0.1551,0.02047676613,3862,-0.5554,0.03541282263,6679
2023-05-26,0.0777,0.02111367117,4646,-0.6409,0.03333378778,7335
2023-05-27,0.3509,0.01522747379,1704,-0.624,0.02700553158,3022
2023-05-28,0.0405,0.01253720264,1824,-0.9309,0.03343941383,4865
2023-05-29,0.1107,0.01637805189,3018,-0.5252,0.03429731211,6320
2023-05-30,-0.0078,0.02147792327,4896,-0.27,0.03146673686,7173
2023-05-31,-0.2471,0.02281981102,4719,-0.1641,0.03586661122,7417
2023-06-01,0.0092,0.02334934701,4627,-0.509,0.0379685513,7524
2023-06-02,0.1967,0.01996957128,3452,-0.3255,0.03531698513,6105
2023-06-03,-0.7169,0.01497834378,2317,-0.7035,0.02952356326,4567
2023-06-04,-0.3845,0.01333740582,1441,-0.9518,0.02590659188,2799
2023-06-05,0.2164,0.02001244243,3828,-0.4212,0.03286787501,6287
2023-06-06,-0.0026,0.02064971721,3819,-0.2467,0.03483794919,6443
2023-06-07,0.2013,0.02151116047,3719,-0.231,0.03611029169,6243
2023-06-08,0.4111,0.02066435444,4540,-0.2373,0.03510664445,7713
2023-06-09,0.1316,0.01932250346,3836,-0.5155,0.03502329681,6953
2023-06-10,0.0352,0.01398182363,1820,-0.9093,0.02605843173,3392
2023-06-11,0.2417,0.01033751884,1351,-0.638,0.02368217677,3095
2023-06-12,0.0875,0.01731214695,3408,-0.336,0.03314097614,6524
2023-06-13,0.519,0.02197248068,5011,-0.2322,0.03083426146,7032
2023-06-14,0.389,0.02127466751,3756,-0.2782,0.03046763486,5379
2023-06-15,0.446,0.02285781219,5464,-0.3546,0.03465485289,8284
2023-06-16,0.3288,0.02157534605,4118,-0.1739,0.03298649314,6296
2023-06-17,0.6288,0.01658625339,3063,-0.3843,0.02617086603,4833
2023-06-18,0.7512,0.01487251624,2104,-0.7844,0.03042362638,4304
2023-06-19,0.4242,0.0192025412,4147,-0.3911,0.03317265617,7164
2023-06-20,0.4656,0.02042371037,5067,-0.1301,0.03482954042,8641
2023-06-21,0.2556,0.01770188768,3390,-0.0662,0.03347171092,6410
2023-06-22,0.3112,0.0208429147,4532,-0.3442,0.03406979525,7408
2023-06-23,0.0344,0.02095735486,3443,-0.3309,0.03373385438,5542
2023-06-24,0.5657,0.01409301924,2122,-0.1905,0.02419456602,3643
2023-06-25,0.1604,0.01063967821,1230,-0.2231,0.02670299728,3087
2023-06-26,-0.025,0.01724997454,3218,-0.1737,0.02806203129,5235
2023-06-27,0.3906,0.01961396288,4022,-0.0679,0.03384895981,6941
2023-06-28,0.3179,0.02066187161,3226,-0.2252,0.03420161017,5340
2023-06-29,0.5237,0.02159143949,3747,0.0055,0.03242461436,5627
2023-06-30,0.4948,0.02225623087,3054,-0.351,0.0340110771,4667
2023-07-01,1.0116,0.01757949692,1852,-0.0595,0.02485999051,2619
2023-07-02,1.0341,0.01323559177,1504,-0.2318,0.02330308977,2648
2023-07-03,0.6819,0.01983227933,3020,-0.1893,0.02949230678,4491
2023-07-04,0.5189,0.01672964032,2847,-0.3214,0.0302743614,5152
2023-07-05,0.4421,0.02039051277,4173,-0.2822,0.03250852659,6653
2023-07-06,0.1225,0.01883149093,3189,-0.1927,0.03076577853,5210
2023-07-07,0.1005,0.01872564371,3181,-0.2564,0.0340664257,5787
2023-07-08,0.8035,0.0134806247,1634,-0.1744,0.02387572085,2894
2023-07-09,0.1371,0.01077749924,1135,-0.6436,0.02721437253,2866
2023-07-10,0.4445,0.01955084125,2374,-0.4347,0.0308580464,3747
2023-07-11,0.7125,0.02152155752,3890,-0.1405,0.03186739622,5760
2023-07-12,0.5584,0.02046159551,4525,-0.2085,0.03503115589,7747
2023-07-13,0.4319,0.02023154374,4077,-0.2499,0.03260270846,6570
2023-07-14,0.5133,0.02116641026,5297,-0.1573,0.03514415296,8795
2023-07-15,0.8831,0.01798393745,2705,0.1595,0.02649389676,3985
2023-07-16,0.856,0.01144581568,1483,-0.2504,0.02632614786,3411
2023-07-17,0.5336,0.01963986674,3319,-0.3569,0.03446888333,5825
2023-07-18,0.2832,0.02044052208,4396,-0.3693,0.0335390095,7213
2023-07-19,0.3358,0.0222194564,3749,-0.5256,0.03743347202,6316
2023-07-20,0.6112,0.02131039725,4990,-0.1858,0.03204673767,7504
2023-07-21,0.6611,0.0217574259,3335,-0.1261,0.02867282964,4395
2023-07-22,0.5709,0.01235891979,1475,-0.4479,0.02057864881,2456
2023-07-23,0.9482,0.01300413362,1746,-0.4491,0.02867463598,3850
2023-07-24,0.2138,0.0195014253,3489,-0.2617,0.0293778995,5256
2023-07-25,0.6163,0.02059335964,3345,0.0264,0.03262308303,5299
2023-07-26,0.1429,0.01969980219,3625,-0.1738,0.03390539747,6239
2023-07-27,0.4634,0.02166530342,4185,-0.2657,0.03417785739,6602
2023-07-28,0.3867,0.02308479417,4106,-0.2185,0.03067477764,5456
2023-07-29,0.845,0.0192603199,2206,-0.2247,0.02324160089,2662
2023-07-30,0.7598,0.01473581867,1940,-0.8224,0.0250281044,3295
2023-07-31,0.6921,0.01861026907,3174,-0.5009,0.03313378403,5651
2023-08-01,0.6073,0.02177498149,3499,-0.4551,0.03307009192,5314
2023-08-02,0.2101,0.02567444365,4196,-0.3823,0.03605191182,5892
2023-08-03,0.2339,0.02441666764,4192,-0.4211,0.03046258868,5230
2023-08-04,0.5095,0.02506342657,4732,-0.3829,0.03257927659,6151
2023-08-05,0.585,0.01893358849,2236,-0.418,0.02491172511,2942
2023-08-06,0.6446,0.009262072243,1189,-1.0117,0.02329150211,2990
2023-08-07,0.3305,0.01782991893,2725,-0.2998,0.02746788979,4198
2023-08-08,0.2246,0.0230629502,3682,-0.4427,0.03168806765,5059
2023-08-09,0.3127,0.02323126186,4665,-0.6561,0.0321154143,6449
2023-08-10,0.3642,0.02515521948,4165,-0.872,0.0378808011,6272
2023-08-11,0.512,0.02253267237,2700,-0.8879,0.0335403001,4019
2023-08-12,0.1322,0.01451209586,1979,-1.1982,0.02766757841,3773
2023-08-13,0.3713,0.01645854128,2292,-1.1973,0.02453701377,3417
2023-08-14,0.1355,0.02228847561,4022,-0.7532,0.03354354621,6053
2023-08-15,0.3158,0.02176300676,4498,-0.4751,0.03659746179,7564
2023-08-16,0.1965,0.0214487132,3362,-0.6403,0.0364666403,5716
2023-08-17,0.2655,0.0225625637,3985,-0.1862,0.03203487714,5658
2023-08-18,0.0535,0.02070443749,3574,-0.6933,0.0333391264,5755
2023-08-19,0.5262,0.01272266609,1637,-0.3727,0.02443497995,3144
2023-08-20,0.6076,0.01195349752,1276,-0.6894,0.02265169045,2418
2023-08-21,0.1331,0.01966426859,2706,-0.4941,0.03285371703,4521
2023-08-22,0.2426,0.0203795546,3838,-0.3103,0.03470046621,6535
2023-08-23,-0.022,0.02049910388,3763,-0.2148,0.03642771928,6687
2023-08-24,0.1541,0.01884466274,3806,-0.4254,0.03355498671,6777
2023-08-25,-0.0578,0.01960382457,4687,-0.2336,0.02973407059,7109
2023-08-26,0.6137,0.01387656074,1876,-0.5023,0.02636250666,3564
2023-08-27,0.511,0.01370237423,1504,-0.5154,0.02514531441,2760
2023-08-28,0.0059,0.01774844729,3152,-0.3303,0.02947751319,5235
2023-08-29,0.0771,0.01937996445,3772,-0.2184,0.03225541272,6278
2023-08-30,0.1792,0.0177793117,3606,-0.4336,0.03171284883,6432
2023-08-31,0.0835,0.01882400942,4060,-0.4743,0.03250155321,7010
2023-09-01,-0.0445,0.02048698573,3660,-0.4862,0.03280716485,5861
2023-09-02,-0.3295,0.01358703687,1838,-0.4326,0.02320441172,3139
2023-09-03,0.3417,0.009719190167,1300,-0.5893,0.02684739376,3591
2023-09-04,0.7344,0.01410148938,2456,-0.2407,0.03159055154,5502
2023-09-05,0.29,0.01724660294,2277,-0.355,0.03367518519,4446
2023-09-06,0.0374,0.01765819885,3739,-0.2984,0.03534945665,7485
2023-09-07,0.1316,0.01842267584,3823,-0.1049,0.03513464022,7291
2023-09-08,-0.0849,0.01800968962,3156,-0.2803,0.03341151228,5855
2023-09-09,0.7132,0.01167098529,1635,-0.0194,0.03130108287,4385
2023-09-10,0.6,0.01187018563,1222,-0.3666,0.03580483161,3686
2023-09-11,0.5215,0.02061006884,4581,-0.0672,0.03467404508,7707
2023-09-12,0.4523,0.01990620909,4699,-0.1723,0.0345255595,8150
2023-09-13,0.2428,0.01752553748,2836,-0.2007,0.03428479616,5548
2023-09-14,0.2809,0.01952709809,3509,-0.2434,0.03317213785,5961
2023-09-15,0.0635,0.01894217997,3451,-0.3228,0.03532653442,6436
2023-09-16,0.3264,0.01186060166,1717,-0.7244,0.02861879598,4143
2023-09-17,0.104,0.01125003821,1840,-0.701,0.02990431353,4891
2023-09-18,0.2227,0.01840517811,3344,-0.4545,0.03551142618,6452
2023-09-19,0.1104,0.01610612498,2699,-0.4867,0.03315510574,5556
2023-09-20,0.4781,0.01811605615,3451,-0.1742,0.03579640304,6819
2023-09-21,0.1546,0.01905485577,3260,-0.2329,0.03486571003,5965
2023-09-22,0.0466,0.02140736292,3814,-0.2352,0.0322176883,5740
2023-09-23,0.3477,0.01308546015,1633,-0.5132,0.02718057614,3392
2023-09-24,0.3968,0.01069638507,1528,-0.5993,0.0240528659,3436
2023-09-25,0.3132,0.01906288561,3306,-0.0886,0.02981098567,5170
2023-09-26,0.1208,0.01801866042,3285,-0.0444,0.03453987966,6297
2023-09-27,0.1517,0.01830487418,2829,-0.007,0.03212573359,4965
2023-09-28,0.0544,0.01834614461,3666,-0.4709,0.03379974377,6754
2023-09-29,0.1835,0.01950581124,3130,-0.3624,0.03271118312,5249
2023-09-30,0.6163,0.01578901535,2357,-0.6241,0.0261587208,3905
2023-10-01,0.1262,0.01356094683,1839,-0.4821,0.0315094757,4273
2023-10-02,0.286,0.01764949628,2726,-0.1901,0.03035894647,4689
2023-10-03,0.1327,0.01833909227,3142,-0.228,0.03078305939,5274
2023-10-04,0.1414,0.01921809972,3588,-0.2762,0.03319782109,6198
2023-10-05,0.3183,0.01968804159,4260,-0.0976,0.02964760254,6415
2023-10-06,-0.2094,0.01867889972,3233,-0.2345,0.02915942062,5047
2023-10-07,0.1983,0.01079318371,983,-1.41,0.02525363433,2300
2023-10-08,0.5208,0.01186084723,1090,-0.3623,0.02494042373,2292
2023-10-09,-0.4276,0.01891234539,2185,-0.2079,0.03116858387,3601
2023-10-10,0.1709,0.01933527107,2448,-0.5558,0.03209117907,4063
2023-10-11,0.2925,0.01745058986,2278,-0.1434,0.03187528727,4161
2023-10-12,-0.109,0.02147558223,3635,-0.4342,0.03386465952,5732
2023-10-13,0.0032,0.01729924771,2541,-0.3347,0.02951288423,4335
2023-10-14,0.0485,0.01267433734,1215,-0.0458,0.02397170963,2298
2023-10-15,-0.443,0.009462759463,744,-0.0622,0.02388583639,1878
2023-10-16,-0.0665,0.01847682867,2454,-0.4022,0.0312088243,4145
2023-10-17,0.2233,0.01822471814,3414,0.0732,0.02977664845,5578
2023-10-18,0.1272,0.01849268709,3142,-0.0408,0.03332450487,5662
2023-10-19,0.0581,0.01986293216,3504,0.0773,0.0312115595,5506
2023-10-20,-0.0622,0.01803238469,2058,-0.122,0.02807374176,3204
2023-10-21,0.2852,0.01159502974,1382,-0.1176,0.02308937905,2752
2023-10-22,-0.2834,0.009014203843,766,-0.697,0.02339456559,1988
2023-10-23,0.1961,0.01718770719,2722,-0.1495,0.03206435603,5078
2023-10-24,0.2285,0.01712870451,3043,-0.1805,0.03219723622,5720
2023-10-25,0.2554,0.02067324008,4447,-0.1801,0.03338772436,7182
2023-10-26,0.2199,0.01984650473,3385,-0.0675,0.03319086064,5661
2023-10-27,0.2419,0.01904957466,3247,-0.256,0.03281900851,5594
2023-10-28,0.72,0.01331747269,1948,0.2336,0.02145972627,3139
2023-10-29,-0.167,0.01332850744,1473,-0.027,0.02191557707,2422
2023-10-30,0.079,0.01844941797,2398,-0.0787,0.03299814583,4289
2023-10-31,0.3236,0.020103589,3404,-0.3208,0.03375796555,5716
2023-11-01,0.2717,0.02266806509,3350,-0.1178,0.03475995534,5137
2023-11-02,0.3632,0.02138954129,3570,0.0352,0.0347624982,5802
2023-11-03,0.1203,0.01818181818,2771,-0.1961,0.03262360159,4972
2023-11-04,-0.3183,0.01448056061,1463,0.0251,0.02505146884,2531
2023-11-05,0.181,0.01222944317,1560,-0.1505,0.02355735687,3005
2023-11-06,0.1957,0.01869068992,2915,-0.2371,0.0315273147,4917
2023-11-07,0.3057,0.01925822352,3278,-0.1695,0.03113745719,5300
2023-11-08,0.4384,0.01860508539,2790,-0.1703,0.03479617762,5218
2023-11-09,0.2647,0.01842014751,3856,0.0227,0.03546451638,7424
2023-11-10,0.1775,0.01640429418,3296,-0.2539,0.03264434634,6559
2023-11-11,0.0958,0.01165671369,1341,-0.4487,0.02228770612,2564
2023-11-12,0.508,0.01152477504,1072,-0.4184,0.0222647473,2071
2023-11-13,0.4144,0.01656261944,2210,-0.3902,0.02879347688,3842
2023-11-14,0.3843,0.01774998658,3307,-0.2723,0.03380387526,6298
2023-11-15,0.2332,0.02077126014,2921,-0.2059,0.03751057763,5275
2023-11-16,0.4707,0.01981611999,2567,-0.0735,0.03425170409,4437
2023-11-17,0.5699,0.01999347238,3798,-0.02,0.03304871501,6278
2023-11-18,0.5972,0.01129383006,1423,-0.2136,0.02750043651,3465
2023-11-19,-0.0141,0.009736880035,1216,-0.679,0.02350143331,2935
2023-11-20,0.424,0.01698494787,2276,-0.3591,0.03394750785,4549
2023-11-21,0.344,0.01769911504,3518,-0.0968,0.03323992413,6607
2023-11-22,0.3495,0.01510297743,2659,-0.2832,0.03197809813,5630
2023-11-23,0.2771,0.01257511103,2166,-0.1523,0.02923742344,5036
2023-11-24,0.4375,0.01479687474,2676,0.0836,0.02773584593,5016
2023-11-25,0.3514,0.00872844023,1169,-0.317,0.02236989472,2996
2023-11-26,-0.6229,0.01040876071,1152,-0.7049,0.02243485489,2483
2023-11-27,0.128,0.01695513523,2786,-0.0858,0.02829304511,4649
2023-11-28,0.2793,0.01817449664,4062,0.1298,0.02861744966,6396
2023-11-29,0.2558,0.01835739347,3380,-0.0726,0.03118041299,5741
2023-11-30,0.2994,0.01755252636,3411,-0.2009,0.03032969521,5894
2023-12-01,0.1313,0.01747369676,2639,-0.1398,0.03040515934,4592
2023-12-02,0.1085,0.01089674588,1316,0.0574,0.02273743479,2746
2023-12-03,0.3038,0.009415618409,1259,-0.0956,0.01944448599,2600
2023-12-04,0.1237,0.01728461059,2716,-0.121,0.02808431021,4413
2023-12-05,0.0846,0.01732144653,2928,0.1309,0.03199853288,5409
2023-12-06,0.1801,0.01675671317,3117,-0.2635,0.03096524474,5760
2023-12-07,0.1077,0.01927846789,3793,-0.4072,0.03227478805,6350
2023-12-08,-0.132,0.01819304116,3920,-0.3241,0.03045013854,6561
2023-12-09,0.1505,0.01161158934,1357,-0.6117,0.02596991426,3035
2023-12-10,0.3107,0.01096525097,1136,-0.7931,0.02975868726,3083
2023-12-11,0.2276,0.01732910906,2166,-0.3352,0.0311139913,3889
2023-12-12,0.2787,0.01900267823,4172,-0.1164,0.03135533004,6884
2023-12-13,0.2626,0.0192201359,4206,-0.4163,0.03359182573,7351
2023-12-14,0.3742,0.02121242273,3411,-0.2889,0.03366873546,5414
2023-12-15,0.2118,0.01977757432,3089,-0.164,0.02934943369,4584
2023-12-16,0.5914,0.01418486237,1730,0.0738,0.02153147318,2626
2023-12-17,0.2417,0.01279835337,1940,-0.3514,0.02033882651,3083
2023-12-18,-0.0185,0.01775189845,2506,-0.238,0.02900799048,4095
2023-12-19,0.0919,0.01976029718,4229,-0.3192,0.0298203397,6382
2023-12-20,0.353,0.02119575861,3788,-0.4364,0.03017094256,5392
2023-12-21,0.2569,0.02005104606,3111,-0.4134,0.02922257886,4534
2023-12-22,0.4704,0.01762469198,3240,-0.3136,0.02646423656,4865
2023-12-23,0.9564,0.01237035712,1937,-0.7554,0.02001481633,3134
2023-12-24,0.2333,0.01030889743,1116,-0.6719,0.01902896837,2060
2023-12-25,0.4134,0.01070869398,725,-0.3994,0.01753271691,1187
2023-12-26,0.8911,0.01720336931,2700,-0.3878,0.02211588699,3471
2023-12-27,0.3892,0.01808188716,3155,-0.2032,0.02460397515,4293
2023-12-28,0.2197,0.01638752344,2587,-0.5046,0.02371028227,3743
2023-12-29,0.0991,0.01846349206,2908,-0.2862,0.02501587302,3940
2023-12-30,0.5247,0.0146253267,1634,-0.4698,0.0182592818,2040
2023-12-31,0.4102,0.01198685611,1554,-0.6727,0.02691257463,3489
2024-01-01,-0.4807,0.0172665097,3080,-0.6398,0.02643794147,4716
2024-01-02,-0.3774,0.02320161127,2638,-0.9442,0.02699232183,3069
2024-01-03,-0.1941,0.02039257673,2857,-0.7648,0.02573162027,3605
2024-01-04,0.2019,0.02026448649,3480,-0.7751,0.03028609029,5201
2024-01-05,0.2015,0.0188955306,3022,-0.6112,0.02464797539,3942
2024-01-06,0.5099,0.01214249511,1677,-1.1334,0.02001303309,2764
2024-01-07,0.3423,0.009558305665,1140,-1.1413,0.02060904853,2458
2024-01-08,0.1544,0.01682859006,2451,-0.4245,0.02346115555,3417
2024-01-09,0.0622,0.01695211563,3006,-0.3763,0.02539433689,4503
2024-01-10,0.1575,0.0170009689,2825,-0.5127,0.02856162776,4746
2024-01-11,0.2259,0.01889002558,3693,-0.2453,0.0274629156,5369
2024-01-12,0.0224,0.01747684246,3015,-0.6028,0.02769630291,4778
2024-01-13,0.6407,0.0126132987,1855,-0.4156,0.02265634031,3332
2024-01-14,-0.2208,0.0137744248,1541,-0.853,0.02181025082,2440
2024-01-15,-0.4824,0.01670903945,2320,-0.5022,0.0289383278,4018
2024-01-16,0.2813,0.01823603624,2544,-0.5625,0.03323919027,4637
2024-01-17,0.1187,0.01834378199,3441,-0.7402,0.03593056977,6740
2024-01-18,0.237,0.01939199533,2394,-0.5468,0.03074044373,3795
2024-01-19,0.0794,0.01734766581,2240,-0.4907,0.03042811561,3929
2024-01-20,0.3083,0.0115252909,1353,-0.7508,0.02129580728,2500
2024-01-21,0.3124,0.01124146957,962,-0.4294,0.01965504347,1682
2024-01-22,0.3767,0.01911756806,2491,-0.5481,0.02740619652,3571
2024-01-23,0.5033,0.02323309087,2782,-0.3802,0.02812690512,3368
2024-01-24,0.6551,0.02207303046,2936,-0.3555,0.03007976664,4001
2024-01-25,0.4171,0.02070674641,3902,-0.1106,0.03289623808,6199
2024-01-26,0.0296,0.01777664975,3502,-0.0733,0.02589847716,5102
2024-01-27,0.8871,0.01640000739,2662,-0.4559,0.0202813014,3292
2024-01-28,1.1697,0.01996011704,2142,-0.6422,0.01966192668,2110
2024-01-29,0.3673,0.02235561279,3229,-0.755,0.03102369183,4481
2024-01-30,0.3016,0.02142901381,4152,-0.3982,0.03016680774,5845
2024-01-31,0.3531,0.02112506745,3954,-0.4269,0.03321027296,6216
2024-02-01,0.3011,0.02109628033,3602,-0.3315,0.03340732454,5704
2024-02-02,0.4813,0.02016897696,3428,-0.3512,0.02900025888,4929
2024-02-03,0.5501,0.01458789205,1940,-0.1173,0.02037793168,2710
2024-02-04,0.6087,0.01425958201,1980,-0.5337,0.02166304176,3008
2024-02-05,0.0647,0.01911470914,2746,-0.742,0.02817087687,4047
2024-02-06,0.3495,0.01931139496,3754,-0.5636,0.029239736,5684
2024-02-07,0.0504,0.02043297858,3260,-0.5777,0.03113835508,4968
2024-02-08,0.3607,0.02020295404,3715,-0.3815,0.03125883709,5748
2024-02-09,0.3968,0.02001437387,4038,-0.3989,0.02797948006,5645
2024-02-10,0.4563,0.01442577746,1695,-0.7664,0.02617916901,3076
2024-02-11,0.4706,0.01589210326,1837,-0.7068,0.02120388954,2451
2024-02-12,0.4666,0.01919984465,3164,-0.3196,0.0243153532,4007
2024-02-13,0.2827,0.02122177726,2957,-0.1367,0.02742252652,3821
2024-02-14,0.1836,0.02146681055,4058,-0.2623,0.02782538776,5260
2024-02-15,0.3287,0.02164680457,4888,-0.5582,0.03126563835,7060
2024-02-16,0.2709,0.0190240581,4191,-0.3725,0.02832955061,6241
2024-02-17,0.208,0.01341671171,1961,-0.4758,0.02231785497,3262
2024-02-18,0.6564,0.01223791053,1587,-0.3304,0.02155321987,2795
2024-02-19,0.5578,0.01524094223,2590,-0.0358,0.02896367477,4922
2024-02-20,0.3778,0.02042436933,4321,-0.1991,0.02966520294,6276
2024-02-21,0.3295,0.01851888787,3714,-0.3204,0.03024651961,6066
2024-02-22,0.5069,0.01972760957,3908,-0.0256,0.02973780654,5891
2024-02-23,0.5795,0.02183649558,2311,-0.2756,0.02737357321,2897
2024-02-24,0.762,0.01785283175,2884,-0.8348,0.02386361526,3855
2024-02-25,0.9092,0.01387570291,2090,-1.1537,0.02490323523,3751
2024-02-26,0.4633,0.01982556964,2746,-0.3062,0.027449678,3802
2024-02-27,0.434,0.0222652533,3346,-0.3224,0.03096240992,4653
2024-02-28,0.1748,0.02154849257,4455,-0.1695,0.03082087423,6372
2024-02-29,0.4589,0.02224971564,4460,-0.4434,0.03254644503,6524
2024-03-01,0.408,0.01985446099,3727,-0.3762,0.03359862771,6307
2024-03-02,0.5016,0.01610211163,2325,-0.2539,0.02473838397,3572
2024-03-03,0.7314,0.01418153891,1865,-0.6843,0.02404398178,3162
2024-03-04,0.3765,0.02081586053,3847,-0.1082,0.02963027093,5476
2024-03-05,0.1649,0.02218950413,4235,-0.2203,0.03214465356,6135
2024-03-06,0.1802,0.02048403633,3956,-0.6021,0.03583152967,6920
2024-03-07,0.3262,0.02057163663,3842,-0.2906,0.03314914169,6191
2024-03-08,0.4165,0.02099335314,3370,-0.4954,0.03749525002,6019
2024-03-09,0.7173,0.01559644349,2654,-0.6996,0.02352395,4003
2024-03-10,0.6302,0.01150877111,1959,0.061,0.023317158,3969
2024-03-11,0.4974,0.01993146515,3961,-0.2731,0.03059915162,6081
2024-03-12,0.1475,0.01925641342,3278,-0.2421,0.0325620194,5543
2024-03-13,0.2698,0.01911330625,3270,-0.3298,0.03099628839,5303
2024-03-14,0.1817,0.01947478218,3174,0.0582,0.03108356854,5066
2024-03-15,0.2666,0.02044931055,3276,-0.3052,0.02636687661,4224
2024-03-16,0.7452,0.01531267326,2099,-0.6802,0.02244740144,3077
2024-03-17,0.7644,0.01336677614,2153,-1.2356,0.02343686946,3775
2024-03-18,0.7225,0.02398344082,4206,-0.3113,0.02968563788,5206
2024-03-19,0.4801,0.01989837433,3497,-0.2579,0.03007801164,5286
2024-03-20,0.5115,0.02130499634,4485,-0.2902,0.03346570774,7045
2024-03-21,0.4077,0.02286318219,4240,-0.126,0.03252611202,6032
2024-03-22,0.4709,0.02209974767,3661,-0.2243,0.02754470053,4563
2024-03-23,0.9592,0.01652710293,2398,-0.2362,0.0175471243,2546
2024-03-24,1.0917,0.01648449518,2036,-0.5046,0.02209537689,2729
2024-03-25,0.3641,0.02004461871,3558,0.0009,0.02694587164,4783
2024-03-26,0.4083,0.02583494062,4581,-0.1889,0.03004207131,5327
2024-03-27,0.5722,0.02099642926,3728,-0.1175,0.02988386632,5306
2024-03-28,0.603,0.0195775132,3759,-0.2191,0.02962407425,5688
2024-03-29,0.655,0.01586533149,3015,-0.3312,0.02709998579,5150
2024-03-30,1.0229,0.01625138134,2603,-0.7793,0.02112742007,3384
2024-03-31,1.1632,0.01811942103,2038,-0.5235,0.02518759558,2833
2024-04-01,0.8331,0.02208184289,3957,-0.5462,0.03164115471,5670
2024-04-02,0.521,0.02243956235,3866,-0.3199,0.02769248629,4771
2024-04-03,0.4307,0.02182730834,4418,-0.4182,0.02808697328,5685
2024-04-04,0.3858,0.02110365606,4567,-0.512,0.0271385531,5873
2024-04-05,0.1832,0.02068205088,3939,-0.5383,0.02887296212,5499
2024-04-06,0.4883,0.01338405987,2350,-0.5653,0.01986536205,3488
2024-04-07,0.8428,0.01453535517,2151,-0.7517,0.02137393232,3163
2024-04-08,0.6273,0.01964588319,4162,-0.0543,0.02692930409,5705
2024-04-09,0.5893,0.01958629861,3476,-0.0377,0.02744110305,4870
2024-04-10,0.3008,0.01979748686,3359,-0.2922,0.02858523705,4850
2024-04-11,-0.0412,0.01929673898,4112,-0.4264,0.02825996161,6022
2024-04-12,0.3166,0.01910348254,3576,-0.4545,0.02775240263,5195
2024-04-13,0.3451,0.01487198795,2370,-0.8792,0.01940888554,3093
2024-04-14,0.585,0.01467844643,1904,-0.5811,0.01924233313,2496
2024-04-15,0.1252,0.01929964304,3271,-0.7729,0.02442104021,4139
2024-04-16,0.2986,0.02219232354,4470,-0.7004,0.02990254244,6023
2024-04-17,0.1929,0.01907414187,3178,-0.6116,0.02906135776,4842
2024-04-18,0.5803,0.02099381953,4246,-0.3489,0.02808899876,5681
2024-04-19,0.1585,0.02068005322,3342,-0.6321,0.02704124254,4370
2024-04-20,0.6074,0.01421452287,2222,-0.43,0.01958814987,3062
2024-04-21,0.7367,0.01453911275,1659,-0.6994,0.02178675968,2486
2024-04-22,0.4877,0.02037236087,3658,-0.2652,0.02771821761,4977
2024-04-23,0.6011,0.02366003376,4051,-0.2473,0.02816309128,4822
2024-04-24,0.5387,0.0213560707,4025,-0.0722,0.03052458999,5753
2024-04-25,0.4672,0.02314513354,4372,-0.16,0.03039784007,5742
2024-04-26,0.5639,0.02175476865,3750,-0.1413,0.02710934237,4673
2024-04-27,1.128,0.01613965959,2474,-0.3134,0.02049097445,3141
2024-04-28,1.0657,0.01757278809,1865,-0.5428,0.02607179874,2767
2024-04-29,0.6564,0.02182970412,3610,-0.0335,0.02764692721,4572
2024-04-30,0.7306,0.02140329537,3871,-0.0756,0.03043790777,5505
2024-05-01,0.5211,0.02436098119,2599,-0.0668,0.03071601976,3277
2024-05-02,0.8549,0.02505282974,4019,-0.4124,0.02851247655,4574
2024-05-03,0.351,0.02009724732,2513,-0.1592,0.02568736904,3212
2024-05-04,0.7019,0.01834591115,2730,-0.1676,0.01735805439,2583
2024-05-05,0.9751,0.01250586063,1307,-0.589,0.02302150013,2406
2024-05-06,0.5048,0.01772314614,2206,-0.2089,0.02844862216,3541
2024-05-07,0.885,0.02481838893,4619,-0.0056,0.02881598177,5363
2024-05-08,0.6473,0.01890864452,2865,-0.1641,0.02498053037,3785
2024-05-09,0.3887,0.02321126556,3829,-0.0074,0.02743039348,4525
2024-05-10,0.4681,0.02163510144,2889,-0.3567,0.02806047943,3747
2024-05-11,0.7039,0.01701144675,2305,-0.1737,0.0202956523,2750
2024-05-12,0.5365,0.01369491525,1616,-0.2509,0.01999152542,2359
2024-05-13,0.3158,0.01853827503,2676,-0.4123,0.02985798407,4310
2024-05-14,0.3816,0.0202319127,3849,-0.157,0.030592292,5820
2024-05-15,0.4365,0.0189660094,3455,-0.185,0.02832550173,5160
2024-05-16,0.4776,0.02033603931,3700,-0.2403,0.0319660553,5816
2024-05-17,0.134,0.01700723907,2784,0.0238,0.02890131036,4731
2024-05-18,0.4644,0.01241201847,1804,-0.2219,0.02005600545,2915
2024-05-19,0.387,0.01079796906,1259,-0.4743,0.02011218224,2345
2024-05-20,0.4596,0.0173056443,2795,-0.6518,0.02923075018,4721
2024-05-21,0.646,0.01900684037,2912,0.0109,0.02824917759,4328
2024-05-22,0.2873,0.01715743348,3242,-0.397,0.02976354284,5624
2024-05-23,0.3738,0.01790715785,3932,-0.2917,0.03011699768,6613
2024-05-24,0.0209,0.0162586732,2130,-0.1193,0.02772370942,3632
2024-05-25,0.749,0.01306091834,1602,-0.4537,0.02136055309,2620
2024-05-26,0.7714,0.01851620656,2373,-0.4753,0.01987390565,2547
2024-05-27,0.7176,0.01478569801,2855,-0.0696,0.02621548278,5062
2024-05-28,0.8333,0.0191180284,3760,-0.015,0.0266991402,5251
2024-05-29,0.7535,0.01984438533,3387,0.1109,0.02669353988,4556
2024-05-30,0.3809,0.0210692602,4428,-0.0989,0.03061418702,6434
2024-05-31,0.3657,0.01881584705,3913,-0.1651,0.02841851676,5910
2024-06-01,0.7954,0.0183658602,2874,-0.2671,0.02243012154,3510
2024-06-02,0.7062,0.0168136993,2329,-0.4557,0.02347709323,3252
2024-06-03,0.6377,0.02126136255,4009,-0.0981,0.02877629165,5426
2024-06-04,0.4166,0.0216329588,3610,-0.2283,0.0291835206,4870
2024-06-05,0.694,0.01978048306,3963,-0.4081,0.03018732312,6048
2024-06-06,0.7416,0.02023039776,4227,-0.0943,0.02682549786,5605
2024-06-07,0.6567,0.02146832645,4972,-0.3338,0.0290547805,6729
2024-06-08,0.8847,0.0189235529,2991,-0.5173,0.02055587541,3249
2024-06-09,0.9185,0.01262073769,1794,-0.7095,0.02341238296,3328
2024-06-10,0.2845,0.01755013899,2942,-0.5193,0.02679050789,4491
2024-06-11,0.7248,0.0196226083,4013,-0.2712,0.02885447584,5901
2024-06-12,0.5752,0.02089133421,2844,-0.3704,0.03319547795,4519
2024-06-13,0.6243,0.02203001704,4358,-0.2519,0.03262039925,6453
2024-06-14,-0.2238,0.02096626613,3460,-0.0764,0.02783180934,4593
2024-06-15,0.4547,0.01981677645,3156,-0.3271,0.02622771711,4177
2024-06-16,0.5612,0.01788787397,2162,-0.9406,0.02362986497,2856
2024-06-17,0.2561,0.01664403882,1986,-0.722,0.02982685506,3559
2024-06-18,0.4007,0.02138023595,4556,-0.4436,0.03239415469,6903
2024-06-19,0.5785,0.02123781942,4906,-0.2544,0.03238053185,7480
2024-06-20,0.366,0.0189532675,3612,-0.3043,0.03002508212,5722
2024-06-21,0.2547,0.02007664779,3007,-0.4507,0.0277414272,4155
2024-06-22,0.9815,0.01792929867,2365,-0.5089,0.02169710478,2862
2024-06-23,0.7338,0.01293103448,1458,-0.818,0.01979565773,2232
2024-06-24,0.1537,0.020869544,3422,-0.3114,0.0289502412,4747
2024-06-25,0.5572,0.0204374015,3281,-0.6391,0.02837316789,4555
2024-06-26,0.5571,0.01970656141,3969,-0.5434,0.02956728979,5955
2024-06-27,0.6409,0.02222743197,5025,-0.5644,0.03210481616,7258
2024-06-28,0.4955,0.02358566046,4864,-1.5061,0.03726961067,7686
2024-06-29,0.7277,0.0202086877,3184,-0.6167,0.0230965498,3639
2024-06-30,0.5905,0.0240569737,3405,-0.8098,0.0238308876,3373
2024-07-01,0.5229,0.02365445443,3799,-0.1273,0.02579636871,4143
2024-07-02,0.4836,0.02126629879,3823,-0.1788,0.02897067331,5208
2024-07-03,0.478,0.02209102921,3929,-0.3123,0.03099153805,5512
2024-07-04,0.7927,0.01989879862,3846,-0.1186,0.02606090709,5037
2024-07-05,0.494,0.01863829787,3723,-0.3753,0.03188986233,6370
2024-07-06,0.9785,0.01517669003,2384,-0.6134,0.02586530688,4063
2024-07-07,0.8643,0.01342732973,1758,-0.68,0.02412794916,3159
2024-07-08,0.3348,0.01816116513,2686,-0.0079,0.02885772627,4268
2024-07-09,0.4389,0.01723776864,2634,-0.1181,0.02845475249,4348
2024-07-10,0.2618,0.01918187586,4142,0.0182,0.02744369781,5926
2024-07-11,0.6141,0.02074672638,4262,0.0207,0.0274789466,5645
2024-07-12,0.6657,0.0207096862,4107,0.0096,0.02546983808,5051
2024-07-13,1.1277,0.02142905581,2844,-0.45,0.0209694312,2783
2024-07-14,1.2352,0.01616230841,2264,-0.0557,0.01354949707,1898
2024-07-15,0.4675,0.01841804906,3534,-0.1865,0.02862771463,5493
2024-07-16,0.9091,0.02002869849,3657,-0.1707,0.02921878765,5335
2024-07-17,0.8162,0.02080642535,3834,-0.0067,0.02851250882,5254
2024-07-18,0.6474,0.02294691296,4179,-0.1983,0.02837751763,5168
2024-07-19,0.1262,0.02501370651,4608,-0.2612,0.02652277995,4886
2024-07-20,0.7701,0.01984888608,3268,-0.8789,0.02125191322,3499
2024-07-21,0.6825,0.01371597665,2058,-0.0761,0.03038442057,4559
2024-07-22,-0.114,0.01735479044,1554,0.121,0.03518979708,3151
2024-07-23,0.4093,0.01869006561,3555,0.1793,0.03274835969,6229
2024-07-24,0.3244,0.01881437638,3255,-0.1771,0.02865218547,4957
2024-07-25,0.2268,0.02414232137,3489,0.0896,0.02919359526,4219
2024-07-26,0.639,0.02230741367,3695,-0.1882,0.0289845448,4801
2024-07-27,1.0409,0.01972808558,2416,-0.6651,0.02056097661,2518
2024-07-28,1.1008,0.01814584035,1724,-0.27,0.02452425059,2330
2024-07-29,0.6046,0.02004952325,3255,-0.5717,0.02861753764,4646
2024-07-30,0.5632,0.02095584193,4002,-0.1711,0.02886271881,5512
2024-07-31,0.3391,0.02037569417,4047,-0.2766,0.02753513007,5469
2024-08-01,0.3209,0.02224094356,4224,-0.474,0.02791701769,5302
2024-08-02,-0.2192,0.02170000112,3882,-1.0923,0.02890538531,5171
2024-08-03,0.3463,0.01565460166,2198,-0.9847,0.01848211615,2595
2024-08-04,0.512,0.01357470161,1499,-1.2645,0.02020357524,2231
2024-08-05,-1.4508,0.023924894,1896,-1.4795,0.02882091662,2284
2024-08-06,-0.6265,0.02597298435,3886,-1.0215,0.02937500418,4395
2024-08-07,0.0448,0.02512286128,4289,-0.3385,0.0276064456,4713
2024-08-08,0.2358,0.02352457132,3888,-0.2168,0.02543654779,4204
2024-08-09,0.542,0.02250368471,3756,-0.4691,0.02536757217,4234
2024-08-10,0.4581,0.01690071779,1999,-0.1647,0.01937791155,2292
2024-08-11,0.5232,0.01727619475,1540,-0.4293,0.02178595468,1942
2024-08-12,-0.0195,0.01882662318,2563,-0.5657,0.02530539089,3445
2024-08-13,0.2152,0.0201338298,3731,-0.5549,0.02931304301,5432
2024-08-14,0.3924,0.02355202114,4706,-0.4412,0.03405684315,6805
2024-08-15,0.5181,0.02227221221,3990,-0.3893,0.03292268361,5898
2024-08-16,0.4402,0.02291750941,2946,-0.5307,0.03222142702,4142
2024-08-17,1.283,0.02082686405,2884,-0.443,0.02167900343,3002
2024-08-18,0.7187,0.01642803426,2250,-0.5521,0.02302115201,3153
2024-08-19,0.3922,0.0168673947,2703,-0.5489,0.02987831513,4788
2024-08-20,0.3814,0.01852898086,1935,-0.3406,0.03032624412,3167
2024-08-21,0.3408,0.01809520387,3525,-0.1354,0.03128801918,6095
2024-08-22,0.4411,0.019724933,3901,-0.1448,0.02950902564,5836
2024-08-23,0.3219,0.02202749315,3474,-0.4885,0.03387820838,5343
2024-08-24,0.7879,0.01288216998,2017,-0.4437,0.02114668557,3311
2024-08-25,0.6109,0.01300233672,1686,-1.2299,0.02325150961,3015
2024-08-26,0.4281,0.01554503391,2597,-0.5843,0.02486487134,4154
2024-08-27,0.3554,0.01808058372,3598,-0.5639,0.02821133881,5614
2024-08-28,0.5685,0.02103144654,3762,0.0879,0.02691823899,4815
2024-08-29,0.8741,0.02054236998,3836,0.234,0.02531381201,4727
2024-08-30,0.6404,0.02137710257,3833,-0.3018,0.03107013787,5571
2024-08-31,1.2886,0.01944887351,2159,-0.6007,0.0213496203,2370
2024-09-01,1.2685,0.02321166253,2702,-0.6741,0.02510158324,2922
2024-09-02,0.8167,0.01742431477,3649,-0.6437,0.02741858466,5742
2024-09-03,0.351,0.01879550031,3883,-0.2629,0.02756641109,5695
2024-09-04,-0.0605,0.02048294842,4086,-0.4425,0.03100013535,6184
2024-09-05,0.6352,0.01975658645,3568,-0.2272,0.03091950077,5584
2024-09-06,0.0509,0.02090574014,3976,-0.4366,0.02839310784,5400
2024-09-07,0.7,0.02000526244,2509,-0.4275,0.02014878366,2527
2024-09-08,0.8559,0.01494695133,1954,-0.8357,0.02407270001,3147
2024-09-09,0.2612,0.01955098337,3189,-0.4632,0.02865515719,4674
2024-09-10,0.4931,0.01927840332,4592,-0.4881,0.02827946968,6736
2024-09-11,0.0644,0.01879734928,3367,-1.5615,0.04232334567,7581
2024-09-12,0.632,0.02031085259,3429,-0.7466,0.03050478007,5150
2024-09-13,0.4432,0.02224591225,4570,-0.5657,0.02942107082,6044
2024-09-14,0.9813,0.02255658859,3433,-0.5572,0.02178783797,3316
2024-09-15,0.9268,0.01802620677,2241,-0.4311,0.02204811815,2741
2024-09-16,0.3258,0.01794751711,2376,-0.1016,0.02592419138,3432
2024-09-17,0.6908,0.01964588446,3210,-0.1217,0.02672085095,4366
2024-09-18,0.1833,0.01980121944,4381,-0.518,0.03362727063,7440
2024-09-19,0.0576,0.01560507363,2949,-0.3644,0.02979198527,5630
2024-09-20,-0.0049,0.01506169312,3374,-0.0139,0.02929753763,6563
2024-09-21,1.1041,0.01563880366,2319,-0.4014,0.02291533196,3398
2024-09-22,0.7169,0.01361899675,1989,-0.7674,0.02782684907,4064
2024-09-23,0.5421,0.01681093324,3288,-0.3641,0.03157162797,6175
2024-09-24,0.4052,0.02182139253,4498,-0.3541,0.03296010246,6794
2024-09-25,0.7993,0.01910118211,3668,-0.4181,0.03303650471,6344
2024-09-26,0.5244,0.016793037,2815,-0.2652,0.02918946006,4893
2024-09-27,0.6047,0.01802787333,2851,-0.0895,0.02958695872,4679
2024-09-28,1.294,0.01718738169,2497,-0.6317,0.02179913409,3167
2024-09-29,0.9851,0.01454770462,2210,-0.6812,0.02519188488,3827
2024-09-30,0.528,0.02160962842,3740,-0.2177,0.03106239636,5376
2024-10-01,0.1968,0.01967190642,3444,-0.2957,0.03570530982,6251
2024-10-02,0.3298,0.02024325411,3625,-0.8995,0.03137843996,5619
2024-10-03,0.6109,0.02191026766,3646,-0.4814,0.02810595772,4677
2024-10-04,0.6635,0.02059104688,4028,-0.4608,0.03340166344,6534
2024-10-05,1.0822,0.01752403286,2481,-0.3177,0.01927572981,2729
2024-10-06,1.0756,0.01245186387,1274,-0.6082,0.02101374201,2150
2024-10-07,0.3542,0.01603699109,2844,-0.1562,0.02671704071,4738
2024-10-08,0.6668,0.01929867596,3383,-0.4816,0.02833476899,4967
2024-10-09,0.6299,0.01773752098,2346,0.0757,0.02618287944,3463
2024-10-10,0.6717,0.0169604657,3100,-0.0157,0.02799023953,5116
2024-10-11,0.6927,0.02205687422,3744,-0.3337,0.03105282692,5271
2024-10-12,1.0566,0.01604882459,2343,-0.7486,0.02143268124,3129
2024-10-13,1.2298,0.01839566177,2551,-0.6265,0.02506598209,3476
2024-10-14,0.9673,0.01982328496,2948,0.2461,0.02937181436,4368
2024-10-15,0.8022,0.02077152864,4033,-0.0891,0.03159250103,6134
2024-10-16,0.8339,0.02163941778,4246,-0.3083,0.03207689485,6294
2024-10-17,0.9702,0.02146300482,4292,-0.107,0.02928409977,5856
2024-10-18,0.7138,0.01785145274,2465,-0.2848,0.03145911184,4344
2024-10-19,1.0418,0.0164244186,1695,-1.0195,0.02694767442,2781
2024-10-20,1.3384,0.01250999033,1487,-0.6652,0.02162957978,2571
2024-10-21,0.8451,0.01538231006,2669,-0.2911,0.02779650858,4823
2024-10-22,0.5651,0.01757440753,2927,-0.1266,0.02831599109,4716
2024-10-23,0.3636,0.01918979919,3639,-0.1241,0.03080176342,5841
2024-10-24,0.7609,0.02057348216,3515,-0.1774,0.03082217839,5266
2024-10-25,0.0941,0.01729300197,3038,-0.2357,0.03094297522,5436
2024-10-26,0.8655,0.01636369502,2029,-0.8161,0.0214123264,2655
2024-10-27,0.7931,0.0139823413,1837,-0.728,0.02310854011,3036
2024-10-28,0.7952,0.02039400666,3822,-0.1837,0.03119930846,5847
2024-10-29,0.5038,0.01841684659,3284,-0.1024,0.03149482657,5616
2024-10-30,0.6882,0.01907551109,2677,-0.3363,0.03605606504,5060
2024-10-31,0.5895,0.0198145355,3547,-0.3091,0.03067985029,5492
2024-11-01,0.1617,0.0206950504,3439,-0.4867,0.03266435986,5428
2024-11-02,0.9509,0.01195114859,1233,-0.8187,0.02467771639,2546
2024-11-03,0.9903,0.0125831862,1853,-0.5207,0.02637511884,3884
2024-11-04,0.6772,0.01723751101,3150,-0.1968,0.0296813523,5424
2024-11-05,0.3085,0.01616952795,3175,-0.1186,0.03479376849,6832
2024-11-06,0.3348,0.01896325869,3040,-0.0027,0.04856216081,7785
2024-11-07,0.176,0.02020732348,3310,-0.4677,0.04235601519,6938
2024-11-08,0.6429,0.02107726984,3647,-0.3891,0.03374559325,5839
2024-11-09,1.1055,0.01690719987,2097,-0.2886,0.02242199468,2781
2024-11-10,0.6103,0.01048077647,1393,-0.2218,0.02288766835,3042
2024-11-11,0.2588,0.01404082177,2526,-0.0366,0.02707555141,4871
2024-11-12,0.6427,0.01719705952,3626,-0.0596,0.02957552763,6236
2024-11-13,0.5237,0.0202957193,3481,0.1398,0.02985762095,5121
2024-11-14,0.7203,0.01729540043,3036,0.1085,0.02915038339,5117
2024-11-15,0.4885,0.01958783169,3186,-0.1359,0.03204387281,5212
2024-11-16,0.9803,0.01231270598,1005,-0.3346,0.02632836333,2149
2024-11-17,0.6759,0.01283920331,1277,-0.1535,0.02334583405,2322
2024-11-18,0.0453,0.01746844862,3052,-0.0559,0.03292791117,5753
2024-11-19,0.4674,0.0184386209,2889,0.0047,0.03237129983,5072
2024-11-20,0.3331,0.01729068298,3640,0.129,0.02854387748,6009
2024-11-21,-0.2256,0.01950772776,3962,0.0052,0.02842456142,5773
2024-11-22,0.3533,0.01640955759,3155,0.1041,0.02815890485,5414
2024-11-23,0.5418,0.01180681733,1735,-0.1244,0.02081674595,3059
2024-11-24,0.2546,0.008566288277,938,-0.228,0.02235636855,2448
2024-11-25,0.5135,0.01483331599,2138,0.0994,0.02876469976,4146
2024-11-26,0.5363,0.01676219835,3480,-0.3152,0.03121236935,6480
2024-11-27,0.1964,0.01695479191,3618,-0.6214,0.03164144692,6752
2024-11-28,0.5121,0.01559098748,3309,-0.1716,0.026842507,5697
2024-11-29,0.8392,0.01614679732,2844,-0.2852,0.02672964902,4708
2024-11-30,0.7028,0.01420815255,1824,-0.7129,0.02529269262,3247
2024-12-01,1.0189,0.01202301659,1565,-0.184,0.02196409228,2859
2024-12-02,0.6974,0.01741376747,2811,0.0122,0.02709634255,4374
2024-12-03,0.232,0.01877683436,3901,-0.0454,0.02875969888,5975
2024-12-04,0.1422,0.01854540418,3615,-0.1824,0.03160157392,6160
2024-12-05,0.3716,0.01751729798,3714,-0.0132,0.03011994208,6386
2024-12-06,0.2621,0.0163657424,2741,-0.0968,0.03001480738,5027
2024-12-07,-0.1237,0.01381395021,1764,0.0101,0.02068177013,2641
2024-12-08,-0.624,0.01051728575,1226,-0.5393,0.02137771296,2492
2024-12-09,0.1441,0.01451837748,2562,0.0103,0.02544966169,4491
2024-12-10,0.557,0.01520450766,2917,0.1084,0.02915283215,5593
2024-12-11,0.3137,0.01712495813,2914,0.1376,0.03148194945,5357
2024-12-12,0.6022,0.01922181936,3552,0.0625,0.02942799935,5438
2024-12-13,0.2646,0.01840944095,3538,0.0585,0.02771302502,5326
2024-12-14,-0.515,0.01728469783,2456,-0.3201,0.01955788896,2779
2024-12-15,0.5721,0.01336548575,1563,-0.3651,0.02183114851,2553
2024-12-16,0.3097,0.01499720201,2546,-0.4609,0.03134332754,5321
2024-12-17,0.3135,0.01522201946,3003,-0.2503,0.03090024331,6096
2024-12-18,0.4555,0.01618039561,3892,-0.1582,0.03253955716,7827
2024-12-19,0.0139,0.017333585,3306,-0.3086,0.03251226878,6201
2024-12-20,0.3099,0.01642580562,2804,-0.1394,0.02937196483,5014
2024-12-21,0.8472,0.01268107515,1363,-0.3778,0.02114753031,2273
2024-12-22,0.6949,0.01019522998,999,-0.4863,0.02038025452,1997
2024-12-23,0.1746,0.01614955121,2742,-0.2649,0.02693947747,4574
2024-12-24,0.3194,0.01414284958,1871,-0.179,0.0262296569,3470
2024-12-25,0.5059,0.009549378101,843,0.0935,0.01837377376,1622
2024-12-26,0.3693,0.0130689184,1865,0.0769,0.02379734417,3396
2024-12-27,0.0444,0.01315573822,2087,-0.4074,0.02604041907,4131
2024-12-28,0.5694,0.00994416329,1065,-0.0701,0.01761937665,1887
2024-12-29,0.7839,0.009608686252,800,-0.2573,0.0196737851,1638
2024-12-30,-0.5124,0.01453749439,1813,-0.0483,0.03188947335,3977
2024-12-31,-0.4449,0.01624100408,3191,-0.2339,0.02485265526,4883
2025-01-01,0.5948,0.01317122594,2912,0.1945,0.02008250109,4440
2025-01-02,0.1366,0.01583382889,2636,-0.0313,0.0234924525,3911
2025-01-03,-0.4393,0.01712919547,2959,-0.196,0.02334062728,4032
2025-01-04,0.618,0.01040155288,1061,-0.3182,0.01837182856,1874
2025-01-05,0.6209,0.008902370668,810,-0.4129,0.01922252629,1749
2025-01-06,0.0505,0.01591782571,2543,-0.4056,0.03107825586,4965
2025-01-07,0.3736,0.01719152097,2592,-0.2631,0.03313612607,4996
2025-01-08,0.1147,0.01764715826,3132,-0.236,0.03157556669,5604
2025-01-09,-0.0252,0.0156116492,2832,-0.6302,0.0303964102,5514
2025-01-10,0.2532,0.01690759072,2627,-0.8512,0.03212892762,4992
2025-01-11,-0.1516,0.01722283985,1890,-0.6725,0.02798483661,3071
2025-01-12,0.2628,0.008786900044,623,-0.8226,0.0272774714,1934
2025-01-13,0.1538,0.0168911988,2223,-0.5105,0.0311533581,4100
2025-01-14,0.472,0.01795206492,2283,-0.2599,0.02867769635,3647
2025-01-15,0.2487,0.0178444301,2682,-0.3143,0.03387248085,5091
2025-01-16,0.5236,0.01925633689,2665,-0.163,0.03208185208,4440
2025-01-17,0.5296,0.01970174549,3069,-0.368,0.03100665712,4830
2025-01-18,1.0406,0.01486587299,1913,-0.4374,0.0250303068,3221
2025-01-19,1.0964,0.01650556678,1822,-0.1651,0.02069990126,2285
2025-01-20,0.6076,0.01420448484,2663,0.0591,0.03127333632,5863
2025-01-21,0.3185,0.01731241358,3681,-0.102,0.03530678857,7507
2025-01-22,0.8056,0.01577186385,2965,-0.1032,0.03327251547,6255
2025-01-23,0.7135,0.01838846982,3603,-0.0897,0.03264808256,6397
2025-01-24,0.9794,0.01925441907,3648,-0.4566,0.03230182146,6120
2025-01-25,0.9324,0.01714958348,1894,-0.99,0.02507243752,2769
2025-01-26,-0.5364,0.01279065216,1307,-0.6528,0.02405464652,2458
2025-01-27,0.2182,0.01565340335,2170,-0.4075,0.02931586692,4064
2025-01-28,0.4147,0.02326754259,4429,-0.039,0.03185693797,6064
2025-01-29,0.6544,0.02216622889,3730,-0.2622,0.03128231337,5264
2025-01-30,0.8317,0.02129363606,3350,-0.1456,0.02886400041,4541
2025-01-31,0.6875,0.02090321964,3502,-0.5336,0.03512719806,5885
2025-02-01,0.6713,0.02057823314,1894,-0.3813,0.03141059768,2891
2025-02-02,0.7646,0.02192485753,2420,-1.1001,0.0333674588,3683
2025-02-03,0.025,0.0244759566,4555,-0.7337,0.03742054046,6964
2025-02-04,0.5356,0.02113618562,3427,-0.6996,0.03639469838,5901
2025-02-05,0.7568,0.01825761315,3403,-0.692,0.03608064897,6725
2025-02-06,0.753,0.01927147209,3897,-0.2329,0.02806405032,5675
2025-02-07,0.524,0.01632109304,2585,-0.5316,0.0305144459,4833
2025-02-08,1.1696,0.02015172175,2675,-0.3993,0.02348899754,3118
2025-02-09,0.158,0.006982384368,809,-0.3441,0.02024805158,2346
2025-02-10,-0.2072,0.0112246929,1579,-0.3955,0.02830698362,3982
2025-02-11,0.2828,0.01490413298,2723,-0.2535,0.0305526516,5582
2025-02-12,0.3339,0.01399824551,2601,-0.2618,0.0296487253,5509
2025-02-13,0.3987,0.01900463939,2253,-0.4672,0.0284943062,3378
2025-02-14,0.5281,0.01606797081,2589,-0.3189,0.02503599623,4034
2025-02-15,1.2311,0.01541069837,2127,-0.3474,0.02033748488,2807
2025-02-16,0.9716,0.01362081411,1736,-0.0471,0.02032922198,2591
2025-02-17,0.3061,0.01431646932,1995,-0.3091,0.02765697883,3854
2025-02-18,0.9149,0.01549876662,2375,-0.0184,0.02779989298,4260
2025-02-19,0.4564,0.01692259166,3380,-0.3411,0.02979978271,5952
2025-02-20,0.7489,0.02082632213,4270,-0.224,0.02926903023,6001
2025-02-21,0.5824,0.02052611059,3580,-0.4499,0.02956791964,5157
2025-02-22,0.7062,0.01914137525,2063,-0.3335,0.02452285738,2643
2025-02-23,0.8914,0.01684044451,1964,-0.48,0.0234428591,2734
2025-02-24,0.3758,0.01445959753,1953,-0.2888,0.02899323294,3916
2025-02-25,0.1399,0.01602488493,2921,-0.1013,0.032000395,5833
2025-02-26,0.8077,0.01658157676,3027,0.1545,0.03212783207,5865
2025-02-27,0.5529,0.01786209927,3089,-0.0998,0.03182102049,5503
2025-02-28,0.1826,0.01812296935,2934,-0.5349,0.03565913499,5773
2025-03-01,0.7178,0.0146171729,1924,-0.418,0.02500265905,3291
2025-03-02,0.1412,0.01883681347,2479,-0.4349,0.02392024559,3148
2025-03-03,0.2975,0.01928771323,3322,-0.0248,0.02917542413,5025
2025-03-04,0.0861,0.02416243782,3852,-0.7325,0.03897228094,6213
2025-03-05,-0.1737,0.02228378438,4038,-0.5693,0.04040108604,7321
2025-03-06,-0.0369,0.01914051276,3597,-0.3636,0.03380053851,6352
2025-03-07,-0.2369,0.01816232237,3015,-0.5214,0.0335415625,5568
2025-03-08,0.8294,0.01887622732,2059,-0.3015,0.02647622365,2888
2025-03-09,0.5435,0.01561755386,1868,-0.7467,0.02359354229,2822
2025-03-10,-0.5527,0.01710560787,2220,-0.5751,0.03555192554,4614
2025-03-11,-0.8422,0.02739861985,4693,-0.9862,0.03789568324,6491
2025-03-12,-0.3189,0.02560064494,5462,-0.7522,0.03929150614,8383
2025-03-13,0.2622,0.02186431748,3569,-0.6986,0.03491306958,5699
2025-03-14,0.1637,0.02257650928,3240,-0.5432,0.03046435141,4372
2025-03-15,0.4537,0.01932843023,2904,-1.4201,0.02586442144,3886
2025-03-16,0.723,0.0177382212,1995,-1.3838,0.02610497115,2936
2025-03-17,0.3703,0.02093761674,3363,-0.7725,0.03134727929,5035
2025-03-18,0.6422,0.02248869482,3327,-0.3814,0.03113403316,4606
2025-03-19,0.3469,0.02304079738,3449,-0.4572,0.03286102705,4919
2025-03-20,0.1812,0.02243591368,4426,-0.447,0.03077461183,6071
2025-03-21,0.4077,0.02291301979,3953,-0.3665,0.02812974577,4853
2025-03-22,0.7177,0.01699445352,2537,-0.7807,0.02283566893,3409
2025-03-23,0.139,0.01546742916,1612,-0.7816,0.02038975619,2125
2025-03-24,-0.0199,0.01651703462,2537,-0.8287,0.03001321623,4610
2025-03-25,0.4177,0.0182616973,3741,-0.4311,0.0315100925,6455
2025-03-26,0.0623,0.02053806057,3814,-0.6212,0.03424805066,6360
2025-03-27,0.1009,0.02240154472,4339,-0.7978,0.03461681432,6705
2025-03-28,0.002,0.0255225154,4876,-0.5816,0.03322742571,6348
2025-03-29,0.7795,0.02511525698,3383,-0.6023,0.02378636812,3204
2025-03-30,0.8475,0.02155906309,1874,-0.5752,0.02465372049,2143
2025-03-31,-0.0002,0.02268229121,3908,-0.7739,0.02937437969,5061
2025-04-01,0.2423,0.0223705752,3867,-0.7191,0.03292819086,5692
2025-04-02,-0.1818,0.02450832393,4627,-0.625,0.03418558951,6454
2025-04-03,-0.5511,0.02656039505,5895,-1.0647,0.04438447017,9851
2025-04-04,-1.3208,0.03301151113,6117,-1.2861,0.04485723075,8312
2025-04-05,-0.1584,0.03007930922,4445,-1.0334,0.03654179298,5400
2025-04-06,-0.9597,0.0217831771,2591,-1.1523,0.03122451553,3714
2025-04-07,-1.8484,0.03284979828,4511,-1.3493,0.04205444139,5775
2025-04-08,-0.7829,0.03140128222,5520,-0.8386,0.03911507546,6876
2025-04-09,-0.7761,0.03302050403,6664,-0.7987,0.04704827217,9495
2025-04-10,-0.504,0.03336256167,6316,-0.7801,0.04187751566,7928
2025-04-11,-0.2708,0.02724944696,4533,-0.6213,0.03720424161,6189
2025-04-12,0.2876,0.02067000498,3649,-0.8733,0.02949540037,5207
2025-04-13,0.0039,0.01486860304,1720,-0.8788,0.02473201936,2861
2025-04-14,-0.0899,0.02061969086,2624,-0.474,0.03181750316,4049
2025-04-15,0.2468,0.02167417006,3837,-0.4537,0.03182493462,5634
2025-04-16,-0.0292,0.02335951121,4542,-0.6267,0.03529641687,6863
2025-04-17,-0.2342,0.02223511214,4370,-0.5698,0.0336783083,6619
2025-04-18,-0.2188,0.01782047361,3263,-0.642,0.0298409647,5464
2025-04-19,-0.2767,0.01271964333,1455,-0.5383,0.02239706268,2562
2025-04-20,-0.7913,0.01124641142,1281,-0.4873,0.01981510584,2257
2025-04-21,-0.2196,0.01815556734,2603,-0.3741,0.02983148732,4277
2025-04-22,-0.3554,0.02019900767,3725,-0.3399,0.03039882873,5606
2025-04-23,-0.7018,0.01943319838,3216,-0.6803,0.03432835821,5681
2025-04-24,-0.3757,0.01665422552,2298,-0.6338,0.03411289797,4707
2025-04-25,-0.503,0.01558893969,2864,-0.5371,0.03113433486,5720
2025-04-26,-1.5884,0.01254171064,1759,-0.5357,0.02206029148,3094
2025-04-27,-2.0191,0.013205667,1524,-0.3415,0.0202677527,2339
2025-04-28,-0.7245,0.01697797602,2436,-0.4196,0.03072205185,4408
2025-04-29,-0.275,0.01831674784,3569,-0.3426,0.03839383317,7481
2025-04-30,-0.5183,0.01970055628,3329,-0.5843,0.04413540064,7458
2025-05-01,-0.144,0.01906996538,3316,-0.4083,0.04508701103,7840
2025-05-02,-0.2691,0.01684197266,2674,-0.5608,0.03788499087,6015
2025-05-03,-0.1607,0.01081375447,973,-0.5474,0.02760674832,2484
2025-05-04,-0.2786,0.009394724832,1091,-0.2381,0.02554056265,2966
2025-05-05,0.0662,0.01457427768,2451,-0.3948,0.02806039019,4719
2025-05-06,0.0549,0.01449307381,2624,-0.1049,0.03187482049,5771
2025-05-07,-0.0368,0.01681337523,4099,-0.3884,0.0333232155,8124
2025-05-08,-0.315,0.01620151308,2996,-0.1312,0.03173787726,5869
2025-05-09,-0.1522,0.01414726523,2413,-0.2435,0.03127876503,5335
2025-05-10,-0.3276,0.01016938111,1561,-0.3234,0.02202605863,3381
2025-05-11,0.1731,0.009272137228,1060,-0.2869,0.02326781606,2660
2025-05-12,-0.04,0.01888095595,2269,-0.1648,0.03211177126,3859
2025-05-13,0.2327,0.01620130989,2867,0.0099,0.02901769316,5135
2025-05-14,0.1192,0.01420872897,2692,0.0356,0.02838051103,5377
2025-05-15,-0.2581,0.01450470814,2708,0.1844,0.0289879913,5412
2025-05-16,0.1294,0.01289076472,1802,-0.1335,0.02749123686,3843
2025-05-17,-0.1607,0.006902856673,672,-0.5249,0.01934237964,1883
2025-05-18,-0.4934,0.007409173437,808,-0.3517,0.0205677921,2243
2025-05-19,-0.351,0.01331076754,1746,-0.3169,0.02741438722,3596
2025-05-20,0.0863,0.0145069883,2954,-0.3057,0.0294264976,5992
2025-05-21,0.0685,0.01414141414,2730,-0.3656,0.03008547009,5808
2025-05-22,-0.4401,0.0132532325,2173,-0.4243,0.0296108807,4855
2025-05-23,-0.5773,0.01658096555,3202,-0.3176,0.02924712474,5648
2025-05-24,0.0282,0.009443457667,1276,-0.3033,0.02262433393,3057
2025-05-25,-0.2492,0.009708335749,1172,-0.2793,0.02021189354,2440
2025-05-26,-0.238,0.01095657308,1262,-0.148,0.02624542029,3023
2025-05-27,0.3528,0.01556493137,2243,0.0794,0.02771570927,3994
2025-05-28,0.1467,0.01614370511,3212,-0.0789,0.02881942874,5734
2025-05-29,-0.8547,0.02096968006,3909,-0.8251,0.04052850675,7555
2025-05-30,-0.2328,0.01596897259,2771,-0.3066,0.03167861506,5497
2025-05-31,-0.1664,0.009833252424,871,-0.6148,0.02455490703,2175
2025-06-01,-0.1758,0.01110755022,1525,-0.4734,0.02169796204,2979
2025-06-02,0.1125,0.01684154348,3345,-0.3662,0.02966528376,5892
2025-06-03,0.022,0.01702341953,3279,-0.5967,0.0322453366,6211
2025-06-04,0.3107,0.01536883646,2952,-0.6751,0.03482457556,6689
2025-06-05,-0.2769,0.01447973015,3271,-0.5084,0.03097803472,6998
2025-06-06,-0.4602,0.01557020409,3099,-0.5263,0.02830672146,5634
2025-06-07,0.1321,0.01120585622,1690,-0.4813,0.02244486586,3385
2025-06-08,0.5897,0.01000035275,1134,-0.3642,0.01817524428,2061
2025-06-09,0.2685,0.01687814673,2236,-0.2153,0.02564179983,3397
2025-06-10,0.423,0.01631124551,3123,-0.1911,0.02674145919,5120
2025-06-11,0.0893,0.0156046814,2724,-0.2924,0.02997198719,5232
2025-06-12,-0.0038,0.01408413992,1621,-0.363,0.0284028707,3269
2025-06-13,-0.8428,0.01634405499,2718,-0.503,0.0252917937,4206
2025-06-14,-0.2435,0.0102023656,1092,-0.3965,0.01871367977,2003
2025-07-02,0.2314,0.01801628148,2804,-0.1398,0.02591286134,4033
2025-07-03,0.3163,0.01583140406,2790,-0.4315,0.03023287485,5328
2025-07-04,0.0225,0.01302340917,2133,-0.1959,0.02645589869,4333
2025-07-05,0.296,0.009492884346,1184,-0.7396,0.02349969934,2931
2025-07-06,-0.0589,0.01169844759,1373,-0.4445,0.02260450216,2653
2025-07-07,0.0223,0.01902532477,3446,-0.3219,0.03045377001,5516
2025-07-08,-0.0402,0.01875590464,4050,-0.2678,0.02846729526,6147
2025-07-09,0.002,0.01563781722,2402,-0.4934,0.02830041276,4347
2025-07-10,0.1768,0.01629513099,2921,-0.5366,0.0298176909,5345
2025-07-11,-0.4137,0.01454109066,2799,-0.8153,0.03095761316,5959
2025-07-12,0.2994,0.01021333532,1374,-0.736,0.02337768527,3145
2025-07-13,-0.1332,0.008727102602,970,-0.7528,0.02529060352,2811
2025-07-14,-0.0014,0.0155875062,2358,-0.276,0.02802181458,4239
2025-07-15,0.1699,0.01641419256,3242,-0.2828,0.03260055085,6439
2025-07-16,0.0384,0.01642197753,2953,-0.2298,0.0320542765,5764
2025-07-17,0.1395,0.01573979962,2710,-0.1782,0.02816901408,4850
2025-07-18,-0.0442,0.01578116234,3038,-0.395,0.02925073244,5631
2025-07-19,0.5116,0.0118274017,1649,-0.5998,0.01983187732,2765
2025-07-20,-0.4179,0.01166421994,1311,-0.7637,0.01962720762,2206
2025-07-21,-0.0009,0.01454601031,2189,-0.0912,0.02545717931,3831
2025-07-22,0.3234,0.01735438939,3810,-0.1001,0.02828173325,6209
2025-07-23,0.1027,0.01700053211,3163,-0.0111,0.02972808823,5531
2025-07-24,0.2709,0.01640278013,2419,0.0819,0.03124597389,4608
2025-07-25,-0.0709,0.01639051173,2842,-0.1684,0.03000697837,5203
2025-07-26,0.6027,0.01241962829,1553,0.0463,0.02032084706,2541
2025-07-27,0.8302,0.01453507715,1966,-0.2664,0.01812079048,2451
2025-07-28,0.4886,0.01787492143,3896,-0.1691,0.02839524865,6189
2025-07-29,0.177,0.02002963176,3907,-0.278,0.02880637339,5619
2025-07-30,0.2818,0.01624407617,3366,-0.4766,0.03150848881,6529
2025-07-31,0.4058,0.01895666654,3438,-0.4271,0.03280749444,5950
2025-08-01,-0.4836,0.01916292597,3031,-0.5805,0.0388063476,6138
2025-08-02,-0.2225,0.01515680235,1998,-0.703,0.02620958565,3455
2025-08-03,-0.1575,0.009900477552,1530,-0.87,0.02382585513,3682
2025-08-04,0.1176,0.01542092418,2300,-0.68,0.02812642476,4195
2025-08-05,0.2261,0.01735777653,3651,-0.4242,0.03378371954,7106
2025-08-06,0.0755,0.01875791845,3198,-0.5635,0.03281755901,5595
2025-08-07,-0.1575,0.01960472211,3695,-0.4801,0.03656718398,6892
2025-08-08,0.2442,0.01575220186,2647,-0.4035,0.03055820043,5135
2025-08-09,0.1977,0.01080099997,1577,-0.5269,0.0238964419,3489
2025-08-10,0.0063,0.009829341669,1088,-0.5212,0.02072473326,2294
2025-08-11,0.2817,0.01386615628,2101,-0.2076,0.02567317846,3890
2025-08-12,-0.4644,0.01950030138,3591,-0.536,0.03084425281,5680
2025-08-13,-0.2726,0.01965878285,4003,0.0147,0.027207009,5540
2025-08-14,0.2079,0.01645432647,3026,-0.2951,0.03074446855,5654
2025-08-15,0.1535,0.01542501782,3160,-0.2873,0.0287803497,5896
2025-08-16,0.6257,0.009640160855,1388,-0.3814,0.02553809183,3677
2025-08-17,0.0743,0.009709570083,1246,-0.687,0.02292580673,2942
2025-08-18,0.1412,0.01380064923,2283,-0.4919,0.02865916688,4741
2025-08-19,0.188,0.0144597218,2525,-0.0025,0.02558082269,4467
2025-08-20,-0.0404,0.01699386364,3002,-0.3656,0.02615877545,4621
2025-08-21,-0.0397,0.01631525826,2942,-0.1008,0.02978006011,5370
2025-08-22,-0.2741,0.01549565781,2821,-0.2177,0.02727807043,4966
2025-08-23,-0.197,0.009192495643,1076,-0.3683,0.02200731299,2576
2025-08-24,0.266,0.007547455192,998,-0.5433,0.0193602057,2560
2025-08-25,0.194,0.01484709501,2143,-0.0663,0.02423478225,3498
2025-08-26,-0.0763,0.01707935439,3146,-0.4636,0.02901752995,5345
2025-08-27,0.2756,0.0181940362,3980,-0.3526,0.02910131518,6366
2025-08-28,0.2351,0.01655790506,2956,-0.1613,0.02983895813,5327
2025-08-29,-0.0021,0.01535033952,2880,-0.3315,0.0305834195,5738
2025-08-30,0.0674,0.01211222072,1641,-0.6952,0.02562683141,3472
2025-08-31,-0.2714,0.01156151734,1217,-0.7696,0.02389253584,2515
2025-09-01,0.2424,0.01333640309,1564,-0.076,0.02571776965,3016
