date,rv5m_var,rq5m,n_buckets,rv5m,rs_pos_var,rs_neg_var
2018-05-01,4.50127215515e-05,1.70032533737e-09,77,0.106504487375,2.48276006515e-05,2.01851208999e-05
2018-05-02,4.41487452835e-05,2.46311303163e-09,77,0.10547740901,1.90576534563e-05,2.50910918273e-05
2018-05-03,9.78503115537e-05,8.62831440395e-09,77,0.15702954662,5.55346956435e-05,4.23156159102e-05
2018-05-04,4.2122623965e-05,2.48715707852e-09,77,0.10302864281,3.30947041486e-05,9.02791981645e-06
2018-05-07,2.56409085003e-05,1.89185927488e-09,77,0.0803835116306,8.43854626804e-06,1.72023622322e-05
2018-05-08,4.59967995176e-05,2.9204884968e-09,77,0.10766240513,2.53873957265e-05,2.06094037911e-05
2018-05-09,2.87670054625e-05,1.00400011727e-09,77,0.0851427353128,1.62357781687e-05,1.25312272938e-05
2018-05-10,1.91762833025e-05,4.62426222949e-10,77,0.0695156341568,1.17648214013e-05,7.41146190122e-06
2018-05-11,2.08858647817e-05,4.74246916822e-10,77,0.0725481765794,1.11430138062e-05,9.7428509755e-06
2018-05-14,1.514233988e-05,2.26331303224e-10,77,0.0617727257757,7.03254876915e-06,8.10979111087e-06
2018-05-15,3.65442611356e-05,1.41287302258e-09,77,0.0959643361159,1.84103716167e-05,1.81338895188e-05
2018-05-16,1.84187497509e-05,4.52565522319e-10,77,0.0681287379688,1.11361461537e-05,7.2826035972e-06
2018-05-17,1.98377451025e-05,4.21171676669e-10,77,0.0707043970757,9.88640337303e-06,9.9513417295e-06
2018-05-18,2.17104247464e-05,7.12449615648e-10,77,0.0739663912604,8.88662676979e-06,1.28237979766e-05
2018-05-21,1.76247311173e-05,4.84660192094e-10,77,0.066644071316,9.22302672929e-06,8.40170438804e-06
2018-05-22,1.3486032273e-05,5.30026443004e-10,77,0.0582964847378,3.72694164524e-06,9.75909062773e-06
2018-05-23,2.90056356886e-05,1.64548329376e-09,77,0.0854951471929,2.01982294304e-05,8.80740625819e-06
2018-05-24,3.35623975194e-05,1.27648534e-09,77,0.0919658859301,1.73875496152e-05,1.61748479042e-05
2018-05-25,1.54702579918e-05,2.89903343028e-10,77,0.0624380093687,7.59533693868e-06,7.87492105308e-06
2018-05-29,5.76637702996e-05,3.37285035484e-09,77,0.120545717948,2.29606913083e-05,3.47030789913e-05
2018-05-30,2.16375649612e-05,7.77446136671e-10,77,0.0738421720307,1.56818788488e-05,5.95568611242e-06
2018-05-31,4.20829629001e-05,2.41683197402e-09,77,0.102980127456,2.20920300044e-05,1.99909328957e-05
2018-06-01,1.71606506979e-05,5.85784903498e-10,77,0.0657608088139,1.07022140107e-05,6.45843668719e-06
2018-06-04,8.23469471695e-06,8.36628601202e-11,77,0.0455537382513,4.18754806542e-06,4.04714665153e-06
2018-06-05,1.74546813126e-05,5.09624145826e-10,77,0.0663217889595,7.31249095295e-06,1.01421903597e-05
2018-06-06,1.49675718907e-05,2.59903723826e-10,77,0.0614152107906,9.316779673e-06,5.65079221767e-06
2018-06-07,3.04019652081e-05,1.04430643121e-09,77,0.0875288251517,1.35514255101e-05,1.6850539698e-05
2018-06-08,1.32648019059e-05,2.12059911188e-10,77,0.0578163478637,8.73986395522e-06,4.52493795073e-06
2018-06-11,8.93441109389e-06,1.39650668337e-10,77,0.0474496743473,4.47421055841e-06,4.46020053549e-06
2018-06-12,8.59277258402e-06,9.95471204508e-11,77,0.0465336296798,4.7954981541e-06,3.79727442992e-06
2018-06-13,1.62343770386e-05,6.01191139976e-10,77,0.0639614181653,5.7960674023e-06,1.04383096363e-05
2018-06-14,1.09132167959e-05,2.15517305733e-10,77,0.0524416879265,5.02662520793e-06,5.88659158801e-06
2018-06-15,2.14765026898e-05,6.27968081971e-10,77,0.0735668313701,1.29541963072e-05,8.52230638265e-06
2018-06-18,1.41759039462e-05,2.50821085375e-10,77,0.0597689534328,1.01727934265e-05,4.00311051969e-06
2018-06-19,2.35564296555e-05,7.55284390438e-10,77,0.0770468706255,1.39083454994e-05,9.64808415614e-06
2018-06-20,8.16677187022e-06,5.80085715019e-11,77,0.0453654770866,3.61469799346e-06,4.55207387676e-06
2018-06-21,3.05597946338e-05,1.35885713284e-09,77,0.0877557305692,9.79551927465e-06,2.07642753592e-05
2018-06-22,1.53128546108e-05,5.43952407756e-10,77,0.0621195570003,5.44876828104e-06,9.86408632972e-06
2018-06-25,8.35457905489e-05,7.92072741004e-09,77,0.145098377725,3.90051895407e-05,4.45406010083e-05
2018-06-26,2.7344324218e-05,1.32935472083e-09,77,0.0830106601765,1.60445903336e-05,1.12997338844e-05
2018-06-27,7.31276364161e-05,5.50750744923e-09,77,0.135750375236,2.5087937055e-05,4.80396993611e-05
2018-06-28,5.69285826436e-05,5.35462559911e-09,77,0.119774800464,3.3200579447e-05,2.37280031966e-05
2018-06-29,2.345545127e-05,8.09071517064e-10,77,0.0768815564362,8.71072024376e-06,1.47447310263e-05
2018-07-02,3.73063939418e-05,1.67423729166e-09,77,0.0969598436124,2.09901989012e-05,1.63161950406e-05
2018-07-03,1.53413187077e-05,3.31208036205e-10,71,0.062177265253,2.76846157747e-06,1.25728571303e-05
2018-07-05,2.82580301802e-05,1.1567380687e-09,77,0.0843861576646,1.51213547676e-05,1.31366754126e-05
2018-07-06,2.19067177181e-05,7.22583722429e-10,77,0.0743000192796,1.49891854131e-05,6.91753230494e-06
2018-07-09,7.76973123492e-06,6.92801142103e-11,77,0.0442489804538,4.1568064499e-06,3.61292478501e-06
2018-07-10,1.24601607023e-05,1.72430916173e-10,77,0.0560353504225,6.60944096224e-06,5.85071974003e-06
2018-07-11,2.02789641807e-05,3.17085128617e-10,77,0.0714863551562,1.04340896693e-05,9.84487451137e-06
2018-07-12,1.53434755883e-05,3.04989270741e-10,77,0.0621816359407,1.01388726004e-05,5.20460298796e-06
2018-07-13,9.00768110479e-06,1.28983204847e-10,77,0.047643841558,3.84079353104e-06,5.16688757375e-06
2018-07-16,9.52136764107e-06,1.05785893146e-10,77,0.048983514018,4.52565372948e-06,4.99571391159e-06
2018-07-17,1.17574239995e-05,1.65535575074e-10,77,0.0544322592575,7.18630561638e-06,4.57111838313e-06
2018-07-18,5.97189592938e-06,3.67410181082e-11,77,0.0387932697024,3.54335558452e-06,2.42854034485e-06
2018-07-19,1.49893471789e-05,3.32182239495e-10,77,0.0614598689315,6.24627675009e-06,8.7430704288e-06
2018-07-20,8.04601803226e-06,6.7277629307e-11,77,0.0450288412479,4.01274761078e-06,4.03327042148e-06
2018-07-23,6.68045755835e-06,6.35302494747e-11,77,0.0410301755383,4.4179896694e-06,2.26246788895e-06
2018-07-24,2.0906966445e-05,5.31650727802e-10,77,0.0725848162094,1.03931484973e-05,1.05138179477e-05
2018-07-25,1.99152070307e-05,1.13332965429e-09,77,0.0708423049578,1.59039366572e-05,4.01127037345e-06
2018-07-26,1.1362135003e-05,1.503554134e-10,77,0.0535094199255,5.42925961286e-06,5.93287539018e-06
2018-07-27,3.0016683756e-05,1.17934981984e-09,77,0.0869724341761,8.43530787297e-06,2.1581375883e-05
2018-07-30,2.52380717369e-05,6.83049068115e-10,77,0.0797495710189,1.18631803573e-05,1.33748913796e-05
2018-07-31,1.279371373e-05,2.44772765893e-10,77,0.056780417927,5.61791511435e-06,7.17579861569e-06
2018-08-01,1.16122882867e-05,1.3087562011e-10,77,0.054095255321,4.55259143587e-06,7.05969685082e-06
2018-08-02,1.42431566343e-05,2.08853729699e-10,77,0.0599105622729,1.07562640988e-05,3.48689253548e-06
2018-08-03,9.37037571803e-06,1.31722376186e-10,77,0.0485935662505,5.14274553185e-06,4.22763018618e-06
2018-08-06,5.83711674206e-06,3.29944947635e-11,77,0.0383530105598,3.75104177878e-06,2.08607496328e-06
2018-08-07,8.56185456274e-06,6.50525323879e-11,77,0.0464498369191,4.37271232955e-06,4.18914223319e-06
2018-08-08,7.91845374822e-06,6.05890590448e-11,77,0.0446704638945,3.97564718888e-06,3.94280655934e-06
2018-08-09,7.19167287503e-06,1.69035703965e-10,77,0.0425711353444,1.97466603478e-06,5.21700684025e-06
2018-08-10,2.33603684633e-05,5.06816164104e-10,77,0.076725568442,1.23102417064e-05,1.10501267569e-05
2018-08-13,2.41716558591e-05,6.2369751941e-10,77,0.0780465071383,1.04187306925e-05,1.37529251666e-05
2018-08-14,1.54942272482e-05,3.44693884253e-10,77,0.0624863606441,7.81422417199e-06,7.68000307618e-06
2018-08-15,3.96405102545e-05,1.42029289715e-09,77,0.099947028891,1.87404459002e-05,2.09000643543e-05
2018-08-16,1.17192900786e-05,1.19504812754e-10,77,0.054343915021,5.37036167945e-06,6.34892839916e-06
2018-08-17,1.85088152699e-05,9.18184426584e-10,77,0.0682951055934,1.36977281834e-05,4.81108708648e-06
2018-08-20,7.50783774572e-06,1.1922438272e-10,77,0.0434968402521,3.49967904767e-06,4.00815869805e-06
2018-08-21,6.56194338822e-06,5.31370459952e-11,77,0.0406646005001,2.74341028642e-06,3.81853310179e-06
2018-08-22,9.26130377506e-06,9.56615164389e-11,77,0.0483099218724,4.68382707657e-06,4.57747669849e-06
2018-08-23,1.30234720533e-05,4.2679217239e-10,77,0.0572880001172,5.34887866287e-06,7.67459339042e-06
2018-08-24,8.22500809326e-06,7.65106362276e-11,77,0.0455269375151,5.31578299514e-06,2.90922509812e-06
2018-08-27,6.64733009718e-06,5.16424633639e-11,77,0.0409283176357,3.64959005883e-06,2.99774003835e-06
2018-08-28,9.0502824692e-06,9.90607480486e-11,77,0.0477563732107,3.76927053319e-06,5.28101193601e-06
2018-08-29,7.26935745041e-06,5.87338037849e-11,77,0.0428004448283,4.96601447581e-06,2.30334297461e-06
2018-08-30,2.01711612163e-05,1.80032726136e-09,77,0.0712960912428,5.40391513911e-06,1.47672460771e-05
2018-08-31,1.73267644949e-05,3.93638757037e-10,77,0.0660783221087,8.91911204861e-06,8.40765244626e-06
2018-09-04,2.25573344093e-05,8.44347598142e-10,77,0.075395280165,1.0025485715e-05,1.25318486943e-05
2018-09-05,3.22992730243e-05,1.480935239e-09,77,0.0902187164735,1.44808686893e-05,1.7818404335e-05
2018-09-06,3.51553214302e-05,1.39854331404e-09,77,0.0941230099413,1.51510396757e-05,2.00042817544e-05
2018-09-07,3.71124486983e-05,2.47346589631e-09,77,0.0967074819855,1.97231456656e-05,1.73893030327e-05
2018-09-10,1.09293251425e-05,1.32537860206e-10,77,0.0524803766746,4.46443638197e-06,6.46488876053e-06
2018-09-11,1.30989314273e-05,2.8936354403e-10,77,0.0574537267693,9.46489377178e-06,3.63403765553e-06
2018-09-12,2.37700227857e-05,1.57095765598e-09,77,0.0773953857926,1.33294563022e-05,1.04405664835e-05
2018-09-13,1.1346239386e-05,1.89431428784e-10,77,0.0534719770091,5.7508269499e-06,5.59541243605e-06
2018-09-14,1.24134362299e-05,7.03743983807e-10,77,0.055930188002,3.44269956802e-06,8.97073666188e-06
2018-09-17,8.84589118162e-06,9.63321774978e-11,77,0.0472140294591,3.22191705024e-06,5.62397413138e-06
2018-09-18,7.37131790647e-06,6.13934407894e-11,77,0.0430995604668,4.42194976085e-06,2.94936814562e-06
2018-09-19,9.55932241442e-06,1.79207734457e-10,77,0.049081047752,5.35014307588e-06,4.20917933855e-06
2018-09-20,6.84646405427e-06,5.39763268246e-11,77,0.0415368383688,3.78443941275e-06,3.06202464152e-06
2018-09-21,6.4423433791e-06,4.71135916965e-11,77,0.040292313554,2.42085249735e-06,4.02149088175e-06
2018-09-24,1.10826205087e-05,1.98958200594e-10,77,0.0528471415329,5.64086571318e-06,5.44175479553e-06
2018-09-25,8.19731573602e-06,1.43250216705e-10,77,0.0454502317428,2.74905220023e-06,5.44826353579e-06
2018-09-26,2.02795395454e-05,1.34403512027e-09,77,0.071487369272,6.49321489169e-06,1.37863246537e-05
2018-09-27,9.19796587182e-06,1.57424900118e-10,77,0.0481444430822,5.87324484446e-06,3.32472102736e-06
2018-09-28,1.15750231736e-05,2.32257027301e-10,77,0.0540083867538,6.13806821267e-06,5.43695496094e-06
2018-10-01,1.01164711601e-05,1.49691595863e-10,77,0.0504910955749,4.31648080796e-06,5.79999035218e-06
2018-10-02,1.63067429002e-05,3.52089319715e-10,77,0.0641038158836,8.46244420866e-06,7.8442986915e-06
2018-10-03,1.31543407294e-05,1.41812515684e-10,77,0.0575751149699,5.1992767111e-06,7.95506401826e-06
2018-10-04,4.20401653277e-05,1.62566414342e-09,77,0.102927749721,2.05227650255e-05,2.15174003022e-05
2018-10-05,4.26997175863e-05,1.72351838575e-09,77,0.103732004857,1.8215004733e-05,2.44847128533e-05
2018-10-08,4.36865353937e-05,1.78765433987e-09,77,0.104923814833,2.54875814899e-05,1.81989539038e-05
2018-10-09,4.27691445526e-05,2.18021271177e-09,77,0.103816301356,2.23136621781e-05,2.04554823745e-05
2018-10-10,0.000144152815658,2.6621421489e-08,77,0.190595145651,4.38337925203e-05,0.000100319023138
2018-10-11,0.000387837000773,1.57641596759e-07,77,0.312625853369,0.000177092623097,0.000210744377676
2018-10-12,0.000201824488584,2.92388325745e-08,77,0.225521110149,0.000106020647497,9.58038410863e-05
2018-10-15,7.8007795493e-05,6.65057427349e-09,77,0.140206863114,3.59567893382e-05,4.20510061548e-05
2018-10-16,4.49033611905e-05,2.68284469232e-09,77,0.106375030059,3.14922585704e-05,1.34111026201e-05
2018-10-17,0.000100226371125,1.20293237699e-08,77,0.158924653605,5.06532910349e-05,4.95730800897e-05
2018-10-18,0.000116321919406,1.25981043206e-08,77,0.171210758103,5.53029104043e-05,6.10190090019e-05
2018-10-19,9.21518649433e-05,9.16622133117e-09,77,0.152388549326,5.28661303153e-05,3.9285734628e-05
2018-10-22,8.55648528237e-05,8.58678016515e-09,77,0.146841216665,3.49508599031e-05,5.06139929205e-05
2018-10-23,0.000126241844538,1.81917133674e-08,77,0.178361836791,7.78645093653e-05,4.83773351727e-05
2018-10-24,0.000182153208272,3.02444070807e-08,77,0.214248940451,5.55505628443e-05,0.000126602645427
2018-10-25,0.000103180225983,1.1269075774e-08,77,0.161249548674,6.75541431741e-05,3.5626082809e-05
2018-10-26,0.000304827414209,8.73882997067e-08,77,0.277157912355,0.000153378074971,0.000151449339239
2018-10-29,0.000277128575365,1.62936292898e-07,77,0.264265777187,0.000147593279157,0.000129535296208
2018-10-30,0.000239757655667,4.50338097704e-08,77,0.2458026225,0.000137208534138,0.000102549121529
2018-10-31,7.90085662267e-05,6.84871926133e-09,77,0.141103361722,3.51901143682e-05,4.38184518585e-05
2018-11-01,6.5872367713e-05,5.49706550129e-09,77,0.128840353398,3.6077472937e-05,2.9794894776e-05
2018-11-02,0.000161717962254,8.52582021039e-08,77,0.201873540832,8.83653725765e-05,7.33525896773e-05
2018-11-05,2.9516801338e-05,8.41834722062e-10,77,0.0862451966036,1.72896229413e-05,1.22271783968e-05
2018-11-06,3.32424698195e-05,1.40718962148e-09,77,0.0915265119761,1.89624681512e-05,1.42800016683e-05
2018-11-07,3.00177974626e-05,9.02560338932e-10,77,0.0869740476267,2.10413645814e-05,8.97643288123e-06
2018-11-08,4.35328331316e-05,2.6052205102e-09,77,0.10473907556,2.21965623034e-05,2.13362708282e-05
2018-11-09,5.46202680131e-05,2.63266939658e-09,77,0.117321385686,2.44512425242e-05,3.01690254889e-05
2018-11-12,8.38758096584e-05,7.14318958705e-09,77,0.145384676063,2.82644100107e-05,5.56113996477e-05
2018-11-13,0.000156103732787,2.67406848142e-08,77,0.198338449783,7.26341009167e-05,8.34696318706e-05
2018-11-14,0.000122514151151,1.40569128928e-08,77,0.175708753595,4.67359120688e-05,7.57782390818e-05
2018-11-15,0.000184195849746,3.62052353609e-08,77,0.215446870796,0.000108956700008,7.52391497378e-05
2018-11-16,8.39962450247e-05,8.79190218327e-09,77,0.145489015895,5.64334343241e-05,2.75628107006e-05
2018-11-19,0.000121220473,1.60485392779e-08,77,0.17477860051,4.97412131066e-05,7.14792598938e-05
2018-11-20,0.000183709571675,2.95716015735e-08,77,0.21516229238,0.000101274929572,8.24346421035e-05
2018-11-21,3.75925721074e-05,1.72803639005e-09,77,0.0973310236824,1.83896555454e-05,1.9202916562e-05
2018-11-23,2.82741081794e-05,1.21472975821e-09,72,0.0844101608884,1.30179305067e-05,1.52561776727e-05
2018-11-26,4.19427507865e-05,1.73950429218e-09,77,0.102808429607,2.61739899427e-05,1.57687608438e-05
2018-11-27,5.88331987451e-05,3.89771062712e-09,77,0.121761923785,3.42955050815e-05,2.45376936636e-05
2018-11-28,8.873284813e-05,5.42410091662e-08,77,0.14953487128,7.55301234382e-05,1.32027246918e-05
2018-11-29,4.62210943796e-05,2.24794930127e-09,77,0.107924583778,2.59664914387e-05,2.02546029409e-05
2018-11-30,2.32082606406e-05,7.55092002024e-10,77,0.0764753665009,1.60522028585e-05,7.15605778219e-06
2018-12-03,5.69860143118e-05,3.15567599423e-09,77,0.119835201867,2.88667760056e-05,2.81192383062e-05
2018-12-04,0.000143169030676,2.1718093389e-08,77,0.189943664623,4.00326337218e-05,0.000103136396954
2018-12-06,0.00023388321288,5.53366477627e-08,77,0.242772670714,0.000131398290556,0.000102484922324
2018-12-07,0.000249091377794,4.86806016942e-08,77,0.250541468033,0.000104834540479,0.000144256837315
2018-12-10,0.000298886592758,1.0420053894e-07,77,0.274443840111,0.00014577923451,0.000153107358248
2018-12-11,0.0001573006875,2.9707330681e-08,77,0.199097396392,7.00563626396e-05,8.724432486e-05
2018-12-12,8.21554533073e-05,6.75637007044e-09,77,0.1438859765,3.32220430678e-05,4.89334102396e-05
2018-12-13,0.000103761509902,1.33455130842e-08,77,0.161703124569,5.98086383686e-05,4.39528715335e-05
2018-12-14,0.000100382419491,9.73668189461e-09,77,0.159048325083,3.99879634337e-05,6.03944560575e-05
2018-12-17,0.000156556857871,2.7067388925e-08,77,0.198626101465,7.37989822139e-05,8.27578756566e-05
2018-12-18,0.000164141341668,4.07654383601e-08,77,0.203380476203,6.4265304631e-05,9.98760370372e-05
2018-12-19,0.000638790354343,1.75093636267e-06,77,0.401217109922,0.000139686081293,0.00049910427305
2018-12-20,0.000401973951349,1.44550544893e-07,77,0.31827258088,0.000203903764234,0.000198070187115
2018-12-21,0.00033714133682,1.76916802318e-07,77,0.291478330032,0.000150135212007,0.000187006124812
2018-12-24,0.000261729028106,9.10016004596e-08,74,0.256818447707,8.83952698681e-05,0.000173333758238
2018-12-26,0.000370664668526,1.14627788545e-07,77,0.30562640015,0.000241668042657,0.000128996625868
2018-12-27,0.000489187375986,3.60529829764e-07,77,0.351105708795,0.000320271312149,0.000168916063837
2018-12-28,0.000225356808792,4.38244989469e-08,77,0.238306348668,0.000108055565004,0.000117301243788
2018-12-31,0.000130252636057,4.92672378461e-08,77,0.181173023065,7.94602645503e-05,5.07923715067e-05
2019-01-02,0.000163640854634,2.92509797726e-08,77,0.203070173506,0.000104645395949,5.89954586853e-05
2019-01-03,0.000259402971928,8.22804632071e-08,77,0.255674693558,0.000113149549606,0.000146253422322
2019-01-04,0.000162532837401,4.37081760621e-08,77,0.202381508604,0.000113907662084,4.86251753168e-05
2019-01-07,7.90117948651e-05,9.11922854778e-09,77,0.141106244745,4.71711175399e-05,3.18406773252e-05
2019-01-08,9.34750308834e-05,1.19057788435e-08,77,0.153478688366,3.4440936064e-05,5.90340948193e-05
2019-01-09,8.1580771363e-05,1.11444975957e-08,77,0.143381848166,3.62573346246e-05,4.53234367383e-05
2019-01-10,5.74391958468e-05,5.09065840918e-09,77,0.120310753274,3.48367726924e-05,2.26024231544e-05
2019-01-11,3.4074087651e-05,1.31078038125e-09,77,0.0926642870152,1.711847069e-05,1.6955616961e-05
2019-01-14,2.78246039653e-05,8.48982192479e-10,77,0.0837364926376,1.56543925144e-05,1.21702114509e-05
2019-01-15,5.24749048676e-05,5.57025994604e-09,77,0.11499424345,3.49175926227e-05,1.75573122449e-05
2019-01-16,2.58876319074e-05,1.22643797201e-09,77,0.0807693211601,1.06400825321e-05,1.52475493753e-05
2019-01-17,5.80824234295e-05,8.52562549519e-09,77,0.120982522309,3.84292119943e-05,1.96532114352e-05
2019-01-18,4.06066915143e-05,1.92345166913e-09,77,0.101157729619,2.83078118106e-05,1.22988797036e-05
2019-01-22,9.04440818869e-05,2.6740645689e-08,77,0.150969893143,5.45541524219e-05,3.58899294651e-05
2019-01-23,6.44161595913e-05,3.60255535684e-09,77,0.127408289436,2.88354688778e-05,3.55806907135e-05
2019-01-24,3.25526582038e-05,1.22661194486e-09,77,0.0905719044039,1.79262002673e-05,1.46264579365e-05
2019-01-25,2.29576437111e-05,5.21191722657e-10,77,0.0760613319316,1.20879330646e-05,1.08697106465e-05
2019-01-28,5.12406022095e-05,2.33273451915e-09,77,0.113633761518,2.89898972938e-05,2.22507049157e-05
2019-01-29,3.60607070702e-05,1.94178330701e-09,77,0.0953273212761,1.61949192948e-05,1.98657877754e-05
2019-01-30,7.45706743337e-05,3.27145935853e-08,77,0.13708322265,5.8185583004e-05,1.63850913297e-05
2019-01-31,3.81704827284e-05,1.76024437737e-09,77,0.0980763052299,2.08368278121e-05,1.73336549163e-05
2019-02-01,3.99929098205e-05,3.54923364471e-09,77,0.100390304685,2.13349658852e-05,1.86579439354e-05
2019-02-04,2.50536728408e-05,1.39470937718e-09,77,0.0794576966434,1.7436099179e-05,7.61757366174e-06
2019-02-05,1.7519048272e-05,2.6050234726e-10,77,0.0664439625892,9.2174590334e-06,8.30158923862e-06
2019-02-06,2.02867055843e-05,7.01392637004e-10,77,0.0714999986521,7.20689697047e-06,1.30798086138e-05
2019-02-07,6.21244825388e-05,4.29597731701e-09,77,0.125121419428,3.18583885272e-05,3.02660940116e-05
2019-02-08,3.27447627013e-05,2.12137529788e-09,77,0.0908387593526,2.08360646768e-05,1.19086980245e-05
2019-02-11,2.3222067565e-05,8.35887590174e-10,77,0.0764981112602,8.22982074299e-06,1.4992246822e-05
2019-02-12,1.63012781786e-05,2.99060718057e-10,77,0.0640930737367,1.08779189117e-05,5.42335926697e-06
2019-02-13,1.47286669065e-05,3.05165955643e-10,77,0.0609230995635,6.10347928202e-06,8.62518762444e-06
2019-02-14,3.76818634314e-05,4.31361526402e-09,77,0.0974465473206,1.64496780976e-05,2.12321853338e-05
2019-02-15,1.99236891796e-05,4.12184479571e-10,77,0.0708573896871,1.1807347095e-05,8.11634208461e-06
2019-02-19,1.19246475343e-05,2.00117159668e-10,77,0.0548179822562,6.6044578211e-06,5.3201897132e-06
2019-02-20,2.43256889668e-05,9.77472232932e-10,77,0.0782947866695,1.22252472694e-05,1.21004416973e-05
2019-02-21,2.25537395427e-05,6.18725009982e-10,77,0.0753892722128,1.08471891714e-05,1.17065503714e-05
2019-02-22,1.42677607912e-05,2.28614429461e-10,77,0.0599622858086,8.57465317705e-06,5.69310761417e-06
2019-02-25,1.24113882154e-05,1.79836205844e-10,77,0.0559255740272,4.82492821216e-06,7.5864600032e-06
2019-02-26,2.41423590128e-05,9.151587252e-10,77,0.0779991953241,1.43151392013e-05,9.82721981147e-06
2019-02-27,2.19412802668e-05,1.51032568637e-09,77,0.0743586082928,9.32738477755e-06,1.26138954893e-05
2019-02-28,1.45622848573e-05,2.65124244447e-10,77,0.0605780140318,6.25515155099e-06,8.30713330632e-06
2019-03-01,1.7830768243e-05,4.1813071904e-10,77,0.067032481658,8.24733040176e-06,9.58343784123e-06
2019-03-04,5.83135352444e-05,3.90684350427e-09,77,0.121222980006,1.94821477359e-05,3.88313875085e-05
2019-03-05,2.27775979897e-05,7.19155016312e-10,77,0.075762488696,1.06684301708e-05,1.21091678189e-05
2019-03-06,2.59456661721e-05,4.74993706896e-10,77,0.0808598038296,1.13471981792e-05,1.45984679929e-05
2019-03-07,5.00101437993e-05,2.50244075533e-09,77,0.112261107412,2.31442465222e-05,2.68658972771e-05
2019-03-08,4.73540495263e-05,3.30264583064e-09,77,0.10923928085,3.25280177668e-05,1.48260317595e-05
2019-03-11,1.25349718063e-05,1.16084805437e-10,77,0.056203317475,9.09493597475e-06,3.44003583157e-06
2019-03-12,2.0890107534e-05,3.82257200694e-10,77,0.0725555449195,1.08251797402e-05,1.00649277938e-05
2019-03-13,1.63953616521e-05,4.02880961929e-10,77,0.0642777654896,8.52357298659e-06,7.87178866556e-06
2019-03-14,1.38236620378e-05,2.41926532607e-10,77,0.0590217149321,5.84231650694e-06,7.98134553084e-06
2019-03-15,1.85545330606e-05,7.11589058324e-10,77,0.0683793999044,1.17842705611e-05,6.77026249958e-06
2019-03-18,1.52264534294e-05,2.87427995875e-10,77,0.0619440575375,8.13601161864e-06,7.09044181074e-06
2019-03-19,5.17697827357e-05,7.566503665e-09,77,0.11421902315,2.4431265376e-05,2.73385173598e-05
2019-03-20,5.69444253851e-05,1.28097091869e-08,77,0.11979146546,3.00011422584e-05,2.69432831268e-05
2019-03-21,2.69104697563e-05,7.51478009015e-10,77,0.0823494892431,1.74657393708e-05,9.44473038551e-06
2019-03-22,9.07574568456e-05,7.28802306976e-09,77,0.151231210817,3.09860519887e-05,5.97714048569e-05
2019-03-25,7.62937953699e-05,8.80792554417e-09,77,0.138657983662,3.45723984185e-05,4.17213969514e-05
2019-03-26,3.78805173054e-05,1.48206593826e-09,77,0.0977030724234,1.91901821661e-05,1.86903351393e-05
2019-03-27,5.30909304069e-05,4.39188208701e-09,77,0.115667257522,2.19162679358e-05,3.11746624712e-05
2019-03-28,2.76681314436e-05,7.31057153725e-10,77,0.083500713313,1.46510893652e-05,1.30170420784e-05
2019-03-29,2.30213389029e-05,7.39174888393e-10,77,0.076166773619,1.18048055852e-05,1.12165333177e-05
2019-04-01,1.30402147523e-05,5.87516809526e-10,77,0.0573248124078,8.71975249523e-06,4.3204622571e-06
2019-04-02,1.12035885169e-05,1.70759135633e-10,77,0.0531347749244,5.35110612727e-06,5.85248238965e-06
2019-04-03,1.68440340658e-05,2.7444860475e-10,77,0.0651513360153,8.10772831116e-06,8.73630575463e-06
2019-04-04,1.87649124211e-05,3.20808265269e-10,77,0.0687659649108,9.71462863172e-06,9.05028378935e-06
2019-04-05,9.38803640449e-06,1.01975660209e-10,77,0.0486393377209,5.15995191219e-06,4.2280844923e-06
2019-04-08,7.85779238066e-06,6.93666961573e-11,77,0.044499030101,4.88217218524e-06,2.97562019543e-06
2019-04-09,1.45043162506e-05,2.26128330783e-10,77,0.0604573212702,7.05397891945e-06,7.45033733119e-06
2019-04-10,7.97159849733e-06,7.34989430109e-11,77,0.0448201162574,4.77848418974e-06,3.19311430759e-06
2019-04-11,1.24412018777e-05,2.02878012655e-10,77,0.0559927037496,5.93848583717e-06,6.50271604056e-06
2019-04-12,1.08143956952e-05,1.75692615713e-10,77,0.0522037136149,5.81490406525e-06,4.99949162993e-06
2019-04-15,6.30622040355e-06,4.99187444807e-11,77,0.0398643643082,2.71057155706e-06,3.59564884649e-06
2019-04-16,1.06304970262e-05,4.43504587641e-10,77,0.0517579486707,3.19560835622e-06,7.43488866995e-06
2019-04-17,1.71917276812e-05,2.39774922214e-10,77,0.0658203264627,7.01495258303e-06,1.01767750981e-05
2019-04-18,1.22215383543e-05,2.46819172264e-10,77,0.0554961950523,5.82405251519e-06,6.39748583909e-06
2019-04-22,7.38573566076e-06,7.57099713433e-11,77,0.0431416896576,5.1038506318e-06,2.28188502896e-06
2019-04-23,1.39561068932e-05,2.450443193e-10,77,0.0593037851834,1.00745140542e-05,3.88159283897e-06
2019-04-24,1.01602711229e-05,1.25764740859e-10,77,0.0506002798705,4.25946062564e-06,5.90081049728e-06
2019-04-25,2.29061193424e-05,1.2183800066e-09,77,0.075975930888,1.01315438577e-05,1.27745754847e-05
2019-04-26,1.70015656515e-05,4.99933975202e-10,77,0.0654552866022,1.06021124536e-05,6.3994531979e-06
2019-04-29,4.89350520455e-06,1.77614583149e-11,77,0.0351164250963,2.37796819675e-06,2.5155370078e-06
2019-04-30,1.59751502732e-05,6.10769216875e-10,77,0.0634487026569,7.14757437837e-06,8.82757589483e-06
2019-05-01,3.54800838492e-05,3.31010086713e-09,77,0.0945567614187,8.38111701116e-06,2.7098966838e-05
2019-05-02,4.56660050897e-05,2.03515734076e-09,77,0.107274569599,1.95445584815e-05,2.61214466082e-05
2019-05-03,9.90622200399e-06,1.25090789882e-10,77,0.0499636662486,6.19226739065e-06,3.71395461334e-06
2019-05-06,2.71756049037e-05,8.49432546429e-10,77,0.0827541686909,1.56385434196e-05,1.15370614841e-05
2019-05-07,0.000102462613057,1.19600456897e-08,77,0.160687829316,4.84761289921e-05,5.39864840648e-05
2019-05-08,4.52080566042e-05,2.79629780669e-09,77,0.106735328098,2.52813824639e-05,1.99266741403e-05
2019-05-09,9.88934920244e-05,8.04653644758e-09,77,0.157864372137,5.46765118408e-05,4.42169801836e-05
2019-05-10,0.000108310582344,8.63281460797e-09,77,0.165209765906,6.409574391e-05,4.42148384343e-05
2019-05-13,9.26488320761e-05,9.19453620999e-09,77,0.152798906027,3.75211455064e-05,5.51276865698e-05
2019-05-14,5.05809542335e-05,4.28109819883e-09,77,0.11289995778,2.024840758e-05,3.03325466535e-05
2019-05-15,5.62155589123e-05,1.56114693409e-08,77,0.119022354396,4.31760950929e-05,1.30394638194e-05
2019-05-16,2.60048317258e-05,5.42429245959e-10,77,0.0809519462082,1.55205660093e-05,1.04842657165e-05
2019-05-17,5.46846343505e-05,4.36309478063e-09,77,0.117390493041,2.60052621509e-05,2.86793721996e-05
2019-05-20,4.23473438701e-05,1.83615178491e-09,77,0.103303100899,2.1422029941e-05,2.09253139292e-05
2019-05-21,1.47690749072e-05,2.62692232804e-10,77,0.0610066133843,7.7906053611e-06,6.97846954611e-06
2019-05-22,1.93785872011e-05,4.53030445485e-10,77,0.069881356417,1.12426229387e-05,8.13596426242e-06
2019-05-23,4.30728931288e-05,1.54369224338e-09,77,0.104184303369,1.95821198483e-05,2.34907732805e-05
2019-05-24,2.01615397913e-05,5.23720979853e-10,77,0.0712790854837,6.93854780814e-06,1.32229919831e-05
2019-05-28,2.83228396857e-05,9.79091838442e-10,77,0.0844828716414,7.38788162427e-06,2.09349580614e-05
2019-05-29,7.05421183101e-05,6.54730230551e-09,77,0.133328968398,3.44085689311e-05,3.6133549379e-05
2019-05-30,3.51087433524e-05,9.97313709184e-10,77,0.0940606364256,1.54553386047e-05,1.96534047476e-05
2019-05-31,3.05072637961e-05,9.9612929472e-10,77,0.0876802741592,1.4824315848e-05,1.56829479481e-05
2019-06-03,8.91145995767e-05,9.18253082713e-09,77,0.149856194711,4.1108770458e-05,4.80058291188e-05
2019-06-04,3.32945174716e-05,1.19938055665e-09,77,0.0915981353677,2.16983889821e-05,1.15961284895e-05
2019-06-05,3.53379394258e-05,1.40966067205e-09,77,0.094367159199,2.06894761575e-05,1.46484632683e-05
2019-06-06,3.56840166337e-05,2.09895715142e-09,77,0.0948281192036,2.39750764199e-05,1.17089402138e-05
2019-06-07,3.38886000568e-05,2.07881601662e-09,77,0.0924117266061,2.20929362428e-05,1.17956638141e-05
2019-06-10,2.30350092247e-05,5.25914780963e-10,77,0.0761893845928,1.05275764009e-05,1.25074328238e-05
2019-06-11,3.14418452462e-05,1.45008186095e-09,77,0.0890131731938,9.89485799637e-06,2.15469872498e-05
2019-06-12,1.72264657046e-05,4.16357125588e-10,77,0.0658867919812,8.46739819361e-06,8.75906751103e-06
2019-06-13,2.45331267626e-05,1.129575744e-09,77,0.0786279081763,1.36252493006e-05,1.0907877462e-05
2019-06-14,1.82065983455e-05,4.41208810568e-10,77,0.0677352403337,8.34552899476e-06,9.86106935071e-06
2019-06-17,7.93637490789e-06,6.59538539876e-11,77,0.0447209847475,3.82645556888e-06,4.10991933901e-06
2019-06-18,3.6556639946e-05,4.07581944629e-09,77,0.0959805879664,2.4196058468e-05,1.23605814779e-05
2019-06-19,3.35555390612e-05,3.64293144489e-09,77,0.0919564888598,1.99272914409e-05,1.36282476203e-05
2019-06-20,2.56320601718e-05,1.07267623882e-09,77,0.0803696408061,1.15593465673e-05,1.40727136046e-05
2019-06-21,1.63231826265e-05,3.34631846673e-10,77,0.0641361210386,8.93674744025e-06,7.38643518624e-06
2019-06-24,7.59168644401e-06,6.38101713581e-11,77,0.0437390555898,3.64489519212e-06,3.94679125188e-06
2019-06-25,2.88935012316e-05,1.29922075603e-09,77,0.0853297270027,8.6272820351e-06,2.02662191965e-05
2019-06-26,2.05790316587e-05,4.38106845444e-10,77,0.0720133041736,9.26027323051e-06,1.13187584282e-05
2019-06-27,1.08940030499e-05,2.39068740013e-10,77,0.052395503324,5.24785925896e-06,5.64614379093e-06
2019-06-28,9.36615071175e-06,1.88148096012e-10,77,0.0485826098451,5.31230240418e-06,4.05384830757e-06
2019-07-01,2.18141856863e-05,5.4673841119e-10,77,0.0741429348822,9.08420381277e-06,1.27299818735e-05
2019-07-02,2.16637623025e-05,6.92088641034e-10,77,0.0738868601325,1.31710692656e-05,8.49269303695e-06
2019-07-03,6.28345500575e-06,8.59868005255e-11,76,0.0397923442568,4.6540660367e-06,1.62938896905e-06
2019-07-05,1.92877358165e-05,3.77046488607e-10,77,0.0697173538349,1.12106396436e-05,8.07709617282e-06
2019-07-08,1.18175075785e-05,1.11505862658e-10,77,0.0545711637203,6.00949681411e-06,5.80801076443e-06
2019-07-09,8.60989790968e-06,1.17884962008e-10,77,0.0465799771709,5.37070094787e-06,3.23919696181e-06
2019-07-10,1.74491419798e-05,3.91292714885e-10,77,0.066311264344,8.53942321255e-06,8.90971876721e-06
2019-07-11,1.00381681865e-05,1.0805593569e-10,77,0.0502953117398,4.64882241022e-06,5.38934577631e-06
2019-07-12,4.68755442108e-06,2.07704380444e-11,77,0.0343695172226,2.97936500213e-06,1.70818941895e-06
2019-07-15,4.80655653265e-06,2.52836425702e-11,77,0.0348030493812,2.3420139233e-06,2.46454260935e-06
2019-07-16,1.07705552564e-05,1.2984946566e-10,77,0.052097791936,4.34934093957e-06,6.42121431681e-06
2019-07-17,1.59293453562e-05,3.4447865994e-10,77,0.0633576753817,4.72101250407e-06,1.12083328522e-05
2019-07-18,1.51389672019e-05,2.1249462515e-10,77,0.0617658460225,9.77628570653e-06,5.36268149536e-06
2019-07-19,2.63724277862e-05,1.34141775889e-09,77,0.0815220939507,5.6311487229e-06,2.07412790633e-05
2019-07-22,1.61041248239e-05,4.60475252852e-10,77,0.0637043126925,7.94334649945e-06,8.16077832446e-06
2019-07-23,1.34550279229e-05,3.62440787279e-10,77,0.0582294344517,8.21240390323e-06,5.24262401967e-06
2019-07-24,9.11046136442e-06,7.9399385563e-11,77,0.0479148856185,6.54039639709e-06,2.57006496733e-06
2019-07-25,2.27710507785e-05,4.07971046065e-10,77,0.0757515992979,9.7725811025e-06,1.29984696761e-05
2019-07-26,5.42690125909e-06,3.50808661479e-11,77,0.0369807938975,3.3694090206e-06,2.05749223849e-06
2019-07-29,7.78896754176e-06,6.79461325678e-11,77,0.0443037224229,3.77405638486e-06,4.01491115691e-06
2019-07-30,1.29444513371e-05,2.49247675841e-10,77,0.0571139364511,8.9255463677e-06,4.01890496937e-06
2019-07-31,7.32213109329e-05,1.6318554133e-08,77,0.135837293683,1.46253681015e-05,5.85959428314e-05
2019-08-01,0.000197621940836,1.15228232318e-07,77,0.223160769605,6.47892744645e-05,0.000132832666371
2019-08-02,7.87744318291e-05,7.47991771074e-09,77,0.14089413338,3.81341230886e-05,4.06403087404e-05
2019-08-05,0.000115857526082,1.83809070736e-08,77,0.170868652984,5.01218061771e-05,6.57357199049e-05
2019-08-06,9.65660695231e-05,9.04479522709e-09,77,0.155995671478,4.57057357491e-05,5.0860333774e-05
2019-08-07,0.000146215786655,2.25022724592e-08,77,0.191954104507,8.12577845971e-05,6.49580020577e-05
2019-08-08,3.53076316539e-05,1.18322511084e-09,77,0.0943266832704,2.21651566902e-05,1.31424749637e-05
2019-08-09,8.27657284042e-05,9.00792142347e-09,77,0.144419401598,3.64016195915e-05,4.63641088127e-05
2019-08-12,4.49496758819e-05,2.28281436684e-09,77,0.10642987514,1.66671524088e-05,2.82825234731e-05
2019-08-13,0.000195784319893,2.26057651637e-07,77,0.222120797345,0.000156928902677,3.88554172163e-05
2019-08-14,0.000126351051868,1.57768097739e-08,77,0.178438967355,5.3532054392e-05,7.28189974757e-05
2019-08-15,9.65831178761e-05,9.77770699856e-09,77,0.156009441076,4.49438704197e-05,5.16392474565e-05
2019-08-16,3.84561455239e-05,4.69293139893e-09,77,0.0984426161376,2.7397168474e-05,1.10589770499e-05
2019-08-19,1.0887946835e-05,1.5091340713e-10,77,0.0523809373955,5.13747699673e-06,5.75046983831e-06
2019-08-20,3.19223310267e-05,1.17152833456e-09,77,0.089690732067,1.20501481004e-05,1.98721829263e-05
2019-08-21,1.4332408089e-05,3.06370806042e-10,77,0.0600979769912,8.53209891574e-06,5.80030917328e-06
2019-08-22,5.46686738335e-05,6.6417629651e-09,77,0.117373360717,2.1332905703e-05,3.33357681305e-05
2019-08-23,0.000227648029614,1.56210210195e-07,77,0.239514724939,6.26734673974e-05,0.000164974562216
2019-08-26,5.39306048686e-05,4.70579362204e-09,77,0.116578353166,3.10256532134e-05,2.29049516552e-05
2019-08-27,5.55746800052e-05,3.23859140889e-09,77,0.118341959428,2.13479753391e-05,3.4226704666e-05
2019-08-28,3.53616953427e-05,1.37469692224e-09,77,0.0943988730143,2.45421214872e-05,1.08195738555e-05
2019-08-29,2.66097661506e-05,1.29945827528e-09,77,0.0818881009057,1.11747146552e-05,1.54350514953e-05
2019-08-30,3.20234234592e-05,1.4999298557e-09,77,0.0898326372302,1.25988736596e-05,1.94245497996e-05
2019-09-03,6.92465491341e-05,2.72117841685e-08,77,0.132098941638,2.106793274e-05,4.81786163941e-05
2019-09-04,1.02017256203e-05,1.08519122558e-10,77,0.0507034008358,5.598271507e-06,4.6034541133e-06
2019-09-05,1.89683732461e-05,6.0134284891e-10,77,0.0691377614479,1.07965119586e-05,8.17186128751e-06
2019-09-06,1.37919101115e-05,7.84465341606e-10,77,0.0589538917129,9.30490903786e-06,4.48700107362e-06
2019-09-09,1.14230900034e-05,1.48429610647e-10,77,0.0536527602351,6.04506021043e-06,5.37802979292e-06
2019-09-10,3.76964998771e-05,3.38819891952e-09,77,0.09746547065,2.48478448833e-05,1.28486549938e-05
2019-09-11,1.26403499987e-05,3.44958793603e-10,77,0.0564390662544,1.02200696838e-05,2.42028031485e-06
2019-09-12,3.11770321519e-05,4.07489109379e-09,77,0.088637532131,1.06969071453e-05,2.04801250065e-05
2019-09-13,1.29211196182e-05,1.65423234106e-10,77,0.0570624407451,5.7577953046e-06,7.16332431363e-06
2019-09-16,1.47696022833e-05,3.44867165632e-10,77,0.0610077025907,7.58616919927e-06,7.18343308406e-06
2019-09-17,9.92460448963e-06,1.21052057663e-10,77,0.0500100023134,6.43928677056e-06,3.48531771908e-06
2019-09-18,3.25250346117e-05,4.08228520783e-09,77,0.0905334674148,1.79932452648e-05,1.45317893469e-05
2019-09-19,1.60193467032e-05,4.22330708674e-10,77,0.0635364097916,5.53135958271e-06,1.04879871205e-05
2019-09-20,5.496630578e-05,2.49983478375e-08,77,0.117692434152,1.13165280008e-05,4.36497777792e-05
2019-09-23,1.30860516939e-05,2.59677093533e-10,77,0.0574254736755,8.01679030962e-06,5.06926138425e-06
2019-09-24,9.57670699405e-05,2.49598030168e-08,77,0.155348967248,4.64785292243e-05,4.92885407162e-05
2019-09-25,2.47209539646e-05,1.79341383271e-09,77,0.0789283244411,1.70959523181e-05,7.62500164653e-06
2019-09-26,3.57349363529e-05,1.07242639179e-09,77,0.0948957531237,1.6760943786e-05,1.89739925668e-05
2019-09-27,6.83598334148e-05,1.68780323426e-08,77,0.131250440077,1.88910068663e-05,4.94688265485e-05
2019-09-30,1.21212059802e-05,1.73851761608e-10,77,0.0552679283764,7.00921250373e-06,5.11199347651e-06
2019-10-01,6.85449492293e-05,1.14626562702e-08,77,0.131428030518,1.64793230033e-05,5.20656262261e-05
2019-10-02,6.27209747461e-05,3.37372909671e-09,77,0.125720665111,2.26135138777e-05,4.01074608684e-05
2019-10-03,0.000165251931239,1.75767503737e-07,77,0.204067358174,5.94028936308e-05,0.000105849037608
2019-10-04,2.00803843665e-05,4.68485918096e-10,77,0.0711354824287,1.25743883166e-05,7.5059960499e-06
2019-10-07,3.86666209372e-05,1.83162473099e-09,77,0.0987116430628,1.93996348821e-05,1.9266986055e-05
2019-10-08,6.96163237087e-05,6.0070457061e-09,77,0.132451174304,2.9330323258e-05,4.02860004507e-05
2019-10-09,3.96066947541e-05,4.95970212316e-09,77,0.0999043896835,1.51522591439e-05,2.44544356102e-05
2019-10-10,4.97222591307e-05,5.86264775679e-09,77,0.111937524097,2.7112458218e-05,2.26098009127e-05
2019-10-11,4.04325952801e-05,4.81739678942e-09,77,0.100940645979,1.37550057578e-05,2.66775895223e-05
2019-10-14,1.724787249e-05,3.76542835976e-10,77,0.0659277169898,9.50067850647e-06,7.74719398355e-06
2019-10-15,1.38962182604e-05,2.52053199583e-10,77,0.059176405785,9.65378861788e-06,4.24242964254e-06
2019-10-16,1.22143769822e-05,1.46237826548e-10,77,0.055479933305,6.3653217197e-06,5.84905526255e-06
2019-10-17,1.63745325441e-05,2.79336508372e-10,77,0.0642369224132,6.8850994633e-06,9.48943308084e-06
2019-10-18,2.70140354817e-05,1.18942549853e-09,77,0.0825077992761,8.270182052e-06,1.87438534297e-05
2019-10-21,6.92535760725e-06,4.73731943338e-11,77,0.0417754726727,3.79177656309e-06,3.13358104416e-06
2019-10-22,1.38930402491e-05,2.51808786336e-10,77,0.0591696386906,4.06540995174e-06,9.82763029739e-06
2019-10-23,1.02160341304e-05,1.17961752612e-10,77,0.0507389456025,6.37922545455e-06,3.83680867582e-06
2019-10-24,1.38067649566e-05,1.66888459021e-10,77,0.0589856318865,6.06400644502e-06,7.74275851153e-06
2019-10-25,1.23563355069e-05,2.35297926759e-10,77,0.0558014027398,8.45832573448e-06,3.89800977238e-06
2019-10-28,6.31899268907e-06,5.25997151253e-11,77,0.0399047134765,2.67261654853e-06,3.64637614054e-06
2019-10-29,1.27986249083e-05,3.82793829749e-10,77,0.0567913151539,4.9140342666e-06,7.88459064175e-06
2019-10-30,1.74865810116e-05,4.3436598882e-10,77,0.0663823652404,1.10954915102e-05,6.39108950136e-06
2019-10-31,3.53033159643e-05,1.8208912138e-09,77,0.0943209182685,1.47217701251e-05,2.05815458392e-05
2019-11-01,1.13463172215e-05,2.16123253528e-10,77,0.0534721604185,7.90794212101e-06,3.43837510051e-06
2019-11-04,6.93995060027e-06,5.38260800927e-11,77,0.041819463785,2.79724690878e-06,4.14270369149e-06
2019-11-05,9.51222102072e-06,1.87215992693e-10,77,0.048959980568,3.95622089463e-06,5.55600012609e-06
2019-11-06,1.20899492148e-05,4.05919960584e-10,77,0.0551966231043,4.91439911451e-06,7.17555010024e-06
2019-11-07,2.03268956191e-05,8.08543399847e-10,77,0.0715707880075,1.09944162632e-05,9.3324793559e-06
2019-11-08,1.2149321932e-05,9.01124600964e-10,77,0.0553319900858,4.79038106685e-06,7.35894086512e-06
2019-11-11,3.75319297836e-06,4.81543058384e-11,77,0.0307539368301,2.67878015394e-06,1.07441282442e-06
2019-11-12,1.15560450684e-05,1.82475192773e-10,77,0.0539640932217,4.69264755783e-06,6.86339751058e-06
2019-11-13,1.51954784442e-05,7.76995657328e-10,77,0.0618810194482,7.61450906331e-06,7.58096938092e-06
2019-11-14,9.69625426136e-06,1.19350936998e-10,77,0.0494313268471,4.39086548699e-06,5.30538877437e-06
2019-11-15,5.93408680884e-06,4.93950865827e-11,77,0.0386702712148,4.18591663771e-06,1.74817017114e-06
2019-11-18,7.2694057318e-06,7.62034244295e-11,77,0.0428005869634,3.94891590347e-06,3.32048982833e-06
2019-11-19,1.11079534256e-05,1.22912776216e-10,77,0.0529075066814,4.73985661875e-06,6.36809680683e-06
2019-11-20,2.71471213283e-05,1.92193100721e-09,77,0.0827107887444,9.54378186212e-06,1.76033394661e-05
2019-11-21,1.63994481459e-05,7.51773642406e-10,77,0.0642857755088,7.00534192588e-06,9.39410622e-06
2019-11-22,9.86382982056e-06,1.45809322951e-10,77,0.0498566456431,4.18351329113e-06,5.68031652943e-06
2019-11-25,4.23848947053e-06,2.64850153472e-11,77,0.0326817892193,3.12147339034e-06,1.11701608019e-06
2019-11-26,5.85936600563e-06,4.20417227567e-11,77,0.0384260358796,3.79485506208e-06,2.06451094355e-06
2019-11-27,3.10166037596e-06,8.5244048328e-12,77,0.0279574393452,1.88168308332e-06,1.21997729263e-06
2019-11-29,7.01687382074e-06,4.47873955271e-11,68,0.0420505909926,3.46262441084e-06,3.5542494099e-06
2019-12-02,3.7546007436e-05,2.93096765827e-09,77,0.0972707246497,1.11808019935e-05,2.63652054425e-05
2019-12-03,4.890814427e-05,4.29081247711e-09,77,0.111017351599,2.42094570837e-05,2.46986871863e-05
2019-12-04,1.30415377477e-05,3.97105601499e-10,77,0.0573277202792,8.45188901466e-06,4.58964873299e-06
2019-12-05,1.70391549508e-05,7.22047115004e-10,77,0.0655276052333,6.8556908519e-06,1.01834640989e-05
2019-12-06,5.59297735143e-06,4.41857058696e-11,77,0.0375423799533,3.09329986395e-06,2.49967748748e-06
2019-12-09,6.43008738836e-06,9.25508205063e-11,77,0.04025396902,3.08937676975e-06,3.34071061861e-06
2019-12-10,1.8850230561e-05,6.84540609496e-10,77,0.0689221161992,7.69085510721e-06,1.11593754538e-05
2019-12-11,9.50887722117e-06,1.41783277203e-10,77,0.0489513744417,5.46954771133e-06,4.03932950984e-06
2019-12-12,8.04288175761e-05,3.75431983772e-08,77,0.142365944064,6.45170905747e-05,1.59117270014e-05
2019-12-13,4.15133305536e-05,6.5383266093e-09,77,0.102280786561,2.81239362251e-05,1.33893943286e-05
2019-12-16,6.35349960884e-06,7.84677068977e-11,77,0.0400135214825,2.97786936322e-06,3.37563024562e-06
2019-12-17,4.92474858128e-06,2.67696337366e-11,77,0.0352283499824,2.3049195119e-06,2.61982906938e-06
2019-12-18,7.33296011638e-06,9.13723988586e-11,77,0.0429872765982,2.76182886022e-06,4.57113125616e-06
2019-12-19,4.80177553239e-06,3.09288625056e-11,77,0.0347857360733,3.21508172879e-06,1.5866938036e-06
2019-12-20,3.75373972028e-06,1.72778878707e-11,77,0.03075617677,2.30557358783e-06,1.44816613245e-06
2019-12-23,2.21595181505e-06,6.22022907945e-12,77,0.0236309089413,9.1717424247e-07,1.29877757258e-06
2019-12-24,1.99704763903e-06,6.46814110564e-12,58,0.0224333681162,9.42264942542e-07,1.05478269649e-06
2019-12-26,3.67349339766e-06,5.04425371184e-11,77,0.0304256526012,3.00139519584e-06,6.7209820182e-07
2019-12-27,8.58171618555e-06,2.15710854664e-10,77,0.0465036824215,2.4844876712e-06,6.09722851435e-06
2019-12-30,2.07489360645e-05,1.19707243754e-09,77,0.0723099708771,5.82073304044e-06,1.4928203024e-05
2019-12-31,9.80428179043e-06,1.536082755e-10,77,0.0497059253127,6.50491933727e-06,3.29936245316e-06
2020-01-02,1.58960217733e-05,3.88461015625e-10,77,0.0632913697662,8.43041417811e-06,7.46560759524e-06
2020-01-03,2.18585432993e-05,5.82067342218e-10,77,0.0742182788228,1.01313471509e-05,1.17271961483e-05
2020-01-06,9.35432584886e-06,1.1968051132e-10,77,0.0485519321337,7.207804044e-06,2.14652180486e-06
2020-01-07,1.18930333933e-05,2.04658598827e-10,77,0.0547452684267,4.19512408218e-06,7.6979093111e-06
2020-01-08,2.36560897404e-05,1.52303118354e-09,77,0.0772096795393,1.29254307586e-05,1.07306589817e-05
2020-01-09,1.10867257213e-05,1.57994908892e-10,77,0.0528569284178,5.37947138739e-06,5.70725433392e-06
2020-01-10,1.45418711812e-05,2.3991007237e-10,77,0.0605355394595,6.1627204624e-06,8.37915071876e-06
2020-01-13,5.96089917765e-06,4.86538413163e-11,77,0.0387575359481,4.58535966449e-06,1.37553951315e-06
2020-01-14,1.52273631217e-05,3.69370480888e-10,77,0.0619459079089,5.7190089263e-06,9.50835419538e-06
2020-01-15,1.45829384592e-05,1.77965318732e-10,77,0.0606209575289,6.85860302402e-06,7.72433543521e-06
2020-01-16,5.5411675941e-06,4.54978898229e-11,77,0.0373680911168,3.44899872826e-06,2.09216886584e-06
2020-01-17,8.49404594237e-06,8.6926825366e-11,77,0.0462655333642,4.59529677069e-06,3.89874917168e-06
2020-01-21,1.14760255106e-05,1.63095809968e-10,77,0.0537769321239,5.41449906398e-06,6.06152644659e-06
2020-01-22,1.24261315554e-05,1.97950031502e-10,77,0.0559587808299,4.20008758817e-06,8.22604396725e-06
2020-01-23,1.63036150372e-05,3.22332467065e-10,77,0.0640976675814,1.12619361207e-05,5.04167891647e-06
2020-01-24,5.60407644189e-05,2.75025626278e-09,77,0.118837168569,1.9903639727e-05,3.61371246919e-05
2020-01-27,4.21835487868e-05,1.55448503886e-09,77,0.103103124561,1.93849594769e-05,2.27985893099e-05
2020-01-28,2.20244160329e-05,5.71484314903e-10,77,0.0744993479186,1.39653122425e-05,8.05910379047e-06
2020-01-29,2.62973261712e-05,1.19874412233e-09,77,0.0814059346433,9.47620492453e-06,1.68211212467e-05
2020-01-30,5.31605312966e-05,2.67340263734e-09,77,0.115743051138,2.85555890282e-05,2.46049422684e-05
2020-01-31,7.4653409031e-05,4.78512352325e-09,77,0.137159247139,2.79761093729e-05,4.66772996582e-05
2020-02-03,3.59840353821e-05,1.25670803097e-09,77,0.0952259256521,1.75961140318e-05,1.83879213503e-05
2020-02-04,1.7857997994e-05,6.42992051278e-10,77,0.0670836455069,1.13906338922e-05,6.46736410177e-06
2020-02-05,2.64087841636e-05,9.84623864198e-10,77,0.0815782667702,1.41314661151e-05,1.22773180485e-05
2020-02-06,1.70466536289e-05,4.6485130906e-10,77,0.0655420225084,8.08852105363e-06,8.95813257531e-06
2020-02-07,2.26691859786e-05,6.00743529861e-10,77,0.075581974482,1.0691299489e-05,1.19778864896e-05
2020-02-10,1.30830190463e-05,2.10235517581e-10,77,0.0574188192116,9.06566848784e-06,4.01735055843e-06
2020-02-11,2.33215052836e-05,6.27667761616e-10,77,0.0766617201182,1.2654568583e-05,1.06669367006e-05
2020-02-12,1.03946729139e-05,1.49483550983e-10,77,0.0511806367126,4.83904791374e-06,5.55562500019e-06
2020-02-13,2.59007526284e-05,9.60334167976e-10,77,0.0807897868692,1.09717351244e-05,1.49290175041e-05
2020-02-14,1.26031256853e-05,1.68814477892e-10,77,0.0563559018444,6.40650843289e-06,6.19661725241e-06
2020-02-18,2.16228246463e-05,9.61314697121e-10,77,0.0738170157272,9.07031952624e-06,1.25525051201e-05
2020-02-19,6.21756517317e-06,3.84002126466e-11,77,0.0395831583333,3.77496983978e-06,2.44259533339e-06
2020-02-20,9.1810712564e-05,1.83880812814e-08,77,0.152106211465,4.07137481329e-05,5.1096964431e-05
2020-02-21,5.54459728496e-05,5.10904882415e-09,77,0.118204844055,2.17559235442e-05,3.36900493055e-05
2020-02-24,0.00010710069596,1.35985701846e-08,77,0.164284434387,4.93753256966e-05,5.77253702631e-05
2020-02-25,0.000253135107341,5.57493252875e-08,77,0.252566915985,8.59207007966e-05,0.000167214406545
2020-02-26,0.000278202462165,8.21664286785e-08,77,0.264777303532,0.000135079462509,0.000143122999656
2020-02-27,0.000735405922259,4.20222552844e-07,77,0.430490757635,0.000324182224224,0.000411223698035
2020-02-28,0.00148947104733,2.48642279716e-06,77,0.612655452867,0.00090686585451,0.000582605192823
2020-03-02,0.000636544315165,4.28743605168e-07,77,0.400511132706,0.000446738988256,0.000189805326909
2020-03-03,0.0018430891804,8.273337437e-06,77,0.681511902656,0.00107471209634,0.000768377084064
2020-03-04,0.000239098926529,7.78777557644e-08,77,0.245464721468,0.000131761005724,0.000107337920805
2020-03-05,0.000340859654234,9.21433576582e-08,77,0.293081273484,0.00014766754006,0.000193192114173
2020-03-06,0.00051770330477,2.84611419585e-07,77,0.361194176036,0.000334376456816,0.000183326847954
2020-03-09,0.00120051550679,2.10429333161e-06,75,0.550027188156,0.000661740588068,0.00053877491872
2020-03-10,0.00101276794466,7.25561550357e-07,77,0.505190579934,0.000576050598502,0.000436717346158
2020-03-11,0.000513814095094,2.59219190684e-07,77,0.359834895423,0.000237733993556,0.000276080101539
2020-03-12,0.00379898670548,3.02547180118e-05,75,0.978439906066,0.00210891090389,0.00169007580159
2020-03-13,0.00239140591829,6.83937001838e-06,77,0.776295234694,0.00146651198474,0.000924893933546
2020-03-16,0.00269448400532,7.61826994984e-06,75,0.824020612206,0.00150340063105,0.00119108337427
2020-03-17,0.00235049217942,5.01698430318e-06,77,0.76962590212,0.0011641564506,0.00118633572882
2020-03-18,0.00243229444969,5.26324417356e-06,75,0.782903698626,0.00144126430182,0.000991030147871
2020-03-19,0.00192853284301,3.53154038334e-06,77,0.697130028357,0.000984227710505,0.000944305132501
2020-03-20,0.00165450901142,2.86005669669e-06,77,0.645706025122,0.00059547193093,0.00105903708049
2020-03-23,0.00298598817679,1.13338542961e-05,77,0.867449722204,0.00143603972324,0.00154994845355
2020-03-24,0.000784192981959,5.66791904191e-07,77,0.444540922136,0.000475354784981,0.000308838196978
2020-03-25,0.00129963597147,1.67909327687e-06,77,0.572283378066,0.000584445871059,0.000715190100409
2020-03-26,0.0012125354155,4.6619635636e-06,77,0.552773845895,0.000867973449597,0.000344561965901
2020-03-27,0.000606873881117,4.27417638926e-07,77,0.391065490732,0.000272867248387,0.000334006632729
2020-03-30,0.000313297573116,1.23032350652e-07,77,0.280982185245,0.00017259617376,0.000140701399356
2020-03-31,0.000422484372528,2.05453649724e-07,77,0.326291375732,0.000207529876085,0.000214954496443
2020-04-01,0.000330569795657,1.38528913291e-07,77,0.288623610444,0.000178881337523,0.000151688458134
2020-04-02,0.00077686222112,6.04445380632e-07,77,0.442458223703,0.000477797939639,0.000299064281481
2020-04-03,0.000361787321431,1.48046612064e-07,77,0.301944374017,0.000171711155218,0.000190076166213
2020-04-06,0.000292341880765,2.88062650896e-07,77,0.27142246398,0.000209776459357,8.25654214076e-05
2020-04-07,0.000691064411685,8.65137774308e-07,77,0.417310713671,0.000228775371009,0.000462289040676
2020-04-08,0.000238194559819,5.08570501022e-08,77,0.245000059336,0.000157805644909,8.03889149096e-05
2020-04-09,0.000386244583841,1.43887537879e-07,77,0.311983389186,0.000193207289808,0.000193037294032
2020-04-13,0.000274995245797,7.59001446487e-08,77,0.263246656087,0.000122725023182,0.000152270222616
2020-04-14,0.000141173877506,2.43901734988e-08,77,0.188615527281,9.68448017248e-05,4.43290757811e-05
2020-04-15,0.000194144750046,3.92269940677e-08,77,0.221188781387,8.85036756362e-05,0.000105641074409
2020-04-16,0.00019588342575,4.08984456056e-08,77,0.222177008912,0.000101891746395,9.39916793548e-05
2020-04-17,0.00012692990943,1.75002812908e-08,77,0.17884724537,6.93145091749e-05,5.76154002554e-05
2020-04-20,0.000141296448088,1.94822228526e-08,77,0.188697389802,6.13128844494e-05,7.99835636384e-05
2020-04-21,0.000269196090888,6.0048852437e-08,77,0.260456166953,0.000112253053197,0.00015694303769
2020-04-22,8.86763185467e-05,1.40208718688e-08,77,0.14948723114,3.7060321026e-05,5.16159975207e-05
2020-04-23,0.000183831860433,6.54894160593e-08,77,0.215233893309,6.57615349325e-05,0.0001180703255
2020-04-24,9.58076235167e-05,8.75747675366e-09,77,0.155381855846,5.21448522408e-05,4.36627712759e-05
2020-04-27,5.47479694138e-05,3.27104262221e-09,77,0.117458453473,2.66268654738e-05,2.812110394e-05
2020-04-28,0.000155465801788,3.34736494178e-08,77,0.197932771543,4.40114387762e-05,0.000111454363012
2020-04-29,7.71401605232e-05,8.19140313274e-09,77,0.139424963518,4.08719288986e-05,3.62682316247e-05
2020-04-30,0.000134643102212,2.44954590771e-08,77,0.184201144832,7.48193559613e-05,5.98237462507e-05
2020-05-01,0.000141374733591,2.54989584114e-08,77,0.188749656596,5.82860422418e-05,8.30886913492e-05
2020-05-04,9.56279984396e-05,1.01074796765e-08,77,0.155236128549,5.67312020191e-05,3.88967964205e-05
2020-05-05,7.88801927748e-05,1.26562756528e-08,77,0.140988682451,2.64074252963e-05,5.24727674785e-05
2020-05-06,0.000105656354744,1.1611122358e-08,77,0.163172918695,3.57899335682e-05,6.98664211757e-05
2020-05-07,6.66221410565e-05,6.9656779611e-09,77,0.129571522898,3.37101137981e-05,3.29120272584e-05
2020-05-08,3.58077551594e-05,1.63347703024e-09,77,0.0949923907488,1.83727746507e-05,1.74349805087e-05
2020-05-11,5.44546994457e-05,3.10186931509e-09,77,0.117143434559,3.34050281686e-05,2.10496712771e-05
2020-05-12,9.24322896499e-05,9.97318152329e-09,77,0.152620237818,2.21789035485e-05,7.02533861014e-05
2020-05-13,0.000278062479979,6.58283902867e-08,77,0.264710681603,0.000135687503154,0.000142374976824
2020-05-14,0.00026125639991,7.43012185678e-08,77,0.256586462576,0.00017626879107,8.49876088395e-05
2020-05-15,0.000149367693185,2.19477746464e-08,77,0.194012006542,9.2236569784e-05,5.7131123401e-05
2020-05-18,6.03576611662e-05,7.44952156715e-09,77,0.123329358281,2.87626745678e-05,3.15949865985e-05
2020-05-19,0.000130510691014,4.64330589157e-08,77,0.18135240317,4.2876719912e-05,8.7633971102e-05
2020-05-20,5.11248971144e-05,2.4399068238e-09,77,0.113505392263,2.7035783412e-05,2.40891137024e-05
2020-05-21,0.000105327252509,1.12136112406e-08,77,0.16291859204,4.20825657543e-05,6.32446867543e-05
2020-05-22,4.44075445767e-05,2.06753764258e-09,77,0.105786110777,2.190276725e-05,2.25047773267e-05
2020-05-26,4.4586487635e-05,2.47158511529e-09,77,0.105999032467,1.53963962233e-05,2.91900914117e-05
2020-05-27,0.000133014277959,2.88271061817e-08,77,0.18308358213,5.76378150333e-05,7.53764629253e-05
2020-05-28,0.000103885159101,2.45901437687e-08,77,0.161799444046,3.73069368576e-05,6.65782222435e-05
2020-05-29,0.000209176042576,1.45022292355e-07,77,0.229591730533,0.000157465217033,5.17108255432e-05
2020-06-01,3.01533094129e-05,2.89411974059e-09,77,0.0871701438111,1.80382707551e-05,1.21150386578e-05
2020-06-02,4.59381053535e-05,2.52229419095e-09,77,0.107593691958,2.39450599622e-05,2.19930453913e-05
2020-06-03,2.82390929491e-05,1.17381925549e-09,77,0.0843578770666,1.64388827361e-05,1.1800210213e-05
2020-06-04,6.63203805052e-05,5.14163125989e-09,77,0.129277747069,3.07871481232e-05,3.55332323821e-05
2020-06-05,6.69618760293e-05,4.71437045555e-09,77,0.129901473276,3.45333577752e-05,3.24285182541e-05
2020-06-08,3.35044118484e-05,1.16885900739e-09,77,0.0918864069696,1.93771503562e-05,1.41272614921e-05
2020-06-09,5.45109819571e-05,3.22908637171e-09,77,0.117203956645,2.93884731625e-05,2.51225087946e-05
2020-06-10,0.000168457726019,4.29174790135e-08,77,0.206037246528,8.46839116718e-05,8.3773814347e-05
2020-06-11,0.000275599634907,7.55068403534e-08,77,0.263535781245,0.000106542197979,0.000169057436928
2020-06-12,0.000551772007187,2.87355649698e-07,77,0.372889455216,0.000258460441867,0.00029331156532
2020-06-15,0.000303404484606,1.96776412055e-07,77,0.276510271275,0.000227995210619,7.54092739867e-05
2020-06-16,0.000283502656412,1.38587536759e-07,77,0.26728761553,0.000104340808598,0.000179161847814
2020-06-17,7.8946957442e-05,7.73786670736e-09,77,0.141048336663,3.54787237795e-05,4.34682336625e-05
2020-06-18,7.70711640939e-05,8.62237273097e-09,77,0.139362596674,4.25840825281e-05,3.44870815658e-05
2020-06-19,0.000180698226237,3.78607382162e-08,77,0.213391548595,6.62763637452e-05,0.000114421862491
2020-06-22,6.07067276087e-05,4.09980059609e-09,77,0.123685469467,3.63646012251e-05,2.43421263836e-05
2020-06-23,4.48241318285e-05,2.28104311986e-09,77,0.106281142357,1.94545516244e-05,2.53695802041e-05
2020-06-24,0.000242550491002,4.06884011621e-08,77,0.247230102804,0.000102347866381,0.000140202624621
2020-06-25,0.000173917710814,3.91689440657e-08,77,0.209349619358,0.000102041405517,7.1876305297e-05
2020-06-26,0.000155477780013,2.83534204572e-08,77,0.197940396492,5.75119694798e-05,9.79658105335e-05
2020-06-29,7.97367951672e-05,9.63295645249e-09,77,0.141752151243,5.60052154748e-05,2.37315796924e-05
2020-06-30,9.80541773275e-05,3.43556547501e-08,77,0.157193042742,5.80456324316e-05,4.00085448959e-05
2020-07-01,6.81586643537e-05,5.34005461889e-09,77,0.131057176137,2.86859353598e-05,3.94727289939e-05
2020-07-02,5.86974834524e-05,4.14542989964e-09,77,0.121621403667,1.81431120633e-05,4.05543713891e-05
2020-07-06,2.64273845172e-05,7.60066075466e-10,77,0.0816069904992,1.27746234336e-05,1.36527610835e-05
2020-07-07,4.85390481766e-05,2.6164647438e-09,77,0.110597649796,2.10600690113e-05,2.74789791653e-05
2020-07-08,6.36062426823e-05,7.09903509076e-09,77,0.126604791204,2.81809293526e-05,3.54253133297e-05
2020-07-09,0.000151479596817,4.01212652396e-08,77,0.19537875626,5.20526057415e-05,9.9426991075e-05
2020-07-10,8.27792943591e-05,1.08160986844e-08,77,0.144431236852,4.86421430831e-05,3.4137151276e-05
2020-07-13,0.000142473360659,4.94847219073e-08,77,0.189481626777,3.12939310412e-05,0.000111179429617
2020-07-14,0.000198632516343,3.75361141589e-08,77,0.223730628477,0.000108715301858,8.99172144856e-05
2020-07-15,0.000126580188269,1.74856240875e-08,77,0.17860069273,5.83823429291e-05,6.81978453396e-05
2020-07-16,4.83164430731e-05,2.76124163561e-09,77,0.110343752222,2.46052051739e-05,2.37112378991e-05
2020-07-17,2.85750188436e-05,1.03478808723e-09,77,0.084858144857,1.35667678366e-05,1.50082510069e-05
2020-07-20,2.47278559691e-05,7.20481388028e-10,77,0.0789393419293,1.49086785957e-05,9.81917737347e-06
2020-07-21,4.82281348265e-05,2.45848669528e-09,77,0.110242868142,2.01725240355e-05,2.8055610791e-05
2020-07-22,3.88149425958e-05,1.61028981007e-09,77,0.0989007863171,2.33081757301e-05,1.55067668657e-05
2020-07-23,8.62192146618e-05,8.25005848437e-09,77,0.147401635319,2.78724898768e-05,5.8346724785e-05
2020-07-24,7.59400258053e-05,7.30297343735e-09,77,0.138336135926,3.33807769541e-05,4.25592488511e-05
2020-07-27,2.24235442931e-05,6.91956350002e-10,77,0.0751713586538,1.5139374526e-05,7.28416976704e-06
2020-07-28,3.59064473971e-05,1.93444965437e-09,77,0.0951232082305,1.51609971394e-05,2.07454502577e-05
2020-07-29,3.13405842936e-05,1.13731734635e-09,77,0.0888697206139,1.81370063233e-05,1.32035779704e-05
2020-07-30,6.76519872869e-05,5.45348575052e-09,77,0.130569141823,3.60947993185e-05,3.15571879684e-05
2020-07-31,8.99525770845e-05,8.14291902576e-09,77,0.15055912269,4.73633491233e-05,4.25892279612e-05
2020-08-03,2.56336415352e-05,7.53162124e-10,77,0.08037211996,1.40227237757e-05,1.16109177595e-05
2020-08-04,2.75957257784e-05,8.58501137602e-10,77,0.0833913838244,1.61630922324e-05,1.1432633546e-05
2020-08-05,1.64680236462e-05,5.49545541373e-10,77,0.0644200431454,1.02769833271e-05,6.1910403191e-06
2020-08-06,2.48452320862e-05,8.14752929764e-10,77,0.07912647146,1.44685342468e-05,1.03766978393e-05
2020-08-07,5.33313552698e-05,2.52898296461e-09,77,0.115928864085,2.69958676758e-05,2.6335487594e-05
2020-08-10,3.09985838985e-05,1.96601181572e-09,77,0.088383500397,1.3829699663e-05,1.71688842355e-05
2020-08-11,9.04830337108e-05,2.04743859034e-08,77,0.151002398971,2.81111497469e-05,6.23718839639e-05
2020-08-12,2.27842551291e-05,4.85226421249e-10,77,0.0757735593234,1.35757524258e-05,9.20850270324e-06
2020-08-13,2.91815344538e-05,8.60119084951e-10,77,0.0857539893088,1.44240940235e-05,1.47574404304e-05
2020-08-14,3.18578310972e-05,1.89555308989e-09,77,0.0896000749804,1.90762909754e-05,1.27815401218e-05
2020-08-17,7.09232839369e-06,7.82534199675e-11,77,0.0422760778125,3.55598584807e-06,3.53634254561e-06
2020-08-18,3.28844385392e-05,3.71783130993e-09,77,0.0910322937857,9.78141547788e-06,2.31030230614e-05
2020-08-19,2.32743003927e-05,1.7928180903e-09,77,0.0765840956006,5.5694979657e-06,1.7704802427e-05
2020-08-20,1.85892749143e-05,3.38940428556e-10,77,0.0684433873973,1.20883105295e-05,6.50096438486e-06
2020-08-21,1.87946139056e-05,5.83014847045e-10,77,0.0688203654758,1.10493644175e-05,7.74524948812e-06
2020-08-24,2.229079139e-05,6.21187019845e-10,77,0.0749485118617,1.229567908e-05,9.99511231008e-06
2020-08-25,1.85978184475e-05,4.8706549668e-10,77,0.0684591137014,9.38592980014e-06,9.2118886474e-06
2020-08-26,2.65419697701e-05,6.62131540243e-10,77,0.0817837170962,1.62710740922e-05,1.0270895678e-05
2020-08-27,6.7494898377e-05,5.58498331684e-09,77,0.130417461987,3.96312591537e-05,2.78636392233e-05
2020-08-28,1.85840569695e-05,3.4727413233e-10,77,0.0684337808126,1.09145910883e-05,7.66946588119e-06
2020-08-31,4.18609117618e-05,5.06715293445e-09,77,0.102708080325,1.47697026865e-05,2.70912090753e-05
2020-09-01,2.51644002006e-05,9.9793905534e-10,77,0.0796330889176,1.62016054493e-05,8.96279475132e-06
2020-09-02,4.40721186679e-05,2.93777189726e-09,77,0.105385833509,2.22836330436e-05,2.17884856244e-05
2020-09-03,0.000450624574037,3.11763321097e-07,77,0.336982777983,0.000147215970437,0.0003034086036
2020-09-04,0.00048605593136,2.71261226549e-07,77,0.349980134726,0.000202905698239,0.000283150233121
2020-09-08,0.00027221660805,8.8601499186e-08,77,0.261913316249,0.000107023227769,0.000165193380281
2020-09-09,0.000109839775083,2.06764829696e-08,77,0.166371942709,4.94338261683e-05,6.04059489147e-05
2020-09-10,0.000272477582558,6.79297368636e-08,77,0.262038834536,8.81686891041e-05,0.000184308893454
2020-09-11,0.000174377128923,3.19356443881e-08,77,0.209625944217,7.82795450592e-05,9.60975838643e-05
2020-09-14,6.41198437086e-05,4.44323166846e-09,77,0.127114911063,3.12011243196e-05,3.29187193891e-05
2020-09-15,3.52025810582e-05,1.5994614726e-09,77,0.0941862539157,1.39876337399e-05,2.12149473184e-05
2020-09-16,6.36171318021e-05,6.99654456094e-09,77,0.126615627843,1.86781136918e-05,4.49390181102e-05
2020-09-17,0.000125462417274,1.80395536847e-08,77,0.177810374144,7.43233585552e-05,5.11390587191e-05
2020-09-18,0.000113010831062,1.45561874396e-08,77,0.168756420404,4.34438821166e-05,6.95669489456e-05
2020-09-21,0.00013561949193,1.84731083022e-08,77,0.184867822961,7.09340665769e-05,6.4685425353e-05
2020-09-22,8.67605116068e-05,1.14487891773e-08,77,0.147863615961,3.84316287238e-05,4.83288828831e-05
2020-09-23,0.000128608311511,2.56673232107e-08,77,0.180025816207,3.1625723574e-05,9.69825879374e-05
2020-09-24,0.000209400756734,5.27409984674e-08,77,0.229715020617,0.000121049997524,8.83507592098e-05
2020-09-25,0.000119962191212,1.50079604938e-08,77,0.173869123727,7.7480543078e-05,4.24816481342e-05
2020-09-28,5.86508767846e-05,3.79257390218e-09,77,0.121573109484,2.84878990446e-05,3.016297774e-05
2020-09-29,5.65127582139e-05,4.02466973447e-09,77,0.119336562167,2.26792503796e-05,3.38335078343e-05
2020-09-30,0.000124764847871,2.65190928047e-08,77,0.177315373455,5.33108340976e-05,7.14540137739e-05
2020-10-01,6.66947419853e-05,5.0924182399e-09,77,0.129642103424,3.02928565695e-05,3.64018854157e-05
2020-10-02,0.000148773245597,2.53670421384e-08,77,0.193625561046,8.54107987857e-05,6.33624468112e-05
2020-10-05,2.15482667277e-05,6.21980505701e-10,77,0.0736896411673,1.63624938252e-05,5.18577290248e-06
2020-10-06,0.000206268078774,3.42133444591e-07,77,0.227990253851,3.18017920738e-05,0.0001744662867
2020-10-07,3.5181282188e-05,1.90238345585e-09,77,0.094157756512,1.86675759281e-05,1.65137062599e-05
2020-10-08,3.25317726253e-05,1.86679657429e-09,77,0.0905428445631,1.86737914968e-05,1.38579811285e-05
2020-10-09,2.44686566709e-05,1.01305331216e-09,77,0.0785245278946,1.43713431415e-05,1.00973135294e-05
2020-10-12,2.42473280027e-05,6.06965914059e-10,77,0.0781685784486,1.43845512465e-05,9.86277675619e-06
2020-10-13,6.01116614042e-05,3.75212292401e-09,77,0.123077774898,2.29301339464e-05,3.71815274579e-05
2020-10-14,6.68821544985e-05,4.72860523893e-09,77,0.129824123081,2.47869517695e-05,4.2095202729e-05
2020-10-15,4.83721830674e-05,2.85448264355e-09,77,0.110407382602,2.90733565584e-05,1.92988265089e-05
2020-10-16,4.25611726296e-05,2.07254199849e-09,77,0.103563581932,1.95485673943e-05,2.30126052353e-05
2020-10-19,9.33255552804e-05,1.05059258386e-08,77,0.153355925646,2.52836762691e-05,6.80418790113e-05
2020-10-20,0.0001053112664,2.58753307956e-08,77,0.162906228036,5.0055574652e-05,5.52556917479e-05
2020-10-21,9.36222775205e-05,1.73974922404e-08,77,0.153599524528,4.69481493371e-05,4.66741281834e-05
2020-10-22,7.47548601872e-05,7.88219606773e-09,77,0.13725241261,3.90818961281e-05,3.5672964059e-05
2020-10-23,3.53356771069e-05,2.03628835721e-09,77,0.0943641384793,1.61943467536e-05,1.91413303533e-05
2020-10-26,0.000106934611508,1.39040870484e-08,77,0.164157004419,4.64642313444e-05,6.04703801633e-05
2020-10-27,5.91128182595e-05,3.35833260496e-09,77,0.122050932817,2.69178415773e-05,3.21949766822e-05
2020-10-28,0.000183592303218,3.59320842927e-08,77,0.215093608485,7.40163316056e-05,0.000109575971613
2020-10-29,0.000173498279228,5.56977887137e-08,77,0.209097026199,8.09339684251e-05,9.25643108026e-05
2020-10-30,0.000295159555461,1.05242055378e-07,77,0.272727350987,0.000157760566854,0.000137398988607
2020-11-02,0.00011537023186,1.26602365981e-08,77,0.17050893944,6.82948770603e-05,4.70753548001e-05
2020-11-03,0.000124870832789,4.04481484945e-08,77,0.177390670169,6.55106498506e-05,5.93601829385e-05
2020-11-04,0.000169069685475,3.83162788775e-08,77,0.206411144902,8.8890041815e-05,8.01796436601e-05
2020-11-05,8.05167443024e-05,7.45423555443e-09,77,0.142443741752,3.83262352456e-05,4.21905090568e-05
2020-11-06,8.28073814008e-05,1.71730192341e-08,77,0.144455737557,3.91894405989e-05,4.36179408019e-05
2020-11-09,0.000243489641088,9.08886121311e-08,77,0.247708275102,9.27027590988e-05,0.000150786881989
2020-11-10,0.000158254866514,2.50512568925e-08,77,0.199700341416,8.34072116387e-05,7.48476548757e-05
2020-11-11,3.84563105615e-05,1.94707829425e-09,77,0.0984428273745,1.78354181318e-05,2.06208924297e-05
2020-11-12,7.367227236e-05,5.1453181217e-09,77,0.136254954533,3.07469722725e-05,4.29253000875e-05
2020-11-13,3.09897503738e-05,8.55566055429e-10,77,0.0883709063787,1.85190163919e-05,1.24707339819e-05
2020-11-16,5.53381659167e-05,6.74282649124e-09,77,0.118089871755,2.99402551413e-05,2.53979107754e-05
2020-11-17,3.09566992676e-05,1.32159786381e-09,77,0.0883237692552,1.6290695185e-05,1.46660040827e-05
2020-11-18,4.98026892211e-05,3.39985352489e-09,77,0.112028021868,1.31724454142e-05,3.66302438069e-05
2020-11-19,4.68550161741e-05,1.81103418994e-09,77,0.108662155675,2.76908109824e-05,1.91642051917e-05
2020-11-20,3.71703314549e-05,2.60709377247e-09,77,0.0967828679397,1.29488137748e-05,2.42215176801e-05
2020-11-23,5.1835548431e-05,3.70099774862e-09,77,0.114291549139,2.27531771436e-05,2.90823712874e-05
2020-11-24,2.54639324139e-05,6.18202481948e-10,77,0.0801056238245,1.76706933048e-05,7.79323910915e-06
2020-11-25,2.32087010619e-05,8.21337018285e-10,77,0.0764760921307,1.06035347307e-05,1.26051663312e-05
2020-11-27,9.04716142843e-06,1.13509735753e-10,72,0.0477481379738,4.27699755137e-06,4.77016387706e-06
2020-11-30,4.98309642458e-05,3.46916847737e-09,77,0.112059818802,2.50784327908e-05,2.4752531455e-05
2020-12-01,3.7504944735e-05,1.25411916502e-09,77,0.097217519374,1.95051328424e-05,1.79998118926e-05
2020-12-02,2.17947421249e-05,8.25412505986e-10,77,0.0741098847352,1.517893633e-05,6.61580579492e-06
2020-12-03,4.27101687849e-05,6.64797440673e-09,77,0.103744698823,1.70512194488e-05,2.56589493361e-05
2020-12-04,1.46469682752e-05,2.65599199984e-10,77,0.0607538970384,1.06984056494e-05,3.94856262578e-06
2020-12-07,2.09203481173e-05,9.10430369804e-10,77,0.0726080417417,1.18318098431e-05,9.08853827415e-06
2020-12-08,1.35911615537e-05,3.10593714317e-10,77,0.0585232664121,7.70490603807e-06,5.88625551565e-06
2020-12-09,6.41483989932e-05,3.75775695311e-09,77,0.127143212742,2.66222885582e-05,3.7526110435e-05
2020-12-10,5.20500850304e-05,6.73302135101e-09,77,0.114527819449,3.52981785473e-05,1.67519064831e-05
2020-12-11,3.78604983945e-05,1.5007843607e-09,77,0.0976772521901,2.05992567259e-05,1.72612416685e-05
2020-12-14,5.07657735424e-05,3.2503873592e-09,77,0.113106034024,1.5738839157e-05,3.50269343854e-05
2020-12-15,2.63443533682e-05,8.50650641928e-10,77,0.081478690765,1.45523509471e-05,1.17920024211e-05
2020-12-16,2.22778547307e-05,9.05381297287e-10,77,0.0749267601871,1.20085662254e-05,1.02692885053e-05
2020-12-17,1.5107658387e-05,3.66203109956e-10,77,0.0617019441633,7.67927944992e-06,7.4283789371e-06
2020-12-18,4.5142646384e-05,3.26476404186e-09,77,0.106658084029,2.12333306409e-05,2.39093157431e-05
2020-12-21,7.32280446634e-05,9.43943992366e-09,77,0.135843539615,3.36084298497e-05,3.96196148137e-05
2020-12-22,3.33501748378e-05,1.79410969548e-09,77,0.091674664216,1.22320427341e-05,2.11181321037e-05
2020-12-23,1.3645031463e-05,5.6414681866e-10,77,0.0586391330826,3.68629123828e-06,9.95874022471e-06
2020-12-24,1.27966237457e-05,2.31140546667e-10,66,0.0567868751025,6.77226065602e-06,6.02436308964e-06
2020-12-28,6.25477988108e-06,1.12125144261e-10,77,0.0397014424175,3.98553292478e-06,2.2692469563e-06
2020-12-29,3.51909098652e-05,1.31522027941e-09,77,0.094170639193,1.34537702666e-05,2.17371395986e-05
2020-12-30,1.13731867421e-05,2.04890458931e-10,77,0.0535354374131,3.92447720506e-06,7.44870953704e-06
2020-12-31,1.24410438712e-05,3.58885281828e-10,77,0.0559923481875,1.02223942332e-05,2.21864963804e-06
2021-01-04,0.000130234624018,1.68363717736e-08,77,0.181160495839,5.26011106912e-05,7.7633513327e-05
2021-01-05,6.55081646868e-05,5.60548644182e-09,77,0.128483685739,3.65511445692e-05,2.89570201176e-05
2021-01-06,0.000124724850581,2.57137556747e-08,77,0.177286949171,6.50446819618e-05,5.96801686194e-05
2021-01-07,3.81508300714e-05,3.49270552302e-09,77,0.0980510539361,2.56279866717e-05,1.25228433997e-05
2021-01-08,6.30798742007e-05,5.33743540849e-09,77,0.1260798489,2.61634176125e-05,3.69164565881e-05
2021-01-11,3.23782846812e-05,1.15268729899e-09,77,0.0903289972249,1.93359284894e-05,1.30423561918e-05
2021-01-12,3.94333412222e-05,1.67595794757e-09,77,0.0996855154373,2.24755264164e-05,1.69578148058e-05
2021-01-13,2.49228782766e-05,1.36854615495e-09,77,0.0792500178278,1.15467453138e-05,1.33761329628e-05
2021-01-14,2.17437709903e-05,8.62022451425e-10,77,0.0740231740036,7.61366028085e-06,1.41301107095e-05
2021-01-15,7.28071579985e-05,1.37643421492e-08,77,0.135452588811,2.82874466672e-05,4.45197113313e-05
2021-01-19,2.08206057369e-05,4.59431987117e-10,77,0.0724347475021,1.16906090854e-05,9.12999665147e-06
2021-01-20,2.11146560244e-05,5.52622844243e-10,77,0.072944453649,1.2288292608e-05,8.82636341641e-06
2021-01-21,1.52134962212e-05,3.58395713773e-10,77,0.0619176957562,7.43535511989e-06,7.77814110136e-06
2021-01-22,1.90796234297e-05,6.3218712234e-10,77,0.0693402127506,8.63765661016e-06,1.04419668196e-05
2021-01-25,0.000117334015602,3.29225536287e-08,77,0.171953982018,5.29742416017e-05,6.43597740004e-05
2021-01-26,2.44769965489e-05,7.02253249882e-10,77,0.0785379088742,9.12618878287e-06,1.53508077661e-05
2021-01-27,0.000138312124308,2.32083668597e-08,77,0.186694015238,5.33441772376e-05,8.49679470709e-05
2021-01-28,0.000118219220683,4.56923166066e-08,77,0.172601400957,7.42118967688e-05,4.40073239144e-05
2021-01-29,0.000245200477527,6.56370386349e-08,77,0.248576990763,0.000114108270532,0.000131092206994
2021-02-01,7.95515411027e-05,9.07975133352e-09,77,0.141587387708,3.69207884222e-05,4.26307526805e-05
2021-02-02,3.38601501007e-05,2.07467141892e-09,77,0.0923729279897,1.96745117345e-05,1.41856383663e-05
2021-02-03,3.3873524208e-05,1.863102793e-09,77,0.0923911689525,1.38212030413e-05,2.00523211667e-05
2021-02-04,1.97898458962e-05,7.97009865107e-10,77,0.0706189858738,1.4560058481e-05,5.22978741525e-06
2021-02-05,1.64302776835e-05,2.43219216084e-10,77,0.0643461729728,6.98301385947e-06,9.44726382403e-06
2021-02-08,1.25876759806e-05,2.1581620937e-10,77,0.0563213489462,6.73830205392e-06,5.84937392671e-06
2021-02-09,9.36474639493e-06,9.04807327099e-11,77,0.0485789675839,4.94411709541e-06,4.42062929951e-06
2021-02-10,7.24750455511e-05,1.2472017467e-08,77,0.135143299793,2.44659350536e-05,4.80091104975e-05
2021-02-11,4.13936636012e-05,2.56516947565e-09,77,0.102133262102,1.48110715983e-05,2.65825920029e-05
2021-02-12,1.42581461067e-05,5.15373792385e-10,77,0.059942078867,1.08077017652e-05,3.45044434151e-06
2021-02-16,3.89602610682e-05,2.19757950329e-09,77,0.0990857496777,1.55339656929e-05,2.34262953753e-05
2021-02-17,3.30276553323e-05,1.29541015438e-09,77,0.0912303082519,1.87667566299e-05,1.42608987024e-05
2021-02-18,3.27556374048e-05,1.24132143746e-09,77,0.0908538421092,1.77149319905e-05,1.50407054143e-05
2021-02-19,2.82150366407e-05,8.1022441315e-10,77,0.0843219380318,1.07306200377e-05,1.74844166029e-05
2021-02-22,3.17289423139e-05,2.48247273135e-09,77,0.0894186415861,1.42711435352e-05,1.74577987788e-05
2021-02-23,0.000129699859828,1.67929421819e-08,77,0.180788176263,6.76972924599e-05,6.20025673679e-05
2021-02-24,5.0074323233e-05,2.60293676109e-09,77,0.112333118245,3.24213309431e-05,1.76529922899e-05
2021-02-25,0.000138687307533,1.49608789052e-08,77,0.186947055335,4.68046548349e-05,9.18826526985e-05
2021-02-26,0.000282476439619,1.22698616621e-07,77,0.26680341599,0.000118049745494,0.000164426694125
2021-03-01,3.42811357833e-05,1.41891109292e-09,77,0.0929453937395,2.16787861051e-05,1.26023496782e-05
2021-03-02,7.30414651488e-05,5.99586724952e-09,77,0.135670369711,2.70145156578e-05,4.6026949491e-05
2021-03-03,0.00011504886147,1.63281488667e-08,77,0.17027129262,4.48736188933e-05,7.01752425764e-05
2021-03-04,0.000379229319089,1.17193118862e-07,77,0.30913716763,0.000153392109743,0.000225837209347
2021-03-05,0.000232970189928,5.83195497301e-08,77,0.242298344736,0.000123641970032,0.000109328219896
2021-03-08,0.000158115925654,2.68726720466e-08,77,0.199612658077,7.9774844141e-05,7.83410815125e-05
2021-03-09,4.37999709504e-05,3.91922774797e-09,77,0.105059948027,2.24804513313e-05,2.13195196191e-05
2021-03-10,8.04512685056e-05,5.05096669466e-09,77,0.142385812718,4.04899772913e-05,3.99612912144e-05
2021-03-11,2.57613668116e-05,6.31995095199e-10,77,0.0805721070627,1.45795097835e-05,1.11818570282e-05
2021-03-12,2.95872012516e-05,1.21748237592e-09,77,0.0863479861687,1.65770270253e-05,1.30101742263e-05
2021-03-15,2.27307976539e-05,7.94433369902e-10,77,0.0756846154035,1.3548884139e-05,9.18191351484e-06
2021-03-16,2.20282745759e-05,4.43463509495e-10,77,0.0745058735478,9.6266197398e-06,1.24016548361e-05
2021-03-17,6.96168974677e-05,8.83233815399e-09,77,0.132451720117,4.80641699584e-05,2.15527275094e-05
2021-03-18,5.54114483576e-05,3.00058021562e-09,77,0.118168037075,2.1285150936e-05,3.41262974215e-05
2021-03-19,6.939983821e-05,6.66982822127e-09,77,0.132245072607,3.37724576159e-05,3.56273805941e-05
2021-03-22,1.45525744206e-05,3.76396713477e-10,77,0.0605578133191,1.07053438586e-05,3.84723056205e-06
2021-03-23,3.90009680694e-05,1.60743342042e-09,77,0.0991375002382,1.52304688432e-05,2.37704992262e-05
2021-03-24,6.46085991713e-05,5.73006212074e-09,77,0.127598459987,2.36599248664e-05,4.09486743049e-05
2021-03-25,9.24475387828e-05,7.35245348233e-09,77,0.152632826657,5.84751198943e-05,3.39724188885e-05
2021-03-26,7.48475702006e-05,1.52104260573e-08,77,0.137337495574,5.35061275632e-05,2.13414426373e-05
2021-03-29,5.63791678061e-05,2.86612164273e-09,77,0.119195428969,3.17526705218e-05,2.46264972843e-05
2021-03-30,3.48904325565e-05,2.29866958906e-09,77,0.0937677396776,1.98985572839e-05,1.49918752726e-05
2021-03-31,1.26963680088e-05,1.8032009287e-10,77,0.0565639879978,6.71244467514e-06,5.98392333365e-06
2021-04-01,1.11903433152e-05,1.55869991112e-10,77,0.053103356913,7.86657871982e-06,3.32376459539e-06
2021-04-05,1.52456357916e-05,2.53372137458e-10,77,0.061983063973,9.79205303237e-06,5.45358275924e-06
2021-04-06,1.17316618999e-05,2.29256315203e-10,77,0.0543725923492,6.51927040717e-06,5.21239149273e-06
2021-04-07,1.43030732367e-05,2.46753349734e-10,77,0.0600364427297,6.86891611708e-06,7.43415711958e-06
2021-04-08,7.3224283071e-06,5.18254889836e-11,77,0.0429563957216,3.71315185992e-06,3.60927644718e-06
2021-04-09,8.72495057861e-06,1.229817704e-10,77,0.0468901647023,6.75506135176e-06,1.96988922685e-06
2021-04-12,1.3828935447e-05,1.76745643681e-10,77,0.0590329715721,7.98170512591e-06,5.84723032105e-06
2021-04-13,6.91070364906e-06,5.38888459659e-11,77,0.0417312511143,3.87995725501e-06,3.03074639405e-06
2021-04-14,3.25050838037e-05,1.53972141946e-09,77,0.0905056966082,1.30069038273e-05,1.94981799763e-05
2021-04-15,1.22193299566e-05,1.57366682278e-10,77,0.0554911808224,7.74547785847e-06,4.47385209814e-06
2021-04-16,1.13429134894e-05,2.28463586821e-10,77,0.053464139377,5.46337454874e-06,5.87953894066e-06
2021-04-19,3.83975716104e-05,1.57451882846e-09,77,0.0983676168554,1.67751775422e-05,2.16223940682e-05
2021-04-20,3.29870332307e-05,1.06090539359e-09,77,0.0911741869946,1.30313776059e-05,1.99556556248e-05
2021-04-21,1.72367829312e-05,5.86863832638e-10,77,0.0659065193942,1.43392874645e-05,2.89749546672e-06
2021-04-22,8.27049483472e-05,1.69495391512e-08,77,0.144366363754,2.56800739464e-05,5.70248744008e-05
2021-04-23,1.56706933772e-05,3.53547802846e-10,77,0.0628411865822,1.14275210249e-05,4.24317235236e-06
2021-04-26,1.25208000398e-05,4.90581117297e-10,77,0.0561715373656,4.23006391398e-06,8.29073612577e-06
2021-04-27,1.44240703941e-05,5.10046126408e-10,77,0.0602898477301,5.48911874283e-06,8.93495165129e-06
2021-04-28,1.86060024878e-05,1.25841903659e-09,77,0.0684741748905,1.07839657859e-05,7.82203670194e-06
2021-04-29,2.65579202073e-05,7.05152105033e-10,77,0.08180828743,1.13121361521e-05,1.52457840552e-05
2021-04-30,2.6253775429e-05,6.66425143324e-10,77,0.0813384989296,1.26410632465e-05,1.36127121825e-05
2021-05-03,1.51836649052e-05,2.4443860082e-10,77,0.06185696045,6.48146413485e-06,8.70220077038e-06
2021-05-04,6.15376889213e-05,5.62051191071e-09,77,0.124529103458,2.91097267824e-05,3.2427962139e-05
2021-05-05,2.19524231463e-05,1.3633547974e-09,77,0.0743774874062,7.66582167743e-06,1.42866014689e-05
2021-05-06,5.37228366246e-05,4.38569470612e-09,77,0.11635357678,3.3665017533e-05,2.00578190916e-05
2021-05-07,2.36951446843e-05,8.58613172244e-10,77,0.0772733877894,1.67911817015e-05,6.90396298277e-06
2021-05-10,2.32527440157e-05,8.20772395978e-10,77,0.0765486217508,6.14017376852e-06,1.71125702471e-05
2021-05-11,0.000116876343857,1.09628081918e-08,77,0.171618293465,6.10855962851e-05,5.5790747572e-05
2021-05-12,7.56587538614e-05,4.74733453719e-09,77,0.138079708767,2.45456011548e-05,5.11131527067e-05
2021-05-13,0.00010412524373,9.83608156421e-09,77,0.1619863001,5.13649732787e-05,5.27602704518e-05
2021-05-14,2.75928935911e-05,1.26501488231e-09,77,0.0833871044284,1.59778734292e-05,1.16150201619e-05
2021-05-17,4.29615013939e-05,3.47519500781e-09,77,0.104049499524,2.36105230861e-05,1.93509783078e-05
2021-05-18,3.42433234787e-05,2.31201830208e-09,77,0.092894119925,1.20478729857e-05,2.2195450493e-05
2021-05-19,0.000129782442195,2.69323279345e-08,77,0.180845722739,8.0631794564e-05,4.9150647631e-05
2021-05-20,2.63861222573e-05,7.63631982556e-10,77,0.0815432572862,1.47091227371e-05,1.16769995202e-05
2021-05-21,3.19390698719e-05,1.49884577993e-09,77,0.0897142441741,1.08403761701e-05,2.10986937018e-05
2021-05-24,8.34355861518e-06,6.58560548508e-11,77,0.0458538632072,4.95566153616e-06,3.38789707902e-06
2021-05-25,2.06005203178e-05,4.54816661474e-10,77,0.0720508925696,6.84822764531e-06,1.37522926725e-05
2021-05-26,1.0649220741e-05,1.4481076008e-10,77,0.0518035097917,4.61927972164e-06,6.02994101937e-06
2021-05-27,9.19982879556e-06,1.36555116057e-10,77,0.0481493183387,3.0236050249e-06,6.17622377066e-06
2021-05-28,6.81439676076e-06,6.51422470863e-11,77,0.0414394496068,2.96879113813e-06,3.84560562263e-06
2021-06-01,1.75745785408e-05,6.08113336245e-10,77,0.0665491832578,4.78844339329e-06,1.27861351475e-05
2021-06-02,1.0713982915e-05,2.39882946871e-10,77,0.0519607899727,6.26679060316e-06,4.44719231188e-06
2021-06-03,3.09604347302e-05,1.74606863239e-09,77,0.0883290979915,1.87568759822e-05,1.2203558748e-05
2021-06-04,5.38622138837e-06,4.13627836898e-11,77,0.0368419297794,3.73197690552e-06,1.65424448286e-06
2021-06-07,7.3335342421e-06,9.53171535547e-11,77,0.0429889593851,2.90848902917e-06,4.42504521293e-06
2021-06-08,1.5761054815e-05,5.7207441682e-10,77,0.0630221057517,6.39509875757e-06,9.36595605741e-06
2021-06-09,5.33554248974e-06,3.02067749399e-11,77,0.0366681974934,1.99371469123e-06,3.34182779851e-06
2021-06-10,1.82248421514e-05,6.73567652066e-10,77,0.0677691686695,8.54413730771e-06,9.68070484371e-06
2021-06-11,7.02880945462e-06,5.38773732039e-11,77,0.0420863396195,3.70052092207e-06,3.32828853255e-06
2021-06-14,7.71179810793e-06,1.27193158162e-10,77,0.0440837058696,5.28939940909e-06,2.42239869884e-06
2021-06-15,1.13472245738e-05,2.173696083e-10,77,0.0534742984301,4.4801534914e-06,6.86707108237e-06
2021-06-16,7.12461067055e-05,2.37222067785e-08,77,0.133992607594,2.29526647503e-05,4.82934419552e-05
2021-06-17,4.63443819979e-05,2.73484940573e-09,77,0.108068423989,1.74852746409e-05,2.8859107357e-05
2021-06-18,6.50629540124e-05,7.14964086383e-09,77,0.128046336969,2.56661030873e-05,3.93968509251e-05
2021-06-21,1.90645973734e-05,5.46361473205e-10,77,0.0693129031141,1.52258239809e-05,3.83877339248e-06
2021-06-22,9.5212342627e-06,9.34652797436e-11,77,0.0489831709284,5.6150334349e-06,3.9062008278e-06
2021-06-23,1.20371541379e-05,2.36807101832e-10,77,0.055075973371,4.77321954072e-06,7.26393459723e-06
2021-06-24,6.20883443184e-06,4.31197134983e-11,77,0.0395553571191,2.90275264216e-06,3.30608178968e-06
2021-06-25,2.88549208637e-06,6.5414670816e-12,77,0.0269656078323,1.57015734662e-06,1.31533473975e-06
2021-06-28,6.10918501193e-06,4.64408986272e-11,77,0.0392366489778,2.90870788563e-06,3.2004771263e-06
2021-06-29,4.47296525147e-06,2.60330588109e-11,77,0.0335736093289,2.01886617812e-06,2.45409907334e-06
2021-06-30,6.36445875922e-06,8.58972407251e-11,77,0.040048016272,3.62109543246e-06,2.74336332677e-06
2021-07-01,5.98307686841e-06,5.21213908598e-11,77,0.0388295682546,3.90520106128e-06,2.07787580713e-06
2021-07-02,4.34667547246e-06,2.150547259e-11,77,0.0330962568738,3.11944867328e-06,1.22722679918e-06
2021-07-06,2.22383122813e-05,6.82081757275e-10,77,0.074860234403,8.68669964044e-06,1.35516126408e-05
2021-07-07,2.78921797344e-05,9.55920411969e-10,77,0.0838381136064,1.40823821727e-05,1.38097975618e-05
2021-07-08,6.49787555179e-05,6.15203057794e-09,77,0.127963457247,3.93747217912e-05,2.56040337267e-05
2021-07-09,1.10115167585e-05,2.23130502024e-10,77,0.0526773406993,7.47246015427e-06,3.53905660426e-06
2021-07-12,4.90434807455e-06,2.33299783607e-11,77,0.0351553084866,3.19174677611e-06,1.71260129844e-06
2021-07-13,2.00460972962e-05,6.69268720695e-10,77,0.0710747248931,7.58260917151e-06,1.24634881247e-05
2021-07-14,1.78355651046e-05,4.52104787017e-10,77,0.067041497644,8.03904868226e-06,9.79651642232e-06
2021-07-15,3.07291235858e-05,1.10766526552e-09,77,0.087998517849,1.46534511755e-05,1.60756724103e-05
2021-07-16,2.59557354827e-05,7.66354186663e-10,77,0.0808754928371,8.12175753106e-06,1.78339779517e-05
2021-07-19,7.88546687036e-05,5.98896525757e-09,77,0.14096587003,3.52949170567e-05,4.35597516468e-05
2021-07-20,4.39955160532e-05,3.89511920082e-09,77,0.105294207084,3.08638074538e-05,1.31317085994e-05
2021-07-21,1.08066798924e-05,1.71491706775e-10,77,0.0521850872653,6.51014222543e-06,4.29653766698e-06
2021-07-22,1.38563887337e-05,3.14006134468e-10,77,0.0590915388265,7.14371046492e-06,6.71267826876e-06
2021-07-23,1.12194715064e-05,9.74490717487e-11,77,0.0531724253688,7.30178797049e-06,3.91768353586e-06
2021-07-26,8.23259077614e-06,1.08865881636e-10,77,0.045547918455,3.99783281891e-06,4.23475795723e-06
2021-07-27,3.9196273979e-05,1.58553383235e-09,77,0.0993854166501,1.60653423009e-05,2.31309316781e-05
2021-07-28,2.74245664554e-05,9.33535433713e-10,77,0.0831323688269,1.34913903053e-05,1.39331761502e-05
2021-07-29,7.59734733207e-06,5.96155017898e-11,77,0.043755359988,3.90521121162e-06,3.69213612045e-06
2021-07-30,2.11206091888e-05,6.85334931169e-10,77,0.0729547360736,9.3597426142e-06,1.17608665746e-05
2021-08-02,1.39250585979e-05,2.38344029099e-10,77,0.0592377815813,4.02269286351e-06,9.90236573441e-06
2021-08-03,3.40554796459e-05,2.71093579726e-09,77,0.0926389813781,2.34514217994e-05,1.06040578465e-05
2021-08-04,1.14025475731e-05,1.84725277025e-10,77,0.0536044959722,4.82561463912e-06,6.57693293403e-06
2021-08-05,4.60937595736e-06,2.51153733879e-11,77,0.0340817068419,3.24286695444e-06,1.36650900293e-06
2021-08-06,6.66091260912e-06,4.41522578937e-11,77,0.0409701107821,3.19216776626e-06,3.46874484286e-06
2021-08-09,5.61104713097e-06,5.89092229089e-11,77,0.03760297697,2.30147822489e-06,3.30956890608e-06
2021-08-10,1.04994836438e-05,2.00300626167e-10,77,0.0514380197738,5.09705132961e-06,5.40243231422e-06
2021-08-11,5.62070517785e-06,3.11035841048e-11,77,0.0376353252253,2.90788794565e-06,2.71281723219e-06
2021-08-12,4.9212897041e-06,3.15168190043e-11,77,0.0352159765651,2.85762577786e-06,2.06366392624e-06
2021-08-13,5.18002788416e-06,4.61870141226e-11,77,0.0361298633655,3.35039602165e-06,1.8296318625e-06
2021-08-16,1.12037215444e-05,1.93813895786e-10,77,0.0531350903752,6.28370334355e-06,4.92001820082e-06
2021-08-17,4.09207871102e-05,1.40603422497e-09,77,0.101548207034,2.09105633316e-05,2.00102237786e-05
2021-08-18,4.29435625415e-05,3.76098365311e-09,77,0.104027773986,1.21963146883e-05,3.07472478532e-05
2021-08-19,6.43077719581e-05,4.61913456795e-09,77,0.127301054722,3.48110316238e-05,2.94967403344e-05
2021-08-20,2.02192733149e-05,5.05471063078e-10,77,0.0713810680457,1.35982150341e-05,6.6210582808e-06
2021-08-23,8.04173030132e-06,7.73017061882e-11,77,0.0450168416921,4.657647038e-06,3.38408326332e-06
2021-08-24,3.93641331076e-06,2.11981374285e-11,77,0.0314956529431,2.06505618205e-06,1.87135712871e-06
2021-08-25,4.80985877993e-06,2.96016092952e-11,77,0.0348150026934,2.75872222626e-06,2.05113655367e-06
2021-08-26,1.89778173568e-05,3.64765330716e-10,77,0.06915497071,7.47482890074e-06,1.1502988456e-05
2021-08-27,1.30319575952e-05,1.00561059801e-09,77,0.0573066602934,1.07812508095e-05,2.25070678571e-06
2021-08-30,6.31295607729e-06,5.8697168757e-11,77,0.0398856481893,3.89747290749e-06,2.4154831698e-06
2021-08-31,1.03259507189e-05,1.14321509408e-10,77,0.0510111711409,5.06938971023e-06,5.25656100868e-06
2021-09-01,7.25621913767e-06,1.203843157e-10,77,0.042761749528,2.87496582461e-06,4.38125331306e-06
2021-09-02,8.79409419206e-06,9.91843852197e-11,77,0.047075595975,4.94372222825e-06,3.85037196381e-06
2021-09-03,8.68331783823e-06,1.3903538557e-10,77,0.0467781583138,5.39243496496e-06,3.29088287327e-06
2021-09-07,9.1085397354e-06,7.56196931246e-11,77,0.0479098321153,4.08846933987e-06,5.02007039553e-06
2021-09-08,2.4878183555e-05,7.14055374918e-10,77,0.079178925579,1.34713748194e-05,1.14068087356e-05
2021-09-09,2.67977994645e-05,1.04443548711e-09,77,0.0821769156459,1.02367227307e-05,1.65610767338e-05
2021-09-10,2.61514525833e-05,7.45876982347e-10,77,0.0811798377123,7.23181633776e-06,1.89196362456e-05
2021-09-13,4.37026073618e-05,2.31709548768e-09,77,0.104943113424,1.91736738812e-05,2.45289334805e-05
2021-09-14,2.95062526734e-05,8.13495380505e-10,77,0.086229784145,1.05221631231e-05,1.89840895503e-05
2021-09-15,3.5180497116e-05,2.80799146194e-09,77,0.0941567059387,2.36926265306e-05,1.14878705854e-05
2021-09-16,3.77742621761e-05,1.82613949099e-09,77,0.0975659472786,1.53652899394e-05,2.24089722367e-05
2021-09-17,4.57521248101e-05,2.03116884269e-09,77,0.107375674397,1.7433196092e-05,2.83189287181e-05
2021-09-20,8.26118664603e-05,5.48755024012e-09,77,0.144285100922,4.31793321317e-05,3.94325343286e-05
2021-09-21,0.000102576304581,1.53240060786e-08,77,0.16077695343,4.46946246326e-05,5.7881679948e-05
2021-09-22,5.54004110666e-05,4.86064703001e-09,77,0.118156267666,3.5411007661e-05,1.99894034056e-05
2021-09-23,2.88830114703e-05,3.35561634804e-09,77,0.0853142361539,2.24299145168e-05,6.45309695349e-06
2021-09-24,2.99309490876e-05,1.45250007132e-09,77,0.0868481385527,1.65560824856e-05,1.3374866602e-05
2021-09-27,1.88401208027e-05,3.967214977e-10,77,0.0689036315609,9.26816218287e-06,9.57195861984e-06
2021-09-28,6.93609024203e-05,5.79373221458e-09,77,0.132207970296,2.61585335219e-05,4.32023688984e-05
2021-09-29,5.81250379701e-05,3.34912129746e-09,77,0.121026896054,3.06705961477e-05,2.74544418224e-05
2021-09-30,0.000108951215509,9.76107954022e-09,77,0.165697635192,3.81609538005e-05,7.0790261708e-05
2021-10-01,9.33213837328e-05,1.88803547657e-08,77,0.153352498189,5.73992743189e-05,3.59221094139e-05
2021-10-04,0.000144644383491,1.69977680633e-08,77,0.190919838256,6.23145723223e-05,8.2329811169e-05
2021-10-05,3.94733665969e-05,1.84566372355e-09,77,0.0997360936794,2.51398458862e-05,1.43335207107e-05
2021-10-06,0.000118606779655,2.96901262762e-08,77,0.172884089705,7.19184050344e-05,4.66883746202e-05
2021-10-07,2.03422267854e-05,5.29238193293e-10,77,0.0715977733587,9.86302978491e-06,1.04791970005e-05
2021-10-08,2.9435934288e-05,1.68815027394e-09,77,0.086126972782,1.52394418303e-05,1.41964924577e-05
2021-10-11,3.12884792839e-05,1.0605714429e-09,77,0.0887958151015,1.13333743669e-05,1.9955104917e-05
2021-10-12,5.31106197e-05,3.34228638587e-09,77,0.115688703703,2.35323230134e-05,2.95782966866e-05
2021-10-13,5.25282141068e-05,3.8300342579e-09,77,0.11505263993,2.55852301759e-05,2.69429839308e-05
2021-10-14,1.69981751148e-05,7.17180367513e-10,77,0.0654487595675,1.2671833592e-05,4.32634152277e-06
2021-10-15,1.70561473697e-05,5.15704560195e-10,77,0.0655602710272,9.86476327562e-06,7.19138409404e-06
2021-10-18,1.42690238634e-05,7.20519970056e-10,77,0.0599649398697,1.15051305113e-05,2.76389335208e-06
2021-10-19,1.19531770527e-05,1.72223835433e-10,77,0.0548835186305,6.33708094229e-06,5.61609611037e-06
2021-10-20,1.36726861616e-05,2.67244471655e-10,77,0.0586985256435,7.71439220674e-06,5.95829395486e-06
2021-10-21,9.78147846491e-06,1.34194245397e-10,77,0.0496480873061,5.12026916397e-06,4.66120930094e-06
2021-10-22,3.15059638303e-05,1.05641020513e-09,77,0.08910388816,1.35576961582e-05,1.79482676721e-05
2021-10-25,1.10337231069e-05,2.2764616195e-10,77,0.0527304297624,6.33758579645e-06,4.69613731041e-06
2021-10-26,2.63874090315e-05,9.93413560252e-10,77,0.0815452455753,1.03796411892e-05,1.60077678424e-05
2021-10-27,2.20312530744e-05,7.82270718792e-10,77,0.074510910441,8.76123771215e-06,1.32700153622e-05
2021-10-28,1.67187858062e-05,4.49657324249e-10,77,0.0649086590768,9.00974323215e-06,7.70904257401e-06
2021-10-29,1.49220075658e-05,2.64085301196e-10,77,0.0613216593594,1.02958479925e-05,4.62615957331e-06
2021-11-01,2.28738897113e-05,7.91188758576e-10,77,0.0759224618097,1.11042448912e-05,1.17696448201e-05
2021-11-02,1.25770924316e-05,2.40387565176e-10,77,0.0562976668502,7.6935491652e-06,4.88354326644e-06
2021-11-03,2.15813666782e-05,2.59745553856e-09,77,0.0737462161938,1.76839030412e-05,3.89746363698e-06
2021-11-04,1.91961254672e-05,5.38787666783e-10,77,0.0695515896133,9.88451699772e-06,9.3116084695e-06
2021-11-05,2.80022882581e-05,1.29515345703e-09,77,0.084003432317,1.27491788014e-05,1.52531094567e-05
2021-11-08,1.57128174255e-05,3.1160822677e-10,77,0.0629255909088,6.58754328331e-06,9.1252741422e-06
2021-11-09,3.51826425467e-05,1.60581231836e-09,77,0.0941595768989,1.56151471948e-05,1.95674953519e-05
2021-11-10,3.21832043089e-05,1.05675429626e-09,77,0.0900564683177,1.47697820378e-05,1.74134222712e-05
2021-11-11,9.77342820677e-06,8.62489731166e-11,77,0.0496276526556,4.74228298998e-06,5.0311452168e-06
2021-11-12,1.60364423821e-05,4.28323618245e-10,77,0.0635703034466,1.10303967592e-05,5.00604562294e-06
2021-11-15,1.73440657806e-05,1.49729111625e-09,77,0.0661113044547,5.48276561686e-06,1.18613001637e-05
2021-11-16,1.06107503281e-05,1.43962689607e-10,77,0.0517098547927,6.91605494418e-06,3.69469538392e-06
2021-11-17,1.34086154069e-05,1.69878632077e-10,77,0.0581289177823,6.32650193306e-06,7.08211347387e-06
2021-11-18,2.15556273917e-05,9.23093564081e-10,77,0.0737022259006,1.03759160054e-05,1.11797113863e-05
2021-11-19,1.80838490357e-05,5.78156959973e-10,77,0.0675065178853,7.43631469058e-06,1.06475343451e-05
2021-11-22,3.98616206851e-05,3.6998104388e-09,77,0.100225388064,1.13008661129e-05,2.85607545722e-05
2021-11-23,6.70751542617e-05,4.1807801521e-09,77,0.13001130287,3.64675288977e-05,3.0607625364e-05
2021-11-24,2.67801146105e-05,8.34494920246e-10,77,0.0821497953853,1.79629790691e-05,8.81713554142e-06
2021-11-26,9.31283439901e-05,1.23271873992e-08,76,0.153193807595,2.99963748473e-05,6.31319691428e-05
2021-11-29,2.73102007441e-05,8.26692377202e-10,77,0.0829588487596,1.35712306553e-05,1.37389700888e-05
2021-11-30,0.00011157221904,1.40884952277e-08,77,0.167678857338,3.55747869102e-05,7.59974321303e-05
2021-12-01,0.000158662795275,3.20732369326e-08,77,0.19995755652,4.28889048928e-05,0.000115773890383
2021-12-02,0.000188279500471,7.07860731153e-08,77,0.217822023952,0.000123099677785,6.51798226855e-05
2021-12-03,0.000217143164062,4.23997982032e-08,77,0.233923229594,9.43216220197e-05,0.000122821542043
2021-12-06,8.55450760692e-05,1.62784082799e-08,77,0.14682424585,5.78966961234e-05,2.76483799459e-05
2021-12-07,2.4041645982e-05,9.47341141637e-10,77,0.0778363333377,1.67811561434e-05,7.26048983857e-06
2021-12-08,2.6703567367e-05,1.61040564202e-09,77,0.0820323044689,1.14233483353e-05,1.52802190317e-05
2021-12-09,2.60131232272e-05,6.01091575964e-10,77,0.0809648507271,9.27574366334e-06,1.67373795639e-05
2021-12-10,3.59943947686e-05,1.68351172269e-09,77,0.0952396318856,1.58620855712e-05,2.01323091975e-05
2021-12-13,3.23643911451e-05,1.29765267695e-09,77,0.0903096150395,1.14577250356e-05,2.09066661096e-05
2021-12-14,4.88958026794e-05,2.6232601255e-09,77,0.111003343532,2.6592917345e-05,2.23028853344e-05
2021-12-15,0.000106138385992,1.6991012174e-08,77,0.163544713366,7.65921447785e-05,2.95462412136e-05
2021-12-16,9.10487013867e-05,9.91820132346e-09,77,0.151473670152,3.27671700562e-05,5.82815313306e-05
2021-12-17,0.000154761571341,2.67983046577e-08,77,0.19748396385,7.51611899004e-05,7.96003814402e-05
2021-12-20,8.51122333459e-05,7.19415447283e-09,77,0.146452322628,4.20622286727e-05,4.30500046732e-05
2021-12-21,5.50327747521e-05,4.97697557171e-09,77,0.117763573475,3.36345008529e-05,2.13982738993e-05
2021-12-22,2.39768907027e-05,6.78029343686e-10,77,0.0777314380227,1.68924864514e-05,7.08440425124e-06
2021-12-23,1.88767691876e-05,1.67369636771e-09,77,0.068970615738,8.0020002804e-06,1.08747689072e-05
2021-12-27,9.92345094899e-06,1.26686004617e-10,77,0.0500070958879,7.68164572489e-06,2.2418052241e-06
2021-12-28,3.13823497217e-05,1.93896076217e-09,77,0.0889289161627,1.042884351e-05,2.09535062117e-05
2021-12-29,1.652863147e-05,7.81898709861e-10,77,0.0645384779062,6.10042072653e-06,1.04282107435e-05
2021-12-30,1.1504002193e-05,2.54790694083e-10,77,0.0538424419267,3.58155809308e-06,7.92244409991e-06
2021-12-31,2.44920534921e-05,1.45579546322e-09,77,0.0785620613275,7.99520625058e-06,1.64968472416e-05
2022-01-03,4.76174118881e-05,1.45078038844e-08,77,0.109542630039,1.62834616523e-05,3.13339502358e-05
2022-01-04,2.68678786825e-05,7.10637226176e-10,77,0.0822842963632,1.02023023359e-05,1.66655763466e-05
2022-01-05,4.34256954825e-05,2.84098646833e-09,77,0.104610110704,6.93789308881e-06,3.64878023936e-05
2022-01-06,6.99878673842e-05,6.98437126305e-09,77,0.132804151218,3.27606115547e-05,3.72272558295e-05
2022-01-07,4.10330900652e-05,1.93666919482e-09,77,0.101687455944,2.14213317387e-05,1.96117583265e-05
2022-01-10,9.88087283328e-05,1.17959898283e-08,77,0.157796703197,5.24931089021e-05,4.63156194307e-05
2022-01-11,5.77643127878e-05,5.20683876438e-09,77,0.12065076387,3.75688978113e-05,2.01954149765e-05
2022-01-12,3.41103433279e-05,1.1580474123e-09,77,0.0927135724618,1.48728182585e-05,1.92375250694e-05
2022-01-13,6.48848141176e-05,5.1198382184e-09,77,0.127870923816,1.6890832723e-05,4.79939813946e-05
2022-01-14,0.000111188168809,1.44117944567e-08,77,0.167390019236,6.27318488233e-05,4.8456319986e-05
2022-01-18,8.7270781046e-05,7.37987630196e-09,77,0.148297797771,3.96054299367e-05,4.76653511093e-05
2022-01-19,8.4597364918e-05,6.84917539387e-09,77,0.146008684534,3.55837154191e-05,4.90136494989e-05
2022-01-20,9.46852011961e-05,1.08193268891e-08,77,0.154468995923,3.28266586093e-05,6.18585425869e-05
2022-01-21,0.000236146976661,5.85562533568e-08,77,0.243944743986,9.32048671425e-05,0.000142942109518
2022-01-24,0.000622692279919,3.41196060534e-07,77,0.39612934067,0.000357922784078,0.000264769495841
2022-01-25,0.000390319084722,1.49518080152e-07,77,0.313624631287,0.000194838516426,0.000195480568296
2022-01-26,0.000540746988488,5.34720053385e-07,77,0.369145284541,0.000186198057868,0.00035454893062
2022-01-27,0.000294899842625,8.01305202979e-08,77,0.272607337285,0.000145066134874,0.000149833707751
2022-01-28,0.000242402337647,6.70134927877e-08,77,0.247154585406,0.000166023086868,7.63792507787e-05
2022-01-31,0.000101501926369,1.06467107134e-08,77,0.159932752884,7.03439489109e-05,3.11579774579e-05
2022-02-01,0.000106198327335,2.23916268956e-08,77,0.163590887547,4.92868878678e-05,5.6911439467e-05
2022-02-02,7.81693078168e-05,5.52112003521e-09,77,0.140351934685,4.10873351381e-05,3.70819726787e-05
2022-02-03,9.65141366753e-05,1.24174236944e-08,77,0.155953718911,4.22346250769e-05,5.42795115984e-05
2022-02-04,0.000125856240032,2.17361510638e-08,77,0.178089226199,6.60612879187e-05,5.97949521133e-05
2022-02-07,9.9611475973e-05,9.76933636673e-09,77,0.158436397161,4.90452124576e-05,5.05662635154e-05
2022-02-08,6.02722098715e-05,5.07447499069e-09,77,0.123242025655,3.91047830267e-05,2.11674268448e-05
2022-02-09,2.92638614218e-05,7.86883352666e-10,77,0.0858748687235,1.64903382378e-05,1.2773523184e-05
2022-02-10,0.000150502112869,3.25392181783e-08,77,0.19474735542,5.63668712211e-05,9.41352416478e-05
2022-02-11,0.000212741895692,4.82493113865e-08,77,0.231540401905,9.19527840219e-05,0.00012078911167
2022-02-14,0.000147924837859,3.01811673363e-08,77,0.193072678389,6.71669413781e-05,8.07578964809e-05
2022-02-15,4.34216664669e-05,2.1450685226e-09,77,0.104605257753,2.18791556697e-05,2.15425107972e-05
2022-02-16,6.78997169624e-05,8.09526444624e-09,77,0.130807983986,3.92853930233e-05,2.86143239391e-05
2022-02-17,5.70861681804e-05,4.91540196548e-09,77,0.119940461819,1.82631059814e-05,3.88230621989e-05
2022-02-18,0.000136396601641,2.00520797128e-08,77,0.185396719533,6.88865022426e-05,6.75100993988e-05
2022-02-22,0.000206824550285,4.88918743228e-08,77,0.228297583587,0.000119358125424,8.74664248609e-05
2022-02-23,0.000124654124157,1.48435758756e-08,77,0.17723667591,3.41854322812e-05,9.04686918758e-05
2022-02-24,0.000469742770791,2.30201520671e-07,77,0.344056940403,0.000329851006517,0.000139891764274
2022-02-25,0.000141765848319,2.28388990332e-08,77,0.189010565251,9.10919306036e-05,5.06739177157e-05
2022-02-28,0.000207962216571,5.13668915255e-08,77,0.228924613303,0.000108082709535,9.98795070366e-05
2022-03-01,0.000183329316893,3.33773405114e-08,77,0.214939498132,8.23158653277e-05,0.000101013451566
2022-03-02,0.000166694670657,5.87266168705e-08,77,0.204956231926,9.46608055186e-05,7.2033865138e-05
2022-03-03,0.000153909837754,6.58377292573e-08,77,0.196939785503,7.91448275196e-05,7.47650102345e-05
2022-03-04,0.000165546889344,3.26775979898e-08,77,0.204249396853,8.82773508847e-05,7.72695384597e-05
2022-03-07,0.000134361951051,1.64898929452e-08,77,0.184008727143,3.90159296038e-05,9.53460214468e-05
2022-03-08,0.000453533599902,1.60910865223e-07,77,0.338068731437,0.000232704480307,0.000220829119595
2022-03-09,9.92193403383e-05,1.24115275792e-08,77,0.158124235224,5.64294835078e-05,4.27898568305e-05
2022-03-10,0.000145023041269,2.10489400823e-08,77,0.191169574985,8.66869964559e-05,5.83360448133e-05
2022-03-11,9.73024862738e-05,1.07929885933e-08,77,0.15658935641,2.90015511954e-05,6.83009350783e-05
2022-03-14,0.000113691334516,1.3708742686e-08,77,0.169263747737,5.94197960232e-05,5.42715384924e-05
2022-03-15,0.00011529596285,1.32264123771e-08,77,0.170454048466,6.18598092779e-05,5.34361535724e-05
2022-03-16,0.000241588232562,8.35940289739e-08,77,0.246739203625,0.000137874538072,0.00010371369449
2022-03-17,8.21976935275e-05,6.82891621226e-09,77,0.143922961229,5.62483859563e-05,2.59493075712e-05
2022-03-18,4.94987043245e-05,2.45846344347e-09,77,0.111685601085,3.1449044032e-05,1.80496602925e-05
2022-03-21,0.000117517383765,1.98551207843e-08,77,0.172088293352,4.98623513275e-05,6.76550324375e-05
2022-03-22,3.97993901569e-05,2.6721789247e-09,77,0.100147123371,2.42243290248e-05,1.55750611322e-05
2022-03-23,5.5685994912e-05,2.42679757408e-09,77,0.118460418359,2.29530133962e-05,3.27329815158e-05
2022-03-24,4.74703073382e-05,2.79741374467e-09,77,0.10937329404,3.40910526308e-05,1.33792547074e-05
2022-03-25,6.49493863912e-05,3.97042350002e-09,77,0.127934535488,3.1112969524e-05,3.38364168671e-05
2022-03-28,4.63853307077e-05,2.47686703813e-09,77,0.108116156694,2.44184141719e-05,2.19669165358e-05
2022-03-29,4.41089427133e-05,1.99369676175e-09,77,0.105429851388,1.97857961679e-05,2.43231465454e-05
2022-03-30,4.27280847022e-05,4.40920462602e-09,77,0.103766455779,2.28201752632e-05,1.99079094389e-05
2022-03-31,5.33984752118e-05,5.55005683687e-09,77,0.116001792027,1.28182326134e-05,4.05802425984e-05
2022-04-01,6.35972845428e-05,5.71284230675e-09,77,0.126595875544,3.30838664277e-05,3.05134181151e-05
2022-04-04,2.20205243548e-05,6.78352287456e-10,77,0.0744927656717,1.51639177598e-05,6.85660659502e-06
2022-04-05,7.75702318008e-05,2.49344939892e-08,77,0.139813083843,2.11048398536e-05,5.64653919473e-05
2022-04-06,0.000130836443552,3.85760217386e-08,77,0.181578588427,6.59549851913e-05,6.48814583606e-05
2022-04-07,7.02736908404e-05,4.92024017741e-09,77,0.133075054356,4.13946791323e-05,2.88790117081e-05
2022-04-08,6.2161317888e-05,6.60426279142e-09,77,0.125158507932,3.58860971105e-05,2.62752207775e-05
2022-04-11,3.98680613197e-05,1.42048267035e-09,77,0.100233484687,1.58259636301e-05,2.40420976896e-05
2022-04-12,7.11975700956e-05,4.91519424594e-09,77,0.133946958398,2.95461382553e-05,4.16514318404e-05
2022-04-13,4.10009826051e-05,2.45029490183e-09,77,0.101647664097,2.56457586151e-05,1.53552239899e-05
2022-04-14,6.1140679581e-05,7.89935799933e-09,77,0.124126754789,1.6418265234e-05,4.4722414347e-05
2022-04-18,8.20433962865e-05,9.52341311232e-09,77,0.143787815423,4.81205205789e-05,3.39228757076e-05
2022-04-19,5.17590884185e-05,5.08632268854e-09,77,0.114207225172,3.73411352018e-05,1.44179532167e-05
2022-04-20,6.23367163252e-05,4.98541263891e-09,77,0.12533496126,2.12151355888e-05,4.11215807364e-05
2022-04-21,0.000103553591019,1.2644794423e-08,77,0.161541031744,3.29091640281e-05,7.06444269908e-05
2022-04-22,0.000154131631533,2.78958950751e-08,77,0.197081635741,6.36662511741e-05,9.04653803592e-05
2022-04-25,0.000232345395483,4.3153250156e-08,77,0.24197322096,0.000136593933133,9.575146235e-05
2022-04-26,0.000148839333087,2.02250079911e-08,77,0.19366856208,4.94843262668e-05,9.93550068204e-05
2022-04-27,0.000220256543473,6.07966795555e-08,77,0.235594246439,0.000114772085525,0.000105484457948
2022-04-28,0.000119894123785,1.47373533416e-08,77,0.173819789419,6.26979449898e-05,5.7196178795e-05
2022-04-29,0.000161228402224,3.92124789591e-08,77,0.20156774881,5.16525175193e-05,0.000109575884704
2022-05-02,0.000329893939476,9.53850477184e-08,77,0.288328411274,0.000180753041896,0.000149140897581
2022-05-03,0.000181816745008,3.9418839414e-08,77,0.214050974634,7.86914828046e-05,0.000103125262203
2022-05-04,0.000336159283722,3.59896770461e-07,77,0.291053499374,0.000199750652585,0.000136408631136
2022-05-05,0.000323976326666,1.08429452367e-07,77,0.285730702445,0.000127876548384,0.000196099778282
2022-05-06,0.000396100516483,1.75656931401e-07,77,0.315938807609,0.000222121047426,0.000173979469057
2022-05-09,0.000279894569099,6.84796342864e-08,77,0.265581308478,0.000123823846534,0.000156070722565
2022-05-10,0.000329447292483,8.6175388837e-08,77,0.288133159677,0.00015053642528,0.000178910867202
2022-05-11,0.00040553321316,2.45158423758e-07,77,0.31967854122,0.000207809105856,0.000197724107304
2022-05-12,0.000403765313873,1.54235361909e-07,77,0.318980969802,0.000240485381082,0.000163279932792
2022-05-13,0.000180252025983,4.49552918615e-08,77,0.21312792062,0.000110325586935,6.99264390478e-05
2022-05-16,0.00015906926338,3.1390524942e-08,77,0.20021352195,7.1459486326e-05,8.76097770542e-05
2022-05-17,0.000128411706938,2.4639621099e-08,77,0.179888160112,6.44261959819e-05,6.39855109561e-05
2022-05-18,0.000152262232598,2.29503719417e-08,77,0.19588282879,4.70576711489e-05,0.000105204561449
2022-05-19,0.000309961600268,8.9597430931e-08,77,0.279482241417,0.000149025132152,0.000160936468116
2022-05-20,0.000250231034694,7.0444039582e-08,77,0.251113959674,0.000125427613213,0.000124803421481
2022-05-23,0.000162908500136,2.5610910161e-08,77,0.202615256173,9.04570975371e-05,7.24514025987e-05
2022-05-24,0.000208139283285,4.08053320861e-08,77,0.229022050004,0.000107640353288,0.000100498929997
2022-05-25,0.000137237002855,1.9844134453e-08,77,0.185966999006,7.64502752115e-05,6.07867276431e-05
2022-05-26,5.99671085732e-05,3.87180158881e-09,77,0.122929700888,3.46378638894e-05,2.53292446838e-05
2022-05-27,4.86771431192e-05,4.62310040518e-09,77,0.110754864751,3.82502515365e-05,1.04268915827e-05
2022-05-31,0.000135841165278,1.31826695129e-08,77,0.185018846743,7.47854235182e-05,6.10557417601e-05
2022-06-01,0.000137655717814,1.91292365145e-08,77,0.186250478897,5.39714352217e-05,8.36842825925e-05
2022-06-02,0.000121836709128,3.05823723008e-08,77,0.175222289393,7.59698572761e-05,4.58668518516e-05
2022-06-03,0.000113177145067,1.43998545586e-08,77,0.16888055115,4.60264997725e-05,6.71506452945e-05
2022-06-06,8.97322547515e-05,1.3357639383e-08,77,0.150374626175,3.46633342271e-05,5.50689205244e-05
2022-06-07,6.33226289702e-05,5.40712904982e-09,77,0.126322216971,4.31699701843e-05,2.01526587859e-05
2022-06-08,0.000107724168467,1.60657047769e-08,77,0.164761920521,5.08912449128e-05,5.68329235541e-05
2022-06-09,0.00013770364414,1.99676083402e-08,77,0.186282898633,4.28682821728e-05,9.4835361967e-05
2022-06-10,0.000172494626098,3.09612466652e-08,77,0.2084913566,6.60053826846e-05,0.000106489243414
2022-06-13,0.000195521014217,3.41847123965e-08,77,0.221971384603,8.21442810416e-05,0.000113376733175
2022-06-14,0.000234300480087,5.68536118669e-08,77,0.24298913758,0.000119018365202,0.000115282114886
2022-06-15,0.00054240899722,8.80507966991e-07,77,0.369712141131,0.000339752637541,0.000202656359679
2022-06-16,0.000219458006367,4.14257993776e-08,77,0.23516678678,0.000105485393529,0.000113972612838
2022-06-17,0.000234779471425,4.61777793155e-08,77,0.243237387749,0.000116009726373,0.000118769745052
2022-06-21,6.1423262435e-05,5.31209806894e-09,77,0.124413271533,3.87095874181e-05,2.27136750169e-05
2022-06-22,0.000154842257666,2.64831435777e-08,77,0.197535437154,8.6250203047e-05,6.85920546189e-05
2022-06-23,0.000135124954885,2.91041679825e-08,77,0.184530454481,6.8987548197e-05,6.61374066882e-05
2022-06-24,8.68238202826e-05,3.09186636838e-08,77,0.147917553763,7.33136627786e-05,1.3510157504e-05
2022-06-27,0.000113397213215,1.49100787023e-08,77,0.16904466194,6.18681875078e-05,5.15290257075e-05
2022-06-28,0.000121287191472,1.18794853767e-08,77,0.174826692044,2.77968300612e-05,9.34903614106e-05
2022-06-29,0.000141248046904,3.42910249722e-08,77,0.188665067831,8.08691442607e-05,6.0378902643e-05
2022-06-30,0.000250853099045,5.44510394654e-08,77,0.251425895562,0.000123240634842,0.000127612464203
2022-07-01,0.000172560383157,5.00618308871e-08,77,0.208531092539,9.09787600161e-05,8.15816231412e-05
2022-07-05,0.000157677757535,3.20308763481e-08,77,0.199335884624,0.000106727232353,5.09505251828e-05
2022-07-06,0.000178898081155,5.1568133708e-08,77,0.212325967444,7.74727069176e-05,0.000101425374238
2022-07-07,3.29147080595e-05,1.48100423901e-09,77,0.091074180924,1.6745687885e-05,1.61690201745e-05
2022-07-08,9.44862800676e-05,8.37610803298e-09,77,0.154306651111,5.08135798481e-05,4.36727002194e-05
2022-07-11,5.88252322506e-05,1.00184085953e-08,77,0.121753679727,2.088957796e-05,3.79356542906e-05
2022-07-12,0.000107464824649,1.78239011638e-08,77,0.164563470465,4.85614455284e-05,5.89033791206e-05
2022-07-13,0.000218063185324,7.00317378827e-08,77,0.234418264437,0.000112060881599,0.000106002303726
2022-07-14,0.000126305291904,1.63728790872e-08,77,0.17840665223,7.17342147916e-05,5.45710771126e-05
2022-07-15,6.08796498914e-05,8.08299873969e-09,77,0.123861502383,4.01357442578e-05,2.07439056336e-05
2022-07-18,6.78970345604e-05,6.68570001083e-09,77,0.130805400153,2.01383780135e-05,4.77586565469e-05
2022-07-19,5.24243237681e-05,2.48439185045e-09,77,0.114938808022,3.78022583465e-05,1.46220654216e-05
2022-07-20,0.0001052974248,1.0484234971e-08,77,0.162895521883,5.25054368449e-05,5.27919879551e-05
2022-07-21,0.000124230973289,1.60506505656e-08,77,0.176935596387,7.24588914619e-05,5.1772081827e-05
2022-07-22,0.000101903765735,1.22814316209e-08,77,0.160249021729,4.71911547854e-05,5.47126109495e-05
2022-07-25,5.88107835128e-05,4.70221449169e-09,77,0.121738726152,3.22344701382e-05,2.65763133746e-05
2022-07-26,5.04950892661e-05,2.13860135348e-09,77,0.112804089,2.20182742275e-05,2.84768150386e-05
2022-07-27,0.00013810022145,7.55967179149e-08,77,0.186550946943,0.000105531302718,3.25689187322e-05
2022-07-28,7.82652548351e-05,1.11527157001e-08,77,0.140438044057,4.06788115007e-05,3.75864433345e-05
2022-07-29,4.79216015189e-05,2.50301786718e-09,77,0.109891963231,2.86243763447e-05,1.92972251742e-05
2022-08-01,0.000102398119978,1.1326606528e-08,77,0.160637250458,5.01206852143e-05,5.22774347641e-05
2022-08-02,8.68186393351e-05,6.90394599149e-09,77,0.147913140432,4.35746243751e-05,4.324401496e-05
2022-08-03,5.28395605983e-05,4.73171804252e-09,77,0.115393107553,2.85209686352e-05,2.43185919631e-05
2022-08-04,5.04427275241e-05,4.18720467855e-09,77,0.11274558677,2.60350829238e-05,2.44076446003e-05
2022-08-05,5.51060072447e-05,3.30952637109e-09,77,0.117841901825,2.95216745959e-05,2.55843326488e-05
2022-08-08,6.97421060305e-05,5.21839409333e-09,77,0.132570776266,2.49481163427e-05,4.47939896878e-05
2022-08-09,3.9570246909e-05,2.31379165661e-09,77,0.0998584108679,1.88401636692e-05,2.07300832398e-05
2022-08-10,4.19267542918e-05,2.71874462713e-09,77,0.102788822746,2.35727298179e-05,1.83540244739e-05
2022-08-11,5.25339710673e-05,2.57482941755e-09,77,0.115058944498,2.20904496815e-05,3.04435213859e-05
2022-08-12,2.98272669936e-05,1.56173272094e-09,77,0.0866975852166,1.7886981728e-05,1.19402852656e-05
2022-08-15,2.8264442768e-05,1.52948994687e-09,77,0.0843957319866,1.91774404025e-05,9.08700236557e-06
2022-08-16,4.55170225732e-05,2.72908830038e-09,77,0.10709943832,2.09577557451e-05,2.45592668281e-05
2022-08-17,5.49288694006e-05,3.69004491812e-09,77,0.117652348421,2.4494258069e-05,3.04346113317e-05
2022-08-18,3.58928204311e-05,1.86557712331e-09,77,0.0951051562673,1.73524428199e-05,1.85403776112e-05
2022-08-19,2.94849113577e-05,1.11941474155e-09,77,0.0861985943164,1.14945290778e-05,1.79903822799e-05
2022-08-22,4.10123494744e-05,2.1828167634e-09,77,0.101661753219,1.37108896373e-05,2.73014598371e-05
2022-08-23,7.63611599257e-05,8.4819082361e-09,77,0.138719185051,4.22264507412e-05,3.41347091845e-05
2022-08-24,3.09547775755e-05,1.39981662752e-09,77,0.0883210277851,1.93423303576e-05,1.16124472179e-05
2022-08-25,4.51783310981e-05,2.42361205791e-09,77,0.106700231662,3.09553076019e-05,1.42230234962e-05
2022-08-26,0.000298734058345,4.07803107164e-07,77,0.27437380105,0.000107461161823,0.000191272896522
2022-08-29,9.01109141219e-05,6.58513797117e-09,77,0.150691573615,4.63023122758e-05,4.38086018461e-05
2022-08-30,0.000147711732518,2.46171611029e-08,77,0.19293355487,5.53250047329e-05,9.23867277854e-05
2022-08-31,0.000101180484212,1.50410120621e-08,77,0.159679309936,4.50171474468e-05,5.61633367656e-05
2022-09-01,0.000128685047177,1.94641790628e-08,77,0.180079515461,7.79535625187e-05,5.07314846586e-05
2022-09-02,0.000157531357361,2.72262790721e-08,77,0.19924332374,5.74825073752e-05,0.000100048849985
2022-09-06,0.000169027829922,4.12145581086e-08,77,0.206385593345,7.79149670478e-05,9.11128628739e-05
2022-09-07,7.40869611555e-05,5.73756383607e-09,77,0.136637894492,5.3524206751e-05,2.05627544044e-05
2022-09-08,0.000166580179248,5.36027666323e-08,77,0.20488583448,9.81227063091e-05,6.84574729389e-05
2022-09-09,4.43881764528e-05,2.15096077458e-09,77,0.105763039225,2.56923027609e-05,1.86958736919e-05
2022-09-12,4.80101930701e-05,1.77787502593e-09,77,0.109993493688,2.91339005188e-05,1.88762925513e-05
2022-09-13,7.24639057563e-05,5.88218204265e-09,77,0.135132913276,1.64607476398e-05,5.60031581165e-05
2022-09-14,0.00013801968798,2.18305731272e-08,77,0.186496545198,7.60421033098e-05,6.19775846702e-05
2022-09-15,0.000126292298126,1.90753185102e-08,77,0.178397475116,5.52756363233e-05,7.10166618025e-05
2022-09-16,0.000121600098774,1.5285665439e-08,77,0.175052063373,7.00698918249e-05,5.1530206949e-05
2022-09-19,7.83288636539e-05,6.14108222538e-09,77,0.140495101839,5.0336555026e-05,2.79923086279e-05
2022-09-20,7.85303156951e-05,6.21353404146e-09,77,0.14067565374,3.97580706456e-05,3.87722450495e-05
2022-09-21,0.00065170549486,2.1824691735e-06,77,0.405252741761,0.000215875288868,0.000435830205992
2022-09-22,0.000164277442709,3.06949498947e-08,77,0.203464777204,7.31714480721e-05,9.11059946372e-05
2022-09-23,0.000129979431807,1.58942238236e-08,77,0.180982918574,6.12432206205e-05,6.87362111866e-05
2022-09-26,0.000194566440392,5.25274836894e-08,77,0.221428866634,7.87014035435e-05,0.000115865036849
2022-09-27,0.00021413705769,3.84804259343e-08,77,0.232298382555,8.15976972828e-05,0.000132539360407
2022-09-28,0.000136075172792,2.07659811394e-08,77,0.185178140026,9.21756437693e-05,4.38995290229e-05
2022-09-29,0.000159777409897,3.29527237423e-08,77,0.200658683575,6.74227075019e-05,9.23547023948e-05
2022-09-30,0.00015491412533,4.11474005555e-08,77,0.197581273361,6.28431568252e-05,9.20709685046e-05
2022-10-03,0.000103505752671,2.31272723279e-08,77,0.161503714116,7.95088736075e-05,2.39968790639e-05
2022-10-04,8.42638501114e-05,7.13842811309e-09,77,0.145720589582,5.63811117443e-05,2.78827383671e-05
2022-10-05,0.000130298365845,2.65186978059e-08,77,0.181204823868,6.6614922914e-05,6.36834429313e-05
2022-10-06,0.000154737425045,3.34813972718e-08,77,0.197468557272,5.87402138844e-05,9.59972111602e-05
2022-10-07,0.000101644924423,1.40559335206e-08,77,0.16004537155,3.82251478995e-05,6.34197765238e-05
2022-10-10,0.000166470119165,4.79575344809e-08,77,0.204818138917,7.87021788986e-05,8.77679402664e-05
2022-10-11,0.000143989825961,2.87276458318e-08,77,0.190487364783,7.51953200373e-05,6.87945059235e-05
2022-10-12,0.000117677166237,2.45906643573e-08,77,0.172205243508,6.71676839095e-05,5.05094823273e-05
2022-10-13,0.000359638844357,2.65081216747e-07,77,0.301046489396,0.000285921918109,7.37169262473e-05
2022-10-14,0.000355792518186,2.11193901001e-07,77,0.299432320538,0.000106480358011,0.000249312160175
2022-10-17,0.00011396431421,2.08079500812e-08,77,0.169466832096,7.13694577905e-05,4.2594856419e-05
2022-10-18,0.00017895244253,3.41304086892e-08,77,0.212358224511,6.40333561099e-05,0.00011491908642
2022-10-19,0.000123400245709,1.64809546357e-08,77,0.176343023448,5.1645474588e-05,7.17547711207e-05
2022-10-20,0.000157661089511,2.46211940191e-08,77,0.199325348505,7.4969839956e-05,8.26912495552e-05
2022-10-21,0.000181139614601,2.67360617624e-08,77,0.213652013516,0.000113956266066,6.71833485349e-05
2022-10-24,0.00019460101944,8.97034337003e-08,77,0.221448542328,9.5668195881e-05,9.89328235595e-05
2022-10-25,6.91972115154e-05,1.23508011223e-08,77,0.132051873527,4.82656116012e-05,2.09315999142e-05
2022-10-26,0.000113164310073,1.50827912934e-08,77,0.168870974825,5.77645097459e-05,5.53998003274e-05
2022-10-27,0.000139767307609,2.74104326464e-08,77,0.187673550394,5.11811786437e-05,8.85861289655e-05
2022-10-28,4.75496645239e-05,3.26004145931e-09,77,0.109464676769,3.87916000411e-05,8.75806448286e-06
2022-10-31,8.95105623671e-05,9.60107096357e-09,77,0.150188753629,3.61129903263e-05,5.33975720407e-05
2022-11-01,9.94668637339e-05,2.02767558592e-08,77,0.158321349353,2.40977103734e-05,7.53691533605e-05
2022-11-02,0.000376590379751,4.95390358444e-07,77,0.308059695022,0.000150134549557,0.000226455830195
2022-11-03,0.000133492442228,2.17955663206e-08,77,0.183412364473,7.7106548543e-05,5.63858936853e-05
2022-11-04,0.000289879467068,1.03513681152e-07,77,0.2702769426,0.000143691028562,0.000146188438506
2022-11-07,6.35553965165e-05,6.18938495165e-09,77,0.126554177814,3.30350047322e-05,3.05203917843e-05
2022-11-08,0.000126599981813,1.92750287025e-08,77,0.178614656221,6.00360526527e-05,6.65639291607e-05
2022-11-09,0.000110444492706,1.30522854297e-08,77,0.166829290479,4.87870324218e-05,6.16574602839e-05
2022-11-10,0.000126623525952,1.9323928501e-08,77,0.178631264173,8.91989327047e-05,3.74245932475e-05
2022-11-11,8.83425962411e-05,1.35671087881e-08,77,0.149205677683,4.99766536322e-05,3.83659426089e-05
2022-11-14,7.43794188128e-05,7.76283910236e-09,77,0.136907317339,3.12590579694e-05,4.31203608434e-05
2022-11-15,0.000189019993617,3.52791834821e-08,77,0.218249944769,9.21321433381e-05,9.68878502792e-05
2022-11-16,4.90812276806e-05,2.86236784261e-09,77,0.111213620459,1.76859494528e-05,3.13952782278e-05
2022-11-17,6.84939537844e-05,1.0299810179e-08,77,0.131379132109,4.77954243975e-05,2.06985293869e-05
2022-11-18,8.4796471979e-05,9.60180705182e-09,77,0.146180405454,3.65625029939e-05,4.82339689851e-05
2022-11-21,3.96642607803e-05,2.20109924641e-09,77,0.0999769659304,2.15914877549e-05,1.80727730255e-05
2022-11-22,2.424302315e-05,7.67376422491e-10,77,0.0781616391448,1.68699626437e-05,7.37306050636e-06
2022-11-23,5.77683765533e-05,1.03179935733e-08,77,0.120655007735,3.60431900774e-05,2.17251864759e-05
2022-11-25,7.64973186448e-06,7.27036585357e-11,70,0.0439059498229,4.55540323489e-06,3.09432862959e-06
2022-11-28,3.10129716077e-05,1.47093660904e-09,77,0.0884040092142,9.44759578836e-06,2.15653758194e-05
2022-11-29,5.77712079119e-05,4.65495993937e-09,77,0.120657964486,2.37426996179e-05,3.4028508294e-05
2022-11-30,0.00014481858259,4.63766787913e-08,77,0.191034768596,0.000118139152912,2.66794296783e-05
2022-12-01,8.27774269728e-05,8.04503844036e-09,77,0.144429607758,3.01344094177e-05,5.26430175551e-05
2022-12-02,5.85647294803e-05,3.83643190453e-09,77,0.121483792454,3.58928990504e-05,2.26718304298e-05
2022-12-05,4.58895442758e-05,1.91167072513e-09,77,0.107536808384,1.21388245524e-05,3.37507197234e-05
2022-12-06,6.77948246005e-05,5.32875453596e-09,77,0.130706908002,2.08723022818e-05,4.69225223188e-05
2022-12-07,8.60820060134e-05,9.68008539521e-09,77,0.14728430166,3.87865889119e-05,4.72954171016e-05
2022-12-08,6.42914338144e-05,4.81612052396e-09,77,0.127284882532,3.48477640408e-05,2.94436697737e-05
2022-12-09,5.2033344682e-05,2.67733478229e-09,77,0.114509400749,2.36385512696e-05,2.83947934123e-05
2022-12-12,4.0929895002e-05,1.5655855156e-09,77,0.101559507386,2.80756882087e-05,1.28542067933e-05
2022-12-13,0.000270993828369,8.89361711168e-08,77,0.261324405192,8.87559607053e-05,0.000182237867664
2022-12-14,0.00036462062495,4.66781652401e-07,77,0.303124392762,0.000112598800576,0.000252021824374
2022-12-15,0.000101406376379,1.04959075141e-08,77,0.159857457904,3.33306040709e-05,6.80757723083e-05
2022-12-16,0.000104663680811,1.14077655473e-08,77,0.162404579875,4.61524110824e-05,5.85112697285e-05
2022-12-19,6.36494050004e-05,3.67394695734e-09,77,0.126647740051,2.59384592272e-05,3.77109457732e-05
2022-12-20,7.11397296416e-05,9.34328232702e-09,77,0.133892538514,3.68325512838e-05,3.43071783578e-05
2022-12-21,5.43640957391e-05,2.77027776047e-09,77,0.117045940238,3.57032897284e-05,1.86608060106e-05
2022-12-22,8.51691552927e-05,8.90910646997e-09,77,0.14650128714,4.14162873741e-05,4.37528679186e-05
2022-12-23,0.000104231262679,2.32689881838e-08,77,0.162068745275,6.35848255086e-05,4.06464371705e-05
2022-12-27,4.76976816407e-05,2.21181957254e-09,77,0.109634920411,2.5709507721e-05,2.19881739197e-05
2022-12-28,7.17130526266e-05,6.92404020523e-09,77,0.134430983266,2.09299280075e-05,5.07831246191e-05
2022-12-29,2.9915298135e-05,9.27478044353e-10,77,0.0868254290518,2.12351620616e-05,8.68013607341e-06
2022-12-30,8.68771230988e-05,1.5345458075e-08,77,0.147962951515,4.17841639582e-05,4.50929591406e-05
2023-01-03,0.000146838488585,2.70221298525e-08,77,0.192362416088,5.88620441585e-05,8.79764444263e-05
2023-01-04,0.000147341825444,3.30889070038e-08,77,0.192691826531,6.69806258452e-05,8.03611995984e-05
2023-01-05,8.61166125449e-05,1.24438761635e-08,77,0.147313904168,4.88011118823e-05,3.73155006626e-05
2023-01-06,0.000122586339156,3.90552539464e-08,77,0.175760511684,6.31511667446e-05,5.94351724115e-05
2023-01-09,5.48376437538e-05,2.87138113008e-09,77,0.117554609548,2.34589596764e-05,3.13786840774e-05
2023-01-10,7.23009093282e-05,7.37386016875e-09,77,0.134980847348,3.84333158788e-05,3.38675934495e-05
2023-01-11,3.34591436457e-05,1.26078713383e-09,77,0.0918243115886,1.79910716928e-05,1.54680719529e-05
2023-01-12,0.000141442288219,3.92047094206e-08,77,0.188794747361,6.70838399552e-05,7.43584482638e-05
2023-01-13,3.46743683702e-05,1.36204354629e-09,77,0.093476953466,2.39084545073e-05,1.07659138629e-05
2023-01-17,3.64824798642e-05,2.10838918889e-09,77,0.0958831837486,2.04875124556e-05,1.59949674086e-05
2023-01-18,4.68615684569e-05,1.84494434624e-09,77,0.108669753157,1.04243785633e-05,3.64371898936e-05
2023-01-19,5.83981877322e-05,3.55652758161e-09,77,0.121310936475,2.77798080732e-05,3.06183796589e-05
2023-01-20,4.5635942961e-05,2.41817190487e-09,77,0.107239254129,3.30401923324e-05,1.25957506286e-05
2023-01-23,6.15149651065e-05,5.51333096808e-09,77,0.124506109115,3.64394043893e-05,2.50755607172e-05
2023-01-24,6.52567330817e-05,1.19024134273e-08,77,0.128236877444,2.92339568272e-05,3.60227762545e-05
2023-01-25,6.29566557493e-05,3.55779299787e-09,77,0.125956648291,3.86353180422e-05,2.43213377071e-05
2023-01-26,9.24817666948e-05,1.35549410161e-08,77,0.152661079543,3.77782178729e-05,5.47035488219e-05
2023-01-27,4.92470492661e-05,2.35590342465e-09,77,0.111401330401,2.62280697381e-05,2.3018979528e-05
2023-01-30,5.25637411146e-05,2.72940927267e-09,77,0.115091540788,2.60563514183e-05,2.65073896962e-05
2023-01-31,4.31359457116e-05,4.0755853225e-09,77,0.104260530976,3.26247732026e-05,1.0511172509e-05
2023-02-01,0.000203348559389,1.74856476458e-07,77,0.226371016179,0.000153331708783,5.00168506058e-05
2023-02-02,8.56865615005e-05,8.23497322443e-09,77,0.146945614083,4.99748571342e-05,3.57117043663e-05
2023-02-03,0.000111072261366,1.31032438744e-08,77,0.167302749123,5.66045878115e-05,5.4467673554e-05
2023-02-06,4.08829358448e-05,1.86760482868e-09,77,0.101501230696,1.9334170936e-05,2.15487649087e-05
2023-02-07,0.000172058681634,5.34380750895e-08,77,0.208227730554,9.85338204208e-05,7.35248612129e-05
2023-02-08,8.0678224304e-05,5.57144776897e-09,77,0.142586508915,3.46515122495e-05,4.60267120544e-05
2023-02-09,7.76274805076e-05,6.07264853492e-09,77,0.139864667046,2.38899432058e-05,5.37375373018e-05
2023-02-10,5.21649808626e-05,2.97852009574e-09,77,0.114654154645,3.09271866425e-05,2.12377942201e-05
2023-02-13,3.06663683136e-05,1.3180375289e-09,77,0.087908616273,2.25075377333e-05,8.15883058036e-06
2023-02-14,0.000142547558075,4.46151581189e-08,77,0.189530959568,5.7246552413e-05,8.53010056618e-05
2023-02-15,5.36609075008e-05,4.42799587878e-09,77,0.116286494015,2.85458343407e-05,2.51150731601e-05
2023-02-16,4.92117741105e-05,3.27649091535e-09,77,0.111361425439,2.40025707183e-05,2.52092033922e-05
2023-02-17,6.12061178898e-05,3.46010785111e-09,77,0.124193162888,3.03428524139e-05,3.08632654758e-05
2023-02-21,3.10925508519e-05,1.8279330302e-09,77,0.0885173588325,8.11090450057e-06,2.29816463513e-05
2023-02-22,6.48956329691e-05,3.79402978374e-09,77,0.127881583929,2.71633726629e-05,3.77322603062e-05
2023-02-23,5.48375687758e-05,5.07075798503e-09,77,0.117554529183,2.38876298523e-05,3.09499389235e-05
2023-02-24,5.95044022671e-05,7.3496625975e-09,77,0.122454519603,2.73903370603e-05,3.21140652068e-05
2023-02-27,3.84755108603e-05,2.86259142411e-09,77,0.0984673993604,1.47450956656e-05,2.37304151948e-05
2023-02-28,2.71373896498e-05,1.39721606054e-09,77,0.0826959623667,1.25329446771e-05,1.46044449727e-05
2023-03-01,5.65524465355e-05,4.22405420175e-09,77,0.119378459225,2.76366245837e-05,2.89158219517e-05
2023-03-02,4.55271214338e-05,2.25333468829e-09,77,0.107111318736,3.28797547099e-05,1.26473667239e-05
2023-03-03,3.16235573231e-05,2.11230858642e-09,77,0.0892700198578,2.247804382e-05,9.1455135031e-06
2023-03-06,2.45349333021e-05,5.77172375133e-10,77,0.0786308030744,1.05508577565e-05,1.39840755456e-05
2023-03-07,0.00010520714687,5.46965313341e-08,77,0.162825676757,2.7694666812e-05,7.75124800584e-05
2023-03-08,5.27777993085e-05,4.00082666172e-09,77,0.11532564947,3.25121740581e-05,2.02656252505e-05
2023-03-09,8.40539860775e-05,8.44341558244e-09,77,0.145539013641,2.20953628837e-05,6.19586231938e-05
2023-03-10,0.000190172967771,3.60300447848e-08,77,0.218914567533,9.96336040739e-05,9.05393636967e-05
2023-03-13,0.000366979950076,1.84034155415e-07,77,0.304103514316,0.000223633573203,0.000143346376872
2023-03-14,0.000112993161459,1.40879054705e-08,77,0.168743227087,6.09933854629e-05,5.19997759958e-05
2023-03-15,0.000162170743594,4.84881862458e-08,77,0.202155948183,0.000106045960123,5.61247834704e-05
2023-03-16,0.000107093055429,1.26305228653e-08,77,0.164278574282,7.37244815148e-05,3.33685739144e-05
2023-03-17,0.000119664125493,1.34516760791e-08,77,0.173652986223,5.09290023107e-05,6.87351231825e-05
2023-03-20,6.48956408071e-05,6.10107322682e-09,77,0.127881591652,3.74995886683e-05,2.73960521387e-05
2023-03-21,3.45998523958e-05,1.57222443771e-09,77,0.0933764574384,1.7473219322e-05,1.71266330738e-05
2023-03-22,0.000191934729797,7.00215914927e-08,77,0.219926241974,6.52133720111e-05,0.000126721357786
2023-03-23,0.000108467736515,1.48551370631e-08,77,0.165329578726,4.36880720373e-05,6.47796644778e-05
2023-03-24,0.000100398942949,1.42493172405e-08,77,0.159061414627,6.33863657535e-05,3.70125771959e-05
2023-03-27,4.44905648035e-05,2.45753780723e-09,77,0.105884948555,1.81067329519e-05,2.63838318516e-05
2023-03-28,3.05640901867e-05,3.47654130102e-09,77,0.0877618979229,1.07234555914e-05,1.98406345953e-05
2023-03-29,1.92142541719e-05,3.37242001904e-10,77,0.0695844239131,1.15249134376e-05,7.68934073425e-06
2023-03-30,1.91825083287e-05,3.37054974762e-10,77,0.0695269163622,8.41817788934e-06,1.07643304394e-05
2023-03-31,2.02087646723e-05,6.62899907652e-10,77,0.071362516053,1.54053825392e-05,4.80338213313e-06
2023-04-03,2.31067152333e-05,9.49440899194e-10,77,0.0763078779603,1.26195971683e-05,1.0487118065e-05
2023-04-04,3.86299974406e-05,1.30352071945e-09,77,0.0986648841028,1.40604780119e-05,2.45695194287e-05
2023-04-05,3.05078561688e-05,1.34952240798e-09,77,0.0876811254178,1.3605708392e-05,1.69021477768e-05
2023-04-06,1.55591561653e-05,2.03963583126e-10,77,0.0626171490381,1.00072249867e-05,5.55193117864e-06
2023-04-10,2.43603938663e-05,8.17802076809e-10,77,0.0783506174469,1.7768004864e-05,6.59238900229e-06
2023-04-11,1.31743216724e-05,1.78179714104e-10,77,0.057618825582,5.40061198795e-06,7.77370968445e-06
2023-04-12,5.57582818e-05,5.76992743777e-09,77,0.118537281113,1.50972620922e-05,4.06610197079e-05
2023-04-13,1.79768535599e-05,3.63838853729e-10,77,0.0673065160077,1.3628616158e-05,4.34823740191e-06
2023-04-14,5.33788706459e-05,1.03240033469e-08,77,0.115980495786,1.76327156751e-05,3.57461549708e-05
2023-04-17,1.69719320165e-05,2.58267564668e-10,77,0.0653982176222,8.5011073283e-06,8.47082468823e-06
2023-04-18,2.80850825337e-05,1.06936799838e-09,77,0.0841275269962,9.74903223909e-06,1.83360502946e-05
2023-04-19,1.25873833332e-05,1.53262681127e-10,77,0.0563206942425,7.19011916375e-06,5.39726416943e-06
2023-04-20,2.31687616133e-05,5.22272561618e-10,77,0.0764102606105,1.16286767617e-05,1.15400848516e-05
2023-04-21,3.49077366521e-05,2.17849681647e-09,77,0.0937909890999,1.50535474268e-05,1.98541892253e-05
2023-04-24,1.48347137097e-05,2.91644777376e-10,77,0.0611420301826,6.3551646195e-06,8.47954909024e-06
2023-04-25,2.90220522268e-05,1.02450337247e-09,77,0.0855193379369,6.96174518967e-06,2.20603070371e-05
2023-04-26,2.81098366154e-05,7.73271283817e-10,77,0.0841645936667,9.55269679353e-06,1.85571398219e-05
2023-04-27,2.25535285215e-05,7.71631220571e-10,77,0.0753889195268,1.80177449778e-05,4.53578354369e-06
2023-04-28,5.04109556982e-05,5.1898697045e-09,77,0.112710074243,2.72602542906e-05,2.31507014076e-05
2023-05-01,2.12803996586e-05,8.3793815258e-10,77,0.073230189908,8.66356620468e-06,1.26168334539e-05
2023-05-02,3.99479729067e-05,2.09576499984e-09,77,0.100333888455,1.22275546427e-05,2.7720418264e-05
2023-05-03,4.85123451559e-05,5.08401538536e-09,77,0.110567223802,1.30884404632e-05,3.54239046927e-05
2023-05-04,7.56586761154e-05,6.72393697123e-09,77,0.138079637822,3.49842646786e-05,4.06744114367e-05
2023-05-05,2.30129115228e-05,4.98154881954e-10,77,0.076152831226,1.4827368338e-05,8.18554318478e-06
2023-05-08,1.82827676868e-05,6.53956444564e-10,77,0.0678767814283,7.72397025918e-06,1.05587974276e-05
2023-05-09,1.6754970612e-05,4.13897520056e-10,77,0.0649788626727,8.10346280821e-06,8.65150780383e-06
2023-05-10,6.76982791917e-05,6.94554876212e-09,77,0.130613806147,2.67070074813e-05,4.09912717104e-05
2023-05-11,3.66019228314e-05,1.70888921411e-09,77,0.0960400153765,1.70612070364e-05,1.95407157951e-05
2023-05-12,3.47175074369e-05,1.50435182873e-09,77,0.0935350836537,1.43923759555e-05,2.03251314814e-05
2023-05-15,1.95235467561e-05,4.59028982787e-10,77,0.0701422396459,9.22526112e-06,1.02982856361e-05
2023-05-16,3.05215112316e-05,1.61372083935e-09,77,0.0877007458941,1.38668488853e-05,1.66546623463e-05
2023-05-17,2.64879914727e-05,6.07831472703e-10,77,0.0817005131632,1.49794264233e-05,1.15085650494e-05
2023-05-18,4.53847287432e-05,2.40744441886e-09,77,0.106943684448,2.66405026865e-05,1.87442260567e-05
2023-05-19,3.73798735552e-05,1.65078663409e-09,77,0.0970552839154,1.4875267579e-05,2.25046059761e-05
2023-05-22,3.28532875172e-05,3.59302576665e-09,77,0.0909891666866,1.63069666171e-05,1.65463209001e-05
2023-05-23,4.34839499901e-05,3.46290099261e-09,77,0.10468025314,1.37122527156e-05,2.97716972745e-05
2023-05-24,3.49034725232e-05,1.32427261878e-09,77,0.0937852604402,1.73542194863e-05,1.75492530369e-05
2023-05-25,4.24638358014e-05,1.57365389121e-09,77,0.103445089888,2.0395229078e-05,2.20686067234e-05
2023-05-26,2.59149003887e-05,8.70727685661e-10,77,0.0808118487473,1.97066850243e-05,6.20821536446e-06
2023-05-30,3.69241031733e-05,1.27752682891e-09,77,0.0964617748109,1.45003331964e-05,2.24237699768e-05
2023-05-31,2.45175341879e-05,7.61487136181e-10,77,0.0786029173462,1.0418618334e-05,1.40989158539e-05
2023-06-01,2.85260514244e-05,9.30910519307e-10,77,0.0847854053416,1.93474261344e-05,9.17862528994e-06
2023-06-02,3.10271726214e-05,1.70645570008e-09,77,0.0884242472436,1.67597127712e-05,1.42674598502e-05
2023-06-05,4.15875570602e-05,4.54900293931e-09,77,0.102372185574,1.47153352151e-05,2.68722218451e-05
2023-06-06,2.00443956335e-05,6.27357183159e-10,77,0.071071708152,1.28477957711e-05,7.19659986243e-06
2023-06-07,2.44614159654e-05,4.22574408163e-10,77,0.0785129086411,9.93171364489e-06,1.45297023205e-05
2023-06-08,1.31299294265e-05,1.5539799606e-10,77,0.0575216673566,8.08527215997e-06,5.04465726655e-06
2023-06-09,2.58867034358e-05,7.17444539639e-10,77,0.0807678727331,1.07900000619e-05,1.50967033739e-05
2023-06-12,1.10544023525e-05,1.396409761e-10,77,0.0527798199393,7.59326926816e-06,3.46113308434e-06
2023-06-13,2.02663668301e-05,5.55275376652e-10,77,0.0714641479428,1.06069997974e-05,9.65936703271e-06
2023-06-14,8.17923388055e-05,1.82427465556e-08,77,0.143567647397,3.82432272758e-05,4.35491115297e-05
2023-06-15,3.39107223065e-05,9.06399554618e-10,77,0.0924418845613,2.35846362207e-05,1.03260860858e-05
2023-06-16,3.44563453198e-05,9.80241017854e-10,77,0.0931826111492,1.28698819815e-05,2.15864633382e-05
2023-06-20,2.11235052564e-05,4.28633179559e-10,77,0.0729597376956,8.6025546335e-06,1.25209506229e-05
2023-06-21,2.57789030323e-05,6.11364320194e-10,77,0.0805995258307,1.12890979548e-05,1.44898050775e-05
2023-06-22,2.85026506948e-05,1.27615293551e-09,77,0.0847506222696,1.74349722966e-05,1.10676783981e-05
2023-06-23,1.71895834032e-05,2.60145686408e-10,77,0.0658162215385,8.84208878355e-06,8.34749461964e-06
2023-06-26,2.20872986915e-05,5.54318963008e-10,77,0.0746056249237,8.61968754318e-06,1.34676111483e-05
2023-06-27,1.42119922113e-05,1.72606512483e-10,77,0.0598449833925,8.8006430226e-06,5.41134918868e-06
2023-06-28,3.49559866209e-05,1.50001693879e-09,77,0.0938557863345,1.84327527718e-05,1.65232338491e-05
2023-06-29,2.03039371729e-05,5.06576203973e-10,77,0.0715303583633,1.0714196713e-05,9.58974045989e-06
2023-06-30,2.11364325659e-05,1.07947315757e-09,77,0.0729820594845,9.99715528223e-06,1.11392772836e-05
2023-07-03,4.42951790817e-06,2.81282387108e-11,74,0.0334101558341,2.89425588836e-06,1.53526201981e-06
2023-07-05,9.16980713377e-06,1.45374198094e-10,77,0.0480706916708,4.82654107823e-06,4.34326605555e-06
2023-07-06,1.64351646589e-05,3.01160591522e-10,77,0.0643557417333,7.55738338206e-06,8.87778127683e-06
2023-07-07,2.0396667932e-05,4.74041642337e-10,77,0.0716935165748,9.09792497996e-06,1.1298742952e-05
2023-07-10,1.83537143566e-05,3.04890663977e-10,77,0.0680083525596,8.77594700747e-06,9.57776734916e-06
2023-07-11,2.70060365236e-05,1.32792234435e-09,77,0.082495582936,1.39031760654e-05,1.31028604582e-05
2023-07-12,1.78200744531e-05,3.66922213028e-10,77,0.0670123776789,7.54243504975e-06,1.02776394034e-05
2023-07-13,1.06155722188e-05,1.10514738773e-10,77,0.0517216028284,6.08849733277e-06,4.52707488605e-06
2023-07-14,1.65106182272e-05,2.55452147214e-10,77,0.0645033006384,6.36328907583e-06,1.01473291513e-05
2023-07-17,8.75375236428e-06,1.29616554413e-10,77,0.0469674950982,5.44107307078e-06,3.3126792935e-06
2023-07-18,1.4640955919e-05,3.73335660044e-10,77,0.0607414264863,1.09249875259e-05,3.71596839318e-06
2023-07-19,1.7328441899e-05,3.58219271435e-10,77,0.0660815205525,7.91828315563e-06,9.41015874332e-06
2023-07-20,1.98677043096e-05,3.44694861582e-10,77,0.0707577662593,7.92318616911e-06,1.19445181404e-05
2023-07-21,2.41470462988e-05,5.74022040827e-10,77,0.0780067668046,9.17497788074e-06,1.49720684181e-05
2023-07-24,1.87287013787e-05,7.66974148324e-10,77,0.0686995833133,8.36862119669e-06,1.0360080182e-05
2023-07-25,9.23157728608e-06,1.07604513509e-10,77,0.0482323281222,4.1752791323e-06,5.05629815377e-06
2023-07-26,4.5174849623e-05,1.26103478677e-08,77,0.106696120384,2.31159907e-05,2.20588589229e-05
2023-07-27,3.82135184803e-05,1.65342608763e-09,77,0.0981315782866,9.47435891887e-06,2.87391595614e-05
2023-07-28,2.91712504473e-05,7.40603147103e-10,77,0.0857388774869,1.6786171065e-05,1.23850793823e-05
2023-07-31,1.98494718231e-05,9.66901082158e-10,77,0.0707252917946,1.17243961768e-05,8.12507564635e-06
2023-08-01,1.31925154895e-05,2.90018437813e-10,77,0.0576585978267,5.34158130902e-06,7.85093418045e-06
2023-08-02,2.48592876628e-05,5.5725063391e-10,77,0.0791488502192,9.1326315306e-06,1.57266561322e-05
2023-08-03,2.80648232318e-05,6.94612107253e-10,77,0.0840971786353,1.42383135534e-05,1.38265096784e-05
2023-08-04,5.06902213011e-05,4.14737588048e-09,77,0.113021837571,1.47588315716e-05,3.59313897295e-05
2023-08-07,2.37899347757e-05,9.58186836241e-10,77,0.0774277958066,1.26318825188e-05,1.11580522569e-05
2023-08-08,2.76395643847e-05,1.00818002853e-09,77,0.08345759537,1.23998778552e-05,1.52396865295e-05
2023-08-09,3.27099966803e-05,1.23141091617e-09,77,0.0907905235332,1.05647661319e-05,2.21452305483e-05
2023-08-10,6.14882431427e-05,3.13996384278e-09,77,0.124479063589,2.41098585822e-05,3.73783845605e-05
2023-08-11,3.4273818457e-05,1.63084122828e-09,77,0.0929354735888,1.9835298573e-05,1.44385198841e-05
2023-08-14,1.92599127567e-05,4.55688265642e-10,77,0.069667051141,1.33352409357e-05,5.92467182095e-06
2023-08-15,3.24926149626e-05,1.60436813427e-09,77,0.0904883361024,1.03111495539e-05,2.21814654086e-05
2023-08-16,4.25060813622e-05,2.2076684253e-09,77,0.103496533774,1.81389035626e-05,2.43671777997e-05
2023-08-17,3.68449043349e-05,1.65342896135e-09,77,0.0963582684174,1.52637999889e-05,2.15811043461e-05
2023-08-18,3.51952097377e-05,1.39731024284e-09,77,0.0941763922323,1.88997460312e-05,1.62954637065e-05
2023-08-21,2.92798206473e-05,9.41921002459e-10,77,0.085898281724,1.56361661587e-05,1.36436544886e-05
2023-08-22,3.55021391093e-05,1.1441737321e-09,77,0.0945861462136,1.31439115248e-05,2.23582275845e-05
2023-08-23,1.72510212951e-05,3.89922770692e-10,77,0.0659337346611,1.18405307901e-05,5.41049050498e-06
2023-08-24,4.4182992233e-05,2.43446233552e-09,77,0.10551831141,1.2441396227e-05,3.1741596006e-05
2023-08-25,0.000101486036904,1.73008545249e-08,77,0.159920234179,5.87221757831e-05,4.27638611213e-05
2023-08-28,2.54094750822e-05,6.23361315685e-10,77,0.0800199207742,1.16618495202e-05,1.3747625562e-05
2023-08-29,2.85869365557e-05,1.63872369581e-09,77,0.0848758388002,2.20280619764e-05,6.55887457928e-06
2023-08-30,3.26768765052e-05,1.6801538682e-09,77,0.0907445473806,1.70995178007e-05,1.55773587045e-05
2023-08-31,1.95502060607e-05,3.88856880853e-10,77,0.0701901127459,7.13152206459e-06,1.24186839961e-05
2023-09-01,2.72708825187e-05,1.57885967447e-09,77,0.0828991097341,7.75747252651e-06,1.95134099921e-05
2023-09-05,1.53653128743e-05,2.74580672744e-10,77,0.0622258695746,6.32221226191e-06,9.04310061234e-06
2023-09-06,3.03205380334e-05,1.85033657482e-09,77,0.0874115300427,1.07752146312e-05,1.95453234022e-05
2023-09-07,2.88462288434e-05,1.34215322211e-09,77,0.0852598948424,1.88454725207e-05,1.00007563227e-05
2023-09-08,2.04488295762e-05,6.24207830966e-10,77,0.071785131143,9.96623580311e-06,1.04825937731e-05
2023-09-11,1.65690836908e-05,4.53728352657e-10,77,0.0646174054731,7.09137567901e-06,9.47770801177e-06
2023-09-12,1.95705287303e-05,4.8282615528e-10,77,0.0702265849949,8.7083220866e-06,1.08622066437e-05
2023-09-13,2.62941382029e-05,9.12660791342e-10,77,0.0814010001605,1.1482425012e-05,1.48117131909e-05
2023-09-14,1.36948480249e-05,3.43166912711e-10,77,0.0587460781864,8.30285706861e-06,5.39199095632e-06
2023-09-15,2.017249456e-05,5.04971055529e-10,77,0.0712984475927,5.41995874481e-06,1.47525358152e-05
2023-09-18,1.31038684452e-05,2.33230533702e-10,77,0.0574645529713,6.04087612433e-06,7.06299232087e-06
2023-09-19,1.91513693085e-05,5.50831427144e-10,77,0.0694704618219,8.81390776861e-06,1.03374615399e-05
2023-09-20,4.26776486108e-05,5.885090745e-09,77,0.103705194903,6.7439362325e-06,3.59337123783e-05
2023-09-21,3.03544586568e-05,1.12908601532e-09,77,0.08746041151,1.39626057242e-05,1.63918529325e-05
2023-09-22,4.34243242741e-05,2.49390687975e-09,77,0.104608459109,2.07231319689e-05,2.27011923052e-05
2023-09-25,4.98184229414e-05,3.34073470998e-09,77,0.112045716479,3.49326319103e-05,1.48857910311e-05
2023-09-26,3.68242615455e-05,1.29593036042e-09,77,0.096331271711,1.37756724991e-05,2.30485890463e-05
2023-09-27,6.46503615656e-05,4.54496968003e-09,77,0.127639692551,3.13925742723e-05,3.32577872932e-05
2023-09-28,7.30008127863e-05,5.49415926953e-09,77,0.13563260973,3.9427494059e-05,3.35733187273e-05
2023-09-29,6.86257498457e-05,5.20387986453e-09,77,0.131505471221,2.73185205442e-05,4.13072293015e-05
2023-10-02,7.65343690639e-05,5.30832969178e-09,77,0.1388764235,4.20703383183e-05,3.44640307457e-05
2023-10-03,6.13700911477e-05,1.35068934106e-08,77,0.124359410457,1.78110066681e-05,4.35590844796e-05
2023-10-04,7.39585808138e-05,6.472259418e-09,77,0.136519457826,3.76926682379e-05,3.62659125758e-05
2023-10-05,5.3098502182e-05,2.90907814155e-09,77,0.115675505401,2.51191585878e-05,2.79793435943e-05
2023-10-06,6.97451537116e-05,5.72440052859e-09,77,0.132573672859,4.77275056343e-05,2.20176480773e-05
2023-10-09,3.97899549258e-05,2.31770316749e-09,77,0.100135251741,2.11076292201e-05,1.86823257057e-05
2023-10-10,3.20660295999e-05,2.66594365171e-09,77,0.0898923770916,1.26989976555e-05,1.93670319445e-05
2023-10-11,2.92865385001e-05,1.2761764873e-09,77,0.0859081352493,1.25843031246e-05,1.67022353755e-05
2023-10-12,4.07824367339e-05,2.40543532668e-09,77,0.101376397928,1.75724384564e-05,2.32099982775e-05
2023-10-13,6.63922886366e-05,5.03169233303e-09,77,0.129347813033,2.86436859754e-05,3.77486026612e-05
2023-10-16,3.50699800663e-05,1.78576388056e-09,77,0.0940086962824,1.73812183617e-05,1.76887617047e-05
2023-10-17,4.57003999684e-05,3.31168038651e-09,77,0.107314960709,2.56327681394e-05,2.00676318289e-05
2023-10-18,7.44463076269e-05,8.8964320479e-09,77,0.13696886333,3.15359284808e-05,4.29103791461e-05
2023-10-19,0.000139829719066,3.32108596063e-08,77,0.187715447432,5.52747422808e-05,8.45549767847e-05
2023-10-20,7.32598989306e-05,4.71253017691e-09,77,0.135873082435,3.15880398763e-05,4.16718590543e-05
2023-10-23,7.96399613339e-05,1.02382777551e-08,77,0.141666051883,4.64680230091e-05,3.31719383248e-05
2023-10-24,4.40794476189e-05,2.76746024599e-09,77,0.105394595687,2.25456743839e-05,2.1533773235e-05
2023-10-25,5.02278091865e-05,2.3277754121e-09,77,0.112505146171,2.11667186219e-05,2.90610905646e-05
2023-10-26,9.07953558716e-05,7.71122434451e-09,77,0.151262783525,3.53178191697e-05,5.54775367019e-05
2023-10-27,6.40809842044e-05,3.05029534976e-09,77,0.127076386554,2.68223760296e-05,3.72586081748e-05
2023-10-30,4.51394367495e-05,1.80683774204e-09,77,0.106654292276,2.45986977384e-05,2.05407390111e-05
2023-10-31,4.39757766644e-05,3.10758061406e-09,77,0.105270583353,2.93819616064e-05,1.4593815058e-05
2023-11-01,5.96996531459e-05,5.19713554594e-09,77,0.122655259132,3.87928478893e-05,2.09068052566e-05
2023-11-02,2.02751391933e-05,7.53924121361e-10,77,0.0714796130145,1.2283520988e-05,7.99161820522e-06
2023-11-03,2.66610694569e-05,8.31665354771e-10,77,0.0819670025262,1.62367299464e-05,1.04243395105e-05
2023-11-06,1.67012124571e-05,3.23358774325e-10,77,0.0648745369093,9.23309226281e-06,7.46812019433e-06
2023-11-07,1.68661800302e-05,4.00772979109e-10,77,0.0651941513298,9.14674227121e-06,7.719437759e-06
2023-11-08,2.41137478847e-05,6.76781887416e-10,77,0.0779529631698,1.02340502016e-05,1.38796976831e-05
2023-11-09,5.30168706374e-05,5.31781390317e-09,77,0.115586553719,1.89949762525e-05,3.40218943849e-05
2023-11-10,2.54262501123e-05,9.27173878921e-10,77,0.0800463305112,1.87332406565e-05,6.69300945584e-06
2023-11-13,1.44447637145e-05,1.7950371123e-10,77,0.0603330792853,9.10843059244e-06,5.33633312204e-06
2023-11-14,2.08792596697e-05,3.99192642142e-10,77,0.072536704066,1.07235193127e-05,1.0155740357e-05
2023-11-15,1.89468875616e-05,2.95305497193e-10,77,0.0690985938027,7.94455384319e-06,1.10023337184e-05
2023-11-16,2.20181834745e-05,4.84549983438e-10,77,0.0744888061092,1.07211630869e-05,1.12970203876e-05
2023-11-17,1.04235979359e-05,1.42981537931e-10,77,0.0512517968451,5.14558039091e-06,5.278017545e-06
2023-11-20,1.39472197333e-05,6.20309718003e-10,77,0.0592849000404,9.93941403911e-06,4.00780569421e-06
2023-11-21,1.15036751462e-05,1.84098462196e-10,77,0.053841676579,4.58375462042e-06,6.91992052576e-06
2023-11-22,3.20612928441e-05,2.161295695e-09,77,0.0898857374488,1.07283773488e-05,2.13329154953e-05
2023-11-24,4.21074374291e-06,2.18542561559e-11,76,0.0325746438693,1.83346175693e-06,2.37728198599e-06
2023-11-27,8.16480591844e-06,7.13526047308e-11,77,0.0453600164401,4.29079757979e-06,3.87400833865e-06
2023-11-28,1.75888570689e-05,6.03409984806e-10,77,0.0665762118279,1.07553903303e-05,6.8334667386e-06
2023-11-29,1.76502923421e-05,4.10755097396e-10,77,0.0666923809007,5.36259270047e-06,1.22876996416e-05
2023-11-30,4.10577501369e-05,2.57577420328e-09,77,0.101718007425,2.29738235771e-05,1.80839265598e-05
2023-12-01,2.76782924699e-05,1.00677015674e-09,77,0.0835160445808,1.95185426141e-05,8.1597498558e-06
2023-12-04,1.36371066202e-05,3.42075129706e-10,77,0.0586221022166,5.48828666688e-06,8.14881995333e-06
2023-12-05,3.6418841e-05,3.60644859736e-09,77,0.0957995194769,1.94364897492e-05,1.69823512508e-05
2023-12-06,2.34476647129e-05,1.04379553371e-09,77,0.0768687941082,6.41555338753e-06,1.70321113254e-05
2023-12-07,1.65464077004e-05,5.20828264305e-10,77,0.064573173536,9.48257893099e-06,7.06382876945e-06
2023-12-08,3.19798268511e-05,2.04008313475e-09,77,0.0897714674408,2.01344986169e-05,1.18453282342e-05
2023-12-11,1.22862392467e-05,1.73782407231e-10,77,0.0556428997281,7.62732368082e-06,4.65891556583e-06
2023-12-12,9.56710698019e-06,1.31809227878e-10,77,0.0491010280851,7.28989808225e-06,2.27720889794e-06
2023-12-13,5.14554187272e-05,1.62229970672e-08,77,0.113871706404,4.28166182145e-05,8.6388005127e-06
2023-12-14,3.59117217196e-05,1.610009453e-09,77,0.0951301943304,1.49215361407e-05,2.09901855789e-05
2023-12-15,2.76809400935e-05,2.0950258678e-09,77,0.0835200389341,1.3056421408e-05,1.46245186855e-05
2023-12-18,9.21036782143e-06,9.17324449766e-11,77,0.0481768895945,4.97363654346e-06,4.23673127797e-06
2023-12-19,6.73118849132e-06,6.57214895272e-11,77,0.0411856710497,4.27430233261e-06,2.45688615871e-06
2023-12-20,4.65444800514e-05,5.15603469179e-09,77,0.108301472626,1.04062158316e-05,3.61382642197e-05
2023-12-21,4.55779874456e-05,3.16754645276e-09,77,0.107171138075,2.29989788261e-05,2.25790086195e-05
2023-12-22,1.96363300112e-05,4.85614138553e-10,77,0.0703445460772,9.07678359494e-06,1.05595464162e-05
2023-12-26,6.05018200078e-06,3.68423426369e-11,77,0.0390467138719,3.06818277398e-06,2.9819992268e-06
2023-12-27,1.84497334605e-05,1.02779748139e-09,77,0.0681860163967,9.25971343021e-06,9.19002003031e-06
2023-12-28,9.39755180491e-06,1.1624513768e-10,77,0.0486639810829,3.47029486294e-06,5.92725694197e-06
2023-12-29,1.70267508953e-05,2.72225482316e-10,77,0.0655037497065,7.03133416573e-06,9.99541672957e-06
2024-01-02,2.35723541399e-05,8.20986265656e-10,77,0.0770729086207,1.35706868501e-05,1.00016672898e-05
2024-01-03,2.88832826932e-05,1.2181945448e-09,77,0.0853146367202,1.39854899283e-05,1.48977927649e-05
2024-01-04,1.92678576985e-05,5.05390766143e-10,77,0.0696814189008,9.70556913673e-06,9.56228856182e-06
2024-01-05,4.22465368668e-05,4.53694921449e-09,77,0.103180072157,2.45142441111e-05,1.77322927556e-05
2024-01-08,2.08464255335e-05,7.78328571002e-10,77,0.0724796470359,1.6151819282e-05,4.69460625149e-06
2024-01-09,2.4646797202e-05,6.61530832246e-10,77,0.0788098527782,1.45040446175e-05,1.01427525846e-05
2024-01-10,2.03692829262e-05,5.53315181447e-10,77,0.0716453717793,9.68203819404e-06,1.06872447321e-05
2024-01-11,5.79794216354e-05,5.19304991241e-09,77,0.120875201146,2.21499926817e-05,3.58294289537e-05
2024-01-12,2.77405199379e-05,1.08618510711e-09,77,0.0836098739645,1.03821318796e-05,1.73583880583e-05
2024-01-16,3.34866295306e-05,1.1673027711e-09,77,0.0918620195822,1.59905870891e-05,1.74960424415e-05
2024-01-17,2.36392347358e-05,4.60323220677e-10,77,0.0771821686235,1.32532557383e-05,1.03859789975e-05
2024-01-18,2.58429344208e-05,1.02616750327e-09,77,0.080699563035,1.25326771696e-05,1.33102572512e-05
2024-01-19,1.85985477562e-05,3.26409211591e-10,77,0.0684604559916,1.1811527373e-05,6.78702038326e-06
2024-01-22,2.0101726254e-05,3.54248661288e-10,77,0.071173274591,7.83955187647e-06,1.22621743775e-05
2024-01-23,8.74037888329e-06,9.63648444618e-11,77,0.0469316042618,5.16442584454e-06,3.57595303874e-06
2024-01-24,2.59615210431e-05,7.09901350242e-10,77,0.0808845059505,8.62114870578e-06,1.73403723373e-05
2024-01-25,2.42161018912e-05,4.99651928398e-10,77,0.0781182288367,1.23764157426e-05,1.18396861486e-05
2024-01-26,1.58072762934e-05,2.38878058245e-10,77,0.0631144486306,6.75211699584e-06,9.05515929757e-06
2024-01-29,1.60872009344e-05,7.31618352812e-10,77,0.0636708303343,1.16020428235e-05,4.48515811085e-06
2024-01-30,8.08083724996e-06,9.32281185484e-11,77,0.0451261674308,3.0984937567e-06,4.98234349326e-06
2024-01-31,5.56368480178e-05,8.05693187412e-09,77,0.118408131902,1.59872666488e-05,3.96495813689e-05
2024-02-01,4.43656557471e-05,2.08672357268e-09,77,0.105736205948,2.65073888423e-05,1.78582669048e-05
2024-02-02,5.00609422217e-05,6.628022715e-09,77,0.112318108246,2.34712462035e-05,2.65896960182e-05
2024-02-05,2.9429924499e-05,1.59413576441e-09,77,0.0861181802742,9.64989381638e-06,1.97800306826e-05
2024-02-06,2.27191559493e-05,6.44236023236e-10,77,0.0756652317728,1.07624993347e-05,1.19566566146e-05
2024-02-07,1.69356376801e-05,3.3584533484e-10,77,0.0653282534237,1.12214720141e-05,5.71416566601e-06
2024-02-08,8.97374994113e-06,9.69346075705e-11,77,0.0475540217559,4.91843988768e-06,4.05531005345e-06
2024-02-09,6.21240808229e-06,4.21997679176e-11,77,0.0395667390207,4.10315368185e-06,2.10925440043e-06
2024-02-12,1.75346758954e-05,1.78985864381e-09,77,0.0664735911895,5.26281695654e-06,1.22718589388e-05
2024-02-13,3.4716024616e-05,1.61781099778e-09,77,0.0935330861419,1.94196714718e-05,1.52963531442e-05
2024-02-14,3.34448609394e-05,9.53427322504e-10,77,0.0918047109723,1.63562714909e-05,1.70885894485e-05
2024-02-15,2.01136880571e-05,4.60602701446e-10,77,0.0711944477497,1.08138143014e-05,9.29987375569e-06
2024-02-16,3.43791785538e-05,3.55073804777e-09,77,0.0930782090263,1.06601043217e-05,2.37190742321e-05
2024-02-20,3.89529514438e-05,2.48948334894e-09,77,0.0990764541344,1.35047304571e-05,2.54482209868e-05
2024-02-21,2.5520714699e-05,7.58383797729e-10,77,0.0801948882669,1.5992223716e-05,9.52849098297e-06
2024-02-22,2.51668813632e-05,1.38732168475e-09,77,0.0796370146572,1.70390064799e-05,8.12787488327e-06
2024-02-23,1.97424302061e-05,8.02083601965e-10,77,0.0705343349862,6.25922241161e-06,1.34832077945e-05
2024-02-26,1.17581177525e-05,1.27942930247e-10,77,0.0544338651359,3.78932649284e-06,7.96879125969e-06
2024-02-27,9.28177063798e-06,7.51324009369e-11,77,0.0483632732636,5.15036067898e-06,4.13140995901e-06
2024-02-28,1.18500729091e-05,1.87961479007e-10,77,0.054646302465,6.50116822026e-06,5.34890468883e-06
2024-02-29,2.6856579357e-05,1.87300197546e-09,77,0.0822669921533,7.2580462114e-06,1.95985331456e-05
2024-03-01,1.48276690442e-05,3.7410962395e-10,77,0.0611275109843,1.02423893105e-05,4.58527973375e-06
2024-03-04,9.85774448012e-06,2.83965705557e-10,77,0.0498412641191,5.41609565237e-06,4.44164882775e-06
2024-03-05,3.0807904188e-05,1.44690058573e-09,77,0.0881112470424,1.19620206022e-05,1.88458835858e-05
2024-03-06,5.5517752971e-05,6.4893272248e-09,77,0.118281333053,1.71030379588e-05,3.84147150122e-05
2024-03-07,1.55457527945e-05,2.78535872255e-10,77,0.0625901725849,7.77025891514e-06,7.77549387933e-06
2024-03-08,5.41925007703e-05,2.74980448032e-09,77,0.116861072193,1.99540380231e-05,3.42384627471e-05
2024-03-11,3.15743024518e-05,1.00554014424e-09,77,0.0892004720719,1.74803071999e-05,1.40939952519e-05
2024-03-12,4.78709948612e-05,4.14770582986e-09,77,0.109833923289,2.80510503161e-05,1.98199445451e-05
2024-03-13,1.57375925616e-05,7.63796453107e-10,77,0.0629751802342,5.80656250827e-06,9.93103005334e-06
2024-03-14,4.8869409211e-05,5.23648364358e-09,77,0.110973380237,1.82801129985e-05,3.05892962124e-05
2024-03-15,2.55414258254e-05,5.57742273457e-10,77,0.0802274224191,1.31583892743e-05,1.23830365512e-05
2024-03-18,1.74352072701e-05,4.54521386373e-10,77,0.0662847813006,6.00547722154e-06,1.14297300486e-05
2024-03-19,1.3643289139e-05,2.01268040287e-10,77,0.0586353891693,9.78795011801e-06,3.85533902104e-06
2024-03-20,6.3542513992e-05,1.25737373086e-08,77,0.126541351052,4.59143190333e-05,1.76281949587e-05
2024-03-21,1.46079091911e-05,2.17302860107e-10,77,0.0606728367241,6.01444656101e-06,8.59346263007e-06
2024-03-22,1.41825553145e-05,3.3801048752e-10,77,0.0597829736569,5.14006015581e-06,9.04249515871e-06
2024-03-25,5.776663652e-06,4.35272267911e-11,77,0.0381538889277,2.66649519804e-06,3.11016845396e-06
2024-03-26,6.37826877996e-06,6.74747254622e-11,77,0.0400914421361,1.44562188353e-06,4.93264689642e-06
2024-03-27,1.79599674631e-05,6.50792646917e-10,77,0.0672748972552,1.03000568834e-05,7.65991057963e-06
2024-03-28,9.8867629438e-06,1.92281312013e-10,77,0.0499145696349,4.57069353889e-06,5.31606940491e-06
2024-04-01,2.0156692566e-05,6.83827295469e-10,77,0.0712705165313,7.46610714449e-06,1.26905854216e-05
2024-04-02,1.47314182443e-05,3.15107442968e-10,77,0.0609287895625,7.19369801107e-06,7.53772023319e-06
2024-04-03,3.05009545174e-05,3.74362129353e-09,77,0.0876712070088,1.69741059644e-05,1.3526848553e-05
2024-04-04,7.06163790319e-05,8.68404177295e-09,77,0.133399128618,1.47584094552e-05,5.58579695767e-05
2024-04-05,5.30341167237e-05,2.76378239961e-09,77,0.115605352014,3.38016923852e-05,1.92324243385e-05
2024-04-08,1.64641794037e-05,2.57000045803e-10,77,0.0644125237025,8.11392592047e-06,8.35025348319e-06
2024-04-09,5.60936208747e-05,4.62479231435e-09,77,0.118893197705,2.81005999954e-05,2.79930208793e-05
2024-04-10,8.71135545269e-05,7.65325058184e-09,77,0.148164151335,4.50440071434e-05,4.20695473835e-05
2024-04-11,3.64770356727e-05,1.38754412259e-09,77,0.0958760292749,1.95669336888e-05,1.69101019839e-05
2024-04-12,4.67506451658e-05,2.06431070808e-09,77,0.108541064035,2.1261620619e-05,2.54890245468e-05
2024-04-15,7.65977868819e-05,6.0599794716e-09,77,0.138933949394,2.3384499853e-05,5.32132870289e-05
2024-04-16,0.00010530459655,1.77910800637e-08,77,0.162901069151,4.75570091183e-05,5.77475874319e-05
2024-04-17,9.03037553078e-05,1.28440470861e-08,77,0.150852730627,3.52964438635e-05,5.50073114443e-05
2024-04-18,6.54247660262e-05,4.79507319053e-09,77,0.12840187319,3.02374612981e-05,3.51873047281e-05
2024-04-19,6.91396416385e-05,4.18213311224e-09,77,0.131996930619,2.79846304653e-05,4.11550111733e-05
2024-04-22,4.0534558219e-05,1.91513070336e-09,77,0.101067841924,2.09288702302e-05,1.96056879888e-05
2024-04-23,2.45360611434e-05,1.11109610447e-09,77,0.0786326103353,1.55910529275e-05,8.94500821592e-06
2024-04-24,3.71378975261e-05,1.63643540354e-09,77,0.096740633534,1.55984778287e-05,2.15394196974e-05
2024-04-25,4.50911827824e-05,2.36003312388e-09,77,0.106597270421,2.80122850977e-05,1.70788976847e-05
2024-04-26,2.48886983192e-05,7.04798844585e-10,77,0.0791956562977,1.40553928259e-05,1.08333054932e-05
2024-04-29,3.12661866827e-05,3.79451949577e-09,77,0.0887641765806,9.50905549522e-06,2.17571311875e-05
2024-04-30,5.26964731351e-05,6.42893534576e-09,77,0.115236761626,1.06936806386e-05,4.20027924965e-05
2024-05-01,0.000118620904815,4.62106579437e-08,77,0.172894383985,5.49957644058e-05,6.36251404094e-05
2024-05-02,5.66677887882e-05,4.39144655746e-09,77,0.119500137132,2.91309455449e-05,2.75368432433e-05
2024-05-03,3.35033970372e-05,3.312721057e-09,77,0.0918850153909,1.43796363165e-05,1.91237607208e-05
2024-05-06,8.37737901484e-06,7.3537182975e-11,77,0.0459467029474,6.25728578806e-06,2.12009322678e-06
2024-05-07,1.32332212264e-05,2.8514905768e-10,77,0.0577474826208,5.23528307711e-06,7.99793814924e-06
2024-05-08,7.52891259183e-06,6.60897490954e-11,77,0.0435578462868,5.10225401919e-06,2.42665857264e-06
2024-05-09,1.13350570397e-05,1.54645493504e-10,77,0.0534456207186,8.29010590428e-06,3.04495113538e-06
2024-05-10,1.63285398782e-05,3.92281306843e-10,77,0.0641466448796,6.12186497783e-06,1.02066749004e-05
2024-05-13,7.02355166541e-06,6.66942824823e-11,77,0.0420705956659,2.33381192059e-06,4.68973974482e-06
2024-05-14,1.94889269222e-05,7.83230297361e-10,77,0.0700800227197,1.13084304198e-05,8.18049650245e-06
2024-05-15,1.008720254e-05,1.12906241722e-10,77,0.0504180031347,6.84932411461e-06,3.23787842541e-06
2024-05-16,2.36005818099e-05,1.64198748708e-09,77,0.0771190418516,7.44675987882e-06,1.61538219311e-05
2024-05-17,1.00201830143e-05,1.31553675009e-10,77,0.0502502350204,4.35254237732e-06,5.667640637e-06
2024-05-20,8.21210455228e-06,1.01292900718e-10,77,0.0454912117576,4.36358658074e-06,3.84851797154e-06
2024-05-21,6.51363682791e-06,3.91313784673e-11,77,0.0405146452611,4.39221557276e-06,2.12142125515e-06
2024-05-22,2.46255481983e-05,1.10530584116e-09,77,0.078775872867,1.19098125106e-05,1.27157356877e-05
2024-05-23,4.10587312634e-05,2.15891181441e-09,77,0.101719222757,1.25898255164e-05,2.84689057469e-05
2024-05-24,2.29281397958e-05,5.57206897277e-10,77,0.0760124412747,1.18155536085e-05,1.11125861872e-05
2024-05-28,2.09042147081e-05,4.83857736052e-10,77,0.0725800393114,1.11999447471e-05,9.70426996099e-06
2024-05-29,1.75370299892e-05,2.8809720625e-10,77,0.0664780532001,9.16736241122e-06,8.36966757794e-06
2024-05-30,2.35573415562e-05,1.07887788451e-09,77,0.0770483619044,1.01308928244e-05,1.34264487318e-05
2024-05-31,4.99398328962e-05,4.51885382272e-09,77,0.112182163867,3.29207068581e-05,1.70191260381e-05
2024-06-03,3.99213963199e-05,2.09481234428e-09,77,0.100300507838,1.82172578916e-05,2.17041384283e-05
2024-06-04,4.07472960214e-05,2.27655857797e-09,77,0.101332712376,2.09886887053e-05,1.97586073161e-05
2024-06-05,1.81308023927e-05,5.91841754089e-10,77,0.0675940988768,1.21249400765e-05,6.0058623162e-06
2024-06-06,1.41405037184e-05,2.94337455658e-10,77,0.0596942789306,6.03438180368e-06,8.10612191476e-06
2024-06-07,3.25438709227e-05,1.27226137942e-09,77,0.0905596790659,1.71676030398e-05,1.53762678829e-05
2024-06-10,1.26005847198e-05,2.36458023041e-10,77,0.056350220491,8.88084362007e-06,3.7197410997e-06
2024-06-11,2.17898122586e-05,7.27054551757e-10,77,0.0741015026107,1.20038024424e-05,9.78600981621e-06
2024-06-12,4.30868085422e-05,3.82024596432e-09,77,0.104201131244,1.59320584523e-05,2.71547500899e-05
2024-06-13,2.35194169521e-05,5.6355965873e-10,77,0.0769863174333,1.23122861036e-05,1.12071308485e-05
2024-06-14,2.34089026379e-05,6.98490286322e-10,77,0.0768052307122,1.31319767613e-05,1.02769258766e-05
2024-06-17,1.95574252225e-05,4.87281456062e-10,77,0.0702030708451,1.29333178024e-05,6.62410742011e-06
2024-06-18,1.00071630807e-05,1.24514282356e-10,77,0.0502175775635,5.08283692258e-06,4.92432615813e-06
2024-06-20,4.18205015152e-05,1.92138220622e-09,77,0.102658493958,1.9824059441e-05,2.19964420742e-05
2024-06-21,2.22198881235e-05,4.85014858127e-10,77,0.0748292176032,1.02601823185e-05,1.19597058049e-05
2024-06-24,3.65430377977e-05,1.91084506349e-09,77,0.0959627298748,1.7787270333e-05,1.87557674647e-05
2024-06-25,1.38260019301e-05,2.37846679999e-10,77,0.0590267099405,8.23283691776e-06,5.59316501238e-06
2024-06-26,2.00422432101e-05,6.06567865081e-10,77,0.07106789211,1.16496334722e-05,8.3926097379e-06
2024-06-27,2.11876788544e-05,8.18339538414e-10,77,0.0730704801634,1.25615406697e-05,8.62613818476e-06
2024-06-28,3.88192072515e-05,2.35639935729e-09,77,0.0989062193564,1.61019030754e-05,2.27173041761e-05
2024-07-01,4.28116114336e-05,6.65435905402e-09,77,0.103867829867,1.94382862928e-05,2.33733251409e-05
2024-07-02,1.1881846842e-05,1.70532979268e-10,77,0.0547195157526,8.53163827113e-06,3.35020857092e-06
2024-07-03,6.07069518578e-06,7.46857435943e-11,77,0.0391128519392,4.07930281446e-06,1.99139237132e-06
2024-07-05,1.06524418995e-05,2.49191182636e-10,77,0.0518113439187,5.38644041489e-06,5.26600148457e-06
2024-07-08,6.03065539273e-06,4.55776555151e-11,77,0.038983652458,2.33305669752e-06,3.69759869521e-06
2024-07-09,9.34096068749e-06,1.58095127525e-10,77,0.0485172350124,3.71869141971e-06,5.62226926778e-06
2024-07-10,8.74333358123e-06,1.07354653513e-10,77,0.0469395362405,6.84073762699e-06,1.90259595423e-06
2024-07-11,4.0786761512e-05,1.89197961693e-09,77,0.101381773022,1.49991014517e-05,2.57876600602e-05
2024-07-12,2.53712219696e-05,7.76298092828e-10,77,0.0799596644336,1.15463358291e-05,1.38248861405e-05
2024-07-15,3.25178120305e-05,1.16375039809e-09,77,0.0905234148256,1.31645531118e-05,1.93532589187e-05
2024-07-16,2.07836862269e-05,4.60399901716e-10,77,0.0723704976435,1.29845813378e-05,7.79910488902e-06
2024-07-17,2.60664007644e-05,7.10605333923e-10,77,0.0810477204654,1.09314161276e-05,1.51349846368e-05
2024-07-18,8.41516891829e-05,8.81729207659e-09,77,0.145623575269,3.31033584617e-05,5.10483307212e-05
2024-07-19,5.65318905953e-05,2.9625745358e-09,77,0.119356761141,2.38219158943e-05,3.27099747011e-05
2024-07-22,4.72243207939e-05,3.39142421668e-09,77,0.109089545054,2.32807891202e-05,2.39435316737e-05
2024-07-23,2.68266237417e-05,1.32823182146e-09,77,0.0822210993779,9.27926101006e-06,1.75473627316e-05
2024-07-24,3.64515072287e-05,2.51702831831e-09,77,0.0958424739958,1.13583425889e-05,2.50931646398e-05
2024-07-25,9.53644854302e-05,1.04092703781e-08,77,0.155022096259,3.8659834741e-05,5.67046506892e-05
2024-07-26,8.61091848091e-05,1.12595027846e-08,77,0.147307550967,3.4425827461e-05,5.16833573481e-05
2024-07-29,4.30193668553e-05,2.46111387711e-09,77,0.104119548825,1.9844228738e-05,2.31751381173e-05
2024-07-30,5.81485122358e-05,6.28474567468e-09,77,0.121051332431,2.18053794204e-05,3.63431328154e-05
2024-07-31,5.60560795263e-05,3.65244207203e-09,77,0.118853405675,3.0370452533e-05,2.56856269933e-05
2024-08-01,8.99564227112e-05,7.09795666777e-09,77,0.150562340986,3.19338489138e-05,5.80225737974e-05
2024-08-02,0.000132171490208,2.64173190589e-08,77,0.182502645275,6.36234003879e-05,6.854808982e-05
2024-08-05,0.000391178501157,2.62673030088e-07,77,0.313969715564,0.000260705491757,0.0001304730094
2024-08-06,0.00014983089255,2.72618137765e-08,77,0.194312595893,7.75671147732e-05,7.22637777766e-05
2024-08-07,0.000142440404107,2.50090552236e-08,77,0.189459710321,5.25034731938e-05,8.99369309128e-05
2024-08-08,0.00010337589399,1.50687392229e-08,77,0.161402370755,7.18540081478e-05,3.15218858418e-05
2024-08-09,7.63984913907e-05,6.68490397669e-09,77,0.138753089445,4.05083020362e-05,3.58901893545e-05
2024-08-12,8.54528057011e-05,3.31546631376e-08,77,0.146745040927,2.75534760044e-05,5.78993296968e-05
2024-08-13,2.28004340093e-05,5.4063715859e-10,77,0.0758004575866,1.48544770083e-05,7.94595700103e-06
2024-08-14,4.69697879465e-05,4.09484360784e-09,77,0.108795158727,1.77557819691e-05,2.92140059773e-05
2024-08-15,1.67067872616e-05,3.76920811021e-10,77,0.0648853634491,1.01823715645e-05,6.52441569714e-06
2024-08-16,1.57224838624e-05,2.64720670083e-10,77,0.0629449436677,9.08569434605e-06,6.63678951634e-06
2024-08-19,2.18549326476e-05,1.15831517383e-09,77,0.0742121487844,1.29980392936e-05,8.85689335398e-06
2024-08-20,2.1971142956e-05,6.2495072705e-10,77,0.0744091931478,9.74923862427e-06,1.22219043317e-05
2024-08-21,4.07423954941e-05,4.96815472787e-09,77,0.101326618736,1.4951669203e-05,2.5790726291e-05
2024-08-22,5.31652584125e-05,3.29207638088e-09,77,0.115748197048,1.69295391808e-05,3.62357192316e-05
2024-08-23,8.40527371222e-05,1.88849921057e-08,77,0.145537932357,4.01109168248e-05,4.39418202974e-05
2024-08-26,2.28923878878e-05,7.49177042042e-10,77,0.0759531549557,6.83764618848e-06,1.60547416993e-05
2024-08-27,1.68665984106e-05,3.87494113165e-10,77,0.0651949599238,1.00312952487e-05,6.83530316184e-06
2024-08-28,4.67638925941e-05,3.1622056734e-09,77,0.108556441235,1.98036677206e-05,2.69602248735e-05
2024-08-29,4.61994698636e-05,2.82795284708e-09,77,0.107899334593,1.72688475388e-05,2.89306223248e-05
2024-08-30,3.75332667613e-05,2.13949041521e-09,77,0.0972542195683,1.97436411211e-05,1.77896256402e-05
2024-09-03,5.42147032992e-05,4.71522028287e-09,77,0.116885008583,1.55322503651e-05,3.86824529342e-05
2024-09-04,4.48635183028e-05,1.85948762407e-09,77,0.106327826143,2.05541441232e-05,2.43093741796e-05
2024-09-05,6.41943130358e-05,3.98688834564e-09,77,0.127188705808,3.0487534364e-05,3.37067786718e-05
2024-09-06,9.29170086646e-05,1.11563431708e-08,77,0.153019888196,2.5316166105e-05,6.76008425596e-05
2024-09-09,4.07573436207e-05,1.72690910513e-09,77,0.101345205079,2.0240703668e-05,2.05166399527e-05
2024-09-10,4.97798549937e-05,5.51585491293e-09,77,0.112002336843,2.00820124929e-05,2.96978425007e-05
2024-09-11,7.18419914228e-05,6.19489111469e-09,77,0.134551781254,4.44211928739e-05,2.7420798549e-05
2024-09-12,5.34483874872e-05,4.46678556209e-09,77,0.116055993584,2.92424340991e-05,2.4205953388e-05
2024-09-13,2.37653376627e-05,1.02879056847e-09,77,0.0773877580177,1.25518385441e-05,1.12134991186e-05
2024-09-16,2.81633817442e-05,1.49997159846e-09,77,0.084244716152,1.49489713755e-05,1.32144103687e-05
2024-09-17,3.86275576028e-05,1.62763092079e-09,77,0.0986617682585,1.51276743964e-05,2.34998832063e-05
2024-09-18,0.000124960284892,3.15630255752e-08,77,0.177454196323,6.61184933031e-05,5.88417915885e-05
2024-09-19,3.59225907321e-05,1.23077601315e-09,77,0.0951445892549,1.9474683191e-05,1.6447907541e-05
2024-09-20,2.24216697102e-05,5.27079349954e-10,77,0.0751682164679,1.06655056864e-05,1.17561640238e-05
2024-09-23,1.53847112479e-05,3.0649542466e-10,77,0.0622651365892,8.87513244364e-06,6.50957880425e-06
2024-09-24,1.66853426365e-05,6.32497708047e-10,77,0.0648437070531,8.98165503169e-06,7.70368760476e-06
2024-09-25,1.00119434905e-05,1.16563809785e-10,77,0.0502295705697,4.88515994708e-06,5.12678354346e-06
2024-09-26,1.94473454645e-05,5.25683935909e-10,77,0.0700052216414,7.67814672917e-06,1.17691987353e-05
2024-09-27,1.52886335057e-05,2.60931242222e-10,77,0.0620704087585,6.67504030808e-06,8.61359319766e-06
2024-09-30,2.81631441756e-05,1.26847663185e-09,77,0.0842443608335,1.61770495682e-05,1.19860946073e-05
2024-10-01,6.59353510374e-05,6.13448410898e-09,77,0.128901933505,3.0772005755e-05,3.51633452824e-05
2024-10-02,4.69630439145e-05,4.91261866555e-09,77,0.108787347915,2.70284276597e-05,1.99346162548e-05
2024-10-03,6.20651494626e-05,5.7675489521e-09,77,0.125061655453,2.71896351339e-05,3.48755143287e-05
2024-10-04,5.05697401834e-05,3.22844302738e-09,77,0.112887441845,2.2621135726e-05,2.79486044575e-05
2024-10-07,2.34722299325e-05,1.13552002444e-09,77,0.0769090498121,8.3416034349e-06,1.51306264976e-05
2024-10-08,1.4805480936e-05,3.16136306936e-10,77,0.0610817582907,9.3873358194e-06,5.41814511665e-06
2024-10-09,1.4659460747e-05,2.21151223294e-10,77,0.0607798001663,9.23199891306e-06,5.42746183397e-06
2024-10-10,1.74755280659e-05,3.87394831052e-10,77,0.0663613823892,8.83527488283e-06,8.64025318305e-06
2024-10-11,1.36622051338e-05,5.86258357845e-10,77,0.0586760231587,9.81786890162e-06,3.84433623219e-06
2024-10-14,1.1826144846e-05,2.46777692411e-10,77,0.0545911027658,7.30677583934e-06,4.51936900663e-06
2024-10-15,2.23720830729e-05,4.85714252219e-10,77,0.0750850513376,7.63365206335e-06,1.47384310096e-05
2024-10-16,1.3393290352e-05,3.37219945818e-10,77,0.05809568976,8.31545010829e-06,5.07784024367e-06
2024-10-17,2.40968650017e-05,7.46760317728e-10,77,0.077925669586,9.20486400972e-06,1.4892000992e-05
2024-10-18,1.14146661858e-05,2.16241687968e-10,77,0.0536329738017,6.44215960075e-06,4.97250658503e-06
2024-10-21,1.67564751909e-05,3.77141613141e-10,77,0.0649817801241,7.33047678473e-06,9.42599840613e-06
2024-10-22,1.12392192895e-05,1.92637705964e-10,77,0.0532192001157,6.32373174161e-06,4.91548754789e-06
2024-10-23,3.06584437466e-05,1.00493135902e-09,77,0.0878972572049,1.07598883989e-05,1.98985553477e-05
2024-10-24,2.58208876171e-05,7.02117603066e-10,77,0.0806651329851,1.30674578285e-05,1.27534297885e-05
2024-10-25,3.43129655253e-05,1.93670908641e-09,77,0.0929885332305,1.47993592936e-05,1.95136062317e-05
2024-10-28,1.53124326526e-05,2.40788536467e-10,77,0.062118701117,7.25931061333e-06,8.05312203929e-06
2024-10-29,2.35214307992e-05,1.21956282931e-09,77,0.0769896133345,1.35933084481e-05,9.92812235117e-06
2024-10-30,2.17222459071e-05,5.13639466113e-10,77,0.0739865255881,1.10734677383e-05,1.06487781688e-05
2024-10-31,5.55595269747e-05,7.00975043628e-09,77,0.118325824728,1.33990206637e-05,4.21605063111e-05
2024-11-01,4.64909104289e-05,2.73652217188e-09,77,0.108239130762,2.16047573788e-05,2.48861530501e-05
2024-11-04,3.11192349832e-05,1.20680532658e-09,77,0.0885553342028,1.74239567383e-05,1.36952782449e-05
2024-11-05,2.57080173097e-05,5.83386532444e-10,77,0.0804886349869,1.65196397947e-05,9.188377515e-06
2024-11-06,3.18524598744e-05,1.66035253042e-09,77,0.0895925213863,1.42546261086e-05,1.75978337658e-05
2024-11-07,1.43443501057e-05,3.32538069898e-10,77,0.0601230091283,9.3353229082e-06,5.00902719752e-06
2024-11-08,8.86592266882e-06,8.10723194776e-11,77,0.0472674572253,5.66795897806e-06,3.19796369077e-06
2024-11-11,1.11028053851e-05,1.69602923535e-10,77,0.052895245127,5.54211377652e-06,5.56069160856e-06
2024-11-12,1.8998743371e-05,6.65677778369e-10,77,0.0691930872955,6.94874383412e-06,1.20499995369e-05
2024-11-13,2.44778350048e-05,8.6915027215e-10,77,0.0785392540148,1.00262822191e-05,1.44515527856e-05
2024-11-14,4.46946896734e-05,3.09189743306e-09,77,0.106127573221,1.81674605786e-05,2.65272290948e-05
2024-11-15,2.94294430028e-05,9.61716808098e-10,77,0.0861174757916,1.3044628996e-05,1.63848140068e-05
2024-11-18,2.29012790462e-05,7.37520867205e-10,77,0.0759679032201,1.38612433518e-05,9.04003569441e-06
2024-11-19,1.92597938476e-05,3.44534627648e-10,77,0.0696668360814,1.25022791586e-05,6.75751468902e-06
2024-11-20,4.95049185279e-05,4.36299201935e-09,77,0.111692611524,2.28473502938e-05,2.66575682342e-05
2024-11-21,8.44487228348e-05,1.52372867801e-08,77,0.145880355615,3.70748862423e-05,4.73738365925e-05
2024-11-22,3.37134531463e-05,1.43144056618e-09,77,0.0921726108607,1.74016700281e-05,1.63117831182e-05
2024-11-25,2.64480895862e-05,8.58641935398e-10,77,0.0816389525639,1.0080579918e-05,1.63675096682e-05
2024-11-26,1.32800195346e-05,1.77121095676e-10,77,0.0578495023549,7.07799230231e-06,6.20202723224e-06
2024-11-27,1.32050797565e-05,2.19264370941e-10,77,0.0576860476948,6.1821716168e-06,7.02290813973e-06
2024-11-29,5.57521860546e-06,3.81871362853e-11,72,0.0374827305379,3.74900898458e-06,1.82620962088e-06
2024-12-02,7.09110959567e-06,6.87052329324e-11,77,0.0422724451399,3.36475324029e-06,3.72635635538e-06
2024-12-03,6.89107625785e-06,4.78211774311e-11,77,0.0416719476024,3.3076247078e-06,3.58345155005e-06
2024-12-04,6.11343049898e-06,4.72532378548e-11,77,0.0392502800721,3.66918466478e-06,2.4442458342e-06
2024-12-05,9.73992422975e-06,1.31558991607e-10,77,0.0495425161442,3.63067250503e-06,6.10925172472e-06
2024-12-06,8.22699098861e-06,6.72251600099e-11,77,0.0455324250302,3.69617191355e-06,4.53081907506e-06
2024-12-09,9.4165198847e-06,1.05148313254e-10,77,0.0487130681742,3.14971703748e-06,6.26680284723e-06
2024-12-10,1.01119457201e-05,1.39061349382e-10,77,0.0504798011235,4.80533137711e-06,5.30661434299e-06
2024-12-11,5.12167483856e-06,2.44080357208e-11,77,0.0359257854377,3.15695502501e-06,1.96471981355e-06
2024-12-12,1.14180623119e-05,1.01837567748e-10,77,0.0536409517308,5.37090977972e-06,6.04715253214e-06
2024-12-13,1.84695126399e-05,5.67410982702e-10,77,0.0682225562792,7.77289303741e-06,1.06966196025e-05
2024-12-16,7.33145286424e-06,7.35509311388e-11,77,0.0429828584646,4.39610460818e-06,2.93534825606e-06
2024-12-17,1.38900987725e-05,2.70202833753e-10,77,0.0591633745713,7.96594026143e-06,5.92415851106e-06
2024-12-18,0.00020138755922,1.19934385467e-07,77,0.225276862823,3.99224922457e-05,0.000161465066974
2024-12-19,9.93144138221e-05,1.05393618491e-08,77,0.15819997561,4.06623848525e-05,5.86520289696e-05
2024-12-20,0.000118181995733,1.69519129341e-08,77,0.172574224393,7.96409889541e-05,3.8541006779e-05
2024-12-23,3.56134814134e-05,1.77089698101e-09,77,0.0947343512998,1.73338327836e-05,1.82796486298e-05
2024-12-24,1.37504285077e-05,2.28509907963e-10,71,0.0588651678325,9.40721371001e-06,4.34321479773e-06
2024-12-26,2.97636367197e-05,2.15484452417e-09,77,0.0866050602064,1.49302115036e-05,1.48334252161e-05
2024-12-27,7.26144161194e-05,6.74563588548e-09,77,0.13527317865,2.92402433787e-05,4.33741727407e-05
2024-12-30,5.94880560828e-05,3.78763883409e-09,77,0.122437698986,2.58139649261e-05,3.36740911567e-05
2024-12-31,7.90479707839e-05,5.19263158987e-09,77,0.141138544124,3.24391554692e-05,4.66088153147e-05
2025-01-02,0.000146444429933,2.03917576047e-08,77,0.192104128907,5.4241050729e-05,9.22033792035e-05
2025-01-03,3.64769075843e-05,2.53090268622e-09,77,0.0958758609413,1.99732968684e-05,1.65036107158e-05
2025-01-06,2.55376685903e-05,7.61639023141e-10,77,0.0802215213315,1.25771355234e-05,1.29605330669e-05
2025-01-07,8.2566304849e-05,1.48328689609e-08,77,0.144245307799,2.55088872931e-05,5.7057417556e-05
2025-01-08,8.91573181795e-05,9.26305695477e-09,77,0.149892108469,4.1609273768e-05,4.75480444116e-05
2025-01-10,0.000104824520459,2.19064623457e-08,77,0.162529317834,3.38012713159e-05,7.10232491433e-05
2025-01-13,6.58673379109e-05,4.29373180755e-09,77,0.128835434386,4.10900432178e-05,2.47772946931e-05
2025-01-14,7.23614104425e-05,4.90390532616e-09,77,0.135037311257,2.76589199095e-05,4.4702490533e-05
2025-01-15,3.07561405552e-05,1.2543212144e-09,77,0.0880371933896,1.6730513973e-05,1.40256265822e-05
2025-01-16,3.48958505526e-05,1.15128151958e-09,77,0.0937750198041,1.63000117857e-05,1.8595838767e-05
2025-01-17,1.68012842788e-05,3.52423206453e-10,77,0.065068607164,9.62235362238e-06,7.17893065644e-06
2025-01-21,2.70351527756e-05,1.51432173307e-09,77,0.0825400417946,1.28940853005e-05,1.4141067475e-05
2025-01-22,6.78586350403e-06,4.20512623601e-11,77,0.041352600922,3.3780987588e-06,3.40776474523e-06
2025-01-23,9.38639945003e-06,2.20699814287e-10,77,0.0486350970124,7.23054516701e-06,2.15585428301e-06
2025-01-24,1.18136742865e-05,1.52115226544e-10,77,0.0545623122696,4.1361085541e-06,7.67756573244e-06
2025-01-27,6.17520487086e-05,3.51071629201e-09,77,0.124745806641,3.41017452836e-05,2.7650303425e-05
2025-01-28,3.44756273527e-05,2.05391109545e-09,77,0.0932086803516,2.35013327211e-05,1.09742946317e-05
2025-01-29,6.79783888888e-05,8.48706238044e-09,77,0.130883742306,3.24656925561e-05,3.55126963327e-05
2025-01-30,7.45782901101e-05,1.33683094967e-08,77,0.13709022251,3.0483762377e-05,4.4094527733e-05
2025-01-31,5.80366133611e-05,6.80379215091e-09,77,0.12093480296,1.57943723192e-05,4.22422410418e-05
2025-02-03,0.000121720210594,9.37457639352e-08,77,0.175138496824,9.09233855749e-05,3.07968250189e-05
2025-02-04,2.4624615091e-05,7.08554576803e-10,77,0.0787743803717,1.45652847104e-05,1.00593303806e-05
2025-02-05,2.1815758678e-05,9.30200776087e-10,77,0.0741456080079,1.28056358129e-05,9.01012286512e-06
2025-02-06,2.16414219485e-05,1.22837400149e-09,77,0.0738487530769,8.99188210641e-06,1.26495398421e-05
2025-02-07,0.000108581302109,3.63642879644e-08,77,0.165416106022,2.97290135652e-05,7.88522885443e-05
2025-02-10,8.51920711774e-06,8.18869031053e-11,77,0.0463340068812,5.32183386499e-06,3.19737325275e-06
2025-02-11,1.13170009275e-05,1.38067264467e-10,77,0.0534030358101,7.2521188234e-06,4.06488210413e-06
2025-02-12,3.68253915091e-05,2.39807110507e-09,77,0.0963327496769,2.23219535554e-05,1.45034379538e-05
2025-02-13,2.28220447881e-05,5.45673495992e-10,77,0.0758363717921,1.40754866826e-05,8.74655810542e-06
2025-02-14,9.74256049431e-06,1.03211032258e-10,77,0.0495492204234,4.55224683503e-06,5.19031365929e-06
2025-02-18,1.87740796645e-05,7.60348534236e-10,77,0.0687827600163,1.08937096932e-05,7.88036997129e-06
2025-02-19,1.19864521199e-05,2.22570160556e-10,77,0.05495985748,8.21232047424e-06,3.77413164567e-06
2025-02-20,2.48580365343e-05,7.39080716904e-10,77,0.0791468584761,1.01623863402e-05,1.46956501941e-05
2025-02-21,3.17149936972e-05,8.18345127885e-10,77,0.0893989843996,7.50963650802e-06,2.42053571892e-05
2025-02-24,5.7031191792e-05,4.29579559507e-09,77,0.119882694045,2.06153209936e-05,3.64158707984e-05
2025-02-25,8.95340825833e-05,8.08896686606e-09,77,0.150208484484,3.60126271601e-05,5.35214554232e-05
2025-02-26,4.99697318553e-05,3.15270052441e-09,77,0.112215740552,2.29075408223e-05,2.7062191033e-05
2025-02-27,0.000119081280368,1.48310399766e-08,77,0.173229566335,4.05052980646e-05,7.85759823031e-05
2025-02-28,0.000151095637549,2.44754779471e-08,77,0.195130983348,9.14614723898e-05,5.96341651588e-05
2025-03-03,0.00014869043512,2.2373599763e-08,77,0.193571665412,4.32747416726e-05,0.000105415693448
2025-03-04,0.000174021897944,3.45346323261e-08,77,0.209412316452,7.12537530619e-05,0.000102768144882
2025-03-05,0.00017417507306,3.56720796354e-08,77,0.209504459168,9.7354794742e-05,7.68202783182e-05
2025-03-06,0.000179154223113,3.64099204025e-08,77,0.212477914675,7.57804853413e-05,0.000103373737772
2025-03-07,0.00024391731276,6.47145276683e-08,77,0.247925720359,0.000127798904802,0.000116118407958
2025-03-10,0.000167018767988,3.21481193943e-08,77,0.205155379001,7.0590816616e-05,9.64279513715e-05
2025-03-11,0.000289825201673,9.73772988317e-08,77,0.270251643513,0.000142588244867,0.000147236956805
2025-03-12,0.000116624097177,1.48103833096e-08,77,0.171432997082,4.72349599914e-05,6.93891371853e-05
2025-03-13,0.000130777510286,1.28537328644e-08,77,0.181537689178,4.83321537275e-05,8.24453565581e-05
2025-03-14,6.35053935031e-05,3.24469236261e-09,77,0.126504383967,4.01465416878e-05,2.33588518153e-05
2025-03-17,6.05500497318e-05,3.89661916478e-09,77,0.123525756555,3.11551071306e-05,2.93949426012e-05
2025-03-18,6.76068278084e-05,3.70876045692e-09,77,0.130525555382,2.72436298145e-05,4.03631979939e-05
2025-03-19,8.46247290558e-05,7.26028967114e-09,77,0.146032296846,5.48011164142e-05,2.98236126416e-05
2025-03-20,7.9161760877e-05,5.69056855167e-09,77,0.141240092541,3.68866424232e-05,4.22751184538e-05
2025-03-21,5.94724419805e-05,3.08117554097e-09,77,0.122421629539,3.66294825852e-05,2.28429593953e-05
2025-03-24,2.49601415829e-05,1.00743920959e-09,77,0.0793092408166,1.42159708971e-05,1.07441706859e-05
2025-03-25,1.48249768736e-05,1.64178143044e-10,77,0.0611219614554,7.84420041396e-06,6.98077645967e-06
2025-03-26,3.81010562678e-05,1.19360645437e-09,77,0.0979870714915,1.27206473587e-05,2.53804089091e-05
2025-03-27,7.1938154728e-05,4.29908130856e-09,77,0.134641802541,3.36738595337e-05,3.82642951944e-05
2025-03-28,6.08401934551e-05,3.5215285912e-09,77,0.123821358217,1.69046905874e-05,4.39355028677e-05
2025-03-31,0.000141648643417,2.1437963975e-08,77,0.188932416861,9.23408152581e-05,4.93078281586e-05
2025-04-01,9.31051186962e-05,7.46179538867e-09,77,0.153174703889,5.11770449028e-05,4.19280737934e-05
2025-04-02,0.000107129217316,1.21429002512e-08,77,0.164306307742,6.67215604245e-05,4.04076568918e-05
2025-04-03,0.000118276304933,1.55900866127e-08,77,0.172643067753,3.74638408635e-05,8.08124640692e-05
2025-04-04,0.000807142852767,7.33505870439e-07,77,0.450998890129,0.000352978678334,0.000454164174433
2025-04-07,0.00412205878582,7.73351993617e-05,77,1.01919517955,0.00250637179349,0.00161568699233
2025-04-08,0.000832776243566,1.17250764957e-06,77,0.458104369526,0.000384711377859,0.000448064865707
2025-04-09,0.00204088173309,1.1496093365e-05,77,0.71714865735,0.00166100465441,0.00037987707868
2025-04-10,0.00116688289423,1.30892496854e-06,77,0.542267912886,0.000593505469435,0.000573377424794
2025-04-11,0.000358503067556,1.45393536131e-07,77,0.300570745456,0.000229443960952,0.000129059106604
2025-04-14,0.000181766922009,3.78353199637e-08,77,0.214021644575,7.36865460992e-05,0.00010808037591
2025-04-15,0.000111253006152,1.90987087465e-08,77,0.167438817335,4.68630675285e-05,6.43899386239e-05
2025-04-16,0.00017527148708,5.92073625688e-08,77,0.210162829121,7.62074952244e-05,9.90639918554e-05
2025-04-17,0.000124597288423,1.4554288431e-08,77,0.177196265995,6.97109327931e-05,5.48863556301e-05
2025-04-21,7.65281238363e-05,4.82716246697e-09,77,0.138870757205,2.71983853486e-05,4.93297384877e-05
2025-04-22,0.000125563145459,2.25998350858e-08,77,0.177881737836,7.28549673066e-05,5.27081781524e-05
2025-04-23,0.000173938223771,2.41669871041e-08,77,0.209361965004,7.25101680155e-05,0.000101428055756
2025-04-24,6.17399972055e-05,2.93297563353e-09,77,0.124733633378,4.25398971295e-05,1.9200100076e-05
2025-04-25,8.63702847409e-05,9.81568928362e-09,77,0.147530714615,4.41685146443e-05,4.22017700965e-05
2025-04-28,8.10087391125e-05,7.64845573406e-09,77,0.142878277762,3.73899076714e-05,4.36188314411e-05
2025-04-29,7.37144033358e-05,5.0336529402e-09,77,0.136293909037,4.28663762266e-05,3.08480271092e-05
2025-04-30,0.000129379905765,2.25990200708e-08,77,0.180565047151,8.08001037217e-05,4.85798020429e-05
2025-05-01,9.31220756802e-05,1.32527493472e-08,77,0.153188651902,3.73506841014e-05,5.57713915788e-05
2025-05-02,4.94073139255e-05,3.42067234765e-09,77,0.111582449826,2.59942148529e-05,2.34130990727e-05
2025-05-05,2.67307314513e-05,1.02010207796e-09,77,0.0820740173607,1.48245977867e-05,1.19061336646e-05
2025-05-06,9.12002006616e-05,1.94095390192e-08,77,0.151599639072,4.56531572158e-05,4.55470434457e-05
2025-05-07,0.000167532843775,6.26452827366e-08,77,0.205470865651,8.3001680332e-05,8.4531163443e-05
2025-05-08,7.50586667446e-05,7.78535830344e-09,77,0.137531029297,3.92257718721e-05,3.58328948724e-05
2025-05-09,3.894121357e-05,2.03868208396e-09,77,0.0990615254256,1.3683131818e-05,2.5258081752e-05
2025-05-12,4.49586152645e-05,2.24586260282e-09,77,0.106440457753,2.56265543262e-05,1.93320609383e-05
2025-05-13,2.61765737674e-05,7.86779175158e-10,77,0.0812188191824,1.59439803948e-05,1.02325933726e-05
2025-05-14,3.34349189607e-05,1.81443455429e-09,77,0.0917910648053,1.42288239863e-05,1.92060949743e-05
2025-05-15,3.24022607925e-05,9.32333415404e-10,77,0.0903624353352,1.93467333604e-05,1.30555274321e-05
2025-05-16,1.83960538804e-05,4.04643067634e-10,77,0.0680867503841,1.20124173727e-05,6.38363650775e-06
2025-05-19,2.35102963959e-05,4.99929770975e-10,77,0.0769713887868,1.68548666018e-05,6.65542979415e-06
2025-05-20,3.07207909584e-05,1.16541658262e-09,77,0.0879865860317,1.33883261137e-05,1.73324648447e-05
2025-05-21,0.000105487234802,1.56184868385e-08,77,0.163042274181,3.94912926995e-05,6.59959421021e-05
2025-05-22,4.68020329626e-05,2.23955282533e-09,77,0.108600701225,2.18937224413e-05,2.49083105213e-05
2025-05-23,4.84274595893e-05,2.25305923128e-09,77,0.110470447707,2.57828125729e-05,2.26446470163e-05
2025-05-27,1.40383691531e-05,3.29770528761e-10,77,0.0594783071934,1.12897768845e-05,2.74859226861e-06
2025-05-28,3.1618743859e-05,1.72163571811e-09,77,0.0892632256446,1.08185731327e-05,2.08001707263e-05
2025-05-29,7.06669356321e-05,7.94420756211e-09,77,0.133446872497,2.56577939895e-05,4.50091416427e-05
2025-05-30,6.20748150384e-05,4.55169274475e-09,77,0.125071393171,3.06627482536e-05,3.14120667849e-05
2025-06-02,3.78759977348e-05,1.66755201692e-09,77,0.0976972437133,2.14502076595e-05,1.64257900753e-05
2025-06-03,1.36615160564e-05,1.94329858545e-10,77,0.0586745434256,9.10994803926e-06,4.5515680171e-06
2025-06-04,1.48091853997e-05,3.04238177668e-10,77,0.0610893994137,5.82569722968e-06,8.98348817002e-06
2025-06-05,7.76670832912e-05,8.93194541116e-09,77,0.13990033949,2.86353384082e-05,4.9031744883e-05
2025-06-06,2.9251789621e-05,2.34571899222e-09,77,0.085857154533,1.16855640923e-05,1.75662255288e-05
2025-06-09,9.40267340516e-06,7.77430723119e-11,77,0.0486772400419,4.81396184901e-06,4.58871155615e-06
2025-06-10,1.69574347336e-05,4.99375299745e-10,77,0.0653702803487,8.82585153208e-06,8.13158320151e-06
2025-06-11,4.19053939741e-05,2.34430346234e-09,77,0.102762635629,1.55405201533e-05,2.63648738208e-05
2025-06-12,2.13750860643e-05,5.68611507958e-10,77,0.0733929266906,1.47131972825e-05,6.66188878186e-06
2025-06-13,4.36960434386e-05,1.69150486471e-09,77,0.104935232151,2.21900527614e-05,2.15059906772e-05
2025-06-16,1.53045855992e-05,2.59298324232e-10,77,0.0621027823129,8.95696863631e-06,6.34761696289e-06
2025-06-17,2.5494068974e-05,4.62184011261e-10,77,0.0801530123043,1.15010793492e-05,1.39929896249e-05
2025-06-18,4.7633785993e-05,3.22569878644e-09,77,0.109561462523,1.96891112055e-05,2.79446747876e-05
2025-06-20,4.74226757913e-05,3.06325479038e-09,77,0.109318407871,1.58565476513e-05,3.15661281399e-05
2025-06-23,4.93121636337e-05,3.43883628937e-09,77,0.111474953401,3.36813373675e-05,1.56308262662e-05
2025-06-24,1.04759380566e-05,1.02486909942e-10,77,0.0513803113094,5.90872015218e-06,4.56721790438e-06
2025-06-25,1.0352496164e-05,1.10257317725e-10,77,0.0510766975569,4.93722517761e-06,5.41527098636e-06
2025-06-26,9.10485620708e-06,9.17722535209e-11,77,0.047900143676,5.10862887593e-06,3.99622733115e-06
2025-06-27,2.16422444864e-05,7.24787517733e-10,77,0.0738501564696,1.15452407705e-05,1.0097003716e-05
2025-06-30,1.69418313198e-05,5.35101637969e-10,77,0.0653401981371,8.05853266499e-06,8.88329865482e-06
2025-07-01,2.38561220464e-05,5.60197590166e-10,77,0.0775354290354,1.21381283286e-05,1.17179937179e-05
2025-07-02,6.944353478e-06,6.0617439097e-11,77,0.0418327273371,4.92286496822e-06,2.02148850978e-06
2025-07-03,5.56830515279e-06,8.81946439432e-11,77,0.0374594834255,3.93684170339e-06,1.63146344941e-06
2025-07-07,2.35280689852e-05,8.60946024374e-10,77,0.0770004765197,7.91095277292e-06,1.56171162123e-05
2025-07-08,2.00376551415e-05,5.39997135119e-10,77,0.0710597572164,1.02937651786e-05,9.74388996285e-06
2025-07-09,1.25338026708e-05,1.85447260649e-10,77,0.056200696375,5.5155224507e-06,7.0182802201e-06
2025-07-10,6.93654269509e-06,6.20241325062e-11,77,0.0418091946725,4.06436736945e-06,2.87217532564e-06
2025-07-11,1.42613455679e-05,2.40281908227e-10,77,0.0599488038506,7.52060952004e-06,6.74073604789e-06
2025-07-14,1.46760140011e-05,7.19578230812e-10,77,0.0608141063263,7.84914834617e-06,6.82686565488e-06
2025-07-15,1.97947502066e-05,4.66815570477e-10,77,0.0706277357139,5.14142202211e-06,1.46533281845e-05
2025-07-16,6.62787087515e-05,2.02665549519e-08,77,0.129237125492,2.37224097365e-05,4.2556299015e-05
2025-07-17,9.90383543784e-06,1.54081599045e-10,77,0.0499576473659,6.23311814335e-06,3.67071729449e-06
2025-07-18,8.05230757787e-06,5.05897844665e-11,77,0.0450464372578,3.46049441546e-06,4.5918131624e-06
2025-07-21,6.79571431918e-06,7.83396910523e-11,77,0.0413826051432,3.40465949411e-06,3.39105482507e-06
2025-07-22,1.91593050466e-05,1.08493646723e-09,77,0.0694848535419,7.97115151657e-06,1.118815353e-05
2025-07-23,1.30023888368e-05,2.2056811332e-10,77,0.0572416106243,7.84794730318e-06,5.15444153359e-06
2025-07-24,9.34813972944e-06,1.01052008235e-10,77,0.0485358755131,4.62571378215e-06,4.72242594729e-06
2025-07-25,3.65497819147e-06,1.36606187278e-11,77,0.0303488797858,2.16989622236e-06,1.48508196912e-06
2025-07-28,6.08488265036e-06,6.00353911243e-11,77,0.0391585294399,2.22168002782e-06,3.86320262254e-06
2025-07-29,1.20021043476e-05,1.61109334539e-10,77,0.0549957297942,4.73065967865e-06,7.27144466894e-06
2025-07-30,3.40933460878e-05,2.45982152069e-09,77,0.0926904699208,1.19528004187e-05,2.21405456692e-05
2025-07-31,4.70498198304e-05,2.3875682232e-09,77,0.108887807386,1.50841842707e-05,3.19656355597e-05
2025-08-01,5.27876496471e-05,2.90019053877e-09,77,0.115336411038,2.26953711131e-05,3.0092278534e-05
2025-08-04,1.37440765749e-05,2.22583309528e-10,77,0.058851570046,8.75132147204e-06,4.99275510286e-06
2025-08-05,2.34311744207e-05,7.79766584604e-10,77,0.0768417591809,8.02887707725e-06,1.54022973435e-05
2025-08-06,2.70336247989e-05,1.47093654146e-09,77,0.0825377092565,1.45369481365e-05,1.24966766624e-05
2025-08-07,4.12298960046e-05,1.9127304967e-09,77,0.101931024684,1.76831529249e-05,2.35467430797e-05
2025-08-08,1.49201213716e-05,2.08096144625e-10,77,0.0613177836003,9.75408512256e-06,5.16603624907e-06
2025-08-11,1.83516400766e-05,6.27171958429e-10,77,0.0680045094043,8.42741591071e-06,9.92422416594e-06
2025-08-12,1.74918302175e-05,1.14288713257e-09,77,0.0663923279816,7.11002076844e-06,1.03818094491e-05
2025-08-13,1.37881985483e-05,2.03037761207e-10,77,0.0589459585906,5.95466872283e-06,7.83352982545e-06
2025-08-14,1.5347444869e-05,2.43477732899e-10,77,0.0621896784602,8.1993994152e-06,7.14804545379e-06
2025-08-15,1.82154835677e-05,6.3684002164e-10,77,0.0677517664645,6.17776060126e-06,1.20377229664e-05
2025-08-18,1.11126532277e-05,1.92175019232e-10,77,0.0529186981452,5.00205177933e-06,6.1106014484e-06
2025-08-19,2.3485924386e-05,8.22976491553e-10,77,0.0769314821467,1.15882419125e-05,1.18976824735e-05
2025-08-20,4.53793173077e-05,3.27870835321e-09,77,0.106937308558,1.72701300789e-05,2.81091872288e-05
2025-08-21,3.84026661029e-05,2.3373037865e-09,77,0.0983741422221,1.83926132134e-05,2.00100528895e-05
2025-08-22,7.34092656262e-05,6.32738041378e-08,77,0.136011525018,6.56710990104e-05,7.73816661572e-06
2025-08-25,6.77927110482e-06,1.99936897226e-10,77,0.0413325092199,2.33669804034e-06,4.44257306448e-06
2025-08-26,1.24810743198e-05,2.98209390133e-10,77,0.0560823566603,7.32603476659e-06,5.15503955316e-06
2025-08-27,7.43459067532e-06,9.34851863721e-11,77,0.0432841408622,4.12930904337e-06,3.30528163196e-06
2025-08-28,1.18693877616e-05,1.73227571892e-10,77,0.054690819302,5.39361719091e-06,6.47577057071e-06
2025-08-29,2.26685687732e-05,7.62066469802e-10,77,0.0755809455541,8.8691305942e-06,1.3799438179e-05
2025-09-02,2.7597382151e-05,1.07506144438e-09,77,0.0833938864789,1.78342529827e-05,9.76312916833e-06
2025-09-03,2.03546702624e-05,5.7301437632e-10,77,0.0716196684307,1.18753789811e-05,8.47929128132e-06
2025-09-04,1.19387236837e-05,2.10766794163e-10,77,0.0548503269661,7.68010915967e-06,4.25861452401e-06
2025-09-05,4.51290951191e-05,2.78034906852e-09,77,0.106642074108,1.62665129538e-05,2.88625821653e-05
2025-09-08,1.19958117921e-05,1.40024069612e-10,77,0.0549813111121,6.67335065064e-06,5.32246114145e-06
2025-09-09,1.08261378194e-05,3.2377985683e-10,77,0.0522320469681,5.01161260669e-06,5.81452521267e-06
2025-09-10,1.57301633144e-05,2.89604096342e-10,77,0.062960314129,8.25034166417e-06,7.4798216502e-06
2025-09-11,1.03888967776e-05,1.37022755649e-10,77,0.0511664146483,7.00707988744e-06,3.38181689018e-06
2025-09-12,9.15470720819e-06,1.6337666784e-10,77,0.0480310963488,3.63239452933e-06,5.52231267886e-06
2025-09-15,7.43232916098e-06,5.87240394829e-11,77,0.0432775571003,4.38441028912e-06,3.04791887186e-06
2025-09-16,5.78856764353e-06,5.2187871186e-11,77,0.0381931806239,1.98128708644e-06,3.8072805571e-06
2025-09-17,9.435244109e-05,2.3748380045e-08,77,0.154197325381,4.46966040498e-05,4.96558370402e-05
2025-09-18,2.0762735673e-05,5.0858619169e-10,77,0.0723340126746,1.16320666382e-05,9.13066903486e-06
2025-09-19,8.84273415766e-06,1.29976445776e-10,77,0.0472056035628,5.36592534978e-06,3.47680880789e-06
2025-09-22,5.02326071175e-06,2.73288501632e-11,77,0.0355789502285,3.80023668883e-06,1.22302402291e-06
2025-09-23,1.3403452897e-05,2.20107022899e-10,77,0.0581177264701,5.16954834669e-06,8.23390455032e-06
2025-09-24,1.4413929391e-05,2.46489286702e-10,77,0.0602686502797,4.76750162744e-06,9.6464277636e-06
2025-09-25,4.25554593976e-05,1.87495000122e-09,77,0.10355663073,2.38003336484e-05,1.87551257492e-05
2025-09-26,2.84712535864e-05,1.2527391501e-09,77,0.0847039308638,1.48348903044e-05,1.3636363282e-05
2025-09-29,1.24235717297e-05,1.94956866648e-10,77,0.0559530166826,6.61148388168e-06,5.81208784802e-06
2025-09-30,2.2602811808e-05,5.54867323162e-10,77,0.0754712433688,1.37755051498e-05,8.82730665823e-06
2025-10-01,1.82227816112e-05,2.19849695438e-09,77,0.0677653374965,7.61735003468e-06,1.06054315765e-05
2025-10-02,1.18727354601e-05,1.86376896099e-10,77,0.0546985313875,5.52163069944e-06,6.35110476065e-06
2025-10-03,2.29965018248e-05,1.11645964946e-09,77,0.0761256754311,7.82162436842e-06,1.51748774564e-05
2025-10-06,7.11369986721e-06,7.86874552141e-11,77,0.0423397256313,3.92977891006e-06,3.18392095715e-06
2025-10-07,1.9826610293e-05,8.1088431784e-10,77,0.0706845513096,6.64394056106e-06,1.3182669732e-05
2025-10-08,7.48568877637e-06,1.64221843336e-10,77,0.0434326325664,5.89614332287e-06,1.5895454535e-06
2025-10-09,1.54188690897e-05,3.8861875698e-10,77,0.0623342202213,5.38527382334e-06,1.00335952663e-05
2025-10-10,0.000179977260661,6.37117791271e-08,77,0.212965418992,4.75304207444e-05,0.000132446839916
2025-10-13,2.84258043916e-05,8.45976755433e-10,77,0.0846362966267,1.7262526645e-05,1.11632777466e-05
2025-10-14,6.23260691165e-05,5.9605613568e-09,77,0.125324257099,3.27170256114e-05,2.96090435051e-05
2025-10-15,6.03052547527e-05,4.41332363532e-09,77,0.123275805403,2.76968740916e-05,3.2608380661e-05
2025-10-16,9.71684852509e-05,1.17791130536e-08,77,0.156481495018,3.55565321476e-05,6.16119531033e-05
2025-10-17,8.4071834008e-05,9.20086434309e-09,77,0.145554464617,5.04836579331e-05,3.35881760749e-05
2025-10-20,1.24179255465e-05,1.3987391985e-10,77,0.0559403006582,8.12758390328e-06,4.29034164325e-06
2025-10-21,1.80449682141e-05,5.88297400557e-10,77,0.06743390831,6.29505878298e-06,1.17499094311e-05
2025-10-22,5.57118617706e-05,3.49005237639e-09,77,0.118487928356,2.64403554665e-05,2.92715063041e-05
2025-10-23,2.20446464629e-05,6.4274001302e-10,77,0.0745335555884,1.40325604112e-05,8.01208605163e-06
2025-10-24,8.9965826866e-06,1.09884480591e-10,77,0.0476144813793,4.65028720709e-06,4.34629547952e-06
2025-10-27,5.7518492612e-06,4.83800473301e-11,77,0.0380718533017,3.44599616944e-06,2.30585309176e-06
2025-10-28,8.73554073351e-06,7.12060490329e-11,77,0.0469186132025,4.22928035734e-06,4.50626037617e-06
2025-10-29,7.98017046319e-05,7.09379525194e-08,77,0.141809835933,1.92736870221e-05,6.05280176098e-05
2025-10-30,3.86200602076e-05,2.0889785693e-09,77,0.0986521929422,1.90158558515e-05,1.96042043561e-05
2025-10-31,3.48506134603e-05,1.04229851637e-09,77,0.0937142176619,1.35327504365e-05,2.13178630238e-05
2025-11-03,2.33076771832e-05,7.02910907216e-10,77,0.0766389890993,1.05116017101e-05,1.2796075473e-05
2025-11-04,4.03371464613e-05,2.26566324581e-09,77,0.100821430799,2.39473676105e-05,1.63897788509e-05
2025-11-05,2.51548667212e-05,1.48483291816e-09,77,0.0796180030756,1.62481214477e-05,8.90674527347e-06
2025-11-06,6.33595124919e-05,3.84294559368e-09,77,0.126359001056,2.15077926458e-05,4.18517198462e-05
2025-11-07,6.7357571474e-05,4.1708541402e-09,77,0.130284719025,3.63648310937e-05,3.09927403803e-05
2025-11-10,2.28880496071e-05,5.91304465556e-10,77,0.0759459577659,1.43299673524e-05,8.55808225465e-06
2025-11-11,1.65790701805e-05,4.65282684409e-10,77,0.0646368755857,8.82712012085e-06,7.75195005964e-06
2025-11-12,2.08365484806e-05,4.22435384022e-10,77,0.0724624745446,8.91267334052e-06,1.19238751401e-05
2025-11-13,6.29822609112e-05,3.99935502496e-09,77,0.125982259662,2.4940350981e-05,3.80419099302e-05
2025-11-14,8.6051153154e-05,9.31915382911e-09,77,0.147257905033,5.6566859397e-05,2.94842937571e-05
2025-11-17,7.2353808316e-05,5.21062600876e-09,77,0.135030217713,3.2007553573e-05,4.0346254743e-05
2025-11-18,0.000112880925444,1.36712517815e-08,77,0.16865940001,6.30524750541e-05,4.98284503898e-05
2025-11-19,8.63946284956e-05,7.62032738073e-09,77,0.147551504163,4.70506351985e-05,3.93439932971e-05
2025-11-20,0.000181237314796,2.61714943554e-08,77,0.213709623856,5.30801602661e-05,0.000128157154529
2025-11-21,0.000148043725941,2.25679780405e-08,77,0.193150249643,8.2936896166e-05,6.51068297747e-05
2025-11-24,3.42875018409e-05,1.53943581633e-09,77,0.0929540233874,2.16445979833e-05,1.26429038575e-05
2025-11-25,9.30732272497e-05,1.93297797912e-08,77,0.153148468053,4.86835969409e-05,4.43896303088e-05
2025-11-26,2.7524496324e-05,7.53003334704e-10,77,0.0832836903219,1.26397779871e-05,1.48847183369e-05
2025-11-28,6.35379986873e-06,8.11728073359e-11,77,0.0400144669703,4.38718605128e-06,1.96661381745e-06
2025-12-01,2.67407412605e-05,1.11677662228e-09,77,0.0820893829777,1.60297459228e-05,1.07109953378e-05
2025-12-02,4.31412516082e-05,2.50326640388e-09,77,0.104266943013,1.82476027831e-05,2.48936488251e-05
2025-12-03,2.16609534551e-05,8.64465225184e-10,77,0.0738820700216,1.38995618688e-05,7.76139158621e-06
2025-12-04,2.17991467754e-05,5.27307391214e-10,77,0.0741173730471,1.17757861926e-05,1.00233605828e-05
2025-12-05,1.75019562339e-05,3.54172524196e-10,77,0.0664115424526,9.47156240884e-06,8.03039382502e-06
2025-12-08,1.90643545685e-05,5.08404377804e-10,77,0.0693124617314,8.6410350226e-06,1.04233195459e-05
2025-12-09,8.84551887777e-06,6.78896460676e-11,77,0.047213035882,4.42221944452e-06,4.42329943325e-06
2025-12-10,4.56690095702e-05,4.33125023592e-09,77,0.107278098472,3.06127392958e-05,1.50562702743e-05
2025-12-11,4.18880661099e-05,3.17061623792e-09,77,0.102741387277,2.100114267e-05,2.08869234399e-05
2025-12-12,5.79159823735e-05,4.62126175294e-09,77,0.120809054123,1.79828292185e-05,3.9933153155e-05
2025-12-15,4.30982141221e-05,2.37850189531e-09,77,0.104214921958,2.10195027445e-05,2.20787113776e-05
2025-12-16,4.60716819882e-05,1.72398238594e-09,77,0.107750006316,2.06761932253e-05,2.53954887629e-05
2025-12-17,4.31184307146e-05,2.13443635414e-09,77,0.10423936176,1.18654794099e-05,3.12529513047e-05
2025-12-18,6.48438782791e-05,5.27098514783e-09,77,0.12783058056,3.10985727898e-05,3.37453054892e-05
2025-12-19,1.63570595839e-05,5.33477378078e-10,77,0.0642026402506,1.05531697474e-05,5.8038898365e-06
2025-12-22,8.51592057103e-06,1.36999023313e-10,77,0.0463250686335,5.09139827774e-06,3.42452229329e-06
2025-12-23,5.40995564267e-06,8.61753295474e-11,77,0.0369230120921,3.14161193965e-06,2.26834370302e-06
2025-12-24,2.16189437686e-06,4.83609989314e-12,65,0.0233408950764,1.43564805703e-06,7.26246319829e-07
2025-12-26,6.97109775984e-06,6.03289845054e-11,77,0.0419132035936,2.89249574374e-06,4.0786020161e-06
2025-12-29,8.05332342698e-06,9.42705274594e-11,77,0.0450492786135,3.9317995357e-06,4.12152389128e-06
2025-12-30,6.86230108755e-06,1.0415555092e-10,77,0.0415848514974,3.70420481922e-06,3.15809626834e-06
2025-12-31,1.4967063434e-05,2.61204223066e-10,77,0.0614141676273,4.50165378144e-06,1.04654096525e-05
2026-01-02,4.76498467865e-05,3.21984534958e-09,77,0.109579931512,1.97309475539e-05,2.79188992326e-05
2026-01-05,8.62490698953e-06,7.5986095573e-11,77,0.0466205594278,4.96869168431e-06,3.65621530522e-06
2026-01-06,9.8115997414e-06,1.22065705618e-10,77,0.0497244721926,6.1803586741e-06,3.63124106731e-06
2026-01-07,1.25284800175e-05,1.77967783027e-10,77,0.056188761905,5.42402220655e-06,7.10445781098e-06
2026-01-08,2.2809255376e-05,8.51691367063e-10,77,0.0758151195656,1.37107359653e-05,9.0985194107e-06
2026-01-09,2.69150239226e-05,1.62350952339e-09,77,0.0823564571147,1.67150801027e-05,1.01999438199e-05
2026-01-12,6.42661094122e-06,7.04200227434e-11,77,0.0402430858308,4.30202702852e-06,2.1245839127e-06
2026-01-13,1.8973423287e-05,4.2364349954e-10,77,0.0691469642742,9.77441976938e-06,9.19900351765e-06
2026-01-14,5.15022484947e-05,2.73504364873e-09,77,0.11392351215,2.38884951483e-05,2.76137533464e-05
2026-01-15,1.50766719341e-05,3.1634657623e-10,77,0.0616386350221,6.82194925759e-06,8.25472267651e-06
2026-01-16,2.05504386568e-05,5.12000915997e-10,77,0.0719632582747,8.72641090722e-06,1.18240277496e-05
2026-01-20,4.20772891972e-05,2.42945924859e-09,77,0.102973185236,2.10903568221e-05,2.09869323751e-05
2026-01-21,8.81458797975e-05,2.33661759107e-08,77,0.149039463596,5.83427017657e-05,2.98031780318e-05
2026-01-22,2.20322054697e-05,1.00195251356e-09,77,0.0745125209503,8.38898372947e-06,1.36432217402e-05
2026-01-23,2.30649340252e-05,5.91766049935e-10,77,0.0762388573782,1.30088852995e-05,1.00560487257e-05
2026-01-26,9.91896747368e-06,1.40632417435e-10,77,0.0499957978571,5.5094764617e-06,4.40949101198e-06
2026-01-27,7.29717411519e-06,9.52584074243e-11,77,0.0428822559694,4.52579116561e-06,2.77138294958e-06
2026-01-28,2.41891258153e-05,5.65122718424e-10,77,0.0780747059261,1.02316560781e-05,1.39574697372e-05
2026-01-29,6.49291799511e-05,6.20112621503e-09,77,0.127914633048,2.43118648177e-05,4.06173151334e-05
2026-01-30,7.19502728608e-05,4.8775160863e-09,77,0.13465314241,3.4950506444e-05,3.69997664168e-05
2026-02-02,1.97512888525e-05,4.07133807595e-10,77,0.0705501579787,1.28538250989e-05,6.89746375356e-06
2026-02-03,6.84404347639e-05,6.17033818774e-09,77,0.131327794318,3.00932753471e-05,3.83471594168e-05
2026-02-04,0.000103167221583,9.89084702954e-09,77,0.161239386748,4.00287613047e-05,6.3138460278e-05
2026-02-05,9.64771848132e-05,1.06902526872e-08,77,0.155923861461,4.83350597469e-05,4.81421250663e-05
2026-02-06,3.92427050812e-05,2.21632732697e-09,77,0.0994442641908,2.51684208464e-05,1.40742842348e-05
2026-02-09,1.95397453922e-05,8.35176379194e-10,77,0.0701713320297,1.43713313586e-05,5.16841403361e-06
2026-02-10,2.48837201456e-05,9.18003663492e-10,77,0.0791877356457,1.1834418239e-05,1.30493019066e-05
2026-02-11,5.25150452448e-05,3.92072013972e-09,77,0.115038217135,2.4739072462e-05,2.77759727828e-05
2026-02-12,6.42012978044e-05,2.95400932799e-09,77,0.127195625108,2.17239527099e-05,4.24773450945e-05
2026-02-13,7.86943468646e-05,5.42805946306e-09,77,0.140822496107,4.23004530989e-05,3.63938937657e-05
2026-02-17,0.000114665605289,1.94925528748e-08,77,0.169987448162,6.03420683253e-05,5.43235369633e-05
2026-02-18,3.48265916881e-05,1.88504006854e-09,77,0.0936819145054,2.26986802034e-05,1.21279114846e-05
2026-02-19,5.9730069231e-05,4.05335054409e-09,77,0.122686500668,2.81716225799e-05,3.15584466511e-05
2026-02-20,6.60613610953e-05,5.28173578345e-09,77,0.12902504794,4.12912150638e-05,2.47701460315e-05
2026-02-23,4.13545909262e-05,3.32365782434e-09,77,0.102085047453,1.44857379803e-05,2.6868852946e-05
2026-02-24,4.02304704263e-05,3.55135698947e-09,77,0.100688025839,3.08795869032e-05,9.35088352312e-06
2026-02-25,7.56501843792e-06,9.48817904948e-11,77,0.0436621649298,4.61185891233e-06,2.95315952558e-06
2026-02-26,5.381890322e-05,5.60863176905e-09,77,0.116457561418,2.24812773717e-05,3.13376258483e-05
2026-02-27,4.65744379738e-05,2.116407485e-09,77,0.108336320638,2.49722786968e-05,2.1602159277e-05
2026-03-02,5.52158629321e-05,3.72658159702e-09,77,0.117959304249,3.21711416852e-05,2.30447212469e-05
2026-03-03,9.64074282408e-05,1.03878475082e-08,77,0.155867481909,5.12062920527e-05,4.52011361881e-05
2026-03-04,4.28574355754e-05,3.24220248144e-09,77,0.103923403356,2.35370256161e-05,1.93204099593e-05
2026-03-05,8.40933336125e-05,6.05264521956e-09,77,0.145573074675,3.25931165722e-05,5.15002170404e-05
2026-03-06,9.35773883201e-05,1.0607670059e-08,77,0.153562696827,5.07893769257e-05,4.27880113945e-05
2026-03-09,0.000123389677546,2.38514205935e-08,77,0.176335472159,8.11115840673e-05,4.22780934789e-05
2026-03-10,6.87429885635e-05,1.01097009202e-08,77,0.13161775381,2.59665164807e-05,4.27764720828e-05
2026-03-11,6.02976047948e-05,4.78153509395e-09,77,0.123267986145,2.39177796824e-05,3.63798251124e-05
2026-03-12,7.38355310665e-05,8.28744050544e-09,77,0.136405842356,3.23355838877e-05,4.14999471788e-05
2026-03-13,6.64895073753e-05,4.66089350519e-09,77,0.129442480889,2.23852511089e-05,4.41042562664e-05
2026-03-16,4.30809631206e-05,3.15275160214e-09,77,0.104194062721,2.11571907221e-05,2.19237723985e-05
2026-03-17,2.43880280926e-05,5.95576491426e-10,77,0.0783950449922,1.1477481552e-05,1.29105465406e-05
2026-03-18,4.43252416507e-05,2.88872669491e-09,77,0.105688035728,1.22385957136e-05,3.20866459371e-05
2026-03-19,7.59622143433e-05,7.92254659913e-09,77,0.138356344323,5.07332231982e-05,2.52289911451e-05
2026-03-20,7.38594012911e-05,6.47275373258e-09,77,0.136427889837,3.2344804378e-05,4.15145969131e-05
2026-03-23,9.35807809398e-05,8.44627774023e-09,77,0.153565480486,4.73231694764e-05,4.62576114633e-05
2026-03-24,7.78856773178e-05,6.49552171494e-09,77,0.14009707593,4.0187945453e-05,3.76977318647e-05
2026-03-25,5.53220641104e-05,4.37368382502e-09,77,0.118072690135,2.44220338183e-05,3.09000302921e-05
2026-03-26,4.75028455704e-05,4.50406082935e-09,77,0.109410772247,2.20080520295e-05,2.54947935409e-05
2026-03-27,5.64475420961e-05,3.47377036475e-09,77,0.119267684677,2.26134981968e-05,3.38340438993e-05
2026-03-30,5.96663541904e-05,3.2401768649e-09,77,0.122621047361,2.44036312817e-05,3.52627229087e-05
2026-03-31,0.000123986223195,2.6019508847e-08,77,0.176761218159,8.68529856653e-05,3.71332375293e-05
2026-04-01,3.37563088229e-05,2.45031206855e-09,77,0.0922311759838,1.28159476679e-05,2.0940361155e-05
2026-04-02,0.000114357334091,5.48503673704e-08,77,0.169758794149,8.20161099831e-05,3.23412241075e-05
2026-04-06,4.13677245796e-05,4.32972807287e-09,77,0.102101256574,1.57386960728e-05,2.56290285068e-05
2026-04-07,7.83595460937e-05,1.19382345791e-08,77,0.140522616029,5.07215013702e-05,2.76380447235e-05
2026-04-08,3.91663727534e-05,3.27720466054e-09,77,0.0993475008939,1.47482015243e-05,2.44181712291e-05
2026-04-09,3.23888961869e-05,1.61507489063e-09,77,0.0903437980113,2.13096491248e-05,1.10792470621e-05
2026-04-10,1.31769365983e-05,1.78189559728e-10,77,0.0576245435797,5.99704006497e-06,7.17989653331e-06
2026-04-13,2.63571503555e-05,2.30863737491e-09,77,0.081498477836,2.2337099566e-05,4.02005078948e-06
2026-04-14,1.55763292177e-05,2.62914476603e-10,77,0.0626516956105,1.08089267403e-05,4.76740247741e-06
2026-04-15,2.31499229026e-05,1.6197730381e-09,77,0.0763791893872,1.05431289596e-05,1.2606793943e-05
2026-04-16,2.65879260362e-05,1.73299432234e-09,77,0.0818544889492,1.00719633879e-05,1.65159626483e-05
2026-04-17,2.04587145196e-05,6.31713003145e-10,77,0.0718024794762,1.05768563742e-05,9.88185814543e-06
2026-04-20,1.60072740586e-05,2.79764482748e-10,77,0.0635124638379,7.51894605713e-06,8.48832800144e-06
2026-04-21,5.71199752526e-05,1.07697300548e-08,77,0.11997597161,1.77107220386e-05,3.9409253214e-05
2026-04-22,1.29866211318e-05,1.67194133393e-10,77,0.0572068922876,7.26915511298e-06,5.71746601877e-06
2026-04-23,5.55618177861e-05,6.33553230589e-09,77,0.118328264088,2.34810832449e-05,3.20807345412e-05
2026-04-24,1.63812549381e-05,9.38957475898e-10,77,0.0642501069602,1.17507267533e-05,4.63052818473e-06
2026-04-27,1.14268999156e-05,2.60581434747e-10,77,0.053661706819,6.19219796621e-06,5.23470194938e-06
2026-04-28,1.3819932316e-05,2.09420959316e-10,77,0.0590137521568,6.90294874072e-06,6.91698357524e-06
2026-04-29,2.45782284306e-05,8.36350874944e-10,77,0.0787001497109,1.16143823231e-05,1.29638461075e-05
2026-04-30,2.32167500188e-05,6.57302316789e-10,77,0.0764893522311,1.41018979584e-05,9.11485206034e-06
2026-05-01,2.11795057094e-05,9.73230363255e-10,77,0.0730563853388,1.00230013035e-05,1.11565044059e-05
2026-05-04,3.18009347022e-05,1.32220410332e-09,77,0.0895200287363,1.32064389617e-05,1.85944957405e-05
2026-05-05,9.44076904437e-06,2.0740551552e-10,77,0.048775750114,4.85032536218e-06,4.59044368219e-06
2026-05-06,1.09859248078e-05,1.70413453089e-10,77,0.0526160911848,7.72652724981e-06,3.25939755801e-06
2026-05-07,3.06502968856e-05,1.24096522466e-09,77,0.0878855779702,1.2576978309e-05,1.80733185765e-05
2026-05-08,1.04352188509e-05,1.08943889622e-10,77,0.0512803583298,6.61061009343e-06,3.82460875747e-06
2026-05-11,1.38555851308e-05,2.74367016351e-10,77,0.0590898252913,7.37221316858e-06,6.48337196221e-06
2026-05-12,2.47782737384e-05,5.16602533813e-10,77,0.0790197758924,1.30554206153e-05,1.17228531232e-05
2026-05-13,1.76572235287e-05,4.23291477827e-10,77,0.0667054745073,1.08318337392e-05,6.82538978954e-06
2026-05-14,1.68008621582e-05,2.58435239274e-10,77,0.065067789757,9.34789466365e-06,7.45296749453e-06
2026-05-15,4.15638566288e-05,1.90540145902e-09,77,0.102343010853,1.838200697e-05,2.31818496587e-05
2026-05-18,7.75712763419e-05,1.08971707142e-08,77,0.139814025184,4.11825312853e-05,3.63887450566e-05
2026-05-19,5.02857233935e-05,2.95806026326e-09,77,0.11256998843,2.22455345118e-05,2.80401888816e-05
2026-05-20,3.66879759574e-05,2.74396996422e-09,77,0.0961528467663,2.59937270395e-05,1.06942489179e-05
2026-05-21,5.43462921838e-05,4.68643914643e-09,77,0.117026773135,2.99194486436e-05,2.44268435401e-05
2026-05-22,1.94346856222e-05,6.99428373113e-10,77,0.0699824319154,9.15829061949e-06,1.02763950027e-05
2026-05-26,1.28052043579e-05,1.8547766888e-10,77,0.0568059107681,6.71492013215e-06,6.09028422574e-06
2026-05-27,2.06305055037e-05,5.97036587416e-10,77,0.0721033105131,7.34218055874e-06,1.3288324945e-05
2026-05-28,1.89881599463e-05,2.69741467342e-09,77,0.0691738122881,1.51920347915e-05,3.79612515482e-06
2026-05-29,1.74490780154e-05,3.56367242491e-10,77,0.0663111428033,8.62416277613e-06,8.82491523925e-06
2026-06-01,1.4540846077e-05,2.90219177284e-10,77,0.0605334057477,9.85233024589e-06,4.68851583114e-06
2026-06-02,7.06401911016e-06,7.34597663459e-11,77,0.0421916202078,4.42784069229e-06,2.63617841788e-06
2026-06-03,2.03548217815e-05,7.46278045507e-10,77,0.0716199349967,5.57772618758e-06,1.47770955939e-05
2026-06-04,1.16266428899e-05,2.29037395459e-10,77,0.0541286800898,7.68050554614e-06,3.9461373438e-06
2026-06-05,6.52731824166e-05,3.47275831105e-09,77,0.128253038829,1.95144234027e-05,4.57587590138e-05
2026-06-08,5.87940376413e-05,5.04384574336e-09,77,0.121721392884,2.40862228448e-05,3.47078147965e-05
2026-06-09,0.000254204618096,7.85391371422e-08,77,0.253099908653,9.32759643377e-05,0.000160928653758
2026-06-10,0.000115746179829,1.5945037028e-08,77,0.170786525572,5.94415116437e-05,5.6304668185e-05
2026-06-11,0.000208160807665,1.74840597583e-07,77,0.229033891666,0.000153562341093,5.45984665723e-05
2026-06-12,0.00012837773761,4.7242049482e-08,77,0.179864365225,6.74545010771e-05,6.09232365332e-05
2026-06-15,1.19519956529e-05,1.80782645726e-10,77,0.0548808063399,7.3152425552e-06,4.63675309767e-06
2026-06-16,1.88166531788e-05,3.83822332156e-10,77,0.0688607043317,7.86980409327e-06,1.09468490855e-05
2026-06-17,0.000153642297398,1.03658856513e-07,77,0.196768541552,3.72344866193e-05,0.000116407810779
2026-06-18,2.99770331216e-05,1.12476035585e-09,77,0.0869149719361,1.58797829484e-05,1.40972501732e-05
2026-06-22,4.72172944013e-05,2.51024413217e-09,77,0.109081429167,2.00725902291e-05,2.71447041721e-05
2026-06-23,4.05114618577e-05,2.3360444542e-09,77,0.10103904388,1.89803451615e-05,2.15311166962e-05
2026-06-24,5.99876985031e-05,3.79364328171e-09,77,0.122950803262,2.82836451591e-05,3.1704053344e-05
2026-06-25,0.000138126447545,2.82483276631e-08,77,0.186568659697,6.23255889914e-05,7.58008585536e-05
2026-06-26,8.396639858e-05,2.46798516471e-08,77,0.145463165242,3.46711635364e-05,4.92952350436e-05
2026-06-29,5.29258555948e-05,6.66670501148e-09,77,0.115487296314,2.60843611493e-05,2.68414944456e-05
2026-06-30,2.02990270726e-05,6.02048346933e-10,77,0.0715217087485,1.1940714379e-05,8.35831269361e-06
2026-07-01,1.68688090923e-05,2.84324200319e-10,77,0.0651992322904,1.04683207102e-05,6.4004883821e-06
2026-07-02,6.64092135754e-05,4.52578374501e-09,77,0.129364298866,2.67130820699e-05,3.96961315055e-05
2026-07-06,1.00432176711e-05,1.31671401164e-10,77,0.0503079601366,5.52435149232e-06,4.51886617874e-06
2026-07-07,1.82304576623e-05,3.98027632913e-10,77,0.0677796085184,7.93959847919e-06,1.02908591831e-05
2026-07-08,2.77144005037e-05,8.51510287794e-10,77,0.0835705027324,1.35997697192e-05,1.41146307846e-05
2026-07-09,1.88463247666e-05,5.80360243516e-10,77,0.0689149754494,1.21319499885e-05,6.71437477809e-06
2026-07-10,1.59170427276e-05,7.6458361551e-10,77,0.0633332043035,7.54855473649e-06,8.3684879911e-06
2026-07-13,2.40734717492e-05,6.89847240968e-10,77,0.0778878352555,1.05980654445e-05,1.34754063046e-05
2026-07-14,2.14132642989e-05,9.60306274451e-10,77,0.0734584413347,1.3238140436e-05,8.17512386295e-06
2026-07-15,2.73588376569e-05,8.52528320245e-10,77,0.0830326868742,1.18462337697e-05,1.55126038872e-05
2026-07-16,2.80152562555e-05,1.2043562854e-09,77,0.0840228812668,1.55251978e-05,1.24900584554e-05
2026-07-17,4.45091518832e-05,2.48873363259e-09,77,0.105907064328,2.65103864265e-05,1.79987654567e-05
2026-07-20,3.3423894832e-05,1.0468415168e-09,77,0.0917759309278,1.0152211743e-05,2.3271683089e-05
2026-07-21,1.17024815202e-05,2.29814032559e-10,77,0.0543049292707,7.48616332079e-06,4.21631819943e-06
2026-07-22,9.81173880621e-06,8.28692041641e-11,77,0.0497248245765,5.40687906053e-06,4.40485974568e-06
2026-07-23,4.8340444345e-05,2.41722962041e-09,77,0.110371155539,2.07855618617e-05,2.75548824833e-05
2026-07-24,5.35677253098e-05,5.14391759039e-09,77,0.116185484369,3.0411083352e-05,2.31566419578e-05
2026-07-27,5.35573038522e-05,3.40911168528e-09,77,0.116174182032,1.87393662784e-05,3.48179375738e-05
2026-07-28,2.82680630689e-05,7.00832307946e-10,77,0.0844011368013,1.69032010717e-05,1.13648619971e-05
2026-07-29,0.000102220152352,1.16258053255e-08,77,0.160497596221,3.7226316344e-05,6.49938360078e-05
2026-07-30,3.48694560695e-05,2.07730547867e-09,77,0.0937395483748,2.08299564365e-05,1.4039499633e-05
2026-07-31,5.24227648947e-05,3.93694411714e-09,77,0.114937099117,2.26169608155e-05,2.98058040793e-05
2026-08-03,1.08324245852e-05,1.82961399032e-10,77,0.0522472104085,8.66164584349e-06,2.17077874171e-06
2026-08-04,2.08280128654e-05,4.24401465271e-10,77,0.0724476310315,1.35624938057e-05,7.26551905964e-06
2026-08-05,2.78850972663e-05,1.49970913434e-09,77,0.0838274687147,6.80641908722e-06,2.10786781791e-05
2026-08-06,2.27768096255e-05,5.32165888977e-10,77,0.0757611775623,9.57037254274e-06,1.32064370827e-05
2026-08-07,2.3469325296e-05,1.4247947209e-09,77,0.0769042910025,1.50600208149e-05,8.40930448117e-06
2026-08-10,1.10690919867e-05,1.82604712844e-10,77,0.0528148765088,5.14931852479e-06,5.91977346186e-06
2026-08-11,1.10416623557e-05,1.56692142787e-10,77,0.0527493972823,4.33066142947e-06,6.71100092628e-06
2026-08-12,1.11109625009e-05,1.77477302699e-10,77,0.052914672353,4.7345863176e-06,6.37637618328e-06
2026-08-13,1.42243829657e-05,3.53768767533e-10,77,0.0598710656941,8.4705052185e-06,5.75387774719e-06
2026-08-14,5.90030669313e-06,3.88921995579e-11,77,0.0385600478043,2.26273612121e-06,3.63757057193e-06
2026-08-17,6.65483349175e-06,4.85467285063e-11,77,0.0409514107195,2.56013864949e-06,4.09469484225e-06
2026-08-18,8.70471712402e-06,7.43567037072e-11,77,0.0468357632078,3.88564676247e-06,4.81907036155e-06
2026-08-19,2.78630162863e-05,1.11212442072e-09,77,0.083794272502,1.28755847274e-05,1.49874315589e-05
2026-08-20,2.11491550216e-05,6.71858115629e-10,77,0.0730040208854,8.98271879877e-06,1.21664362228e-05
2026-08-21,1.14693753155e-05,1.29104358575e-10,77,0.0537613483787,6.31852604806e-06,5.15084926742e-06
2026-08-24,1.18602659925e-05,2.68351785238e-10,77,0.0546697999823,5.78171123433e-06,6.07855475814e-06
2026-08-25,9.59042045567e-06,9.39578142995e-11,77,0.0491608172718,4.60929397407e-06,4.9811264816e-06
2026-08-26,1.33324116201e-05,2.31750667838e-10,77,0.057963503416,6.30135236614e-06,7.03105925391e-06
2026-08-27,1.89112362571e-05,5.6817437305e-10,77,0.0690335537025,1.17452674518e-05,7.16596880535e-06
2026-08-28,2.94874954177e-05,7.41883094797e-10,77,0.0862023714596,1.39501052028e-05,1.5537390215e-05
