date,target,persistence,har,shar,har_rv_iv,har_x_lasso,hgb,lstm,lstm_x,combination
2022-10-07,0.2053911625740348,0.16004537155,0.15465028954612275,0.15387063137212947,0.15499425509128087,0.15951277599543118,0.15514679661160025,0.1734197437763214,0.1844201385974884,0.1622878044271963
2022-10-10,0.20422313290929997,0.204818138917,0.17256283246825282,0.17285726352741218,0.1728486681218931,0.18149825955312823,0.14831591579895562,0.174302339553833,0.1829313486814499,0.17218808967213212
2022-10-11,0.20323519384257638,0.190487364783,0.17011544802146464,0.1706516300037692,0.17049919437672179,0.17302535829330257,0.1724734199840367,0.174897700548172,0.18115858733654022,0.1732601912234296
2022-10-12,0.2034991408650405,0.172205243508,0.1630163668072665,0.16362465288301126,0.16350457462089601,0.1684554705991179,0.14443566330897653,0.17475277185440063,0.18383118510246277,0.1659458121680188
2022-10-13,0.19533649263621686,0.301046489396,0.21230613948753957,0.21131276024060025,0.21205002205585582,0.21317518069807034,0.18325934796320711,0.1819896101951599,0.19352538883686066,0.2010883499253277
2022-10-14,0.18649232735675858,0.299432320538,0.22005642544627196,0.21643066532600874,0.2196307644119781,0.20030865299132222,0.16726932593052432,0.18889981508255005,0.19285805523395538,0.20077910063180154
2022-10-17,0.18889165231905936,0.169466832096,0.1738904866150378,0.17428505321419166,0.1739312567594171,0.17918493265201857,0.14482804972819577,0.1877964735031128,0.19062699377536774,0.17493474946390591
2022-10-18,0.18472033384993544,0.212358224511,0.18959075109721116,0.18807037203968763,0.18937854360044998,0.18478522073882558,0.16265912219254317,0.18950971961021423,0.18695853650569916,0.1844217522549473
2022-10-19,0.1829281996700793,0.176343023448,0.17747890675800004,0.17689885216217244,0.177431729421634,0.17568659663922243,0.1723260676923237,0.1890246868133545,0.1856040507555008,0.17920727003460116
2022-10-20,0.18052243856139435,0.199325348505,0.17842488048770974,0.178580909462287,0.1783319492568378,0.1763660007519227,0.1810063601247064,0.18872225284576416,0.1864827424287796,0.1811307279082868
2022-10-21,0.1757573514203716,0.213652013516,0.17883293422049876,0.1796728913738863,0.17876670188387808,0.18587789093125692,0.19608042142546808,0.1877918541431427,0.1872679591178894,0.1848986647280029
2022-10-24,0.16984213441553306,0.221448542328,0.18469571563914006,0.18510513186931143,0.18456063530324582,0.18814781669438024,0.17643021928394442,0.18791261315345764,0.18446724116802216,0.18447419615878596
2022-10-25,0.169437907810734,0.132051873527,0.14959392561093815,0.14972442786287266,0.14973383486375988,0.16131967173270503,0.16046933537609173,0.18289905786514282,0.18552707135677338,0.16275247495261194
2022-10-26,0.16565937843894188,0.168870974825,0.16185587828532932,0.16222676695694543,0.16178958571829585,0.15733458843243,0.17546488175170724,0.180831640958786,0.18571390211582184,0.16931674917418796
2022-10-27,0.16167243931097522,0.187673550394,0.1677139535418254,0.1666521894499513,0.1675514930190404,0.15974816223810911,0.1772871663558134,0.1795918047428131,0.18412663042545319,0.17181019996757227
2022-10-28,0.162051338017978,0.109464676769,0.1350151583376839,0.13426679622075025,0.13516160824166956,0.14357732898531828,0.18496518537779766,0.1738262176513672,0.1873673051595688,0.1563113714248794
2022-10-31,0.16408635652025355,0.150188753629,0.14450681993114506,0.1441667734840652,0.14456728507805638,0.1577507673598683,0.18464021607265674,0.1709287166595459,0.1858062893152237,0.1617666954143659
2022-11-01,0.16347494962519046,0.158321349353,0.14915220644404853,0.14611632937042524,0.14915397217725337,0.154317718491739,0.1524003036944888,0.16922983527183533,0.18124441802501678,0.15737354049640098
2022-11-02,0.1513530685242627,0.308059695022,0.20789275427144432,0.20724462831568208,0.2071820696294158,0.18994041194991762,0.2005825437690178,0.17662861943244934,0.18959449231624603,0.19700935995488186
2022-11-03,0.14783949599577156,0.183412364473,0.16525853535718654,0.16597328184208474,0.16497043418718849,0.1555481958979763,0.19249838827311994,0.17633429169654846,0.18725426495075226,0.1725481988864081
2022-11-04,0.13853339260508188,0.2702769426,0.20443295601931422,0.2050487982252939,0.20356735081578353,0.1818024058264223,0.1742012288780702,0.18228629231452942,0.18929478526115417,0.19151911676293823
2022-11-07,0.13950562777406708,0.126554177814,0.15625522090611227,0.15626562417399253,0.15584375524640234,0.1607931836415032,0.16244285832834585,0.1914849877357483,0.1807135045528412,0.1662570192264208
2022-11-08,0.1367995526478554,0.178614656221,0.1746823105432294,0.17461193486386803,0.1740862043889096,0.15253831629832537,0.15749972982284707,0.19208313524723053,0.1764126420021057,0.17170203902378797
2022-11-09,0.13421320288393895,0.166829290479,0.16166110010721957,0.16139131248158786,0.1614088394773441,0.1549744054146477,0.16581547786433484,0.18814975023269653,0.17441482841968536,0.1668308162853594
2022-11-10,0.13032597690777292,0.178631264173,0.1653060036367323,0.16610265342031844,0.16468490567066302,0.16268465386110684,0.14918360518064158,0.18630187213420868,0.18137818574905396,0.16794883995038926
2022-11-11,0.13847987233710232,0.149205677683,0.1477121679283666,0.14841900714400247,0.1472293635132582,0.14044650620402618,0.15442341482587985,0.17968596518039703,0.17640462517738342,0.15633157856761626
2022-11-14,0.1505309586634808,0.136907317339,0.14523408656512019,0.14482536960469633,0.14493903085471735,0.14165004264884845,0.14918360518064158,0.17384353280067444,0.1728329360485077,0.15321551481474374
2022-11-15,0.14699729966666245,0.218249944769,0.17515244360937188,0.17567087920318986,0.17440765816381418,0.1536662498741897,0.15080993708088947,0.178603857755661,0.17015127837657928,0.16835175772338506
2022-11-16,0.14924877067116954,0.111213620459,0.1364575296432157,0.13546518407259944,0.13635388940476864,0.14234673436301773,0.15830614646640614,0.17058587074279785,0.17167620360851288,0.15017022261447405
2022-11-17,0.14905388609978393,0.131379132109,0.1404332428924516,0.14107010256385372,0.14028865630083315,0.1576787228668966,0.15830614646640614,0.16626110672950745,0.17089955508708954,0.15356250470100546
2022-11-18,0.14850313145990748,0.146180405454,0.14528449905070046,0.14506814413016494,0.1450117473045321,0.16028553743757867,0.1569459203455904,0.16472899913787842,0.171073779463768,0.15548551812431613
2022-11-21,0.14909586873184702,0.0999769659304,0.12813262537012662,0.12846831257495006,0.1281150504640826,0.1409869243934639,0.14282913464938055,0.15865783393383026,0.16652408242225647,0.14195913768687005
2022-11-22,0.151527857698235,0.0781616391448,0.112408820266568,0.11282969917551139,0.11259038202869459,0.11378415313848236,0.1510555023156824,0.14969554543495178,0.1621321141719818,0.13064231664741036
2022-11-23,0.15335659846294505,0.120655007735,0.1276125979245902,0.12843814292844477,0.12747506717355328,0.12994779986641655,0.15039861112629582,0.14774294197559357,0.161573588848114,0.1390269642632869
2022-11-25,0.15491553082063658,0.0439059498229,0.09697348745965846,0.09721375193974924,0.09735371744917036,0.10392817601096171,0.1398309116611279,0.13769946992397308,0.159592404961586,0.11894170277231811
2022-11-28,0.15648393739188185,0.0884040092142,0.10828348125695533,0.10728462199716396,0.10876505977928219,0.12463191498345963,0.14445546654962843,0.13399770855903625,0.15608158707618713,0.126214262885959
2022-11-29,0.15541219947077384,0.120657964486,0.12066538509182913,0.12057201087175351,0.12095672770325908,0.12790541693425947,0.1515104255462626,0.13505013287067413,0.15483520925045013,0.13307075832406973
2022-11-30,0.15315891822041966,0.191034768596,0.1509162174829359,0.15106141705627915,0.15051020246379215,0.1531660789732933,0.15120540437057262,0.14502710103988647,0.15688061714172363,0.15125243407549757
2022-12-01,0.15564827968787706,0.144429607758,0.13713384341492507,0.1362742808494473,0.13689708085825048,0.14545373367568057,0.14957907247032473,0.14848577976226807,0.16083484888076782,0.14495123427309484
2022-12-02,0.15903368234861445,0.121483792454,0.1348895813728593,0.1355789231430199,0.13458487891092177,0.12558167027170206,0.14319882417132535,0.15025025606155396,0.16523940861225128,0.14133193464909052
2022-12-05,0.16054418999325137,0.107536808384,0.13264668175141547,0.13051584876397293,0.1325989803762702,0.15250074585994586,0.15120540437057262,0.150167778134346,0.15798331797122955,0.1439455367468218
2022-12-06,0.16257901191499224,0.130706908002,0.1412484795003662,0.1394830960532002,0.14126870828547544,0.14751383839712243,0.14944971096007373,0.1523650735616684,0.15687842667102814,0.14688676191841923
2022-12-07,0.1614218162707259,0.14728430166,0.14438037450310312,0.14439618986823488,0.14453494474659676,0.15072138349843703,0.1689572265826809,0.15142109990119934,0.15874220430850983,0.15187906048696598
2022-12-08,0.16171925202122842,0.127284882532,0.13678479870905347,0.13736698085761423,0.13700051229971522,0.1605680269163077,0.14663401346375324,0.15073147416114807,0.1610022485256195,0.1471554364190302
2022-12-09,0.16102864981695028,0.114509400749,0.13255560476664072,0.13253064951545473,0.13299165907830043,0.15246318068358242,0.16771739093341145,0.14902427792549133,0.1623409539461136,0.14708910240699927
2022-12-12,0.1647312198111639,0.101559507386,0.12834422787221256,0.12891783689782194,0.12920000489558672,0.15397823922156864,0.17143129199317803,0.14647901058197021,0.16161814332008362,0.14570982211177452
2022-12-13,0.15588630876535758,0.261324405192,0.18810719416729904,0.1854427477570898,0.18694629222354875,0.171465446167892,0.1558169678405751,0.16055497527122498,0.16770967841148376,0.1737204716913019
2022-12-14,0.1426985757443248,0.303124392762,0.21125832549877357,0.20738074509531437,0.20916998271014423,0.17659823830078258,0.15474418175332516,0.17731061577796936,0.17673678696155548,0.18759983944255212
2022-12-15,0.14038641609640728,0.159857457904,0.16727294701170625,0.16519161125292792,0.16639001274491788,0.14663463800496154,0.15664852705440382,0.17758309841156006,0.17145003378391266,0.16445298118062718
2022-12-16,0.13839494176973377,0.162404579875,0.1716410574465068,0.17112561848354224,0.1707010822629497,0.14463266437820885,0.13933101543487222,0.17859554290771484,0.17208589613437653,0.16401612529259588
2022-12-19,0.1376117668042061,0.126647740051,0.16175840757476906,0.16080352795675218,0.16107422182979267,0.14556092207467658,0.15081474338874357,0.176228329539299,0.1653815656900406,0.1602316740077248
2022-12-20,0.13719147636990425,0.133892538514,0.15544449608985259,0.1555977338712205,0.15487446823452305,0.14630858900027782,0.15210725751949117,0.1726091355085373,0.16145731508731842,0.15691414218731728
2022-12-21,0.1376670361294424,0.117045940238,0.13758603397135377,0.13823856033519452,0.1373398917658536,0.13914096540901824,0.1477680709117348,0.16507276892662048,0.1602371335029602,0.14648334640324795
2022-12-22,0.13669551141915523,0.14650128714,0.14589787133803714,0.14618940632362876,0.14575686129937676,0.14333537017221037,0.15120110458032146,0.16201870143413544,0.16228742897510529,0.15095524916040218
2022-12-23,0.13617881219313818,0.162068745275,0.1504213536165862,0.15149632293192672,0.1499923874959715,0.14657162821501707,0.1546613032537106,0.1613207310438156,0.16233496367931366,0.15382838431947737
2022-12-27,0.13624705979153753,0.109634920411,0.13247018400359672,0.13286969680629607,0.13267281012870538,0.14550660195106915,0.15307088898802498,0.15616901218891144,0.1586361825466156,0.14448505380188847
2022-12-28,0.13540114314028076,0.134430983266,0.13998398116946772,0.13789294914244232,0.14009782871660414,0.1594225109539999,0.15890773395304134,0.15472322702407837,0.14974993467330933,0.14868259509042045
2022-12-29,0.13598572474570264,0.0868254290518,0.1226391789156894,0.1230420818360492,0.12301183331636897,0.15766752950472193,0.14000600161096996,0.14923864603042603,0.1464843899011612,0.13744138015934096
2022-12-30,0.14103111206431154,0.147962951515,0.14224665045565507,0.1425815900038017,0.142145744976656,0.16029979153819995,0.14738821596400714,0.15081976354122162,0.14656677842140198,0.14743550498584906
2023-01-03,0.13840502680568506,0.192362416088,0.15856690559673298,0.15799133939476473,0.1582302489511028,0.17010357227814124,0.1535853655423553,0.15632477402687073,0.14818976819515228,0.1575702819978743
2023-01-04,0.1368236700141697,0.192691826531,0.1640332219872333,0.16411931172384348,0.16333991633685468,0.15130590502235125,0.17166660500737196,0.16195614635944366,0.1495540589094162,0.16085359504950208
2023-01-05,0.1348254892657364,0.147313904168,0.15017360051874767,0.15087228630776583,0.14988665801221462,0.1525436371161356,0.1741657981421699,0.16237396001815796,0.15508383512496948,0.15644282503430876
2023-01-06,0.13700941816342846,0.175760511684,0.16496942727734254,0.16545455500526812,0.16396191987239706,0.1482150573797477,0.15645796715835894,0.16664473712444305,0.16206273436546326,0.16110948545471723
2023-01-09,0.13813640950916453,0.117554609548,0.14442470157277537,0.14401684669653372,0.14405080346298174,0.14647280764583182,0.15501262118668147,0.1553756147623062,0.1549394428730011,0.1491846911714445
2023-01-10,0.1383675774386341,0.134980847348,0.14623071566653972,0.14665123353108264,0.1456233986738578,0.13214644532932918,0.1537637178252715,0.154298797249794,0.1515466272830963,0.1471801336512816
2023-01-11,0.13917635047966734,0.0918243115886,0.12582143610343355,0.1260970626397286,0.1259450479136142,0.11042666901929293,0.1492454963640628,0.1492580622434616,0.15511396527290344,0.13455824850807102
2023-01-12,0.1343158423045264,0.188794747361,0.15929769297803437,0.15967906202885465,0.15793634797962175,0.12100239516127326,0.14719057883722053,0.1528470814228058,0.1621888279914856,0.15144885519989942
2023-01-13,0.13905115522868552,0.093476953466,0.12326584185746614,0.12371939439309884,0.12277560328375756,0.09967563489334827,0.13703457305058744,0.14785853028297424,0.16010451316833496,0.13063344156136678
2023-01-17,0.13979043208342695,0.0958831837486,0.12346081120520222,0.12390483792632817,0.1231989146014825,0.11372170302201479,0.1397264372020688,0.14416049420833588,0.1556500792503357,0.1319747539165383
2023-01-18,0.13989126981307448,0.108669753157,0.12682643664063767,0.12419296737169408,0.1267747870008344,0.13452135717352381,0.14995897898892033,0.14173664152622223,0.1559087038040161,0.13713141035797835
2023-01-19,0.1400116514144648,0.121310936475,0.13305978619884767,0.133265693984514,0.13289954316375635,0.11740024903556637,0.14642905556698413,0.1412566751241684,0.15827003121376038,0.1375115763267996
2023-01-20,0.13938702172905626,0.107239254129,0.12337405130500255,0.12393383788820356,0.12337913527524534,0.1390635511506378,0.151146883290777,0.13887490332126617,0.159292533993721,0.13700927088926476
2023-01-23,0.13953246876927106,0.124506109115,0.13100103061967686,0.13178151790235665,0.13076711144346753,0.13357605533550912,0.15242538933016897,0.1388324350118637,0.15856365859508514,0.13956388546258972
2023-01-24,0.1390837153270533,0.128236877444,0.13439564652536853,0.1344432784421263,0.1340028303455583,0.11521328474978315,0.1465677274090825,0.13955821096897125,0.15579670667648315,0.1371396693024819
2023-01-25,0.13893470706555078,0.125956648291,0.13477608818424933,0.13553637560387108,0.13431996699661383,0.13162251222017352,0.1465677274090825,0.14018197357654572,0.1551038771867752,0.1397297887396159
2023-01-26,0.1365824943298972,0.152661079543,0.14540636657271638,0.14503799350854865,0.1445465523786462,0.14451683435506676,0.1465677274090825,0.14282925426959991,0.1566258817911148,0.14650437289782506
2023-01-27,0.13560774993333088,0.111401330401,0.13272551739812286,0.1331168055942758,0.13217593319365453,0.1406210828745195,0.1466696565633103,0.1418464481830597,0.1562272310256958,0.14048323926180548
2023-01-30,0.1357841165491443,0.115091540788,0.133248698957882,0.1335039979521746,0.13301140711606033,0.14221672228137708,0.16135977895675338,0.1414269655942917,0.1539572775363922,0.14267497834213302
2023-01-31,0.13588973624118195,0.104260530976,0.1283289226929715,0.12861386008639403,0.1280771048755866,0.13905882502916897,0.14959406421220714,0.14003251492977142,0.15124107897281647,0.1378494815427023
2023-02-01,0.12808325570076365,0.226371016179,0.17346976794580218,0.1743744800030685,0.17162052940651415,0.14486889794374114,0.134686835787854,0.14856702089309692,0.16202399134635925,0.15851593190377658
2023-02-02,0.1251858652265758,0.146945614083,0.14762780361768324,0.1483886098913963,0.14646747666695017,0.12917905398849897,0.134686835787854,0.1490263193845749,0.16053199768066406,0.1451297281453745
2023-02-03,0.12490444138850469,0.167302749123,0.1580340106543799,0.15851206568744916,0.15661974750587945,0.14938716252880707,0.13264286395352343,0.1515451818704605,0.1631654053926468,0.1528437767990209
2023-02-06,0.12547453064322975,0.101501230696,0.13650962631365438,0.13642976821354255,0.13593648252390653,0.15325097307105237,0.1458062041388461,0.14854755997657776,0.16167530417442322,0.145450845487429
2023-02-07,0.12119324029606932,0.208227730554,0.177372795659792,0.17839547071038983,0.17542812441002806,0.14394180359341358,0.14528183647770027,0.1550302356481552,0.15560102462768555,0.1615787558753092
2023-02-08,0.12649797790899583,0.142586508915,0.15070145665049708,0.15017755717995396,0.14952338641906726,0.139880955204772,0.14849371588006377,0.1548454314470291,0.15708762407302856,0.1501014466934874
2023-02-09,0.13954915997556416,0.139864667046,0.14924835444300516,0.14684543252141735,0.14841324797820862,0.1544721252463975,0.15349737169741554,0.15362735092639923,0.1611122190952301,0.1524594431297248
2023-02-10,0.14214044539483617,0.114654154645,0.13784664624266962,0.13852059066589886,0.1374507262349026,0.14737616538349504,0.16070060777567505,0.14999601244926453,0.1619633138179779,0.1476934375099834
2023-02-13,0.1475871224748528,0.087908616273,0.12851009984433687,0.1290228809074785,0.1283428394134004,0.13915300258724125,0.150508143816365,0.14523671567440033,0.15682607889175415,0.13965710873356807
2023-02-14,0.14613864885325578,0.189530959568,0.15931281557008087,0.15852538727074075,0.15770978475856734,0.1423797417126591,0.14658510940696406,0.1492719203233719,0.1558835804462433,0.15280976278408961
2023-02-15,0.1488238667168731,0.116286494015,0.13430614485646752,0.13478611483146974,0.1335024703106193,0.13292914309775414,0.14418087503801608,0.1460815817117691,0.15636202692985535,0.14030690811085017
2023-02-16,0.14945484169113024,0.111361425439,0.13074802964895244,0.13093370778340532,0.1304570126663082,0.12327736993064779,0.15293292467377587,0.1433076560497284,0.15600770711898804,0.13823777255311515
2023-02-17,0.14838286464074213,0.124193162888,0.1353598379570711,0.13567484356390835,0.13483696484515312,0.1322425642286008,0.15293292467377587,0.1425064206123352,0.15717029571533203,0.14153197879945378
2023-02-21,0.15475005869573685,0.0885173588325,0.12431414556199545,0.12212914607757513,0.12496508096144207,0.16002053693229606,0.1587383385980389,0.13935093581676483,0.1549229621887207,0.140634449448119
2023-02-22,0.15643032285616748,0.127881583929,0.1324686184843063,0.1321364921400702,0.1327037714313026,0.15638123130297196,0.16477059628395493,0.13912323117256165,0.15441226959228516,0.1445708872010647
2023-02-23,0.15816820919187016,0.117554529183,0.12933163482771637,0.12916868597669423,0.12938040220825414,0.14111219314457146,0.15652748146169207,0.13830895721912384,0.15507453680038452,0.13984341309120524
2023-02-24,0.15759764068475138,0.122454519603,0.13165653444783335,0.1317305250623248,0.13180032128415947,0.13131710559615042,0.15841704981615506,0.13834483921527863,0.15621760487556458,0.13992628289963807
2023-02-27,0.15729615157821503,0.0984673993604,0.12249480595684689,0.12182512784064983,0.12289578987851438,0.1567623274742259,0.1546321874896211,0.13622432947158813,0.15430641174316406,0.13844871140780146
2023-02-28,0.15699363578050546,0.0826959623667,0.11749028567631203,0.11745780893031227,0.1180669321250422,0.12541483991282015,0.15049522377577604,0.13347762823104858,0.15263697504997253,0.13071995624304053
2023-03-01,0.155558871225978,0.119378459225,0.1284505050025605,0.12881784458032394,0.12871909533714398,0.13960133868051489,0.16066444517553713,0.1340894252061844,0.1541139781475067,0.13920809030425307
2023-03-02,0.15457924225445793,0.107111318736,0.12391648839895339,0.12496473475407978,0.12413773753543393,0.1272631484519246,0.16066444517553713,0.1335344761610031,0.15393051505088806,0.13548736364683142
2023-03-03,0.15424830641172307,0.0892700198578,0.11612565913377867,0.11700681271236127,0.11633483397378837,0.10087098881230741,0.13710788633990317,0.13138076663017273,0.15420067310333252,0.12471823152937775
2023-03-06,0.15479560975863235,0.0786308030744,0.11220090430946947,0.11205386423485761,0.11271801801037973,0.10982431069514711,0.14258782614581214,0.1286400705575943,0.15199467539787292,0.12428852419301904
2023-03-07,0.1518726088277027,0.162825676757,0.1440932110258063,0.1406636504227129,0.14366298823313073,0.13245438563173473,0.16066444517553713,0.13422419130802155,0.15187221765518188,0.1439478699217322
2023-03-08,0.15039503181426572,0.11532564947,0.1291018366242922,0.13010199943034909,0.12908695194519726,0.12559247196437442,0.16066444517553713,0.13444267213344574,0.14970280230045319,0.13695616851052128
2023-03-09,0.1479944001909518,0.145539013641,0.14099899585043696,0.1378231731159793,0.14128928361238352,0.15671730245979199,0.16477059628395493,0.13757312297821045,0.15298449993133545,0.14745099631887038
2023-03-10,0.140635552882962,0.218914567533,0.17245752581233673,0.17349549951673068,0.17179231330117375,0.18023219990606806,0.16807152437439132,0.14964579045772552,0.16849622130393982,0.1691701535246237
2023-03-13,0.12666372296511894,0.304103514316,0.21350912283787837,0.21574988330586845,0.21153110064817238,0.21167203750883642,0.1794525680405602,0.16352643072605133,0.19196003675460815,0.19820016854599645
2023-03-14,0.12207990424551947,0.168743227087,0.17154592173693034,0.17199573335272045,0.17016744740564688,0.1817343682487058,0.149791973468102,0.16505067050457,0.19244593381881714,0.17181886407649896
2023-03-15,0.11661046499014573,0.202155948183,0.18741300204020145,0.18857818804926404,0.18572909564264495,0.19543477362690087,0.1345891571359864,0.1696195751428604,0.19002193212509155,0.1787693891089928
2023-03-16,0.11187737512235438,0.164278574282,0.17647757253450552,0.17719906758437157,0.17431964787279008,0.17952969344185665,0.12282534301674086,0.17071901261806488,0.18152284622192383,0.16894188332717905
2023-03-17,0.10685316349437858,0.173652986223,0.17640814667468802,0.1756077471105025,0.17517564176646197,0.18888129070465276,0.1545739135160822,0.17141447961330414,0.1784062683582306,0.17435249824913174
2023-03-20,0.10387444083637515,0.127881591652,0.15009949328012456,0.1505804774566469,0.14966853975121,0.15778829316836782,0.15640842004952255,0.1666647493839264,0.16029807925224304,0.15592972176314876
2023-03-21,0.10321204566173273,0.0933764574384,0.13431046736077337,0.13428414076557657,0.13395061794871105,0.14469422469163304,0.1351830693004376,0.16008944809436798,0.15078118443489075,0.14189902179948435
2023-03-22,0.09363974824795718,0.219926241974,0.17448979494039485,0.17230300563611411,0.1728321351558817,0.15183027583691625,0.15762873653515183,0.16368691623210907,0.14445927739143372,0.16246144881828592
2023-03-23,0.0874345822788512,0.165329578726,0.15713585829547744,0.1563730530569923,0.15613563247462026,0.13003361698404542,0.14435944280830287,0.16279242932796478,0.1275048851966858,0.14776213116344125
2023-03-24,0.08239104010516435,0.159061414627,0.15402799351320579,0.15511893994111603,0.152875659598352,0.13391687460649365,0.1450782402334778,0.16167274117469788,0.12390127778053284,0.146655960978268
2023-03-27,0.0811893758527161,0.105884948555,0.13600938893432132,0.13538238787562967,0.13538880669057662,0.1489646662625455,0.13926426841407,0.15723776817321777,0.12641999125480652,0.13980961108645248
2023-03-28,0.08059521084637226,0.0877618979229,0.13015548606330413,0.1290629361621825,0.12967783782223233,0.1357878500389976,0.13859134642179766,0.15319843590259552,0.12368917465209961,0.13430900958045847
2023-03-29,0.08288515204598951,0.0695844239131,0.11442087712523688,0.11476758941293494,0.11446993965871974,0.11257432758447425,0.1349509738409635,0.14723564684391022,0.11814374476671219,0.12236615703327883
2023-03-30,0.08303687810633056,0.0695269163622,0.10796176213244175,0.10789877499400372,0.10829297396169223,0.10755276151915966,0.14609513036235927,0.14193010330200195,0.11568301171064377,0.11934493114032892
2023-03-31,0.08445113157594988,0.071362516053,0.10282421317188878,0.10339691487181729,0.10343017865969308,0.10353448185541769,0.12955738341170903,0.13718940317630768,0.11229746788740158,0.11317572043346215
2023-04-03,0.08623723780090362,0.0763078779603,0.1025164959689736,0.10311358494065319,0.10308603412223122,0.09556330352479582,0.12350425204096094,0.13391901552677155,0.10883310437202454,0.11007654149948727
2023-04-04,0.08877615292198238,0.0986648841028,0.11018125749669785,0.10968493427609743,0.11051790393302809,0.0937912848185339,0.11626047282335354,0.13323532044887543,0.10779441893100739,0.11163794181822766
2023-04-05,0.08826814822955786,0.0876811254178,0.10793839436289704,0.10809120897153995,0.10837263344407926,0.08964593587668221,0.10946592751429114,0.1322730928659439,0.10752776265144348,0.10904499366955386
2023-04-06,0.08845309112819742,0.0626171490381,0.10017119805014289,0.10076578027058092,0.10085226746095867,0.09573828816178669,0.1139475267806244,0.1300431340932846,0.10604038834571838,0.10679408330901378
2023-04-10,0.08793568246782191,0.0783506174469,0.10574446494981406,0.10645208620593485,0.1063094651186974,0.12477251660090971,0.12874161524040248,0.1295158863067627,0.11188925802707672,0.11620361320708542
2023-04-11,0.09158041134059838,0.057618825582,0.09895274081895783,0.0988705019132901,0.09998422508823379,0.11362607576591766,0.12979443917749092,0.11796450614929199,0.14408504962921143,0.11475393407748481
2023-04-12,0.09031663984942088,0.118537281113,0.11971950787724725,0.11772827607948898,0.11990540569782607,0.12525983950858396,0.13303450328103655,0.12126144766807556,0.14967036247253418,0.1266541917978275
2023-04-13,0.0914220065422653,0.0673065160077,0.10363894285087928,0.1041852375505553,0.10434535659660436,0.1127029166158855,0.11331132686481572,0.11896905303001404,0.14632955193519592,0.11478319792056431
2023-04-14,0.08917241385953618,0.115980495786,0.12263150637006406,0.1215072197584382,0.12236292808201746,0.11769944552617756,0.10869472797614373,0.12188802659511566,0.14538446068763733,0.12288118785651343
2023-04-17,0.09007948903117512,0.0653982176222,0.10674681264780722,0.10697978787878576,0.10717573476893497,0.10750383058635943,0.10118433917138751,0.11960913240909576,0.14151036739349365,0.11295857212226633
2023-04-18,0.08997304736078243,0.0841275269962,0.11476376855371521,0.11401699276392,0.11482776415815418,0.11275303699301076,0.09586884755514029,0.11978468298912048,0.14102450013160706,0.11614851330638112
2023-04-19,0.09213423574494771,0.0563206942425,0.10251330233174863,0.10290333803973314,0.10320846606404281,0.10494568333156001,0.09346843680896437,0.116590216755867,0.14137130975723267,0.10928582186987837
2023-04-20,0.09305509518349009,0.0764102606105,0.10962779991644403,0.10995580294438487,0.11021646292552326,0.11587898295638152,0.11463626780347541,0.11601060628890991,0.14455218613147736,0.11726830128094234
2023-04-21,0.0929225341345661,0.0937909890999,0.11351799632942458,0.11354981848089755,0.11384730295566495,0.11430864148224353,0.10228514329200314,0.11658699810504913,0.14068681001663208,0.11639753009455926
2023-04-24,0.09475435707847107,0.0611420301826,0.10390125317826891,0.10385719935226576,0.10477264897778858,0.10893614631388468,0.10228514329200314,0.11423061788082123,0.13585889339447021,0.11054884319850035
2023-04-25,0.09512604916063319,0.0855193379369,0.11196833456544823,0.11006714240106753,0.11329212704673584,0.11951823933179168,0.11765149419689866,0.11439038813114166,0.13552670180797577,0.11748777535443707
2023-04-26,0.09602714834432605,0.0841645936667,0.11381443433557663,0.11303745075427293,0.11499193824906295,0.11610780508853774,0.12206489233818887,0.114656001329422,0.13796520233154297,0.11894824634665772
2023-04-27,0.09623694551236338,0.0753889195268,0.1111759775824687,0.11157021707919841,0.1118540776803805,0.11051326068003967,0.10316436985198273,0.11419437825679779,0.13903968036174774,0.11450170878465936
2023-04-28,0.09539238675728164,0.112710074243,0.12391627538257594,0.12463551055918409,0.1237491396042446,0.10745460883783073,0.11111157767599743,0.11698459088802338,0.14341291785240173,0.12160923154289398
2023-05-01,0.09559577953865117,0.073230189908,0.11246103220558681,0.11220294540512563,0.11283748403705349,0.10552171335318514,0.09434766336894396,0.11618354916572571,0.1433875560760498,0.1138488490873815
2023-05-02,0.09487618251075873,0.100333888455,0.12172176030817135,0.1203609188503071,0.1220831790199616,0.11867370121149651,0.1167349302155687,0.11796396970748901,0.1495664268732071,0.12387212659802878
2023-05-03,0.09376389463647934,0.110567223802,0.12648780965751522,0.1244305027432247,0.1268198543599646,0.11884203374022503,0.12661222145921822,0.12043729424476624,0.16340258717536926,0.12957604334004047
2023-05-04,0.09155771135594425,0.138079637822,0.13896125702275164,0.13912659072615077,0.13902430561371698,0.1336635005354646,0.13231579114386527,0.1252957582473755,0.16156531870365143,0.1385646459989966
2023-05-05,0.09136297016880963,0.076152831226,0.1173755357245494,0.11788716524037599,0.11759136381285551,0.10984504678422405,0.10932077618722821,0.12325657904148102,0.15898530185222626,0.12203739552042006
2023-05-08,0.09176783803386676,0.0678767814283,0.11454440346601502,0.11428801740540578,0.11489946402627674,0.10719447420847553,0.10316436985198273,0.12114757299423218,0.15172839164733887,0.11813809908567527
2023-05-09,0.09153051733265796,0.0649788626727,0.11123785294657894,0.11131500584061464,0.11196906317916772,0.11117188162866615,0.10228514329200314,0.11883220076560974,0.14638780057430267,0.11617127831813472
2023-05-10,0.08874737570268318,0.130613806147,0.13193520954098392,0.13155537889623764,0.1313321369119621,0.12341465318318545,0.110291407593621,0.12067430466413498,0.1110636442899704,0.12289524786858506
2023-05-11,0.08700302551271652,0.0960400153765,0.11821845978919658,0.1184054651058882,0.11831813216630846,0.11454984201957771,0.09904038830473609,0.12027103453874588,0.11418288201093674,0.1147123148479128
2023-05-12,0.08600065558520353,0.0935350836537,0.11871930774453852,0.11855403110232679,0.11875112335337484,0.1177708061851205,0.10514210992268516,0.12003617733716965,0.1154884472489357,0.11635171469916446
2023-05-15,0.09024044694967773,0.0701422396459,0.11159444635975607,0.11167403239258522,0.11193296444313691,0.11347741506333076,0.09623081806907535,0.11880583316087723,0.11288989335298538,0.1109436289773924
2023-05-16,0.09046551165265358,0.0877007458941,0.11869467499141362,0.11872591159523344,0.11897552305534526,0.11332820162196666,0.10561319837146155,0.11897984892129898,0.11704041063785553,0.11590825274208215
2023-05-17,0.09099246696700558,0.0817005131632,0.11349869863791087,0.11397024184478789,0.11380140552077764,0.11316421227316109,0.10609987687581705,0.1182304248213768,0.11600816994905472,0.113539004274698
2023-05-18,0.08937837749086744,0.106943684448,0.12194859982924586,0.12266387611774937,0.12155744350652967,0.1159683608150793,0.10849111795426254,0.11907698959112167,0.1118248850107193,0.11736161040352967
2023-05-19,0.08859617777661292,0.0970552839154,0.11891410848618778,0.11864341803908529,0.11879364517059333,0.10910310093612852,0.10189217172099423,0.11937863379716873,0.10712210834026337,0.11340674092720303
2023-05-22,0.08830104798220914,0.0909891666866,0.11834652804618497,0.11862156269580232,0.11831533465913727,0.11828420710930851,0.10057654665212641,0.1196020171046257,0.11202596873044968,0.11511030928537642
2023-05-23,0.08649591132367818,0.10468025314,0.12367282962172738,0.12251799728410182,0.12375099332733142,0.1276970889783924,0.12102235464214992,0.12065931409597397,0.11126549541950226,0.12151229619559702
2023-05-24,0.08560226976975085,0.0937852604402,0.12093511842905201,0.12119361565238547,0.12155119127113542,0.1269825869844397,0.12642136498414538,0.12097731977701187,0.1130821704864502,0.12159190965494572
2023-05-25,0.08359860325778178,0.103445089888,0.12361343939110664,0.1238452898917854,0.12366269680932378,0.125191591554926,0.124683247496575,0.12172872573137283,0.11165149509906769,0.12205378371059392
2023-05-26,0.08424499689262502,0.0808118487473,0.11552341263212153,0.11580733779888122,0.11565320069107579,0.11917865029286193,0.10848991926402911,0.12094589322805405,0.10297319293022156,0.11408165811960645
2023-05-30,0.08305285973061735,0.0964617748109,0.12064258626002228,0.120290109645599,0.12041211165367602,0.11739070894586562,0.11214623931244457,0.12130583077669144,0.0994301289319992,0.11594538793232831
2023-05-31,0.08280823805618376,0.0786029173462,0.11353078191258006,0.11342365223457904,0.11374279341323547,0.11544585874599216,0.11928180345922,0.12027081102132797,0.09718421846628189,0.11326855989331665
2023-06-01,0.08104348146380953,0.0847854053416,0.11479484110871548,0.11534940389806683,0.11452488442822234,0.11732700206976207,0.09186613926932664,0.11978817731142044,0.09274028241634369,0.10948439007169393
2023-06-02,0.07940879990229849,0.0884242472436,0.11498344224807662,0.11545237515140984,0.11453520931346174,0.11205796102730925,0.06933659605240156,0.11938431113958359,0.1014207974076271,0.10673867033426711
2023-06-05,0.07748502302450248,0.102372185574,0.12078745072359222,0.1201085442428684,0.12009182379157152,0.11249883394531074,0.08869189333963493,0.12002559751272202,0.10247951745986938,0.11209766585936702
2023-06-06,0.0775122961902799,0.071071708152,0.10970953617475054,0.11017557058854563,0.10952534967443807,0.10480516763941211,0.07363225305737955,0.11852797120809555,0.094652459025383,0.10300404390971493
2023-06-07,0.07703806618408902,0.0785129086411,0.11200194359474674,0.1118168471160959,0.111672086621859,0.1102274818669893,0.08154884726494753,0.11785321682691574,0.09479112178087234,0.10570164929606093
2023-06-08,0.07811131113065048,0.0575216673566,0.10372278451191921,0.10409354851956173,0.10379128061828416,0.10165243662232315,0.07623813147610753,0.11602293699979782,0.09050247073173523,0.09943194135424697
2023-06-09,0.07748920814382401,0.0807678727331,0.10988273241377972,0.10978853140564002,0.10958820251369741,0.08893471527853669,0.08343399481722864,0.11105453222990036,0.08343565464019775,0.09944548047128295
2023-06-12,0.07745522201344775,0.0527798199393,0.09827410055700932,0.09873773179542912,0.09890696708415048,0.09485252729928373,0.08873080063958899,0.10904253274202347,0.081356942653656,0.09570022896730587
2023-06-13,0.07716373781717471,0.0714641479428,0.1042051203261241,0.10464236343287184,0.10451304486219747,0.09873738491260044,0.08426315243547973,0.10846250504255295,0.07210887968540192,0.09670463581388977
2023-06-14,0.07125853911373037,0.143567647397,0.1306437986294794,0.13108786609247758,0.12940114983735063,0.10094557386723134,0.0906052685625168,0.1120532974600792,0.07514162361621857,0.10998265400933623
2023-06-15,0.06961711140210458,0.0924418845613,0.1170395847147854,0.11776214363144942,0.11650790437732418,0.09528548068572903,0.08573810366002953,0.1126314178109169,0.06636753678321838,0.10161888166620756
2023-06-16,0.06812493933152117,0.0931826111492,0.11807293911867607,0.11753871300058275,0.11738585780862418,0.09080888455609142,0.0785296023910516,0.11328069120645523,0.06925143301486969,0.10069544587090729
2023-06-20,0.06801424665143208,0.0729597376956,0.11320249777543334,0.11291800686525227,0.11289769067498187,0.09122335527447813,0.0878816521070615,0.11300624161958694,0.07010415196418762,0.10017622804014024
2023-06-21,0.0678701367816497,0.0805995258307,0.1163066660118402,0.11619846688583163,0.11572537382049375,0.08745524357439632,0.08405751964831863,0.11323840171098709,0.0674731582403183,0.1000649756988837
2023-06-22,0.0670005080202131,0.0847506222696,0.113717206093324,0.11436396068967196,0.11326633026291824,0.09341038602788385,0.07761794954127327,0.11289159208536148,0.06905393302440643,0.09918876538926276
2023-06-23,0.06628402523656209,0.0658162215385,0.10619422226504353,0.10647841826104128,0.10625819198548328,0.0885518164508179,0.08508219940916675,0.1114879921078682,0.07280652970075607,0.09669419574002527
2023-06-26,0.06834195353323755,0.0746056249237,0.10781868375105859,0.1075596132748119,0.10794425821394578,0.10003469686902373,0.09330805681968558,0.11064403504133224,0.07559560984373093,0.10041499340194125
2023-06-27,0.07041761802253184,0.0598449833925,0.10253432271436691,0.10301611174503725,0.10288318344165412,0.09850165939780084,0.07107319398324514,0.10922182351350784,0.06667831540107727,0.09341551574238419
2023-06-28,0.06992298687759269,0.0938557863345,0.1139996812876346,0.11455644209063727,0.1137016054102493,0.09524864732200708,0.10034704648214,0.10986370593309402,0.07138068974018097,0.1027282597522776
2023-06-29,0.06988397891996706,0.0715303583633,0.10624654232100761,0.10665490059547439,0.10637121829169606,0.09163093624624344,0.09326144414288004,0.1090666726231575,0.07378846406936646,0.09814573975568937
2023-06-30,0.06919858022220976,0.0729820594845,0.10728883173560583,0.10748657957696883,0.1073000800641763,0.08544582167208045,0.09393094998827838,0.1086960956454277,0.07166889309883118,0.09740246454019552
2023-07-03,0.07094787341298653,0.0334101558341,0.09249700613000446,0.09276176166512191,0.0934496081783953,0.08106882008527168,0.08139579844507397,0.10617859661579132,0.0751202329993248,0.08892454630271192
2023-07-05,0.0725282078573676,0.0480706916708,0.0964267267466169,0.09671483981481377,0.0973604455431865,0.08024699139770497,0.07527104201420873,0.1049492135643959,0.07317397743463516,0.08916331950222313
2023-07-06,0.0753087087574068,0.0643557417333,0.09961273548004829,0.09983147688265848,0.10064830326849344,0.09231742597647309,0.08882312996294904,0.10443221777677536,0.07314103841781616,0.09411518968074484
2023-07-07,0.07557857379464315,0.0716935165748,0.1020441432125193,0.10222188469343338,0.10288786169162349,0.10084181971090132,0.08841922720382941,0.10434725135564804,0.084927037358284,0.09795560360374843
2023-07-10,0.0763121944198273,0.0680083525596,0.10058503271651943,0.10090012300898236,0.10157627645313189,0.1024837915443002,0.09019758628287304,0.10409759730100632,0.08708412945270538,0.09813207667993125
2023-07-11,0.07675935473315237,0.082495582936,0.1083355520651057,0.10881209246336482,0.10882643049101955,0.09627040678047014,0.08102325165734009,0.10510330647230148,0.0908794030547142,0.09989292042633087
2023-07-12,0.08010004096955955,0.0670123776789,0.10399653420994802,0.10394933320631393,0.10436804952856757,0.08390895835850515,0.08016633018592494,0.09502574056386948,0.09187918901443481,0.09475630500965197
2023-07-13,0.08185301166226884,0.0517216028284,0.09854513538443557,0.09891800978658599,0.09925863244529354,0.07799823623212697,0.08936358530034282,0.09418683499097824,0.08944831043481827,0.0925312492249402
2023-07-14,0.08205429332178495,0.0645033006384,0.10197317329794157,0.10174307777955456,0.10246398433765717,0.08553080989576953,0.08415783348326086,0.09425780922174454,0.08889366686344147,0.0941457649827671
2023-07-17,0.08377215171951452,0.0469674950982,0.09524188392748628,0.09566313231655098,0.09621670475343763,0.06988612537736465,0.08108842419364364,0.09307824820280075,0.0883779376745224,0.08850749377797233
2023-07-18,0.08574470776109602,0.0607414264863,0.09844528073196679,0.09897812939239252,0.09935594874760831,0.07492063667143077,0.07584771106274177,0.09267116338014603,0.08646920323371887,0.08952686760285787
2023-07-19,0.08709966967943426,0.0660815205525,0.10016229050146515,0.10036039907891581,0.10108554627944114,0.09044228522529332,0.08188867659249746,0.09259878098964691,0.08851437270641327,0.09357890733909614
2023-07-20,0.08814920602820969,0.0707577662593,0.10299079592284122,0.10285776208011324,0.10376951975287986,0.09831879613896435,0.0813087362408464,0.09297139197587967,0.09442122280597687,0.09666260355964308
2023-07-21,0.08849788593851132,0.0780067668046,0.10611862141439099,0.10582630795787397,0.10663584972340373,0.06950023629300496,0.07945296784438963,0.09376054257154465,0.08826664090156555,0.09279445238659621
2023-07-24,0.08962788108815782,0.0686995833133,0.10474175181001537,0.10481710064862643,0.10532435477527372,0.07653992633531498,0.08168605300264288,0.09403061866760254,0.08252416551113129,0.09280913867865816
2023-07-25,0.09016313213537558,0.0482323281222,0.09772831785700042,0.0977772713173835,0.09876414692853124,0.08472384108838671,0.08066610594544542,0.09292183071374893,0.07815434038639069,0.090105122033841
2023-07-26,0.09009710377021672,0.106696120384,0.11838504100468399,0.11894788551719959,0.11810257160183761,0.08954752432542293,0.09079793277269267,0.0958305224776268,0.07285308837890625,0.10063779515405283
2023-07-27,0.09421655018554649,0.0981315782866,0.11745031038468247,0.11540497623594725,0.11736463198531145,0.09244216746993127,0.07945296784438963,0.09762846678495407,0.07318206131458282,0.09898936885997127
2023-07-28,0.09397668340862216,0.0857388774869,0.11400332496117535,0.11459104227757301,0.11386541430943842,0.0830886797436941,0.0848865250814391,0.09830597043037415,0.07640587538480759,0.09787811888407168
2023-07-31,0.09453288634795617,0.0707252917946,0.10959095749393637,0.11006192260621331,0.10976181875210389,0.08594933938721,0.07959678411691697,0.09795588999986649,0.07734611630439758,0.09575183266580636
2023-08-01,0.09576157336564599,0.0576585978267,0.10623416710524244,0.10597707053642985,0.1066519467914218,0.0783387165581151,0.09344080983671618,0.09710044413805008,0.07776518166065216,0.09507261951808965
2023-08-02,0.09542834984551918,0.0791488502192,0.11102701349274297,0.11053246219357227,0.11165260709587746,0.08446284911414326,0.09066265600611818,0.09733840823173523,0.08377833664417267,0.09849347611119459
2023-08-03,0.09537841823851767,0.0840971786353,0.11138577914753063,0.1117727971252307,0.1120118794603385,0.09790132539016247,0.0965738139017326,0.09764473885297775,0.09231710433959961,0.10280106260251032
2023-08-04,0.09312971472392687,0.113021837571,0.12187746295889275,0.12025587836020551,0.12197039322013738,0.11202603056372122,0.10747891786202544,0.09982268512248993,0.10686415433883667,0.11289936034661555
2023-08-07,0.09354951097495058,0.0774277958066,0.11122634709058238,0.11161099477064547,0.11157669187785618,0.0921270047819828,0.09846185524845741,0.09946037083864212,0.09719270467758179,0.10309370989796403
2023-08-08,0.09362687102086024,0.08345759537,0.11476722983859296,0.11476980536098932,0.11499709523979165,0.10031898588519772,0.09493702485578288,0.09991861134767532,0.08626125752925873,0.10371000143675553
2023-08-09,0.09283779926251806,0.0907905235332,0.11771363236466749,0.11666694420558316,0.11787547907174906,0.11091969763267553,0.09619167560350803,0.10072880983352661,0.09292960166931152,0.10757512005443162
2023-08-10,0.08988785823727696,0.124479063589,0.12986157209410934,0.12938439589483472,0.12918457564130614,0.10893424925301805,0.10744122898476922,0.1042107343673706,0.08017860352993011,0.11274219425219116
2023-08-11,0.08890099876696775,0.0929354735888,0.1186109277944028,0.11916684229734309,0.11835382753574307,0.10564996146865727,0.1174422449207187,0.10440634936094284,0.0903153270483017,0.11056364006087278
2023-08-14,0.08937448342294796,0.069667051141,0.11079223114387175,0.11120471714020067,0.11085563756660739,0.08411362569764941,0.09838778844232585,0.103778176009655,0.08630762994289398,0.10077711513474343
2023-08-15,0.08810349075868901,0.0904883361024,0.11760341820237795,0.11652649393893363,0.11767736635638207,0.09951411732277989,0.0966273847214339,0.10418161004781723,0.08806519210338593,0.1057422260990158
2023-08-16,0.08656917489637983,0.103496533774,0.12223542074289662,0.12209625624633041,0.12225323086563102,0.11218133349285984,0.11467255560432683,0.1050834208726883,0.0983613133430481,0.11384050445254015
2023-08-17,0.0849077712083152,0.0963582684174,0.11796689755280405,0.11776861543623625,0.11845790869902974,0.10957678491250983,0.09249690086545664,0.10527642071247101,0.10104039311408997,0.1089405601846568
2023-08-18,0.0837663627383522,0.0941763922323,0.1172462879592347,0.11772079569185924,0.11753224065882534,0.103420007121419,0.09450576734321718,0.10539688169956207,0.09179069101810455,0.10680181021317457
2023-08-21,0.084720584641368,0.085898281724,0.11570364766203582,0.11608362687814036,0.11592928079193948,0.12002541906292215,0.1129160497092585,0.10541129112243652,0.09132231771945953,0.11105594756374175
2023-08-22,0.08435523277512308,0.0945861462136,0.11859799502351515,0.11801331969164547,0.11866034227756928,0.10725696004075456,0.10147975911701046,0.10578551888465881,0.08753040432929993,0.10818918562349338
2023-08-23,0.08619678028959783,0.0659337346611,0.10719743104260965,0.10762683916561605,0.10760007669690075,0.099655254685903,0.10589644761216707,0.10472092032432556,0.08193276077508926,0.10208996147180162
2023-08-24,0.08658816374536418,0.10551831141,0.11982753052474657,0.11819407817159172,0.11987697929423975,0.10900275582068854,0.11416549858561198,0.10551126301288605,0.08074816316366196,0.10961803836763237
2023-08-25,0.08198517424810416,0.159920234179,0.14088021056746614,0.1419968091734699,0.13932200292806599,0.11616399114547625,0.1057540229576407,0.10860246419906616,0.08180326968431473,0.11921753866507141
2023-08-28,0.0848083688930096,0.0800199207742,0.1157927588311326,0.11577765630490339,0.11545081321276991,0.0984795280725065,0.09543231662418199,0.10792765021324158,0.0715026780962944,0.1029090573364329
2023-08-29,0.08789440226237391,0.0848758388002,0.11664850355823041,0.11697871459734567,0.11606254595558937,0.10104587844736365,0.09235392406954099,0.10760830342769623,0.06321489810943604,0.10198753830931463
2023-08-30,0.09031507310048528,0.0907445473806,0.12004774181126467,0.12036188443501356,0.11907860459809955,0.09887526023566384,0.07121994148735597,0.10781396925449371,0.06016477197408676,0.09965173911371115
2023-08-31,0.09402458394050144,0.0701901127459,0.11123899709318222,0.11069354321649852,0.11072981626159589,0.09266308947125433,0.09497034604735292,0.10695677995681763,0.05771231651306152,0.097852126937109
2023-09-01,0.09617594755827676,0.0828991097341,0.10997660116243632,0.10873561045199942,0.10952771445603361,0.08798998476498175,0.09390972890657295,0.10612726211547852,0.06262233108282089,0.09698417613433194
2023-09-05,0.09976438294304435,0.0622258695746,0.10246792089373849,0.10234121062872752,0.10264754066781058,0.10004803437497564,0.10109807938740319,0.10464777052402496,0.06914551556110382,0.09748515314825489
2023-09-06,0.10112501012998515,0.0874115300427,0.11056409407196809,0.1099976631003818,0.11045439115388378,0.09646163298825194,0.1024728666906647,0.10445627570152283,0.07365647703409195,0.10115191439153788
2023-09-07,0.10352320885776291,0.0852598948424,0.10949208408245828,0.11020067656119706,0.10949936467848037,0.10743274117626199,0.09802740808118349,0.10421477258205414,0.08079664409160614,0.10280909875046307
2023-09-08,0.10463817791037457,0.071785131143,0.10547451754309221,0.10571299387351583,0.10555012364911942,0.0932551114342841,0.10305129599957953,0.10356266796588898,0.08360596746206284,0.10003038256107756
2023-09-11,0.105523038372255,0.0646174054731,0.10175226632509149,0.10172370571795517,0.10198508021787078,0.10561559695062825,0.08738053952392308,0.09069600701332092,0.08730220794677734,0.09663648624222387
2023-09-12,0.10607404840275494,0.0702265849949,0.10426896610368402,0.10432057129915566,0.1045170721536896,0.0841516831379125,0.08815645575848527,0.09009796380996704,0.09026829898357391,0.09511157303520971
2023-09-13,0.10689042673187342,0.0814010001605,0.1073790923084467,0.10742024224043442,0.10732385001289707,0.08257668228649084,0.08860338656598352,0.09118244051933289,0.0878477543592453,0.09604763547040439
2023-09-14,0.10980861812381758,0.0587460781864,0.09861902908695289,0.09911316665618011,0.09884646796831655,0.07883541998454957,0.08690733208983865,0.0882851630449295,0.08214948326349258,0.09039372315632284
2023-09-15,0.11061962954348564,0.0712984475927,0.10256200968145344,0.10135365186906863,0.10282777087553233,0.08685124656080098,0.08585616202054343,0.08810947835445404,0.08520816266536713,0.09325264028960285
2023-09-18,0.11237375502587958,0.0574645529713,0.09799486597204755,0.09812681883597332,0.09864701247793659,0.09642304262468411,0.08615007726445817,0.08596149832010269,0.0882076844573021,0.09307299999321493
2023-09-19,0.11528833452885509,0.0694704618219,0.10178423846989232,0.10195739208053453,0.10231061412703064,0.09725741470878017,0.0878406831417086,0.08619821071624756,0.09109730273485184,0.09549226513986367
2023-09-20,0.12023820076789074,0.103705194903,0.11385665337922797,0.1100474751004488,0.11395605554299129,0.10167630804240942,0.0985327998851441,0.09164570271968842,0.08395563066005707,0.10195294647570959
2023-09-21,0.12236049283647563,0.08746041151,0.11074747282183026,0.11091279098352694,0.11147741655432583,0.09968167338538278,0.10387355453104864,0.09371643513441086,0.0836581289768219,0.10200963891247818
2023-09-22,0.12412363937583687,0.104608459109,0.11826202413661457,0.11855732661441047,0.1185511747629128,0.11005136093072215,0.10494786673013089,0.09815961867570877,0.08673148602247238,0.10789440826756744
2023-09-25,0.12384591292421725,0.112045716479,0.12403949860316701,0.1249068192514401,0.12390572326788428,0.12026370333783891,0.1061783289895958,0.10332825779914856,0.08971016108989716,0.11319035604842455
2023-09-26,0.12449358505451115,0.096331271711,0.12101729691457469,0.1203841037753002,0.12157643484899455,0.12451490725383996,0.11399783832680652,0.10496148467063904,0.09430239349603653,0.11439349418374165
2023-09-27,0.12574733655786433,0.127639692551,0.13247665489732546,0.13279174497723634,0.13228566435467592,0.11577488888174695,0.11086240387700214,0.11072245240211487,0.09329383075237274,0.11831537716321064
2023-09-28,0.12532100665257204,0.13563260973,0.13795294931459212,0.1386074360651796,0.13710826996662465,0.11404917050118699,0.1111538656476031,0.11665728688240051,0.0902286171913147,0.12082251365270025
2023-09-29,0.12419146086289347,0.131505471221,0.13827912729818767,0.13768273639836826,0.13742770754680333,0.12318068537623358,0.1131843653611079,0.12044700980186462,0.0939534455537796,0.12345072533376357
2023-10-02,0.12260838406269613,0.1388764235,0.14215855663815874,0.14281954878944886,0.14113312270022307,0.11899492068329377,0.10160755504276374,0.12439250946044922,0.09507332742214203,0.12373993439092563
2023-10-03,0.12252661174799538,0.124359410457,0.13930686492087613,0.13719176449753967,0.1389439494837712,0.12234075553388493,0.11049039956017453,0.12531383335590363,0.09713240712881088,0.12438856778299444
2023-10-04,0.11986896715579892,0.136519457826,0.14343795719519686,0.14379384396567368,0.14241126472986132,0.11933073273179257,0.11056849822427066,0.1276724636554718,0.0967298150062561,0.12627779650121757
2023-10-05,0.11853826426220691,0.115675505401,0.13539702184526073,0.13541182509285987,0.1346842339763846,0.1119106899906766,0.09545190158279981,0.12550994753837585,0.09311676025390625,0.1187831971828948
2023-10-06,0.11582224656447827,0.132573672859,0.14050819383615698,0.14138527966104136,0.13924314592541398,0.11620174781216752,0.09116965499949561,0.1264018416404724,0.09018843621015549,0.12072832858355761
2023-10-09,0.11462856319650701,0.100135251741,0.12777825599524975,0.12808444042726813,0.12721922898192745,0.12030563651508784,0.08329897839976559,0.12126518785953522,0.08703914284706116,0.11357012443227074
2023-10-10,0.11421155860907074,0.0898923770916,0.12170704579473535,0.12120078537743441,0.12121374905000758,0.11295776751193942,0.08907849354128561,0.1049610897898674,0.07663083076477051,0.1068213945471486
2023-10-11,0.11545147944292788,0.0859081352493,0.1169816681976765,0.11679304389916584,0.11657473765046437,0.10003449854669533,0.08743016430863212,0.09959066659212112,0.0774945616722107,0.10212847726670941
2023-10-12,0.11465064267635659,0.101376397928,0.12068004613566316,0.12054866939338256,0.12016333740690656,0.09636517921945482,0.09740303816844725,0.09892380982637405,0.08036655932664871,0.10492151992526814
2023-10-13,0.11189905972364737,0.129347813033,0.1289242174629912,0.12885378482414228,0.1284532747134891,0.12120435309732082,0.10655073781589927,0.10346468538045883,0.09569250047206879,0.1161633648237672
2023-10-16,0.11113555201769235,0.0940086962824,0.11741748316487643,0.11768954132885744,0.1170826310473725,0.11093375226243413,0.09549097701925184,0.1005985364317894,0.09140606224536896,0.10723128335713582
2023-10-17,0.10968167017964123,0.107314960709,0.12255742212289075,0.12319543439160616,0.12200689949068719,0.11371224016637657,0.11714732597970733,0.10150399804115295,0.0925489217042923,0.11323889169953047
2023-10-18,0.1067751435661259,0.13696886333,0.1348374589480417,0.13461794619313966,0.13403320548783337,0.11657809468908874,0.1360577710929461,0.10832391679286957,0.09565419703722,0.12287179860587703
2023-10-19,0.09923738121295624,0.187715447432,0.1558576169210199,0.15513594627273272,0.15411607048548442,0.13359801880681452,0.14512385287532495,0.12318532168865204,0.10791602730751038,0.13927612205107698
2023-10-20,0.09558402418625196,0.135873082435,0.14010254758704271,0.13983605377906538,0.1393245652970209,0.117949679721848,0.13959352596373445,0.12354008853435516,0.10440999269485474,0.12925092193970306
2023-10-23,0.09120674451697966,0.141666051883,0.1448702685151293,0.14564803007930516,0.14361980606909003,0.12303963533902486,0.13495983016856936,0.12522968649864197,0.09467914700508118,0.13029234338212028
2023-10-24,0.09041267824861732,0.105394595687,0.1335032687293294,0.1336499749767813,0.13241105307076242,0.10974619819242273,0.1359203399862503,0.11951501667499542,0.08544355630874634,0.12145562970561255
2023-10-25,0.08730548437964776,0.112505146171,0.1340596866557031,0.13364156972841093,0.13344724871844574,0.11978150467903846,0.14652927290425824,0.11620205640792847,0.08534020185470581,0.12414307727835582
2023-10-26,0.08142899362835697,0.151262783525,0.1433822568244582,0.142643992524376,0.14249233574506176,0.12343486352204187,0.14467467808677917,0.11983613669872284,0.09014081954956055,0.1295150118501429
2023-10-27,0.07792801471679489,0.127076386554,0.13530204645141847,0.13493993141328253,0.13492350985788026,0.1295013304643576,0.14973028490597026,0.11787036061286926,0.09438914060592651,0.12809380061595785
2023-10-30,0.07578196186964416,0.106654292276,0.12674624741291302,0.12721571886711602,0.12643250155002853,0.11205590797742532,0.13886132439077764,0.11227944493293762,0.08836027979850769,0.11885020356138655
2023-10-31,0.07555057528888975,0.105270583353,0.12642030817850936,0.12712599280496634,0.12566429351316333,0.10658094846117369,0.12338735552766388,0.10868245363235474,0.07980597764253616,0.1139524756800525
2023-11-01,0.07296323113987072,0.122655259132,0.1325557294366982,0.1334251519904553,0.13109309388958332,0.11153956017789957,0.1129501746280017,0.10984955728054047,0.06992477178573608,0.11447686274127353
2023-11-02,0.07241530713525283,0.0714796130145,0.11156673811224578,0.11197112408628795,0.11095781644836811,0.09052560965042926,0.09380651762431874,0.10051710158586502,0.06083298847079277,0.09716827085404393
2023-11-03,0.07321932781725192,0.0819670025262,0.11201434909930709,0.11259059590665679,0.11130244204963376,0.09164782773350458,0.08306926116295835,0.09564964473247528,0.0651373490691185,0.09591592425052205
2023-11-06,0.07377009823146367,0.0648745369093,0.10412734475325759,0.10448830022074293,0.10389977310579049,0.095366101048777,0.08306926116295835,0.08941638469696045,0.06717764586210251,0.09250640155008419
2023-11-07,0.0737440853568759,0.0651941513298,0.1018181101668938,0.10220920040327182,0.1018059237949729,0.0809078970887066,0.08205361975882931,0.08518771082162857,0.06560555845499039,0.08851257435561334
2023-11-08,0.07438133551314469,0.0779529631698,0.10288084709175764,0.10291046163340722,0.10281755216108591,0.08714171835030576,0.0948064089276525,0.0977739691734314,0.07953079044818878,0.09540882111226133
2023-11-09,0.07101982466910631,0.115586553719,0.11738500036835509,0.11672980231701915,0.11668135315239661,0.09513664924347039,0.10276628169536733,0.101315937936306,0.08772367238998413,0.10539124244327125
2023-11-10,0.0696671068614542,0.0800463305112,0.10626614296567441,0.10685696868200703,0.10584769003681191,0.08526441074279313,0.08638473642081763,0.100171759724617,0.08726337552070618,0.09686501201334674
2023-11-13,0.07278484484147563,0.0603330792853,0.10002334470488167,0.10050491364870948,0.10014027254656865,0.09110797507884545,0.0855938996767677,0.0972626805305481,0.08778725564479828,0.09463147740444562
2023-11-14,0.07401366889430952,0.072536704066,0.10453191299458342,0.10487986044906562,0.10420744862791682,0.08343152349331857,0.08683975936322999,0.09668682515621185,0.08939333260059357,0.09571009466927426
2023-11-15,0.07471834991204825,0.0690985938027,0.10297808388275244,0.1029099419243111,0.10278390107010564,0.07902152639366941,0.08045698585368774,0.09578549861907959,0.09181948751211166,0.09367934646510252
2023-11-16,0.07368268470775505,0.0744888061092,0.10203879415125071,0.1023656218055945,0.10190142601329977,0.09072922104119574,0.08178628335508399,0.09493598341941833,0.09876725822687149,0.0960749411446735
2023-11-17,0.07338139486550715,0.0512517968451,0.09326871980843185,0.09352535657613992,0.09368049840268843,0.07320834512104478,0.06816061296686249,0.09124986827373505,0.0947856679558754,0.08683986701496828
2023-11-20,0.07599997523831623,0.0592849000404,0.09622126018877715,0.09674569595261141,0.09654659415813399,0.06923187295020147,0.07304493294530491,0.08943523466587067,0.0894869863986969,0.08724465389422807
2023-11-21,0.07864405879542001,0.053841676579,0.09362548038152627,0.09355685266454403,0.09419795162426514,0.08566520192806937,0.0680930089297428,0.08722460269927979,0.08884257078170776,0.0873150955727336
2023-11-22,0.07769033678536012,0.0898857374488,0.10640028845551683,0.10571083901455704,0.10623141705321254,0.07765248511586526,0.07155058628913281,0.08998438715934753,0.08630204200744629,0.09197600644215405
2023-11-24,0.0778322663740246,0.0325746438693,0.08613962238416284,0.08620438827742703,0.08711684466596481,0.077030533311372,0.06832888503193847,0.08509163558483124,0.08137974143028259,0.08161309295513985
2023-11-27,0.07862112196745757,0.0453600164401,0.08998707878531305,0.09031607775411793,0.09086723814986836,0.0714754252257075,0.06620577592898448,0.08296942710876465,0.07415734231472015,0.08085405218106802
2023-11-28,0.07799349432006467,0.0665762118279,0.09740112091181094,0.09803556727025223,0.09794032181824391,0.08620831607465425,0.06766929189188249,0.08385137468576431,0.07474425435066223,0.08655003528618146
2023-11-29,0.07794551083219842,0.0666923809007,0.09854633902994356,0.09779914164452494,0.09914513311076022,0.08280675170975538,0.07013118300674884,0.08478817343711853,0.07599189132452011,0.08702980189476738
2023-11-30,0.07658771381186645,0.101718007425,0.1102127873529094,0.11102209261589177,0.11017931777876336,0.09199970750618883,0.08500123288748235,0.08948918431997299,0.08180728554725647,0.09710165828692359
2023-12-01,0.076682056503513,0.0835160445808,0.10806558954656367,0.10874636485493683,0.10808542363422567,0.08274770581819996,0.07607696812261673,0.09191320836544037,0.07973523437976837,0.09362435638882165
2023-12-04,0.07712137707891088,0.0586221022166,0.10150214920235093,0.10131690502743967,0.10201192680409582,0.09463950259952049,0.0793982871522001,0.09113625437021255,0.08160907030105591,0.09308772792241078
2023-12-05,0.07757344360636029,0.0957995194769,0.11487613138047044,0.11540568452793055,0.11460324360431079,0.09956278765422866,0.07782066769258747,0.09509365260601044,0.08360810577869415,0.10013861046346177
2023-12-06,0.07737198642141974,0.0768687941082,0.10971012556181359,0.10838009515843648,0.10975219791271218,0.08342795736071701,0.0820473297131555,0.09597396850585938,0.08525112271308899,0.0963632567036833
2023-12-07,0.07799762148178341,0.064573173536,0.10341870088044086,0.10383789408623759,0.10385049462773391,0.08829486579651823,0.0767890306921249,0.09445149451494217,0.08581648766994476,0.09377985260970607
2023-12-08,0.07709930239448837,0.0897714674408,0.11095921541926355,0.11168587753817852,0.11077494674689516,0.09487231007429156,0.07947739745729857,0.09745727479457855,0.08235776424407959,0.09822639803922649
2023-12-11,0.08057679950445513,0.0556428997281,0.1002425656869704,0.10062984821335444,0.10074089178665471,0.09540558444882069,0.07488085290256716,0.09486876428127289,0.08276867866516113,0.09279102656925733
2023-12-12,0.08191887190308275,0.0491010280851,0.09537446475777944,0.09566256141071278,0.09610278386330764,0.07769341477158886,0.07169537934985738,0.09130397439002991,0.07611962407827377,0.08627888608879283
2023-12-13,0.0805920349880463,0.113871706404,0.11783317809512943,0.1180669813116209,0.11714190851152939,0.09490816388817352,0.08737061417462491,0.09642861783504486,0.07969479262828827,0.10163489377777304
2023-12-14,0.0796731213127042,0.0951301943304,0.11389719311246746,0.11375778916076677,0.1133281101113066,0.0910560789145734,0.07947739745729857,0.09878705441951752,0.08450227975845337,0.09925798613348338
2023-12-15,0.07953458487750144,0.0835200389341,0.10982708618813118,0.11001610986083188,0.10954193415005634,0.08011646971143664,0.07947739745729857,0.09914928674697876,0.08829283714294434,0.09663158875109681
2023-12-18,0.0802396931129084,0.0481768895945,0.09842870600450027,0.09863359351220974,0.09892966182831818,0.0814874927170703,0.07220574477626922,0.095427006483078,0.08446740359067917,0.08993994413030355
2023-12-19,0.08123333554647304,0.0411856710497,0.09586502917518976,0.09611483668597554,0.09658345540374656,0.07741579474228416,0.07130416384478659,0.09181657433509827,0.07784739881753922,0.08670675042923144
2023-12-20,0.07839136170515575,0.108301472626,0.1161257662480616,0.11357201622288528,0.11587200819472196,0.08362005684832759,0.06485933946622922,0.09631164371967316,0.07964587211608887,0.09571524325942682
2023-12-21,0.07687527556476503,0.107171138075,0.11637941686955638,0.11688094989948408,0.11601921325335418,0.09429245976595274,0.08559292479949347,0.09972803294658661,0.08350849896669388,0.10177164235730306
2023-12-22,0.0772318927368646,0.0703445460772,0.10398694756214306,0.1041139521739437,0.10428325724203633,0.08603356147432104,0.07693003464812533,0.09799657762050629,0.07335959374904633,0.09238627492430315
2023-12-26,0.07798621921358927,0.0390467138719,0.09385786537869746,0.09397294317532592,0.09478234987048124,0.07586434902737618,0.06964288365950883,0.09317925572395325,0.06238926947116852,0.08338413090093019
2023-12-27,0.07780424150980973,0.0681860163967,0.10456695318522255,0.10481226081301326,0.10463518535330157,0.063849699191157,0.06992644728888198,0.09337794780731201,0.048730477690696716,0.08427128161851216
2023-12-28,0.0777026345901952,0.0486639810829,0.09451737382677977,0.09426392017975328,0.09529371436771479,0.07133511900062778,0.06925166815443803,0.09027707576751709,0.04522092640399933,0.08002282824297571
2023-12-29,0.08062890665094871,0.0655037497065,0.09698509759581954,0.09698098216239381,0.0976896926711211,0.08029197079538052,0.0704158626718068,0.08911938965320587,0.042392268776893616,0.08198218061808875
2024-01-02,0.08216167115519134,0.0770729086207,0.10098677495102255,0.10163989950027476,0.10158953058240168,0.09143287758850652,0.0849451902748394,0.08975507318973541,0.047913581132888794,0.08832327531709559
2024-01-03,0.08369391926153177,0.0853146367202,0.10669382059787905,0.10703041859327796,0.107072033079932,0.11132568568235394,0.08654800408097978,0.09206922352313995,0.056501127779483795,0.0953200447624352
2024-01-04,0.0844192923623611,0.0696814189008,0.10198990804326494,0.10231541729336562,0.10268679879815887,0.10169738354779083,0.08479149578285305,0.09210970997810364,0.05633758008480072,0.09170404193261968
2024-01-05,0.08301980698575372,0.103180072157,0.11584797528778051,0.116601885377095,0.11547020545325257,0.09648911687964068,0.09528102834277073,0.0968310534954071,0.06585767865180969,0.10033984906967948
2024-01-08,0.08273668411116679,0.0724796470359,0.10686340487646373,0.10719905721751027,0.10690781685964615,0.08849461376586115,0.08393105292339803,0.09700152277946472,0.06097496300935745,0.09305320449024308
2024-01-09,0.08159217076766961,0.0788098527782,0.1089389149037518,0.10947516273932655,0.10879219188102383,0.0886229624762272,0.08272318340753185,0.09776702523231506,0.05546388402581215,0.09311190352371264
2024-01-10,0.08054439665460063,0.0716453717793,0.10525058442380851,0.10540912483643455,0.10528901592179611,0.07439891953000569,0.06838807210872351,0.08974573016166687,0.0688323825597763,0.08818768993460166
2024-01-11,0.07747298163601063,0.120875201146,0.12383689520717414,0.12333985764824892,0.12259419001992786,0.10061031301496433,0.09208823024520878,0.09742789715528488,0.0860946998000145,0.10657029758440335
2024-01-12,0.07801133853300327,0.0836098739645,0.11084748851072647,0.11040278837693282,0.11038374078427428,0.09087995627869111,0.08849327467771159,0.09608796238899231,0.08275215327739716,0.0985496234706751
2024-01-16,0.07800812596528928,0.0918620195822,0.11453592474787715,0.11473479897152664,0.11403930253163604,0.10399613073864139,0.08731173222039375,0.09684104472398758,0.08597514778375626,0.10249058310254554
2024-01-17,0.07773648536222898,0.0771821686235,0.11002466781126724,0.11042740860991217,0.11001352360651916,0.08750874803262029,0.09845360581728975,0.09489840269088745,0.09025964140892029,0.10022657113963092
2024-01-18,0.07839257672808082,0.080699563035,0.1117844625038686,0.11195043751830186,0.11153089069286297,0.1022386972336625,0.09066815164231978,0.09435457736253738,0.0969463512301445,0.1027819383119568
2024-01-19,0.07993527963495993,0.0684604559916,0.10452150239785615,0.10499862975309884,0.10459069158019091,0.08755290179269619,0.08898880237983339,0.09095501899719238,0.0920221209526062,0.09623280969335345
2024-01-22,0.08034100317807366,0.071173274591,0.10443084747731773,0.10417256031656477,0.1044874088267573,0.08966765787395059,0.0872043164004609,0.08911189436912537,0.08819694817066193,0.09532451906211979
2024-01-23,0.08155853616524858,0.0469316042618,0.09386407653449849,0.09419216200877147,0.09447833672760479,0.07286913737768143,0.08461312902883131,0.08351771533489227,0.08079741895198822,0.08633313942346686
2024-01-24,0.08109972707336419,0.0808845059505,0.10475552914674435,0.10408643454094273,0.10483531072926017,0.08259339883699797,0.08849327467771159,0.08527569472789764,0.0814301073551178,0.09306710714495317
2024-01-25,0.08017275049360449,0.0781182288367,0.10384328807240117,0.10424131772141025,0.1040496206969129,0.07678895004961808,0.08898880237983339,0.08603137731552124,0.08123311400413513,0.09216806717711888
2024-01-26,0.07968289561659214,0.0631144486306,0.09886008792732984,0.09886097038476208,0.0993497023437663,0.07608433084606794,0.09298832365470389,0.08433127403259277,0.08079546689987183,0.09018145086987066
2024-01-29,0.07936320506091674,0.0636708303343,0.09842622532966652,0.09889355345563969,0.09901628388533351,0.08902442034143866,0.08731173222039375,0.0832788422703743,0.07729338854551315,0.09046349229262278
2024-01-30,0.08077021247233167,0.0451261674308,0.09264841209502912,0.09247929984206538,0.09356536143642068,0.07462232510140633,0.08510865673095311,0.07996164262294769,0.07915790379047394,0.08536337165989946
2024-01-31,0.07767957952475284,0.118408131902,0.11761441744262618,0.11603092449417422,0.11721496852592561,0.09317835521437251,0.10151149673660002,0.08964278548955917,0.07858502119779587,0.10196828130015052
2024-02-01,0.07496680692105433,0.105736205948,0.11537883360651455,0.1161763485407463,0.11483291723881484,0.09242326205027313,0.09090029312972449,0.0944923609495163,0.07564139366149902,0.09997791559672695
2024-02-02,0.0734097110982889,0.112318108246,0.12058818241740635,0.12083170546665124,0.11955581752808117,0.09077581159953434,0.08971875067240664,0.09948008507490158,0.07802280783653259,0.10271045151364484
2024-02-05,0.0755118508924145,0.0861181802742,0.1139712537271497,0.11307125449865493,0.1132685857499071,0.08489401422662306,0.07866181720335538,0.09886209666728973,0.07660367339849472,0.09704752792449638
2024-02-06,0.07493970100914894,0.0756652317728,0.11276131235106385,0.11280283480058226,0.1119833246450454,0.08829433170608843,0.0763818035218611,0.09730140119791031,0.07406237721443176,0.09622676934814045
2024-02-07,0.07786553245450159,0.0653282534237,0.10613715838764787,0.10653211372520655,0.10584391151584155,0.0790067389591281,0.07866181720335538,0.09334361553192139,0.07374565303325653,0.09189585833662249
2024-02-08,0.0795879876272235,0.0475540217559,0.09680986857050089,0.09703351023978335,0.09715117515336079,0.08148163124111103,0.0747816715544751,0.08688890188932419,0.07517741620540619,0.08704631069342307
2024-02-09,0.08266892291482936,0.0395667390207,0.08905759594713683,0.0893322217059255,0.08998122814689591,0.069591535629351,0.08479630403236481,0.09495660662651062,0.07047122716903687,0.08402667417960308
2024-02-12,0.0825383899521453,0.0664735911895,0.09608111754487876,0.09540949497383996,0.09680641214746862,0.08217266606767053,0.08571546516417466,0.0938720554113388,0.07216618955135345,0.08888905726581783
2024-02-13,0.08356091449375361,0.0935330861419,0.10577102009919513,0.10642328723448416,0.10616679822044628,0.08021625236104132,0.08535620553873259,0.09529422223567963,0.07504671066999435,0.09346778519422479
2024-02-14,0.08299147672902561,0.0918047109723,0.10699044601592521,0.10737275612221622,0.10711773592837635,0.08331146616312997,0.08535620553873259,0.09655694663524628,0.07414889335632324,0.09440777853713568
2024-02-15,0.08279760528071087,0.0711944477497,0.10228770288684083,0.10266524844795219,0.10262834570986668,0.08850953025816072,0.08571546516417466,0.09637017548084259,0.07490640878677368,0.09329755381923019
2024-02-16,0.08128107262605974,0.0930782090263,0.1126101850418352,0.1116288214699421,0.11231992169067295,0.09226321737744886,0.11643980041166808,0.09862208366394043,0.08337976038455963,0.10389482714858103
2024-02-20,0.08307639567182244,0.0990764541344,0.11659457074671445,0.11589477112876236,0.11620959206818289,0.10040078977813353,0.1215681999645155,0.10109852254390717,0.0844888985157013,0.10803647782084531
2024-02-21,0.08228446907968963,0.0801948882669,0.1098034204612581,0.11027027652465968,0.10979488867567791,0.08397188758758828,0.09218536870276871,0.10126723349094391,0.08301146328449249,0.09861493410391273
2024-02-22,0.08147957989055908,0.0796370146572,0.10877615637878908,0.10922606252133842,0.10869898601596678,0.08472791998020571,0.09254462832821078,0.10116086900234222,0.08130107820034027,0.09806224291817046
2024-02-23,0.08044459422790819,0.0705343349862,0.1058207198782603,0.1050825056196925,0.10574909489053713,0.07638997299440509,0.08571546516417466,0.10044515132904053,0.07831238955259323,0.09393075706124335
2024-02-26,0.08004232975633781,0.0544338651359,0.09833342680048773,0.09779860180139,0.09880068860471267,0.069117262453598,0.08515556365780688,0.0981852263212204,0.07321358472108841,0.08865776490861488
2024-02-27,0.08069022812412764,0.0483632732636,0.09314938463679914,0.09343062626535628,0.09395232352749967,0.06770028384261392,0.08479630403236481,0.0953938364982605,0.06694398075342178,0.08505239136518802
2024-02-28,0.08054410714099548,0.054646302465,0.09340351940336894,0.0937543776148515,0.09427501099229159,0.07389871096774835,0.08515556365780688,0.0935327559709549,0.06997165828943253,0.08628451384235067
2024-02-29,0.08004345415865159,0.0822669921533,0.10205736479034158,0.10091077495566224,0.10243775532917371,0.08356835745089833,0.09218536870276871,0.0942901223897934,0.07245763391256332,0.09255819679017162
2024-03-01,0.08003623894242756,0.0611275109843,0.09481575426462446,0.09525648349175833,0.09553536635384272,0.07532159681272463,0.08741722857401801,0.09327960014343262,0.07499033957719803,0.08808805274537125
2024-03-04,0.08156909993678195,0.0498412641191,0.09128302579134946,0.09161216319948505,0.09239760340180676,0.08159619936185064,0.08685732706765023,0.09168297052383423,0.07729751616716385,0.08753240078759146
2024-03-05,0.08444654973782838,0.0881112470424,0.10588129117323285,0.10569201731601766,0.10631672085446242,0.08275989818903863,0.09218536870276871,0.09383872151374817,0.07836054265499115,0.09500493720060851
2024-03-06,0.08426990048443109,0.118281333053,0.11949117858360865,0.11828486920432593,0.11905616349408316,0.10085140263653661,0.09967277823053859,0.09839890897274017,0.0868726596236229,0.10608970867792229
2024-03-07,0.0843352669229565,0.0625901725849,0.10101735647412045,0.1012230214239063,0.10172008214197616,0.09158414627826741,0.09424639173805413,0.09728287160396576,0.0903095230460167,0.09676905610090099
2024-03-08,0.08447041309369287,0.116861072193,0.12141510493850842,0.12087175039862874,0.12085660585550095,0.10193082305358778,0.09967277823053859,0.10125748813152313,0.09415054321289062,0.10859358483159688
2024-03-11,0.08832735540658013,0.0892004720719,0.11541487769031653,0.11581472981006424,0.11521513627533794,0.10065085247784927,0.09424639173805413,0.10258495807647705,0.09933486580848694,0.1061802588395123
2024-03-12,0.08754995261482625,0.109833923289,0.12241108815758664,0.12304229274840672,0.12133971324497188,0.08228951509343822,0.08921659881113034,0.10195090621709824,0.09590855240821838,0.10516552381155006
2024-03-13,0.0896501580261224,0.0629751802342,0.10408197833529073,0.10367306978282585,0.104120478853441,0.08680286155754952,0.08621558440849601,0.0978209376335144,0.09074969589710236,0.09620922949545999
2024-03-14,0.0914871103826081,0.110973380237,0.12204265993733274,0.12147935755441322,0.12099178211672162,0.09455477798131376,0.09152873844361492,0.10157232731580734,0.0925043523311615,0.1063819993829093
2024-03-15,0.09657665046404705,0.0802274224191,0.1101005930872802,0.1103783428465176,0.10996618327975524,0.09525744153515055,0.0904617569490952,0.09956797957420349,0.0929427370429039,0.10123929061641516
2024-03-18,0.10100233656360193,0.0662847813006,0.10433370694140337,0.1037770051223571,0.10460133322398793,0.08360004498841227,0.0904617569490952,0.09593281149864197,0.08671639859676361,0.09563186533152306
2024-03-19,0.10403292610492854,0.0586353891693,0.09856240020357743,0.09888275855052836,0.0991344324788602,0.0678513681841746,0.0904617569490952,0.09143317490816116,0.0829421728849411,0.08989543773704829
2024-03-20,0.1043552358327627,0.126541351052,0.1237542015322039,0.12450408850161658,0.12247851568421514,0.08660176012787682,0.09001893830009267,0.09779374301433563,0.07226713001728058,0.10248833959680305
2024-03-21,0.1058354148385422,0.0606728367241,0.10010571800794744,0.09997962514187525,0.10031005586450882,0.06848169171588667,0.08621558440849601,0.09338168054819107,0.06638018041849136,0.08783636230077094
2024-03-22,0.10642075504333316,0.0597829736569,0.09852952139829933,0.09818451376770054,0.0988697055376507,0.07400376713246926,0.08621558440849601,0.08990373462438583,0.0678221583366394,0.08764699788652017
2024-03-25,0.10817445128348153,0.0381538889277,0.09009022133803622,0.09013747511919182,0.0910738068860697,0.07215926320446935,0.08411387369413814,0.08445295691490173,0.06536205112934113,0.08248423546944972
2024-03-26,0.11030080180357531,0.0400914421361,0.08955558134666292,0.08867110426808464,0.09061661596136522,0.07426193985405163,0.08411387369413814,0.08068807423114777,0.06521163880825043,0.0818741183091001
2024-03-27,0.11067706017411559,0.0672748972552,0.0939356853820193,0.09449203066726457,0.09468640884378546,0.07646046926466919,0.08545716454820149,0.08016800880432129,0.07117030024528503,0.08519572396507805
2024-03-28,0.1118300707933765,0.0499145696349,0.08782737987108713,0.08803715158381926,0.08903064281087432,0.06494147397751701,0.08411387369413814,0.07787375152111053,0.0705360695719719,0.08033719186150261
2024-04-01,0.11356250305660227,0.0712705165313,0.09515428469893228,0.09495600065171916,0.09603976810664833,0.07600184907540934,0.08544362080935812,0.07918485254049301,0.07344038039445877,0.08574582232528842
2024-04-02,0.11892483314820836,0.0609287895625,0.09356502537041161,0.09385478616869193,0.09476378889397256,0.06909358282539799,0.09283842239360451,0.07947602868080139,0.0777420774102211,0.08590481596330016
2024-04-03,0.12023775592790643,0.0876712070088,0.10495454799887005,0.10554881005859808,0.10535869830885257,0.08469710234900793,0.09126410787178092,0.08383508026599884,0.07862400263547897,0.0934689070697982
2024-04-04,0.1183712894524783,0.133399128618,0.12326035576935475,0.12000654116856595,0.1229232339963404,0.10180422296586239,0.10305094500972879,0.09371484071016312,0.08619491755962372,0.10727929388280559
2024-04-05,0.11608566368908817,0.115605352014,0.12207019702393845,0.12284818800555401,0.12151207373394662,0.09873642865749835,0.09664177628520117,0.09979509562253952,0.08783183991909027,0.10706222846396693
2024-04-08,0.11591854819660433,0.0644125237025,0.10595236471319042,0.10605152767014805,0.10626355441443405,0.09601860011988102,0.09126410787178092,0.09746043384075165,0.08575747907161713,0.09839543824311474
2024-04-09,0.1133769523166593,0.118893197705,0.12652223417737887,0.1268872672084982,0.12547645747718325,0.08866744106238861,0.09664177628520117,0.103266641497612,0.08351458609104156,0.10728234339990052
2024-04-10,0.10929314409773212,0.148164151335,0.139547028041158,0.14010384034399284,0.13779879859775368,0.09368474149260297,0.09735402708805778,0.11185966432094574,0.09097641706466675,0.1159035024213111
2024-04-11,0.1081813726906515,0.0958760292749,0.12038572689783533,0.1207351168341853,0.11961615073366488,0.09228378751042642,0.08983640726954009,0.10857012122869492,0.08796426653862,0.10562736814470956
2024-04-12,0.10595510499843298,0.108541064035,0.12382650238162554,0.12383939405435536,0.12345332754301172,0.11533143164072773,0.10177644096662497,0.1080617681145668,0.09331350028514862,0.11280033785515155
2024-04-15,0.10267023889965661,0.138933949394,0.13797778054570037,0.136137468648799,0.13716671360786625,0.11374716646351005,0.10675719831496318,0.11443973332643509,0.10016502439975739,0.12091301218671877
2024-04-16,0.09694621822223165,0.162901069151,0.1481687912418282,0.14818085990082797,0.1464361998475108,0.12473318224611647,0.10355056420373598,0.12308361381292343,0.10303373634815216,0.12816956394301357
2024-04-17,0.09272610821994935,0.150852730627,0.1443706814879622,0.1436650328634596,0.14278664625891674,0.1120957199344897,0.0993051792665003,0.12609973549842834,0.10622475296258926,0.12493539261033516
2024-04-18,0.08906894043085367,0.12840187319,0.1394055688008239,0.13934966236581425,0.13797122090683603,0.11787415937842234,0.10287835634529492,0.12475200742483139,0.10588855296373367,0.12401707545510808
2024-04-19,0.08486545648519378,0.131996930619,0.14183476106289072,0.14123487267851997,0.1403528047173359,0.10780534225216415,0.1103303753937578,0.12507325410842896,0.1063327044248581,0.12470915923399364
2024-04-22,0.08242508506363364,0.101067841924,0.12981135268574945,0.12995568941827637,0.12854665344630029,0.11160793304362482,0.10177644096662497,0.11901652067899704,0.10232024639844894,0.11757640523400312
2024-04-23,0.08243159887085802,0.0786326103353,0.1171186648622077,0.11746071244330186,0.11636787591980785,0.09069878421080307,0.09741453035299479,0.10997431725263596,0.09581504762172699,0.10640713323763974
2024-04-24,0.08271649471087154,0.096740633534,0.11892267674817798,0.1186894258119483,0.11809983193228683,0.09115963087031606,0.09871302928287082,0.10674396902322769,0.09454508870840073,0.10669623605388978
2024-04-25,0.08109292189466624,0.106597270421,0.12024585410479544,0.12096077748255565,0.1194479990128277,0.09122380544926417,0.10701210666654655,0.10626525431871414,0.09351018071174622,0.10838085396377854
2024-04-26,0.0807975753230333,0.0791956562977,0.10806821948762545,0.10851315679272752,0.10768724103735727,0.0772271704064937,0.09729978451065846,0.10063456743955612,0.08937997370958328,0.09840144476914311
2024-04-29,0.07977153814337065,0.0887641765806,0.1101152313818327,0.10901627011879593,0.109546379169496,0.08425683257260821,0.09729978451065846,0.09893663972616196,0.08599185198545456,0.0993089984950011
2024-04-30,0.0775488795458222,0.115236761626,0.12053136166539961,0.11740152026029377,0.11963483676210207,0.08907190816867203,0.10947154133586466,0.10324493050575256,0.08759928494691849,0.10670791194928618
2024-05-01,0.07203926606918507,0.172894383985,0.14312437446625392,0.1434661919638725,0.14055761007855033,0.0953605419859409,0.10983344537428893,0.1169607862830162,0.08494418859481812,0.11917816267810585
2024-05-02,0.07063072381171837,0.119500137132,0.12728455702150784,0.12771158732803398,0.12543278342967765,0.09854993915729843,0.10448303383203103,0.11635393649339676,0.08393055945634842,0.11196377095975629
2024-05-03,0.07124342730370038,0.0918850153909,0.11959374282187381,0.11937139622012274,0.11780421038797328,0.07675216281114586,0.10102137606763203,0.11164932698011398,0.08167384564876556,0.10398086584823248
2024-05-06,0.07206016246520652,0.0459467029474,0.10282331954526074,0.10285679993630156,0.1021531983931612,0.081212862541018,0.09959703002473597,0.10043402016162872,0.07286322861909866,0.0945629227458864
2024-05-07,0.07213566665953784,0.0577474826208,0.10279503774119644,0.10249304291844247,0.10218620318219612,0.07702513420704613,0.0985927770607646,0.09477383643388748,0.07120388001203537,0.09272427307936695
2024-05-08,0.07418715457804269,0.0435578462868,0.08974568507128382,0.09008807180151379,0.09008899815947394,0.06478179524169497,0.0989689367163309,0.08678103238344193,0.07290869951248169,0.084766174126603
2024-05-09,0.07428943556487423,0.0534456207186,0.08857504975345198,0.08904102683777725,0.08905610625795804,0.07478914075024352,0.0956092491977816,0.0826539546251297,0.06939387321472168,0.08415977151958054
2024-05-10,0.07472921453563125,0.0641466448796,0.0903851384028621,0.09027294932417068,0.09086606312604587,0.08154360189727282,0.0992449972048828,0.08557036519050598,0.07044889032840729,0.08690457221059252
2024-05-13,0.07757070702033005,0.0420705956659,0.08352117175763808,0.0832914521635162,0.08467037075933005,0.07694367181561017,0.09656618306024166,0.0822969526052475,0.07339772582054138,0.08295536114030358
2024-05-14,0.07788183657305907,0.0700800227197,0.09311298892375289,0.09374472300667391,0.09360466055640837,0.09181001894571994,0.09081901359425992,0.08588815480470657,0.07990580797195435,0.08984076682906798
2024-05-15,0.07890146303565909,0.0504180031347,0.08784128767080274,0.08831269556851834,0.08847595089192592,0.07146461292937575,0.08411910677155551,0.08443036675453186,0.08570005744695663,0.08433486829052383
2024-05-16,0.07859340296817971,0.0771190418516,0.09796560492697073,0.09728962464984281,0.09799759015569896,0.07739490611881905,0.086364655829017,0.08849246799945831,0.0832049623131752,0.08981568742756886
2024-05-17,0.07859240899040745,0.0502502350204,0.08911759331825284,0.08921089730871784,0.08973085709121587,0.0748835845467744,0.08699668985819077,0.0852196216583252,0.08442658185958862,0.08565511794872364
2024-05-20,0.081117615315482,0.0454912117576,0.08818077979936743,0.08848228073826861,0.08899873515719348,0.08256008542193383,0.08232488425713128,0.08250753581523895,0.08181047439575195,0.08498068222641221
2024-05-21,0.08227115247775249,0.0405146452611,0.084980720650371,0.08535999934484818,0.08606184153235018,0.07376177400565444,0.08372281530244596,0.07947518676519394,0.08037979155778885,0.08196316130837893
2024-05-22,0.08313574685543156,0.078775872867,0.09875206159775357,0.09912039980218046,0.09908117348284377,0.07643362881874971,0.086364655829017,0.08503185957670212,0.08036697655916214,0.08930725080948697
2024-05-23,0.08114653198511197,0.101719222757,0.1073922142709383,0.10636754449188032,0.10718603644951115,0.09660067703820144,0.09046716781376804,0.09229785203933716,0.08588210493326187,0.0980276567195569
2024-05-24,0.08093286658819394,0.0760124412747,0.10129315848676501,0.10169088027459344,0.10123120814595299,0.08178329176840297,0.086364655829017,0.09160561859607697,0.08516992628574371,0.0927341056266503
2024-05-28,0.08095387862195363,0.0725800393114,0.10218740857215436,0.1025800421454152,0.10219759882861529,0.08851085832396192,0.08286346047463115,0.09074332565069199,0.08408717811107635,0.09330998172950662
2024-05-29,0.0825161595754771,0.0664780532001,0.10210764919542092,0.10238650832445463,0.1023638040174175,0.07558652528384749,0.09064826524041755,0.0894831195473671,0.08470244705677032,0.0924683312379565
2024-05-30,0.08390451614552343,0.0770483619044,0.10528657346953917,0.10525374040033603,0.10550113197040405,0.07504793075287554,0.09008604764051742,0.09050887823104858,0.08241818845272064,0.09344321298820592
2024-05-31,0.08113736498657077,0.112182163867,0.11681820145937255,0.11766850137332194,0.11604615009357075,0.09287677930366542,0.09723671725475906,0.0975828766822815,0.08665503561496735,0.10355489454027693
2024-06-03,0.07859429739716846,0.100300507838,0.11506088618822019,0.11518852812067747,0.11455444185275067,0.09684556360441983,0.15336333219443848,0.09926267713308334,0.08871965110301971,0.1118564400280871
2024-06-04,0.07626221432591476,0.101332712376,0.11738489392985843,0.11777915145532732,0.11674759416809762,0.08220941126306261,0.1468643822179009,0.10060101002454758,0.08828966319561005,0.10998230089348636
2024-06-05,0.07530420685388114,0.0675940988768,0.10716243328173303,0.1075118740485364,0.10702472359938617,0.08765861958355892,0.1442141960605402,0.0946924239397049,0.08673495054244995,0.1049998887222728
2024-06-06,0.0749208185588038,0.0596942789306,0.10350994836587576,0.1033585712704747,0.10359804000485813,0.08235510660309722,0.142420060300243,0.08974093943834305,0.08484777808189392,0.10140434915211226
2024-06-07,0.07298988015761884,0.0905596790659,0.1114330297834656,0.11185504203867952,0.11097465700063389,0.07833959884202403,0.1271519090999946,0.09257844090461731,0.07795967161655426,0.10147033561228132
2024-06-10,0.07527122110694073,0.056350220491,0.09789017690319728,0.09822324777148542,0.09840158507281918,0.07995478838692352,0.1477590214993832,0.08693673461675644,0.07786273956298828,0.09814689911622189
2024-06-11,0.07555616218060549,0.0741015026107,0.10080122462598315,0.10132600721919854,0.101181458510279,0.09078735874935576,0.1530298901560391,0.09075211733579636,0.07702914625406265,0.10212960040724493
2024-06-12,0.07471215219307739,0.104201131244,0.11241142356878395,0.11184839320803311,0.11156950980425173,0.07798313455012269,0.14355224967263325,0.09550905227661133,0.0716124176979065,0.1034980258254775
2024-06-13,0.0744921265411262,0.0769863174333,0.10503334117999946,0.10541304997034959,0.10460847769753615,0.0754638197772577,0.14936700155431465,0.09516746550798416,0.06676658242940903,0.10025996258812153
2024-06-14,0.07470586920809609,0.0768052307122,0.10403834937466022,0.10456096328233401,0.1037996131850998,0.07563812188892238,0.14704004419315705,0.09461235255002975,0.07008029520511627,0.09996710566847421
2024-06-17,0.07972514071271346,0.0702030708451,0.10285409447905833,0.1034396900523651,0.10276679840586861,0.09941066130892437,0.1480911035397575,0.09361963719129562,0.07269589602947235,0.10326826871524884
2024-06-18,0.0831528399505222,0.0502175775635,0.09517434387495094,0.09534542526491652,0.09565808477353928,0.08880714500661444,0.14227143246445645,0.08945383876562119,0.07675948739051819,0.09763853679151671
2024-06-20,0.08354184953172607,0.102658493958,0.11110788986396622,0.11144292139820139,0.11066635596143737,0.0942196322313668,0.15321867712934018,0.09447038918733597,0.08621086180210114,0.10876238965339272
2024-06-21,0.08387205405020173,0.0748292176032,0.10226259923827802,0.10240612264962597,0.1023251436367314,0.08545784207799346,0.14178477643281642,0.09368903189897537,0.08652226626873016,0.1020639688861644
2024-06-24,0.08386550592330533,0.0959627298748,0.10988671014725081,0.11024484808520377,0.10944499592164517,0.0959827361322784,0.13752218984783318,0.09683646261692047,0.08829639852046967,0.1068877630388002
2024-06-25,0.08950913297408908,0.0590267099405,0.0977895537439474,0.09822824323309413,0.09810492851094968,0.08854758426458752,0.14178477643281642,0.09306304901838303,0.08725550025701523,0.10068194792297049
2024-06-26,0.09383329997906478,0.07106789211,0.10300398899530305,0.1035043881434427,0.10285957909829986,0.08526347007550035,0.14178477643281642,0.09277886152267456,0.08629922568798065,0.1022134699937168
2024-06-27,0.09521905503087058,0.0730704801634,0.10166142989721369,0.10225151989178305,0.10160612868241609,0.08337086791484845,0.14178477643281642,0.09220901131629944,0.08663038909435272,0.10135916046138997
2024-06-28,0.09642935290036722,0.0989062193564,0.11116454935813436,0.11102062854517727,0.11043213748892937,0.08359235057793775,0.1430202126341227,0.09625620394945145,0.08974523842334747,0.1064616172824429
2024-07-01,0.09724995484778366,0.103867829867,0.1130999067319064,0.11326359657209069,0.11206050355818924,0.09496697258080147,0.10782280823871324,0.0998506098985672,0.09554833173751831,0.10523038990254094
2024-07-02,0.10195316879982869,0.0547195157526,0.09769372070571247,0.09809100428725306,0.09764576038811672,0.06408794897845714,0.0851189364371212,0.09472651779651642,0.08113349974155426,0.08835676976210448
2024-07-03,0.10912221665908826,0.0391128519392,0.0909845066939119,0.09127101652041528,0.09155533278263953,0.07500284960455883,0.085500361284313,0.08818637579679489,0.07856563478708267,0.08586658249567372
2024-07-05,0.12835096758374281,0.0518113439187,0.09365606201063435,0.09387861852969125,0.09419189478117496,0.07594468135736672,0.085500361284313,0.08536045253276825,0.08048201352357864,0.08700201200278959
2024-07-08,0.13490579574492062,0.038983652458,0.08590652038890167,0.08579053271513798,0.08722674092410974,0.057853943406521904,0.08211300713190443,0.08039619773626328,0.07435763627290726,0.07909208265367804
2024-07-09,0.14070098452606636,0.0485172350124,0.08522956801483796,0.08522939810629793,0.08675889892908778,0.07430751606009758,0.085500361284313,0.07757030427455902,0.071874238550663,0.08092432645997946
2024-07-10,0.14468019135842197,0.0469395362405,0.08426615597951936,0.08473635811194025,0.085961957481971,0.07469284409242781,0.08771895949773356,0.07563159614801407,0.07179932296276093,0.08068674203919528
2024-07-11,0.14614957588051358,0.101381773022,0.10520957158580513,0.10478334004029789,0.10538520832986287,0.08342778610065181,0.09032268608207249,0.08388761430978775,0.07799819856882095,0.09300205785961413
2024-07-12,0.14859568477863683,0.0799596644336,0.0999511100059292,0.10015623281871536,0.10019776138555475,0.07862612152591367,0.08556715923115908,0.085151806473732,0.07829242944717407,0.08970608869831116
2024-07-15,0.1482027968648959,0.0905234148256,0.10660164636711779,0.10642383268732333,0.10647112239511004,0.08118357677343817,0.08415557112602248,0.08965423703193665,0.07598045468330383,0.09292434872346463
2024-07-16,0.1492591780066231,0.0723704976435,0.1026896876072849,0.10325132920285132,0.10284090203451497,0.08298299749076549,0.08556715923115908,0.08950289338827133,0.07660683989524841,0.0919202584071565
2024-07-17,0.14888245987079607,0.0810477204654,0.10763387393505588,0.10746617422951511,0.10773552610315401,0.07476797541801489,0.08678268731325878,0.0914502739906311,0.0794496238231659,0.09361230497325652
2024-07-18,0.14609872139527164,0.145623575269,0.13031188787125142,0.12982707272425265,0.12898801347975408,0.09472061909385951,0.09261691994699049,0.10464225709438324,0.08616401255130768,0.10961011182311416
2024-07-19,0.14466759449842526,0.119356761141,0.12466864029426174,0.1244407254630098,0.12384300069325203,0.09711242465334215,0.0859251859402722,0.10863488912582397,0.08892203867435455,0.10764955783490235
2024-07-22,0.14361641537061842,0.109089545054,0.12254562230500626,0.12280510585687142,0.1214163434665019,0.10737003189118803,0.09669921566779778,0.10928511619567871,0.08944675326347351,0.10993831266378824
2024-07-23,0.144196615858122,0.0822210993779,0.11496971201991359,0.11408802428046609,0.11436356355660036,0.10856908540557843,0.09061633094015963,0.10479290783405304,0.09276347607374191,0.10573758573007329
2024-07-24,0.14489040354399046,0.0958424739958,0.12009692062056568,0.11874020485987624,0.1201706559982929,0.10310075164709616,0.09692894619880695,0.10472647845745087,0.09980034828186035,0.10908061515199273
2024-07-25,0.14442121748359693,0.155022096259,0.13881365427455794,0.13835388348375546,0.13767540419910246,0.11878827537101772,0.09903312783672523,0.11540468037128448,0.10643156617879868,0.12207151310217743
2024-07-26,0.14177054170873724,0.147307550967,0.13801031363520835,0.1374468467314427,0.13615096802364138,0.11654029428387144,0.10919793036702988,0.12108170986175537,0.11048722267150879,0.1241307550820654
2024-07-29,0.1406593518933327,0.104119548825,0.12423047924886023,0.12419051880436581,0.12339008413734219,0.09590177582968758,0.10083637176237603,0.11633099615573883,0.10495966672897339,0.11283427038104914
2024-07-30,0.14017288553551288,0.121051332431,0.13189737867422233,0.13103478290187415,0.13069864611356202,0.10218755704293217,0.10083637176237603,0.11728203296661377,0.10350953042507172,0.11677804284095031
2024-07-31,0.13975034355378022,0.118853405675,0.1326898898923754,0.13312488430208272,0.13092704776739106,0.10072649297962857,0.09954866396485995,0.11793354153633118,0.09388720244169235,0.11554824612633731
2024-08-01,0.1374812010858241,0.150562340986,0.14203579772516745,0.14076566880907584,0.14028153452534112,0.11738142636068452,0.10457548651744959,0.12392628192901611,0.09288782626390457,0.12312200316151989
2024-08-02,0.1340358131586301,0.182502645275,0.15383751605639562,0.15421819860460462,0.15266202696456346,0.13370842932541913,0.13807171098197574,0.1342589408159256,0.1145610436797142,0.1401882666326569
2024-08-05,0.11751518801774008,0.313969715564,0.20756590189280044,0.21006127242695385,0.20826057850068422,0.2114712291810639,0.3374853349313264,0.1709817349910736,0.1791323721408844,0.21785120343782666
2024-08-06,0.11305830558023766,0.194312595893,0.175032123417314,0.1754599849721224,0.1727467727450514,0.20053880117198672,0.20744667324206706,0.17190176248550415,0.21080496907234192,0.18770444101519823
2024-08-07,0.11039882116836935,0.189459710321,0.17775865784051542,0.176030099275901,0.17550783857137686,0.176824176020514,0.15911403300607266,0.17227791249752045,0.2202378809452057,0.1796786568795866
2024-08-08,0.10694146581627727,0.161402370755,0.16944935491761456,0.170082975430061,0.16558434930766103,0.13893454411768358,0.17240290137127123,0.16647951304912567,0.19822123646736145,0.1687364106658255
2024-08-09,0.10543743867417303,0.138753089445,0.1592347374341792,0.15931493356148435,0.15495613430361332,0.12115968108896336,0.14802635992546534,0.156964510679245,0.17010417580604553,0.15282293325699944
2024-08-12,0.104660038710247,0.146745040927,0.15035578797193178,0.14836212613448052,0.1469348309384137,0.11870527605437203,0.1338461166686753,0.1360931396484375,0.1555505394935608,0.14140683098712453
2024-08-13,0.10640253354392083,0.0758004575866,0.12061400299542668,0.12086356769656234,0.11858955659774559,0.11266284163080789,0.1131493725344308,0.129187673330307,0.13814546167850494,0.12188749663768361
2024-08-14,0.10508589696605154,0.108795158727,0.12534494707449867,0.12461022622680486,0.12256516157109718,0.11062276321901635,0.10947365481261997,0.1253909170627594,0.13205334544181824,0.12143728791551636
2024-08-15,0.10573800109208988,0.0648853634491,0.10540859108054361,0.10577292068544697,0.10382651921254835,0.0953989946277437,0.10442011074053922,0.1191282570362091,0.12715275585651398,0.10872973560564927
2024-08-16,0.10702983583952466,0.0629449436677,0.0998162886171998,0.100224358515739,0.09872625497296217,0.09101951580295994,0.10442011074053922,0.1138477772474289,0.12317320704460144,0.10446107327734722
2024-08-19,0.11266166156580684,0.0742121487844,0.09868133244168616,0.09933095605471928,0.09777728667962729,0.09392971475417494,0.10442011074053922,0.10970963537693024,0.11751064658164978,0.10305138323276099
2024-08-20,0.11340223701533228,0.0744091931478,0.09879267405476161,0.09891006719585345,0.09820128622057228,0.09656036517732924,0.10497194688089535,0.10698141157627106,0.10488639026880264,0.10132916305349794
2024-08-21,0.11242872698147391,0.101326618736,0.10661249244587645,0.106155158159469,0.10562670336900695,0.10311280028259398,0.10630408106091836,0.10648912191390991,0.10032719373703003,0.10494679299554353
2024-08-22,0.1103940763116373,0.115748197048,0.11433835353010993,0.11314466830043461,0.11298293793855092,0.10854504529270378,0.1138786821817948,0.10765162110328674,0.10104051232337952,0.11022597438146575
2024-08-23,0.10666978649491711,0.145537932357,0.1288619683751659,0.12931384064534576,0.1257172700592229,0.10954927823121206,0.10931990860019217,0.11118598282337189,0.10164299607276917,0.11651303497246855
2024-08-26,0.10594280540982288,0.0759531549557,0.10779229827367075,0.10664585240968819,0.10630122847950718,0.09897183529615025,0.10784307228655773,0.10979136824607849,0.10424332320690155,0.10594128259979345
2024-08-27,0.1060888636132483,0.0651949599238,0.10412569081644503,0.10450194896759045,0.10290552273107847,0.09379353588548037,0.10497194688089535,0.10817469656467438,0.09100903570652008,0.10135462536466917
2024-08-28,0.1042935466540936,0.108556441235,0.11795230350451319,0.1178053159314745,0.11613836149352276,0.10641392595556974,0.11163551852027188,0.10940557718276978,0.09057746827602386,0.10998978155202081
2024-08-29,0.10325070443068948,0.107899334593,0.11726872032587021,0.11666510937883036,0.11524725295770638,0.09969049864922258,0.11163551852027188,0.11007922887802124,0.09287647157907486,0.10906611432699964
2024-08-30,0.1048881927423044,0.0972542195683,0.11084016547976142,0.11137335797154604,0.10903107479229766,0.08809017301276925,0.10497194688089535,0.10936504602432251,0.0917559266090393,0.10363252725294737
2024-09-03,0.10447254693999951,0.116885008583,0.11972338859583581,0.11793571163603102,0.11883740413340096,0.10546112345136076,0.1162411283767495,0.11036032438278198,0.09965094923973083,0.11260143283084156
2024-09-04,0.10545583264119629,0.106327826143,0.11945515119204927,0.11952266050244222,0.11879792077628927,0.11093478316662851,0.11285565216658604,0.11079299449920654,0.10156971961259842,0.11341841170225718
2024-09-05,0.10467778065959937,0.127188705808,0.127719500250965,0.12795908079859197,0.12655942893787425,0.12430065522094288,0.10582999972581056,0.1120295375585556,0.10754638910293579,0.11884922737081086
2024-09-06,0.10061858883443954,0.153019888196,0.1388164030305295,0.13608269620218483,0.13776323670649526,0.11734737815549715,0.13859387660135555,0.11464355885982513,0.1097165048122406,0.12756623633830402
2024-09-09,0.09905896257692991,0.101345205079,0.12344999171457366,0.12360949117626893,0.1229257328184457,0.1180632666927866,0.10545798672148904,0.11345371603965759,0.10836866497993469,0.11647555002045087
2024-09-10,0.0969083759840046,0.112002336843,0.1265654239278558,0.1260671075904341,0.1257075594706207,0.11475016137539042,0.10472264809987177,0.11316582560539246,0.10605227947235107,0.11671871507741662
2024-09-11,0.09348174033240074,0.134551781254,0.13527731124110431,0.13592867841571027,0.1331341615497032,0.11343242684139086,0.1061969190683802,0.1147947907447815,0.11662399768829346,0.12219832650705198
2024-09-12,0.09089225262547738,0.116055993584,0.12897120663371403,0.12938854896751556,0.12693500734028706,0.11606510169693568,0.1137341323460803,0.1144435703754425,0.11392940580844879,0.12049528188120341
2024-09-13,0.0901006729915665,0.0773877580177,0.11214870358607908,0.1123533871856171,0.11136650211491735,0.09549703663501939,0.09591900990861409,0.11231724917888641,0.11093522608280182,0.10721958781313361
2024-09-16,0.08971418889717277,0.084244716152,0.11320024442501288,0.11347378799898075,0.11259029233000868,0.10154603025663309,0.09591900990861409,0.11087766289710999,0.11110889166593552,0.10838798849747071
2024-09-17,0.08801036576715268,0.0986617682585,0.11663924288442004,0.11632651382959908,0.11582626748211539,0.10710539272700896,0.09904221292039753,0.11022570729255676,0.10666409879922867,0.11026134799076093
2024-09-18,0.08084221325387128,0.177454196323,0.14325516081130218,0.14409260973393145,0.140362244530126,0.11630734827996786,0.1030379469370735,0.11288689076900482,0.11574327945709229,0.12509792578835688
2024-09-19,0.07900233128983472,0.0951445892549,0.11659763646027985,0.11697115874451347,0.11499704182189803,0.10655641277472694,0.09442992388388571,0.11195725202560425,0.11348305642604828,0.11071321173385093
2024-09-20,0.07857089801572335,0.0751682164679,0.1103285834546475,0.11039301706236011,0.10911066144990335,0.10428401019140149,0.09591900990861409,0.11075392365455627,0.10739287734031677,0.10688315472311423
2024-09-23,0.07825369072124586,0.0622651365892,0.10504870523911622,0.10527049921492673,0.10426479066041514,0.10260926602042744,0.09591900990861409,0.10929706692695618,0.1031622365117073,0.10365308206888045
2024-09-24,0.07931782476100564,0.0648437070531,0.1037704289505914,0.10399759983270178,0.10307025884523126,0.09087035881511674,0.09442992388388571,0.107947438955307,0.10375800728797913,0.10112057379583043
2024-09-25,0.08050481137383529,0.0502295705697,0.09122088026668854,0.09141123984571412,0.09195653179953997,0.09039264655141288,0.09257665290411184,0.10520701110363007,0.10813350975513458,0.09584263888946169
2024-09-26,0.08160522100372254,0.0700052216414,0.0956464637562864,0.09559146324105679,0.09622965117353117,0.08714616885132792,0.09257665290411184,0.1036936342716217,0.10900461673736572,0.0971269501336145
2024-09-27,0.08160697081027576,0.0620704087585,0.0923640056390287,0.09249774599990539,0.09358344737423174,0.09291617923615703,0.09184068239015031,0.1022823303937912,0.10592658817768097,0.09591585417299218
2024-09-30,0.08126498092236532,0.0842443608335,0.10067583140201952,0.10125853352968475,0.1012759934607785,0.09654650687093505,0.09184068239015031,0.10213655233383179,0.10669051110744476,0.10006065872783496
2024-10-01,0.07793227741282042,0.128901933505,0.11850485839202612,0.11889814584834665,0.1184351109725797,0.11149445044422396,0.10628610775189871,0.10399626195430756,0.11191816627979279,0.11279044309188221
2024-10-02,0.07859133323383184,0.108787347915,0.11615433538341033,0.11677459316757821,0.11604301762555047,0.1142572991549545,0.10609545845579112,0.10511720180511475,0.11426825821399689,0.1126728805437709
2024-10-03,0.07739319602566365,0.125061655453,0.12473374456564493,0.12478564343644503,0.12424793587169287,0.11690263870991466,0.11361435836351709,0.10702843964099884,0.11465977877378464,0.117996077051714
2024-10-04,0.07587028883999586,0.112887441845,0.12432262097776198,0.12434349725042665,0.12309061497370449,0.10609119295397988,0.1105614399661511,0.10845856368541718,0.11460303515195847,0.11592442356562853
2024-10-07,0.07604689459268406,0.0769090498121,0.11296834792675703,0.11238975941659518,0.11396996655268365,0.10424675047924589,0.12350317864330612,0.10819445550441742,0.1153065636754036,0.11293986031405841
2024-10-08,0.07738019077549241,0.0610817582907,0.10394010237213314,0.10418122747748898,0.10524640325516701,0.10476139176638191,0.10939817783227627,0.10675373673439026,0.10828225314617157,0.10608047036914416
2024-10-09,0.07735575348192274,0.0607798001663,0.1008156719614744,0.10111042227141695,0.10227819793184134,0.09729841610443268,0.1059899526598299,0.10523326694965363,0.1097256988286972,0.10320737524390658
2024-10-10,0.07668505285902227,0.0663613823892,0.09866097714307027,0.09894287734960705,0.10057337271138629,0.09912860223880501,0.10426969969411516,0.10536102950572968,0.11732234060764313,0.10346555703576522
2024-10-11,0.07648453788189244,0.0586760231587,0.09297781389774654,0.09341072285373626,0.09544321290256147,0.09625538854457831,0.10426969969411516,0.10289397090673447,0.114956796169281,0.10002965785267903
2024-10-14,0.077045153756136,0.0545911027658,0.09044651303204418,0.09091732332778873,0.0932127782751583,0.09547475669729932,0.09927500887002301,0.10058072954416275,0.1191943883895874,0.09844307116229481
2024-10-15,0.0772089680055979,0.0750850513376,0.09764922826802935,0.09717532675644014,0.10007040447082226,0.09491245802057108,0.10426969969411516,0.09995171427726746,0.11990991979837418,0.10199125018365995
2024-10-16,0.07960428086696243,0.05809568976,0.09234762629528771,0.09283477788677882,0.09495916685822611,0.09368813015863771,0.10463736149551572,0.09867138415575027,0.12129555642604828,0.09977628618232066
2024-10-17,0.08000520275806718,0.077925669586,0.09924213569129081,0.09903339405843317,0.10109320350522037,0.09619148253559966,0.09954277814941483,0.09874659031629562,0.12144306302070618,0.10218466389670866
2024-10-18,0.08086205428187092,0.0536329738017,0.091841090434795,0.09221443033951637,0.09421319069049673,0.08777586473560273,0.09718533924773079,0.09741107374429703,0.12044475227594376,0.09729796306691177
2024-10-21,0.08104758877699349,0.0649817801241,0.09608906986724876,0.09615854451649256,0.09835881359017558,0.09625168282965439,0.09954277814941483,0.0970989391207695,0.1173926368355751,0.10012749498704723
2024-10-22,0.0838325714589827,0.0532192001157,0.09111753610595971,0.09149697980154606,0.09389352487262216,0.09154947604300143,0.09418042552392211,0.09608995169401169,0.1130441352725029,0.09591028990193802
2024-10-23,0.08759785035309851,0.0878972572049,0.10361754942926342,0.10311226889560897,0.1058612936274377,0.10623261670623552,0.10426969969411516,0.09731381386518478,0.11282841116189957,0.10474795048282073
2024-10-24,0.0881367923902058,0.0806651329851,0.10153473772199054,0.10193550646387409,0.10377501903025926,0.10806406784833705,0.10426969969411516,0.09788604825735092,0.11456672847270966,0.10457597249837668
2024-10-25,0.08759974692637554,0.0929885332305,0.1077630854531916,0.10779740713251501,0.10965076821280248,0.10382479267176373,0.10426969969411516,0.0993952825665474,0.11754895001649857,0.10717856939249057
2024-10-28,0.08746042936179219,0.062118701117,0.09814355647922775,0.09828276329624858,0.10068441646145106,0.1107345899921929,0.10426969969411516,0.09903652966022491,0.11620060354471207,0.10390745130402464
2024-10-29,0.08674981551355969,0.0769896133345,0.10421313526242681,0.10469649755971278,0.10618212571265072,0.09980720849548527,0.10426969969411516,0.09974468499422073,0.11873945593833923,0.10537897252242154
2024-10-30,0.08562573307141352,0.0739865255881,0.10241146460190419,0.1027218520188736,0.10479020228478293,0.10582512301136882,0.10463736149551572,0.09993044286966324,0.11857067048549652,0.10555530239537214
2024-10-31,0.08215926700907573,0.118325824728,0.11849458588692785,0.11614741384050314,0.12063857968948234,0.11480173381849386,0.1323882786873295,0.10241076350212097,0.12173976004123688,0.11808873078087065
2024-11-01,0.0792145639728958,0.108239130762,0.11640713686379023,0.11661644417879127,0.11828523689017784,0.11344531412604542,0.12484529891902528,0.10384992510080338,0.12319155037403107,0.11666298663609494
2024-11-04,0.07729733172371062,0.0885553342028,0.11222153128031034,0.11267054247741315,0.11444198533665734,0.11876032580154373,0.11928908290377335,0.1041877493262291,0.12240058183670044,0.11485311413751821
2024-11-05,0.0760477506218689,0.0804886349869,0.11007721835629544,0.11055057178044103,0.11173871188973772,0.10428090418659053,0.09927500887002301,0.10405463725328445,0.1200404092669487,0.10857392308618871
2024-11-06,0.07416033136398785,0.0895925213863,0.11385148998767758,0.113824508543452,0.11350657082965263,0.10497287726480611,0.09319877112958844,0.10450278967618942,0.11853496730327606,0.10891313924780602
2024-11-07,0.07376056388995735,0.0601230091283,0.10100989999617895,0.10135144063149942,0.10153854561886755,0.09692905695665971,0.09444263482404505,0.10283595323562622,0.13166961073875427,0.10425387742880445
2024-11-08,0.07386185119518628,0.0472674572253,0.09262895408236246,0.0929099581567914,0.09387645728248223,0.09594368455149979,0.0918101761690655,0.10017870366573334,0.12161853909492493,0.09842378185755138
2024-11-11,0.07337437901216855,0.052895245127,0.09204817585734204,0.09226346761735653,0.09350315841381913,0.0877739854834771,0.0918101761690655,0.0987139344215393,0.1184014230966568,0.09635918872275091
2024-11-12,0.07275184755531752,0.0691930872955,0.09626451691472442,0.09598538555663243,0.09737653141786323,0.09856634456635922,0.09167586571574235,0.09810463339090347,0.10887498408555984,0.09812118023539784
2024-11-13,0.07225462929344638,0.0785392540148,0.09832908301139905,0.09831200623287488,0.09910383309867199,0.09148522881491257,0.09167586571574235,0.09792610257863998,0.11370833218097687,0.09864863594760252
2024-11-14,0.06908236108170768,0.106127573221,0.10970688899139963,0.10961971298186106,0.10938596802648018,0.09926485025850115,0.09607199041948777,0.09915059804916382,0.11322203278541565,0.10520314878747275
2024-11-15,0.06771927703290874,0.0861174757916,0.10605143140261264,0.10612676882836977,0.10646239822630521,0.09413852592510225,0.09167586571574235,0.09977211058139801,0.11140402406454086,0.10223301782058158
2024-11-18,0.08202277637306261,0.0759679032201,0.10446608442141578,0.10492210545398999,0.10481112478835172,0.09652419858389719,0.0918101761690655,0.1001443862915039,0.11219602078199387,0.102124870927174
2024-11-19,0.087683472123539,0.0696668360814,0.1025210498890984,0.10293317502070189,0.10310642920380508,0.10478811524005355,0.09310631800507232,0.10026611387729645,0.11167542636394501,0.10262808965713896
2024-11-20,0.092263298283232,0.111692611524,0.11742828446494705,0.11762124472700419,0.1169935554523387,0.10630301779389456,0.09661323123619582,0.10213930904865265,0.11307696253061295,0.11002508646480656
2024-11-21,0.08903085596041319,0.145880355615,0.13023454794438794,0.1303162900125229,0.12829287117020793,0.11469193433727086,0.09829576845205598,0.10516970604658127,0.11155694723129272,0.11693686645633138
2024-11-22,0.08767517902679549,0.0921726108607,0.11417752797662123,0.11448171754101369,0.11303491983396205,0.1128671721818191,0.09362646214556807,0.10560323297977448,0.11059418320655823,0.10919788798075955
2024-11-25,0.08790178373038081,0.0816389525639,0.11132249405233904,0.11089759181932539,0.11017066102494663,0.09778476375351239,0.09167586571574235,0.10568717122077942,0.10709761083126068,0.10494802263112943
2024-11-26,0.0918625949012994,0.0578495023549,0.1033662242399299,0.10349700566853136,0.10275758057670534,0.08870224792829705,0.09167586571574235,0.10475103557109833,0.10344305634498596,0.09974185943504146
2024-11-27,0.09483739799212039,0.0576860476948,0.0997803631581032,0.09981799460693347,0.09956256770755056,0.08784533856263647,0.09167586571574235,0.10357249528169632,0.10363388061523438,0.09798407223541382
2024-11-29,0.09937708530671002,0.0374827305379,0.08658837787352076,0.08683798724298952,0.08766715813002196,0.08983953048071194,0.0918101761690655,0.10094709694385529,0.1016615703701973,0.0921931281729089
2024-12-02,0.10746183009843578,0.0422724451399,0.08486892609151023,0.08505392772232033,0.08623403010333713,0.0771224734431119,0.09167586571574235,0.09876108169555664,0.09906550496816635,0.08896882996282071
2024-12-03,0.10910121403551144,0.0416719476024,0.08228409751688165,0.08252324988081869,0.08397599495454294,0.07908512006752155,0.09167586571574235,0.09667056053876877,0.09888966381549835,0.08787207892711062
2024-12-04,0.1101642671700689,0.0392502800721,0.08052330595562479,0.08091395285932358,0.08244709478364408,0.08744865356329948,0.09167586571574235,0.09480611979961395,0.10033567249774933,0.08830723788214252
2024-12-05,0.11406174787609262,0.0495425161442,0.08325376294882537,0.08320066097974493,0.08503783710134954,0.09124543127108165,0.0918101761690655,0.09362159669399261,0.10270685702562332,0.09012518888424041
2024-12-06,0.11824232006705553,0.0455324250302,0.08265779414671925,0.08285291029292069,0.08444108657609743,0.08520322064843208,0.09167586571574235,0.09261126816272736,0.10172396153211594,0.0887380152963936
2024-12-09,0.12298838262913943,0.0487130681742,0.08417490618201098,0.08392733467324101,0.08621969017935081,0.09032855186402394,0.09167586571574235,0.09203930199146271,0.10189548879861832,0.09003730562920717
2024-12-10,0.12567898379610332,0.0504798011235,0.0849206443272475,0.08517831172624987,0.0867137771222362,0.09266086212156975,0.09254742867605698,0.08606632053852081,0.07073400169610977,0.08554590660114156
2024-12-11,0.12884907370745233,0.0359257854377,0.08027634892724578,0.08061896031103082,0.08225977912566868,0.07993420209891935,0.09254742867605698,0.08522817492485046,0.07381810247898102,0.08209757093467902
2024-12-12,0.12974644786732345,0.0536409517308,0.08596983949968459,0.0862264620231035,0.08761576442947516,0.08920362187753816,0.09269147947740317,0.08556099236011505,0.0761757493019104,0.08620627270989001
2024-12-13,0.13050385737264814,0.0682225562792,0.09193018620591162,0.09201467570894742,0.09305069722893702,0.08615482050753288,0.09254742867605698,0.08677920699119568,0.07912801951169968,0.08880071926146875
2024-12-16,0.13093851521273334,0.0429828584646,0.08392338208207861,0.08429007898953068,0.08590395763418503,0.08915101559415921,0.09254742867605698,0.08629775792360306,0.07897993922233582,0.08587050858884991
2024-12-17,0.13153948233953333,0.0591633745713,0.08958344795404877,0.09004622674552928,0.09139409470786215,0.0925999605878644,0.09293334971312095,0.08676480501890182,0.07894408702850342,0.08889513882226154
2024-12-18,0.12234138737794646,0.225276862823,0.15251417609549128,0.1467914537957411,0.1513734632420086,0.13756896232792834,0.11826941130458028,0.09758029133081436,0.09677645564079285,0.12869631624819383
2024-12-19,0.11784854217637111,0.15819997561,0.1386063401525187,0.1383020755141134,0.13825040873029187,0.12167074148078631,0.11595809679427008,0.10324487090110779,0.10135913640260696,0.12248452428224214
2024-12-20,0.11230253352323767,0.172574224393,0.14957521227176318,0.15051866758234142,0.14665727969256767,0.12921949155680781,0.10356072405410968,0.10954925417900085,0.10508836805820465,0.12773842819925646
2024-12-23,0.11369046504997822,0.0947343512998,0.12918151372722625,0.12909569576794383,0.12724661094337192,0.1060588319154634,0.09324120485993757,0.11066851019859314,0.10048270970582962,0.11371072530262367
2024-12-24,0.11477902347302106,0.0588651678325,0.11842176931623888,0.11833619442604404,0.11652324692302107,0.09704546129827182,0.09299933462421979,0.1095028668642044,0.08950687944889069,0.10604796470012724
2024-12-26,0.11675958742411485,0.0866050602064,0.11782116261576425,0.11792371603190482,0.1164223247814049,0.09965667950492203,0.09299933462421979,0.1083650141954422,0.08067484945058823,0.10483758302917803
2024-12-27,0.11686046270376443,0.13527317865,0.13106966585181812,0.13069964558184205,0.1291360447603251,0.11085076178308892,0.10296476730460068,0.10969693958759308,0.07484644651412964,0.1127520387690568
2024-12-30,0.11678591709053589,0.122437698986,0.12365999437327754,0.12362581258607977,0.12285642100597322,0.1173709550533424,0.09890983427065099,0.10944314301013947,0.07450292259454727,0.1100527261277158
2024-12-31,0.11895804852299284,0.141138544124,0.13220109125072227,0.13192542137149216,0.1305241859192921,0.1327632336351565,0.1091463245872365,0.11097793281078339,0.08047221601009369,0.11828720079782522
2025-01-02,0.11264625839456328,0.192104128907,0.15612986264559378,0.15510979336220346,0.15250860177263495,0.1442353711952833,0.10722596454316898,0.11650139093399048,0.08449667692184448,0.13088680876781705
2025-01-03,0.11186261995599388,0.0958758609413,0.1271117878840563,0.12730385720499904,0.12496096085457559,0.11022933116539307,0.09324120485993757,0.11547805368900299,0.08428743481636047,0.111801804353475
2025-01-06,0.11165344053685725,0.0802215213315,0.11858952116238641,0.11857710931402882,0.11714918333574427,0.11866481831146047,0.10199963113884114,0.11359970271587372,0.08517822623252869,0.11053688460155194
2025-01-07,0.11304278283392319,0.144245307799,0.13933575926550967,0.1376153818695277,0.13679763500001763,0.12433448475945827,0.09848004709119458,0.11591710150241852,0.09264811873435974,0.1207326468889266
2025-01-08,0.10867848645475517,0.149892108469,0.14135605715351923,0.14149526874097276,0.13837775238887973,0.11825735864360332,0.09862409789254077,0.11818987131118774,0.10009686648845673,0.12234246751702291
2025-01-10,0.10338724865145799,0.162529317834,0.14295146157276184,0.14135088755314557,0.14047670009729538,0.12834538278122878,0.09999416657805525,0.12042094767093658,0.1036783754825592,0.12531684596228324
2025-01-13,0.1016878548642698,0.128835434386,0.1344531471663689,0.13512316857893333,0.13232954492749105,0.11904034367686554,0.10345695478513942,0.12531235814094543,0.11436857283115387,0.12344058430098537
2025-01-14,0.09872156521775777,0.135037311257,0.13970910839171558,0.13894129160108837,0.13690345979989935,0.12271840030901016,0.1008420357263047,0.12671904265880585,0.11279355734586716,0.12551812797609874
2025-01-15,0.09743605327758982,0.0880371933896,0.12152728994639155,0.12172310512518009,0.1190516453770866,0.10189161613999174,0.1001411074881275,0.12266378849744797,0.11566945910453796,0.11466685881125192
2025-01-16,0.0964381834526974,0.0937750198041,0.11949039182178119,0.11949579565593507,0.11723681162684274,0.10718256312364233,0.1016248368023751,0.11938821524381638,0.11492455750703812,0.11419188168306156
2025-01-17,0.09613815705405071,0.065068607164,0.10434242252108843,0.10462097526570613,0.10338327151783602,0.0946742093994819,0.10048267512092073,0.112872414290905,0.11532480269670486,0.10510011011609187
2025-01-21,0.09600218667745918,0.0825400417946,0.10653446573204944,0.10672640158121603,0.10514955274709537,0.09639027833275732,0.10658417237567759,0.10929924994707108,0.11495708674192429,0.10652017249397017
2025-01-22,0.09754778013451541,0.041352600922,0.0878625673495994,0.0880289283162059,0.08806307986526464,0.09095968281891526,0.10067417427037928,0.10180576890707016,0.11519841104745865,0.09608465893927047
2025-01-23,0.10043558591094791,0.0486350970124,0.08798782854324164,0.08823340506192565,0.08840552881026575,0.08198172065330181,0.09301245976173325,0.09634416550397873,0.11348802596330643,0.09277901918539332
2025-01-24,0.10497595828015575,0.0545623122696,0.08751137699717548,0.08727485425405515,0.0881693048795832,0.0845841846467051,0.09301245976173325,0.09233081340789795,0.11407109349966049,0.09242201249240152
2025-01-27,0.10430035481529965,0.124745806641,0.11298906276312887,0.11386886038311266,0.11266967225260814,0.09870389612720203,0.10206915473778776,0.0964057445526123,0.11598101258277893,0.10752677191417581
2025-01-28,0.10905884581628855,0.0932086803516,0.10406130534953714,0.10477754014325408,0.10386384635783855,0.10555073538450596,0.09246635840253777,0.0969298854470253,0.11193161457777023,0.10279732652320986
2025-01-29,0.11353959148554041,0.130883742306,0.12123953564724052,0.12165231774219024,0.11957838872098464,0.11059189414690114,0.09751209404346649,0.10221534967422485,0.1268114149570465,0.11422871356172205
2025-01-30,0.11739073462084731,0.13709022251,0.12879581439254148,0.1285361645924882,0.12606994781054626,0.1064729966459346,0.09715749183372956,0.1081080362200737,0.12305372953414917,0.11688488300420899
2025-01-31,0.12317632885346519,0.12093480296,0.12825280720333898,0.12624585132436478,0.12570194707409707,0.10125415637387947,0.09829965351518392,0.11195098608732224,0.12119109183549881,0.11612807048766931
2025-02-03,0.1257054745801033,0.175138496824,0.14796584955613237,0.14868858136216262,0.14437192006131605,0.11831103386577821,0.09741926804811012,0.12023771554231644,0.12387802451848984,0.12869605613632937
2025-02-04,0.13287671592748296,0.0787743803717,0.11776107382075508,0.11799236842097413,0.11604226634793585,0.10993950545580253,0.10149863267620886,0.11720781773328781,0.12741440534591675,0.11540800997155443
2025-02-05,0.14255328928038455,0.0741456080079,0.11295111300552818,0.11320300195604047,0.11155254100545534,0.09666484344878203,0.09396312229372906,0.11355169862508774,0.1250399351119995,0.10956089363523176
2025-02-06,0.14854618284268029,0.0738487530769,0.10877463171545937,0.10854499664607614,0.10765919743791971,0.09058005109662268,0.09301245976173325,0.10971798747777939,0.12060441076755524,0.10555624784330654
2025-02-07,0.1556948786309267,0.165416106022,0.1394218058703413,0.13690018872259685,0.1360202146552365,0.11055049760583185,0.09829965351518392,0.11570153385400772,0.11711873859167099,0.12200180468783846
2025-02-10,0.15980661410783384,0.0463340068812,0.0948781457262988,0.09510620309034945,0.0950604485251206,0.08909611529782104,0.09265785755199632,0.10720730572938919,0.11175302416086197,0.09796558572597677
2025-02-11,0.16423056970281788,0.0534030358101,0.09563826336103724,0.09595638753707689,0.0959260848151255,0.105011708422055,0.09583812256004201,0.10153297334909439,0.10139669477939606,0.09875717640340387
2025-02-12,0.165202421437581,0.0963327496769,0.11039157399597807,0.11116742093785595,0.10962939082313933,0.10465357402218778,0.09405397149381921,0.10528918355703354,0.09666062146425247,0.1045493908991809
2025-02-13,0.16656703187655267,0.0758363717921,0.1044706759498455,0.10503394196122653,0.10389252232744783,0.0978696919920037,0.09405397149381921,0.10403677821159363,0.0935683399438858,0.10041798883997459
2025-02-14,0.16863851077358813,0.0495492204234,0.08918117963620212,0.08932668056805682,0.0901645135757147,0.08982514583037093,0.09405397149381921,0.10113777220249176,0.09544945508241653,0.0927341026270103
2025-02-18,0.17096536230660642,0.0687827600163,0.0965056912056122,0.09707184631017232,0.09691891546959852,0.09160639951941135,0.09405397149381921,0.09982720017433167,0.09074371308088303,0.09524681960768976
2025-02-19,0.17330683429603808,0.05495985748,0.0925347083003191,0.09302797412324308,0.09331295083792357,0.0813282234496561,0.09405397149381921,0.09847427159547806,0.08994200080633163,0.09181058580096725
2025-02-20,0.17450109363287325,0.0791468584761,0.09867728204746559,0.09860989473959648,0.09900482613298975,0.09526977196679032,0.09405397149381921,0.09819725900888443,0.09187682718038559,0.09652711893856163
2025-02-21,0.17426868179250452,0.0893989843996,0.10264146133679355,0.10073845361226214,0.10364059690155432,0.0960895752888039,0.0976427403343163,0.09845905750989914,0.1003294363617897,0.09993447447791702
2025-02-24,0.17280942935695495,0.119882694045,0.1162393803012719,0.11554371579213238,0.11632828255475244,0.10796009570145829,0.10244665471495577,0.10031477361917496,0.1070752814412117,0.10941545487499392
2025-02-25,0.17101433436671443,0.150208484484,0.13045498422937207,0.13009192240222622,0.12927854059499586,0.11947671743791648,0.10244665471495577,0.10366786271333694,0.10532312840223312,0.11724854435643377
2025-02-26,0.17178336250453013,0.112215740552,0.12257759385383578,0.12261187733759227,0.12189318215317196,0.11745578760257638,0.10180162484224403,0.10547411441802979,0.10839685052633286,0.11431586153339758
2025-02-27,0.16973694527240674,0.173229566335,0.1470237162528686,0.14538149156875407,0.14503615900536976,0.12015347671494692,0.1158986073512498,0.1097109392285347,0.11449480056762695,0.12824274152705012
2025-02-28,0.16940267607338438,0.195130983348,0.16028388788732986,0.1616385780915589,0.15572499686265923,0.12668405714815237,0.10442189185280953,0.11460412293672562,0.11773990094661713,0.13444249081797893
2025-03-03,0.1674223487582778,0.193571665412,0.16446776737799956,0.16129085296496906,0.1611308191767816,0.1400994561015526,0.12421486327764086,0.11891838163137436,0.12306470423936844,0.14188383496709808
2025-03-04,0.16500766859816668,0.209412316452,0.1729331508233068,0.1721027352271396,0.16916228535233097,0.14280570857460712,0.12527721690217383,0.1232527568936348,0.12633436918258667,0.14740974613653998
2025-03-05,0.16296240510828994,0.209504459168,0.17909129732450188,0.1799712843482526,0.17376619074733596,0.1461321492352188,0.1338061888622198,0.12747055292129517,0.13801458477973938,0.15403603545979477
2025-03-06,0.1846418398806901,0.212477914675,0.18245798106891936,0.18165546944745897,0.1786191000620236,0.15712015547780733,0.14135050281251058,0.13104790449142456,0.14428576827049255,0.1595052688043767
2025-03-07,0.28395476173370715,0.247925720359,0.19617305401341606,0.19692501734570816,0.18962416979430025,0.1584633261577245,0.15709905506090452,0.13570469617843628,0.14264076948165894,0.16809001257602124
2025-03-10,0.29769010131037676,0.205155379001,0.18367720128104256,0.18277747733782948,0.1807835389619633,0.16107643976125238,0.2473788906928827,0.1379193365573883,0.14171746373176575,0.1764757640463035
2025-03-11,0.3311073463322528,0.270251643513,0.2067990057177888,0.20719190052499964,0.2015937450382666,0.18043884510954475,0.28717710325303863,0.14282916486263275,0.14566431939601898,0.19595629770032716
2025-03-12,0.34962148154800554,0.171432997082,0.17445904307297244,0.17323551159941963,0.17043670681559636,0.16264912517066232,0.15927055087331457,0.14256514608860016,0.15993288159370422,0.16322128074489567
2025-03-13,0.35350797310253473,0.181537689178,0.17513652074851677,0.1733870390404447,0.17152287238734734,0.15530991144037007,0.15559221487064984,0.14278319478034973,0.16072776913642883,0.1620656460577296
2025-03-14,0.3555095292522174,0.126504383967,0.15053705690683916,0.1509465533064353,0.14712024622268952,0.1279342760537138,0.1508015968030395,0.14827728271484375,0.14433500170707703,0.14570743053066257
2025-03-17,0.3563642250088743,0.123525756555,0.1442181837058042,0.1442814771254505,0.14081632249537002,0.1265750163294688,0.13930051805673235,0.1448664665222168,0.13894692063331604,0.13985784355262268
2025-03-18,0.3581723562440781,0.130525555382,0.1370016562740115,0.13637911454792423,0.13514509403078478,0.12473058093280812,0.1403421160446016,0.14120936393737793,0.13409583270549774,0.13555767978185798
2025-03-19,0.35884134027427944,0.146032296846,0.1397274027216308,0.14076955189416912,0.13649247508166895,0.1193078988351658,0.13029400034714533,0.1390673965215683,0.13988523185253143,0.13507770817912568
2025-03-20,0.3587973018925209,0.141240092541,0.1354625580876915,0.13560961943633537,0.13246935317096553,0.12306601930962038,0.13260786769304217,0.13704103231430054,0.1333707720041275,0.13280388885944044
2025-03-21,0.35990080895587717,0.122421629539,0.12939014120293474,0.13020116969849618,0.12655207474343644,0.12145010365934239,0.13397056375954106,0.13488991558551788,0.1283448189496994,0.12925696965699546
2025-03-24,0.36237595018620095,0.0793092408166,0.1135861993132816,0.11391163653558421,0.11136523492393158,0.10587610370071993,0.11585332856397208,0.13125787675380707,0.12373565137386322,0.11651229016645138
2025-03-25,0.36315190969804195,0.0611219614554,0.1036608702624984,0.10382345954934774,0.10221506481207873,0.10859379644576891,0.11269233393904518,0.12707139551639557,0.11554038524627686,0.11051390082448734
2025-03-26,0.3639485406743816,0.0979870714915,0.11159544164607141,0.11068961771079852,0.11027845276299217,0.1092612778458262,0.11399908105562519,0.12517116963863373,0.11471158266067505,0.11367237476008889
2025-03-27,0.3640980462342884,0.134641802541,0.12217120186907542,0.1225732537053766,0.12011252673763251,0.12366949228263789,0.11729793646283779,0.1251177191734314,0.11668789386749268,0.12109000344264062
2025-03-28,0.3643101395654455,0.123821358217,0.1189952931935286,0.11707930874989583,0.11875468551161228,0.1254242710014917,0.14207543514820112,0.12479715049266815,0.1201639175415039,0.1238985802341288
2025-03-31,0.36410802372149176,0.188932416861,0.14563461573087744,0.1473254508965679,0.14272275166244977,0.1407861809566941,0.1435215896818391,0.12843510508537292,0.12504814565181732,0.13906769138080266
2025-04-01,0.36410830314918446,0.153174703889,0.14108364181445426,0.14188578076316444,0.13828285873113297,0.13435125379618237,0.13598512828665937,0.13049855828285217,0.12214101850986481,0.13488974859775865
2025-04-02,0.3631558805547453,0.164306307742,0.14884270536653782,0.14995782235046845,0.14505093481058576,0.13210478794848768,0.1345873396423434,0.13313579559326172,0.12148824334144592,0.13788108986473296
2025-04-03,0.3616402172044918,0.172643067753,0.15392600376326607,0.1517176631344051,0.15473978867393728,0.1535740414136514,0.2435399772427744,0.13571473956108093,0.1280689835548401,0.16018302819199362
2025-04-04,0.3495602020746172,0.450998890129,0.2580788505389573,0.25810043245598113,0.25979549098822563,0.2363755898431426,0.286993668468115,0.15319152176380157,0.14883531630039215,0.22876726719408794
2025-04-07,0.27338255900826447,1.01919517955,0.48053675257519607,0.4889037258186807,0.46356454910879197,0.3736377864433193,0.32253577491294966,0.201778843998909,0.17058034241199493,0.3573625393242631
2025-04-08,0.2562136074607483,0.458104369526,0.3321055827398195,0.33123071910016855,0.33128859560639823,0.2830786145240156,0.37269051923310004,0.21757687628269196,0.18396691977977753,0.2931339753237102
2025-04-09,0.20401501516753712,0.71714865735,0.4445972340046974,0.44576303743742407,0.41333198518699066,0.2882774783393971,0.2895239632705059,0.24931040406227112,0.18184883892536163,0.3303789916038068
2025-04-10,0.16780654059429387,0.542267912886,0.4158269610999543,0.41540263432223923,0.39605806617725864,0.2756297574871447,0.2895239632705059,0.2701967656612396,0.1942952424287796,0.32241905577816027
2025-04-11,0.15547063111971085,0.300570745456,0.3332945812210804,0.332578810547085,0.31726445931417835,0.21693528077739133,0.28862115205420963,0.27515819668769836,0.18831364810466766,0.278880875529473
2025-04-14,0.14963667031908187,0.214021644575,0.258451536153589,0.25682714632012926,0.24760476608214618,0.1829635671493136,0.17800945810193575,0.4246143102645874,0.20273752510547638,0.2501726155967397
2025-04-15,0.1464408555010097,0.167438817335,0.22449329220718894,0.22326925870163333,0.215771321990135,0.1652370242874623,0.1536208793380161,0.3275816738605499,0.15830227732658386,0.20975367538736706
2025-04-16,0.13986571760611105,0.210162829121,0.2019713356220284,0.2015182805114443,0.19760416988264976,0.16692075137194606,0.25699064289602885,0.2535475194454193,0.14419496059417725,0.2032496657605277
2025-04-17,0.13545986511563934,0.177196265995,0.16690783937666076,0.16738484482605923,0.16422643886991858,0.15734211962124278,0.1536208793380161,0.20897433161735535,0.13657163083553314,0.16500401206925513
2025-04-21,0.13341546785366531,0.138870757205,0.1444316201947609,0.1436754144835261,0.14632033533355365,0.15813602462390908,0.24934560217296817,0.17762188613414764,0.13845393061637878,0.1654264019370349
2025-04-22,0.13250953224099918,0.177881737836,0.1533930127431744,0.154109382905658,0.15256808813844308,0.16055771529706486,0.25039448987608115,0.17175838351249695,0.13295581936836243,0.16796241312018298
2025-04-23,0.1266220432824696,0.209361965004,0.1653383234801126,0.16525457949802858,0.16213447401506553,0.16584432863383153,0.14702472631806832,0.17634262144565582,0.13220733404159546,0.15916376963319395
2025-04-24,0.12598964796217665,0.124733633378,0.13421989203415025,0.13445287768876113,0.13188716462119746,0.1507944243492274,0.14327295280781752,0.16446155309677124,0.12925153970718384,0.14119148632930126
2025-04-25,0.12249656487665114,0.147530714615,0.13866231644205268,0.13913430418916484,0.13497759635992332,0.1462360085691568,0.14327295280781752,0.1622365415096283,0.12359149754047394,0.1411587453454596
2025-04-28,0.12005302355016971,0.142878277762,0.13741674235556384,0.13763592196596994,0.13392600910377306,0.14784967084148265,0.14432184051093055,0.1606316715478897,0.11745364964008331,0.13989078656652756
2025-04-29,0.11990062072855671,0.136293909037,0.13259528169380538,0.133178083855888,0.12900251994664855,0.1478026552445307,0.13751969742479295,0.15851518511772156,0.11339418590068817,0.13600108702629649
2025-04-30,0.11648389486265473,0.180565047151,0.14355827785997194,0.1444279590373022,0.13964655636186038,0.14987374445409316,0.14327295280781752,0.16352882981300354,0.12039867043495178,0.1435295701098572
2025-05-01,0.11360257403346634,0.153188651902,0.13751432083353704,0.137366986524982,0.13348620361997682,0.14727788506768985,0.1364708097216799,0.1621984839439392,0.11928316950798035,0.1390854084599693
2025-05-02,0.11169868062157225,0.111582449826,0.12283463692500304,0.123226340079893,0.1189054276902701,0.1286129729020937,0.13064863099966723,0.15529336035251617,0.11023910343647003,0.12710863891227334
2025-05-05,0.11105645726377553,0.0820740173607,0.11015873854953942,0.11047584219558296,0.1077784245490527,0.12597277794472486,0.12892258630847922,0.14767856895923615,0.10035091638565063,0.11876255069889512
2025-05-06,0.11032288652648642,0.151599639072,0.13189296861111738,0.13246705755090793,0.12863003020925795,0.1360317841758669,0.13699304808277443,0.15451526641845703,0.09289015829563141,0.13048861619200186
2025-05-07,0.1025269069156385,0.205470865651,0.1503579230840614,0.15114093735544515,0.14561163214942763,0.14547463466241203,0.1364880042111799,0.16576555371284485,0.08680342137813568,0.14023458665050095
2025-05-08,0.0986098104734753,0.137531029297,0.13192846847477133,0.1324300414912564,0.12910405159579746,0.13227555745378347,0.13288456426115391,0.16093319654464722,0.08115299046039581,0.12867269575454365
2025-05-09,0.09726299078055291,0.0990615254256,0.12079751066751784,0.12026814568080205,0.11909920672786725,0.1291887652593612,0.12899416026562086,0.1532105654478073,0.07750655710697174,0.1212949873079926
2025-05-12,0.09707445966933383,0.106440457753,0.12659741855618195,0.1269236773067529,0.12331388066008746,0.12231311124658717,0.11196036616650706,0.15134476125240326,0.07098615169525146,0.11906276669768161
2025-05-13,0.09677723320934485,0.0812188191824,0.11573269130864086,0.11594865920303771,0.1138091579487465,0.11489109520453779,0.10423632590355834,0.1455182582139969,0.07905407249927521,0.1127414657545419
2025-05-14,0.09741132563203686,0.0917910648053,0.11774274871629603,0.11834859217725854,0.1158442602820338,0.11589273651874077,0.16485566140197522,0.14015361666679382,0.15515059232711792,0.132569744012888
2025-05-15,0.09635244812183612,0.0903624353352,0.11471350117786473,0.11373266869277304,0.11305436229251399,0.11451534802668024,0.13168526570312508,0.13548046350479126,0.15070772171020508,0.12484133301542191
2025-05-16,0.09679344213423924,0.0680867503841,0.10670328432768554,0.10536144602376064,0.10596958242021577,0.11489051421550603,0.13168526570312508,0.129831463098526,0.1472117006778717,0.12023617949524154
2025-05-19,0.09827742525809027,0.0769713887868,0.10749489643726004,0.10522086014430745,0.10739582265387226,0.1135662299948764,0.13168526570312508,0.12633396685123444,0.14248448610305786,0.11916878969824765
2025-05-20,0.09929186740793185,0.0879865860317,0.11084483118226685,0.11130667147973441,0.11044194438652816,0.11998155614559324,0.13594559752760382,0.1250808984041214,0.13665810227394104,0.121465657342827
2025-05-21,0.09583722700148789,0.163042274181,0.13572948263402468,0.13759395449885867,0.13411104701617999,0.13271455609533214,0.15904823894502512,0.13264745473861694,0.13908587396144867,0.1387043725556409
2025-05-22,0.09353534594185622,0.108600701225,0.12130093268678427,0.12172095976288547,0.12103986748052992,0.12449747021157564,0.1253566221603883,0.1332002878189087,0.13920685648918152,0.12661757094432197
2025-05-23,0.09106020744188495,0.110470447707,0.1239433976603958,0.12372429470218443,0.1245620238192324,0.1353628323686792,0.1275279902319624,0.13453608751296997,0.13745342195034027,0.12958714974939492
2025-05-27,0.09073455363866005,0.0594783071934,0.10860800950187474,0.10584912129375379,0.10873508110707109,0.11991189993076647,0.11533352945453856,0.1302473545074463,0.13851216435432434,0.11817102287853933
2025-05-28,0.09007242214760121,0.0892632256446,0.116982615202947,0.11810453187319989,0.11664531357445482,0.11383454297386346,0.1204247206017221,0.1300020068883896,0.1406133472919464,0.12237243977236047
2025-05-29,0.08641955785462038,0.133446872497,0.12783718526825308,0.12943983060273395,0.12628181905044766,0.12127907173453997,0.112181659422486,0.13334336876869202,0.14154818654060364,0.1274158744839652
2025-05-30,0.08372404471765611,0.125071393171,0.12633632389209948,0.12658561356083325,0.1250144161918785,0.13298751048823237,0.13428609596894825,0.13517525792121887,0.1471768021583557,0.13250886002593806
2025-06-02,0.08147721112558087,0.0976972437133,0.1178700713497571,0.11727298368628683,0.1173294571003986,0.12051944633797457,0.11962782303843311,0.13358119130134583,0.1493687629699707,0.12508139082630954
2025-06-03,0.08087902943259866,0.0586745434256,0.10674509972292694,0.10552337356881697,0.10713169078912693,0.10867987746042594,0.11505399643224395,0.12867897748947144,0.15215450525283813,0.11770964581655005
2025-06-04,0.08152327278136691,0.0610893994137,0.10588188249394559,0.10637897796187808,0.10653253388402573,0.10992196666071247,0.11297079337633412,0.12491738796234131,0.15305614471435547,0.1170942410076561
2025-06-05,0.07716534758030161,0.13990033949,0.12844964079957052,0.13009419448180287,0.1269596095018979,0.11912748703501928,0.12089160771357142,0.12975510954856873,0.15374335646629333,0.129860143649532
2025-06-06,0.07585430128731238,0.085857154533,0.11111202616454438,0.11184288789433175,0.1108232847499457,0.11437617593160562,0.11297079337633412,0.127364844083786,0.1533466875553131,0.12026238567940865
2025-06-09,0.07565898132585133,0.0486772400419,0.09789392069648371,0.09771918545033899,0.0996245787389502,0.11342514510676913,0.11783231588544202,0.12127569317817688,0.1481577754020691,0.11370408777974715
2025-06-10,0.07544486984067983,0.0653702803487,0.10285643452386424,0.1026677845407589,0.1039409797935932,0.10586309743575817,0.1123922441205703,0.11870212852954865,0.146445631980896,0.11326690013214136
2025-06-11,0.07324736053675326,0.102762635629,0.11556935190604523,0.11669828189627006,0.11541850604119908,0.11046627072636049,0.09926386653227136,0.12108941376209259,0.15292486548423767,0.11877579376406808
2025-06-12,0.07311779397184191,0.0733929266906,0.1037705091939739,0.10198025338848847,0.10522532741562436,0.11135346586756995,0.1024166791372661,0.11881899833679199,0.15157943964004517,0.11359209613996571
2025-06-13,0.07494800717206242,0.104935232151,0.11375506918122644,0.11379735962398967,0.11567854503736921,0.12288715584263471,0.10672474811608226,0.12277618050575256,0.15120303630828857,0.12097458494504906
2025-06-16,0.07451439308702179,0.0621027823129,0.10193826303434371,0.1013768928112215,0.10412292417472029,0.12274178592124643,0.10256628231722949,0.12203606963157654,0.14790917932987213,0.11467019960288716
2025-06-17,0.07309646804308427,0.0801530123043,0.10796371946342964,0.10830789094992421,0.1109262570060555,0.12461657741776092,0.10840504204423775,0.12207908928394318,0.13613218069076538,0.11691867955087379
2025-06-18,0.06966374078591962,0.109561462523,0.11690947137145019,0.1177505742860547,0.11815186862876781,0.12659178193820833,0.10495763556559502,0.12284478545188904,0.13608528673648834,0.12047020056835048
2025-06-20,0.06718538778150648,0.109318407871,0.11870064363458926,0.1199764825081286,0.11975865535885769,0.12645095113327748,0.10495763556559502,0.12358194589614868,0.12540265917778015,0.11983271046776812
2025-06-23,0.06386046534271889,0.111474953401,0.11967480338435338,0.11748378192857589,0.11978605037963397,0.12372572605177021,0.1022822873801171,0.12425066530704498,0.12035888433456421,0.11822317125229424
2025-06-24,0.06375441517152111,0.0513803113094,0.1015489773329966,0.10118102475743375,0.10306502429247506,0.11118455924649528,0.09291218981252818,0.12315770983695984,0.1152581125497818,0.10690108540409579
2025-07-03,0.07046066445588346,0.0374594834255,0.0952629599231379,0.09421088690677737,0.09751024443702473,0.10382221980149886,0.11079688332921331,0.12058591842651367,0.13563208281993866,0.10826017080630064
2025-07-07,0.07045241302319318,0.0770004765197,0.10511206865924375,0.10590857166149655,0.1072256658669758,0.11311903376235737,0.11522523883543864,0.11971364915370941,0.1428855061531067,0.11559853344176117
2025-07-08,0.07104571863722262,0.0710597572164,0.10141095457856375,0.10130112466603172,0.1035366895753064,0.11317501716550366,0.11079688332921331,0.11898364126682281,0.14907680451869965,0.11404015930002019
2025-07-09,0.07342919893805869,0.056200696375,0.0942156430519082,0.09437420539032747,0.09690019869845592,0.10916231423917364,0.0938330484005544,0.11788836121559143,0.15087853372097015,0.10817890067385447
2025-07-10,0.07407867574952404,0.0418091946725,0.08949220971239791,0.08898280099962305,0.09281872500263007,0.1061522155127654,0.0938330484005544,0.11679677665233612,0.1489158272743225,0.1052845147935185
2025-07-11,0.07440923151671115,0.0599488038506,0.09592244946997504,0.09570169761042045,0.09878969807194803,0.10797913911744089,0.11079688332921331,0.11660891771316528,0.15048491954803467,0.11089767212288539
2025-07-14,0.07463593993180712,0.0608141063263,0.09532848967595706,0.09506055077885239,0.09889319662404691,0.11863169246545535,0.11766884156896375,0.11635512113571167,0.14823707938194275,0.11288213880441855
2025-07-15,0.07415149971244492,0.0706277357139,0.09817389059777622,0.0989858359050607,0.10162740507245402,0.11566878790555761,0.11417960735950303,0.11635266244411469,0.15568511188030243,0.11438190016639552
2025-07-16,0.06990901045655502,0.129237125492,0.11906276742491675,0.12046542119947783,0.11932746339440367,0.12084968253816292,0.1279663282474229,0.11817470192909241,0.15866117179393768,0.1263582195039163
2025-07-17,0.0706187618170486,0.0499576473659,0.09631844215752633,0.09555231304699832,0.09915355988760717,0.10922493152327412,0.11079688332921331,0.11762331426143646,0.16018179059028625,0.11269303354233458
2025-07-18,0.07087830181635985,0.0450464372578,0.09410372198620126,0.09424013620931627,0.09724983106487652,0.1067101924601262,0.11079688332921331,0.1171271800994873,0.15812160074710846,0.11119279227090419
2025-07-21,0.07227735599185156,0.0413826051432,0.09203084666548292,0.09190294092234286,0.09557571061679043,0.10903404343691225,0.11079688332921331,0.11649920046329498,0.15670710802078247,0.11036381906497418
2025-07-22,0.07442214950071006,0.0694848535419,0.10017367455790575,0.10058246670377027,0.1026344112025743,0.112109091193665,0.09835258208771683,0.11660860478878021,0.1525985449552536,0.11186562506995226
2025-07-23,0.07644252522973871,0.0572416106243,0.09287584013569522,0.09217767748821554,0.09597432427616931,0.10391531440816773,0.0938330484005544,0.11584892868995667,0.15446332097053528,0.1070126363384706
2025-07-24,0.08131539321838369,0.0485358755131,0.08984258504539837,0.0897472547059686,0.09326057563067836,0.10429909702531028,0.09446271085415514,0.11328370869159698,0.15761999785900116,0.1060737042588727
2025-07-25,0.08154559883415267,0.0303488797858,0.08376810453548059,0.08330783218913032,0.08785000458946525,0.09764124975255634,0.10162467555789481,0.11215649545192719,0.15945608913898468,0.10368635017363416
2025-07-28,0.08201487053732291,0.0391585294399,0.08620753932483342,0.08639000782856568,0.09004695933956247,0.10346975049636102,0.09446271085415514,0.11156393587589264,0.15732504427433014,0.1042094211419572
2025-07-29,0.08168003933144548,0.0549957297942,0.09004890752406032,0.09034264655932306,0.09381966477044182,0.10037669517272285,0.09882292314006352,0.11141650378704071,0.15801933407783508,0.10612095357592675
2025-07-30,0.08003087732414334,0.0926904699208,0.10285635830262374,0.1037561419774902,0.10499329545512716,0.10989078592063503,0.09446271085415514,0.11239483952522278,0.16886217892169952,0.11388804442242194
2025-07-31,0.07818162388045978,0.108887807386,0.11071860530079439,0.11196263069521081,0.11208493203527067,0.1134398803729199,0.10105632506520767,0.11391332745552063,0.1628776639699936,0.11800762355641682
2025-08-01,0.07622390112446673,0.115336411038,0.1170345381447577,0.11781606886464126,0.11935225507155822,0.12194610600811824,0.10886878135696079,0.11572682857513428,0.16825082898139954,0.12414220100036714
2025-08-04,0.07674249296760224,0.058851570046,0.1016423050021893,0.10080088408746385,0.10405155158684237,0.11716603728547288,0.11150091222845522,0.11583618819713593,0.16807207465171814,0.11700999329132537
2025-08-05,0.07583864989593683,0.0768417591809,0.10802416495107177,0.10881939711323697,0.10995248571953381,0.11428737281158131,0.10052853898948706,0.11658002436161041,0.1600980907678604,0.11689858210205453
2025-08-06,0.07725701561593536,0.0825377092565,0.1091512393562443,0.10896152956141794,0.11018955293249041,0.10991908731654139,0.09756228246327411,0.11714623868465424,0.16073420643806458,0.11623773382181242
2025-08-07,0.07495223446523046,0.101931024684,0.11443416081634535,0.115111442698396,0.11487624008940239,0.11511533239137627,0.09979568438841827,0.11798095703125,0.15987364947795868,0.11959820955616385
2025-08-08,0.07462378741865411,0.0613177836003,0.09980505256055108,0.09877644316886944,0.10145925017669967,0.10762457458291161,0.09320207017736573,0.11725305020809174,0.16171707212924957,0.11140535900053412
2025-08-11,0.07441271348068204,0.0680045094043,0.1022339874420022,0.10245602096287189,0.10391717995248413,0.10611377731986694,0.09756228246327411,0.1170521080493927,0.15774358808994293,0.11243984918283356
2025-08-12,0.07383777303168941,0.0663923279816,0.10122095473522298,0.10164953762619779,0.10236118549628755,0.10161733096254154,0.09808386559935095,0.11679616570472717,0.15866118669509888,0.11148431811706098
2025-08-13,0.07346029424252233,0.0589459585906,0.09782294407387501,0.0980776635862313,0.0992606555425812,0.10836410850939515,0.09929264799434867,0.11627045273780823,0.1572360098361969,0.11090349746863379
2025-08-14,0.07281094314525613,0.0621896784602,0.09668771020463694,0.09645786237888077,0.0984620169178534,0.10642157126356713,0.09320207017736573,0.11570565402507782,0.157297283411026,0.10917630976834396
2025-08-15,0.07177959633915254,0.0677517664645,0.0986255447755282,0.09925722453050716,0.10040761672350283,0.1018946746326,0.09410884815255505,0.1153867095708847,0.15617045760154724,0.10940729656958932
2025-08-18,0.0784295091464895,0.0529186981452,0.09352544848930092,0.09364830522524435,0.09602559588370005,0.10105103886022575,0.09808386559935095,0.1147470623254776,0.1527966558933258,0.1071254246109465
2025-08-19,0.07822090283551629,0.0769314821467,0.10106577973606501,0.1011202298731768,0.10281817031440711,0.10608924059006233,0.10244407788525933,0.11498373746871948,0.14870396256446838,0.11103217120459406
2025-08-20,0.0753662433892177,0.106937308558,0.11231368626766294,0.11328888873142515,0.11280520865440363,0.11280103616253545,0.09979568438841827,0.11623610556125641,0.14739808440208435,0.11637695630968374
2025-08-21,0.07266029024101817,0.0983741422221,0.11172161651361494,0.11200732570057412,0.11269087698983152,0.11761934900880701,0.10052853898948706,0.11716076731681824,0.14794215559959412,0.11709580430267529
2025-08-22,0.06752368491987533,0.136011525018,0.12578300881351742,0.11707619986981267,0.12315135859524864,0.11488050658620726,0.09260099642355706,0.11850502341985703,0.14305609464645386,0.11929331262209342
2025-08-25,0.0681987091123634,0.0413325092199,0.09765946477171862,0.09798131004779913,0.09869840724222326,0.1044967703289125,0.08279740511561393,0.1176237091422081,0.14081141352653503,0.10572406859643009
2025-08-26,0.07079517317957744,0.0560823566603,0.10085679996323325,0.1003707131660091,0.1013981621405897,0.10023639389083902,0.08864825216272597,0.11738034337759018,0.1390027403831482,0.10684191501201935
2025-08-27,0.07255616100965734,0.0432841408622,0.09379106673055379,0.09348126768581948,0.09544535071158392,0.10218066647415432,0.08807610231289434,0.11650974303483963,0.1412455141544342,0.1043899587291828
2025-08-28,0.07260197454667827,0.054690819302,0.09480783274368829,0.09492671218811694,0.09620061961820929,0.09767272151850083,0.08580669675518275,0.11591769009828568,0.1437024176120758,0.10414781293343708
2025-08-29,0.07259654003114832,0.0755809455541,0.09769421947002378,0.0982219128606937,0.09934184763236398,0.10333386660180484,0.09004344450683659,0.11556496471166611,0.1446220576763153,0.10697461620852919
