date,target,persistence,har,shar,har_rv_iv,har_x_lasso,hgb,lstm,lstm_x,combination
2022-10-13,0.29943232053816765,0.301046489396,0.24504191883597992,0.21135901095202916,0.24715943389053915,0.2601379270459939,0.22705125250278652,0.2228592038154602,0.24477824568748474,0.23691242753289624
2022-10-14,0.16946683209678523,0.299432320538,0.25638515084342783,0.2710678291668166,0.25294942364378037,0.24647906524264918,0.22753547478286282,0.25030845403671265,0.24306514859199524,0.24968436375832065
2022-10-17,0.21235822451122538,0.169466832096,0.1894236132591891,0.1848914442464978,0.18843944543444913,0.19896061124524458,0.18007608689090973,0.2209639549255371,0.2227707803249359,0.19793227661810905
2022-10-18,0.17634302344767713,0.212358224511,0.21236978762092223,0.22156264278865917,0.20927459234977497,0.21331753817969762,0.18007608689090973,0.217319056391716,0.21415016055107117,0.20972426639610725
2022-10-19,0.19932534850533187,0.176343023448,0.1949845511417501,0.20097376459640262,0.1912327278809583,0.20102115955096525,0.1819231274850794,0.20476366579532623,0.20527911186218262,0.19716830118752351
2022-10-20,0.21365201351602564,0.199325348505,0.197197245127003,0.19983136173243873,0.19591186504686825,0.20927701944775073,0.19092080242848525,0.20280151069164276,0.20549258589744568,0.20020462719594775
2022-10-21,0.22144854232728647,0.213652013516,0.19695920763608377,0.18890400427459,0.19710141858639685,0.21146584693668102,0.19092080242848525,0.20400765538215637,0.20630884170532227,0.1993811109928165
2022-10-24,0.13205187352658349,0.221448542328,0.20535362017407321,0.2066780790692826,0.2036350020218383,0.21337791340163387,0.19092080242848525,0.20924685895442963,0.21154865622520447,0.20582299032499246
2022-10-25,0.16887097482514868,0.132051873527,0.15441513141016933,0.1473308412648367,0.1562257734722316,0.1716519963166561,0.15568387176070098,0.1812201589345932,0.19710883498191833,0.16623380116301517
2022-10-26,0.18767355039394337,0.168870974825,0.17192704645659945,0.17254133192677523,0.1712282680764939,0.18084189133320588,0.18007608689090973,0.17684707045555115,0.19771060347557068,0.17873889980215799
2022-10-27,0.10946467676845714,0.187673550394,0.18020564585066087,0.18729014615837403,0.17832405151073677,0.18760372244577078,0.19092080242848525,0.18066319823265076,0.19434404373168945,0.18562165862262398
2022-10-28,0.15018875362858966,0.109464676769,0.13269616014746619,0.12073430935239028,0.13389265819315532,0.1489123192043796,0.15568387176070098,0.15579456090927124,0.18148404359817505,0.1470282747379341
2022-10-31,0.1583213493529625,0.150188753629,0.14648810701838966,0.15062000166869943,0.14732655249383297,0.1599497590445002,0.1661154655631978,0.15278123319149017,0.17556872963905334,0.15697854980273765
2022-11-01,0.30805969502233166,0.158321349353,0.15286615487953048,0.1624315060356121,0.1528940469521836,0.16409860274354582,0.1724147494512878,0.1552601158618927,0.16969731450080872,0.16138035577498017
2022-11-02,0.18341236447267126,0.308059695022,0.23849906231320173,0.24549137135902657,0.2326121142817223,0.23161163322259246,0.2734358055294481,0.20771555602550507,0.18999764323234558,0.23133759799483453
2022-11-03,0.2702769425998748,0.183412364473,0.17682363493892994,0.17330212760882097,0.17291521331504076,0.19354719607533755,0.16890015923216847,0.19795651733875275,0.182900071144104,0.18090641709330776
2022-11-04,0.12655417781392284,0.2702769426,0.23356712008805197,0.2342458887266181,0.22377295457933755,0.21577244915630397,0.20229318948278618,0.22259415686130524,0.1875322163105011,0.2171111393149863
2022-11-07,0.17861465622080402,0.126554177814,0.16097915463113774,0.16263672568642495,0.15282108225140592,0.1609198342807829,0.140497869640366,0.1894790381193161,0.17697834968566895,0.16347315061358608
2022-11-08,0.16682929047955578,0.178614656221,0.1883202364524474,0.1912959331561675,0.17878048600342594,0.1751199782446633,0.1778978341755743,0.18732360005378723,0.1758432388305664,0.18208304384523316
2022-11-09,0.1786312641726078,0.166829290479,0.17011303863756605,0.1738111794574626,0.1652810506687014,0.16476398936566722,0.1670531186379988,0.1792573630809784,0.17800277471542358,0.17118321636625686
2022-11-10,0.14920567768271153,0.178631264173,0.17550766086919878,0.16402438127789207,0.1716200938278163,0.1757346399586082,0.1778978341755743,0.17910191416740417,0.17992380261421204,0.17483004669867228
2022-11-11,0.13690731733850314,0.149205677683,0.15071173138220212,0.14894982423441686,0.14635962996826293,0.13933734541794957,0.15161013216442404,0.17036594450473785,0.1800115406513214,0.15533516404618783
2022-11-14,0.21824994476857032,0.136907317339,0.14593653843471405,0.14909234614694666,0.13984971710350286,0.14144404474523373,0.14026635325397513,0.16308996081352234,0.17522913217544556,0.15070115609619147
2022-11-15,0.1112136204586075,0.218249944769,0.18887166545575784,0.18954102104077702,0.18211001954898082,0.17709388658066852,0.16641310693934025,0.16823816299438477,0.16949594020843506,0.1773948289669063
2022-11-16,0.13137913210882768,0.111213620459,0.13230251253592923,0.13648975462341495,0.12853304866068593,0.12801075456367345,0.14366940724326038,0.15801170468330383,0.16613292694091797,0.14187858703588369
2022-11-17,0.14618040545404162,0.131379132109,0.13792735505799403,0.1312646653328281,0.1355069411381986,0.13916175371508213,0.15108418536510992,0.1523597240447998,0.1638481318950653,0.14445039379272542
2022-11-18,0.09997696593033617,0.146180405454,0.14484613998549464,0.14746108978292255,0.14209317165856242,0.1458516149006198,0.16100797893730123,0.14993052184581757,0.16207346320152283,0.1504662829017487
2022-11-21,0.07816163914478765,0.0999769659304,0.11937797092021535,0.11921082436423462,0.11769608301929999,0.1288592183408143,0.1334844039339821,0.14226549863815308,0.15837305784225464,0.13132386529413628
2022-11-22,0.12065500773458017,0.0781616391448,0.09650698810358121,0.09272612694169413,0.09836341901635776,0.10933385221250844,0.11441361878711254,0.13120800256729126,0.154899001121521,0.11392157267858091
2022-11-23,0.04390594982287663,0.120655007735,0.11801251316770789,0.11418876921197778,0.11776107728821159,0.12290869749908141,0.1204349096341571,0.12830863893032074,0.15217101573944092,0.12482651735298535
2022-11-25,0.0884040092141776,0.0439059498229,0.07325881249406417,0.07282049950258342,0.07511992093942141,0.08545494496713088,0.08990542040542412,0.11584767699241638,0.15009835362434387,0.09464366127505489
2022-11-28,0.12065796448556058,0.0884040092142,0.08968907690651698,0.09268696277577414,0.0925009601363629,0.098542552441368,0.09401950680489156,0.11096659302711487,0.14961662888526917,0.1040031829967568
2022-11-29,0.19103476859639973,0.120657964486,0.10720800531343072,0.10895888533447674,0.11189589460321908,0.12182350301757207,0.12129997568493946,0.11167965829372406,0.14712899923324585,0.11857070306865827
2022-11-30,0.1444296077580549,0.191034768596,0.15116714130326636,0.13050849353755997,0.15167891830357794,0.15808171080944844,0.14754961339818629,0.12236844003200531,0.14786288142204285,0.14417388554372673
2022-12-01,0.12148379245411957,0.144429607758,0.13080154410561606,0.1345337269486117,0.12932035337090814,0.13497725301032834,0.1303587032063484,0.1261465847492218,0.14842894673347473,0.13350958744635846
2022-12-02,0.10753680838439274,0.121483792454,0.12671709024176814,0.12369893781120425,0.1234777511994487,0.12811942930497128,0.12700432982711465,0.12821973860263824,0.1463242769241333,0.1290802219873255
2022-12-05,0.13070690800155133,0.107536808384,0.12198379647016633,0.1272292926733332,0.11803985126513863,0.12424261911093559,0.12700432982711465,0.12806449830532074,0.1437520980834961,0.12718806939078647
2022-12-06,0.14728430165967044,0.130706908002,0.13414521624967218,0.13936692342312113,0.1318353116382048,0.14228882278425975,0.12700432982711465,0.13052454590797424,0.14339476823806763,0.1355085597240592
2022-12-07,0.1272848825321719,0.14728430166,0.1384114564579785,0.14016571468312095,0.13942179003358518,0.1475106111907482,0.1388269910157109,0.13281242549419403,0.14309093356132507,0.140034274633809
2022-12-08,0.11450940074886429,0.127284882532,0.12722077548355873,0.12628812914584234,0.1297989983000285,0.14583995690434542,0.14133642033819116,0.13191914558410645,0.14272910356521606,0.1350189327601841
2022-12-09,0.10155950738608376,0.114509400749,0.12052102477860999,0.12213994198934629,0.12266420056836186,0.1371999700699627,0.12890319744351958,0.12968778610229492,0.14112700521945953,0.12889187516736497
2022-12-12,0.26132440519206773,0.101559507386,0.11382795204855964,0.10919457021293624,0.1171485468053725,0.13086401139092244,0.12691498374102453,0.1261213719844818,0.1409100443124771,0.12356878292796776
2022-12-13,0.30312439276211345,0.261324405192,0.20220946009292803,0.21025723954288156,0.2019328732662357,0.20919280130091011,0.19794153596394476,0.15899015963077545,0.16751468181610107,0.1925769645162538
2022-12-14,0.1598574579039339,0.303124392762,0.23606614609170756,0.24656661807887842,0.22721628751452366,0.21420655890250698,0.2646580356768791,0.19953937828540802,0.17705583572387695,0.22361555146768297
2022-12-15,0.16240457987498996,0.159857457904,0.17005969402591503,0.17673509197721068,0.1609005924695059,0.1752950298518832,0.1510904321087673,0.18792007863521576,0.15867337584495544,0.16866775641620763
2022-12-16,0.12664774005129661,0.162404579875,0.17566188280539613,0.17930866672299678,0.16695315350472312,0.15463780922114045,0.1589413383037589,0.18111367523670197,0.14198458194732666,0.16551444396314915
2022-12-19,0.13389253851385147,0.126647740051,0.16069499741554272,0.16526244078297836,0.15228028284550493,0.14028402242399815,0.13860368083759209,0.16800962388515472,0.13847890496253967,0.15194485045047296
2022-12-20,0.11704594023823808,0.133892538514,0.15274444701355208,0.15359936575601985,0.14763251116800294,0.1374488713993214,0.13860368083759209,0.15782709419727325,0.1355556845664978,0.14620166499117992
2022-12-21,0.14650128714028557,0.117045940238,0.1279939498708394,0.12374872354441108,0.1268835454933132,0.12836148710324932,0.13860368083759209,0.14196550846099854,0.12928350269794464,0.13097719971547833
2022-12-22,0.1620687452752936,0.14650128714,0.140893000958234,0.14170558702377434,0.1378421883726351,0.137347655615972,0.13910995817920882,0.14017386734485626,0.1307910531759262,0.1382661872386581
2022-12-23,0.1096349204106812,0.162068745275,0.14822725959743843,0.14373742660102565,0.14710632459666634,0.14817431560924788,0.1538219922159064,0.14388900995254517,0.14423441886901855,0.14702724963454974
2022-12-27,0.13443098326614739,0.109634920411,0.12150252847929004,0.12117258068149256,0.12053008841398184,0.12490578743777808,0.12656070761850294,0.13297303020954132,0.1336805820465088,0.1259036149838708
2022-12-28,0.08682542905174728,0.134430983266,0.13334350593600608,0.13895473763552746,0.13320846389631644,0.13953192274869547,0.13860368083759209,0.13313835859298706,0.1365809291601181,0.1361945141153204
2022-12-29,0.14796295151455177,0.0868254290518,0.10774216736955451,0.1032825202883497,0.11005265498135215,0.11955876640051528,0.12039980277126341,0.12104041874408722,0.13017511367797852,0.11603592060472868
2022-12-30,0.19236241608853846,0.147962951515,0.13723378250364243,0.13797563538876753,0.13720291928765888,0.144394771372687,0.1415841523750023,0.12898610532283783,0.1387212723493576,0.1380140912285648
2023-01-03,0.19269182653109082,0.192362416088,0.16130028668887675,0.16501349156365147,0.15985398777722448,0.16134907237115173,0.16336038611374043,0.14587488770484924,0.15022435784339905,0.15813949572327046
2023-01-04,0.1473139041683262,0.192691826531,0.16883897309240642,0.1708559442294289,0.16652911148132432,0.16995665627987294,0.16392542594545126,0.15878452360630035,0.1617332100868225,0.16580340638880095
2023-01-05,0.17576051168368848,0.147313904168,0.14813552963027699,0.14636434426648814,0.14495669720413512,0.14607127755835006,0.1512840174487892,0.15515707433223724,0.15554186701774597,0.1496444010654318
2023-01-06,0.1175546095478931,0.175760511684,0.16969367031021437,0.16979339285288042,0.1644923543420339,0.1688361054195303,0.16904477203330376,0.1623229831457138,0.16163310408592224,0.16654519745565696
2023-01-09,0.13498084734771226,0.117554609548,0.13899472980628358,0.14212071853554104,0.13326983985922367,0.14336164936990695,0.12670661917373233,0.1507025808095932,0.14280766248703003,0.1397091142916158
2023-01-10,0.09182431158857876,0.134980847348,0.1422453981544487,0.14204279915222312,0.1389701839869992,0.1423049861499611,0.1360543377921889,0.14593787491321564,0.1390461027622223,0.14094309755875128
2023-01-11,0.18879474736122295,0.0918243115886,0.11249556434281735,0.11254196140460108,0.11092799096668488,0.1181608355182677,0.11218808052869464,0.12933990359306335,0.12390846014022827,0.1170803994991939
2023-01-12,0.09347695346603033,0.188794747361,0.16274029056711442,0.16373794339938674,0.1589508140899262,0.1559524196555198,0.16038251119231534,0.14519764482975006,0.13896560668945312,0.15513246148906654
2023-01-13,0.09588318374865532,0.093476953466,0.10972872162599119,0.10570952182813681,0.10620487026034987,0.09364285276416967,0.1069405497305768,0.13420110940933228,0.09797124564647675,0.1077712673235762
2023-01-17,0.10866975315670317,0.0958831837486,0.10917681690036106,0.10838587556856585,0.1053174942009861,0.10097763226521449,0.10278860015148385,0.12511561810970306,0.0910889208316803,0.10612156543257067
2023-01-18,0.12131093647530053,0.108669753157,0.11324946675310826,0.11809246962319195,0.11126439639841935,0.11519425154695812,0.12011291038675675,0.12012865394353867,0.09739674627780914,0.11363412784711176
2023-01-19,0.10723925412912941,0.121310936475,0.1220041002605233,0.12291405355801738,0.12044161478762194,0.1277755401092501,0.1205529633146405,0.1201794221997261,0.10532687604427338,0.11988493861057894
2023-01-20,0.12450610911452498,0.107239254129,0.10805951718429496,0.10156122565596498,0.10933442613377542,0.11309258896469218,0.1198113780092024,0.11601565033197403,0.10609011352062225,0.11056641425721803
2023-01-23,0.1282368774440036,0.124506109115,0.11913190090779557,0.11646582407508732,0.11809912264930883,0.12499656741807388,0.12011291038675675,0.11745304614305496,0.10681162774562836,0.11758157133224367
2023-01-24,0.12595664829148004,0.128236877444,0.12380755512139713,0.1252958421805142,0.1218889124649294,0.12689164249379628,0.12011291038675675,0.12027821689844131,0.10876943171024323,0.12100635875086832
2023-01-25,0.1526610795425265,0.125956648291,0.12423233190055988,0.12101494906927888,0.12160457119465748,0.12106111660263903,0.11937132508131866,0.12259239703416824,0.10600218176841736,0.11941126752157707
2023-01-26,0.1114013304007506,0.152661079543,0.13986754935436524,0.14262146561618483,0.13577551947517255,0.13944018153077023,0.13645065329235145,0.1296454221010208,0.11188067495822906,0.13366878090401343
2023-01-27,0.11509154078766692,0.111401330401,0.12043195594642729,0.12020432285766924,0.11648934655494539,0.12473883769722033,0.12009525291484432,0.12762707471847534,0.1083446741104126,0.11970449497142778
2023-01-30,0.1042605309756439,0.115091540788,0.1213664680546067,0.12196148373661773,0.1171570575923542,0.12366573203142288,0.11866442865527174,0.1263880878686905,0.10468286275863647,0.11912658867108575
2023-01-31,0.22637101617925384,0.104260530976,0.11406107624108767,0.10690307494077322,0.1128547718014497,0.12613966384136172,0.12720335026145965,0.1227554902434349,0.1115521788597107,0.11735280088418251
2023-02-01,0.14694561408264623,0.226371016179,0.18160118533195985,0.16462982204316123,0.17432930819735315,0.1720960527346787,0.15964269549975738,0.14420467615127563,0.13400013744831085,0.16150055391521384
2023-02-02,0.16730274912335422,0.146945614083,0.14284488613895796,0.14039268747970973,0.13565014311823004,0.15481745951929654,0.1405843737548503,0.14549480378627777,0.14219674468040466,0.1431401569253896
2023-02-03,0.10150123069642851,0.167302749123,0.15764263340067716,0.15770597042840456,0.148586213819641,0.14250437302687732,0.15698952085526238,0.15112221240997314,0.11916594207286835,0.1476738380019577
2023-02-06,0.20822773055423718,0.101501230696,0.12486446408082298,0.12657055168797926,0.11787676501790081,0.1262711310865871,0.11980429435284301,0.14267730712890625,0.10902845859527588,0.12387042456433076
2023-02-07,0.14258650891514246,0.208227730554,0.18541232994053464,0.18223649312972617,0.1752167919609377,0.17044283071383476,0.15698952085526238,0.1580405980348587,0.12716855108737946,0.1650724451032191
2023-02-08,0.13986466704609565,0.142586508915,0.146406348979034,0.14912506995008568,0.13855302859465246,0.1332738167781833,0.13630305510836996,0.15484149754047394,0.12234009802341461,0.1401204164248877
2023-02-09,0.11465415464506815,0.139864667046,0.14443834488076054,0.1497475382124318,0.1381367883453852,0.14063618870125122,0.13630305510836996,0.15180125832557678,0.12283670902252197,0.14055712608518536
2023-02-10,0.08790861627296381,0.114654154645,0.12765037235295829,0.1259431847853504,0.12466651846909685,0.13462843242863973,0.12877068268120698,0.14346076548099518,0.12164673209190369,0.12953809832716442
2023-02-13,0.18953095956835128,0.087908616273,0.11356861448958666,0.10889655643414939,0.11121888980250755,0.11832266502093251,0.11363518314697574,0.13250276446342468,0.11318053305149078,0.11590360091558104
2023-02-14,0.11628649401457421,0.189530959568,0.16046363154629822,0.1637187898178912,0.15637116042976137,0.1606396661748349,0.162173535345197,0.1436154842376709,0.13926827907562256,0.1551786495181823
2023-02-15,0.11136142543917979,0.116286494015,0.12322068439876091,0.12297926201476317,0.11902106696649038,0.1141488281748622,0.12176461442868465,0.13500463962554932,0.11108823865652084,0.12103247632366164
2023-02-16,0.1241931628884199,0.111361425439,0.1182959323905034,0.11905431323266041,0.11432849939741593,0.11885829962346468,0.12176461442868465,0.1279216706752777,0.11159949749708176,0.11883183246358407
2023-02-17,0.08851735883248438,0.124193162888,0.1252380438225604,0.1257260076335543,0.12271655414041552,0.12663190520712336,0.12115000208771474,0.1274588406085968,0.12201488763093948,0.12441946301870065
2023-02-21,0.1278815839290912,0.0885173588325,0.10836112438971747,0.11232534629223027,0.10623111674777766,0.11133224889600415,0.10843158624721731,0.11835754662752151,0.12175451964139938,0.11239906983455253
2023-02-22,0.11755452918327562,0.127881583929,0.12152429472841415,0.12355622711039152,0.12422635046135805,0.14563588101609148,0.1435038174062857,0.12144667655229568,0.13467231392860413,0.13065222302906296
2023-02-23,0.12245451960343971,0.117554529183,0.11673371166213382,0.11838373281986557,0.1186931821466618,0.1428416674699476,0.1375693282700203,0.12089838832616806,0.1413973867893219,0.1280739139263027
2023-02-24,0.0984673993603751,0.122454519603,0.1200694670637869,0.12122448170903817,0.1201136534229846,0.13566172640438076,0.13562041864485527,0.1221771165728569,0.1379401981830597,0.12754386600013748
2023-02-27,0.08269596236666939,0.0984673993604,0.106380874494332,0.10879495570524052,0.1084930591187812,0.12441996329688966,0.1165112037477459,0.11613728851079941,0.13110998272895813,0.11597818965753526
2023-02-28,0.11937845922504613,0.0826959623667,0.09844550485738383,0.0995842094889689,0.10057263338851985,0.11742572682285933,0.1160101749361278,0.10847917944192886,0.1217358335852623,0.10889332321729298
2023-03-01,0.10711131873577881,0.119378459225,0.11512463828115821,0.11548454190636077,0.11657774139282046,0.12957493845841944,0.13562041864485527,0.11316836625337601,0.12095155566930771,0.1209288858008997
2023-03-02,0.08927001985785149,0.107111318736,0.10836002286707672,0.10223123858868689,0.11070195900353086,0.13023699066477076,0.13623503098582518,0.1127714291214943,0.12212931364774704,0.11752371212559025
2023-03-03,0.07863080307442624,0.0892700198578,0.09690904496923308,0.09223452046702302,0.09923886240863933,0.11340052228851537,0.11243192215201961,0.10724673420190811,0.1152246817946434,0.10524089832599741
2023-03-06,0.1628256767565853,0.0786308030744,0.09025833144683745,0.09158775834129065,0.09193283264188659,0.09595721706138906,0.10000573103524023,0.10060814768075943,0.10584747046232224,0.09659964123853224
2023-03-07,0.11532564947028047,0.162825676757,0.13749748421476715,0.14302653215121458,0.1360626032137241,0.14159285836563995,0.1388798245523392,0.12008277326822281,0.1151459589600563,0.133184004960852
2023-03-08,0.14553901364077607,0.11532564947,0.11460088421265309,0.11168499437672808,0.11559052296096536,0.13079285918427858,0.13623503098582518,0.11941643804311752,0.11989853531122208,0.12117418072496998
2023-03-09,0.21891456753330055,0.145539013641,0.13237152915741837,0.13761378576930045,0.13098970014243883,0.13942845456787506,0.14750526497875735,0.12756985425949097,0.1268818974494934,0.13462292661782493
2023-03-10,0.3041035143156882,0.218914567533,0.1789186640744818,0.177568077695437,0.1772355411996541,0.19075747376181942,0.17860705421775316,0.15438702702522278,0.15610769391059875,0.173368790269281
2023-03-13,0.16874322708680192,0.304103514316,0.23949916318667094,0.23151538182232748,0.2322570469236181,0.24677999980064041,0.2296088400353419,0.1992414891719818,0.1988152265548706,0.2253881639279216
2023-03-14,0.20215594818280266,0.168743227087,0.17558821556815396,0.1753582993895793,0.17354966039437714,0.18981980926208572,0.19133772254971507,0.18981051445007324,0.21161264181137085,0.1867252662036222
2023-03-15,0.16427857428194342,0.202155948183,0.19917319493301622,0.19277235384016728,0.1892919256163465,0.18167169677358302,0.20854108618860165,0.19467583298683167,0.1942695677280426,0.19434223686665558
2023-03-16,0.1736529862232032,0.164278574282,0.18304415475604696,0.17677874045455225,0.17536077480786927,0.17907757830293886,0.17852089619080833,0.18889255821704865,0.1588798463344574,0.1772220784376745
2023-03-17,0.12788159165176669,0.173652986223,0.18340288874999397,0.1872617271949122,0.17288441847939223,0.17250942935627453,0.1620813410134066,0.18537139892578125,0.14998653531074524,0.17335681986150084
2023-03-20,0.09337645743838005,0.127881591652,0.1458006563359439,0.14472567377190407,0.1443483947394871,0.15927570846240044,0.15406701156325078,0.1657751500606537,0.14768919348716736,0.1516688269172582
2023-03-21,0.2199262419740855,0.0933764574384,0.12269050222729913,0.12384024639479135,0.12167189053753069,0.13003152866458273,0.12913743626661361,0.1430000215768814,0.1301349401473999,0.1286437951164427
2023-03-22,0.16532957872619164,0.219926241974,0.18400694878464247,0.1899798521495502,0.17724667261678234,0.17650215238114558,0.15538547627074983,0.16389836370944977,0.14607343077659607,0.1704418423841309
2023-03-23,0.15906141462701756,0.165329578726,0.15818342883202635,0.1616802565944579,0.1539416740664647,0.18117535175865376,0.16317945997703495,0.1629769504070282,0.16823416948318481,0.1641958987312644
2023-03-24,0.10588494855493863,0.159061414627,0.15385745642176327,0.14935988026117103,0.150059336968834,0.14950396858022652,0.15356518720206705,0.1601850688457489,0.14546161890029907,0.1517132167400157
2023-03-27,0.08776189792300756,0.105884948555,0.1267391515350939,0.1295911567168887,0.12311268578667352,0.12604037205238625,0.12657079773830637,0.14394333958625793,0.12408152967691422,0.12858271901321727
2023-03-28,0.06958442391310574,0.0877618979229,0.11770857322796946,0.12118469705401687,0.11355429071203857,0.11976965779693786,0.1161759671068583,0.12962232530117035,0.11249416321516037,0.11864423920202169
2023-03-29,0.06952691636217156,0.0695844239131,0.09554978476988477,0.0947219106172038,0.09495060796301344,0.10524376527631586,0.09902837852156454,0.11286067962646484,0.10432899743318558,0.10095487488680469
2023-03-30,0.07136251605303445,0.0695269163622,0.08687225152918157,0.08808499774865412,0.08735737664880959,0.09387730758515972,0.09557619551466599,0.10112756490707397,0.09922464936971664,0.09316004904332309
2023-03-31,0.0763078779602185,0.071362516053,0.0798699301862981,0.07460342358716912,0.08222625132363723,0.09105870039814015,0.08950481208829898,0.09304749965667725,0.09833820909261703,0.08694983233326255
2023-04-03,0.09866488410286206,0.0763078779603,0.07957362736604617,0.07864819705932077,0.08238591063573926,0.08924296074170304,0.0908130408056975,0.08940869569778442,0.09896806627511978,0.08700578551163014
2023-04-04,0.08768112541783209,0.0986648841028,0.09111868668777715,0.09313634285405029,0.09280414751047183,0.0970792164550605,0.10094120151714513,0.0936078429222107,0.10860898345708847,0.09675663162911487
2023-04-05,0.06261714903806784,0.0876811254178,0.08755034773037904,0.088309237883615,0.08936836038964363,0.09663486462076817,0.10094120151714513,0.09431053698062897,0.1140889897942543,0.09588621984520489
2023-04-06,0.07835061744688168,0.0626171490381,0.07520877277891898,0.07311955185716786,0.07802258702420278,0.08355537760406813,0.08950481208829898,0.08830931782722473,0.10474183410406113,0.08463746475484893
2023-04-10,0.057618825581964093,0.0783506174469,0.08333013403451736,0.07842684208392921,0.0851472599295095,0.09193317234845384,0.10094120151714513,0.08881072700023651,0.10220883041620255,0.09011402390428487
2023-04-11,0.11853728111273684,0.057618825582,0.07195467895619129,0.07303999501011829,0.07521913801709311,0.10434532485427682,0.08919066755728518,0.08362285792827606,0.10858003050088882,0.08656467040344708
2023-04-12,0.06730651600770017,0.118537281113,0.10269217983422964,0.10648077699006164,0.10497274594099973,0.11564190009972487,0.11133603214859317,0.09564478695392609,0.12035911530256271,0.10816107675287112
2023-04-13,0.11598049578600188,0.0673065160077,0.07694341761120745,0.07211251252669587,0.08109873132818332,0.08618489874304089,0.08950481208829898,0.08933572471141815,0.1026901975274086,0.08541004207660761
2023-04-14,0.06539821762217989,0.115980495786,0.10485744329966157,0.10793117679014305,0.10546371201162036,0.10831932132925663,0.11340188464299965,0.09866859018802643,0.10418785363435745,0.10611856884229502
2023-04-17,0.08412752699617647,0.0653982176222,0.07981290103335628,0.08006589664231115,0.08128846983279434,0.07978786029535702,0.08892029858557382,0.08701866865158081,0.09388251602649689,0.08439665872392434
2023-04-18,0.05632069424258192,0.0841275269962,0.09116296221886558,0.09349895670684895,0.09147384510318643,0.10015379218565981,0.09343124108044676,0.08805526047945023,0.09465406835079193,0.09320430373217851
2023-04-19,0.0764102606104154,0.0563206942425,0.07255755444526499,0.0719204756823511,0.07497760179497381,0.08423532565815517,0.07922217575533448,0.07819513231515884,0.08907085657119751,0.07859701746034799
2023-04-20,0.09379098909985543,0.0764102606105,0.0829490530986419,0.08298426828419686,0.08474240604251808,0.08279816792302652,0.06982053350060534,0.08005637675523758,0.09183546900749207,0.08216946780167404
2023-04-21,0.06114203018255446,0.0937909890999,0.08917746492131687,0.09016461322189645,0.09198667252229435,0.09831824709607301,0.09157693987258853,0.08631057292222977,0.09869074821472168,0.09231789411016009
2023-04-24,0.08551933793682924,0.0611420301826,0.07354730469355092,0.07450180497998812,0.07691461390245671,0.08293229900810987,0.07880407911832167,0.07886065542697906,0.08839240670204163,0.07913616626163543
2023-04-25,0.08416459366670048,0.0855193379369,0.0853103613502238,0.0883938268251401,0.08851412270915146,0.09483679404575587,0.08955383335522035,0.08246743679046631,0.09001724421977997,0.08844194561367684
2023-04-26,0.07538891952679784,0.0841645936667,0.0872695982124228,0.08953729097580206,0.09330201212920095,0.11138155475140438,0.09658286835546928,0.08469203114509583,0.103173166513443,0.09513407458326262
2023-04-27,0.11271007424337187,0.0753889195268,0.08306385304861155,0.07662018348841328,0.08893707990487476,0.10435040380786637,0.08808859543750283,0.08302479982376099,0.10022802650928497,0.08918756314575925
2023-04-28,0.07323018990803724,0.112710074243,0.10239498074534306,0.10121223155987846,0.10425615866304644,0.10535184841032294,0.10491570396097542,0.09439369291067123,0.097910076379776,0.10149067037571623
2023-05-01,0.10033388845494029,0.073230189908,0.08479493446415198,0.08629335521131004,0.08579961059834848,0.08052237752816456,0.07094760700897926,0.08816865086555481,0.08401075005531311,0.08293389796168889
2023-05-02,0.11056722380202372,0.100333888455,0.09891423837840327,0.10203209118523038,0.09935132350629328,0.0985282488276163,0.09291525761406816,0.09367744624614716,0.0835326761007309,0.09556446883692707
2023-05-03,0.13807963782209454,0.110567223802,0.10608176172044245,0.10993345988178091,0.10744322993696998,0.10522835973584896,0.09484991006816322,0.10056360065937042,0.09776607155799866,0.10312377050865351
2023-05-04,0.07615283122606539,0.138079637822,0.12466148975460367,0.12563211440259725,0.12485512117982837,0.14942549138348848,0.12068185125996385,0.11448871344327927,0.14143992960453033,0.12874067300404163
2023-05-05,0.06787678142836179,0.076152831226,0.09209671952114265,0.08997423969350643,0.09598957013562665,0.10916438638338916,0.09122736788602516,0.10020755976438522,0.1095200926065445,0.0983114194272314
2023-05-08,0.06497886267259531,0.0678767814283,0.08772406543962664,0.08926107055036103,0.0882704248515459,0.10216732955669605,0.09384024991937269,0.08972791582345963,0.09172333776950836,0.09181634198722433
2023-05-09,0.13061380614739165,0.0649788626727,0.08316941780488213,0.0838347116075325,0.08464078431596986,0.08775681862528557,0.0851212373700657,0.08300399035215378,0.07681414484977722,0.08347730070366668
2023-05-10,0.09604001537647107,0.130613806147,0.11596576880820433,0.11823715362341466,0.11658662034333767,0.11537882832067431,0.11016096059894338,0.10160552710294724,0.09939070045948029,0.11104650846528598
2023-05-11,0.0935350836536687,0.0960400153765,0.09577403042095059,0.09642275004288561,0.09677922047714695,0.09185225513325665,0.08342131153906787,0.09924319386482239,0.08199280500411987,0.09221222378317855
2023-05-12,0.07014223964585961,0.0935350836537,0.09618416624156614,0.09776160489987384,0.09669280017138096,0.10127337171748849,0.08455544031218169,0.09713796526193619,0.08368632197380066,0.09389881008260399
2023-05-15,0.08770074589399568,0.0701422396459,0.08531431933939818,0.08607267744570972,0.0860011682548922,0.08561731475678133,0.07344937965102531,0.08868297934532166,0.09020787477493286,0.08504938765258019
2023-05-16,0.08170051316313992,0.0877007458941,0.09560714104386006,0.09662689963560891,0.0952381822993196,0.08994281589667137,0.08775968842120777,0.08968181908130646,0.09481719136238098,0.09281053396290788
2023-05-17,0.10694368444787378,0.0817005131632,0.08833591981007587,0.0873300840166813,0.09040696889714184,0.09593153141856078,0.09190397891351477,0.08779028058052063,0.09768535196781158,0.0913405879434724
2023-05-18,0.09705528391545923,0.106943684448,0.101188201784643,0.09905622113722737,0.10140457829806394,0.10526159975060816,0.09884532825736596,0.09377644956111908,0.098441481590271,0.09971055148275694
2023-05-19,0.0909891666866688,0.0970552839154,0.09679467399594724,0.09854741242323627,0.09622257696993061,0.09533590677630552,0.08141406172988902,0.09487181901931763,0.09254200756549835,0.09367549406858923
2023-05-22,0.10468025314024226,0.0909891666866,0.09580249645370384,0.09603616522111903,0.09531367743050284,0.08919935199532293,0.08775968842120777,0.09430989623069763,0.08990710973739624,0.09261834078427862
2023-05-23,0.09378526044025468,0.10468025314,0.10377564845266776,0.10689381408538763,0.10297420522519922,0.10232106691669894,0.1071699132380892,0.09785541892051697,0.09479524195194244,0.10225504411292888
2023-05-24,0.10344508988807928,0.0937852604402,0.09969254529921243,0.09999455517782913,0.1001942843270971,0.0997610233029462,0.10160640417982986,0.09738335013389587,0.10290037095546722,0.10021893333946827
2023-05-25,0.08081184874727468,0.103445089888,0.10390534972725335,0.10442830027261132,0.10586286427637284,0.1195039298462416,0.11490893351169289,0.09933611750602722,0.11200660467147827,0.10856458568738249
2023-05-26,0.09646177481091461,0.0808118487473,0.09177525393069697,0.08637661743163905,0.0930470872231032,0.09860451696470042,0.10081364492172123,0.09397061169147491,0.10156925022602081,0.0951652831984795
2023-05-30,0.07860291734630974,0.0964617748109,0.09961798663732063,0.10157673012215981,0.09910035761887842,0.09647886663076932,0.09628187931203473,0.09516935050487518,0.09364944696426392,0.09741065968432887
2023-05-31,0.08478540534165535,0.0786029173462,0.08888785270625296,0.09020791161821368,0.08919616886004202,0.08729812749523838,0.09110841065617128,0.09052670001983643,0.08459670841693878,0.08883169711038479
2023-06-01,0.08842424724357455,0.0847854053416,0.09097271087143091,0.08743659299824688,0.09135829300209158,0.09277918103271822,0.08534162789639779,0.08940146863460541,0.08390109241008759,0.08874156669222548
2023-06-02,0.10237218557386767,0.0884242472436,0.09134446511293456,0.09065825847614004,0.09059318856624338,0.08354157050034328,0.08312841412684026,0.08948548138141632,0.08266213536262512,0.08734478764664899
2023-06-05,0.07107170815199253,0.102372185574,0.09987725392729957,0.1023359730682077,0.09765893554916054,0.10172245600759616,0.09533176023609248,0.09389477968215942,0.08826924860477448,0.09701291529647005
2023-06-06,0.0785129086410687,0.071071708152,0.08291712849967377,0.08081347215378444,0.08233708612820015,0.07669044895974188,0.07122776162261471,0.08735166490077972,0.07772965729236603,0.07986674565102295
2023-06-07,0.05752166735655356,0.0785129086411,0.0864125389716664,0.0878658180267757,0.08508012674399071,0.07572256250002152,0.07766977912545517,0.08555097877979279,0.07873570919036865,0.08243393047686728
2023-06-08,0.08076787273304652,0.0575216673566,0.07406867972471473,0.07283151724247247,0.07371576002768004,0.07245597548022828,0.06539227334081907,0.07866495847702026,0.07519888877868652,0.07318972186737449
2023-06-09,0.052779819939348036,0.0807678727331,0.08431065471074839,0.08549733008858817,0.08340648334665325,0.07520856454537686,0.07523883460076729,0.0808982104063034,0.0788283497095108,0.08048406105827831
2023-06-12,0.07146414794276358,0.0527798199393,0.06673686943179535,0.06440281882494334,0.06774017770137856,0.06613317786495782,0.06359354058463369,0.07376797497272491,0.07479320466518402,0.06816682343508824
2023-06-13,0.14356764739657052,0.0714641479428,0.07560849952211968,0.07516672599025737,0.07708910771467052,0.07866413252842136,0.07306412211176168,0.07469029724597931,0.07777979969978333,0.07600895497328475
2023-06-14,0.09244188456126368,0.143567647397,0.11540476869804364,0.11566010312556113,0.11376175854679481,0.09857106450208905,0.11654087833637278,0.09602740406990051,0.080207958817482,0.10516770515660626
2023-06-15,0.09318261114923534,0.0924418845613,0.0943940898166743,0.0900645205452312,0.09239258082454999,0.10811695997900388,0.08124171535342739,0.09646560251712799,0.09623575210571289,0.09413017444881823
2023-06-16,0.07295973769561401,0.0931826111492,0.09585842707403311,0.09791061574833584,0.0938364213133088,0.09023380275482429,0.092520095915082,0.09558425098657608,0.07966825366020203,0.09223026677890889
2023-06-20,0.08059952583073675,0.0729597376956,0.08816739115712172,0.08974103547227799,0.08569356416724544,0.0835675234208354,0.07846413940319988,0.08967714011669159,0.07131089270114899,0.08380309806264585
2023-06-21,0.08475062226963057,0.0805995258307,0.09262521282721758,0.09388708064714685,0.09044215235991013,0.08838610710916706,0.09060229566238899,0.08882853388786316,0.0741579532623291,0.08841847653657468
2023-06-22,0.06581622153851131,0.0847506222696,0.08927902991429132,0.08729261103852928,0.0880667562033322,0.07949681231563449,0.08157034449907127,0.08790148049592972,0.07937970757484436,0.08471239172023323
2023-06-23,0.0746056249237147,0.0658162215385,0.07798436034322201,0.07799301937467137,0.07747488275107117,0.07752330016130311,0.07105938750789746,0.0814797431230545,0.06960992515087128,0.07616065977315585
2023-06-26,0.05984498339249164,0.0746056249237,0.08048320202826675,0.08188870424274963,0.08064868495662386,0.08015318180991785,0.07137308403484972,0.08003263175487518,0.07359686493873596,0.07831090768085984
2023-06-27,0.09385578633449725,0.0598449833925,0.0723870703504762,0.0709438687355361,0.07356020931279475,0.07545642783850037,0.07484196788727797,0.07507242262363434,0.07415685057640076,0.07377411676066006
2023-06-28,0.07153035836322086,0.0938557863345,0.08961883750661151,0.08893902632356947,0.08957283324662019,0.08230747830663544,0.0792967293631064,0.08243352174758911,0.08338668942451477,0.08507930227409241
2023-06-29,0.07298205948455277,0.0715303583633,0.07791864079533624,0.07754163536585432,0.07840291875858268,0.07951979483716808,0.0742650013214453,0.07996687293052673,0.08224651217460632,0.07855162516907424
2023-06-30,0.03341015583409991,0.0729820594845,0.07927981491443278,0.07967926606716338,0.0796283267023892,0.07789394283751805,0.07457869784839756,0.07905249297618866,0.07834340631961823,0.07835084966652969
2023-07-03,0.04807069167080956,0.0334101558341,0.056971578793132666,0.05608336829843692,0.05887077520183281,0.05224662524181779,0.07055441558267464,0.0665174275636673,0.061108291149139404,0.060336068832957356
2023-07-05,0.0643557417332968,0.0480706916708,0.0628594305997081,0.0627056715113012,0.06524897153661753,0.06843514522731708,0.07015154067275935,0.06384001672267914,0.07366462051868439,0.06670077096986668
2023-07-06,0.07169351657482007,0.0643557417333,0.06789421054833253,0.06817848303146964,0.07131818943501084,0.07516777734531939,0.07667641261308145,0.06630629301071167,0.0717555433511734,0.07104241561929985
2023-07-07,0.06800835255954374,0.0716935165748,0.07140412084870049,0.07183719459490287,0.07553784996699156,0.08043123372956515,0.07667641261308145,0.06976574659347534,0.07877756655216217,0.07491858927126842
2023-07-10,0.08249558293598028,0.0680083525596,0.06922239183207295,0.06925676205058393,0.0731955272791408,0.0949587368457892,0.07667641261308145,0.07050171494483948,0.07761520147323608,0.07591810671982056
2023-07-11,0.06701237767891242,0.082495582936,0.08047917973837393,0.08003396286727013,0.08319958680563551,0.09060946425445167,0.08671685410758667,0.07613992691040039,0.08684609830379486,0.08343215328393046
2023-07-12,0.051721602828388835,0.0670123776789,0.07488597339568231,0.07582015943866606,0.07723126354232286,0.08962937384368919,0.07793284380295079,0.07539260387420654,0.08338117599487305,0.07918191341319868
2023-07-13,0.06450330063845106,0.0517216028284,0.0665774066965546,0.06592801035591461,0.06856410799526413,0.06843845718602333,0.07140797186262869,0.0700969249010086,0.05588364601135254,0.06669950357267808
2023-07-14,0.04696749509819062,0.0645033006384,0.07193368447574666,0.07315100374954814,0.07392142633804094,0.07573578477403947,0.07371833287201836,0.07055488228797913,0.06621332466602325,0.07217549130905655
2023-07-17,0.060741426486278706,0.0469674950982,0.06180186511813711,0.060622180576231324,0.06450974667556518,0.06938279513644903,0.07015154067275935,0.06582313030958176,0.0767659842967987,0.06700817754078893
2023-07-18,0.06608152055263257,0.0607414264863,0.06616643440102254,0.062162401457076355,0.06972197539363646,0.07367908023757641,0.07028192346615708,0.0657978504896164,0.07011058926582336,0.06827432210155837
2023-07-19,0.07075776625939516,0.0660815205525,0.06862797580485333,0.06895650928744321,0.07217179740773967,0.07586611353256134,0.07028192346615708,0.06823965907096863,0.06800094246864319,0.0703064172911952
2023-07-20,0.07800676680453818,0.0707577662593,0.07258028932780214,0.07362643875103499,0.07590785383956054,0.0797520904435624,0.07442990955500059,0.07146908342838287,0.07231628894805908,0.07429742204191467
2023-07-21,0.06869958331338262,0.0780067668046,0.07720944414972002,0.07856326804892252,0.08009113655326529,0.08287117506496079,0.07981088257810949,0.07562379539012909,0.07449769973754883,0.07838105736037944
2023-07-24,0.048232328122247634,0.0686995833133,0.07481034391501107,0.0754649876938418,0.07704861459522307,0.07852526372255023,0.07091248882223647,0.07495050132274628,0.0711929053068161,0.074700729339775
2023-07-25,0.10669612038399522,0.0482323281222,0.06408681289721192,0.06467489700098214,0.0671321758061022,0.07018600714791154,0.06953180458921115,0.06723503768444061,0.06726296246051788,0.06715852822662535
2023-07-26,0.09813157828668405,0.106696120384,0.09523714631782138,0.09470154103910386,0.09633716344434888,0.0969728401065664,0.09930192510578133,0.08406209945678711,0.07757426798343658,0.09202671192197795
2023-07-27,0.0857388774869347,0.0981315782866,0.09365557543218397,0.096886066642001,0.09355043482905755,0.09503626438458068,0.08258600407684483,0.09030814468860626,0.09686943888664246,0.09269884699141669
2023-07-28,0.0707252917945285,0.0857388774869,0.08849041253073461,0.08720012546931304,0.08908666370156601,0.089789921138129,0.08430825276954378,0.08875077962875366,0.07811522483825684,0.08653448286804243
2023-07-31,0.05765859782681157,0.0707252917946,0.08163415371540991,0.08050086167543308,0.08177608346484556,0.07998014991580746,0.07091248882223647,0.08247983455657959,0.06226487457752228,0.07707834953254776
2023-08-01,0.07914885021922681,0.0576585978267,0.07635331715898676,0.07769348387037292,0.0767434714945142,0.07450086473638934,0.0721429433407753,0.07549154758453369,0.06021912395954132,0.07330639316358765
2023-08-02,0.08409717863527646,0.0791488502192,0.0839680382244565,0.08573576148797397,0.08495839974599803,0.08394545946960962,0.08285096471200455,0.0787716954946518,0.06860847771167755,0.08126268526376743
2023-08-03,0.1130218375707863,0.0840971786353,0.08496520729470772,0.08480539373458451,0.08762795788222238,0.09038341585257152,0.08471526579192705,0.08215528726577759,0.07998961210250854,0.08494887713204277
2023-08-04,0.07742779580665073,0.113021837571,0.10097344475482675,0.1041382243044239,0.10245755485959622,0.10515728784525578,0.10116622618570383,0.09431345760822296,0.09292998909950256,0.10016231209393314
2023-08-07,0.0834575953700105,0.0774277958066,0.08480843104337003,0.0844882286352257,0.08705323842571938,0.08989624114964412,0.07901236459202789,0.08816474676132202,0.08910354971885681,0.08607525718945228
2023-08-08,0.09079052353321683,0.08345759537,0.08996888252164173,0.09092913486600813,0.09044484925272697,0.09009588295943413,0.08594572031046588,0.08744105696678162,0.08427327871322632,0.08844268651289784
2023-08-09,0.1244790635888638,0.0907905235332,0.09444745963207715,0.0970426896045038,0.09484548779179697,0.09523630458064447,0.08594572031046588,0.08992138504981995,0.09210607409477234,0.09279216015201151
2023-08-10,0.09293547358874328,0.124479063589,0.11391229484313842,0.11610653328770423,0.11306554004765212,0.11265298039397784,0.10760613428207141,0.103714719414711,0.1050405204296112,0.11029981752840946
2023-08-11,0.06966705114104084,0.0929354735888,0.09721269143822833,0.09588317330774976,0.09705822872737835,0.09705775159657284,0.09115517388829464,0.09888090193271637,0.07947716116905212,0.0938178688657132
2023-08-14,0.09048833610236848,0.069667051141,0.08553444852165111,0.08272192619550184,0.08529981215239456,0.08410777347068614,0.0823748429469143,0.08803263306617737,0.0797228217124939,0.08397060829511703
2023-08-15,0.10349653377420134,0.0904883361024,0.0959413331248002,0.09865360015114485,0.09483049216317929,0.09214267788621844,0.09115517388829464,0.09022365510463715,0.08365832269191742,0.09237217928717027
2023-08-16,0.09635826841737455,0.103496533774,0.10309898494458003,0.10453735648849898,0.10270265548220214,0.10403854633051354,0.10281321632139935,0.09438011050224304,0.10109798610210419,0.10180983659593447
2023-08-17,0.09417639223234452,0.0963582684174,0.09715195297286162,0.09864800613366136,0.09840274730748289,0.10283095786232493,0.09859091474963681,0.09450536966323853,0.10526733100414276,0.09934246852762128
2023-08-18,0.08589828172390644,0.0941763922323,0.09620536922820544,0.09562457167071947,0.09827441164593469,0.10522968314505017,0.1013941239134151,0.09321370720863342,0.10719366371631622,0.09959079007546778
2023-08-21,0.0945861462136163,0.085898281724,0.09376776632638376,0.09345082869299913,0.09473741896255222,0.0999612360778747,0.1013941239134151,0.08992211520671844,0.09835879504680634,0.09594175488953567
2023-08-22,0.06593373466113686,0.0945861462136,0.0982030577461362,0.10036346392683808,0.09850476607085601,0.10270056533645466,0.1013941239134151,0.09176619350910187,0.09572194516658783,0.09837915938134138
2023-08-23,0.10551831140951792,0.0659337346611,0.08133349085524325,0.07874814454231562,0.08308561752314428,0.08949098404875924,0.08798601740455037,0.08107952773571014,0.08621333539485931,0.08399101678636889
2023-08-24,0.15992023417881804,0.10551831141,0.10070161216231646,0.10390949178113026,0.10030298673549727,0.10349017421405593,0.10066727134766058,0.09141868352890015,0.09004442393779755,0.09864780624390831
2023-08-25,0.08001992077423221,0.159920234179,0.1321688660913447,0.12916624711168856,0.1304014021328416,0.13297453673230641,0.12955285576991518,0.11926150321960449,0.11386702954769135,0.12677034865791317
2023-08-28,0.08487583880019331,0.0800199207742,0.09410176069131074,0.09514757911558476,0.09246541735252749,0.09273267123892277,0.09216620945926822,0.10078893601894379,0.08860842883586884,0.09371585753034666
2023-08-29,0.09074454738060243,0.0848758388002,0.09550494007816358,0.08973979415795223,0.09365326362988613,0.09390979309646441,0.09155653698460998,0.09134730696678162,0.08063267171382904,0.090906329518241
2023-08-30,0.07019011274600148,0.0907445473806,0.1004887793626075,0.10047135301608333,0.09707779819108575,0.09612256813654274,0.0952275925649647,0.09107467532157898,0.08432400226593018,0.09496953840839903
2023-08-31,0.08289910973413647,0.0701901127459,0.08760985647232208,0.08960277768554292,0.08483000158353479,0.08428745568547241,0.08279826137944198,0.08356934785842896,0.07959906756877899,0.08461382403336029
2023-09-01,0.06222586957466806,0.0828991097341,0.08659663650196284,0.08917238992722806,0.08541701357667215,0.08630251914352136,0.08003043904810721,0.08303943276405334,0.07655534148216248,0.08387339606338677
2023-09-05,0.08741153004276266,0.0622258695746,0.07529249258248547,0.07642099333061698,0.0745572392018358,0.07468746592240894,0.07106836572027168,0.07561461627483368,0.06698179244995117,0.07351756649748624
2023-09-06,0.08525989484239821,0.0874115300427,0.08739102804901952,0.08932140252107834,0.08696317197986518,0.08902318266817309,0.08568232524014871,0.08174976706504822,0.07528842985630035,0.08505990105423335
2023-09-07,0.07178513114289337,0.0852598948424,0.08587312723665108,0.08282164190965033,0.08599470283651378,0.08872431306716932,0.08568232524014871,0.0841260552406311,0.08754107356071472,0.0858233198702113
2023-09-08,0.06461740547315097,0.071785131143,0.0796980650356182,0.07995441359187949,0.08025480563287463,0.08423301014464812,0.07721705516165718,0.07976734638214111,0.08982828259468079,0.08156471122049992
2023-09-11,0.07022658499482656,0.0646174054731,0.07470288809014765,0.0756057988095592,0.07537382840761847,0.07825323636811087,0.07721705516165718,0.07400922477245331,0.08467404544353485,0.07711943957901164
2023-09-12,0.08140100016050664,0.0702265849949,0.07812943837332595,0.07888660028998495,0.07848377530780645,0.08036605540655793,0.07721705516165718,0.07388533651828766,0.0823659747838974,0.07847631940593107
2023-09-13,0.05874607818633342,0.0814010001605,0.08285066184916189,0.08368559004605208,0.08359936656699518,0.08683950469072921,0.08568232524014871,0.0781736820936203,0.08767640590667725,0.08407250519905494
2023-09-14,0.07129844759263697,0.0587460781864,0.0698114987627885,0.06853311054547012,0.07101397158996797,0.07341386175244816,0.07246784697095039,0.07121072709560394,0.05649267137050629,0.06899195544110505
2023-09-15,0.05746455297129179,0.0712984475927,0.07556320442958195,0.07780711298144496,0.07586764245253229,0.07564832658204647,0.06994009083914242,0.07589959353208542,0.06104639917612076,0.07311033857042204
2023-09-18,0.06947046182185634,0.0574645529713,0.06847647651504238,0.06893512209907138,0.0701391358637309,0.0717493304733507,0.07045855564449832,0.07386311888694763,0.06469769030809402,0.06975991854153361
2023-09-19,0.10370519490325256,0.0694704618219,0.07407223532083071,0.07449561868613033,0.07602791244282475,0.07899368339426141,0.07533672171245215,0.07366643100976944,0.06728611141443253,0.07426838771152876
2023-09-20,0.08746041151008609,0.103705194903,0.09214954732955641,0.09577988694932327,0.09310329586589519,0.09550508915835824,0.09824402108206685,0.07766252011060715,0.07641660422086716,0.08983728067381061
2023-09-21,0.10460845910858835,0.08746041151,0.087133745645256,0.08769804759238622,0.08844978069149981,0.09517095630459656,0.08333070742064667,0.07947554439306259,0.10248539596796036,0.08910631114505832
2023-09-22,0.1120457164787338,0.104608459109,0.09819313264926366,0.0985072960731238,0.10028421900530501,0.10700351838514194,0.11324373157028082,0.08336590975522995,0.09040022641420364,0.09871400483607841
2023-09-25,0.09633127171103888,0.112045716479,0.10658613619420809,0.1010631005341904,0.10702001784591456,0.11212079402399838,0.11251752363995624,0.08818642050027847,0.09200514107942581,0.10278559054542456
2023-09-26,0.12763969255106813,0.096331271711,0.10166335567240958,0.10393348637732364,0.1016473805908954,0.1052026758766516,0.09889646929136098,0.09046017378568649,0.08768775314092636,0.09849875639075058
2023-09-27,0.13563260972991562,0.127639692551,0.11856448862065241,0.11894876704646751,0.11965221430590539,0.12473429760909242,0.11837760781562255,0.09584813565015793,0.10634145885705948,0.1146381385578511
2023-09-28,0.13150547122122486,0.13563260973,0.1266250378833288,0.12566467282816943,0.1255793392462458,0.12881987409086101,0.12202085873614428,0.10168498009443283,0.11206357926130295,0.12035119173435502
2023-09-29,0.1388764234998252,0.131505471221,0.12707713209959853,0.12963105992667898,0.1243107493985961,0.12546654686848777,0.12121110986556853,0.10601752251386642,0.10858460515737534,0.12032838940431023
2023-10-02,0.12435941045703136,0.1388764235,0.1329162673533278,0.13181387467920652,0.129545299288552,0.1304530460470335,0.1330979541213887,0.1105288490653038,0.109314925968647,0.1253814595033513
2023-10-03,0.13651945782589966,0.124359410457,0.1285874544763459,0.1329565457087738,0.12497240356433124,0.12592423549419504,0.12538694880693194,0.11269562691450119,0.10897461324930191,0.12278540403062586
2023-10-04,0.115675505401377,0.136519457826,0.13503682238280776,0.135246198411465,0.1331104984570986,0.13625317500037606,0.13304579243973658,0.11571868509054184,0.11654233187437057,0.1292790719509138
2023-10-05,0.13257367285899263,0.115675505401,0.12338209375531559,0.1245685020034713,0.12067102546988001,0.12331178604163352,0.12234373691545262,0.11512412875890732,0.11312159150838852,0.12036040920757841
2023-10-06,0.10013525174134033,0.132573672859,0.13135493762230768,0.12591914391861111,0.12794265634669555,0.130109193592839,0.12121110986556853,0.11649330705404282,0.11512575298547745,0.12402230019793459
2023-10-09,0.0898923770915799,0.100135251741,0.11259911433649215,0.11261108097513481,0.1097090539779553,0.11172137013157282,0.12068645403045421,0.11291045695543289,0.10404463857412338,0.11204030985445222
2023-10-10,0.0859081352493767,0.0898923770916,0.10464169401807437,0.10681406311712748,0.10282769972809346,0.10635073757354066,0.10503364183859244,0.10836534947156906,0.09830417484045029,0.10461962294106396
2023-10-11,0.1013763979284271,0.0859081352493,0.09815077698542898,0.09964897931229558,0.0967343909108341,0.10070058703940447,0.10176381513311175,0.10348502546548843,0.09242521971464157,0.0989869706516007
2023-10-12,0.12934781303301265,0.101376397928,0.10407334224753922,0.10551644967923729,0.10190375661826294,0.10406962463527016,0.10310176963587496,0.1014106497168541,0.08918542414903641,0.10132300238315359
2023-10-13,0.09400869628235252,0.129347813033,0.11684841754685907,0.11830076434742719,0.11448784161478541,0.11696318828924018,0.10591919713532927,0.1031293049454689,0.07949475198984146,0.10787763798127879
2023-10-16,0.1073149607092916,0.0940086962824,0.09970319783565937,0.10001242521895673,0.09984747685001663,0.10608690934422757,0.09999699192322233,0.10285527259111404,0.09372684359550476,0.10031844533695734
2023-10-17,0.13696886333024305,0.107314960709,0.1074896966220497,0.10628050788625122,0.10528109728503285,0.10825410383692635,0.11415636183122962,0.10416758805513382,0.0935443639755249,0.10559624564173549
2023-10-18,0.187715447432096,0.13696886333,0.12595226088631772,0.127828256420765,0.12212906284189057,0.1243798698178382,0.12008798661480978,0.114833302795887,0.10524807870388031,0.12006554544019836
2023-10-19,0.13587308243545224,0.187715447432,0.15747347555978836,0.16063548122949178,0.15221276389330407,0.15479023038529763,0.16490786446536274,0.137722909450531,0.1281004250049591,0.1508347357126764
2023-10-20,0.14166605188309161,0.135873082435,0.13368115467830802,0.13574203317326022,0.1304120154174656,0.1351648112776415,0.13027591229413368,0.13561752438545227,0.13267076015472412,0.13336631591156936
2023-10-23,0.10539459568669922,0.141666051883,0.14065887307515956,0.13864326762850035,0.13661977403985115,0.14014141603239996,0.14636329242267415,0.1368977427482605,0.13429926335811615,0.13908908990070884
2023-10-24,0.11250514617117743,0.105394595687,0.12344988338526448,0.12410999780369389,0.119663686828023,0.1237043973604689,0.12717506482285798,0.1268160343170166,0.12686938047409058,0.12454120642734508
2023-10-25,0.15126278352470973,0.112505146171,0.12457101979513024,0.12685358539051916,0.11970980192738104,0.12369662465017342,0.12366435156921639,0.1223192885518074,0.12792150676250458,0.1241051683781046
2023-10-26,0.12707638655355605,0.151262783525,0.13940440398519927,0.14240093201329557,0.13639089708001817,0.14288868549099562,0.14981357007242221,0.13000687956809998,0.13684047758579254,0.1396779779708319
2023-10-27,0.10665429227590421,0.127076386554,0.1272490950994402,0.12944839074263131,0.12559294265732593,0.13308880888673816,0.12240560462020582,0.12722431123256683,0.13422377407550812,0.12846184675920233
2023-10-30,0.10527058335275245,0.106654292276,0.11451820035489024,0.11400415668592226,0.11446028060304897,0.12337775526110592,0.12240560462020582,0.11864655464887619,0.13399389386177063,0.12020092086226
2023-10-31,0.12265525913211713,0.105270583353,0.11388758913361083,0.11017947722307225,0.11227376029005645,0.11843354082351738,0.12191486306506391,0.1135186180472374,0.1203383207321167,0.11579230990209642
2023-11-01,0.07147961301456242,0.122655259132,0.12299080829162384,0.11907396427076995,0.11911795688060631,0.12271469882100867,0.11993602330109247,0.11610154062509537,0.11498589813709259,0.11927441290389847
2023-11-02,0.0819670025262532,0.0714796130145,0.09178650230685689,0.0907033174476398,0.08950689715410085,0.09643193786262191,0.09874367252429939,0.10103956609964371,0.11309149861335754,0.09732905600121715
2023-11-03,0.0648745369092466,0.0819670025262,0.09268582898917097,0.09100738284440157,0.09008794406357279,0.09261190124363555,0.09092272443428441,0.09447871893644333,0.08631038665771484,0.09115784102417478
2023-11-06,0.06519415132978111,0.0648745369093,0.0809304297963976,0.08053804311581689,0.07910682533006677,0.08155898571415145,0.0796088375474592,0.0854378491640091,0.07995431125164032,0.0810193259885059
2023-11-07,0.07795296316974999,0.0651941513298,0.0775258365773134,0.07712248917563551,0.07679279303725772,0.08031686239127855,0.07701144427170627,0.07981444895267487,0.07761359214782715,0.0780282095076705
2023-11-08,0.1155865537189547,0.0779529631698,0.0794912056689443,0.08037949931753027,0.07965568811998111,0.08431824809212454,0.07790633437322234,0.07945709675550461,0.07814162969589233,0.0799071002890285
2023-11-09,0.08004633051114586,0.115586553719,0.10113334276358066,0.10340706343768606,0.09919580964656338,0.10143507545959331,0.09992783646250111,0.09127188473939896,0.08476534485816956,0.09730519390964186
2023-11-10,0.06033307928536385,0.0800463305112,0.08427544821772306,0.07936351377348069,0.08377076494429483,0.08808654579820185,0.08424180067957669,0.08818212896585464,0.0860479474067688,0.08485259282655723
2023-11-13,0.07253670406604094,0.0603330792853,0.07465356967439463,0.07305921777545672,0.07359522963969128,0.07585637102986856,0.07701144427170627,0.08080124109983444,0.07969382405281067,0.07638155679196608
2023-11-14,0.06909859380279168,0.072536704066,0.0810386553920306,0.08093024148095432,0.08035517992338657,0.08356016848187683,0.0763040386847076,0.07818111777305603,0.08480928838253021,0.08073981287407746
2023-11-15,0.07448880610920006,0.0690985938027,0.07865043522736997,0.07974098289272125,0.07745318491410738,0.07874562250876412,0.0763040386847076,0.07711029052734375,0.06140415370464325,0.07562981549423675
2023-11-16,0.051251796845055105,0.0744888061092,0.07749311138728243,0.07755209994358386,0.07738150886637356,0.08006775409595919,0.0774630199050208,0.07757674157619476,0.0669483095407486,0.07635464933073759
2023-11-17,0.059284900040327305,0.0512517968451,0.06407120917257256,0.06415584594933291,0.06501669863354287,0.06776159626712472,0.07010691315253925,0.06920969486236572,0.06922157108783722,0.06707764701790218
2023-11-20,0.053841676579044234,0.0592849000404,0.06789716657371654,0.06464214110995656,0.06896646135346289,0.07088820731993203,0.07182375754554131,0.06767001748085022,0.07268068194389343,0.06922406190390758
2023-11-21,0.08988573744879218,0.053841676579,0.0637415536201491,0.06462683957964721,0.06543174360070225,0.06748805141994181,0.07034829907168459,0.06502805650234222,0.06724834442138672,0.06627326974512199
2023-11-22,0.032574643869324495,0.0898857374488,0.08261049426967162,0.08461393901490336,0.083346042368613,0.08455562316192557,0.07880724461736968,0.07651236653327942,0.0806235522031784,0.08158132316699158
2023-11-24,0.045360016440108133,0.0325746438693,0.05198500373920534,0.052464941587644066,0.0546549328477518,0.05644011880424242,0.06447369732216442,0.061630669981241226,0.06215187907218933,0.05768589190777694
2023-11-27,0.06657621182797051,0.0453600164401,0.05753198090689736,0.05723380612809002,0.06011998127589789,0.060810277486930325,0.06719666512342468,0.058241333812475204,0.058683350682258606,0.059973913630853436
2023-11-28,0.06669238090073858,0.0665762118279,0.06825323162555744,0.066328311100259,0.07067737286668169,0.07022151779538227,0.06891350951642673,0.06418894231319427,0.06484398245811462,0.06763240966794515
2023-11-29,0.10171800742493338,0.0666923809007,0.06954308529539288,0.07134624249914698,0.07176111135079515,0.07112508034089647,0.06891350951642673,0.06781050562858582,0.07039304077625275,0.07012751077249954
2023-11-30,0.08351604458075586,0.101718007425,0.08706748705676014,0.08524252584643666,0.08871849888157674,0.08782302000088085,0.09219918154087378,0.08103498816490173,0.08169050514698029,0.08625374380548718
2023-12-01,0.058622102216573574,0.0835160445808,0.08316513599611516,0.07872717542236829,0.08389192434571005,0.08264526367400789,0.08022059793965558,0.0821564644575119,0.0817403495311737,0.08179241590950607
2023-12-04,0.0957995194768742,0.0586221022166,0.07275335244940914,0.07395607569798299,0.07372426946116724,0.07202568476523244,0.07215845933147577,0.0733630508184433,0.07203519344329834,0.07285944085242989
2023-12-05,0.07686879410821273,0.0957995194769,0.09283097590132565,0.09207324981114351,0.09274068856882234,0.08977292461675213,0.08061740487716086,0.08225174248218536,0.08192645013332367,0.08745906234153049
2023-12-06,0.0645731735359259,0.0768687941082,0.08487091895638074,0.0875798717217855,0.08482832058852675,0.08183802872639084,0.07569441965771206,0.08104631304740906,0.0826987624168396,0.08265094787357781
2023-12-07,0.0897714674408144,0.064573173536,0.07573007929114753,0.07486149197064111,0.07701404147074105,0.07572652333251981,0.07215845933147577,0.07489624619483948,0.07543337345123291,0.07511717357751395
2023-12-08,0.05564289972825284,0.0897714674408,0.0881002519520741,0.08532203845323891,0.08873760229056375,0.08748547694225667,0.08061740487716086,0.08101131021976471,0.07909873127937317,0.08433897371634745
2023-12-11,0.049101028085039924,0.0556428997281,0.07183140765471971,0.07056405910967056,0.07264719435756722,0.0700235935023883,0.07072366977621791,0.07288205623626709,0.07519780099391937,0.07198139737582146
2023-12-12,0.1138717064035417,0.0491010280851,0.06460279676347658,0.061266992897785394,0.06699894479961899,0.06655411255564969,0.07044161493847372,0.06505736708641052,0.0672396570444107,0.06602306944083222
2023-12-13,0.09513019433039754,0.113871706404,0.09833082120009139,0.08653310904080903,0.0979776689974691,0.09370319990537289,0.0970856428138887,0.08482903242111206,0.0651157945394516,0.08908218127402782
2023-12-14,0.08352003893415041,0.0951301943304,0.09217016563632938,0.09351134476919387,0.09118150895679425,0.08914862453414259,0.08346956509914871,0.08739472925662994,0.09309445321559906,0.08999577020969111
2023-12-15,0.04817688959449707,0.0835200389341,0.08615069498825573,0.08661539341479847,0.08541446286363066,0.08163210886700335,0.0750455872299189,0.08426675200462341,0.07662224769592285,0.08224960672345048
2023-12-18,0.041185671049682314,0.0481768895945,0.06894274763411368,0.06892696736859832,0.06919482191496437,0.0649243088234758,0.06512406596081406,0.0702066570520401,0.06126709282398224,0.06694095165399837
2023-12-19,0.1083014726259657,0.0411856710497,0.06498706737504284,0.064138243546087,0.06593794566905431,0.062225084179999404,0.06206840765184725,0.06124250218272209,0.058153003454208374,0.06267889343699447
2023-12-20,0.10717113807500227,0.108301472626,0.09584689620268086,0.09954058907116364,0.09573282489329524,0.09183420222835888,0.09272743664159204,0.08026942610740662,0.07405783236026764,0.09000131535782356
2023-12-21,0.07034454607730724,0.107171138075,0.09635722148413513,0.09596890042763641,0.09664887304639044,0.09389660643900839,0.09380104192465498,0.09005405008792877,0.07860291004180908,0.09218994335022332
2023-12-22,0.03904671387193242,0.0703445460772,0.07789096221377775,0.07845634194187559,0.0790043369361353,0.0795776927242175,0.07279152686680514,0.0809861421585083,0.07984785735607147,0.07836498002819872
2023-12-26,0.06818601639666304,0.0390467138719,0.06246127317476323,0.06278946403865984,0.06424173591742828,0.06408692790999537,0.062073214858227685,0.06511242687702179,0.0676146000623703,0.0640542346912095
2023-12-27,0.04866398108290484,0.0681860163967,0.0785243052642511,0.07866251344108084,0.07894397487982206,0.07671479910768064,0.06671804691007928,0.06874515116214752,0.06953415274620056,0.0739775633587517
2023-12-28,0.06550374970652902,0.0486639810829,0.06394945087560491,0.06515722061094202,0.06570374321635056,0.06454917239222703,0.06552808484907159,0.06328073143959045,0.06463843584060669,0.06468669131777047
2023-12-29,0.07707290862070018,0.0655037497065,0.06804532225294609,0.06883976164463633,0.07066513188598761,0.07093107824436687,0.06534748040029968,0.06539419293403625,0.0647888332605362,0.06771597151754415
2024-01-02,0.08531463672012206,0.0770729086207,0.07406393923682505,0.07249175765407614,0.07629562009818558,0.07630862035897602,0.06610747012387212,0.07079890370368958,0.0682128369808197,0.07203987830806345
2024-01-03,0.06968141890075144,0.0853146367202,0.08215420953564641,0.08219152699987414,0.0836195818704315,0.08344700612657466,0.07643700149603323,0.07717029750347137,0.07483820617198944,0.07997968995771723
2024-01-04,0.10318007215753244,0.0696814189008,0.0749847151109427,0.07489274850418454,0.0772566115389256,0.07860582339976822,0.07332591147326992,0.07438763976097107,0.07679840922355652,0.07575026557308837
2024-01-05,0.07247964703585415,0.103180072157,0.09558326433982042,0.09359721161487172,0.09589927498693379,0.09559283700910709,0.09643616673995947,0.08527134358882904,0.08521521091461182,0.09251361559916191
2024-01-08,0.07880985277808861,0.0724796470359,0.08186696253631888,0.0765600933794011,0.08215636023921057,0.08085087652494957,0.07279152686680514,0.08003084361553192,0.077228844165802,0.07878364390400273
2024-01-09,0.07164537177935781,0.0788098527782,0.08498752601500613,0.08357915647773415,0.08475676881122396,0.08336999061168174,0.07615376220445887,0.0791664570569992,0.07491590082645416,0.08098993742907974
2024-01-10,0.12087520114614411,0.0716453717793,0.08037965272429329,0.08085225764247428,0.08038178202711407,0.0790658898075223,0.06935317172538377,0.07621344923973083,0.07658402621746063,0.07754717562628274
2024-01-11,0.08360987396444752,0.120875201146,0.10805931245625812,0.11028128976409088,0.10582747252677446,0.10245817183818738,0.09905817685957644,0.09301280975341797,0.08263605833053589,0.10019047021840588
2024-01-12,0.0918620195821494,0.0836098739645,0.08879211830082996,0.09069141459575579,0.08731229640323934,0.08459177324185312,0.08013261689871311,0.08798737823963165,0.059993237257003784,0.0827858335624324
2024-01-16,0.07718216862346898,0.0918620195822,0.09437091466931052,0.09487173316981375,0.09220794347085892,0.08894690537376149,0.08013261689871311,0.08824948966503143,0.07122744619846344,0.08714386420656466
2024-01-17,0.0806995630350103,0.0771821686235,0.08730488511098893,0.08659947407491646,0.08635048166706205,0.08520241498956366,0.07845102421395153,0.08539435267448425,0.08287277817726135,0.08459648727260403
2024-01-18,0.06846045599148752,0.080699563035,0.08979071557880221,0.0902996794304529,0.08918664468901256,0.08944972446751923,0.08824399594967242,0.08440713584423065,0.08946254849433899,0.08869149206486128
2024-01-19,0.07117327459101484,0.0684604559916,0.07930893182144322,0.07739375700112204,0.07982532082006542,0.08230606089360146,0.07675151061148729,0.07884222269058228,0.08819796144962311,0.0803751093268464
2024-01-22,0.04693160426183064,0.071173274591,0.079416755441641,0.08087754661435864,0.07948857923327197,0.08023441890222185,0.07385297400738519,0.0766276866197586,0.0819239467382431,0.07891741536526863
2024-01-23,0.08088450595052923,0.0469316042618,0.06398406752323531,0.06326429913966679,0.06553170564508547,0.06758017833305005,0.07196689104406877,0.06752432882785797,0.07096949219703674,0.06726013753000017
2024-01-24,0.07811822883669599,0.0808845059505,0.08022125001669256,0.08222564381080312,0.0807914476772851,0.08089075918815027,0.08018151437963571,0.07270270586013794,0.07201366126537323,0.07843242602829685
2024-01-25,0.06311444863053785,0.0781182288367,0.07872611219660784,0.07842640668185666,0.07973999280377508,0.08087128683302672,0.07545482619692927,0.07479673624038696,0.07486359775066376,0.07755413695760661
2024-01-26,0.06367083033437526,0.0631144486306,0.07123468123064741,0.07207665328255984,0.07278255450807694,0.07443721230806785,0.07385297400738519,0.0715106874704361,0.07401221990585327,0.07284385467328951
2024-01-29,0.045126167430770366,0.0636708303343,0.07078266704769029,0.0671735667932404,0.07236869073609348,0.07374020015183677,0.07385297400738519,0.06977957487106323,0.07190760970115662,0.07137218332978086
2024-01-30,0.11840813190184869,0.0451261674308,0.06197717166013558,0.06304978502960956,0.06426723948306451,0.06621307956667476,0.07196689104406877,0.06364339590072632,0.06724870204925537,0.06548089496193356
2024-01-31,0.10573620594795899,0.118408131902,0.09956838042632554,0.10282647463341874,0.09938195900009494,0.09931991460458003,0.09865672634970553,0.08265839517116547,0.08234180510044098,0.09496480789796159
2024-02-01,0.11231810824559145,0.105736205948,0.09611816144343915,0.09361877624608667,0.09618855626796698,0.09956266514323177,0.09865672634970553,0.09010444581508636,0.11078663170337677,0.09786228042412759
2024-02-02,0.08611818027424871,0.112318108246,0.10364022077673393,0.104179057065724,0.10163194320766832,0.10014132445051108,0.10165292436672779,0.09694293141365051,0.0895133763551712,0.09967168251945525
2024-02-05,0.07566523177274752,0.0861181802742,0.09344094197061473,0.09603965678565002,0.09107196041007273,0.08760013644771258,0.08626972702391866,0.09301379323005676,0.08347508311271667,0.09013018556867745
2024-02-06,0.06532825342365431,0.0756652317728,0.0913331065851489,0.09220797716397355,0.08828772423458672,0.08395850308065853,0.0803592780106803,0.0883907675743103,0.07530172169208527,0.0856912969059205
2024-02-07,0.04755402175594362,0.0653282534237,0.08170561588417259,0.0795944741118686,0.07999474775954554,0.0766441343581683,0.07684917202440746,0.08113916218280792,0.07609793543815613,0.07886074882273235
2024-02-08,0.03956673902076187,0.0475540217559,0.06812230339704045,0.06801779498402048,0.06817251291045255,0.06695810092728163,0.07196689104406877,0.07068809866905212,0.07098595798015594,0.06927309427315315
2024-02-09,0.06647359118959047,0.0395667390207,0.05780106277863822,0.05647063949568626,0.05985366798213983,0.06033705968196851,0.06728636424851964,0.061175387352705,0.06912289559841156,0.061721011019724145
2024-02-12,0.09353308614192092,0.0664735911895,0.0685912411996665,0.07039834360988803,0.07075875940128823,0.07138057416457722,0.07115933744569218,0.06388489902019501,0.07178854942321777,0.06970881489493214
2024-02-13,0.09180471097241578,0.0935330861419,0.08289810364701833,0.0813009084729053,0.08479949578321966,0.08632101539092638,0.07875882172465004,0.07393722236156464,0.08052104711532593,0.08121951635651577
2024-02-14,0.07119444774973116,0.0918047109723,0.08449491912418526,0.08438036261620754,0.08648757400941362,0.08918424096492697,0.08376457673018718,0.07967604696750641,0.07870674133300781,0.08381349453506212
2024-02-15,0.09307820902637523,0.0711944477497,0.07691785725753619,0.07638548968707251,0.07823581838964007,0.0797314874872819,0.07277840942440261,0.0807904526591301,0.06622739136219025,0.07586670089532195
2024-02-16,0.09907645413435828,0.0930782090263,0.09201084896610902,0.09472640159689893,0.09142265244071007,0.09027855943170021,0.0824262757075117,0.08592651039361954,0.0791340321302414,0.08798932580954155
2024-02-20,0.08019488826694629,0.0990764541344,0.09776126726079096,0.10027754143416887,0.09641609245700822,0.09736920417583864,0.12617874562331136,0.09118225425481796,0.09027132391929626,0.09992234701789031
2024-02-21,0.07963701465729614,0.0801948882669,0.08769267766960778,0.08558982772209059,0.08764648485461358,0.09036135374717119,0.12026909941153885,0.08617454767227173,0.08807717263698578,0.0922587376734685
2024-02-22,0.07053433498614133,0.0796370146572,0.08631755335653338,0.08307348088642856,0.08648026845306855,0.08854011116884308,0.0860183354944603,0.08325096219778061,0.08167362213134766,0.08505061909835174
2024-02-23,0.05443386513586923,0.0705343349862,0.08196830203340688,0.08423853550560267,0.08177383548140185,0.0826530348346465,0.07941778623180035,0.07966627180576324,0.0751587450504303,0.08069664442043598
2024-02-26,0.04836327326361358,0.0544338651359,0.07094559622211799,0.07274979467755778,0.07161197744644829,0.07254382798624877,0.07219785998689043,0.07222575694322586,0.0685240626335144,0.07154269655657194
2024-02-27,0.05464630246497196,0.0483632732636,0.06352911101519235,0.06312487612571716,0.06572886890126513,0.06821792204869703,0.07173695795726842,0.06666083633899689,0.0643949806690216,0.06619907900802266
2024-02-28,0.08226699215337827,0.054646302465,0.06416175048753461,0.0635884047819303,0.06668169315600937,0.06928772136012254,0.07092400180623233,0.06692726910114288,0.06429176032543182,0.06655180014548627
2024-02-29,0.061127510984321946,0.0822669921533,0.07731955894191048,0.0797458591771632,0.07936806797500263,0.08177136515440873,0.07810510050640446,0.07701487094163895,0.07468339800834656,0.07828688867212501
2024-03-01,0.049841264119103564,0.0611275109843,0.06654564727926754,0.06355499976748977,0.06924393401704337,0.07282352426417289,0.07150455124374451,0.07404202967882156,0.06859178841114044,0.06947235352309715
2024-03-04,0.08811124704245196,0.0498412641191,0.06091479996337103,0.0603923512319271,0.06385740642788759,0.06601305796426382,0.07046309977661032,0.06763305515050888,0.05941586196422577,0.06409851892554207
2024-03-05,0.11828133305256583,0.0881112470424,0.08247000401134977,0.08388147027080063,0.08419076766470152,0.08558917058979436,0.07937895868706256,0.07823682576417923,0.0774446427822113,0.08159883425287136
2024-03-06,0.06259017258495138,0.118281333053,0.10237447031377876,0.10551219052116559,0.10265013783182765,0.10357671321196657,0.0991026830967827,0.09498253464698792,0.09477667510509491,0.10042505781822916
2024-03-07,0.1168610721930772,0.0625901725849,0.0745246041426609,0.07471548933243137,0.07638141155460329,0.07949044831063615,0.07637046921135121,0.08103755861520767,0.07891415059566498,0.0773477331089365
2024-03-08,0.08920047207192124,0.116861072193,0.10496405234191249,0.10734048435313709,0.10442574599273163,0.10472674045741741,0.10261360348777307,0.09373905509710312,0.09002813696861267,0.10111968838552678
2024-03-11,0.10983392328885644,0.0892004720719,0.09555462055069577,0.09482543228370177,0.09456829223664445,0.09383199936256087,0.08847317015219926,0.09129538387060165,0.09127853810787201,0.09283249093775368
2024-03-12,0.06297518023414621,0.109833923289,0.10712617218065365,0.10519985775832517,0.10539125346228181,0.10479953396357916,0.10705835133480876,0.0974375456571579,0.10007743537425995,0.10387002139015233
2024-03-13,0.11097338023675768,0.0629751802342,0.08012881225652153,0.08192657172533059,0.07949860772165873,0.07849966926611242,0.07941778623180035,0.08247122168540955,0.0621824711561203,0.07773216286327907
2024-03-14,0.08022742241902578,0.110973380237,0.10695892933038234,0.10938386146992955,0.10402580768571812,0.1003984421631672,0.10525695458445895,0.09422268718481064,0.08337037265300751,0.10051672215306776
2024-03-15,0.06628478130057608,0.0802274224191,0.08924410591122078,0.0892701452985579,0.08811566886956113,0.08816016887272854,0.0860183354944603,0.08861631900072098,0.09210343658924103,0.08878974000521296
2024-03-18,0.058635389169238064,0.0662847813006,0.08061137533998698,0.08257131167437065,0.08078921740588721,0.08212228700510567,0.07951525175276963,0.07909771054983139,0.0864139273762703,0.08158872587203168
2024-03-19,0.12654135105167796,0.0586353891693,0.07239303438455044,0.06940612856208747,0.07402973014230502,0.07674870835714304,0.07700792769110008,0.07137743383646011,0.07932247966527939,0.07432649180556081
2024-03-20,0.060672836724165125,0.126541351052,0.10986241094766834,0.10246737542969026,0.10820973867644165,0.10701364085228156,0.1011317869023078,0.09491275995969772,0.10303554683923721,0.10380475137247493
2024-03-21,0.05978297365683644,0.0606728367241,0.07455680842601348,0.07572193169764845,0.07470788093339514,0.07578957104237734,0.07305567587795612,0.08051269501447678,0.08964439481496811,0.07771270825811935
2024-03-22,0.03815388892765716,0.0597829736569,0.07230217913543434,0.0738065153748107,0.07290951785194817,0.07205071815286875,0.07305567587795612,0.07216562330722809,0.06484348326921463,0.0715905304242087
2024-03-25,0.04009144213607088,0.0381538889277,0.05968218048406697,0.060250370131684966,0.06144710830778844,0.061200526251772,0.06592663983530848,0.060465216636657715,0.049658916890621185,0.0598044226482714
2024-03-26,0.0672748972552259,0.0400914421361,0.058931593343871845,0.06058186457909742,0.06139970959770817,0.06138063360621944,0.0697821934761253,0.05628630518913269,0.054612018167972565,0.060424902565732484
2024-03-27,0.04991456963490319,0.0672748972552,0.06622430135556168,0.06485529121270464,0.06966402562907617,0.07114410623419629,0.07165856909921467,0.06350569427013397,0.06423661857843399,0.06732694376847448
2024-03-28,0.07127051653125575,0.0499145696349,0.05713443316883544,0.05729918741049669,0.060688387701025026,0.06160718620257947,0.0697821934761253,0.06085634231567383,0.05960851162672043,0.06099660598592231
2024-04-01,0.06092878956260004,0.0712705165313,0.06813831716399021,0.0692817875555429,0.07123344463729633,0.07222553852624256,0.07165856909921467,0.06729311496019363,0.06284729391336441,0.06895400940797781
2024-04-02,0.08767120700882816,0.0609287895625,0.06540157136063411,0.06537042761927578,0.06863590612311038,0.07072500133221422,0.07165856909921467,0.06690268963575363,0.0745682492852211,0.06903748777934626
2024-04-03,0.1333991286179891,0.0876712070088,0.08219506778981436,0.08090064779357664,0.0844487106927239,0.08705761056812987,0.08347819159167784,0.0770374983549118,0.08844893425703049,0.0833666658639807
2024-04-04,0.11560535201439594,0.133399128618,0.10948543500838546,0.11390830583496503,0.10900540400434433,0.1091358863815857,0.09862446284063825,0.09951412677764893,0.1074647530913353,0.1067340534198433
2024-04-05,0.06441252370255648,0.115605352014,0.10712167860305491,0.10345425694320082,0.10690576109258687,0.10958711013350073,0.10469926069417444,0.10420721024274826,0.11597099155187607,0.10742089560873459
2024-04-08,0.11889319770459705,0.0644125237025,0.08263991363996678,0.08320197426397771,0.08312111273320096,0.08535615011522343,0.08190248784080288,0.08573431521654129,0.09440743178129196,0.08519476937014357
2024-04-09,0.14816415133485833,0.118893197705,0.11330471436604078,0.11338178872359929,0.11075288739257888,0.10963864903598085,0.10501144021005254,0.09847011417150497,0.10583438724279404,0.10805628302036448
2024-04-10,0.09587602927489436,0.148164151335,0.13244928958706254,0.13196638239251415,0.12782479279511166,0.12477173763681271,0.1345641861540969,0.11745268851518631,0.1255960762500763,0.1278035933329801
2024-04-11,0.10854106403468505,0.0958760292749,0.10460333898002983,0.10434119117447933,0.10243776870495028,0.10285988661665219,0.09589051155334716,0.10519569367170334,0.08786583691835403,0.10045631823135946
2024-04-12,0.13893394939408726,0.108541064035,0.10987813090885606,0.11104683166252392,0.10708600090176949,0.1058788873130848,0.10831302216003838,0.10315924137830734,0.09023388475179672,0.10508514272519667
2024-04-15,0.16290106915118757,0.138933949394,0.13077694162008274,0.13506016264337445,0.12724282304331783,0.12724127993359602,0.13017170633926634,0.1162734255194664,0.12676522135734558,0.12764736577949276
2024-04-16,0.15085273062681231,0.162901069151,0.14592280199605817,0.14748978883904929,0.14263303685418816,0.14451983342137215,0.1518743127254893,0.13266490399837494,0.15743204951286316,0.14607667533534216
2024-04-17,0.12840187318961666,0.150852730627,0.14047761135769382,0.14357434272246958,0.13648330399988445,0.13837580248152404,0.14964640356387351,0.13339343667030334,0.13821426033973694,0.14002359444792653
2024-04-18,0.13199693061924583,0.12840187319,0.1329106266446869,0.1344608596615445,0.12827678538596748,0.12931099290891446,0.12693604873691963,0.12651628255844116,0.12325327098369598,0.12880926669716716
2024-04-19,0.10106784192406602,0.131996930619,0.1366484694059476,0.13953465754572764,0.13105917920206492,0.13149713802486498,0.12829799778871656,0.12503117322921753,0.12108562886714935,0.13045060629481264
2024-04-22,0.07863261033525976,0.101067841924,0.11880247052015486,0.11935344602756376,0.11543763284268038,0.11800190979397443,0.12829799778871656,0.11245386302471161,0.11395727097988129,0.11804351299681183
2024-04-23,0.09674063353409053,0.0786326103353,0.10064039849786173,0.09898685399821011,0.09788014667752597,0.10101902774455876,0.10425448080487366,0.09670864790678024,0.10047025978565216,0.09999425934506609
2024-04-24,0.10659727042079829,0.096740633534,0.10411065696532718,0.10585746530898649,0.10117815913759984,0.1039217375162953,0.09641848706249749,0.09562227129936218,0.09862267971038818,0.1008187795714938
2024-04-25,0.07919565629779451,0.106597270421,0.1066464368137823,0.10389510183680771,0.10384540865704038,0.1075350027146149,0.10525474177729122,0.09982841461896896,0.10332490503787994,0.10433285877948363
2024-04-26,0.08876417658064767,0.0791956562977,0.08901569772775086,0.08818517443914144,0.08833831479773947,0.09530615733191738,0.08837137471021962,0.09122753888368607,0.09784907102584839,0.0911847612737576
2024-04-29,0.11523676162598982,0.0887641765806,0.09233259424275271,0.09508905160671516,0.09062374665318401,0.09485002248126434,0.08557808474340052,0.08998416364192963,0.09128318727016449,0.0913915500913444
2024-04-30,0.17289438398450077,0.115236761626,0.1079439905361019,0.11231725056267791,0.10445652064431975,0.10694695903702293,0.10393954722931853,0.10010754317045212,0.09791731834411621,0.10480416136057277
2024-05-01,0.11950013713224934,0.172894383985,0.14166286234295286,0.1424409603138439,0.13630755765439728,0.13926761060786727,0.14686505865888175,0.1274075210094452,0.12335507571697235,0.1367580923291944
2024-05-02,0.09188501539083727,0.119500137132,0.11788353809571596,0.11778451473364511,0.11254787333129788,0.11625929787619341,0.11084858564662005,0.12080883979797363,0.12332551181316376,0.11706545161351568
2024-05-03,0.045946702947433346,0.0918850153909,0.10616088432633905,0.10792645899429873,0.1005057071265794,0.10245512503394179,0.09641848706249749,0.10608798265457153,0.09695383906364441,0.10235835489455321
2024-05-06,0.05774748262091431,0.0459467029474,0.08093054767419802,0.07887678448329764,0.0762074825840506,0.07682303652774664,0.09219472791563742,0.0814729630947113,0.07859387993812561,0.08072848888825246
2024-05-07,0.0435578462867617,0.0577474826208,0.08125158675711441,0.08287756730697196,0.07788740350405027,0.08047549294970842,0.08245269546349122,0.07383167743682861,0.0760871171951294,0.07926622008761346
2024-05-08,0.05344562071867442,0.0435578462868,0.06286553517880784,0.06122063689380021,0.06279698431221262,0.06851351951441048,0.07588497356683939,0.0641491487622261,0.07636769115924835,0.06739978419822071
2024-05-09,0.06414664487957573,0.0534456207186,0.06152168453008891,0.05818100392995656,0.06299826361390894,0.0700435504318395,0.07098138871653945,0.06262964010238647,0.08030669391155243,0.06666603217661034
2024-05-10,0.04207059566589615,0.0641466448796,0.06406991141306087,0.06505490070883488,0.06597707733475652,0.07229163653255029,0.0722250349065601,0.06559489667415619,0.083847776055336,0.06986589051789356
2024-05-13,0.07008002271970522,0.0420705956659,0.05348023122005308,0.05447179700610712,0.05586838708342537,0.062023310295464464,0.07098138871653945,0.059677138924598694,0.07841025292873383,0.062130358024988855
2024-05-14,0.05041800313459469,0.0700800227197,0.0677039696177944,0.06610468701323757,0.07000446676085989,0.07721713774383138,0.07586443108564658,0.06627782434225082,0.08297286927700043,0.07230648369151729
2024-05-15,0.07711904185150902,0.0504180031347,0.05925504529384078,0.05693718911572841,0.06168358847614061,0.06818861245852735,0.07098138871653945,0.06264600157737732,0.08115983009338379,0.06583595081879111
2024-05-16,0.05025023502038174,0.0771190418516,0.0738521052990051,0.07576688939072702,0.07471256964244762,0.07666395395136247,0.07217436117042055,0.06922885775566101,0.05732019245624542,0.0713884185236956
2024-05-17,0.045491211757597315,0.0502502350204,0.06009800072856229,0.0606233479844609,0.061967732034626306,0.06357305466709862,0.06960342542972346,0.06210680678486824,0.05528797209262848,0.061894334245995476
2024-05-20,0.040514645261106756,0.0454912117576,0.05825738240387796,0.05795509385043267,0.06009001129289765,0.06055920490904649,0.06960342542972346,0.05666929855942726,0.05989028513431549,0.060432100225674426
2024-05-21,0.07877587286708793,0.0405146452611,0.05333918111071122,0.05155212022679584,0.05649707996040296,0.05831068043584976,0.06960342542972346,0.05208640918135643,0.06066899001598358,0.05743684090868904
2024-05-22,0.10171922275743557,0.078775872867,0.07386156626660711,0.07372740116257012,0.07546215766961548,0.07475266945324972,0.07520387879011786,0.06484147906303406,0.073285311460495,0.07301920912366991
2024-05-23,0.07601244127471239,0.101719222757,0.08681938345965742,0.08935545975155293,0.0876939757810716,0.08776209077538405,0.09088035761405815,0.08053319156169891,0.08496575057506561,0.0868586013597841
2024-05-24,0.07258003931137817,0.0760124412747,0.07711973230664909,0.07673543971446274,0.07801577359572723,0.07812037558891681,0.0720834929119886,0.07806061208248138,0.0818697065114975,0.07742930467310334
2024-05-28,0.06647805320012312,0.0725800393114,0.07799439812042033,0.0774613617159084,0.07771279938771576,0.07474101531697411,0.0720834929119886,0.07444177567958832,0.0717659741640091,0.07517154532808637
2024-05-29,0.07704836190447141,0.0664780532001,0.0774951046675898,0.07737061959223135,0.07712334449017816,0.07445165990287218,0.0720834929119886,0.07087066769599915,0.07298287749290466,0.0746253952505377
2024-05-30,0.11218216386682153,0.0770483619044,0.08230519604552942,0.08335312243843385,0.08269035284380168,0.083160713080775,0.07596569568872805,0.07333636283874512,0.08374351263046265,0.08065070793806796
2024-05-31,0.10030050783826969,0.112182163867,0.0997240196912334,0.09513570729181467,0.09968535323536584,0.10049139453572692,0.09858676094233405,0.0880139172077179,0.09671960771083832,0.09690810865929016
2024-06-03,0.10133271237558383,0.100300507838,0.09642223523717527,0.09719099112853849,0.09533874287509804,0.09262770788792847,0.09460014232704947,0.09093102812767029,0.090161994099617,0.09389612024043957
2024-06-04,0.06759409887675404,0.101332712376,0.0995248032666068,0.09926025075975475,0.09813289613155896,0.09563165555108619,0.09718265431635488,0.09204722940921783,0.089390829205513,0.09588147409144177
2024-06-05,0.05969427893053739,0.0675940988768,0.08383408787956435,0.08151071333185089,0.08319008273654409,0.08173493144905314,0.07653086891570138,0.07945719361305237,0.07851308584213257,0.08068156625255697
2024-06-06,0.0905596790659088,0.0596942789306,0.07854768944283648,0.07981038884408863,0.07797860478060965,0.07612577905358292,0.07394835692639595,0.07030870020389557,0.07091142237186432,0.07537584880332479
2024-06-07,0.05635022049104688,0.0905596790659,0.09102820944431017,0.09052782903952324,0.09035259563669235,0.08842685817592708,0.08103537941135132,0.07827739417552948,0.07892845571041107,0.0855109602276778
2024-06-10,0.07410150261072444,0.056350220491,0.07100388004816863,0.06830447039742622,0.07178934612804055,0.07100851381939534,0.07161239805619116,0.06993573904037476,0.07142117619514465,0.0707250748121059
2024-06-11,0.10420113124450424,0.0741015026107,0.07684148603529113,0.07595142056781423,0.07821177337225131,0.07848346575869158,0.07161239805619116,0.0717577338218689,0.07573091983795166,0.0755127424928657
2024-06-12,0.07698631743322445,0.104201131244,0.09422350979830532,0.09624743203923783,0.09402975412369638,0.09336110059247539,0.09780899716347585,0.08545276522636414,0.09207278490066528,0.09331376340631715
2024-06-13,0.07680523071217742,0.0769863174333,0.08299650643434571,0.08271430791783695,0.08185193174729785,0.07903341779039907,0.07308709215740962,0.08224369585514069,0.07930858433246613,0.08017650517641371
2024-06-14,0.07020307084501361,0.0768052307122,0.08166081975693351,0.08069245163647959,0.08082132395030917,0.0775320043157704,0.07308709215740962,0.07856243848800659,0.06074042618274689,0.07615665092680797
2024-06-17,0.05021757756340304,0.0702030708451,0.07975627296441831,0.0772298555022789,0.078878147449817,0.07578172609338535,0.07276121306800644,0.0755903571844101,0.06826633960008621,0.07546627312320033
2024-06-18,0.1026584939585147,0.0502175775635,0.06825893418443657,0.06848890846681445,0.06875363913099132,0.06776870921925915,0.07115605913911265,0.06553186476230621,0.06889209896326065,0.06840717340945443
2024-06-20,0.07482921760329984,0.102658493958,0.09263720132734396,0.09284194629066983,0.09203536810978213,0.09019017131013442,0.09076461959982175,0.0827377438545227,0.08329743891954422,0.08921492705883129
2024-06-21,0.09596272987478212,0.0748292176032,0.07937711651873106,0.07992073843684538,0.07983034615592341,0.08002364066499425,0.07276121306800644,0.0808851569890976,0.08295876532793045,0.07939385388021836
2024-06-24,0.0590267099403753,0.0959627298748,0.09095788045702907,0.0910374581043294,0.09019953899006258,0.08868583854490165,0.08014719711691591,0.0874495804309845,0.08639387041330338,0.08783876629393236
2024-06-25,0.07106789210990573,0.0590267099405,0.07266215366280263,0.07163296176967932,0.07320909733851799,0.07338621106567207,0.07276121306800644,0.07488399744033813,0.07804638892412186,0.07379743189559121
2024-06-26,0.07307048016339293,0.07106789211,0.08021774423635117,0.07912790260143743,0.07979675075780389,0.07863522488959263,0.07276121306800644,0.07364429533481598,0.0777309462428093,0.07741629673297383
2024-06-27,0.09890621935640852,0.0730704801634,0.07848278298966717,0.07700957913029663,0.07852489732448721,0.07715248058338176,0.07276121306800644,0.07401089370250702,0.0754980817437172,0.07620570407743764
2024-06-28,0.1038678298669381,0.0989062193564,0.09273881842869304,0.09406290730839678,0.0914617119470847,0.08895927305322011,0.08478725793443966,0.08594678342342377,0.08346851915121078,0.08877503874949554
2024-07-01,0.054719515752462575,0.103867829867,0.09574284681989162,0.09642643857073845,0.0942087715329176,0.09165827849820923,0.0965553373897586,0.09349043667316437,0.08737077564001083,0.09363612644638439
2024-07-02,0.039112851939184394,0.0547195157526,0.07234964196857603,0.06963677614230722,0.07150262178569777,0.0685810468806051,0.07198301388431122,0.07572014629840851,0.07439898699522018,0.07202460485073228
2024-07-03,0.05181134391881762,0.0391128519392,0.062217304729164785,0.06098897936984342,0.06240892902812327,0.06029744222725728,0.06722070716009977,0.05944817140698433,0.06590586155653,0.06264105649685756
2024-07-05,0.038983652458023474,0.0518113439187,0.0662893417215001,0.06639890029560844,0.06698908212997307,0.06551563535110137,0.07154429615980276,0.05844232812523842,0.06845007091760635,0.06623280781440435
2024-07-08,0.04851723501238998,0.038983652458,0.054919420407151226,0.05575747651010354,0.057697258829784215,0.05850271821154385,0.06521164818088132,0.054336074739694595,0.06432240456342697,0.05867814306322653
2024-07-09,0.04693953624046535,0.0485172350124,0.05439783429859629,0.05500540340741763,0.05866758821113664,0.06159959476315037,0.06953523718058431,0.056014109402894974,0.06344326585531235,0.05980900473129893
2024-07-10,0.10138177302170248,0.0469395362405,0.052967149056615107,0.04899535381631758,0.0575826740044452,0.06128963595829393,0.06953523718058431,0.05710214003920555,0.06328734010457993,0.05867993288000594
2024-07-11,0.07995966443363303,0.101381773022,0.08409326174626894,0.08570865347036002,0.08634921921133187,0.08814037839358282,0.0887555606206033,0.0797819048166275,0.07971019297838211,0.08464845303387951
2024-07-12,0.09052341482559084,0.0799596644336,0.076580960095226,0.0769698994148167,0.07853969591031629,0.0790623183383551,0.07694416719500449,0.08154214918613434,0.06199333816766739,0.07594750404393147
2024-07-15,0.07237049764357573,0.0905234148256,0.08617549716029342,0.08749956173211251,0.08610556238217076,0.08379041449926307,0.07895322617422294,0.08448034524917603,0.07232072204351425,0.08276076132010757
2024-07-16,0.0810477204653456,0.0723704976435,0.07985861193070401,0.07791026611313348,0.08013631377692482,0.0783893569592117,0.07314945008869654,0.0773545354604721,0.0773395225405693,0.07773400812424457
2024-07-17,0.14562357526887876,0.0810477204654,0.08700453581411925,0.08833122069289426,0.08631827709561452,0.08357563568943582,0.08110479622193219,0.07785379886627197,0.08139074593782425,0.08365414433115603
2024-07-18,0.11935676114077325,0.145623575269,0.12109759032261401,0.1233736892118671,0.11896714614551784,0.1166508192562614,0.11899342787167419,0.10614350438117981,0.10731985419988632,0.11607800448414296
2024-07-19,0.10908954505388131,0.119356761141,0.11231185352438781,0.11404362117955187,0.11028573915210625,0.11052855501581496,0.10397987743292833,0.10855226218700409,0.1109815463423729,0.11009763640488089
2024-07-22,0.08222109937788719,0.109089545054,0.1091278079218052,0.10951581213793322,0.10731942212870203,0.10895056923663837,0.10825203643452774,0.10272492468357086,0.10391876846551895,0.10711562014409948
2024-07-23,0.09584247399578331,0.0822210993779,0.09745235448223295,0.10011304321408379,0.09494563983070689,0.09457951173918333,0.09412135538520343,0.08795678615570068,0.08243647962808609,0.0930864529193139
2024-07-24,0.15502209625859922,0.0958424739958,0.10515083419537462,0.10845418264616008,0.1019733018164964,0.10035682634246848,0.09490548208386161,0.08903977274894714,0.08500983566045761,0.09784146221339514
2024-07-25,0.14730755096699286,0.155022096259,0.1336654139528484,0.13608300718885297,0.13210149600669274,0.13478778915540895,0.13914609389503782,0.11710666120052338,0.12143542617559433,0.13061798393927979
2024-07-26,0.10411954882506742,0.147307550967,0.13249867161105552,0.13511134442370157,0.1305134687632491,0.13398229506909323,0.13960553086505975,0.12751057744026184,0.13058418035507202,0.13282943836107045
2024-07-29,0.1210513324314177,0.104119548825,0.11179070089838172,0.11306269175872925,0.10883791081400973,0.11129483270049821,0.14690130088561984,0.11007852852344513,0.10854332894086838,0.11578704207450748
2024-07-30,0.11885340567534276,0.121051332431,0.12318823480163071,0.12622213245545089,0.11909947350020289,0.11991194257759603,0.11908408290407936,0.109250009059906,0.10625209659337997,0.11757256741317798
2024-07-31,0.15056234098612575,0.118853405675,0.12422105123802026,0.12378386269715172,0.120355156112642,0.12158966230660602,0.11908408290407936,0.11010576784610748,0.11376539617776871,0.11898642561176795
2024-08-01,0.18250264527511922,0.150562340986,0.1386271650013668,0.14242687043030672,0.1329618823229256,0.1325161379526398,0.1420188773147984,0.12470604479312897,0.13322195410728455,0.13521127598892155
2024-08-02,0.3139697155643582,0.182502645275,0.1566530087432697,0.15726408921606444,0.1510956961742166,0.1518649864125606,0.15811687334838959,0.14651864767074585,0.13827475905418396,0.1513982943742044
2024-08-05,0.1943125958928036,0.313969715564,0.23695230009047694,0.22370902870052867,0.2274233940592702,0.22489546486409795,0.2638735363030367,0.21952442824840546,0.20227202773094177,0.22837859714239395
2024-08-06,0.1894597103211234,0.194312595893,0.1874008453705798,0.18765153348519775,0.19520096086421201,0.21146880031125892,0.2944287595010225,0.19556809961795807,0.2693037688732147,0.22014610971763485
2024-08-07,0.1614023707554508,0.189459710321,0.19137433564730694,0.1968308287958816,0.18327739272271282,0.1921208632264127,0.21306817246448287,0.17469744384288788,0.20475387573242188,0.19373184463315812
2024-08-08,0.13875308944472697,0.161402370755,0.1791099373929064,0.17294305659373072,0.1723783240803003,0.18034986073495032,0.20728504867480732,0.1538931429386139,0.14259186387062073,0.17265017632656138
2024-08-09,0.14674504092703508,0.138753089445,0.16446221753424997,0.1653174348638541,0.153279454661334,0.1547012400364488,0.16650539016428192,0.1391952633857727,0.10657431930303574,0.15000504570699677
2024-08-12,0.0758004575866373,0.146745040927,0.1530449826195337,0.15808528068691177,0.14283512062874948,0.14471633338509948,0.1770037026879611,0.13821618258953094,0.10854972153902054,0.1460644748766867
2024-08-13,0.10879515872739007,0.0758004575866,0.10910464208288453,0.10767228922173047,0.10342067327015576,0.1100537406883648,0.11314345350398511,0.10854475200176239,0.10360721498727798,0.10793525225088016
2024-08-14,0.06488536344911076,0.108795158727,0.11724904692189089,0.12005224359209891,0.11042442468820693,0.11455292586833882,0.11907145278749708,0.11114740371704102,0.10202274471521378,0.11350289175575534
2024-08-15,0.06294494366765928,0.0648853634491,0.08796298145683201,0.08703807777863215,0.0828591600975766,0.0874782226623616,0.08926636145893628,0.09448833763599396,0.07424170523881912,0.08619069233273595
2024-08-16,0.07421214878438166,0.0629449436677,0.08018793606362443,0.07947778648010569,0.07597964787364009,0.08007942058671469,0.08089817168602097,0.08335321396589279,0.06373906135559082,0.07767360543022707
2024-08-19,0.07440919314783624,0.0742121487844,0.07905358444715271,0.07745193075936851,0.07649679079130277,0.08117856296636958,0.07504987844151836,0.08295326679944992,0.07108062505722046,0.07760923418034034
2024-08-20,0.10132661873620968,0.0744091931478,0.07906338707527494,0.0797769156308485,0.07631845610012077,0.08005015569445617,0.0751750522932277,0.0837501734495163,0.07819351553916931,0.07890395082608767
2024-08-21,0.11574819704837738,0.101326618736,0.09107634148289914,0.09295525651408204,0.08879866365290122,0.09388608030083613,0.08978837594578497,0.09397291392087936,0.09510935842990875,0.09222671289247023
2024-08-22,0.1455379323571501,0.115748197048,0.10239912845127262,0.10535802948007268,0.09883229786865709,0.10355701806294203,0.10007637517988889,0.1044430360198021,0.10765372216701508,0.1031885153185215
2024-08-23,0.07595315495570674,0.145537932357,0.12379028966631912,0.12408612841602121,0.11832208388888407,0.12165928534659673,0.12249899078414841,0.12110801786184311,0.1251382678747177,0.12237186626264719
2024-08-26,0.06519495992384074,0.0759531549557,0.09125181045388256,0.09401236453480061,0.08574437795367862,0.08681561779734408,0.08192502221353068,0.09703393280506134,0.08905352652072906,0.08940523603986099
2024-08-27,0.1085564412354845,0.0651949599238,0.08543548219529999,0.08459318916825606,0.08079384745958751,0.08242091060934573,0.07964514126052877,0.08033876866102219,0.0809861272573471,0.0820304952301982
2024-08-28,0.10789933459306966,0.108556441235,0.1064993008392881,0.10806766644352701,0.10062379107909765,0.10060385850116806,0.10056140237627931,0.09331442415714264,0.09462712705135345,0.10061393863540803
2024-08-29,0.09725421956834367,0.107899334593,0.10549800799778829,0.10785134944749156,0.10097510743300966,0.10383089085411466,0.10377165897018509,0.10082962363958359,0.10886901617050171,0.10451795064466778
2024-08-30,0.1168850085827879,0.0972542195683,0.09617386371127659,0.09563794314308732,0.09235508008580048,0.09479262799474714,0.08793871745027344,0.09793361276388168,0.09956121444702148,0.09491329422801258
2024-09-03,0.10632782614304498,0.116885008583,0.10912137913943057,0.11278781521305901,0.1030146602887511,0.10098249671531773,0.09960946810438749,0.1048937737941742,0.09919698536396027,0.1042295112312972
2024-09-04,0.1271887058076369,0.106327826143,0.10791062388011222,0.10895855848437769,0.10550042678047991,0.11030950241876375,0.11700689202369419,0.10408729314804077,0.12500210106372833,0.11125362825702813
2024-09-05,0.15301988819587864,0.127188705808,0.11957943522610509,0.12026633975142614,0.1174570459845519,0.12140649322005008,0.11826961296391704,0.11111391335725784,0.13549794256687164,0.12051296901002569
2024-09-06,0.10134520507856502,0.153019888196,0.13582961919602504,0.14090958763944839,0.13195641097037253,0.13413454589823287,0.13338101942934047,0.12549248337745667,0.1426009088754654,0.1349006536266202
2024-09-09,0.11200233684353375,0.101345205079,0.11194441887330836,0.1125745653666542,0.111671207228398,0.11708182289531001,0.1200579467561948,0.10909964889287949,0.12644782662391663,0.11555391951952307
2024-09-10,0.13455178125370768,0.112002336843,0.11657093124084114,0.11890177140728184,0.11461072660411092,0.11798363114024568,0.12111348262322748,0.10527586191892624,0.11800360679626465,0.11606571596155686
2024-09-11,0.11605599358402133,0.134551781254,0.1297254746834683,0.12642372524369883,0.12617165028731592,0.12776615313386058,0.12338303553996467,0.11538846045732498,0.12493978440761566,0.12482832625046413
2024-09-12,0.07738775801766323,0.116055993584,0.12004548964207513,0.1193660056447333,0.11576664801161837,0.11537963473885303,0.11826961296391704,0.1125509962439537,0.09265142679214478,0.11343283057675647
2024-09-13,0.08424471615204362,0.0773877580177,0.09505006704195697,0.09518643635627871,0.09225720772806131,0.09217868119076641,0.0946022109366765,0.09313309192657471,0.07903194427490234,0.09163423420788815
2024-09-16,0.09866176825855899,0.084244716152,0.09676790604529674,0.09667836510169853,0.09392525864669461,0.0928728793163869,0.09257969956165715,0.08829548954963684,0.09303510189056396,0.0934506714445621
2024-09-17,0.1774541963234006,0.0986617682585,0.10231682512313262,0.10437461840173451,0.09999024769028891,0.10024689216948336,0.09712365956585728,0.0974794551730156,0.10750587284564972,0.10129108156702314
2024-09-18,0.09514458925492926,0.177454196323,0.14319060926115124,0.14165928182217802,0.1382442098729984,0.13677208802866178,0.13771235099517415,0.13178321719169617,0.1437094658613205,0.13901017471902574
2024-09-19,0.07516821646793544,0.0951445892549,0.10250604659817635,0.10201165930559711,0.09987785310519517,0.1023652415504347,0.10084992687831122,0.11391818523406982,0.1280372589826584,0.10708088166492039
2024-09-20,0.06226513658919251,0.0751682164679,0.09289103898456949,0.09378055871144807,0.08875251924618009,0.08685175318431415,0.08821209863304325,0.09592621773481369,0.07974158227443695,0.0894508241098294
2024-09-23,0.06484370705317517,0.0622651365892,0.08487860354498436,0.08444959794416129,0.08140124422736443,0.07905411328635548,0.08000246232790624,0.08329258859157562,0.07079008221626282,0.08055267030551574
2024-09-24,0.050229570569595754,0.0648437070531,0.08311563622885401,0.0830465623505668,0.08046344263352569,0.0785735399172998,0.0794827034559514,0.07964068651199341,0.07198747992515564,0.07947286443190668
2024-09-25,0.07000522164134615,0.0502295705697,0.06493810127882413,0.06515847405957437,0.06572049291736505,0.06635066006461117,0.07363869602874398,0.07045749574899673,0.0649726390838623,0.06731950845456824
2024-09-26,0.06207040875841241,0.0700052216414,0.07201742383432844,0.07307694997336808,0.07339104903081325,0.07457424306301247,0.07356720042993556,0.0744529664516449,0.07183142006397247,0.07327303612101074
2024-09-27,0.0842443608335371,0.0620704087585,0.06710924188829481,0.06764766191901973,0.06928203017966922,0.07224981273355681,0.07356720042993556,0.07385359704494476,0.07386225461959839,0.07108168554500274
2024-09-30,0.12890193350537765,0.0842443608335,0.0795470582150434,0.07787578150606553,0.0817679442369253,0.08552321457752776,0.08457261125757833,0.08203299343585968,0.08736422657966614,0.08266911854409516
2024-10-01,0.10878734791534353,0.128901933505,0.10630434609920325,0.10654869605262113,0.10610533608499609,0.10847079676881971,0.09861740707379989,0.10334363579750061,0.10952509939670563,0.10555933103909233
2024-10-02,0.12506165545272138,0.108787347915,0.1020476532059105,0.1001735415675381,0.1028129931366098,0.10845039369483402,0.10988577204829564,0.10539522767066956,0.11847618222236633,0.10674882336374628
2024-10-03,0.11288744184459491,0.125061655453,0.11463295458291992,0.11597066647718604,0.11346103014497269,0.11691056770173856,0.11339643458704475,0.11188258230686188,0.1186223179101944,0.11498236481584546
2024-10-04,0.07690904981203447,0.112887441845,0.11343139702110455,0.11478822214206158,0.11216921596939515,0.11625039409487868,0.1187064626235323,0.11056497693061829,0.12176378071308136,0.11538206421352457
2024-10-07,0.06108175829060588,0.0769090498121,0.09586121872667097,0.09831614364064731,0.09384487749634712,0.0955621513813998,0.10299470026973241,0.0954107791185379,0.10372582077980042,0.09795938448759085
2024-10-08,0.060779800166206537,0.0610817582907,0.08241908953845843,0.0810809379790867,0.08604729601270111,0.09633700381631002,0.09067036477191763,0.08116619288921356,0.10690456628799438,0.08923220732795456
2024-10-09,0.06636138238920886,0.0607798001663,0.07802090799902268,0.07657724479181097,0.08137434378158268,0.0909710279646262,0.08857251206505541,0.07554047554731369,0.09508197009563446,0.08373406889214945
2024-10-10,0.058676023158677,0.0663613823892,0.07544457744810086,0.07543913695129578,0.0797554727047723,0.09014739152140436,0.08597590079676624,0.07544729113578796,0.09051232039928436,0.08181744156534454
2024-10-11,0.0545911027658537,0.0586760231587,0.06704258935628664,0.06371493864292893,0.07319059409104398,0.08508611175953731,0.08462411920480616,0.07209835946559906,0.07847952842712402,0.07489089156390373
2024-10-14,0.07508505133760515,0.0545911027658,0.06317601770576024,0.06163210266592664,0.06988361399653237,0.08219111290542244,0.08334383321165449,0.0688818097114563,0.0731210708618164,0.07174708015122412
2024-10-15,0.058095689760119036,0.0750850513376,0.07408969353143915,0.07574598484951583,0.08002682675984127,0.09255055210205537,0.08484185957807294,0.07563290745019913,0.0907573252916336,0.0819493070803939
2024-10-16,0.07792566958601255,0.05809568976,0.06579003180717903,0.0641185697307309,0.07279691974954024,0.08569746668699599,0.08269913069393643,0.07051382958889008,0.0933699831366539,0.0764265616277038
2024-10-17,0.05363297380177236,0.077925669586,0.07621086609475913,0.07752583726733632,0.08197802922808947,0.09297353538267669,0.08411447482733593,0.07640637457370758,0.09275678545236588,0.0831379861180387
2024-10-18,0.06498178012417634,0.0536329738017,0.0643795389435598,0.06365451309951359,0.07051437362157101,0.08089925464320304,0.08212044190745557,0.0685061663389206,0.07964593917131424,0.07281717538936254
2024-10-21,0.053219200115691326,0.0649817801241,0.07069405712029862,0.07136187914676928,0.07587953692431885,0.08478646898680316,0.07766347581130766,0.06944553554058075,0.07530681043863297,0.07501968056695876
2024-10-22,0.08789725720489348,0.0532192001157,0.06320638640831677,0.06247169767995249,0.06976060087323326,0.08060858378190991,0.08212044190745557,0.06496460735797882,0.07576600462198257,0.07127118894726135
2024-10-23,0.08066513298513305,0.0878972572049,0.08223076471512183,0.08407872924871027,0.08744333083617344,0.09733751631747056,0.09238879739293702,0.07796460390090942,0.08825529366731644,0.08709986229694842
2024-10-24,0.09298853323058494,0.0806651329851,0.0790421373914107,0.07874097105502922,0.08562522474950764,0.09764243101419283,0.09284503580607666,0.08084606379270554,0.09439180046319962,0.08701909489601746
2024-10-25,0.06211870111693579,0.0929885332305,0.08833325442694967,0.0893033063076831,0.09320793059419523,0.10318690431781713,0.09325495802262819,0.08712412416934967,0.09756144136190414,0.0931388456000753
2024-10-28,0.07698961333451676,0.062118701117,0.07349051088575545,0.07393745662877829,0.0796861768449021,0.09113306086019482,0.08465742387615947,0.07635517418384552,0.09032761305570602,0.08136963090504881
2024-10-29,0.07398652558803663,0.0769896133345,0.08262293089528835,0.08140223339700232,0.08761114665084185,0.09804580974839192,0.08600868047438365,0.07787609845399857,0.09041685611009598,0.08628339367571468
2024-10-30,0.11832582472826632,0.0739865255881,0.07997441983151232,0.07987975767815307,0.08534107126889476,0.09616759270058428,0.08600868047438365,0.07759824395179749,0.09400524944067001,0.08556785933514223
2024-10-31,0.10823913076185894,0.118325824728,0.10429531409246223,0.1082497011298881,0.1085225606159556,0.11829223494327738,0.10983112221990354,0.09652270376682281,0.1125774011015892,0.10832729112427127
2024-11-01,0.08855533420278193,0.108239130762,0.10088333534309489,0.10148939958540396,0.10762960512794136,0.12025958803129007,0.11103715494010204,0.10054657608270645,0.12483520060777664,0.10952583710261647
2024-11-04,0.08048863498683774,0.0885553342028,0.09395860327243949,0.09304954770163498,0.09947795451848264,0.11029347254818388,0.09821541416155462,0.0926995798945427,0.11746878176927567,0.10073762198087342
2024-11-05,0.0895925213862675,0.0804886349869,0.09048278935705471,0.08812969440008042,0.09621006464201497,0.10770465185123265,0.09780549194500308,0.08495809137821198,0.10901551693677902,0.09632947150148241
2024-11-06,0.06012300912825638,0.0895925213863,0.09616440173784559,0.09730811366396093,0.09938735797705528,0.10802422398980584,0.09729514908839068,0.08657370507717133,0.09815486520528793,0.09755825953421679
2024-11-07,0.04726745722526906,0.0601230091283,0.07705619982020492,0.07529450156647033,0.07813447347960961,0.07992779066797881,0.0793961716219355,0.0746162161231041,0.06641555577516556,0.07583441557920982
2024-11-08,0.05289524512699795,0.0472674572253,0.06556685117672739,0.06430888213612912,0.06782956925798009,0.07001192312058738,0.07572580087716188,0.06338348984718323,0.07900463789701462,0.06940445061611196
2024-11-11,0.06919308729556732,0.052895245127,0.06506715721829799,0.0651403763093967,0.06795813700557261,0.07015221615146151,0.0762735217272448,0.061786964535713196,0.05304453521966934,0.06563184402390802
2024-11-12,0.07853925401485298,0.0691930872955,0.07175915727705118,0.07314787443261461,0.07477982538601438,0.07760584286761996,0.07489391733150262,0.06909698247909546,0.06479684263467789,0.07229720605836801
2024-11-13,0.10612757322061407,0.0785392540148,0.0751750016115814,0.07611898815539013,0.07821457745330329,0.08108669942119734,0.0830815292614198,0.07618357986211777,0.07159245759248734,0.07735040476535672
2024-11-14,0.0861174757915349,0.106127573221,0.09221483273643949,0.09351321130762845,0.09300320427473056,0.09466406699167891,0.09948945503781528,0.0913001149892807,0.06502585858106613,0.08988724913123422
2024-11-15,0.07596790321999417,0.0861174757916,0.0861797167210632,0.08701173167398121,0.08615866629542497,0.0879635323714321,0.08366846338641516,0.08932898938655853,0.06566322594881058,0.08371061796909797
2024-11-18,0.06966683608141826,0.0759679032201,0.08343040505836297,0.08180687084164759,0.08434577334648785,0.08742536500877689,0.08064785923515742,0.08295723795890808,0.07843387871980667,0.08272105573844965
2024-11-19,0.11169261152390877,0.0696668360814,0.08047965378277212,0.07827251857712764,0.08109526889335819,0.08436040162651773,0.07942419355814591,0.07728467881679535,0.08103888481855392,0.0802793714390387
2024-11-20,0.14588035561503682,0.111692611524,0.10326480772758251,0.1039457775367591,0.10243279558103091,0.10308586204578972,0.10317315651748478,0.09235098958015442,0.09315183013677597,0.1002007455893682
2024-11-21,0.0921726108606434,0.145880355615,0.12289286697661342,0.1241603129174283,0.1209593083030299,0.12003335725005222,0.11789323725752252,0.11430563032627106,0.11078893393278122,0.11871909242338552
2024-11-22,0.08163895256384908,0.0921726108607,0.09802530027045285,0.0979959874489229,0.09621891893284187,0.09748206511070417,0.09056730983117409,0.10188920795917511,0.0945671871304512,0.09667799666910316
2024-11-25,0.05784950235498314,0.0816389525639,0.09354620940242203,0.09558912542416645,0.09062222025771444,0.09095418239290358,0.08880166807894403,0.0897236317396164,0.08076337724924088,0.0900000592207154
2024-11-26,0.05768604769472424,0.0578495023549,0.08127246444144579,0.08150849665760113,0.07861828196435577,0.07969355106910275,0.08114533358099936,0.07572431862354279,0.06882279366254807,0.07811217714279937
2024-11-27,0.037482730537887976,0.0576860476948,0.07640116551487935,0.0771570575005034,0.07472590792081682,0.07640328361353979,0.07555753658040217,0.07033656537532806,0.062172941863536835,0.07325063690985807
2024-11-29,0.042272445139935305,0.0374827305379,0.05724762299584823,0.05590287545166786,0.05873837634482916,0.06377188453882088,0.06611515500025093,0.060068290680646896,0.057287685573101044,0.05987598436930929
2024-12-02,0.04167194760241234,0.0422724451399,0.05510528052263126,0.05526610317474684,0.05772350214663061,0.06330886331444405,0.06695202491781331,0.05841270461678505,0.05467145889997482,0.05877713394186085
2024-12-03,0.039250280072159485,0.0416719476024,0.05133130422033935,0.05130159358175752,0.055190991235249905,0.06124881938144423,0.06695202491781331,0.05794267728924751,0.05243753641843796,0.05662927814918426
2024-12-04,0.049542516144186706,0.0392502800721,0.048588065872577815,0.04749430822474299,0.05299017268140974,0.0590072692050901,0.06375133520154733,0.056849945336580276,0.05012836307287216,0.05411563708497434
2024-12-05,0.04553242503018832,0.0495425161442,0.052763294084326055,0.05344367623942405,0.05720718799464916,0.0623989152950085,0.06745612672854034,0.059454772621393204,0.0515233650803566,0.05774961972052828
2024-12-06,0.04871306817420147,0.0455324250302,0.05160924105701633,0.05174135532751034,0.056044832865683764,0.06114067059769268,0.06695202491781331,0.059009868651628494,0.05310184508562088,0.057085691214709404
2024-12-09,0.050479801123471155,0.0487130681742,0.05371790935626049,0.05469771300773012,0.05787065943498849,0.06212508723508915,0.06745612672854034,0.05943736806511879,0.050521574914455414,0.05797520553459754
2024-12-10,0.035925785437720355,0.0504798011235,0.05534352744689312,0.05529938630193815,0.06009465414144835,0.06528850476549813,0.06981994652724395,0.06005917862057686,0.053478606045246124,0.05991197197840638
2024-12-11,0.053640951730919165,0.0359257854377,0.048173544718780506,0.04710340020147322,0.053325580114624335,0.059388304348933954,0.06470271148706354,0.05501658841967583,0.053092800080776215,0.05440041848161823
2024-12-12,0.06822255627909878,0.0536409517308,0.056915747848528375,0.05690311725987321,0.06119375421992363,0.065360933261301,0.06604368321535295,0.058942604809999466,0.040152035653591156,0.05793026803836711
2024-12-13,0.0429828584646075,0.0682225562792,0.06582875279297103,0.06640505449678985,0.06954419709303747,0.07285290404175257,0.07017728687638213,0.06667555868625641,0.052136652171611786,0.06623148659411446
2024-12-16,0.05916337457135115,0.0429828584646,0.05328863083903525,0.052233189452818754,0.057573269355860164,0.0558774210827513,0.05787589288969129,0.06007971987128258,0.05264382064342499,0.055653134876409195
2024-12-17,0.22527686282314924,0.0591633745713,0.06176605203130247,0.060586114035078104,0.06620363646521041,0.0652500480659404,0.06342608606869034,0.06240737810730934,0.05783911049365997,0.062496917895312996
2024-12-18,0.15819997561052024,0.225276862823,0.15720438097771947,0.16432546365973616,0.15413023834092648,0.1469548878657204,0.12763643443666908,0.13759195804595947,0.12125156819820404,0.14415641878927646
2024-12-19,0.17257422439262476,0.15819997561,0.13459315955970333,0.1368747503884822,0.1358374578397798,0.13863883804487775,0.16133122028160243,0.14246894419193268,0.1647171676158905,0.1449230768460384
2024-12-20,0.09473435129970965,0.172574224393,0.15057367014490014,0.143452023484502,0.14874800936842208,0.14809258250698648,0.17232707521490767,0.14335933327674866,0.13858556747436523,0.1493054659244046
2024-12-23,0.058865167832432105,0.0947343512998,0.1182563984238596,0.1196023126159878,0.11293735378161154,0.10689191248937534,0.10293080024696098,0.1064009815454483,0.08293452858924866,0.10713632681321318
2024-12-24,0.08660506020645907,0.0588651678325,0.10128557416864915,0.10017057255859889,0.09563892006604595,0.08808017121644675,0.10000006805061766,0.07542206346988678,0.055805787444114685,0.08805759385347998
2024-12-26,0.1352731786500517,0.0866050602064,0.1021638150517733,0.10278889619887521,0.097320967875421,0.08755508109568483,0.08407115380735068,0.07739332318305969,0.057243406772613525,0.08693380628353975
2024-12-27,0.12243769898550691,0.13527317865,0.12317243034389233,0.12545739325274272,0.11832637409884711,0.10999087553735372,0.10175690772293858,0.10659921169281006,0.08253222703933716,0.10969077424113167
2024-12-30,0.14113854412435606,0.122437698986,0.11259698219649479,0.11400154029209116,0.11029609873791119,0.10696310000344599,0.10141902194695962,0.11467848718166351,0.09069181978702545,0.10723529287794167
2024-12-31,0.19210412890699669,0.141138544124,0.12551206705117432,0.12763720632514364,0.12285933891956156,0.12164479671707207,0.12773175091908195,0.12493491172790527,0.10700708627700806,0.1224753082767067
2025-01-02,0.09587586094134226,0.192104128907,0.1613642361861018,0.16535094276213722,0.1539184788358079,0.148589318525979,0.16236762844455097,0.1528935581445694,0.13276982307434082,0.15389342656764102
2025-01-03,0.0802215213315953,0.0958758609413,0.11651172756358467,0.11654952157434356,0.1111684187834791,0.10937385339397701,0.11373393725166582,0.11878715455532074,0.10594040155410767,0.11315214495378266
2025-01-06,0.14424530779872183,0.0802215213315,0.10418381718385478,0.10522238149488275,0.09876184513440325,0.09578913209710972,0.09527902589072337,0.09221316874027252,0.0775509923696518,0.0955714804158426
2025-01-07,0.14989210846883835,0.144245307799,0.13639742270171007,0.14085866294735833,0.1290122061140738,0.12503467567086016,0.12861049009093908,0.1136707216501236,0.10031235218048096,0.12484236162222084
2025-01-08,0.16252931783425414,0.149892108469,0.13977501103801782,0.14096429140886052,0.13342613741705225,0.1324182471600086,0.15444603668849355,0.13072983920574188,0.12024912238121033,0.136001240757055
2025-01-10,0.12883543438645598,0.162529317834,0.14306072095880626,0.1475023599276543,0.13652851099547234,0.13584683466780328,0.12906059508913206,0.14165152609348297,0.12160992622375488,0.13646578199372944
2025-01-13,0.13503731125696333,0.128835434386,0.12994110793304448,0.12684521545314162,0.12471844585942488,0.12623263258011938,0.11951377969007407,0.1298430860042572,0.11761483550071716,0.12495844328868268
2025-01-14,0.0880371933895578,0.135037311257,0.13767304705398464,0.14096356444264718,0.130562110513944,0.13108014569413978,0.12072711232971005,0.12675638496875763,0.11448290944099426,0.12889218206345393
2025-01-15,0.09377501980407789,0.0880371933896,0.1103677765966515,0.110494383341754,0.10521178453121419,0.10842808725522196,0.10807918574864715,0.10419850051403046,0.09947380423545837,0.10660764603185394
2025-01-16,0.06506860716395887,0.0937750198041,0.10808888258846515,0.10929118818034514,0.10130725230000204,0.10121335877389066,0.09544541180814782,0.09739209711551666,0.07058903574943542,0.09761817521654327
2025-01-17,0.08254004179458113,0.065068607164,0.08589059437502017,0.0854635905243062,0.08206383955431525,0.08777997242742679,0.08196955021725655,0.08355458080768585,0.06935250759124756,0.08229637649960833
2025-01-21,0.0413526009220165,0.0825400417946,0.09011392040089494,0.09064211697884937,0.08680104026627736,0.09249591960557893,0.0900895303296431,0.08783210068941116,0.08388975262641907,0.08883776869958197
2025-01-22,0.04863509701242057,0.041352600922,0.06231650541843599,0.0625999567490004,0.06140239064317905,0.07069595931992512,0.07481039182963707,0.07058560848236084,0.06992802023887634,0.06747697609734497
2025-01-23,0.05456231226953271,0.0486350970124,0.062444646831497204,0.058965216823615954,0.06272877290830436,0.07131076506310585,0.07481039182963707,0.0663999617099762,0.06753334403038025,0.0663132998852167
2025-01-24,0.1247458066412142,0.0545623122696,0.061895109366607,0.06300848756199566,0.06318918850631364,0.07183250342316574,0.07232384506274574,0.06768114864826202,0.06521773338317871,0.0664497165646098
2025-01-27,0.09320868035156596,0.124745806641,0.10054720639499998,0.09851518793672259,0.09920635996765437,0.10241840961924921,0.10076614628427845,0.10091118514537811,0.08893495798110962,0.09875706476134176
2025-01-28,0.13088374230582497,0.0932086803516,0.0864823062034488,0.08213889086747095,0.08812571214528345,0.0955150552637099,0.08527519482661723,0.09873613715171814,0.09695638716220856,0.09046138337435099
2025-01-29,0.13709022250964947,0.130883742306,0.11220778579683643,0.11236184936854846,0.10929356163178314,0.11172279479794582,0.10344536721849946,0.11365848779678345,0.10162574052810669,0.10918794101978621
2025-01-30,0.12093480296009582,0.13709022251,0.12288441422688724,0.12489453523529223,0.11783769472958269,0.11862564181330096,0.11912252853228254,0.12307566404342651,0.12397812306880951,0.12148837166422596
2025-01-31,0.17513849682376514,0.12093480296,0.12103096965207603,0.12519139451444317,0.11405057688091022,0.11354071422138874,0.11329398856808066,0.1186794638633728,0.0932057797908783,0.11414184107016427
2025-02-03,0.07877438037161574,0.175138496824,0.15119905592060368,0.13990378174268175,0.1424704265748658,0.13862938664914223,0.14741741753224125,0.14133211970329285,0.11047981679439545,0.13877600070246043
2025-02-04,0.07414560800786517,0.0787743803717,0.10413649014862911,0.10354608641558419,0.09932875689629152,0.10228315610895461,0.10878905571648607,0.10468258708715439,0.09505528211593628,0.1025459163555766
2025-02-05,0.07384875307696129,0.0741456080079,0.09703817169112561,0.09645340929082541,0.09265309593408928,0.09546481910034879,0.12281877300231583,0.08521458506584167,0.07754431664943695,0.09531245296199764
2025-02-06,0.16541610602195905,0.0738487530769,0.09136487052789406,0.09296818764478817,0.0878472294140972,0.09116768855668339,0.08679121132887249,0.08092295378446579,0.07021661102771759,0.0858969646120741
2025-02-07,0.046334006881236595,0.165416106022,0.13876567323737538,0.14366531767095525,0.13173207665136188,0.1288085285527772,0.1369792711352943,0.12674745917320251,0.09987980127334595,0.1295111610991875
2025-02-10,0.053403035810054844,0.0463340068812,0.07088899858672314,0.07011915887916073,0.07028250045853197,0.07699664981165738,0.07674336349702209,0.08624979853630066,0.08952228724956512,0.07725753671699444
2025-02-11,0.09633274967680099,0.0534030358101,0.07209180506633561,0.07073159795140578,0.0716047644264671,0.07738579794241224,0.07738853984602112,0.06989839673042297,0.07433319091796875,0.07334772755443338
2025-02-12,0.07583637179217635,0.0963327496769,0.09450385210994627,0.09224339581296097,0.09287246113030342,0.09547598856369266,0.09053515010107463,0.08677297830581665,0.08282548189163208,0.0907470439879181
2025-02-13,0.04954922042339435,0.0758363717921,0.084964402534627,0.08321650493244372,0.0840761949661733,0.08787790992947822,0.0804814089276295,0.08617359399795532,0.07662037014961243,0.08334434077684565
2025-02-14,0.06878276001625698,0.0495492204234,0.06235515235571092,0.06268763416055678,0.06424547517399874,0.07072920156326674,0.0716786687137467,0.06907178461551666,0.05861441791057587,0.06562604778476748
2025-02-18,0.0549598574799353,0.0687827600163,0.07348635703385725,0.07224026528428096,0.07426700428255366,0.07870380264463947,0.07571533645606152,0.07234713435173035,0.0696759968996048,0.07377655670753258
2025-02-19,0.07914685847614926,0.05495985748,0.06704655996944135,0.06466637352412682,0.06837559096273088,0.07356191327840915,0.07539741539248276,0.06786566227674484,0.07574576139450073,0.07037989668549094
2025-02-20,0.08939898439968096,0.0791468584761,0.07699983984332924,0.0779857012860706,0.07824949962173376,0.08261363508912128,0.08241282997996856,0.07564130425453186,0.07903170585632324,0.07899064513301123
2025-02-21,0.11988269404540423,0.0893989843996,0.08304781965939247,0.08587069978654191,0.08386551979106767,0.08757531510481517,0.0829893695956428,0.08353602141141891,0.08419311046600342,0.08443969368784034
2025-02-24,0.15020848448403837,0.119882694045,0.10362743635722141,0.10593307339728122,0.10431649976827494,0.10745939105136512,0.10524765849787246,0.09984395653009415,0.10140007734298706,0.10397544184929948
2025-02-25,0.11221574055156255,0.150208484484,0.1250910154975748,0.12719439567306362,0.12401939546279231,0.1250707187861096,0.12433393505440508,0.11989103257656097,0.11655265092849731,0.12316473485414337
2025-02-26,0.17322956633535744,0.112215740552,0.11206155328612534,0.11314898415022928,0.11061931024999558,0.11302623732805937,0.11669474806994878,0.11120499670505524,0.10841524600982666,0.11216729654274861
2025-02-27,0.19513098334797577,0.173229566335,0.14922338981315758,0.15350436138490703,0.14418672109995567,0.14152944476297874,0.14427152751256783,0.1319495439529419,0.12344765663146973,0.14115894930828263
2025-02-28,0.19357166541165058,0.195130983348,0.16882477737247786,0.16441448865403513,0.16281953255658793,0.15812115766410198,0.15411001979203157,0.15299087762832642,0.142875075340271,0.15773656128683314
2025-03-03,0.2094123164522278,0.193571665412,0.17451272896168632,0.18082238707597859,0.16389878411282466,0.15642494340512417,0.15411001979203157,0.16105152666568756,0.13809221982955933,0.16127322997755603
2025-03-04,0.20950445916762728,0.209412316452,0.18717510499832893,0.19089200701217862,0.17884418425853382,0.17156407405817295,0.15600827423078542,0.1699310541152954,0.1566380262374878,0.17300753213011186
2025-03-05,0.21247791467462213,0.209504459168,0.19570102557995675,0.19396010637753858,0.18579245461794103,0.1770440003754821,0.15600827423078542,0.175681009888649,0.16510236263275146,0.1784698905290149
2025-03-06,0.24792572035898172,0.212477914675,0.20053205790904932,0.2043421963540767,0.18779847984120168,0.17783851687131624,0.17789941773377432,0.17980176210403442,0.15522539615631104,0.18334826099568052
2025-03-07,0.2051553790008344,0.247925720359,0.2218689310399069,0.22142751593594004,0.211131582277311,0.19982395898495542,0.25992599849136006,0.1999361515045166,0.17765209078788757,0.21310946128883965
2025-03-10,0.270251643513219,0.205155379001,0.20251862385223346,0.2065509589006677,0.18900174353612545,0.17940628021775812,0.15600827423078542,0.19089940190315247,0.1710914671421051,0.18506810711183252
2025-03-11,0.17143299708225368,0.270251643513,0.23860482346453482,0.23976935094004787,0.22837547461722305,0.21587201893601776,0.27233785054627646,0.21768660843372345,0.19871535897254944,0.23019449798719613
2025-03-12,0.18153768917795557,0.171432997082,0.18839541614623778,0.19288317293584403,0.18101652141582314,0.1746215483468756,0.23349845212060846,0.185144305229187,0.16754069924354553,0.18901430220544593
2025-03-13,0.12650438396664837,0.181537689178,0.19038602750831263,0.19571435648990995,0.17933576775337406,0.17301039892105421,0.193388571095683,0.17314863204956055,0.1395711898803711,0.1777935633854665
2025-03-14,0.12352575655471047,0.126504383967,0.15358369393442622,0.15137562445885386,0.14780602939070586,0.1475895264394155,0.1690229276322804,0.14489969611167908,0.11458927392959595,0.14698096741385097
2025-03-17,0.1305255553817596,0.123525756555,0.14498955416566603,0.14591940935449893,0.1364913418549374,0.1371489710375037,0.14582809572594332,0.13395285606384277,0.1103878766298294,0.13638830069031735
2025-03-18,0.146032296845806,0.130525555382,0.13601128989688005,0.13883167891709752,0.12926851618819746,0.13232394883677304,0.12090701080208614,0.13355638086795807,0.11657172441482544,0.1296386499891168
2025-03-19,0.14124009254104872,0.146032296846,0.14107460505410058,0.1364815835440503,0.1360154808389948,0.1397312188828785,0.14159862702334802,0.14246554672718048,0.13272486627101898,0.1385845611916531
2025-03-20,0.12242162953941595,0.141240092541,0.1353178286295631,0.1364861158503775,0.12886604516210481,0.13321287549239952,0.14059511093606106,0.1486155092716217,0.15763817727565765,0.1401045232311122
2025-03-21,0.07930924081650763,0.122421629539,0.12593449836295625,0.12313612988249523,0.11943821834268872,0.12496700588222533,0.12371372761265799,0.13739487528800964,0.11979003250598907,0.1249106411252889
2025-03-24,0.0611219614553329,0.0793092408166,0.1015036608632699,0.10107540927128358,0.09620334371654163,0.10463332938911292,0.10347700991258986,0.11035943031311035,0.09797030687332153,0.10217464147703283
2025-03-25,0.09798707149152688,0.0611219614554,0.08679051998115239,0.08712408452478104,0.08167696465391512,0.0915879566912376,0.09616643673301709,0.08929933607578278,0.08321349322795868,0.08797982741254924
2025-03-26,0.1346418025408751,0.0979870714915,0.10020806664192919,0.10293755393990359,0.0950769173215332,0.1034492043254559,0.10193079116560243,0.09869983792304993,0.09302473068237305,0.09933244314283532
2025-03-27,0.1238213582169296,0.134641802541,0.11713579901821106,0.11759852811099146,0.11313108739303757,0.12040385618801858,0.11146433724681278,0.12110231816768646,0.11226731538772583,0.11615760593035482
2025-03-28,0.1889324168613846,0.123821358217,0.11208609758193132,0.11597141652365749,0.10852177299068048,0.11685422946457154,0.11279878562754383,0.1251644343137741,0.11539290845394135,0.11525566356515715
2025-03-31,0.15317470388886803,0.188932416861,0.15270893034489325,0.14531474997383642,0.14878677146606767,0.152626723837742,0.1602250484497386,0.15405279397964478,0.14897389709949493,0.15181270216448825
2025-04-01,0.16430630774146196,0.153174703889,0.14370229382881505,0.14232485380010235,0.1380442875135787,0.14172101112050312,0.1523159741803449,0.1500747799873352,0.14652512967586517,0.1449583328723635
2025-04-02,0.17264306775285243,0.164306307742,0.15481907520632016,0.15053991769317182,0.14708858734131236,0.1484193873947991,0.16427803056040782,0.1493583619594574,0.14530090987682343,0.15140061000461316
2025-04-03,0.45099889012866096,0.172643067753,0.16213741764898712,0.16758054028050598,0.15295265993570328,0.15275073965916666,0.1604430480210243,0.1521625816822052,0.14336489140987396,0.15591312551963807
2025-04-04,1.0191951795542598,0.450998890129,0.32334423349584157,0.3270805970528542,0.3119675974492784,0.2917635556378612,0.3385107011449134,0.28731146454811096,0.2703673243522644,0.3071922105258749
2025-04-07,0.4581043695258014,1.01919517955,0.6663572705303153,0.6366193256992072,0.6469782774505686,0.5774329217020918,0.43056249038515254,0.6175820231437683,0.5643085837364197,0.591405841806789
2025-04-08,0.7171486573498412,0.458104369526,0.4250423943170355,0.43123631443547383,0.4154441281286675,0.3688249850319364,0.43056249038515254,0.5473510026931763,0.4968181848526001,0.4450399285491489
2025-04-09,0.5422679128862042,0.71714865735,0.5965285483456748,0.5318796455016649,0.5766289419681885,0.5021285810614323,0.43056249038515254,0.5828861594200134,0.5502330660820007,0.5386924903948753
2025-04-10,0.30057074545622703,0.542267912886,0.545121739221911,0.5496951070338444,0.47571261328973224,0.4111451085262491,0.34622266314539557,0.5502548217773438,0.37522900104522705,0.4647687220056719
2025-04-11,0.21402164457425327,0.300570745456,0.4165689189580558,0.41437839761942963,0.37782373419841114,0.32763754648843296,0.3798386317510192,0.43831872940063477,0.29203683137893677,0.37808611282784577
2025-04-14,0.1674388173342848,0.214021644575,0.30501686858262433,0.31412270934304215,0.2794989569968236,0.2536857420414244,0.3149433227942406,0.3330393135547638,0.20528055727481842,0.2865124957982482
2025-04-15,0.21016282912104128,0.167438817335,0.2574066403290552,0.2646796600459028,0.22626433973618643,0.2102558053224896,0.21303840805425625,0.28006285429000854,0.15981702506542206,0.23021781897761726
2025-04-16,0.17719626599507113,0.210162829121,0.23351682574197796,0.2384086719519427,0.2120901085080156,0.20504470421374188,0.21627992787939124,0.2813681364059448,0.16231773793697357,0.2212894446625697
2025-04-17,0.13887075720520717,0.177196265995,0.18591099782031226,0.18494140806029777,0.17986928921586187,0.18278972384584585,0.2201936029731515,0.2752542793750763,0.17705701291561127,0.2008594734580224
2025-04-21,0.17788173783631642,0.138870757205,0.1546364764366862,0.1602604027096125,0.148899456562536,0.1681294824191597,0.15918803487290895,0.23168453574180603,0.1824824959039688,0.17218298352095404
2025-04-22,0.20936196500389462,0.177881737836,0.17281093646413187,0.16885182142539437,0.17520504379336416,0.19997867961177102,0.2099809151492896,0.2204807847738266,0.20678119361400604,0.19344133926168341
2025-04-23,0.12473363337843567,0.209361965004,0.19241944720478826,0.19742538425613346,0.18627168221550638,0.2065658153538354,0.20736636750758158,0.22636960446834564,0.20860303938388824,0.20357447719858274
2025-04-24,0.1475307146146415,0.124733633378,0.141872286199889,0.13418510934039807,0.1354361744679365,0.15727344946533783,0.151364015702228,0.17325140535831451,0.15803636610507965,0.15020268666274053
2025-04-25,0.14287827776240167,0.147530714615,0.15197435062590164,0.15161873459147582,0.1409068006246288,0.1603010977274686,0.16776287506955231,0.1548900008201599,0.1489817351102829,0.1537765135099243
2025-04-28,0.13629390903713048,0.142878277762,0.14983785858158338,0.15147976175784233,0.13561254560993893,0.1517209791565496,0.16183038650526813,0.1474630981683731,0.14767979085445404,0.14937491723342994
2025-04-29,0.18056504715137978,0.136293909037,0.1435033975832929,0.14010130301845994,0.13090996280110506,0.1485028899992469,0.15601306846115157,0.14145472645759583,0.15002672374248505,0.14435886743761964
2025-04-30,0.1531886519015374,0.180565047151,0.1649833861079773,0.15755037845199463,0.15015313050907314,0.16503901086776504,0.1814019139971611,0.15777817368507385,0.1629153937101364,0.16283162676131166
2025-05-01,0.11158244982624284,0.153188651902,0.15243116981684643,0.1562736059797022,0.1393064731470384,0.15541119652177943,0.16672831465033483,0.15312717854976654,0.15947996079921722,0.15467969992352645
2025-05-02,0.08207401736071898,0.111582449826,0.1279288978808025,0.12700476184846834,0.11513908723291147,0.13132947857025074,0.142647167327186,0.1299538016319275,0.1358071267604828,0.1299729030360042
2025-05-05,0.15159963907187643,0.0820740173607,0.10807071744593513,0.10651717480414324,0.0945016076454718,0.10803364994812722,0.11623484968832266,0.10601800680160522,0.1430494338274002,0.11177506288014363
2025-05-06,0.20547086565082653,0.151599639072,0.14584538317942583,0.1454643019895048,0.13166865559593788,0.14491241094052287,0.1437953192819337,0.12906944751739502,0.16949547827243805,0.14432157096816547
2025-05-07,0.13753102929753416,0.205470865651,0.17576984618251307,0.17568714197949975,0.16273178430588078,0.1753875401158719,0.16943363094503028,0.1641881912946701,0.18654580414295197,0.17282056270948828
2025-05-08,0.0990615254255657,0.137531029297,0.1378605449544536,0.1369875310744761,0.12915141298131652,0.13979173140491297,0.13698291817727842,0.14451739192008972,0.19725371897220612,0.14607789278353334
2025-05-09,0.1064404577529334,0.0990615254256,0.1162914728710969,0.12009478978684125,0.10872984039274511,0.11819099716688392,0.12360734431770042,0.1148928850889206,0.1260998547077179,0.11827245490455802
2025-05-12,0.0812188191824087,0.106440457753,0.1212231080753587,0.1193969521176395,0.11499697308809485,0.1217697304129605,0.1293408009285225,0.10659678280353546,0.12571851909160614,0.11986326664538824
2025-05-13,0.0917910648053306,0.0812188191824,0.10257479491085586,0.10012912681429761,0.09463827090866095,0.09650300782678907,0.10097859042321289,0.09424382448196411,0.1091783344745636,0.09974942140576346
2025-05-14,0.09036243533520995,0.0917910648053,0.10013555033110397,0.10183114336492582,0.09513988383829716,0.09977781743937607,0.0961761878143612,0.09406353533267975,0.12228883802890778,0.10134470802137883
2025-05-15,0.06808675038405637,0.0903624353352,0.09601102906717471,0.09302764681253656,0.09302377743523185,0.09885412540150468,0.0961761878143612,0.09562276303768158,0.10656237602233887,0.09703970079868993
2025-05-16,0.07697138878678753,0.0680867503841,0.08200617781948413,0.07829364862960646,0.07982754563369426,0.0849657171295884,0.0854803508643702,0.08779546618461609,0.10265716910362244,0.08586086790928314
2025-05-19,0.08798658603171736,0.0769713887868,0.08453799051308727,0.07827019879447844,0.08299617851929203,0.08742323532163306,0.08041273049593817,0.08776049315929413,0.1055295467376709,0.086704339077342
2025-05-20,0.1630422741809743,0.0879865860317,0.09047339978000277,0.0916054421030642,0.09001445111798083,0.09506193019152023,0.0923021543517273,0.09685385227203369,0.12270641326904297,0.09700252044076742
2025-05-21,0.10860070122506207,0.163042274181,0.13502179896597408,0.13980475538618065,0.13075833183480812,0.13134041080613548,0.12939882791582225,0.13044512271881104,0.1439599245786667,0.13438988174377117
2025-05-22,0.11047044770663149,0.108600701225,0.10751888492574982,0.10842027271474494,0.1078008992754162,0.11404875996340098,0.11262267691923489,0.12267877906560898,0.1402139812707901,0.11618632201927799
2025-05-23,0.05947830719330536,0.110470447707,0.11136469228859666,0.11047472126754856,0.11049544378982912,0.11456172233548007,0.11655239565281698,0.11759345978498459,0.13580872118473053,0.11669302232914093
2025-05-27,0.08926322564453963,0.0594783071934,0.08320414504770487,0.07645115663276983,0.08653131675103967,0.09460627529336046,0.09799621756149199,0.09431778639554977,0.12357483804225922,0.09381167653202513
2025-05-28,0.13344687249721965,0.0892632256446,0.09895228336197162,0.10250313639041816,0.09712023574781248,0.09785680376722271,0.09960763262254536,0.09734706580638885,0.11846697330474854,0.10169344728587253
2025-05-29,0.12507139317076787,0.133446872497,0.12019171244421863,0.12459382435795631,0.11867986323351203,0.11978144586810208,0.11262267691923489,0.11783766001462936,0.13372212648391724,0.12106132990308151
2025-05-30,0.09769724371326757,0.125071393171,0.11690858582015135,0.11713333853671212,0.11489168711603356,0.11506846264218905,0.11262267691923489,0.12446524947881699,0.13399074971675873,0.11929725003284239
2025-06-02,0.05867454342568675,0.0976972437133,0.10151663545153669,0.09965390038792238,0.10100479229696233,0.102366443205239,0.10526207834463615,0.11384176462888718,0.12447765469551086,0.10687475271581351
2025-06-03,0.061089399413682244,0.0586745434256,0.08080262537153124,0.07778267981840946,0.08103840511759636,0.08243404075291716,0.08930975331084336,0.09255973994731903,0.1139274388551712,0.08826495473911254
2025-06-04,0.13990033948987543,0.0610893994137,0.08007867151156128,0.08181367820242333,0.08029277824237599,0.08056706420209822,0.0864677732571887,0.08471778780221939,0.10305891931056976,0.08528523893263382
2025-06-05,0.08585715453293337,0.13990033949,0.12213781339873798,0.12653806239544185,0.12004943312385852,0.1182279390825962,0.12336795598904064,0.11522730439901352,0.12302914261817932,0.12122537871526685
2025-06-06,0.04867724004193664,0.085857154533,0.09086012964697157,0.09294137502454723,0.09201401701797293,0.09383709715766925,0.0923021543517273,0.10674906522035599,0.11386290192604065,0.0975095343350407
2025-06-09,0.06537028034869669,0.0486772400419,0.06771952447621316,0.06739508116411173,0.06981170865841542,0.07029913368902947,0.07346042525563315,0.0842645913362503,0.10490699112415314,0.07683677938625806
2025-06-10,0.10276263562926556,0.0653702803487,0.07692789458671159,0.07638204761035045,0.07915767291384679,0.08037955969350022,0.07671554015844431,0.081699900329113,0.10756844282150269,0.082690151159067
2025-06-11,0.07339292669054423,0.102762635629,0.09954344608250526,0.1027129466315218,0.09938910582403186,0.09799308201702325,0.09657378862222693,0.09860300272703171,0.1125016063451767,0.10104528260707392
2025-06-12,0.1049352321507281,0.0733929266906,0.07941073720057917,0.0744820457984835,0.08218018206743877,0.08411320648402434,0.07966344101129046,0.09276451170444489,0.10638988018035889,0.08557200063523143
2025-06-13,0.06210278231285938,0.104935232151,0.09738938046493006,0.09685593594425329,0.09905056114192036,0.10049968542884939,0.10271076050147232,0.10215511918067932,0.10450904071331024,0.10045292619648785
2025-06-16,0.08015301230426715,0.0621027823129,0.07570769465795214,0.07398804347982907,0.08099932755274247,0.08707914581188977,0.08368225803327732,0.08959165960550308,0.11289002001285553,0.08627687845057849
2025-06-17,0.10956146252326135,0.0801530123043,0.08624459199237382,0.08718146244408731,0.08862897607450103,0.09090136682023336,0.09042959797865673,0.0910332128405571,0.10860255360603333,0.09186025167949181
2025-06-18,0.10931840787080463,0.109561462523,0.10226032558737944,0.10452696777697343,0.10633894501615856,0.11256969557683724,0.10891735061387237,0.10422677546739578,0.12563420832157135,0.10921060976574117
2025-06-20,0.11147495340071867,0.109318407871,0.10459969761494481,0.10884020110146135,0.10681098018993185,0.11055830308845513,0.1112407243142227,0.1008850708603859,0.15490996837615967,0.11397784936365163
2025-06-23,0.05138031130952011,0.111474953401,0.10620852715331952,0.09939523615744797,0.10850143199819542,0.11171776603919056,0.1112407243142227,0.10364239662885666,0.1232970729470253,0.10914330789117974
2025-06-24,0.051076697556987766,0.0513803113094,0.0737986003589532,0.07297760710809248,0.07689512865945432,0.07954663927227093,0.084830143997332,0.07986049354076385,0.09327433258295059,0.08016899221711678
2025-06-25,0.047900143676028364,0.0510766975569,0.07156213940389408,0.07192886100984763,0.07365386432755955,0.07451280269771096,0.07727558334011211,0.06844860315322876,0.0822238102555275,0.07422938059826865
2025-06-26,0.07385015646952145,0.047900143676,0.06553864047332758,0.0645012647132264,0.06900840362533822,0.07039021884658203,0.07324227140444232,0.06270923465490341,0.08335725218057632,0.06982104084262804
2025-06-27,0.06534019813705495,0.0738501564696,0.07670764715535125,0.07559116515093621,0.08019731630746202,0.0832956620520977,0.07954633944439443,0.07135950773954391,0.09118368476629257,0.07969733180229688
2025-06-30,0.07753542903533069,0.0653401981371,0.06899818812008304,0.06886840662795515,0.0738386399903603,0.07818926902700168,0.07734244180917912,0.07144533842802048,0.09320134669542313,0.07598337581400327
2025-07-01,0.04183272733705035,0.0775354290354,0.07718263131449396,0.07650903248729435,0.0818169069531749,0.08705271827808073,0.07890875839328804,0.07631507515907288,0.09835997968912125,0.08230644318207515
2025-07-02,0.037459483425470244,0.0418327273371,0.05771297845597766,0.054342573906649705,0.06381341312041133,0.06979914247422161,0.07378433690478486,0.06384580582380295,0.08957817405462265,0.06755377496292439
2025-07-03,0.07700047651976187,0.0374594834255,0.05463674040978977,0.05159505013455669,0.061094289140066524,0.06691323685220571,0.07032464302799253,0.05592607706785202,0.08102486282587051,0.06307355706547625
2025-07-07,0.07105975721643018,0.0770004765197,0.07564315208317393,0.07811591810029832,0.08069775224796696,0.08473611761435874,0.07890875839328804,0.0684473067522049,0.09814605861902237,0.08067072340147331
2025-07-08,0.05620069637505927,0.0710597572164,0.07292986807929464,0.07217821982620042,0.07958019766161137,0.08705339606380502,0.0827552561969893,0.07259071618318558,0.10548623651266098,0.08179627007482104
2025-07-09,0.04180919467249614,0.056200696375,0.06356555182035611,0.06395440854661176,0.07043640081993856,0.07652954650061189,0.0764295196747957,0.06707379221916199,0.09472788125276566,0.07324530011917739
2025-07-10,0.05994880385054234,0.0418091946725,0.05596704208046603,0.054447729227957625,0.06233846296210369,0.06677099248277799,0.07378433690478486,0.05865968018770218,0.08321508020162582,0.06502618914963118
2025-07-11,0.0608141063263878,0.0599488038506,0.06707458615567163,0.06619901479296944,0.07215756190066495,0.0753743454546544,0.07734244180917912,0.06297352910041809,0.08403895050287247,0.07216577567377573
2025-07-14,0.07062773571383413,0.0608141063263,0.06639591320937088,0.06531262173870289,0.07237570108229394,0.07700649792108422,0.07734244180917912,0.06536038964986801,0.08940692991018295,0.07331435647438314
2025-07-15,0.12923712549177965,0.0706277357139,0.0714940569530074,0.07470096983306007,0.07824940224769558,0.08494088282179943,0.07847053315690067,0.06986864656209946,0.09443580359220505,0.0788800421666811
2025-07-16,0.049957647365900644,0.129237125492,0.10742501584314709,0.11146143089578586,0.11124757781087585,0.11520553896509597,0.10624531266059213,0.09593934565782547,0.10817020386457443,0.10795634652827098
2025-07-17,0.04504643725782584,0.0499576473659,0.06630129668363877,0.06416235898442754,0.07166860984514506,0.07636021508942498,0.0755500093036128,0.07619329541921616,0.08936633914709091,0.07422887492465088
2025-07-18,0.0413826051431439,0.0450464372578,0.06266729419980725,0.0633423425585855,0.06787176827456631,0.0717755293707346,0.07442191795589126,0.0632513090968132,0.08588740974664688,0.06988822445757785
2025-07-21,0.06948485354192811,0.0413826051432,0.05935435000582666,0.059138791822218054,0.06510348082087576,0.06909545227595731,0.07442191795589126,0.056823670864105225,0.08496157079935074,0.06698560493488928
2025-07-22,0.05724161062438408,0.0694848535419,0.07384108896761639,0.07505758815346183,0.07905723016773832,0.08257491294659594,0.0777015934167082,0.06615978479385376,0.07673196494579315,0.07587488048453823
2025-07-23,0.04853587551305611,0.0572416106243,0.0623372240808413,0.05997646425095811,0.06963464055936412,0.0747943669569,0.0762237476172872,0.06362326443195343,0.07219444215297699,0.06839773572146875
2025-07-24,0.030348879785758814,0.0485358755131,0.05761251187773052,0.05719118976522445,0.06435969608827838,0.06806404440574848,0.07219204446325382,0.05935545638203621,0.06085468828678131,0.06280423303843617
2025-07-25,0.039158529439838774,0.0303488797858,0.04701871935720949,0.04566776649693293,0.05449616031526682,0.058383429007323726,0.06893544132375276,0.051295410841703415,0.0527835488319397,0.054082925167732686
2025-07-28,0.054995729794186744,0.0391585294399,0.051478196503274176,0.05225957897349251,0.05834793770861896,0.060533615704723376,0.07219204446325382,0.051024582237005234,0.053473979234695435,0.0570442764035805
2025-07-29,0.09269046992072917,0.0549957297942,0.05878677746355148,0.05962443372375142,0.06561397515945526,0.06803554068418621,0.07489573937181436,0.056105148047208786,0.06514640152454376,0.06402971656778733
2025-07-30,0.10888780738567932,0.0926904699208,0.08107060918244777,0.0838041064881061,0.08662864106250147,0.08847092440760886,0.08453699498497802,0.07212017476558685,0.0791921317577362,0.08226051180699503
2025-07-31,0.11533641103775165,0.108887807386,0.09382944731057287,0.09798303215776462,0.09748422803432913,0.0975665516093166,0.10015976039949698,0.08624094724655151,0.10478442907333374,0.09686405654733792
2025-08-01,0.05885157004596224,0.115336411038,0.10318642442757273,0.10517045202285875,0.10522651927651426,0.10498965051445124,0.10069004220385629,0.09620660543441772,0.08471326529979706,0.1000261370256383
2025-08-04,0.07684175918090631,0.058851570046,0.0749216082700162,0.07249913932432155,0.08129700158726436,0.088331680408393,0.08431097289352944,0.0805189460515976,0.09595263004302979,0.08254742551116456
2025-08-05,0.08253770925657436,0.0768417591809,0.08592751582311665,0.08900038593101903,0.0881583750522312,0.08892776070477863,0.0828943218070517,0.07978169620037079,0.08646245300769806,0.08587892978946658
2025-08-06,0.10193102468414215,0.0825377092565,0.08821338991993995,0.08740798444769789,0.09132895830037832,0.09365155858476408,0.08836761698221497,0.08169272541999817,0.08639989793300629,0.08815173308399994
2025-08-07,0.0613177836002183,0.101931024684,0.09793597962942192,0.09982534258568761,0.09929707038966738,0.09862655116150866,0.09599432749551075,0.08944270014762878,0.0867379903793335,0.09540856596982265
2025-08-08,0.06800450940417996,0.0613177836003,0.07284313317203138,0.06969766740760709,0.07662131532244401,0.07873131878035132,0.07808386427971316,0.07723231613636017,0.08058983087539673,0.0762570637105577
2025-08-11,0.06639232798155222,0.0680045094043,0.07701611538055599,0.07768377519417963,0.0789663541987206,0.0773275127764074,0.07808386427971316,0.07437138259410858,0.07215377688407898,0.07651468304396633
2025-08-12,0.05894595859065827,0.0663923279816,0.07544513451381996,0.07691851895348309,0.07837344593042622,0.07904003440909371,0.07808386427971316,0.07279115915298462,0.08084355294704437,0.07735653002665217
2025-08-13,0.062189678460239685,0.0589459585906,0.06988555131954804,0.07075193312101907,0.07236161980694009,0.07095378990459524,0.07756899768057421,0.06920517981052399,0.07132486999034882,0.07172170594764993
2025-08-14,0.06775176646450187,0.0621896784602,0.06880431628295083,0.06782915504514543,0.07182081591993994,0.07010183249859468,0.07308440803620644,0.06773586571216583,0.06510885059833527,0.06921217772761978
2025-08-15,0.05291869814517738,0.0677517664645,0.07212067414343967,0.07439844419521717,0.0751671747408284,0.07293701404328266,0.07427574856891894,0.06924663484096527,0.07064458727836609,0.07268432540157403
2025-08-18,0.07693148214659587,0.0529186981452,0.06328147592133576,0.0636374489184674,0.06729967005509621,0.06632971739297108,0.07107254253709022,0.06463587284088135,0.07148019969463348,0.0668195610514965
2025-08-19,0.10693730855758621,0.0769314821467,0.07665278402409238,0.07639557114986942,0.07979089544849081,0.07859994383879476,0.07703201028529687,0.07116498053073883,0.07876339554786682,0.07691422583216427
2025-08-20,0.09837414222208395,0.106937308558,0.09575204588178446,0.09860442946503764,0.09720102148574836,0.09524571115920374,0.09653611814255371,0.09865676611661911,0.09465563297271729,0.09666453217480919
2025-08-21,0.13601152501829541,0.0983741422221,0.09380463306996957,0.09420977558491746,0.09522474981621509,0.0949435484430181,0.08859228236672763,0.10187406837940216,0.09191291034221649,0.0943659954289238
2025-08-22,0.041332509219918406,0.136011525018,0.11840672403323214,0.09447197880686906,0.1180197873759202,0.11764057967690507,0.11401548863195453,0.11777660250663757,0.10819713771343231,0.11264689982070726
2025-08-25,0.05608235666044714,0.0413325092199,0.06786206659797595,0.0696740024885969,0.06746505349755852,0.06378209115703015,0.0713377252323362,0.0839003399014473,0.06387950479984283,0.06970011195354112
2025-08-26,0.04328414086222158,0.0560823566603,0.07417838459840054,0.07281693776108172,0.07426490185425988,0.07128911991788786,0.07636406004535372,0.07371792197227478,0.06787286698818207,0.0729291704482058
2025-08-27,0.05469081930199254,0.0432841408622,0.06301964218283021,0.06221526650539336,0.06466980330764745,0.06312792234128764,0.06894776054448858,0.06669863313436508,0.06919287145137787,0.06541027135248431
2025-08-28,0.07558094555406408,0.054690819302,0.06596346880195514,0.06631038728114044,0.06851547441777624,0.06839966059107086,0.07182627503251793,0.07057374715805054,0.07341529428958893,0.06928632965315716
2025-08-29,0.08339388647887805,0.0755809455541,0.07270494488660556,0.07413559693886967,0.07576425272226836,0.07514366117784099,0.07106314777515714,0.08064068853855133,0.07545290887355804,0.07498645727326446
2025-09-02,0.07161966843070973,0.0833938864789,0.07971959327812125,0.0753053696988672,0.08238064324999281,0.08222503490876115,0.08031634378312527,0.0893794521689415,0.08468450605869293,0.08200156330664317
