date,target,persistence,har,shar,har_rv_iv,har_x_lasso,hgb,lstm,lstm_x,combination
2022-10-07,0.2400746781417449,0.16004537155,0.16100056803471946,0.1629978468007877,0.16913304922204353,0.21487388440837923,0.17623392199597182,0.1842009723186493,0.23081715404987335,0.18560819954720348
2022-10-10,0.23449852561397996,0.204818138917,0.18464700734002515,0.1857748998499826,0.19148881531928275,0.23117545446844598,0.1770284038132092,0.1861792504787445,0.23223349452018738,0.1983610465414111
2022-10-11,0.23822609930527763,0.190487364783,0.18200506702792585,0.18222548223817542,0.1911100524865192,0.23197674017980052,0.17854026513053675,0.1875154972076416,0.22818957269191742,0.197366096708931
2022-10-12,0.2388307300068331,0.172205243508,0.1729166785350356,0.17216947974940994,0.1844484298137935,0.2319357061034451,0.17623392199597182,0.18691566586494446,0.23083284497261047,0.193636103862173
2022-10-13,0.21647272057088027,0.301046489396,0.23854848776393184,0.22346520021166505,0.23277104625969433,0.25125193996372475,0.2391676172186194,0.20283260941505432,0.23877030611038208,0.23240102956329595
2022-10-14,0.1950844238033227,0.299432320538,0.2498373686498544,0.25397912459412536,0.24001494746224453,0.24644521406985342,0.21641374380078682,0.2184317708015442,0.23327425122261047,0.23691377437157415
2022-10-17,0.20523650346433603,0.169466832096,0.18924986642425942,0.18738172937475508,0.19016163458548735,0.22698529463416894,0.17623392199597182,0.21578750014305115,0.21804717183113098,0.20054958842697496
2022-10-18,0.1912860651253263,0.212358224511,0.21003816093694433,0.21296946079822338,0.20506945394113435,0.22926952926145514,0.18716891232297836,0.21866461634635925,0.21471767127513885,0.2111282578403191
2022-10-19,0.18993279747077957,0.176343023448,0.19435976405405841,0.1964248320443051,0.19320428396630968,0.22586036029738973,0.19245213377270876,0.216417133808136,0.21797728538513184,0.20524225618971995
2022-10-20,0.1875436507781998,0.199325348505,0.19530198201600146,0.19653961873244638,0.19314869749958125,0.2215284539756886,0.19245213377270876,0.21463197469711304,0.22461837530136108,0.20546017657070006
2022-10-21,0.168640705238473,0.213652013516,0.19465191890022943,0.19178381337214515,0.19318615108504347,0.22839731968969698,0.21283992776392818,0.2123052477836609,0.23071128129959106,0.2091250942706136
2022-10-24,0.1521286574806186,0.221448542328,0.20265537522008456,0.20357834482255655,0.19956625245770382,0.22876503565719694,0.19245213377270876,0.2122868299484253,0.22817277908325195,0.20963953585170397
2022-10-25,0.15706278648574834,0.132051873527,0.15615049443610413,0.1529961119351546,0.15938250015600494,0.18951618460294217,0.17623392199597182,0.20080476999282837,0.2197345793247223,0.1792597946348183
2022-10-26,0.19479577205483434,0.168870974825,0.17194325087473875,0.1724271557074465,0.17039439537971757,0.18188859958997156,0.19245213377270876,0.19571569561958313,0.21374137699604034,0.1855089439914581
2022-10-27,0.1939823177385933,0.187673550394,0.17937094671808745,0.18176435984859177,0.17559850853498937,0.18617163518574067,0.19245213377270876,0.19305184483528137,0.2090204656124115,0.188204270643973
2022-10-28,0.2232544773200735,0.109464676769,0.1357819558078051,0.12990668685481713,0.13916133273341555,0.16033554979278575,0.1975006470388177,0.18060356378555298,0.19790393114089966,0.16302766673629912
2022-10-31,0.2203052910953093,0.150188753629,0.14763254777121348,0.14922743551105727,0.1490933974668421,0.17969169309086563,0.20082608311772943,0.1744457185268402,0.18666617572307587,0.16965472160108913
2022-11-01,0.2233873999037896,0.158321349353,0.15368994003078146,0.15582379462477736,0.15377582638911577,0.17125209498693172,0.17807220969989684,0.17110943794250488,0.17954468727111816,0.16618114156358946
2022-11-02,0.1910187889415793,0.308059695022,0.2317883285900261,0.23478900854578852,0.2153485201513718,0.21234822674421186,0.24444808284202418,0.1882229447364807,0.2041860818862915,0.21873302764231353
2022-11-03,0.1901104530224396,0.183412364473,0.17615975629792113,0.17513235039052535,0.1694215372442377,0.17325352458834595,0.19568197571771667,0.18853464722633362,0.18837834894657135,0.18093744863023598
2022-11-04,0.16119716516961907,0.2702769426,0.2285595237554045,0.22945625061604774,0.20833831601962322,0.19797732395748455,0.18262432518483027,0.20201173424720764,0.19978459179401398,0.20696458079637312
2022-11-07,0.1628804984719011,0.126554177814,0.16389634320339183,0.16437344091850675,0.15647969897600397,0.1559699408268686,0.1720936891720107,0.18837325274944305,0.19017519056797028,0.17019450805917075
2022-11-08,0.17226730791817865,0.178614656221,0.18840172845739706,0.18949412364930235,0.17771837304879964,0.17269732910869987,0.16631885638026653,0.18724425137043,0.18428954482078552,0.18088060097652583
2022-11-09,0.16304391071149027,0.166829290479,0.17073448424469712,0.17203116961283074,0.16620421724707793,0.17267387419546082,0.18103120381585053,0.1821858435869217,0.18092972040176392,0.17511293044351467
2022-11-10,0.1537972248866974,0.178631264173,0.17550066502629807,0.1714138289929737,0.1643853828762846,0.14780302498505385,0.15129715459332624,0.18007288873195648,0.18692365288734436,0.16819951401331962
2022-11-11,0.15321508320018476,0.149205677683,0.15188236277256736,0.15148443906095754,0.14323105705061334,0.13777629543315503,0.1444133401547911,0.1725953221321106,0.18048052489757538,0.15455190592882434
2022-11-14,0.1473947684119132,0.136907317339,0.14794869505217872,0.14916840633077305,0.14264535739378237,0.1420655226686752,0.14924940251188468,0.16686366498470306,0.17531681060791016,0.15332255136427245
2022-11-15,0.11584670234264215,0.218249944769,0.18729171594529795,0.18813315510897027,0.1740017858688367,0.15910309977408127,0.1521135607155282,0.1734887808561325,0.17238487303256989,0.17235956732877383
2022-11-16,0.11772124169770216,0.111213620459,0.13572844623642927,0.1370011883092592,0.1338317323516005,0.1386077256899409,0.1720936891720107,0.1654626727104187,0.17249448597431183,0.15074570577771018
2022-11-17,0.10388330935277737,0.131379132109,0.14056533405075025,0.1377276469526615,0.13795592663205186,0.14466065254788552,0.1720936891720107,0.1613205373287201,0.17149651050567627,0.15226004245567948
2022-11-18,0.08989468028404864,0.146180405454,0.14685645571170924,0.14800707767098809,0.14196663636879123,0.14267949374678646,0.15673220871191512,0.16074185073375702,0.17198581993579865,0.15270993469710656
2022-11-21,0.09483482313372003,0.0999769659304,0.12367453572841505,0.12370105533405341,0.12331872077997896,0.12798780030468448,0.13035513729184273,0.1540728658437729,0.1645299792289734,0.13537715635881728
2022-11-22,0.12276258336553514,0.0781616391448,0.10203207261001704,0.10039388905865285,0.1052359177568447,0.11322064045102015,0.13024986942349354,0.1440914273262024,0.15480853617191315,0.1214331932568777
2022-11-23,0.12779322366903012,0.120655007735,0.12175974468225449,0.12048597739942608,0.11928848006678514,0.11345406370699103,0.1311528041923382,0.14298328757286072,0.1522407829761505,0.1287664486566866
2022-11-25,0.1374671738836588,0.0439059498229,0.08067358431012744,0.08047098695569394,0.08741424879099033,0.09338279443307418,0.10918835674416788,0.1316717118024826,0.14733146131038666,0.10430473490670329
2022-11-28,0.1401677678998718,0.0884040092142,0.09519929412052916,0.09606162832370777,0.1037891154246492,0.11951910476025557,0.12614830466162755,0.12859191000461578,0.14196495711803436,0.11589633063048847
2022-11-29,0.14195842151537813,0.120657964486,0.11135280381572332,0.11227258001638124,0.1165626283602734,0.13050652619880526,0.13247150754508227,0.1313621550798416,0.14002937078475952,0.12493679597155237
2022-11-30,0.1311177714105801,0.191034768596,0.15194784866991445,0.1423647050150792,0.1447281236836222,0.1364782964651632,0.13891323435244182,0.14516869187355042,0.14411553740501404,0.14338806249496933
2022-12-01,0.12751539485291088,0.144429607758,0.13372902508613882,0.13510556719875638,0.1295002537178451,0.12228017041980271,0.13735238513236445,0.1497236043214798,0.1496598720550537,0.13676441113306298
2022-12-02,0.126218042017215,0.121483792454,0.1307594270750741,0.12972104117123073,0.12529262829473867,0.11275513493128328,0.12475430582743842,0.15168267488479614,0.15172147750854492,0.1323838128133009
2022-12-05,0.1252239106850602,0.107536808384,0.12700483054087186,0.12811376744917866,0.12612227369212514,0.13621678269092755,0.131280306446696,0.15122058987617493,0.14174561202526093,0.1345291661030336
2022-12-06,0.16100390553397248,0.130706908002,0.1381930702178501,0.13958803860404292,0.13854044164029056,0.14016125207350394,0.15113751257384708,0.15361900627613068,0.14273720979690552,0.14342521874036726
2022-12-07,0.19990148571633223,0.14728430166,0.1417786423606167,0.1427469487843515,0.14361324214667578,0.1507078847839899,0.1714606441505461,0.14378516376018524,0.15466444194316864,0.14982242398993342
2022-12-08,0.20452676376663473,0.127284882532,0.13159675413924657,0.13145614294128827,0.1341414362574945,0.1430359241758227,0.14580901279256864,0.14301128685474396,0.15911033749580383,0.14116584209385263
2022-12-09,0.21091174940660468,0.114509400749,0.12564809498648108,0.12644103326842956,0.13074550677610225,0.14029980607495116,0.165179834097015,0.141630619764328,0.16027626395225525,0.14146016555993748
2022-12-12,0.21360905725571136,0.101559507386,0.11971725476722919,0.11758989485769479,0.12967675073918172,0.14784509880716012,0.16670115375767855,0.13938142359256744,0.16471335291862488,0.14080356134859096
2022-12-13,0.18856347145142618,0.261324405192,0.20021357177782884,0.20302213777583134,0.1868011163290066,0.17953202170628868,0.157511013105652,0.1491553634405136,0.16617318987846375,0.17748691628765495
2022-12-14,0.14113558620554723,0.303124392762,0.23179998206085606,0.23517036513844092,0.2076553564740557,0.1851595188525545,0.17741550514867624,0.16164612770080566,0.1802113950252533,0.19700832148580608
2022-12-15,0.13820599752121446,0.159857457904,0.17276876289924575,0.17486334277474097,0.1626139337776598,0.1490434740594223,0.15012927642999557,0.16342926025390625,0.16512691974639893,0.1625678528487671
2022-12-16,0.13812712940252228,0.162404579875,0.1783437009155582,0.17979734623811616,0.16753157417532144,0.1499198094802377,0.1461919844193651,0.16574840247631073,0.1671992540359497,0.1649617245344084
2022-12-19,0.1351855651304985,0.126647740051,0.16510452587136848,0.1666638950979845,0.15726386857711477,0.1431361167215898,0.13713802893527474,0.16567254066467285,0.16036981344223022,0.15647839847289077
2022-12-20,0.13529239630554354,0.133892538514,0.15677672643050805,0.15718250654220972,0.15024489930512194,0.1405386322477859,0.13713802893527474,0.1640162467956543,0.1558460295200348,0.1516775813966556
2022-12-21,0.13065914854632113,0.117045940238,0.13286983092828952,0.13102507506959216,0.1300741731279162,0.12754268936822336,0.13145212765396228,0.15872521698474884,0.14808112382888794,0.13711003385166004
2022-12-22,0.13098814708315046,0.14650128714,0.14425098670202585,0.14485487796685853,0.1426671142793344,0.1438227105460924,0.14248016238698646,0.15631555020809174,0.15599554777145386,0.14719813569440618
2022-12-23,0.1389435096071042,0.162068745275,0.15068814310890552,0.14909156368193244,0.1457674957568944,0.1437150699471169,0.14364806132086036,0.15557457506656647,0.15560422837734222,0.14915559103708834
2022-12-27,0.1559723171259111,0.109634920411,0.12654336756189366,0.1265440042345838,0.12894534091170112,0.13553166622013138,0.13747558905665494,0.15158389508724213,0.15085424482822418,0.13678258684291875
2022-12-28,0.1582823525523553,0.134430983266,0.13702528376148942,0.13865163099427114,0.13839589743783606,0.14639463482260845,0.14773593316114975,0.14973591268062592,0.1493798792362213,0.14390273887060026
2022-12-29,0.17240627481900564,0.0868254290518,0.11375052808408316,0.11160630774161258,0.11812417572688345,0.12973300017513642,0.1303386668121779,0.14487774670124054,0.14546169340610504,0.12769887409246272
2022-12-30,0.1676577878834696,0.147962951515,0.14020785229377672,0.1408312290256607,0.13908641341707786,0.14565630609886263,0.14487380535718555,0.14549864828586578,0.1496376395225525,0.1436845562858545
2023-01-03,0.15605268291008578,0.192362416088,0.1621050071313456,0.16380440365220617,0.1582481362165412,0.16432013040806864,0.1635772943025292,0.1490674465894699,0.16252917051315308,0.1605216555447591
2023-01-04,0.13642856255491903,0.192691826531,0.16956184984214634,0.1707436707594684,0.1615827391070064,0.16294380127097605,0.1603001167033814,0.15336129069328308,0.1645900011062622,0.1632976384975034
2023-01-05,0.1462913761462927,0.147313904168,0.15103810035308812,0.15052694749947687,0.1477750872755132,0.15377455158374917,0.16936763145143283,0.15433485805988312,0.16660740971565247,0.15620351227697085
2023-01-06,0.13027050090934544,0.175760511684,0.17110772722405154,0.17145095044563763,0.15950344766207697,0.1555516346014427,0.157511013105652,0.15849514305591583,0.162392258644104,0.16228745353412583
2023-01-09,0.12667005623720207,0.117554609548,0.1436335542115384,0.14453446409474074,0.13983215882514555,0.15214992264595717,0.1582805597297012,0.14961154758930206,0.14615187048912048,0.14774201108364365
2023-01-10,0.12150374630941391,0.134980847348,0.1459106175136226,0.14606892259661475,0.1397706580699092,0.1419065505216014,0.1476959251598136,0.14952880144119263,0.1343728005886078,0.14360775369876602
2023-01-11,0.12657048703857474,0.0918243115886,0.11851990488007114,0.1186266440723718,0.11975133558138493,0.12381957867492217,0.14726566382801495,0.1464798003435135,0.13367733359336853,0.12973432299623527
2023-01-12,0.10578964215923416,0.188794747361,0.163357436521755,0.16417358612316035,0.1496438256838667,0.12287280693880283,0.1314344108641614,0.14861242473125458,0.12159477174282074,0.14309846608654594
2023-01-13,0.11200095742308784,0.093476953466,0.11534409510003475,0.11374652321726772,0.11034464120186613,0.10197545295913224,0.11683754775443053,0.14539538323879242,0.11028710007667542,0.1162758205068856
2023-01-17,0.11829808462460555,0.0958831837486,0.1148980173625124,0.11476971723883019,0.11222925888639983,0.11259014209273649,0.11683754775443053,0.1420588493347168,0.11004109680652618,0.11763208992516463
2023-01-18,0.12167838438024765,0.108669753157,0.11854017263053995,0.1189751952512112,0.11803531396911829,0.11936081225433938,0.12926842333927444,0.1387990564107895,0.12533876299858093,0.12404539097912196
2023-01-19,0.12854353972527102,0.121310936475,0.12670180115358962,0.1272565729665896,0.12511107267917557,0.11575554621700151,0.1276170560453667,0.13680577278137207,0.13342440128326416,0.1275246033037656
2023-01-20,0.1292495313835968,0.107239254129,0.11350337132010727,0.11095742973856551,0.11358106288128307,0.11762644753625835,0.14097833321904812,0.13369189202785492,0.13532964885234833,0.12366688365363794
2023-01-23,0.12749235143210597,0.124506109115,0.12366786199294902,0.12303053535747505,0.12134060232197848,0.12132621763880296,0.14305204268701893,0.13215120136737823,0.13379494845867157,0.12833762997489634
2023-01-24,0.12304231788386699,0.128236877444,0.12819594878214258,0.12893957834463723,0.12425709480757582,0.11600891865993135,0.1332188834034664,0.13167454302310944,0.12424154579639435,0.12664807325960817
2023-01-25,0.14904752240032523,0.125956648291,0.12875972429707178,0.12783203451678876,0.12417233433101613,0.12487859042979435,0.13443683053730668,0.13147445023059845,0.12602226436138153,0.12822517552913681
2023-01-26,0.14789417024305837,0.152661079543,0.1429492094536386,0.14403359259983403,0.13429784138476594,0.13173156767259298,0.14009780165751853,0.13302530348300934,0.1289471536874771,0.13644035284840522
2023-01-27,0.15807807021126521,0.111401330401,0.12589741032506477,0.1260055320026939,0.12033657371022614,0.11741678641128149,0.1309487445788912,0.13218459486961365,0.12618350982666016,0.1255675931034902
2023-01-30,0.156204877312201,0.115091540788,0.12660308400934814,0.1270104847475464,0.12422080260147361,0.1307011692534383,0.14900265154721057,0.1319962441921234,0.1325971633195877,0.1317330856672469
2023-01-31,0.17577732955819056,0.104260530976,0.11991222504116944,0.11682168557879656,0.11736957308497545,0.12059150553247287,0.1332188834034664,0.13106563687324524,0.12944965064525604,0.12406130859419744
2023-02-01,0.1572103199485477,0.226371016179,0.18059043550246953,0.17379779659085845,0.1619899182630667,0.1291519203221989,0.1352244672813475,0.13683919608592987,0.15219299495220184,0.15282667557115323
2023-02-02,0.15591313933175283,0.146945614083,0.14624204837005209,0.14566288394671625,0.13452074033631875,0.11468481525754143,0.13575341178928832,0.13801309466362,0.13521848618984222,0.13572792579333987
2023-02-03,0.14608210047405265,0.167302749123,0.16003679376575874,0.16043222892904954,0.14576167575877919,0.13458552838154061,0.12979309589508636,0.14060232043266296,0.1320289969444275,0.1433200914439007
2023-02-06,0.14430892236912704,0.101501230696,0.1310459316606721,0.13161613376526532,0.12522033454131565,0.13066526338476,0.11992263908940946,0.13942520320415497,0.12371033430099487,0.12880083427808178
2023-02-07,0.13906007496030315,0.208227730554,0.18572255672151017,0.1850832666250685,0.16611277814950737,0.14171397413894915,0.13705540929049984,0.14422649145126343,0.12346197664737701,0.15476806471773935
2023-02-08,0.13407472424392247,0.142586508915,0.1503100368410557,0.1512152959773177,0.14101313656484366,0.1365272233600706,0.14151092695170883,0.1552092283964157,0.13452202081680298,0.14432969555831646
2023-02-09,0.1286230153536684,0.139864667046,0.14844911305618896,0.1493649440043322,0.14187329580443125,0.14383836088513052,0.14466328363775932,0.15387041866779327,0.14962753653526306,0.14738385037012836
2023-02-10,0.13038233540185148,0.114654154645,0.13305290939128478,0.1326120012351026,0.12996006483023093,0.1408279370466812,0.1466571459712432,0.14924414455890656,0.14927086234092712,0.1402321521963395
2023-02-13,0.1304646809859711,0.087908616273,0.12049743964001236,0.11850292186998382,0.1192143242752825,0.13217926234320068,0.13038732295970393,0.14271728694438934,0.13661599159240723,0.12858779280356855
2023-02-14,0.11448744891661204,0.189530959568,0.1618697107797603,0.16308264297665664,0.14921803585592688,0.13792564959160913,0.14065021258548815,0.1476994901895523,0.12107809633016586,0.14593197690130846
2023-02-15,0.11474615325880799,0.116286494015,0.1283771029514198,0.1285165813066673,0.12205477843279952,0.11899871031633528,0.13481094949740333,0.1433049887418747,0.12624675035476685,0.12890140880018097
2023-02-16,0.1169847346741723,0.111361425439,0.12366105426794366,0.12410412314715978,0.12140714760068444,0.12335186750903626,0.14151092695170883,0.13936685025691986,0.13636717200279236,0.12996702024803503
2023-02-17,0.11198127322235488,0.124193162888,0.12991814916726002,0.13033867356184425,0.12582692220752412,0.12776304147117426,0.14151092695170883,0.13790979981422424,0.14210736751556396,0.13362498295561426
2023-02-21,0.11108764750373398,0.0885173588325,0.11494991945700417,0.1154035559943418,0.12016297741753393,0.1495612620278252,0.17216104227639498,0.13343602418899536,0.1477908194065094,0.13620937153837212
2023-02-22,0.10917860977160505,0.127881583929,0.12598508719188428,0.12679209086192927,0.12791262532362987,0.14690714687591258,0.16936473114614373,0.13280977308750153,0.15397557616233826,0.14053529009276278
2023-02-23,0.10700804776101476,0.117554529183,0.1217437162282525,0.1224442396362488,0.12219043481774237,0.1380058494117667,0.1548602736331608,0.13152332603931427,0.149885356426239,0.13437902802753207
2023-02-24,0.1002273799939219,0.122454519603,0.12484275782769207,0.12545770498886893,0.1260432634404819,0.1383476885786532,0.15529003426660098,0.13135042786598206,0.14723175764083862,0.13550909065844538
2023-02-27,0.09665879469304764,0.0984673993604,0.11242608846207199,0.11313952566148873,0.11566385803324367,0.13863483427168033,0.14194184124124637,0.12847255170345306,0.14252308011054993,0.12754311135481916
2023-02-28,0.11522863513645736,0.0826959623667,0.10542019930508584,0.10587543139828318,0.11004782942388026,0.1306504247831267,0.14078689981721493,0.12468400597572327,0.13233201205730438,0.12139954325151693
2023-03-01,0.11440015793332635,0.119378459225,0.12017263414527687,0.12059843404617057,0.12236443205474369,0.13711430668473548,0.15657825271886613,0.12520162761211395,0.13683968782424927,0.13126705358373655
2023-03-02,0.12259343421738578,0.107111318736,0.11405068438366628,0.11173779667668227,0.11586522800108533,0.12417037670141023,0.1439922820827852,0.12429244816303253,0.133562833070755,0.12395309272563097
2023-03-03,0.15172356573646248,0.0892700198578,0.10352595096971219,0.10178464603908746,0.10524360971574603,0.10872154589230948,0.11843786998149199,0.12142698466777802,0.12382117658853531,0.11185168340780864
2023-03-06,0.2006969587342848,0.0786308030744,0.097653805468979,0.09815644708946905,0.10181162710390242,0.11232075208323843,0.11713158900538943,0.11762352287769318,0.11458880454301834,0.10846950688166998
2023-03-07,0.20167222015061176,0.162825676757,0.14055201360278313,0.14121304186803627,0.13720503372951265,0.1356369114488734,0.1545929742494596,0.12387074530124664,0.12766939401626587,0.1372485877451682
2023-03-08,0.21490716314833716,0.11532564947,0.12020649082055536,0.11942175469777158,0.12014462844200134,0.12573913608954038,0.1473840207147603,0.12432950735092163,0.12632575631141663,0.12622161348956676
2023-03-09,0.2175919526723854,0.145539013641,0.13636439407816273,0.13698158182473774,0.138727000391312,0.15978478577271893,0.17696706464604625,0.12837250530719757,0.14738066494464874,0.14636828528068913
2023-03-10,0.20926684452385286,0.218914567533,0.17872986568875537,0.17898701267891803,0.17411497608656734,0.18946873342786252,0.18989271639296051,0.1355806142091751,0.13479731976985931,0.1687958911791569
2023-03-13,0.169019416132638,0.304103514316,0.23465599022722705,0.23277584099039203,0.2208685747907534,0.22780093464882806,0.20243802451106435,0.15605254471302032,0.14664262533187866,0.20303350503045198
2023-03-14,0.15689659095414588,0.168743227087,0.17818935024229865,0.1783090681219286,0.1685680278037064,0.18616455036013377,0.19460730813310936,0.16031841933727264,0.16385075449943542,0.17571535407112643
2023-03-15,0.16160645147290306,0.202155948183,0.19990671016763037,0.1977191646825904,0.18815385143673508,0.19887584791762558,0.1762677960667409,0.1680573970079422,0.1699148714542389,0.1855565198190719
2023-03-16,0.161820669521536,0.164278574282,0.18546310929184084,0.1829637520843168,0.170383240101683,0.17329029513770866,0.1667146404140462,0.17084133625030518,0.17197316884994507,0.1745185060185494
2023-03-17,0.15879220347416484,0.173652986223,0.18532080421488029,0.18643919611811452,0.17672096534327422,0.1895307716366018,0.1821901218088715,0.17259904742240906,0.17165660858154297,0.18063678787509918
2023-03-20,0.15552024965771863,0.127881591652,0.14995359782021372,0.14967732572040907,0.14695507248246265,0.1574814907481834,0.16768699257269448,0.16633830964565277,0.1632751226425171,0.15733827309030474
2023-03-21,0.15486492707601837,0.0933764574384,0.12861748060105868,0.1289625463047827,0.12610952693473446,0.13497308989728712,0.12419089217846269,0.15658815205097198,0.15963153541088104,0.13701046048259696
2023-03-22,0.12360434323580807,0.219926241974,0.18317252428363195,0.18457684198369495,0.1716080063816036,0.16606925890065155,0.15693647214298337,0.16060195863246918,0.16693538427352905,0.1699857780855091
2023-03-23,0.10381742708315367,0.165329578726,0.1600822867337767,0.1611774102017327,0.15310681668615972,0.14655979961055451,0.1542239745016517,0.15898649394512177,0.15704353153705597,0.1558829018880076
2023-03-24,0.08207602074309069,0.159061414627,0.1560222395317483,0.15472967141678046,0.14798056392295716,0.13899001783420403,0.1437387008952966,0.1569305956363678,0.15136368572711945,0.14996506785206767
2023-03-27,0.07522451171448154,0.105884948555,0.13168735055294595,0.13244801643838977,0.12735603632079223,0.13247938937627834,0.1365443840804396,0.15018470585346222,0.15056279301643372,0.1373232393769631
2023-03-28,0.07787970780812374,0.0877618979229,0.12365649140892218,0.12434346414144307,0.12032186347025138,0.12693492567182993,0.12411725893959384,0.1438676416873932,0.14911304414272308,0.13033638420887952
2023-03-29,0.08145211126129569,0.0695844239131,0.10237509499626954,0.10211460998447211,0.10272428321234835,0.10922931712069656,0.1149223399457549,0.13469691574573517,0.14715521037578583,0.11617396734015177
2023-03-30,0.08032328105778007,0.0695269163622,0.09364518574964115,0.09408950301753967,0.09596997135748286,0.10274549390909364,0.1318151364301279,0.12624840438365936,0.1466582864522934,0.11302456875711972
2023-03-31,0.081615388201397,0.071362516053,0.08655419510742948,0.08454296014502996,0.09080341090915973,0.09913262389472896,0.11115979112327834,0.11854342371225357,0.14134828746318817,0.10458352747929546
2023-04-03,0.07848871865303556,0.0763078779603,0.08602522935494386,0.08602639141891129,0.09002095985399029,0.10028018987760604,0.12986201352810908,0.1129797026515007,0.13941358029842377,0.10637258099764071
2023-04-04,0.08380778297693556,0.0986648841028,0.09639413184067853,0.09704846923467916,0.09876458799557958,0.10606458499007314,0.12294869264132537,0.1111907884478569,0.1395285725593567,0.11027711824422134
2023-04-05,0.07995112229368997,0.0876811254178,0.0934003233416034,0.09388033005585976,0.09645125920179295,0.10174216967419543,0.11482510075210184,0.10927879065275192,0.13946989178657532,0.10700683792355438
2023-04-06,0.09109498101346095,0.0626171490381,0.08252637072675499,0.08194857739804436,0.0873001054254621,0.09610029033549977,0.10965544802407472,0.10589572042226791,0.13761566579341888,0.10014888258936039
2023-04-10,0.08902761980763549,0.0783506174469,0.08988986038959282,0.0881489821733178,0.09385487376368808,0.10861535090916896,0.11330513614985824,0.10486958175897598,0.1327916830778122,0.10449649546034487
2023-04-11,0.09315266735860231,0.057618825582,0.07996281579059358,0.08039671976928325,0.08699880977285404,0.1090370820939555,0.11044056184954143,0.12609580159187317,0.10859780758619308,0.10021851406489915
2023-04-12,0.08063253780761022,0.118537281113,0.1076982023120904,0.10839622819669459,0.10899187667335061,0.12437164348197807,0.12648864046138572,0.12690575420856476,0.11162632703781128,0.11635409605312506
2023-04-13,0.08223915320081458,0.0673065160077,0.08493675172369489,0.08290908092716005,0.0897763494570645,0.10429555196363315,0.10644232052138992,0.12532036006450653,0.10637875646352768,0.10000845301728238
2023-04-14,0.07636971366909484,0.115980495786,0.1103944782881753,0.1112573945459095,0.1086104692749382,0.1136468769609846,0.11945362563866158,0.12592926621437073,0.1070043221116066,0.11375663329066378
2023-04-17,0.07566120117495367,0.0653982176222,0.08829613383990839,0.08850484787550103,0.09126216617435459,0.10003390886734506,0.10079715796132024,0.12444571405649185,0.10655934363603592,0.09998561034442245
2023-04-18,0.07597263083353802,0.0841275269962,0.09879609119485541,0.09947086546423192,0.09928821749228353,0.10365481046793515,0.10743504735054396,0.12398708611726761,0.10975727438926697,0.10605562749662636
2023-04-19,0.0809578426169567,0.0563206942425,0.0818068304646584,0.08166345677309705,0.08658981846635336,0.09415771091794904,0.08265618395948447,0.12203801423311234,0.10662731528282166,0.0936484757282109
2023-04-20,0.08076611005468327,0.0764102606105,0.09123391260400894,0.0914339820884954,0.0953011566568315,0.10294855823568451,0.12128521461351638,0.12118419259786606,0.10919350385665894,0.10465436009329453
2023-04-21,0.0854665242845914,0.0937909890999,0.09655926873744192,0.09711018507268471,0.09885614188752924,0.10375508916147845,0.10427590125824421,0.120864637196064,0.1063738539814949,0.1039707253278482
2023-04-24,0.08734637568390122,0.0611420301826,0.0828609504362185,0.08325945069729121,0.08885589722288606,0.09597241655890365,0.09621744439944159,0.1193247064948082,0.09899366647005081,0.09506921889708572
2023-04-25,0.09044366062571865,0.0855193379369,0.09347943630617918,0.09386059464897503,0.10257393084202349,0.1162735240735281,0.1114915156111824,0.11879820376634598,0.10862529277801514,0.1064432140037499
2023-04-26,0.09596010722076842,0.0841645936667,0.095622518490493,0.09626559193953967,0.10372936369751055,0.1145313161705772,0.11180479805350958,0.11835546046495438,0.11639707535505295,0.10810087488166249
2023-04-27,0.10901762067002715,0.0753889195268,0.09191773856009164,0.08894043379788655,0.09661524194852328,0.09938738573872155,0.10023564235799488,0.11776522547006607,0.10882343351840973,0.10052644305595625
2023-04-28,0.10248892715856563,0.112710074243,0.10927624171639258,0.10919343384416669,0.1082194490580169,0.10258437368494705,0.12363937758165355,0.11855370551347733,0.1059526801109314,0.11105989450136936
2023-05-01,0.10174919920439203,0.073230189908,0.09371907064538834,0.09425089086042591,0.096363235563687,0.09529668048763434,0.08021850355398513,0.118129663169384,0.09852688014507294,0.09664356063222537
2023-05-02,0.09583304348230923,0.100333888455,0.10638678373706237,0.10711194982801489,0.10893817014601359,0.1114815099444765,0.12522803578586936,0.11881179362535477,0.10678043216466904,0.1121055250330658
2023-05-03,0.10075188980106771,0.110567223802,0.11296564828112132,0.11364133655945333,0.11532378191643614,0.11819157993654239,0.13637516076052592,0.11989765614271164,0.1254311054944992,0.12026089558446998
2023-05-04,0.09045707784896044,0.138079637822,0.13002796069466294,0.13067575302718742,0.1305701604602901,0.13266847956518213,0.14003994314563772,0.12207967787981033,0.11819618195295334,0.12917973667510343
2023-05-05,0.09366106217123278,0.076152831226,0.10070779334820712,0.09988794285869194,0.10226681675930435,0.10023799429028807,0.12060426951680223,0.12152425199747086,0.10043597221374512,0.10652357728350138
2023-05-08,0.09399430744537804,0.0678767814283,0.09679396149979039,0.09729627052700215,0.09930059743902907,0.09835404337290773,0.09873244205036677,0.1209152415394783,0.0882669985294342,0.09995136499400124
2023-05-09,0.09761538546440357,0.0649788626727,0.09238469863802169,0.09267249067160932,0.09744879169421497,0.10154596843679056,0.09856415149998385,0.12008187919855118,0.0860649049282074,0.09839469786676842
2023-05-10,0.08632360614760305,0.130613806147,0.12154435603677118,0.12239004568009625,0.11821829172471679,0.10543167004206658,0.11116590086150416,0.11782176047563553,0.09075482934713364,0.112475264881132
2023-05-11,0.08885053965104102,0.0960400153765,0.10311131325152263,0.1035425136869716,0.10359195810912639,0.09936254435302941,0.09164987368616012,0.1176147386431694,0.09684723615646362,0.10224573969806329
2023-05-12,0.08960246452326817,0.0935350836537,0.10370489619117332,0.10430255156835636,0.10381743592573581,0.09767437044908871,0.10449624659442178,0.11751029640436172,0.10444821417331696,0.10513628732949352
2023-05-15,0.09327604506518794,0.0701422396459,0.09408023874136834,0.09441317027934724,0.09585345966491964,0.09094287077335042,0.08529236873482088,0.11685662716627121,0.10502183437347412,0.09749436710479313
2023-05-16,0.09671467053364433,0.0877007458941,0.10359067961176481,0.10405483661227247,0.10505460119330773,0.10148305782902187,0.1041702015486365,0.11697865277528763,0.11578448116779327,0.10730235867686919
2023-05-17,0.09888310139440698,0.0817005131632,0.09659476052640953,0.09643393411808276,0.098174689349541,0.09767678320183437,0.09164987368616012,0.11651275306940079,0.11687160283327103,0.1019877709692428
2023-05-18,0.09813589932899097,0.106943684448,0.10811640042300956,0.10766086374831627,0.10593523112149442,0.09325958277975381,0.10571723606814774,0.11697085946798325,0.11140166968107224,0.10700883475568246
2023-05-19,0.09514630885913679,0.0970552839154,0.10416798130236138,0.10481361265092493,0.10345435615714847,0.08552675604854487,0.08828679446210247,0.11717831343412399,0.11167953908443451,0.10215819330566293
2023-05-22,0.09621844520977094,0.0909891666866,0.10346795667725373,0.10375117137547261,0.10323848757091689,0.09436772007985356,0.10003278315558682,0.11738885194063187,0.11432287096977234,0.10522426310992683
2023-05-23,0.09111576066825547,0.10468025314,0.11072343448484812,0.11140751259883441,0.11109030149014501,0.10862097282500943,0.11730697977381153,0.1180836632847786,0.11867757886648178,0.11370149190341554
2023-05-24,0.08933453877854461,0.0937852604402,0.10715107351541166,0.1074461745583265,0.110435810217055,0.11967629443884999,0.10570765487250287,0.11837667971849442,0.12257052958011627,0.11305203098582238
2023-05-25,0.08604796333733467,0.103445089888,0.11083917750365083,0.11124562805971383,0.11104924269920406,0.10880695545331905,0.11617441905892845,0.1189068928360939,0.11944746971130371,0.1137813979031734
2023-05-26,0.0905215658876209,0.0808118487473,0.09987451454573004,0.09754714358715766,0.10051731698372371,0.09900689521816528,0.10631528452880407,0.11853490024805069,0.11158686876296997,0.10476898912494306
2023-05-30,0.08569373740677302,0.0964617748109,0.1068813078275092,0.1075468914963563,0.10557171699056087,0.0987849556502361,0.09379495666632769,0.11881498247385025,0.10515785962343216,0.10522181010403894
2023-05-31,0.08567723310382386,0.0786029173462,0.09711770163539547,0.09762050960742001,0.09820568852958311,0.0995333596576326,0.09416962986209153,0.11822710186243057,0.09876677393913269,0.100520109299098
2023-06-01,0.08102236557662836,0.0847854053416,0.09886556757148884,0.09760018484687849,0.09733859593868503,0.0836519639305319,0.08520582636482515,0.11794521659612656,0.0915791317820549,0.09602664100437013
2023-06-02,0.07940745605217794,0.0884242472436,0.09906660810950768,0.09907048731924586,0.09657222256606812,0.08364914967430982,0.08674344661423733,0.11766602843999863,0.08952701091766357,0.096042136234433
2023-06-05,0.06904109703220605,0.102372185574,0.10689895099330611,0.10760829233518236,0.10306497338150522,0.08418511382226386,0.10321746995790862,0.11799823492765427,0.08737500011920929,0.10147829079100425
2023-06-06,0.06912206903528807,0.071071708152,0.09164721565313304,0.0909539159915099,0.0905828223955949,0.07523121922772885,0.07966423101719355,0.11705050617456436,0.08324332535266876,0.08976760511605619
2023-06-07,0.08756334243769004,0.0785129086411,0.09475666536725749,0.095283303401828,0.09290294089429878,0.08074693001628584,0.08654946037188765,0.11658591777086258,0.08406652510166168,0.09298453470344029
2023-06-08,0.09335250880406039,0.0575216673566,0.08350308522259678,0.08312419427281287,0.08380686114270552,0.0672872779460144,0.075421750534205,0.11544448882341385,0.08453339338302612,0.08473157876068207
2023-06-09,0.09563786306147672,0.0807678727331,0.09224395539950364,0.0927329213327946,0.09058506384294462,0.07392155911344844,0.08323165344156161,0.0945536270737648,0.08131393045186996,0.08694038723655538
2023-06-12,0.09825519649017211,0.0527798199393,0.0762328293316307,0.07541029254443776,0.07979104910557319,0.08062710075169122,0.07918310967719878,0.0919535830616951,0.08377104997634888,0.08099557349265366
2023-06-13,0.09965899589055276,0.0714641479428,0.08416522095012116,0.0842490322489005,0.0858967870201263,0.07615531149949784,0.07966572826859654,0.09081397950649261,0.06987270712852478,0.08154553808889424
2023-06-14,0.08512411633100182,0.143567647397,0.1201406049041425,0.12069838384164625,0.11315245776675156,0.09092046357524938,0.10630570933233108,0.0945703536272049,0.08640594780445099,0.10459913155025381
2023-06-15,0.08002105835595784,0.0924418845613,0.10182414648451182,0.10024173841279867,0.09883064908514584,0.08476310549340141,0.08873958188700631,0.09540148824453354,0.07789716869592667,0.09252826832904633
2023-06-16,0.07602611281882884,0.0931826111492,0.10324550692539616,0.10386808077088287,0.09937725057447525,0.08384820610729092,0.08674605704169056,0.09634731709957123,0.07688084244728088,0.09290189442379827
2023-06-20,0.07369959004545582,0.0729597376956,0.09662638506469602,0.09711950488592956,0.09490671099041917,0.08431874502942734,0.0839761986878624,0.09626375138759613,0.07527410984039307,0.08978362941233195
2023-06-21,0.07677339764354377,0.0805995258307,0.10072887073768197,0.10120200230650764,0.09745381370600842,0.07060705974737819,0.0868119111347583,0.09672971069812775,0.07514967024326324,0.08981186265338935
2023-06-22,0.07403336696537535,0.0847506222696,0.09716706261193142,0.09663263035822584,0.09462782620494468,0.07863078385926217,0.08727080690617066,0.09643426537513733,0.07445958256721497,0.08931756541184102
2023-06-23,0.07536485004317338,0.0658162215385,0.08688755586248145,0.08702893623692809,0.08724423575721528,0.07489290170739439,0.07647492770162163,0.09488190710544586,0.0770120695233345,0.08348893341348873
2023-06-26,0.06920916464277097,0.0746056249237,0.08896833071221072,0.08945367269245523,0.08967308098276466,0.08208602820006693,0.08107339090386519,0.09373188018798828,0.07938317209482193,0.086338507967739
2023-06-27,0.06734821707100097,0.0598449833925,0.08168740608064476,0.08127038629398042,0.08364739293873172,0.07524859969697058,0.07603724574735336,0.09192336350679398,0.073369599878788,0.0804548563061804
2023-06-28,0.060019437816076444,0.0938557863345,0.09716732755142475,0.09723965660688544,0.09548997128223154,0.07727851167116212,0.08593983541713876,0.09231416881084442,0.07897384464740753,0.08920047371244208
2023-06-29,0.06005835950154239,0.0715303583633,0.08663906459265133,0.08670876865030169,0.08733867325541132,0.07243397475154639,0.07914038270312547,0.09107149392366409,0.08107610791921616,0.08348692368513091
2023-06-30,0.058879177544084185,0.0729820594845,0.08796209746083954,0.08826296200552107,0.08802332738883713,0.06858541078530664,0.08215876574572184,0.09039328992366791,0.08056911826133728,0.08370785308160447
2023-07-03,0.06785730680247676,0.0334101558341,0.0677687969219982,0.06742385983717374,0.07312425149733297,0.06490606023638408,0.07865835981271868,0.08727645874023438,0.07763314247131348,0.07382727564530793
2023-07-05,0.07099709542917718,0.0480706916708,0.07294502994427796,0.07300608332758365,0.07819606451708189,0.0728666987831974,0.07918310967719878,0.08544526994228363,0.07728733122348785,0.0769899410593016
2023-07-06,0.06890050870928785,0.0643557417333,0.07715923101297582,0.07744086305004916,0.0829859143796227,0.07852485252977455,0.07840259845386965,0.08436771482229233,0.0833650529384613,0.08032088959814936
2023-07-07,0.06746423641661359,0.0716935165748,0.08033327989974937,0.08067724516066396,0.08508106248788234,0.09048159463965033,0.0799208939264546,0.08384998142719269,0.07666031271219254,0.08242919575054083
2023-07-10,0.06377762233623799,0.0680083525596,0.07834643929140413,0.07858332192945619,0.0839241567396988,0.08208682411666776,0.0799208939264546,0.08328668773174286,0.07895276695489883,0.08072872724147474
2023-07-11,0.05868888351631817,0.082495582936,0.08885821486785947,0.0889822334434763,0.0916204391907401,0.09134052775749384,0.08593983541713876,0.08422594517469406,0.08244769275188446,0.08763069837189814
2023-07-12,0.05847740390668282,0.0670123776789,0.08369431639763937,0.08408510112713696,0.0857782689089024,0.07596785869933899,0.07841594468618775,0.07675349712371826,0.07059083133935928,0.07932654546889757
2023-07-13,0.062337101512996596,0.0517216028284,0.07622635664067703,0.07610441251952454,0.08021719947097146,0.06986946939600108,0.0796200518770079,0.07012102007865906,0.07700257003307343,0.07559444000227351
2023-07-14,0.06535128307730678,0.0645033006384,0.08088851882803152,0.08130053253957215,0.08363925512131011,0.07395305586074372,0.07841594468618775,0.07178622484207153,0.081082284450531,0.0787236880469211
2023-07-17,0.06909072028989892,0.0469674950982,0.07170463202189027,0.07136599598751778,0.07715547059135247,0.06313933583015462,0.07763090463691305,0.06644551455974579,0.08465833961963654,0.07315717046388723
2023-07-18,0.06708870953504682,0.0607414264863,0.07571186412834036,0.07414128729596212,0.08080943387226175,0.06711300696192558,0.07763090463691305,0.06797601282596588,0.08409709483385086,0.07535422922217423
2023-07-19,0.07683979370331159,0.0660815205525,0.07793225511499928,0.07822278456172876,0.083101725382334,0.0788283161250328,0.0796200518770079,0.07017593085765839,0.08313822001218796,0.07871704056156416
2023-07-20,0.08263766048582669,0.0707577662593,0.08167995454078808,0.0821023193808853,0.08604238872887181,0.08292587237950116,0.07904939057011971,0.07269811630249023,0.08819647878408432,0.08181350295524867
2023-07-21,0.08415582463296976,0.0780067668046,0.08592704915186154,0.08640566931283504,0.08882999323053292,0.06987984205849734,0.08222414268242247,0.07602490484714508,0.08326856791973114,0.08179430988614651
2023-07-24,0.08449076665561109,0.0686995833133,0.08404131282408359,0.08438510394972062,0.08730578947027873,0.07873459637082494,0.07814913356420221,0.07432699203491211,0.07922866940498352,0.08088165680271511
2023-07-25,0.0856640002305828,0.0482323281222,0.07443912244210088,0.07468837739299536,0.08023050974647718,0.07656444043042496,0.0796200518770079,0.06633195281028748,0.07213020324707031,0.074857808278052
2023-07-26,0.07946330356026744,0.106696120384,0.1024819428808613,0.1026513768629459,0.10092293175405347,0.08476515504920837,0.10032363433804307,0.08361534774303436,0.07991918921470642,0.09352565397755042
2023-07-27,0.0761769149558238,0.0981315782866,0.10132464812836711,0.101590680777509,0.10086113945253677,0.08513601843945981,0.0834331481487821,0.08785581588745117,0.07318024337291718,0.09048309917243189
2023-07-28,0.08299083385060263,0.0857388774869,0.09677334502174018,0.09652759317240171,0.09601416927447888,0.07681903020999178,0.08395414299084376,0.08480329811573029,0.07165734469890594,0.08664984621201323
2023-07-31,0.08417884434957142,0.0707252917946,0.09073848388066863,0.0904532377659544,0.09169998799806414,0.07768766649828296,0.08092219202949957,0.0779915452003479,0.06909418106079102,0.08265532777622979
2023-08-01,0.08839801525117774,0.0576585978267,0.08616619179629466,0.08655548348726272,0.08850298229269363,0.07429757172411201,0.08149285333638775,0.07135525345802307,0.06945189833641052,0.07968889063302634
2023-08-02,0.09060841481247452,0.0791488502192,0.09263561918350183,0.09314761967897939,0.09614067108385899,0.08664410173756729,0.08395419125915703,0.0757419615983963,0.07993567734956741,0.08688569169871832
2023-08-03,0.09947072533333016,0.0840971786353,0.09329338616483521,0.09347041061515919,0.09680325315007539,0.09399700157038213,0.0967793317411946,0.07929831743240356,0.08961673080921173,0.09189406164046597
2023-08-04,0.09522099818315376,0.113021837571,0.10770086227602677,0.1082423111099626,0.10823874787203142,0.10959918866643334,0.10604599432666054,0.09119659662246704,0.08783388137817383,0.10269394032167936
2023-08-07,0.09401449561231806,0.0774277958066,0.09338362394759422,0.09344842014465246,0.09534927924330007,0.08779656492894783,0.08585039942331449,0.08352833986282349,0.08497543632984161,0.08919029484006773
2023-08-08,0.0953064485455456,0.08345759537,0.09822062418358302,0.09865285008405784,0.099513561860185,0.09829589890096443,0.08954209938266035,0.08287358283996582,0.07828497141599655,0.09219765552391614
2023-08-09,0.09786236152031326,0.0907905235332,0.10228584268851716,0.10284140525308677,0.10320018964099044,0.1037005334884472,0.0923098782102741,0.08569373190402985,0.08796350657939911,0.09685644110924922
2023-08-10,0.09129631715693338,0.124479063589,0.11970780372055961,0.1204729894462638,0.11592043415156761,0.10531907415433071,0.10118391209552915,0.09739255905151367,0.09061095118522644,0.10722967482928443
2023-08-11,0.09155029026150954,0.0929354735888,0.10462928189545871,0.10435338615334583,0.10315618853170305,0.09308156815998644,0.0848247144691754,0.09392719715833664,0.09359037131071091,0.09679467252553099
2023-08-14,0.09426801687026672,0.069667051141,0.0941526015158425,0.09303728600698992,0.09444597328164105,0.07782331365250499,0.07673359962012928,0.08623228967189789,0.0869172215461731,0.08704889789931124
2023-08-15,0.09506912759485368,0.0904883361024,0.10342430126067481,0.10396657108320734,0.10378003166683147,0.0986940740846936,0.0893055502832225,0.08782298117876053,0.0929194837808609,0.09713042761975017
2023-08-16,0.08812084880585712,0.103496533774,0.1098680602018009,0.11046022178223726,0.10991667099984623,0.10990341779095789,0.11140224061080935,0.09242299199104309,0.10110098123550415,0.10643922637317127
2023-08-17,0.09019492016920339,0.0963582684174,0.10422885978393559,0.10480753708526215,0.10689106031779952,0.11314709078710733,0.08515703721001897,0.09239958971738815,0.10960845649242401,0.1023199473419908
2023-08-18,0.10712694018551305,0.0941763922323,0.10335613042680558,0.1033920063030892,0.10488557949944902,0.11004394317942214,0.08494209723404274,0.09201498329639435,0.10944822430610657,0.10115470917790137
2023-08-21,0.10621259763808363,0.085898281724,0.10133652191262663,0.10140390079275516,0.102531118349829,0.11293957940365354,0.10384481602544147,0.09020109474658966,0.10519494116306305,0.10249313891342264
2023-08-22,0.1045590249013829,0.0945861462136,0.10529616399222826,0.10591990812455282,0.10559057560078874,0.1075317494979317,0.10336494631209232,0.09167306125164032,0.10338814556598663,0.10325207862074583
2023-08-23,0.10821299732895791,0.0659337346611,0.08990876625713008,0.08891314954682099,0.09207825205985853,0.09475655819742312,0.08059297753434819,0.08478907495737076,0.1003275141119957,0.09019518466642105
2023-08-24,0.1023159829539507,0.10551831141,0.10713158884054844,0.10761324003826066,0.10735811236585252,0.10595200765428461,0.11545296872911792,0.09170125424861908,0.10522718727588654,0.10577662273608139
2023-08-25,0.08202509729841234,0.159920234179,0.1357126126653998,0.13517351971723907,0.1270683648605925,0.10968755072130526,0.11291021821260344,0.10994453728199005,0.10374967753887177,0.11917806871400027
2023-08-28,0.07887896304805135,0.0800199207742,0.10184060369317238,0.10225622614806132,0.09989967171322077,0.09158678943541833,0.08549431318313927,0.09861640632152557,0.09443731606006622,0.09630447522208627
2023-08-29,0.07943087766109556,0.0848758388002,0.1029868969137627,0.1004569148908017,0.09969917018649196,0.09435363610573969,0.08498489060923754,0.09376589953899384,0.08831819891929626,0.09493794388061767
2023-08-30,0.07820613584532361,0.0907445473806,0.10764711819500594,0.10779814664620524,0.10224366579956021,0.09116152551916759,0.08459835843283178,0.09361688047647476,0.08732132613658905,0.09634100302940495
2023-08-31,0.0784951610549237,0.0701901127459,0.09580648561860419,0.09630843660134521,0.09294076585026967,0.08274965853044718,0.07872940580076039,0.08807051181793213,0.0807996466755867,0.0879149872707065
2023-09-01,0.07498079519525151,0.0828991097341,0.09408778272192361,0.09449015025961116,0.09155905224782483,0.07588279810051515,0.07885054618431725,0.08700408786535263,0.0770852267742157,0.08556566345053719
2023-09-05,0.0763810351281956,0.0622258695746,0.08388622202675756,0.08428707986750578,0.08482542486393801,0.08316109799557839,0.07763878170506486,0.08151787519454956,0.07903008908033371,0.08204951010481827
2023-09-06,0.07504086870364342,0.0874115300427,0.09470804731296437,0.0952644266071888,0.09405339476479752,0.08512708790526433,0.08301998706720509,0.08526492118835449,0.07874208688735962,0.08802570739044772
2023-09-07,0.0697674880051235,0.0852598948424,0.09328855327935252,0.09233572454660947,0.09327991087522011,0.09098857352315658,0.08375316778324955,0.08661320805549622,0.08280979096889496,0.08900984700456849
2023-09-08,0.0696676043633522,0.071785131143,0.08783466754482647,0.08808906964879905,0.088200724559222,0.07762488718076364,0.0769056009890204,0.0843106210231781,0.08263640850782394,0.08365742563623337
2023-09-11,0.06840269182824847,0.0646174054731,0.08304578743095385,0.08342314949967249,0.08438389032306462,0.08181740793611059,0.07874841525790623,0.0822916179895401,0.07806965708732605,0.08168284650351056
2023-09-12,0.06824809605030467,0.0702265849949,0.08625239944348793,0.08662111241606749,0.08767839792327993,0.07559347708218989,0.07874841525790623,0.08235438168048859,0.08294317871332169,0.08288448035953452
2023-09-13,0.07405087129163149,0.0814010001605,0.09039101695031375,0.09082210239719683,0.09009542959345186,0.07255539201588204,0.08291561496212659,0.08539046347141266,0.07331809401512146,0.08364115905792932
2023-09-14,0.07951839985121388,0.0587460781864,0.07855810903170378,0.07823541232324421,0.07986574132471395,0.061880993311239516,0.07561111645479425,0.08003884553909302,0.06999248266220093,0.07488324294956995
2023-09-15,0.08657406154552397,0.0712984475927,0.08379453295337391,0.08407093173663072,0.08532183518901194,0.07221042290856128,0.07874841525790623,0.08097052574157715,0.07426358759403229,0.07991146448301335
2023-09-18,0.09667203152461756,0.0574645529713,0.07749415222102127,0.07776375090192272,0.08121500197619799,0.07647793608688792,0.07874841525790623,0.07749404013156891,0.077877476811409,0.078152967626702
2023-09-19,0.10117408486288103,0.0694704618219,0.0824979557606458,0.08280881884209892,0.08550620117317624,0.0804226014878969,0.07874841525790623,0.0791151225566864,0.07959815859794617,0.08124246766805096
2023-09-20,0.10650643257927368,0.103705194903,0.09877674765219593,0.09810416721299206,0.09936378187853383,0.09201792826643546,0.10368749922060067,0.08965848386287689,0.0914841890335083,0.09615611387530618
2023-09-21,0.11615935790494956,0.08746041151,0.09462144673676076,0.09501151194251176,0.0987878491394601,0.10003741442858113,0.09990307934405292,0.09037184715270996,0.0906413197517395,0.09562492407083087
2023-09-22,0.12150369655981175,0.104608459109,0.10478140911079528,0.10516394102967665,0.10644541053493356,0.10819849572048938,0.11801345782067692,0.09566082805395126,0.09409339725971222,0.10462241993289076
2023-09-25,0.12692372497792842,0.112045716479,0.11274195833660645,0.11074646871088405,0.1120030525575858,0.11454922462778346,0.11805130374784019,0.10111504048109055,0.09522305428981781,0.1092043003930869
2023-09-26,0.13170703008656634,0.096331271711,0.10866614811247587,0.10930060377340395,0.11186113536329989,0.1291799442361504,0.10623068773723676,0.09935888648033142,0.09855349361896515,0.10902155704598049
2023-09-27,0.13347612529712186,0.127639692551,0.12398108760915345,0.12440965382314763,0.12291876238224275,0.11963148715372111,0.12002637123786397,0.10731011629104614,0.10499198734760284,0.11760992369211112
2023-09-28,0.12966417997996307,0.13563260973,0.13156426981481328,0.1315756709184878,0.12678815734448606,0.11706581236998828,0.12515158524483785,0.11415718495845795,0.1045149713754654,0.12154537886093379
2023-09-29,0.12988155190294584,0.131505471221,0.1321782489990947,0.13300625585617412,0.1273624742489703,0.12146871465756004,0.12637401976054574,0.11639635264873505,0.10781747102737427,0.1235147910283506
2023-10-02,0.12254508987371697,0.1388764235,0.13757459246970183,0.13750330043113163,0.13177049806450347,0.12321824624445513,0.12637401976054574,0.11981375515460968,0.11004675924777985,0.12661445305324676
2023-10-03,0.11636311421643997,0.124359410457,0.13394207302935557,0.13459530309857848,0.13189894387790646,0.13356337574449692,0.1313368650311912,0.11771424114704132,0.11493296921253204,0.12828339587730028
2023-10-04,0.10624925137401096,0.136519457826,0.13968290898548946,0.14000480176794092,0.13386998879967982,0.1303357242493533,0.12941552669535855,0.12048076093196869,0.1187649667263031,0.1303649540222991
2023-10-05,0.10328685162668833,0.115675505401,0.1290380286749128,0.12955613441726552,0.12500545426776172,0.12057096609515473,0.12819309217965066,0.11528457701206207,0.11730052530765533,0.12356411113635184
2023-10-06,0.10246555186585163,0.132573672859,0.13606274575370086,0.13407676162973195,0.1288948113752513,0.12351004142216937,0.12158006053650768,0.11799675226211548,0.10309819877147675,0.12360276739299335
2023-10-09,0.10129808777195516,0.100135251741,0.11897074909769423,0.11910788845248205,0.11580974964646197,0.11673509443243041,0.1067179375910914,0.10903750360012054,0.09965440630912781,0.11229047558991548
2023-10-10,0.10463495999343207,0.0898923770916,0.11149259523822048,0.11210875884329008,0.10875544527087111,0.10467558942815633,0.10488320398013276,0.1052408218383789,0.0982341468334198,0.1064843659189242
2023-10-11,0.11499794440257552,0.0859081352493,0.10515907761717583,0.10568278836117703,0.10289868111221037,0.09418862517707603,0.09352952702345373,0.09976376593112946,0.09544932842254639,0.09952454194925268
2023-10-12,0.13496855280529496,0.101376397928,0.11022539168522369,0.1108091766956171,0.1073575921931536,0.0942517369278506,0.10896425856936762,0.099423348903656,0.08734157681465149,0.10262472596993144
2023-10-13,0.13624477166179,0.129347813033,0.12147302032540776,0.12217605056203751,0.1188608796531856,0.11547428402742355,0.1142875987751667,0.10461446642875671,0.10748571157455444,0.1149102873352189
2023-10-16,0.1442531277340645,0.0940086962824,0.1060853817073847,0.10638997285594305,0.10422367147365796,0.1030755158536147,0.10126699947575278,0.10092873871326447,0.10469665378332138,0.10380956198041986
2023-10-17,0.1439696803589059,0.107314960709,0.11313139366112022,0.11299133566651137,0.11007614199360578,0.10664682064237034,0.1222494250185552,0.10180258750915527,0.10750679671764374,0.11062921445842314
2023-10-18,0.13966623264500755,0.13696886333,0.12995187151393922,0.1307399446789404,0.12549419720850963,0.12488539962875814,0.13893109569757076,0.10916130244731903,0.11652855575084686,0.12509890956084058
2023-10-19,0.13051944160258888,0.187715447432,0.15868755438564186,0.15983150843004196,0.149042705622166,0.14263307107380455,0.14990508716557477,0.12525469064712524,0.1337887942790985,0.1455919159433504
2023-10-20,0.12873502761117941,0.135873082435,0.13757948358962144,0.13837186641913168,0.13326849211873434,0.1295941950733221,0.14353069704620117,0.12461209297180176,0.1328052431344986,0.13425172433618732
2023-10-23,0.12179442062343156,0.141666051883,0.14420353034844408,0.14376526983265506,0.13727609816905947,0.13255658893667893,0.14069419831770574,0.12625743448734283,0.12546013295650482,0.13574475043548442
2023-10-24,0.12177296858864273,0.105394595687,0.1288995166955321,0.12920656307689704,0.122845532771042,0.12107220453555055,0.13659597208031993,0.11981359124183655,0.1167386919260025,0.1250245817610258
2023-10-25,0.1237175687380104,0.112505146171,0.12963199847182033,0.13035926058527017,0.12623623186295663,0.13299488060020587,0.1478916750170449,0.11673270165920258,0.11807192862033844,0.12884552525954843
2023-10-26,0.10840580193817123,0.151262783525,0.1423288026401178,0.14329975893447827,0.1373978504955612,0.13807936284920794,0.15615166929361682,0.12162679433822632,0.12439078092575073,0.13761071706813702
2023-10-27,0.09932700635065979,0.127076386554,0.13144095972847702,0.13222843611997667,0.12934092302393496,0.14082114556156178,0.1478916750170449,0.11947840452194214,0.12741334736347198,0.13265927019091564
2023-10-30,0.09182901331413211,0.106654292276,0.11980461095818642,0.11983562195451669,0.11806105204560466,0.11986716053877552,0.14009680007444486,0.1133694052696228,0.11986956000328064,0.12155774440634737
2023-10-31,0.08406095416947973,0.105270583353,0.11928375197254079,0.11797732619009393,0.11508988243098524,0.10980603990599774,0.12582922716836364,0.10954497754573822,0.10980943590402603,0.11533437730253508
2023-11-01,0.07261345874367155,0.122655259132,0.12750164348944276,0.12624247505936584,0.11939470179574485,0.10964156482280268,0.12801607293469996,0.11098378896713257,0.11198092997074127,0.11910873957713286
2023-11-02,0.08320395216275205,0.0714796130145,0.09901686170689634,0.09868835547943737,0.09563369109585348,0.08188217663572118,0.08707568537571425,0.10040175914764404,0.08600686490535736,0.09267219919237488
2023-11-03,0.08282911783022738,0.0819670025262,0.09941578086540549,0.09897211152926401,0.09546224018421144,0.08185303988203274,0.09184244488546503,0.09547892212867737,0.0785408541560173,0.09165219909015333
2023-11-06,0.08213974521452237,0.0648745369093,0.08860677712312295,0.08860089001893556,0.08733446656244873,0.07800216119888825,0.08626730347142449,0.08883385360240936,0.07246559858322144,0.08430157865149297
2023-11-07,0.0833618435361014,0.0651941513298,0.08525743884148332,0.08528769902291654,0.08517797611428131,0.07000295679368941,0.08026583616332857,0.08453935384750366,0.07232710719108582,0.08040833828204122
2023-11-08,0.08178500594518051,0.0779529631698,0.08647011084618267,0.08691146268177476,0.08617104042804796,0.07454355257786188,0.08908640372004349,0.08393514901399612,0.07702194154262543,0.08344852297293318
2023-11-09,0.07159925533441706,0.115586553719,0.10611861508174311,0.10681447801323635,0.10235452514279403,0.0842562884882101,0.10647625393560617,0.09197933971881866,0.08788350969552994,0.09798328715370548
2023-11-10,0.06610839352724047,0.0800463305112,0.09112416518578363,0.08925687176715014,0.0889012619227966,0.06871367284408662,0.08761667280132396,0.08960363268852234,0.08595411479473114,0.08588148457205635
2023-11-13,0.06591846082927005,0.0603330792853,0.08258523772326874,0.08212076698098689,0.08326105917540699,0.07314077953724608,0.0839576269469977,0.08457139879465103,0.08302028477191925,0.08180816484721096
2023-11-14,0.06223113383279796,0.072536704066,0.0884863731563907,0.08864310126253512,0.08677279488522892,0.07128144221378474,0.07960459106963418,0.08434083312749863,0.07142701745033264,0.08150802188077212
2023-11-15,0.06733260758617336,0.0690985938027,0.08630927369432997,0.0867284373536984,0.08530132455349176,0.06566159926992951,0.08020150495686258,0.08346089720726013,0.0776127502322197,0.08075368389539886
2023-11-16,0.06030078840182336,0.0744888061092,0.0849099036585107,0.08515995586692596,0.08421040281480283,0.06792707465724801,0.08231981262425095,0.08313814550638199,0.08514302968978882,0.08182976068827275
2023-11-17,0.05934932151424724,0.0512517968451,0.07280929876840882,0.0729791892879117,0.07508297438965661,0.057764024345100334,0.07693806301433634,0.07795711606740952,0.08082562685012817,0.07347947038899307
2023-11-20,0.06087594340883541,0.0592849000404,0.07638545793364483,0.07523662339931741,0.078192918446113,0.05660552944049922,0.07738991538098114,0.07656428217887878,0.07898975908756256,0.07419492655242813
2023-11-21,0.06336931428214362,0.053841676579,0.07261968925193957,0.0729500253913995,0.07576613219723181,0.0666033330858949,0.07738991538098114,0.07441923022270203,0.07888924330472946,0.07409108126212549
2023-11-22,0.06685126356432024,0.0898857374488,0.08967987014905274,0.09018348095328554,0.08881455982381929,0.06202979780313381,0.08006147423062848,0.08043333142995834,0.07752581685781479,0.08124690446395613
2023-11-24,0.07517882611471469,0.0325746438693,0.06213372672534617,0.06232421307930045,0.06747168926206629,0.05458737281067677,0.07483528818199216,0.07220397889614105,0.07401780784130096,0.06679629668526055
2023-11-27,0.07699129724426788,0.0453600164401,0.06710195963902271,0.06715019491756122,0.07191609077867471,0.05580490597665347,0.07483528818199216,0.07017689943313599,0.07154247164726257,0.06836111579632898
2023-11-28,0.08292581649572496,0.0665762118279,0.07682940294843682,0.07639157934069607,0.07979953400661695,0.06755518931664486,0.07520105505639008,0.07308334112167358,0.07311073690652847,0.07456726267099811
2023-11-29,0.08466923059158488,0.0666923809007,0.07819403827988997,0.07851936946429408,0.08148770898457454,0.06736415948321674,0.07520105505639008,0.07492595165967941,0.07294171303510666,0.0755191422804502
2023-11-30,0.07702926035067045,0.101718007425,0.09390016808071336,0.0936994976401761,0.09377242632942315,0.07833193246699464,0.09444742228351843,0.0826847180724144,0.07854399085044861,0.08791145081766981
2023-12-01,0.07842387572024129,0.0835160445808,0.09098066584269882,0.0894330758778219,0.09114022840757188,0.07214842876928673,0.08256423122635176,0.0844407007098198,0.07619166374206543,0.08384271351080232
2023-12-04,0.07798859254634263,0.0586221022166,0.08195236817988288,0.08231618281887781,0.08476424868461925,0.07657473653741217,0.07850298412461573,0.08087649941444397,0.07531538605690002,0.08004320083096454
2023-12-05,0.06876694825830958,0.0957995194769,0.10006282111159318,0.10009271568859222,0.09863852590993362,0.0852038799463389,0.08395167914673425,0.08657708019018173,0.0780825987458229,0.0903727572484567
2023-12-06,0.0783612402599764,0.0768687941082,0.09309745044717217,0.09340670739381271,0.09337753593328751,0.0704748383820071,0.08455503266343432,0.08620142936706543,0.07960960268974304,0.08581751383950319
2023-12-07,0.08435932551680002,0.064573173536,0.08459416837771197,0.08443506115382125,0.08698404984865371,0.07483118527189397,0.07934953917972339,0.08292941004037857,0.08291277289390564,0.08229088382372693
2023-12-08,0.08306522683449667,0.0897714674408,0.09537021216359703,0.09456457067452334,0.09444463320959465,0.07743576415850262,0.07982988645016328,0.08240454643964767,0.07736992090940475,0.08591707628649048
2023-12-11,0.08212677997603934,0.0556428997281,0.08092369180640059,0.08051481411364209,0.08336655977274478,0.07464460159386394,0.0745379928151085,0.07837992161512375,0.07439950108528137,0.07810958325745214
2023-12-12,0.08125193965311678,0.0491010280851,0.0741030628233964,0.0726737988826503,0.07768222103762074,0.06263621603494028,0.07232870758173139,0.0737110897898674,0.06283950805664062,0.07085351488669245
2023-12-13,0.07971427970027334,0.113871706404,0.1044023680789434,0.09914245936149693,0.10097473380661946,0.08172074242263927,0.09342650538718936,0.08194158971309662,0.0781802237033844,0.09139837463905277
2023-12-14,0.08271363962928853,0.0951301943304,0.09928753013027175,0.09984180104039236,0.09646043063642988,0.07442282451392228,0.07982988645016328,0.0848679393529892,0.0742977112531662,0.08700116048247643
2023-12-15,0.08022529421931646,0.0835200389341,0.0938480023129459,0.09417846540480121,0.09242256120429111,0.06955345527403653,0.07792423257612409,0.08481092005968094,0.07653366029262543,0.0841816138749293
2023-12-18,0.07922641268677467,0.0481768895945,0.07848209086921117,0.07850886154635686,0.08093662238981633,0.06704579953448225,0.0709986719040304,0.07889781892299652,0.07329721748828888,0.07545244037931177
2023-12-19,0.0828700134769013,0.0411856710497,0.07492892373606268,0.07458119825561244,0.07845730950185514,0.06441712072357761,0.07047410477501004,0.07388313114643097,0.07046937942504883,0.07245873822337111
2023-12-20,0.07067696902130641,0.108301472626,0.10226260575609855,0.1024048649952019,0.10099670164482578,0.07749258359434652,0.09304665393252354,0.08134284615516663,0.07922500371932983,0.09096732282821327
2023-12-21,0.059634315858434955,0.107171138075,0.10276870846531262,0.10297155813321991,0.10097637768456437,0.09092064981311829,0.09662266352421686,0.08615007251501083,0.0852176696062088,0.09508967139166453
2023-12-22,0.06127501321085183,0.0703445460772,0.08616846873212108,0.08648482996821749,0.08761542048695414,0.0776178012396168,0.0729043257780696,0.08302765339612961,0.07779295742511749,0.08165877957517519
2023-12-26,0.07003867159568374,0.0390467138719,0.07241331529804255,0.07253267471456507,0.07696021791977789,0.07038572329635318,0.07155162966747754,0.0757860541343689,0.07033421844244003,0.07285197621043216
2023-12-27,0.07033241770679602,0.0681860163967,0.0869375619226191,0.08711481837846566,0.08725651292550708,0.06817991614390878,0.07155162966747754,0.07648594677448273,0.0644790530204773,0.07742934840470546
2023-12-28,0.08125415575589036,0.0486639810829,0.07334698175161436,0.07368345854932895,0.07716369112536879,0.06506733826641162,0.0729043257780696,0.07250984013080597,0.06318032741546631,0.07112228043100936
2023-12-29,0.08243027010369292,0.0655037497065,0.07656961765098307,0.07694253482110336,0.08003501234715314,0.07073505242494427,0.07237975864904923,0.07183098047971725,0.06353858858346939,0.07314736356520281
2024-01-02,0.08275808939129523,0.0770729086207,0.08198146685678456,0.08170138750170283,0.08494529981644361,0.07940844746168173,0.07708516835811632,0.07339878380298615,0.06832672655582428,0.07812104005050564
2024-01-03,0.08012362804716727,0.0853146367202,0.08968153685333607,0.0899434089104889,0.09153616804514268,0.09271767759783886,0.08201679576437737,0.07670757174491882,0.0761786699295044,0.08554026126365817
2024-01-04,0.09149239637183283,0.0696814189008,0.08333417302130573,0.08348605660474254,0.08676141285387627,0.0881549251416621,0.07630563509585646,0.0763600692152977,0.07431112229824066,0.08124477060442592
2024-01-05,0.08740569398296665,0.103180072157,0.10216430064899046,0.10176733289144346,0.10028436506153807,0.08627361099107246,0.09264056108949285,0.08280892670154572,0.07341430336236954,0.09133620010663608
2024-01-08,0.09097703898290958,0.0724796470359,0.09005820748644262,0.08775488411908383,0.09025993157574545,0.08156953074696482,0.07376091490085465,0.08206643164157867,0.06845945119857788,0.08198990738132114
2024-01-09,0.090697521872438,0.0788098527782,0.09285139824853093,0.09251358899533196,0.09210936608020082,0.08189079217956982,0.07846262735492694,0.0826532319188118,0.06422632932662964,0.08352961915771455
2024-01-10,0.09220581602658917,0.0716453717793,0.08837875055672817,0.08867016561251966,0.08854710885099529,0.08262429812334807,0.07901357740302936,0.08407711237668991,0.06097207963466644,0.08175472750828242
2024-01-11,0.08072865950588756,0.120875201146,0.11344252207297069,0.11422051466194005,0.10726940463509183,0.09320017537200007,0.1014779351318564,0.093221016228199,0.06292060762643814,0.09796459653264232
2024-01-12,0.07830786208260937,0.0836098739645,0.09609906101241908,0.09667150709958781,0.0937786618032154,0.08321633883678003,0.0881653172972235,0.09125328063964844,0.06955374777317047,0.08839113063743495
2024-01-16,0.06989213282855622,0.0918620195822,0.10119660008925312,0.10155446727798195,0.09871499658860781,0.0907510428108675,0.08861309896630383,0.09203866124153137,0.07605500519275665,0.09270341030961461
2024-01-17,0.0707244898264559,0.0771821686235,0.09503863402700154,0.09492486173087825,0.09496020511222078,0.08937309966712521,0.08576561454279742,0.08962990343570709,0.08321709930896759,0.09041563111781399
2024-01-18,0.07014243438690039,0.080699563035,0.09736435494444373,0.09766413914909544,0.09608384367174885,0.09551688358639038,0.08861309896630383,0.08903302252292633,0.08969739079475403,0.09342467623366608
2024-01-19,0.06913234423911506,0.0684604559916,0.08751851671611388,0.08689310504662784,0.0878381658822728,0.08410831359157857,0.07777023840169518,0.08529087901115417,0.08071501553058624,0.08430489059714695
2024-01-22,0.06765315176610522,0.071173274591,0.08745068192789963,0.08792898259425412,0.08770955157005703,0.08331514303283477,0.07777023840169518,0.08346103131771088,0.07347208261489868,0.08301538735133576
2024-01-23,0.06740703261209348,0.0469316042618,0.07325177792642336,0.07305954320514699,0.07627176015729038,0.07123739339401979,0.07777023840169518,0.0771951749920845,0.0673380047082901,0.07373198468356433
2024-01-24,0.07771321975759796,0.0808845059505,0.08776517004142423,0.08827967746349416,0.08814511988682201,0.08197576213313436,0.08374863884959051,0.07979802787303925,0.07016211748123169,0.08283921624696232
2024-01-25,0.08399334520918948,0.0781182288367,0.08645105665258941,0.0865832177153537,0.0874578474049393,0.07937788723912498,0.08263776387102854,0.08075651526451111,0.07058413326740265,0.08197834591642139
2024-01-26,0.09370841372158849,0.0631144486306,0.07974563004993493,0.08011117161606873,0.08215281472195746,0.07594788936821198,0.07777023840169518,0.07862626016139984,0.0694723054766655,0.07768947282799052
2024-01-29,0.09723034541681025,0.0636708303343,0.079229456566755,0.07783965206943541,0.08213574037723646,0.07941256972667506,0.07821802007077551,0.07744421809911728,0.06824980676174164,0.07750420909596234
2024-01-30,0.10095301546917244,0.0451261674308,0.07141588632733563,0.07173404764309915,0.07593735460028235,0.07366948112275111,0.07901357740302936,0.07352098077535629,0.06996800005435944,0.07360847541803048
2024-01-31,0.0907797903241624,0.118408131902,0.10512662269615786,0.1057206783490112,0.10314115666120643,0.09837769247213611,0.0993558993608738,0.08522611856460571,0.08562443405389786,0.0975103717368413
2024-02-01,0.08035681849524658,0.105736205948,0.10229052779669968,0.10170976308556016,0.09957250610258801,0.09098861221765334,0.09750903835330374,0.09033586829900742,0.074533611536026,0.09384856105583404
2024-02-02,0.06517094565871925,0.112318108246,0.10944225404672234,0.10990054529398198,0.10431038475782646,0.08977216885602274,0.10192571680093673,0.09552180767059326,0.06882590800523758,0.09709982649018874
2024-02-05,0.06039645377363061,0.0861181802742,0.1006092171325873,0.10119480521149006,0.09710237464371288,0.08025499187806243,0.08861309896630383,0.09406989812850952,0.06809855252504349,0.08999184835510134
2024-02-06,0.06521022779619758,0.0756652317728,0.09904676756430622,0.09939738912315071,0.09516072019267627,0.0806246922268026,0.08635142546538656,0.09186297655105591,0.06536640226840973,0.08825862477025544
2024-02-07,0.07130524988737294,0.0653282534237,0.08998646586482388,0.0891838982177,0.08850471771926981,0.07395291557750544,0.08218691684932818,0.0874054878950119,0.06795209646224976,0.0827389283694127
2024-02-08,0.0751391478694401,0.0475540217559,0.0773372242286079,0.07733946612215195,0.07900078064721594,0.07071363025958864,0.07693436740643014,0.08034183084964752,0.0674155056476593,0.07558325788018593
2024-02-09,0.08405650941069163,0.0395667390207,0.06730479033414412,0.06683746248360385,0.07190959385382048,0.06512634523677308,0.07814569742224296,0.0756383165717125,0.06991679966449738,0.07069700079525634
2024-02-12,0.09024953108991232,0.0664735911895,0.07667429709004878,0.0770312749908107,0.08029562322679286,0.0770178177167931,0.079129568340623,0.0764550045132637,0.0738258957862854,0.07720421166637394
2024-02-13,0.08764436229519985,0.0935330861419,0.08959730447725184,0.08940442215504629,0.09157939573841486,0.09035211860467762,0.08440171388876433,0.08232974261045456,0.0699218213558197,0.08536950269006131
2024-02-14,0.085231004168036,0.0918047109723,0.09128688723634423,0.09154834546815782,0.0919278383988767,0.08948015439731673,0.08440171388876433,0.0859786868095398,0.07225050032138824,0.08669630378862683
2024-02-15,0.08512116467601562,0.0711944477497,0.08495633479927099,0.0849654623873552,0.08665697076482441,0.0821827490745879,0.079129568340623,0.0846991315484047,0.07341592013835907,0.08228659100763218
2024-02-16,0.07813777070927894,0.0930782090263,0.09889541512187708,0.09944134423278711,0.0974503818276188,0.1022989804516874,0.12073883850593055,0.08924759179353714,0.08366566151380539,0.09881974477817765
2024-02-20,0.06789759715043325,0.0990764541344,0.1043258028685325,0.104972773521352,0.10240830058845926,0.10399252206646509,0.12111766858554233,0.09362335503101349,0.08256445825099945,0.10185784013033773
2024-02-21,0.0626185543796051,0.0801948882669,0.09524624502901602,0.09460642992490317,0.09520382415611056,0.09175240089797318,0.08798944899958672,0.09219850599765778,0.08003408461809158,0.09100441994619128
2024-02-22,0.0632948981473158,0.0796370146572,0.0938797722739315,0.09273001029953386,0.0934950436121978,0.08756477504207354,0.08761061891997493,0.09094316512346268,0.07950115203857422,0.08938921961567836
2024-02-23,0.06130693410144828,0.0705343349862,0.08998825577052541,0.09044309827433128,0.08962923376572927,0.08052528125294545,0.0823384733718336,0.08848630636930466,0.07769978046417236,0.08558720418126316
2024-02-26,0.060520751449328274,0.0544338651359,0.07983473653016446,0.08020193200039999,0.08216293835912661,0.07363274106044995,0.079129568340623,0.08321376889944077,0.07390542328357697,0.07886872978196882
2024-02-27,0.06890339967601293,0.0483632732636,0.07274226415286339,0.07270102510914672,0.07674606265130311,0.07159195081839956,0.079129568340623,0.07809612154960632,0.0692974328994751,0.07432920364591675
2024-02-28,0.08335784043527122,0.054646302465,0.07302695978922943,0.07298821367732683,0.07737503351300558,0.07460943180644286,0.079129568340623,0.07599519938230515,0.07130231708288193,0.07491810337025925
2024-02-29,0.07986528597132886,0.0822669921533,0.08467640243373961,0.0850132327316529,0.0865793277390205,0.08468732084483307,0.08440171388876433,0.0801028236746788,0.07260996103286743,0.08258154033507951
2024-03-01,0.09144644018373584,0.0611275109843,0.07501057530244803,0.07398647882911188,0.07860219103089779,0.07276962639593194,0.079129568340623,0.07841140031814575,0.07386089861392975,0.07596724840444116
2024-03-04,0.09724693282592643,0.0498412641191,0.07007421874405598,0.07003664023140078,0.07563485134960253,0.07340105344436397,0.079129568340623,0.0753062441945076,0.07440876960754395,0.07399876370172827
2024-03-05,0.10157236688184208,0.0881112470424,0.08962717795344174,0.09016614519546111,0.09180537464122199,0.08951138585913482,0.08440171388876433,0.08145589381456375,0.07775567471981049,0.08638905229605688
2024-03-06,0.09117031111796083,0.118281333053,0.10795359442267187,0.10860525201916048,0.10579214059518072,0.10212103671666266,0.09999409185914562,0.09185411036014557,0.08711843192577362,0.10049123684267722
2024-03-07,0.0999576806090326,0.0625901725849,0.08311451370192569,0.08329378963268885,0.08661991939265873,0.08597273400364464,0.079129568340623,0.08677992224693298,0.086403988301754,0.0844734908028897
2024-03-08,0.09245281897008015,0.116861072193,0.11062602662600571,0.11136907074725311,0.10784684343353805,0.09702937004045457,0.10358182696996801,0.09527973085641861,0.08619396388530731,0.10170383322270649
2024-03-11,0.08851504583039388,0.0892004720719,0.10270550528467429,0.10262706751697254,0.1017095832754947,0.09091766228745785,0.08854616575806204,0.0956292375922203,0.09286295622587204,0.0964283111343934
2024-03-12,0.07816544613803371,0.109833923289,0.11285308130774718,0.11246379072157066,0.1075951363970549,0.08915646144989886,0.09782452967552109,0.0940854474902153,0.07834470272064209,0.09890330710895001
2024-03-13,0.09229953959825592,0.0629751802342,0.08829198633977703,0.08871747740391003,0.08844766387227677,0.07969479963853765,0.08191681836277886,0.08870267122983932,0.07787589728832245,0.08480675916220602
2024-03-14,0.08241617201160856,0.110973380237,0.11253942239988562,0.11322630330988392,0.1073817598269257,0.0982272827550898,0.10053938178918533,0.09352338314056396,0.08524593710899353,0.10152621004721828
2024-03-15,0.07886658567034388,0.0802274224191,0.0964577818484207,0.09662411167033999,0.0957712401151915,0.08959675849778681,0.08539973280877042,0.09103263914585114,0.0872555524110794,0.09173397378534856
2024-03-18,0.07504896892659785,0.0662847813006,0.08863421791244983,0.08906204017060146,0.08990888636494965,0.08210378200715233,0.08191681836277886,0.0866122916340828,0.08464393019676208,0.08612599523553957
2024-03-19,0.07256852424329596,0.0586353891693,0.0808129168500637,0.07966621485140471,0.08357244494670493,0.07444569509447872,0.07826320780497847,0.08134118467569351,0.08218590915203094,0.08004108191076499
2024-03-20,0.05448697427636512,0.126541351052,0.11473867516696454,0.11207939561549096,0.10848436418935671,0.09001877016997716,0.09897122578114431,0.08960150182247162,0.08536509424448013,0.09989414671284079
2024-03-21,0.0522578663449758,0.0606728367241,0.08288116375202996,0.08325895123064031,0.08384570264244083,0.0706220442498619,0.07837229863739345,0.08395746350288391,0.06937724351882935,0.07890212393343997
2024-03-22,0.0550634280843915,0.0597829736569,0.08069205362620316,0.08107853126098961,0.082319498632104,0.07204623365795795,0.07837229863739345,0.07977508753538132,0.06782388687133789,0.07744394146019533
2024-03-25,0.05901949460861957,0.0381538889277,0.06923686027940666,0.06943813375682178,0.07400311917645999,0.06280664977822947,0.07837229863739345,0.07332093268632889,0.06174261495471001,0.06984580132419291
2024-03-26,0.06854986582790552,0.0400914421361,0.06841827596805342,0.06847476673456686,0.07356260253955844,0.06407659649811051,0.07837229863739345,0.06908680498600006,0.060594819486141205,0.068940880692832
2024-03-27,0.08574944459348627,0.0672748972552,0.07426792429221706,0.07407929267785913,0.0778992746720103,0.0680992757013148,0.09077302835815261,0.06911192834377289,0.06621166318655014,0.0743489124616967
2024-03-28,0.09760939441774204,0.0499145696349,0.06607301729713089,0.06628586442692412,0.07191202473336793,0.06340967905798042,0.07787424262535632,0.06656037271022797,0.06781363487243652,0.06856126224620346
2024-04-01,0.09665139013598517,0.0712705165313,0.07595231792321294,0.07636643096267753,0.08024214521101163,0.07140037154075625,0.07898845240765708,0.06834612786769867,0.07036101818084717,0.07452240915626589
2024-04-02,0.10689315332513384,0.0609287895625,0.07378516577749211,0.07397540620936252,0.07960378820918812,0.07281234173634214,0.07898845240765708,0.06858571618795395,0.07678312808275223,0.07493342837296402
2024-04-03,0.11949653245290999,0.0876712070088,0.08917316512733703,0.08905659618025649,0.09111539348853012,0.08375581010563467,0.08328059872834535,0.07368132472038269,0.07895251363515854,0.08414505742652069
2024-04-04,0.11206604464763487,0.133399128618,0.11400806648945422,0.11386515490046938,0.112336740608629,0.10609872465368297,0.10898742722959766,0.08522066473960876,0.09299727529287338,0.10478772198775933
2024-04-05,0.11064407528850125,0.115605352014,0.11255212634568121,0.11151459173771872,0.10980068934535558,0.0998474148103213,0.10168607789480855,0.09198098629713058,0.09219476580619812,0.1027966646053163
2024-04-08,0.12358335330192659,0.0644125237025,0.09078976708758472,0.09102666801228423,0.09227729712630967,0.08626437758706802,0.08310114573449985,0.08826643973588943,0.08558717370033264,0.0881875527119955
2024-04-09,0.13324067842586185,0.118893197705,0.11857686309431159,0.11888938678171114,0.11344532598626317,0.09612822639781485,0.10343911345359914,0.09537367522716522,0.08597379922866821,0.10454662716707619
2024-04-10,0.13384268566769456,0.148164151335,0.13618274643127462,0.13642111225957823,0.12762525152697293,0.10949548816714381,0.11780648618429698,0.10600206255912781,0.08786233514547348,0.11734221175340971
2024-04-11,0.13918631440108503,0.0958760292749,0.11089242534010488,0.11095717318545731,0.10706872094682539,0.09408003977268109,0.09031309073869906,0.10295752435922623,0.08797532320022583,0.10060632822045998
2024-04-12,0.14318252525633765,0.108541064035,0.11550912439645808,0.11604308340982808,0.11364850276857558,0.11064136164266816,0.12025134359707511,0.10271430760622025,0.09642092883586884,0.11074695032238488
2024-04-15,0.13668814438045315,0.138933949394,0.13474307744555689,0.13551376109306834,0.13072446579395855,0.12604892445265783,0.12573151815589467,0.10955784469842911,0.1099424809217453,0.12460886750875867
2024-04-16,0.12088388904100898,0.162901069151,0.14858432276564387,0.14937934315948073,0.14001493656323194,0.13320350379995294,0.13425397856513002,0.1191268041729927,0.1153673306107521,0.1342757456624549
2024-04-17,0.10923989837729293,0.150852730627,0.14367296143351466,0.14463603344577164,0.135834977834526,0.1269970928497785,0.13362600345554407,0.12303785234689713,0.12003597617149353,0.13254869964821794
2024-04-18,0.10444396967749632,0.12840187319,0.13717902157951634,0.1378035598091733,0.13007550780841323,0.12137035607697755,0.12272149711661441,0.1221170499920845,0.11597523838281631,0.1267488901093708
2024-04-19,0.0931573682469672,0.131996930619,0.14064583035345582,0.14150606955053113,0.13330758030016912,0.11945857969702596,0.12339569363438889,0.12269676476716995,0.11641693860292435,0.128203922415095
2024-04-22,0.09061550272040392,0.101067841924,0.12441589632363584,0.12466091756681956,0.11814442607709875,0.10744497601865613,0.11489378819647232,0.11639045923948288,0.10752685368061066,0.1162110453003966
2024-04-23,0.09813487707055638,0.0786326103353,0.10739135744530788,0.10676274100383734,0.10365543254179561,0.09403663906811387,0.09864951122609508,0.10638303309679031,0.09953273087739944,0.10234449217990564
2024-04-24,0.1172057919431193,0.096740633534,0.10989969514403448,0.11049884630641972,0.10581183003885208,0.09759726812380067,0.09401580041508885,0.10214657336473465,0.09814479947090149,0.10258783040911885
2024-04-25,0.11966895423503161,0.106597270421,0.11185545143212344,0.11109901696338814,0.107893371802565,0.10029040714639337,0.10953905668696363,0.10088343173265457,0.09704210609197617,0.10551469169372348
2024-04-26,0.12146949997054111,0.0791956562977,0.0955880825205646,0.09547633694420024,0.09368048469811208,0.08764125000021929,0.08499860001022064,0.09420867264270782,0.09256990253925323,0.0920233327650397
2024-04-29,0.11662436930861897,0.0887641765806,0.09839240044240094,0.09889694088866408,0.09555814537247478,0.08695636028714362,0.0865553307635182,0.09161733090877533,0.08769984543323517,0.09223947915660172
2024-04-30,0.10776036200957506,0.115236761626,0.1125701104001456,0.11249236697646811,0.10812193648190148,0.10225384032965412,0.11483018748858036,0.09557905793190002,0.09284447133541107,0.10552742442058012
2024-05-01,0.07754520753977577,0.172894383985,0.1432134993575867,0.14395069928763127,0.13052060616702704,0.11452945116517334,0.13098641716684462,0.11002648621797562,0.10651889443397522,0.1256780076851734
2024-05-02,0.06106135874890518,0.119500137132,0.12209656618622966,0.12234878129748923,0.11292575164838564,0.09960115440152653,0.11367284583422052,0.10989906638860703,0.09350347518920898,0.11057823442080965
2024-05-03,0.05350585698266031,0.0918850153909,0.11178006377414845,0.11235914882501957,0.10291025641129788,0.08266194410146832,0.09546372210259671,0.10514616221189499,0.08269864320755005,0.09900284866199657
2024-05-06,0.052864390973864694,0.0459467029474,0.08900530697911031,0.08793410871206658,0.0856594653927451,0.07799642450066234,0.09157695170991327,0.0930241048336029,0.07486657798290253,0.08572327715871472
2024-05-07,0.05576675891699236,0.0577474826208,0.08879630858561269,0.08922367965867364,0.08575655906153926,0.0757894444830294,0.0869877834927264,0.0863586887717247,0.07107473909854889,0.08342674330740785
2024-05-08,0.05691106406924505,0.0435578462868,0.07117619671226888,0.07059442367526686,0.07284097933686215,0.06764372904221168,0.0852666283224607,0.07718412578105927,0.07245320826768875,0.07387989873397403
2024-05-09,0.06210516614511063,0.0534456207186,0.06940994559927328,0.06820753649142,0.07175841791272058,0.06832368499748537,0.07997549752084397,0.07207012921571732,0.06663258373737335,0.07091111363926199
2024-05-10,0.059490423397142125,0.0641466448796,0.07145977535779074,0.07183891577958144,0.07381275731100861,0.07329954981926665,0.0795958305431615,0.07200874388217926,0.07037481665611267,0.07319862704987155
2024-05-13,0.059991778949031696,0.0420705956659,0.06210084001605851,0.062348473531327955,0.06765832048340453,0.06961854498542087,0.08185937550972666,0.06737737357616425,0.0720326229929924,0.06899936444215646
2024-05-14,0.05426839707156705,0.0700800227197,0.07487814657693798,0.07466514130690863,0.07728744114049407,0.07920973333478162,0.08111294003561947,0.0708204060792923,0.076441191136837,0.07634499994441016
2024-05-15,0.06064479814374508,0.0504180031347,0.06756878630332311,0.06688049136747357,0.07066365136739862,0.06866506531451658,0.0795958305431615,0.06893733143806458,0.07179442048072815,0.07058651097352373
2024-05-16,0.06751060860599604,0.0771190418516,0.08093977101665983,0.08132247839682681,0.08115164816586343,0.07380861403731223,0.08131493231008062,0.07359012961387634,0.07287221401929855,0.07785711250855969
2024-05-17,0.07216815985003072,0.0502502350204,0.06878737428127496,0.06905535415036199,0.07178616552226455,0.06457866430417726,0.07724290751260823,0.0703735202550888,0.07489266991615295,0.07095952227741839
2024-05-20,0.07647173103829227,0.0454912117576,0.06730955879740098,0.06735562256076666,0.07129273817358625,0.06754137748500491,0.07903746496923823,0.06781862676143646,0.07300083339214325,0.07047946030565382
2024-05-21,0.08002190114788532,0.0405146452611,0.06275430723266386,0.06222402246420789,0.06800085188299265,0.061089703579927046,0.07724290751260823,0.06486113369464874,0.0704062432050705,0.06665416708173126
2024-05-22,0.07968479810202252,0.078775872867,0.08119281850386725,0.08144048496107267,0.08284020301462666,0.0738049025570852,0.08360893460968215,0.07133594155311584,0.07364241778850555,0.07826652899827934
2024-05-23,0.08244558551464845,0.101719222757,0.0928639534774546,0.09331801905289139,0.09194750846128952,0.08391291458792631,0.08988358000299122,0.07976081967353821,0.0772840827703476,0.0869958397180627
2024-05-24,0.0874856256745521,0.0760124412747,0.08463535912805334,0.0847628708707168,0.0844080520880353,0.07291755097449117,0.07952037485345062,0.07961906492710114,0.07692679762840271,0.08039858149575016
2024-05-28,0.09302594260666307,0.0725800393114,0.08575822054592942,0.08579494205293053,0.08587914571109219,0.07749257324976047,0.07863948843115037,0.07936426997184753,0.0756613239645958,0.08122713770390089
2024-05-29,0.09318665208598585,0.0664780532001,0.08563027211516167,0.08573171571107324,0.08693241603606532,0.07746275769658822,0.08155321548203848,0.07856473326683044,0.08003997057676315,0.08227358298350294
2024-05-30,0.09060432384808934,0.0770483619044,0.08986474298356904,0.09027482733860664,0.09096969289363022,0.08286428659742388,0.08457711829698805,0.08017940819263458,0.08141958713531494,0.08573566620545248
2024-05-31,0.08562935837961798,0.112182163867,0.10533958150515041,0.10404964309035146,0.10171705351091792,0.08784883553632655,0.0982458146931428,0.08819104731082916,0.08327285945415497,0.09552354787155333
2024-06-03,0.07717135551394709,0.100300507838,0.10279873052935837,0.10324122315558998,0.10045237497012745,0.08700395277296313,0.08600286421254116,0.09029452502727509,0.08363176882266998,0.09334649135578932
2024-06-04,0.07071040185301518,0.101332712376,0.10588392304672214,0.10605974294242973,0.10291198033824586,0.08750764908000486,0.08600286421254116,0.09217151999473572,0.08581289649009705,0.0951929394435395
2024-06-05,0.07910590142429129,0.0675940988768,0.0920988491994005,0.09127940298276133,0.09151870414876045,0.07900667938017558,0.08032866715875656,0.08631670475006104,0.0834021121263504,0.08627873139232368
2024-06-06,0.08203926417958764,0.0596942789306,0.08722452314109899,0.08757204853102878,0.08772506986374592,0.07334830318112509,0.08032866715875656,0.0814104974269867,0.08148603141307831,0.08272787724511718
2024-06-07,0.07918357446828383,0.0905596790659,0.0979358000405972,0.0980241075887073,0.09581750831619608,0.07893323482156793,0.08338677302382552,0.0846722275018692,0.0735265463590622,0.0874708853788322
2024-06-10,0.08136745803397284,0.056350220491,0.07977059344543905,0.07879663434039885,0.08229693378637305,0.06993867254647312,0.07736822211294717,0.07864409685134888,0.07254187762737274,0.07705100438719327
2024-06-11,0.07763258148705458,0.0741015026107,0.0844085952961779,0.08436284851419643,0.08601859204510928,0.08048430369340401,0.07770598524408828,0.07740572839975357,0.07237608730792999,0.08039459150009422
2024-06-12,0.0772204366355395,0.104201131244,0.10012872119884292,0.1007186178384515,0.09649840281943742,0.07930670157149952,0.09347101985084916,0.084459587931633,0.07588817179203033,0.09006731757182054
2024-06-13,0.07679517941395757,0.0769863174333,0.09034898399389481,0.09045687144410938,0.08850559857944762,0.0736542279595914,0.07781477572675144,0.08319510519504547,0.06546351313591003,0.08134843943353574
2024-06-14,0.08099049322776009,0.0768052307122,0.08900796884818077,0.08891152780816397,0.08796277473515483,0.07330190943744967,0.07781477572675144,0.08226493746042252,0.06859157234430313,0.0811222094800609
2024-06-17,0.07918709654570555,0.0702030708451,0.0874901778409852,0.0866994978016045,0.0870944616456696,0.08175341116167635,0.07563750341046949,0.08083231747150421,0.06891155242919922,0.08120270310872979
2024-06-18,0.08231867526789198,0.0502175775635,0.07709144407015726,0.07722833906899193,0.07914334018846639,0.07221804980802778,0.07523816681509082,0.0756693035364151,0.07035708427429199,0.07527796110877734
2024-06-20,0.075739487955467,0.102658493958,0.09857273609856552,0.09894833162645385,0.0966594823251282,0.08718320127516997,0.08920372748954078,0.08355475217103958,0.08090014010667801,0.09071748158465369
2024-06-21,0.08107450721285656,0.0748292176032,0.08678040974480496,0.08710936878569753,0.08702683537354929,0.0794700721632082,0.07781477572675144,0.0821390226483345,0.08151645958423615,0.08312242057522601
2024-06-24,0.08300007127139646,0.0959627298748,0.09716395254433799,0.09747255429039131,0.09524907997506195,0.08653278998298647,0.08003469588791287,0.0861879512667656,0.08319388329982758,0.08940498674961196
2024-06-25,0.08240768419641854,0.0590267099405,0.08088140803044895,0.08065159178144153,0.082211008858391,0.07732653148759012,0.07523816681509082,0.08051544427871704,0.07970046997070312,0.07950351731748324
2024-06-26,0.07801833370555233,0.07106789211,0.08783441260869118,0.0876377085194158,0.08719325970725147,0.07353120325956605,0.07563750341046949,0.08039285242557526,0.0770995169878006,0.08133235098839568
2024-06-27,0.07453780551950777,0.0730704801634,0.08597818886992441,0.0856905012990948,0.08571862854545279,0.07325359267958177,0.07770598524408828,0.08016647398471832,0.07794206589460373,0.08092220521678059
2024-06-28,0.06247672717085903,0.0989062193564,0.09882027482727118,0.09936094433051407,0.09565858380801315,0.07986894096194871,0.08003469588791287,0.08578053116798401,0.08388125896453857,0.08905788999259752
2024-07-01,0.04707887679605378,0.103867829867,0.10151615766640393,0.10198200877322829,0.09703758140808781,0.07806398025253541,0.09489378560997358,0.08987049013376236,0.08776307851076126,0.09301815462210751
2024-07-02,0.045367825295413965,0.0547195157526,0.08080297219011423,0.07976401528628035,0.08057343921325187,0.0664997859089028,0.07769437426421902,0.08188251405954361,0.07485178858041763,0.07743841278610422
2024-07-03,0.061708421750006626,0.0391128519392,0.07158298828664493,0.07111548244693189,0.07400657385379969,0.06460890544529416,0.07769437426421902,0.07383527606725693,0.07243715226650238,0.07218296466152128
2024-07-05,0.06745187788645866,0.0518113439187,0.07501458029036301,0.07515293274459137,0.0772890953194972,0.06892019246615205,0.07769437426421902,0.07191691547632217,0.07187439501285553,0.07398035508200006
2024-07-08,0.07671185387509116,0.038983652458,0.06437845972370991,0.06461925094691501,0.07001599548389761,0.0648077596001837,0.07818215077459198,0.06729944050312042,0.06785158812999725,0.06816494930891656
2024-07-09,0.08038297016246415,0.0485172350124,0.06333342679290677,0.06360403348063125,0.0698676182908911,0.07067568215817936,0.07818215077459198,0.06593745946884155,0.06948646903038025,0.06872669142806033
2024-07-10,0.08564172159742803,0.0469395362405,0.061998810352630884,0.06051699040622215,0.06924704565326577,0.07005620884709846,0.07818215077459198,0.06500604748725891,0.07111402601003647,0.06801732564730066
2024-07-11,0.09757098355958461,0.101381773022,0.09020491806712029,0.09075540668452864,0.0909379173965136,0.08588775195189957,0.08936820201404376,0.07658133655786514,0.0696336030960083,0.08476701939542562
2024-07-12,0.10531189169091974,0.0799596644336,0.08352295553785442,0.08387014755803464,0.0845967153733447,0.07521024499876848,0.08136048354223945,0.07702808827161789,0.07217742502689362,0.07968086575839331
2024-07-15,0.10877408962246189,0.0905234148256,0.09255626458517431,0.09306624957299678,0.0920091143880786,0.07896446374926841,0.08293829323837572,0.08143328130245209,0.07536283135414124,0.08519007117006959
2024-07-16,0.11016517881772483,0.0723704976435,0.08727890090428608,0.08675418266955609,0.08793808911376741,0.07834905946595414,0.07879071290837854,0.0804152637720108,0.07790808379650116,0.08249061323292205
2024-07-17,0.11251566997419518,0.0810477204654,0.0939689542580851,0.09443044816108467,0.09441539367518303,0.08330326662741269,0.08769800634906146,0.0821961835026741,0.08388093113899231,0.08855616910178477
2024-07-18,0.11499956921921896,0.145623575269,0.12458979779969334,0.12541073727099833,0.11892078724716511,0.11034822766891621,0.10984825840124836,0.09715475887060165,0.09486757963895798,0.11159144955679727
2024-07-19,0.12130785856234315,0.119356761141,0.11720394926880942,0.11786054047267605,0.11366928735009672,0.10898413471091047,0.09740875826367161,0.10055246204137802,0.09754610061645508,0.10760360467485676
2024-07-22,0.12043117067634945,0.109089545054,0.11452442579013239,0.1148644682518641,0.10968221910252289,0.1062882031607364,0.10092787500773472,0.10045108944177628,0.09098993986845016,0.10538974580331671
2024-07-23,0.12681596922540414,0.0822210993779,0.10434066015658569,0.10486675521786025,0.10174099462240484,0.09945980210403954,0.09043734608019656,0.09475993365049362,0.08688268065452576,0.09749831035515803
2024-07-24,0.13065358967275906,0.0958424739958,0.11128392785147928,0.11181061527026366,0.11160768958262007,0.11257768014590899,0.10882221336710676,0.09482493251562119,0.10227344930171967,0.10760007257638851
2024-07-25,0.12960630437343737,0.155022096259,0.13651760773600058,0.13739449756413732,0.13164395317786146,0.13340724171909005,0.1288015730057049,0.10750085860490799,0.11563244462013245,0.12727116806111924
2024-07-26,0.1382726810524937,0.147307550967,0.13568947313897525,0.13655055225061277,0.12771447226008714,0.12824133997146478,0.15706875448306806,0.11346232146024704,0.1148989349603653,0.13051797836068862
2024-07-29,0.19148512917260788,0.104119548825,0.11729113774504568,0.11778743471474455,0.11368671765518522,0.10861398642901202,0.12022813647189678,0.1072564348578453,0.1045793890953064,0.11277760528129085
2024-07-30,0.20319288044143183,0.121051332431,0.12773872249509494,0.12850335039667052,0.12259599618494595,0.11646850878015283,0.12022813647189678,0.1083216443657875,0.10618434846401215,0.11857724387979439
2024-07-31,0.2136378164580262,0.118853405675,0.12888380255370158,0.1289321571056626,0.12131566435664723,0.11236686428492612,0.11225093385470278,0.10897793620824814,0.11021457612514496,0.11756313349843335
2024-08-01,0.21521491113165186,0.150562340986,0.14150873963919527,0.14241482035949715,0.13398350058077813,0.13084711404561536,0.1288015730057049,0.11606278270483017,0.11029455810785294,0.12913044120621056
2024-08-02,0.20858211532394838,0.182502645275,0.15767544374327025,0.15831248505879225,0.15264156507911406,0.1566891922616436,0.1555452012089343,0.1278463900089264,0.1351563036441803,0.14912379728640873
2024-08-05,0.16762435318901467,0.313969715564,0.23064867974662048,0.2266906535688263,0.2336666210271408,0.2683334559886703,0.38301627229697505,0.1696559637784958,0.22634775936603546,0.24833705796753774
2024-08-06,0.14729422484124846,0.194312595893,0.18749621640625258,0.18788058709122385,0.177683098563432,0.2318758810882523,0.2425481303491583,0.16807977855205536,0.21434016525745392,0.20141483675826116
2024-08-07,0.12993794525501415,0.189459710321,0.19161051541272348,0.19285124618987995,0.18194173097809213,0.21311701940239863,0.21927785482169432,0.1678154468536377,0.19026212394237518,0.19383941965725732
2024-08-08,0.11187379781693162,0.161402370755,0.18075269709194,0.1782578309904259,0.16414172834830115,0.1685288324922957,0.18551201142945067,0.16140176355838776,0.1485859602689743,0.16959726059711078
2024-08-09,0.09725058281859995,0.138753089445,0.16720505837511507,0.16746888906653715,0.14881421433316613,0.14349985006458102,0.15737061296732527,0.15157251060009003,0.12090681493282318,0.1509768500485197
2024-08-12,0.07907175890709002,0.146745040927,0.155614257563936,0.15667932706111953,0.14163335093959933,0.13971567868309348,0.14402948966617918,0.1572447419166565,0.15913328528404236,0.15057859015923233
2024-08-13,0.07880702245088728,0.0758004575866,0.11540335652668854,0.11469267826444324,0.10712142079106836,0.11032532294174195,0.11185446656029904,0.13310185074806213,0.1406930685043335,0.11902745204809097
2024-08-14,0.07678988350019611,0.108795158727,0.12159473992941494,0.12241079560718411,0.11022331257146167,0.11044777173015728,0.11581956201529138,0.12482652068138123,0.12640860676765442,0.11881875847179214
2024-08-15,0.08794426163189416,0.0648853634491,0.09459034688958147,0.09427060586202349,0.08811204464337723,0.09268895752219299,0.08985436046037294,0.10780398547649384,0.11990117281675339,0.09817449623868504
2024-08-16,0.10572624044329283,0.0629449436677,0.08686632776459274,0.08673023092591073,0.08240228911849032,0.08909928939369519,0.07802469414851029,0.09636376798152924,0.11101120710372925,0.09007111520520826
2024-08-19,0.10597323087638241,0.0742121487844,0.08502697131883945,0.08468479613680986,0.08132842345999618,0.08893457977675036,0.077850271625411,0.09089873731136322,0.09889665246009827,0.08680291886989547
2024-08-20,0.10475235852853572,0.0744091931478,0.08508406576760097,0.08550262970738864,0.08266850169794335,0.0924881218761794,0.08768468631453746,0.08830040693283081,0.09089414775371552,0.08751750857859945
2024-08-21,0.10619105457208197,0.101326618736,0.09554587831945269,0.0962224342873638,0.09152177493036431,0.1013509794579617,0.09104687473606944,0.09252166748046875,0.09493502974510193,0.0947349484223975
2024-08-22,0.10452494596155662,0.115748197048,0.10610384738548348,0.10683689945734261,0.1005697031402693,0.10933699239195399,0.11633343490998185,0.09910954535007477,0.10363318026065826,0.10598908612796633
2024-08-23,0.09263305577425895,0.145537932357,0.12589369446856954,0.1264284268178713,0.11303552397577322,0.11137646789815797,0.10709624876179454,0.11087474226951599,0.10615849494934082,0.11440908559157477
2024-08-26,0.10079448258119851,0.0759531549557,0.09746321779363684,0.0979925103880775,0.09136475928939149,0.09504220402974146,0.08149806259778698,0.10273867845535278,0.10389778017997742,0.09571388753342348
2024-08-27,0.10756659556469383,0.0651949599238,0.09235740817040154,0.09211685643569323,0.08736832968867471,0.09073098065713803,0.07984244865459414,0.09588950872421265,0.09035757184028625,0.08980901488157152
2024-08-28,0.1115753811180589,0.108556441235,0.11094064827384106,0.11161048752367354,0.10353089713879567,0.10720133045150036,0.10386784158678486,0.10132956504821777,0.09890694916248322,0.10534110274075663
2024-08-29,0.12167016736739739,0.107899334593,0.1099782488372699,0.11073498221851845,0.1017177797857166,0.10287179587852566,0.09537065795553795,0.1038888692855835,0.09970514476299286,0.10346678267487786
2024-08-30,0.12233610710221349,0.0972542195683,0.10119125464861167,0.10129538599493809,0.09379711907743563,0.0938470011805465,0.08293321697694855,0.10193301737308502,0.09254211187362671,0.09536272958931316
2024-09-03,0.12141913665615915,0.116885008583,0.11314557241719739,0.11380428891673691,0.10954364776777008,0.11829425921864271,0.12095265397907766,0.10573706030845642,0.11301877349615097,0.11349946515771889
2024-09-04,0.12689492421517518,0.106327826143,0.11273383418550799,0.11327052807442667,0.11007012119383179,0.11844326122829205,0.1288117288358982,0.10632660984992981,0.1224515289068222,0.11601537318210124
2024-09-05,0.12474264364653176,0.127188705808,0.12350071002389676,0.12401088385261269,0.11878849632903377,0.12368647658967304,0.11895903430331642,0.11102940142154694,0.12951135635375977,0.1213551941248342
2024-09-06,0.10988850224400118,0.153019888196,0.13842107505395185,0.13917903496434414,0.13415768564423605,0.138948262649585,0.1443746772365376,0.12004397809505463,0.13961544632911682,0.13639145142468945
2024-09-09,0.10696142878091265,0.101345205079,0.1176328356942877,0.1179761102978176,0.11552466096932172,0.12075331723634695,0.12173520892086617,0.1140424907207489,0.13214993476867676,0.11997350837258083
2024-09-10,0.10430086988301147,0.112002336843,0.12170456932121235,0.12246595620579376,0.11823350252065248,0.1217030103811972,0.1182920710612801,0.11299653351306915,0.12567508220672607,0.12015296074427587
2024-09-11,0.11642952138182382,0.134551781254,0.13322677611560205,0.13221385906501154,0.12478889465015561,0.12165539168085818,0.12041649542534466,0.12176455557346344,0.11008463054895401,0.12345008615134136
2024-09-12,0.11257234692740277,0.116055993584,0.12460257640274111,0.12455591222752051,0.1165917447013206,0.11161568445030336,0.11142330405597455,0.11795447766780853,0.1106259897351265,0.11676709846297073
2024-09-13,0.11227115581456143,0.0773877580177,0.1017482763321809,0.10186262046875948,0.0987210012309332,0.09840216185062509,0.09240816651318143,0.10184572637081146,0.10538417845964432,0.10005316160373369
2024-09-16,0.10936529355752679,0.084244716152,0.10311135569426634,0.10319824072442386,0.1007662349344911,0.10202518548688716,0.09640016651442918,0.0976010113954544,0.10466502606868744,0.10110960297409134
2024-09-17,0.10418675443943194,0.0986617682585,0.10783961249280387,0.10853591544670124,0.10468996554034667,0.10632513098126048,0.09640016651442918,0.10115726292133331,0.0966070145368576,0.10307929549053318
2024-09-18,0.0711441030162507,0.177454196323,0.14420472163002568,0.1442606457658076,0.13279890257300161,0.12866367843065873,0.12980060152721334,0.12984691560268402,0.11135110259056091,0.13156093830285026
2024-09-19,0.06504714469136867,0.0951445892549,0.10808729192462896,0.10809019672918611,0.1018199179401986,0.09920925616442938,0.09055975850060267,0.11362121999263763,0.10763302445411682,0.10414580938654287
2024-09-20,0.062222391530646355,0.0751682164679,0.09958620581980294,0.09994687418120463,0.09483902667462932,0.09236832904416772,0.08748708565984743,0.10025127977132797,0.09766532480716705,0.09602058942259242
2024-09-23,0.06719865346380931,0.0622651365892,0.09232923292692546,0.09218606576607777,0.08930491738824053,0.08810423948114246,0.08411154735354623,0.09091360867023468,0.0888395830988884,0.08939845638357935
2024-09-24,0.08365320944682572,0.0648437070531,0.09046631743482954,0.09051225322675727,0.08777487019745672,0.08602562561943891,0.08372790388030414,0.0882476344704628,0.08737741410732269,0.08773314556236744
2024-09-25,0.09412860836177325,0.0502295705697,0.07316769152614806,0.07334964227141208,0.07617761623784426,0.08113455121341982,0.07849939295911909,0.0801602154970169,0.09234469383955002,0.07926197193493004
2024-09-26,0.10491964655691675,0.0700052216414,0.07914148075637042,0.07959707731827581,0.08154599835128959,0.0877498502271236,0.07964927347363478,0.08325530588626862,0.0926952064037323,0.08337631320238502
2024-09-27,0.113076522807276,0.0620704087585,0.07467568505587865,0.07501325659629399,0.07960407854917159,0.08977859000066052,0.0824258093404912,0.08218073844909668,0.08824941515922546,0.08170393902154545
2024-09-30,0.11202623769605123,0.0842443608335,0.0859080677656315,0.0856082271054833,0.08837546987627899,0.09710244986538744,0.08782184706628689,0.08916491270065308,0.08859804272651672,0.08893985958660543
2024-10-01,0.09986457069061885,0.128901933505,0.11016897998393135,0.11067632992568549,0.10996831555378336,0.11893213761386498,0.11367416404082013,0.10722924023866653,0.09855741262435913,0.10988665428301585
2024-10-02,0.09135005138246836,0.108787347915,0.10704099334172282,0.10667157412953464,0.1066738108693453,0.11413255979381096,0.11695538405190826,0.10894434154033661,0.10429011285305023,0.10924411093995841
2024-10-03,0.0780865863588999,0.125061655453,0.11872568771240438,0.11941646811504987,0.1168665213294467,0.12327980384516943,0.12121915097775283,0.11505170166492462,0.10915125906467438,0.11767294181563173
2024-10-04,0.06509512426200668,0.112887441845,0.11821241994330611,0.11883074173607633,0.11339366749878149,0.11422586874093577,0.1196391080158254,0.11412672698497772,0.10749100893735886,0.11513136312246595
2024-10-07,0.06041864376437534,0.0769090498121,0.10270260474709186,0.10331473920523696,0.10674033544136927,0.1192337334829593,0.1265283629335212,0.10136417299509048,0.1103200763463974,0.11002914645023806
2024-10-08,0.06349621454879222,0.0610817582907,0.09022167799855885,0.08969134409883359,0.09547288126243253,0.10875933508402222,0.10660599015991741,0.08935172110795975,0.09988930821418762,0.09714175113227312
2024-10-09,0.06299170004149952,0.0607798001663,0.08586900848462434,0.08535334082861129,0.09174257925029239,0.10592885620384948,0.10266322828135022,0.08391833305358887,0.10084571689367294,0.09376015185656994
2024-10-10,0.06558711501264994,0.0663613823892,0.08294320066854377,0.08309168651438403,0.09035257654379776,0.10651060876108837,0.1004181969635769,0.08277446031570435,0.10202656686306,0.0925881852328793
2024-10-11,0.064717800431592,0.0586760231587,0.07504017570985101,0.07374198784020339,0.08458383137624619,0.10306687277863365,0.10000412014729897,0.07883618772029877,0.0993741899728775,0.08780676650648707
2024-10-14,0.06660992675334759,0.0545911027658,0.07146214890908502,0.07102276613358463,0.08216748679927867,0.10262942460858997,0.09563829774398981,0.0758109837770462,0.10728128254413605,0.08657319864510148
2024-10-15,0.062255811033211754,0.0750850513376,0.08121129834176377,0.08170705392129043,0.09058549073098486,0.10987524860624777,0.10217356173451281,0.08038036525249481,0.10773991048336029,0.09338184701009353
2024-10-16,0.06889085380869372,0.05809568976,0.07398274678525596,0.07349594358419509,0.0840914926841399,0.10299207520640388,0.10000412014729897,0.07826732099056244,0.11020912230014801,0.08900611738542918
2024-10-17,0.06951863403654426,0.077925669586,0.0832728538508758,0.08377758547175729,0.09044643770856417,0.10609467259364798,0.1031812801051453,0.08259738981723785,0.11112730205059052,0.09435678879968842
2024-10-18,0.07737515599349555,0.0536329738017,0.0729917843651579,0.07285575470636743,0.08217768711595695,0.09783124509913015,0.09778142890574756,0.07787957787513733,0.10874108970165253,0.08717979539559284
2024-10-21,0.07690341358540237,0.0649817801241,0.07868144204202832,0.07902346209898156,0.08747336178233173,0.10327652315201927,0.1004181969635769,0.07857267558574677,0.10368727147579193,0.09016184758578236
2024-10-22,0.08082795606209729,0.0532192001157,0.07188933009427835,0.07175713788982993,0.08263520724227645,0.10070374351119676,0.09563829774398981,0.07535727322101593,0.0965927243232727,0.08493910200369428
2024-10-23,0.07799214133530076,0.0878972572049,0.08887805388618342,0.08945732455698842,0.09757092136935036,0.11482422153728403,0.10479653712546005,0.08329026401042938,0.09706766903400421,0.09655499878852855
2024-10-24,0.08707239248859865,0.0806651329851,0.0860983652926383,0.08623602712102527,0.09477740187816158,0.11141728230660404,0.10391482924494336,0.08498847484588623,0.10047285258769989,0.0954150333252798
2024-10-25,0.09052828263493133,0.0929885332305,0.09465236340347569,0.0951588901085337,0.10197117087036875,0.11750053461406597,0.10616663599536051,0.08956113457679749,0.10644388198852539,0.10163637307958963
2024-10-28,0.09482632964684572,0.062118701117,0.08162395381044629,0.08187489381122992,0.09146369191282207,0.10913284896643052,0.1004181969635769,0.08337946236133575,0.10486526787281036,0.09325118795695027
2024-10-29,0.09540564320008252,0.0769896133345,0.08988764894830907,0.0896071765912056,0.09752030781968013,0.11302065307091826,0.1031812801051453,0.08483199775218964,0.10854130983352661,0.09808433916013923
2024-10-30,0.09804488532490295,0.0739865255881,0.08741530003828844,0.08754884741343968,0.09662981986629533,0.1141441750889158,0.10437586991044583,0.08428958058357239,0.10883903503417969,0.09760608970501959
2024-10-31,0.08680757238960074,0.118325824728,0.10917900086265658,0.10959173425236382,0.11749060392311278,0.13454264919354522,0.14713247706576085,0.09602111577987671,0.11619743704795837,0.11859357401789632
2024-11-01,0.07509497480569348,0.108239130762,0.10637004826514561,0.10682510841296619,0.1136548660115343,0.12899952934858114,0.13159642586360165,0.09860765933990479,0.11821973323822021,0.11489619578285055
2024-11-04,0.06804724233445099,0.0885553342028,0.1006571087266896,0.10049269020514516,0.10926444848670167,0.12557629587446018,0.11774303572524394,0.0946003645658493,0.12008263170719147,0.10977379647018304
2024-11-05,0.06551549269304947,0.0804886349869,0.09769078661343177,0.09684505089379561,0.1041396644232129,0.11729266072594495,0.10344505160658707,0.09023281931877136,0.1157151609659195,0.1036230277925233
2024-11-06,0.06261468429518094,0.0895925213863,0.1028376130660651,0.10331717938926754,0.10153894615239376,0.10069376217010591,0.08976291074725436,0.09099367260932922,0.10996897518634796,0.09987329418868054
2024-11-07,0.07382584780141208,0.0601230091283,0.08541218163969018,0.0847286603486724,0.08748359063043519,0.0892216726922702,0.08539006155382729,0.08249485492706299,0.12737222015857697,0.09172903456436218
2024-11-08,0.0805397866177323,0.0472674572253,0.07443615450308098,0.07398701731898176,0.07892234465789755,0.08204532954173803,0.07923635499383984,0.07093361765146255,0.11323560029268265,0.08182805985138333
2024-11-11,0.0841504622741271,0.052895245127,0.07359737701375502,0.07373047174751751,0.07884620253614531,0.08317260940824599,0.0753475862340378,0.06843217462301254,0.10699092596769333,0.08001676393291536
2024-11-12,0.0842286011101332,0.0691930872955,0.07932187564489623,0.07975512274515945,0.08330125113452447,0.08724840450483504,0.07484761676179286,0.0715818703174591,0.08922967314720154,0.08075511632226695
2024-11-13,0.09141018682036577,0.0785392540148,0.08216129913652981,0.0826047998159349,0.08489260249785985,0.08690347886757853,0.08406843104791975,0.07545942068099976,0.08842211961746216,0.08350173595204068
2024-11-14,0.10178126313751826,0.106127573221,0.09766523202521749,0.09827250112560433,0.09635106859633888,0.09435404788953623,0.09288297565744892,0.08511418104171753,0.08996932953596115,0.09351561941026064
2024-11-15,0.10283647036485223,0.0861174757916,0.09280059645516583,0.09323294897457296,0.09419744381474036,0.09550238944930692,0.08637279915375966,0.08552898466587067,0.08850212395191193,0.09087675520933261
2024-11-18,0.1037019714774851,0.0759679032201,0.09066491011257674,0.09021502900794043,0.09182088096062749,0.09241818989148844,0.08056386240318009,0.08345276117324829,0.09153887629508972,0.08866778712059302
2024-11-19,0.10223853609545636,0.0696668360814,0.08806549051082987,0.0873083417661668,0.09011033815391639,0.09234480401940848,0.07079848305437336,0.08088923245668411,0.09248298406600952,0.08599995343248408
2024-11-20,0.09286122112520044,0.111692611524,0.10837367473415005,0.10885451324213882,0.1066508325375912,0.106742572348895,0.10225745289992316,0.09069421887397766,0.09653307497501373,0.10287233423024136
2024-11-21,0.06817610854034303,0.145880355615,0.1259390506183241,0.12667767610190034,0.11865006133986415,0.11365081316440113,0.1115423349616969,0.10453993082046509,0.09532472491264343,0.11376065598847074
2024-11-22,0.057499701397075824,0.0921726108607,0.1042084490127411,0.10436939736010467,0.09987530619194787,0.09504416570238806,0.08613854589534467,0.09730642288923264,0.09392531216144562,0.09726679988760066
2024-11-25,0.04817200627962305,0.0816389525639,0.1003481183433208,0.1009134800895545,0.09598172424997736,0.08915183717271696,0.08762115470453828,0.0909515917301178,0.08613467216491699,0.0930146540650204
2024-11-26,0.044264501596751264,0.0578495023549,0.08949141428148422,0.0895651416839266,0.08713184430926249,0.08041693089469251,0.0772790646461958,0.08180370926856995,0.07891511917114258,0.08351474632218202
2024-11-27,0.04224573662584895,0.0576860476948,0.08459036379014466,0.08486460393181498,0.08366939420987327,0.07915631159232378,0.07605621919729204,0.07674810290336609,0.07845620810985565,0.08050588624781008
2024-11-29,0.043798990755168715,0.0374827305379,0.06657037046190914,0.06605610680703147,0.0704300858316306,0.07155780089293118,0.06734525240340629,0.06785666942596436,0.07592714577913284,0.06939191880028654
2024-12-02,0.04511709509419314,0.0422724451399,0.06414134986970627,0.06429779269292163,0.06905333745053868,0.07069973219052639,0.06309500598836157,0.06462743133306503,0.07049062103033066,0.06662932436506432
2024-12-03,0.046881596502634876,0.0416719476024,0.060451347012711286,0.06057920486749355,0.06656599324566738,0.06878947992266525,0.06904015646830589,0.06272288411855698,0.06841123104095459,0.06522289952519356
2024-12-04,0.04634543780514647,0.0392502800721,0.05790770517962968,0.057664865017343844,0.06487677363438167,0.06735189802530771,0.06882119841495167,0.061323076486587524,0.06969987601041794,0.06394934182408858
2024-12-05,0.04724910332155584,0.0495425161442,0.06151668769259702,0.06180009524168306,0.06796767476065584,0.06995865268635038,0.06982997847431288,0.06334531307220459,0.07306279242038727,0.0667830277640273
2024-12-06,0.052428054092404336,0.0455324250302,0.06064054014432603,0.060829725827478885,0.06708926992696035,0.06758099418209931,0.06941235258025008,0.06380541622638702,0.07059027254581451,0.06570693877618802
2024-12-09,0.051416081901335994,0.0487130681742,0.0626121536896804,0.06288662624271885,0.07002788493505653,0.07332114339283594,0.06280068745908268,0.0647854283452034,0.07113514095544815,0.06679558071714657
2024-12-10,0.05323563084932732,0.0504798011235,0.06385261988895771,0.06401016285886167,0.07092308746089572,0.073904598894205,0.07599874527227365,0.06715049594640732,0.06029779464006424,0.06801964356595218
2024-12-11,0.11280883371771214,0.0359257854377,0.05751955617900214,0.05724396040611302,0.06533871854001898,0.066666505599721,0.07459563722852267,0.0649426206946373,0.06117235869169235,0.06392562247710107
2024-12-12,0.13098018583306603,0.0536409517308,0.06525499362338053,0.06543318037824118,0.07174472558594222,0.07315761481545464,0.0764039645056667,0.06685697287321091,0.06555771827697754,0.06920131000841054
2024-12-13,0.1489339391433556,0.0682225562792,0.07334523159907871,0.0736923141850051,0.07776257921729984,0.07647563007262298,0.07689716567948854,0.07139524072408676,0.06962886452674866,0.07417100371490437
2024-12-16,0.15364482571057972,0.0429828584646,0.0623925245915444,0.062141636571371804,0.07020176767449436,0.07304284041545286,0.07700626866673982,0.06796902418136597,0.06991378962993622,0.06895255024727222
2024-12-17,0.1536219160350778,0.0591633745713,0.06997884879845337,0.06977317320845504,0.07712030728144312,0.07985344115707235,0.07823316718811177,0.06957631558179855,0.06998851895332336,0.07350339602409393
2024-12-18,0.12226956854537997,0.225276862823,0.15573000442586216,0.15537835151460738,0.15124655667458253,0.15021699589316978,0.13915703946066746,0.11023353785276413,0.09515891224145889,0.13673162829473035
2024-12-19,0.11663690457165472,0.15819997561,0.13699027147697443,0.13790790382913487,0.1355915140805441,0.1343441088957953,0.13250847856498352,0.117772676050663,0.09964199364185333,0.12782242093427837
2024-12-20,0.10317942115406159,0.172574224393,0.1520906014407804,0.14963178362683496,0.14057475985054171,0.12814638583527824,0.12462133718379662,0.1265280395746231,0.10226606577634811,0.13197985332688617
2024-12-23,0.11329206156637989,0.0947343512998,0.12433761474833217,0.12473691879391569,0.11668805310966437,0.10429693284928127,0.09592889470808098,0.11315905302762985,0.09452353417873383,0.1105244287736626
2024-12-24,0.13972426019054648,0.0588651678325,0.10953302352489731,0.10873989118994426,0.10202012872860375,0.08448973745050645,0.0872932129225755,0.09752288460731506,0.08211477100849152,0.09595909277604771
2024-12-26,0.14092983267346687,0.0866050602064,0.10873519142028515,0.10899427927261428,0.1032027368577342,0.09121382605908451,0.09222024397278161,0.09274282306432724,0.07226791977882385,0.09562528863223584
2024-12-27,0.13224428026158536,0.13527317865,0.12685398831776695,0.12767386881589385,0.11921931815531363,0.10931046032422763,0.1061631907890075,0.1011408343911171,0.06671317666769028,0.1081535482087167
2024-12-30,0.13657120267362813,0.122437698986,0.11693772554854827,0.1175871173712362,0.1137638745752071,0.1119367602844094,0.10803876757647236,0.10157176107168198,0.0670783743262291,0.10527348296482635
2024-12-31,0.1384240026457097,0.141138544124,0.1287105652973652,0.12954244709338195,0.12209057176574112,0.11796701417998733,0.11562036950079466,0.1072501465678215,0.07446295768022537,0.11366343886933103
2025-01-02,0.1306275662751544,0.192104128907,0.16152224102020546,0.16274253243962855,0.1472315998802668,0.1372086849577105,0.12655133828862442,0.1253415197134018,0.08033135533332825,0.13441846737616653
2025-01-03,0.13617943589041076,0.0958758609413,0.12221398927974303,0.12223787336044102,0.11371107965963718,0.10532952774482052,0.09592889470808098,0.11273256689310074,0.07940138876438141,0.10736504577288641
2025-01-06,0.14458476873025516,0.0802215213315,0.1107312539133179,0.11105499854918068,0.10503165020221797,0.10129171531936611,0.09519198611312542,0.10157326608896255,0.07950728386640549,0.10062602200751088
2025-01-07,0.13525355103794445,0.144245307799,0.13913673740959687,0.13998978487585148,0.12911386815599896,0.12399564601363858,0.12530368317887058,0.11169416457414627,0.08725938200950623,0.12235618088822986
2025-01-08,0.12473469886113525,0.149892108469,0.14209548654097448,0.14275441738961808,0.13033486086367954,0.12371007494146107,0.12019126936919645,0.11871971935033798,0.09494557231664658,0.12467877153884488
2025-01-10,0.10546266636348624,0.162529317834,0.14452116454376757,0.14550857313313958,0.13475177954846218,0.13274429355315767,0.13031923395695205,0.12476194649934769,0.1007477343082428,0.1304792465061528
2025-01-13,0.09573521747861072,0.128835434386,0.13345401386299202,0.1325899887871954,0.12526402348268373,0.12489257198220974,0.1234712568573919,0.1281535029411316,0.10524091124534607,0.12472375273699292
2025-01-14,0.07655210186518724,0.135037311257,0.14077158015375263,0.14159708891838232,0.12994452305541793,0.127548337827691,0.1234712568573919,0.12886479496955872,0.10447876155376434,0.12809662047656556
2025-01-15,0.0691606054649425,0.0880371933896,0.11629076326892873,0.11635504884789244,0.10671499371420182,0.10357679277086208,0.10077025783772543,0.11519447714090347,0.10451465845108032,0.10905957029022775
2025-01-16,0.060165169861523655,0.0937750198041,0.1135579570823698,0.11399406190771844,0.10483421543556146,0.1041543384844112,0.10077025783772543,0.11016722768545151,0.10429219901561737,0.10739575106412218
2025-01-17,0.07671614035995238,0.065068607164,0.09301175829603897,0.09292037624288768,0.08927997393021767,0.09368248111367915,0.0860215280287982,0.0991598442196846,0.10457280278205872,0.09409268065905214
2025-01-21,0.07912247538097979,0.0825400417946,0.09599193562796808,0.09632987444211974,0.0906070449350731,0.09410796907879168,0.09170773464488927,0.09897145628929138,0.10400950908660889,0.09596078915782029
2025-01-22,0.09666679569431358,0.041352600922,0.07066924294441489,0.07082265140425045,0.07140107020086489,0.08031591111072608,0.08389575209885966,0.08702806383371353,0.10303570330142975,0.08102405641346562
2025-01-23,0.11238389866468279,0.0486350970124,0.07044493701483469,0.06907936788467652,0.07202389631975335,0.08036353609177892,0.08282559276271402,0.08358138054609299,0.09883491694927216,0.07959337536701752
2025-01-24,0.12231016641487139,0.0545623122696,0.06955308692490784,0.06986675763721306,0.07206435876224145,0.08084883779323411,0.08282559276271402,0.08334015309810638,0.09908957779407501,0.07965548068178455
2025-01-27,0.13409762178151294,0.124745806641,0.10388484896625261,0.10378189659435097,0.10264447248318104,0.11130607341786827,0.11019743638541281,0.10266152769327164,0.10372351855039597,0.10545711058439046
2025-01-28,0.13223343431019258,0.0932086803516,0.09185509973380787,0.09054981684689586,0.09107796575870118,0.09853206541289947,0.08749643736574635,0.10300312936306,0.09784924983978271,0.0943376806172705
2025-01-29,0.12312223433175541,0.130883742306,0.11526542749793994,0.11573729938964489,0.10883880119415285,0.11157268293523086,0.10125182714451099,0.11454910784959793,0.11743748188018799,0.11209323255589507
2025-01-30,0.11176343960123565,0.13709022251,0.1256569080096304,0.12642736592790868,0.11511696900992671,0.1120725757002359,0.109770615502244,0.12281761318445206,0.11554980278015137,0.11820169287350701
2025-01-31,0.12263163843149619,0.12093480296,0.12497334286360669,0.12537624698489344,0.11511693377327234,0.11174324575243172,0.109770615502244,0.12294866889715195,0.11386683583259583,0.11768512708659942
2025-02-03,0.09660842700918852,0.175138496824,0.15171851794962937,0.1474916562822048,0.13784355514451602,0.13335153487828175,0.12595811033521317,0.1381606161594391,0.11980575323104858,0.13633282056861898
2025-02-04,0.09307246862176433,0.0787743803717,0.11084785418957527,0.11061000358844933,0.10420747694360358,0.10339454538022488,0.11515433845842415,0.11767875403165817,0.12476345896720886,0.11237949022273488
2025-02-05,0.0970513776823222,0.0741456080079,0.10406377156791609,0.10386190288758029,0.09866012540487946,0.09713230244040894,0.09667720341566301,0.10532397031784058,0.1218702495098114,0.10394136079201424
2025-02-06,0.09735745118455283,0.0738487530769,0.0983151647807362,0.09875821308848927,0.09400016588037101,0.09322504167199916,0.08979274701930035,0.09880626946687698,0.1148710548877716,0.09825266525650636
2025-02-07,0.06705968031367442,0.165416106022,0.13986213728702135,0.1403786520420375,0.12672129259126794,0.12035013530576415,0.11536098042447906,0.12218084186315536,0.11001774668693542,0.12498168374295153
2025-02-10,0.07080851855623668,0.0463340068812,0.07945299885389552,0.07916426814234853,0.08014569321251397,0.08466382021255012,0.08444512084657563,0.09765727072954178,0.10123246908187866,0.0866802344399006
2025-02-11,0.07104636964846181,0.0534030358101,0.08025876769867177,0.07981287472468188,0.08136384940894244,0.08621811228043884,0.08494410624928679,0.08797725290060043,0.08633282780647278,0.08384397015272785
2025-02-12,0.06666657295448712,0.0963327496769,0.10000111018129157,0.09953528800318281,0.09729610373143203,0.09854031670683133,0.09096355572810358,0.0938338041305542,0.09039165079593658,0.09579454703961887
2025-02-13,0.06994738432932711,0.0758363717921,0.09181024347210949,0.09137333472723165,0.08977313519068747,0.08927005736377581,0.08774469158596052,0.0914718434214592,0.08735557645559311,0.0898284117452596
2025-02-14,0.08529937626922116,0.0495492204234,0.07082365239559492,0.07103130017577355,0.0744334261638864,0.07883964589524636,0.0827046009097788,0.08597145974636078,0.08941656351089478,0.0790315212567908
2025-02-18,0.10412630666179268,0.0687827600163,0.08077705153805602,0.08059994271662622,0.08232410103488372,0.08496269380301685,0.08324861696623875,0.0834706500172615,0.0845085084438324,0.08284165207427363
2025-02-19,0.11294531879493656,0.05495985748,0.0752771442210144,0.07451658997884587,0.07814664232932561,0.0813837911116232,0.0827046009097788,0.08092200756072998,0.08334802091121674,0.07947125671750495
2025-02-20,0.13230833884116425,0.0791468584761,0.08370262099302547,0.08412418037150735,0.08493842410671715,0.0880176993326579,0.08465023797733924,0.08055756241083145,0.08579902350902557,0.08454139267158631
2025-02-21,0.15336975248411613,0.0893989843996,0.08912268234544513,0.08913124482296345,0.09278957028753203,0.10113652350390975,0.09314239954745691,0.08130234479904175,0.0953642874956131,0.09171272182885172
2025-02-24,0.16775549719985408,0.119882694045,0.10780960858681954,0.10844942609592088,0.10818384987367405,0.1149879670456721,0.1135218676805145,0.08512182533740997,0.1030489057302475,0.1058747786214655
2025-02-25,0.1800002575968977,0.150208484484,0.1273793250124379,0.12819020119639105,0.12317598898573216,0.12633161724437403,0.11609889828410984,0.0920308455824852,0.10109199583530426,0.11632841030583349
2025-02-26,0.19662157036212075,0.112215740552,0.11670381159179605,0.1172062017812615,0.11428596002517881,0.11855783262629647,0.12019617869189154,0.09565036743879318,0.10386675596237183,0.11235244401679849
2025-02-27,0.20417570434803062,0.173229566335,0.15013457819303494,0.15101974255707967,0.14300241684858178,0.14308276208022686,0.13062403675208384,0.1041882112622261,0.11071360111236572,0.13325219268651414
2025-02-28,0.21532749633209597,0.195130983348,0.16838728505686906,0.16745692902623177,0.15195247571357354,0.14228674345834705,0.1254631979999994,0.11416555196046829,0.1148245632648468,0.14064810664004798
2025-03-03,0.21746190161312395,0.193571665412,0.17418481573117348,0.17488356640361125,0.1621766401303516,0.15714608223584242,0.13848098943333714,0.12305127829313278,0.12165696918964386,0.15022576305958465
2025-03-04,0.23049113900785342,0.209412316452,0.18585605973832564,0.18700822911200066,0.17227932178888627,0.16557782290789635,0.1457655634888061,0.13200010359287262,0.12613289058208466,0.1592314273158389
2025-03-05,0.22411067796210515,0.209504459168,0.19438797551405412,0.1942319649514359,0.1751906018342264,0.1635197101793872,0.1528087112775326,0.14059555530548096,0.1388847529888153,0.1656598960072761
2025-03-06,0.2186033157345826,0.212477914675,0.19903810098960925,0.20018550604068933,0.1852218957819673,0.17702157116195794,0.17286221916746453,0.14793524146080017,0.14731568098068237,0.17565431651188157
2025-03-07,0.1967095547237242,0.247925720359,0.21807168139198707,0.21845589224506884,0.19444604097741477,0.17913160174745751,0.14726851489250356,0.15738341212272644,0.1464025378227234,0.1801656687428402
2025-03-10,0.18256129250061026,0.205155379001,0.20125657064430127,0.20238701083292518,0.19086184724725763,0.1852257864875021,0.25981651987737375,0.16163980960845947,0.1466493010520935,0.19254812082141612
2025-03-11,0.1487575862829104,0.270251643513,0.23318585969998273,0.23406049384261973,0.2144224610759527,0.20285197276185327,0.2749078018226652,0.17119307816028595,0.1493189036846161,0.21142008157828227
2025-03-12,0.14323425331745562,0.171432997082,0.18905160269906723,0.19006799514059197,0.17457192134719618,0.16803934391217168,0.1867988738947375,0.17020542919635773,0.1642814725637436,0.17757380553626656
2025-03-13,0.13384549881559504,0.181537689178,0.1902578398180122,0.19133467512093494,0.17725313083863253,0.17286893560791056,0.19998050953008023,0.16971677541732788,0.16671673953533173,0.18116122940974713
2025-03-14,0.13308402156704016,0.126504383967,0.156774760366986,0.15582791164178125,0.14488997765125322,0.14493015252127106,0.1602020846475959,0.15108513832092285,0.12407654523849487,0.14825522434118646
2025-03-17,0.1261650721307282,0.123525756555,0.14826754937360756,0.14860683986565704,0.13641851339210642,0.1381036915384053,0.1374253985529436,0.1375097632408142,0.11029989272356033,0.13666166409815636
2025-03-18,0.11514087084366668,0.130525555382,0.13872649450476482,0.13960362482053962,0.1322619251199595,0.14189177825095928,0.1445583225315751,0.13100236654281616,0.11132511496543884,0.13419566096229332
2025-03-19,0.1044635200925315,0.146032296846,0.14276589352419108,0.14131009593202634,0.13148221125595655,0.13790277942705914,0.13691034819882544,0.13374575972557068,0.11260822415351868,0.13381790174530686
2025-03-20,0.10270616963071465,0.141240092541,0.13708149892738092,0.1377487309643215,0.12662877218625618,0.13487335277936546,0.13170788318652754,0.13406158983707428,0.09893247485160828,0.12871918610464772
2025-03-21,0.10304121483432234,0.122421629539,0.12877186796326126,0.12802111832154334,0.11884278883983179,0.1275461339241096,0.1277160576459488,0.1301112174987793,0.09384457767009735,0.1221219659805102
2025-03-24,0.1284468467770681,0.0793092408166,0.10691854055329297,0.10683848210754716,0.09910883167283871,0.10929265303059309,0.10714149194117382,0.1161649227142334,0.08425749093294144,0.10424605899323151
2025-03-25,0.1429822072666059,0.0611219614554,0.09325956540295008,0.0934080814712179,0.08813842060573313,0.10072768679797352,0.10459148182640235,0.10498405992984772,0.08072584867477417,0.09511930638698554
2025-03-26,0.154670394425242,0.0979870714915,0.10438969898252998,0.10504155898453602,0.0997403989504611,0.11444516777829974,0.1024954976047451,0.1100408285856247,0.08939185738563538,0.103649286895976
2025-03-27,0.16204435714332027,0.134641802541,0.11908747308272366,0.1196761249049697,0.11187146518685603,0.1254802595207478,0.12138527697717627,0.12296049296855927,0.10151450335979462,0.11742508514297534
2025-03-28,0.2527291588070354,0.123821358217,0.11468807614635251,0.11526323960437243,0.11382177896397523,0.1337007977010304,0.13170227065466522,0.12596642971038818,0.11574706435203552,0.1215556653046885
2025-03-31,0.5142807588160604,0.188932416861,0.15145450950359973,0.14939231186800594,0.14131029855845728,0.15228634811439434,0.16345705243374858,0.14676381647586823,0.12768378853797913,0.1474783036417219
2025-04-01,0.5493306140948826,0.153174703889,0.14478852714090934,0.1447435706539636,0.13502315687934127,0.14386863449873996,0.14555161643573525,0.14821672439575195,0.1252431869506836,0.1410622024221607
2025-04-02,0.6318427418091233,0.164306307742,0.15533805023061736,0.15416788276236315,0.14212728894173285,0.14676709550813843,0.14555161643573525,0.1523563414812088,0.12678931653499603,0.1461567988421131
2025-04-03,0.6723652448464593,0.172643067753,0.16223261064792252,0.16329042892968065,0.16514309718141,0.17798169952169715,0.2642678547391574,0.15652930736541748,0.15819407999515533,0.17823415405434864
2025-04-04,0.655334706316402,0.450998890129,0.3065966259971922,0.30892324997711984,0.3129060163136461,0.30262338453610976,0.34183892911295344,0.24429580569267273,0.2655993700027466,0.2975404830903487
2025-04-07,0.480492317697932,1.01919517955,0.615103038425133,0.6087458698386712,0.5565502085435076,0.4778893833815949,0.3680144694592732,0.48644331097602844,0.3821238875389099,0.4992671668804455
2025-04-08,0.4410307202464073,0.458104369526,0.4082043430336903,0.410485801496246,0.4057679882695097,0.3527677687074266,0.4342092278458344,0.4678008258342743,0.399884432554245,0.41130291253446094
2025-04-09,0.3169879174387579,0.71714865735,0.5640238827331152,0.5356283257819716,0.45534637037418324,0.3558804250982382,0.35337588566280675,0.5681501030921936,0.3265940845012665,0.45128558246339645
2025-04-10,0.21897521610786916,0.542267912886,0.5234680617067838,0.525050280212529,0.45490617776621534,0.3618044909037055,0.3680144694592732,0.6086890697479248,0.32125428318977356,0.45188383328374365
2025-04-11,0.1836807232836781,0.300570745456,0.4093521728701105,0.4070913610730394,0.3536550499650887,0.28316269753808676,0.364142325376258,0.5908161401748657,0.2566392719745636,0.38069414556743036
2025-04-14,0.17580084689185976,0.214021644575,0.2906919574829091,0.2921753896361676,0.2465461660401773,0.20816720076780768,0.24262643653541052,0.5298830270767212,0.16317354142665863,0.2818948169951217
2025-04-15,0.18456779983489188,0.167438817335,0.24701784124786463,0.2482135592785707,0.2115822121765905,0.18733875534462446,0.22354569464214416,0.563200831413269,0.15001991391181946,0.26155982971641184
2025-04-16,0.1683546424848983,0.210162829121,0.22880551656299764,0.23012062629053198,0.21113224353062,0.21023338879281206,0.237706821843409,0.5539400577545166,0.18098968267440796,0.2647040482070422
2025-04-17,0.16253198042428474,0.177196265995,0.18589615272549048,0.18593721281674952,0.1751289604174348,0.18888001483204447,0.2264219734184631,0.5172480344772339,0.18024177849292755,0.23710773245433484
2025-04-21,0.16322520537760263,0.138870757205,0.15580763343665638,0.15674305854741705,0.16373764628809617,0.1955061806940529,0.34574355863723566,0.4983147382736206,0.1926952451467514,0.24407829443197573
2025-04-22,0.1550138415353651,0.177881737836,0.17131545768377116,0.17102807155979013,0.16813195498134356,0.1937320190098057,0.22940035805872286,0.5454757809638977,0.17401602864265442,0.23615709584285507
2025-04-23,0.14759251959380895,0.209361965004,0.18915834822978678,0.1904855156135309,0.17623789015202096,0.19307992729738457,0.215997195086893,0.5528349280357361,0.15992219746112823,0.23967371455378292
2025-04-24,0.1528568238423583,0.124733633378,0.14313927293457376,0.14140869613432303,0.13383491356757218,0.15894822978825832,0.19331070365918118,0.1928076446056366,0.1394711434841156,0.15756008631052293
2025-04-25,0.14663654000990886,0.147530714615,0.15153407931443635,0.15207972942000872,0.1366936043464893,0.1566530713233387,0.19358251691518774,0.17144791781902313,0.13333454728126526,0.15647506663139274
2025-04-28,0.13699147155919275,0.142878277762,0.14964338212241204,0.15049672021492239,0.135600914715647,0.1563759973895734,0.1865161165238755,0.17198863625526428,0.13821589946746826,0.15554823809845184
2025-04-29,0.14017113634829903,0.136293909037,0.1434338476898921,0.14326326508976522,0.12897812056363903,0.148971688621573,0.17515064727484886,0.1697671264410019,0.1368427574634552,0.14948677902059648
2025-04-30,0.14687019963517936,0.180565047151,0.16194645204058775,0.16084575995360822,0.1461604219763311,0.16506340049029936,0.1955344900805528,0.18000495433807373,0.147491917014122,0.16529248512765357
2025-05-01,0.14373746808164944,0.153188651902,0.15130024570691375,0.15235922655118578,0.13505537999971717,0.15304420862398824,0.18776330898591154,0.17718210816383362,0.14684410393238068,0.1576497974234187
2025-05-02,0.1418906912824305,0.111582449826,0.12915512385171773,0.12953217801736774,0.11333916277925743,0.1304670012718123,0.16095991132783452,0.16434542834758759,0.15509970486164093,0.14041407292245975
2025-05-05,0.14509187991335448,0.0820740173607,0.11081141886412763,0.11098867581175134,0.10133918808474887,0.1263657832023066,0.14903881736291463,0.15108829736709595,0.14414995908737183,0.12768316282575956
2025-05-06,0.13332090166708144,0.151599639072,0.14448155089951792,0.14510707953353907,0.13135607907798155,0.15176472281282868,0.17240284103251657,0.1646583527326584,0.15281815826892853,0.15179839776542442
2025-05-07,0.10495678830205733,0.205470865651,0.17163837740042304,0.17243667327682283,0.1524044870250864,0.16304969843594364,0.18110033456216307,0.18409079313278198,0.1703866720199585,0.1707295765504542
2025-05-08,0.09415967582090032,0.137531029297,0.13902175399718536,0.1393960689880699,0.1276431928878558,0.1396953867370117,0.17278906825980184,0.17120827734470367,0.14351335167884827,0.14760958569906807
2025-05-09,0.0884904995032868,0.0990615254256,0.12022561638685447,0.12088489907621668,0.11345652182585846,0.12808294526682507,0.16009692298916928,0.1545252948999405,0.12463420629501343,0.13170091524855398
2025-05-12,0.08215578635351109,0.106440457753,0.12573891471675458,0.12567010043532298,0.11245801580570397,0.11367161244483982,0.14594711009290168,0.14958877861499786,0.10923369228839874,0.12604403205698853
2025-05-13,0.08353802593903066,0.0812188191824,0.10882099340636353,0.10848419868310366,0.10109064317991555,0.10631782052988586,0.1355541828096574,0.13756579160690308,0.11443038284778595,0.11603771615194501
2025-05-14,0.10300504112028537,0.0917910648053,0.10744893006883666,0.10844759032491423,0.10173363857085818,0.10955048807409407,0.10621924184386544,0.14208801090717316,0.10353529453277588,0.11128902776035966
2025-05-15,0.1064696530170204,0.0903624353352,0.10371605161438821,0.10216490952988293,0.09870239066574377,0.10526696699789514,0.10129151726133752,0.13510359823703766,0.10386605560779572,0.10715878427344014
2025-05-16,0.11335506103078627,0.0680867503841,0.09125200141543993,0.08912041681200619,0.08931176358522744,0.09765807333184595,0.09679819990437176,0.12771546840667725,0.1032339334487915,0.09929855098633714
2025-05-19,0.1112294238421478,0.0769713887868,0.09337340834014189,0.0897244557546463,0.09336941585864009,0.1036524662454109,0.09864275837661372,0.12244287133216858,0.10773780941963196,0.10127759790389335
2025-05-20,0.11143267722910727,0.0879865860317,0.09873873271954062,0.09950473900763938,0.09766516619746925,0.10525720826025284,0.10129151726133752,0.1193886399269104,0.10917486995458603,0.10443155333253372
2025-05-21,0.10325840632260136,0.163042274181,0.13811506896368855,0.14109337077651501,0.13273079903486984,0.13777348475671097,0.12622803600364998,0.1246252954006195,0.12791955471038818,0.13264080137806317
2025-05-22,0.10692074959007611,0.108600701225,0.11360511181807004,0.11429724819458284,0.11294456049403022,0.12173985739593576,0.11551676944084144,0.12465700507164001,0.12698520720005035,0.11853510851645009
2025-05-23,0.10440427680625425,0.110470447707,0.11679387677603255,0.1164567883338514,0.11898762833189339,0.12961919079712758,0.14228387949809265,0.1256396472454071,0.13139086961746216,0.1258816972285524
2025-05-27,0.10431327633318435,0.0594783071934,0.09177903066446211,0.0873288108421652,0.09264795026614732,0.0994161257728173,0.09731049804778433,0.12182629108428955,0.11539742350578308,0.10081516145477842
2025-05-28,0.10017014461911572,0.0892632256446,0.10565678037867776,0.10745919690793454,0.10482687065393886,0.10944531296393067,0.10276551548580438,0.121357262134552,0.11158180236816406,0.10901324869900032
2025-05-29,0.10191597183480712,0.133446872497,0.12453102731038733,0.12709226557036682,0.11945627271100234,0.1194612176511902,0.11180299492331247,0.12392851710319519,0.11499622464179993,0.12018121713017918
2025-05-30,0.09344830032695212,0.125071393171,0.12157214108720098,0.12198272672560531,0.11731746377776325,0.11819743970243794,0.11252283728133548,0.12545989453792572,0.12043069303035736,0.11964045659180371
2025-06-02,0.08542557747994674,0.0976972437133,0.1078420778649825,0.10689691632112254,0.10624700711796461,0.10899341148534122,0.10276551548580438,0.1240464597940445,0.11555483937263489,0.11033517534884209
2025-06-03,0.08639238154555796,0.0586745434256,0.08935436008588463,0.08740528159897792,0.0909701303501586,0.09504906126189909,0.09675494443260799,0.11962446570396423,0.10796954482793808,0.09816111260877579
2025-06-04,0.09396431504173818,0.0610893994137,0.08870139623578158,0.08951870491469462,0.09111597759004832,0.0955553430382817,0.09563328869695147,0.11587142944335938,0.10448107123374939,0.09726817302183807
2025-06-05,0.07740914571952894,0.13990033949,0.12604849525215334,0.12867393372134409,0.12107594583397992,0.1194531953895832,0.11205874764155967,0.11943383514881134,0.11387321352958679,0.1200881952167169
2025-06-06,0.08197662004153565,0.085857154533,0.09831404228715174,0.09949964041572433,0.09750044179612832,0.09786273989999153,0.09647373199938779,0.11703403294086456,0.10512211918830872,0.10168667836107957
2025-06-09,0.08377125167988074,0.0486772400419,0.07768884780126742,0.07743646671375623,0.08354930151862498,0.0909487294202097,0.09256873935175328,0.11114786565303802,0.09527766704559326,0.08980251678632042
2025-06-10,0.08630103692152302,0.0653702803487,0.08573980932658393,0.08545929775100217,0.08939200561402982,0.09361937840652866,0.09019544973720499,0.1082192212343216,0.09125159680843353,0.09198239412544353
2025-06-11,0.08795783041595921,0.102762635629,0.10570690019960992,0.10751680449832302,0.10517375154652608,0.10558514482885041,0.10257896983603611,0.10969986021518707,0.0948009341955185,0.10443748076000729
2025-06-12,0.09512822112140772,0.0733929266906,0.08795128625471864,0.0850766647390472,0.0927224877734068,0.09925725611778088,0.09647239895162775,0.10717922449111938,0.09972129762172699,0.09548294513563252
2025-06-13,0.09660450771861777,0.104935232151,0.10361570813493598,0.103605141949693,0.10909463236602504,0.11788720699682133,0.10889720536159646,0.11146122962236404,0.11191430687904358,0.10949649018721133
2025-06-16,0.09533659882442545,0.0621027823129,0.0844897510616884,0.08352631844514387,0.09069453754053383,0.09881942413592866,0.09432273024184344,0.11040709167718887,0.10654166340827942,0.0955430737872295
2025-06-17,0.09124654407584673,0.0801530123043,0.09375464177889704,0.09433949580652606,0.10216817853636892,0.11482227504159058,0.11126748372383678,0.11034717410802841,0.1053229495882988,0.1045745997976495
2025-06-18,0.07990039890122622,0.109561462523,0.10790012273698478,0.10931257005322509,0.11144603401032968,0.1187265409167545,0.1120975457127655,0.11125504225492477,0.10952316224575043,0.11146585970439069
2025-06-20,0.07130736292142707,0.109318407871,0.11003430059022516,0.11227760279781293,0.11305404003681868,0.11897326573384383,0.11079277285049394,0.1121881827712059,0.10248909890651703,0.11140132338384534
2025-06-23,0.05876457485754111,0.111474953401,0.1114763077879598,0.10766271269493267,0.11181244784025832,0.11436911353361001,0.10985559042127825,0.1131526306271553,0.09968488663434982,0.10971624136279202
2025-06-24,0.06424668498275589,0.0513803113094,0.08271581403851043,0.08212729758988725,0.08701608320150525,0.09181061262878955,0.09121712626242215,0.11192425340414047,0.08790943771600723,0.0906743749773232
2025-07-03,0.062416261655506865,0.0374594834255,0.07352224852037637,0.07178520890179836,0.07989489966711069,0.08823529193993178,0.08493705476423268,0.10849589854478836,0.08654654026031494,0.08477387751407903
2025-07-07,0.05873368835557712,0.0770004765197,0.08984064649445442,0.09125962016385732,0.09584912308812532,0.10610791834280947,0.09792184942345794,0.10699888318777084,0.09051834791898727,0.09692805551706608
2025-07-08,0.05862937607659744,0.0710597572164,0.08477119781602513,0.08454836324585548,0.09081652831845476,0.10000529064491837,0.09217635792490964,0.10575022548437119,0.08957071602344513,0.09251981135113996
2025-07-09,0.07839736606288744,0.056200696375,0.07444341940240623,0.07470612599543147,0.08207390966793303,0.09163657485651834,0.08430431302089551,0.10401508957147598,0.08506341278553009,0.08517754932859867
2025-07-10,0.07934543817909746,0.0418091946725,0.0670129823640852,0.0661350426175636,0.07645885604979344,0.08706849626638474,0.08430431302089551,0.10230933874845505,0.08287165313959122,0.08088009745810984
2025-07-11,0.07734832283337154,0.0599488038506,0.0766907562884214,0.07628331907376693,0.08483690859884892,0.09415307866744177,0.08493705476423268,0.10175106674432755,0.08783864974975586,0.0866415476981136
2025-07-14,0.07473684460269042,0.0608141063263,0.07604026630935833,0.07554342453180908,0.08616505268850096,0.09918704809057226,0.09374881622995898,0.1011698767542839,0.0935416966676712,0.08934231161030781
2025-07-15,0.0745222752276304,0.0706277357139,0.08059267401498352,0.08207343917445131,0.09040537088251009,0.1033184433999604,0.09578013137539684,0.10094523429870605,0.09598809480667114,0.09272905542181133
2025-07-16,0.0535578470571943,0.129237125492,0.11238279613199231,0.11476112163040374,0.1131665079206742,0.11662431450859535,0.10953188645521979,0.1031125858426094,0.10352715849876404,0.11044376728403697
2025-07-17,0.05329574014589211,0.0499576473659,0.0759018473570052,0.07460349853711602,0.08394649674295009,0.0929954391949059,0.08493705476423268,0.10253474861383438,0.09927936643362045,0.08774263594909495
2025-07-18,0.051174315008839115,0.0450464372578,0.07264002030511474,0.07291255128589404,0.08156586399184558,0.09088994365563158,0.08493705476423268,0.10198614001274109,0.09442302584648132,0.08562208569456299
2025-07-21,0.05082307153759371,0.0413826051432,0.0697414314604536,0.06954588081288995,0.07979852990814658,0.0907275629276807,0.08493705476423268,0.10117428749799728,0.09381574392318726,0.08424864161351257
2025-07-22,0.0471408706462425,0.0694848535419,0.082729547426311,0.08342781633749975,0.08972194436492469,0.0973191649331415,0.08614137637626973,0.10122059285640717,0.09164617955684662,0.0903152316930572
2025-07-23,0.05731706491731906,0.0572416106243,0.07257530127358333,0.07133649235685519,0.08137899446202336,0.08993836243599979,0.08430849257955222,0.10017196089029312,0.0897478312253952,0.08420820503195746
2025-07-24,0.07200979522137632,0.0485358755131,0.06819308127525849,0.06800352311380431,0.077707193092085,0.08231418001192603,0.07917695678338682,0.07817895710468292,0.07889892160892487,0.07606754471286692
2025-07-25,0.08753112160362338,0.0303488797858,0.05873754079269123,0.05793801149214625,0.07011240298467847,0.0727771607793038,0.07863202798705964,0.07482895255088806,0.07406845688819885,0.06958493621070946
2025-07-28,0.0897090888538342,0.0391585294399,0.06263776221039535,0.06297773023246578,0.07333277132890587,0.07737211596750096,0.07863202798705964,0.0730588287115097,0.07618290185928345,0.0720277340424458
2025-07-29,0.09286412522965669,0.0549957297942,0.06903491247553976,0.06953293196276548,0.07953868901257084,0.08199865679603316,0.07917695678338682,0.07279957830905914,0.08152201026678085,0.07622910508659086
2025-07-30,0.09092819035760473,0.0926904699208,0.0886281839410577,0.09018479395227469,0.09455075719234991,0.09396508126479938,0.08565758655874832,0.07621023058891296,0.08771482110023499,0.08813020779976828
2025-07-31,0.08930068107740545,0.108887807386,0.09982703345903515,0.10202901089721976,0.10359044281580873,0.10230875061275724,0.09253654776071049,0.08135712146759033,0.08911734819412231,0.09582375074389202
2025-08-01,0.07788509623672092,0.115336411038,0.10803175346880661,0.10933922888794992,0.11447133766279483,0.12084718924137151,0.11374833235268444,0.08731009066104889,0.10743384063243866,0.10874025327244212
2025-08-04,0.07936188894103365,0.058851570046,0.08310519794767149,0.08165957801385074,0.08979442034323695,0.09802561048859935,0.07556399212027266,0.08761470019817352,0.08462412655353546,0.08576966080933432
2025-08-05,0.07745299521934372,0.0768417591809,0.09284435892353521,0.09430876696016222,0.09818677599799291,0.10209227882436978,0.09426129949012817,0.08961968123912811,0.08698267489671707,0.09404226233314764
2025-08-06,0.07301641586258147,0.0825377092565,0.09486844390023826,0.09451048852973977,0.09771198276729286,0.0950987891579243,0.08772698655271044,0.09123390913009644,0.09063126146793365,0.09311169450084796
2025-08-07,0.06345802902850986,0.101931024684,0.10347516963317775,0.10463073729190382,0.10464706292610751,0.10162749158572043,0.09210286328143502,0.09380015730857849,0.09774954617023468,0.09971900402816537
2025-08-08,0.06475343776871341,0.0613177836003,0.0813706545389824,0.07957863484274014,0.0859382741818415,0.08369977694937585,0.07858029562193561,0.09142699837684631,0.08773180097341537,0.08404663364073388
2025-08-11,0.061872148545869005,0.0680045094043,0.08507485397967066,0.08546060121304293,0.08972538430913317,0.08769622409866998,0.08090908576284894,0.090364471077919,0.09059849381446838,0.08711844489367901
2025-08-12,0.06426713866179573,0.0663923279816,0.0836993096897207,0.08446595714808464,0.08682445947425814,0.07978355459866712,0.0789630642775062,0.08917456865310669,0.07722628861665726,0.08287674320828582
2025-08-13,0.07564692655520276,0.0589459585906,0.0788019065659283,0.07925667881505502,0.08276036719086638,0.08032654064715025,0.07743687614909778,0.08720390498638153,0.07935008406639099,0.08073376548869575
2025-08-14,0.08297252947474122,0.0621896784602,0.07785075496046856,0.07741586148233662,0.08275322688635002,0.08010865308741089,0.07856296866097169,0.08527357876300812,0.07979486137628555,0.08025141503097591
2025-08-15,0.0983168717117525,0.0677517664645,0.08070889237442451,0.08184977559623235,0.08563394055686431,0.07958272324976573,0.07856296866097169,0.08428835868835449,0.08410628139972687,0.08210470578947714
2025-08-18,0.09719981895143656,0.0529186981452,0.0729224807134686,0.0731338449391054,0.07986125135563633,0.07670242279061322,0.07783697176563228,0.08229340612888336,0.08507242798805237,0.07826040081162736
2025-08-19,0.09430355433840004,0.0769314821467,0.08474256169966872,0.08478302412130019,0.0895855859198482,0.08537743616164833,0.08182508617033249,0.08301682770252228,0.09122811257839203,0.08579409062195889
2025-08-20,0.08355085959212877,0.106937308558,0.10169493126564118,0.10337520435798797,0.10300388614339039,0.09830176842326306,0.09253654776071049,0.08697372674942017,0.09639639407396317,0.09746892268205377
2025-08-21,0.07512302516660319,0.0983741422221,0.10000246721424326,0.10044165455961516,0.10265339932397197,0.1036479461034125,0.09121840296940166,0.0899515151977539,0.10140299797058105,0.09847405476271136
2025-08-22,0.05555301781893488,0.136011525018,0.12158326261970945,0.10673728112536307,0.11389222688648679,0.0980846584641405,0.0941873897710087,0.09928570687770844,0.1057671457529068,0.10564823878533196
2025-08-25,0.06430684711225056,0.0413325092199,0.07700564333643921,0.0776674102511332,0.07992647292592898,0.07631316648313605,0.07847044665796826,0.09670183062553406,0.09522466361522675,0.08304423341362378
2025-08-26,0.06732161481296633,0.0560823566603,0.08261205168359743,0.08178232697970136,0.08409523014553161,0.07585068232631752,0.07894127709780281,0.09556609392166138,0.09160289913415909,0.08435008018411017
2025-08-27,0.0689870141740296,0.0432841408622,0.07280027147408968,0.07227920522743277,0.07750336559020513,0.07584677996624546,0.07709774960111372,0.09251260757446289,0.0932479053735733,0.08018398354387471
2025-08-28,0.08022155181412138,0.054690819302,0.07541272346446665,0.07561552323052134,0.07936049711320482,0.07307544150294826,0.07709774960111372,0.09025761485099792,0.09203080832958221,0.08040719401326213
2025-08-29,0.07679577087065616,0.0755809455541,0.08136220030731128,0.08225138124512306,0.08605016825374313,0.08337059099044242,0.0815786233235999,0.08900050818920135,0.09530976414680481,0.08556046235088942
