date,target,persistence,har,shar,har_rv_iv,har_x_lasso,hgb,lstm,lstm_x,combination
2022-10-07,0.20481813891738201,0.16004537155,0.16009514969123645,0.16592497053216226,0.1634215669914863,0.18331466220764076,0.16564229389817764,0.1770934909582138,0.2097894847393036,0.17504023128831725
2022-10-10,0.19048736478352574,0.204818138917,0.18593158284466083,0.18786132944337336,0.1890160522305364,0.21371765849122798,0.17801837387439456,0.1888333112001419,0.2312767207622528,0.19637928983522682
2022-10-11,0.1722052435082161,0.190487364783,0.18270514954659772,0.1823402855321518,0.1871120925915392,0.20375938942382746,0.17801837387439456,0.19105157256126404,0.23685668408870697,0.19454907823121165
2022-10-12,0.3010464893965117,0.172205243508,0.1728239490299825,0.17024132160520702,0.1791085069087076,0.2000629810261002,0.18506795401789186,0.1848118156194687,0.23931679129600525,0.1902047599290519
2022-10-13,0.29943232053816765,0.301046489396,0.24504929924667074,0.2114466297849517,0.24718468566658564,0.25796530528459094,0.22722859155164282,0.2321874350309372,0.2734004855155945,0.24206606172585338
2022-10-14,0.16946683209678523,0.299432320538,0.2563854307493244,0.2710605260802188,0.25297508277455555,0.2446652516059701,0.23845018365730192,0.2600591480731964,0.2746097445487976,0.25688648106990924
2022-10-17,0.21235822451122538,0.169466832096,0.1893834973367637,0.18487607831872577,0.18841453074484626,0.19599712743934067,0.17801837387439456,0.2213459312915802,0.21274225413799286,0.19582539902052057
2022-10-18,0.17634302344767713,0.212358224511,0.21234223115719697,0.22153556465275315,0.2092677231668258,0.21635763111423137,0.17704720839030452,0.2166607826948166,0.20108731091022491,0.2077569217266219
2022-10-19,0.19932534850533187,0.176343023448,0.19494484184048058,0.20093948295399222,0.19121303654277227,0.20187083645175097,0.17801837387439456,0.20281849801540375,0.19850197434425354,0.1954724348604354
2022-10-20,0.21365201351602564,0.199325348505,0.19716816864714592,0.19982101208829187,0.19590171902184106,0.20683615218394918,0.18419868183753293,0.20285238325595856,0.2138914167881012,0.2000956476889744
2022-10-21,0.22144854232728647,0.213652013516,0.19694015222444594,0.18892504929204149,0.19709992544669813,0.20798439563939897,0.18419868183753293,0.20627303421497345,0.2274097353219986,0.20126156771101278
2022-10-24,0.13205187352658349,0.221448542328,0.20533488935366517,0.20668276959185722,0.20363660371050496,0.21355408160058742,0.20092761884872973,0.21310009062290192,0.2344195693731308,0.21109366044305386
2022-10-25,0.16887097482514868,0.132051873527,0.1543712290990789,0.14731564257257068,0.1561927892049481,0.17429141394248887,0.15120137554977012,0.18051482737064362,0.20851778984069824,0.16748643822574263
2022-10-26,0.18767355039394337,0.168870974825,0.17189586908220839,0.172531078981347,0.17121376124322857,0.17599586669081577,0.17801837387439456,0.17742794752120972,0.20452231168746948,0.17880074415438194
2022-10-27,0.10946467676845714,0.187673550394,0.18018146395849433,0.18727358254081078,0.17831933504939645,0.17735628034643408,0.18419868183753293,0.18355077505111694,0.20282873511314392,0.1848155505567042
2022-10-28,0.15018875362858966,0.109464676769,0.13265161912028858,0.12072288382300742,0.1338596558827359,0.14189980617696177,0.15217254103386016,0.15546555817127228,0.18276306986808777,0.145647876296602
2022-10-31,0.1583213493529625,0.150188753629,0.14645996159205232,0.15060683698246186,0.14731332742016923,0.15088894111484133,0.1823712309093744,0.15452806651592255,0.18128351867198944,0.15906455474383016
2022-11-01,0.30805969502233166,0.158321349353,0.1528400612580823,0.16240223371917228,0.15288403231859654,0.1666057379394087,0.1823712309093744,0.15904133021831512,0.17802955210208893,0.16488202549500547
2022-11-02,0.18341236447267126,0.308059695022,0.23851423335031818,0.2455275995126068,0.23265940684654013,0.22796137535778715,0.26543217289125576,0.22033162415027618,0.21101686358451843,0.23449189652761465
2022-11-03,0.2702769425998748,0.183412364473,0.17679841618506603,0.17330742299708263,0.17291278569108975,0.1951672887505877,0.18325984540263318,0.20472334325313568,0.22608353197574615,0.19032180489362016
2022-11-04,0.12655417781392284,0.2702769426,0.23356273578409284,0.23426981863288499,0.22380353519246043,0.20735918046287805,0.21654947783998707,0.23038984835147858,0.21477492153644562,0.22295850254288965
2022-11-07,0.17861465622080402,0.126554177814,0.16169313852536882,0.1631888869039491,0.15332903782563134,0.15715959137907365,0.16746864858945165,0.18493761122226715,0.18611517548561096,0.1676988699901932
2022-11-08,0.16682929047955578,0.178614656221,0.18878264202144318,0.19133411240194628,0.17902027576046445,0.16762914383470046,0.17327670936010245,0.18302547931671143,0.1713724583387375,0.1792058315763008
2022-11-09,0.1786312641726078,0.166829290479,0.17055451804297284,0.173661589270581,0.1656213589003239,0.16758757166072735,0.1746705575129943,0.17415547370910645,0.17865702509880066,0.17212972774221522
2022-11-10,0.14920567768271153,0.178631264173,0.1758842835721644,0.16632801794141316,0.17192372225627317,0.17544151403226327,0.17855900968097083,0.17318707704544067,0.18764957785606384,0.17556760034065563
2022-11-11,0.13690731733850314,0.149205677683,0.1508500873707922,0.14910063608833485,0.14650781567111396,0.12980314226406658,0.15023424657333445,0.16026675701141357,0.1662553995847702,0.15043115493768938
2022-11-14,0.21824994476857032,0.136907317339,0.14601922110039656,0.14919116861665266,0.13996362578926813,0.13902410134558718,0.13367343580793678,0.14988291263580322,0.13520637154579163,0.14185154812020517
2022-11-15,0.1112136204586075,0.218249944769,0.18920356563146903,0.18989019319780787,0.18249659496664733,0.17561067563198027,0.16553670473605317,0.17015951871871948,0.16559365391731262,0.17692727239999856
2022-11-16,0.13137913210882768,0.111213620459,0.1323008900368892,0.1365020516544173,0.128528255107911,0.13085745638786517,0.14416215331301038,0.14831623435020447,0.1516267955303192,0.13889911948294525
2022-11-17,0.14618040545404162,0.131379132109,0.13801893512013413,0.13135497833437307,0.13558548187317537,0.13309286414394703,0.1456040799588688,0.14056262373924255,0.15032364428043365,0.13922037249288208
2022-11-18,0.09997696593033617,0.146180405454,0.1449884957847566,0.14761885998798066,0.1422305001253187,0.14199203359140242,0.154122698741311,0.14136360585689545,0.15383437275886536,0.14659293812093285
2022-11-21,0.07816163914478765,0.0999769659304,0.11938066742859754,0.11922506712216006,0.11767332199220513,0.12139204937693147,0.12854581472121354,0.12755170464515686,0.13968443870544434,0.12477900914167271
2022-11-22,0.12065500773458017,0.0781616391448,0.09651321622886153,0.09273483667090643,0.09830358700021735,0.10695932469980382,0.11233500266717414,0.10961530357599258,0.12041327357292175,0.10526779205941109
2022-11-23,0.04390594982287663,0.120655007735,0.11815298074396902,0.11433461277015969,0.11787281371048058,0.12387966729681242,0.12001558808594615,0.11309727281332016,0.12185332179069519,0.11845803674448331
2022-11-25,0.0884040092141776,0.0439059498229,0.07318653365086215,0.07275644516666448,0.07498189442831385,0.08202226601873276,0.09095985240482124,0.0914040356874466,0.09968248009681702,0.0835705010648083
2022-11-28,0.12065796448556058,0.0884040092142,0.08979912857100975,0.09280529267356943,0.09254660816385403,0.09675515121572437,0.0964776195178161,0.09102937579154968,0.10218426585197449,0.09451392025507112
2022-11-29,0.19103476859639973,0.120657964486,0.10741228182497521,0.10917483210654222,0.1120159140767995,0.12648263784073135,0.11839892539900461,0.10140309482812881,0.12361495941877365,0.11407180649927935
2022-11-30,0.1444296077580549,0.191034768596,0.15154693926660695,0.13084876055037412,0.1520362029998859,0.1623502666195028,0.14611460379859598,0.1314193308353424,0.15382225811481476,0.146876908883589
2022-12-01,0.12148379245411957,0.144429607758,0.131008239765885,0.1347524239955354,0.1295201395720561,0.13332840628999218,0.13238575932446114,0.13487213850021362,0.1412053108215332,0.13386748832423953
2022-12-02,0.10753680838439274,0.121483792454,0.1267974620643364,0.12378532639641975,0.12356459880662969,0.12046085186139183,0.12610135654149582,0.1315004527568817,0.12574520707130432,0.1254221793569228
2022-12-05,0.13070690800155133,0.107536808384,0.12199592979078953,0.12724749119255147,0.11806516330138211,0.11753686589612049,0.12434494752805259,0.12503430247306824,0.11815235763788223,0.12176815111712094
2022-12-06,0.14728430165967044,0.130706908002,0.13422770982323629,0.13945806146131895,0.1319132480850022,0.1399062774515278,0.12610135654149582,0.1283355951309204,0.12324395030736923,0.13188374268583866
2022-12-07,0.1272848825321719,0.14728430166,0.1383135378810678,0.1401276854524477,0.1393637443702505,0.14674508448846268,0.14169341709258626,0.13748706877231598,0.13760831952095032,0.14019126536829732
2022-12-08,0.11450940074886429,0.127284882532,0.12715650665118305,0.1262259687773677,0.12979737973758823,0.14395042835232766,0.1378756468373893,0.1342841237783432,0.14206543564796448,0.1344793556831662
2022-12-09,0.10155950738608376,0.114509400749,0.12047964467935451,0.1221376807755906,0.12267997593105998,0.1349239464325176,0.12968611277912162,0.12838627398014069,0.13595983386039734,0.12775049549116893
2022-12-12,0.26132440519206773,0.101559507386,0.11381000088428206,0.10911288835329377,0.11720404708470114,0.1294955238563962,0.1250432617578912,0.12128354609012604,0.1256011575460434,0.1202214893675334
2022-12-13,0.30312439276211345,0.261324405192,0.20224073465323295,0.21028751548051333,0.20196746134370464,0.20969137712758476,0.19615830006800025,0.1711968034505844,0.17436785995960236,0.1951300074404604
2022-12-14,0.1598574579039339,0.303124392762,0.23609610727361546,0.24659241760329925,0.22723077011951756,0.21162975662232272,0.21359003287889064,0.2169593721628189,0.1839756816625595,0.21943916261757487
2022-12-15,0.16240457987498996,0.159857457904,0.17008098167711813,0.1767559593516137,0.1609044673306019,0.1782496656425297,0.1521409482127374,0.1944015771150589,0.15748175978660583,0.17000219415946652
2022-12-16,0.12664774005129661,0.162404579875,0.17568182966832954,0.17933216440300181,0.16695646804402148,0.15552719294897704,0.15988529834105333,0.181119903922081,0.1309756189584732,0.1642112108979911
2022-12-19,0.13389253851385147,0.126647740051,0.16071236096343963,0.1652818276829724,0.152281274475795,0.13687738988782858,0.1362935157960395,0.16389280557632446,0.13104252517223358,0.14948309993637615
2022-12-20,0.11704594023823808,0.133892538514,0.15276562528621845,0.1536269054217771,0.1476450402419272,0.14180890595078405,0.13943104428493444,0.15425777435302734,0.1337376832962036,0.14618185411926746
2022-12-21,0.14650128714028557,0.117045940238,0.12801907127914935,0.12378468012744331,0.12690927750612102,0.1311506045054152,0.13943104428493444,0.1396959275007248,0.13144709169864655,0.13149109955749066
2022-12-22,0.1620687452752936,0.14650128714,0.1409202676131932,0.14173996658616864,0.13786616963110424,0.13923229985509492,0.1378890829165852,0.1424175202846527,0.13241249322891235,0.13892540001653017
2022-12-23,0.1096349204106812,0.162068745275,0.14825569323080873,0.14377785968584691,0.14713582617548301,0.15177056512911485,0.15883898148186926,0.14995123445987701,0.1445818543434143,0.14918743064377343
2022-12-27,0.13443098326614739,0.109634920411,0.12152849156923125,0.12120638427184834,0.12055708300614741,0.12749825545947235,0.13943104428493444,0.1370735913515091,0.1256074160337448,0.1275574665681268
2022-12-28,0.08682542905174728,0.134430983266,0.13337114430685457,0.13898317024406898,0.13323919181459093,0.1465837243583041,0.13943104428493444,0.1375076025724411,0.12671273946762085,0.13654694529268785
2022-12-29,0.14796295151455177,0.0868254290518,0.10776798794131251,0.10331903025178359,0.11008660524824643,0.13156590592084855,0.12015587869288619,0.12248577177524567,0.11791699379682541,0.1161854533753069
2022-12-30,0.19236241608853846,0.147962951515,0.13726302687720968,0.13801231953864618,0.13723571357394304,0.15862855946005452,0.13662163311373438,0.13364620506763458,0.1332390159368515,0.13923521050972482
2023-01-03,0.19269182653109082,0.192362416088,0.1613311695493005,0.16504887110348315,0.15988558812079207,0.1699570446265261,0.15921204144782353,0.15458525717258453,0.15025582909584045,0.16003940015947862
2023-01-04,0.1473139041683262,0.192691826531,0.16886782675598788,0.17089116395751353,0.16655651026865426,0.18232372450353102,0.16217141329882812,0.1680472493171692,0.1637284904718399,0.1689409112247891
2023-01-05,0.17576051168368848,0.147313904168,0.14816163409253685,0.14639987421287204,0.14497906143649975,0.15190845909428613,0.1495249532989032,0.16004225611686707,0.14520366489887238,0.14945998616440534
2023-01-06,0.1175546095478931,0.175760511684,0.16971920757863523,0.16982684167674117,0.16450967793048238,0.16778001826973613,0.16933583099604815,0.16653098165988922,0.1533460021018982,0.16586408003049005
2023-01-09,0.13498084734771226,0.117554609548,0.139010348706089,0.14191723118479357,0.13319483798924378,0.14257888000745295,0.12765472828634897,0.15472561120986938,0.13358691334724426,0.13895265010443456
2023-01-10,0.09182431158857876,0.134980847348,0.14234600737673525,0.1421923947471296,0.13903426222565976,0.1464645446131568,0.1383570026723497,0.1505952924489975,0.13380379974842072,0.14182761483320705
2023-01-11,0.18879474736122295,0.0918243115886,0.1126195152752812,0.11271596665916009,0.1110479079428123,0.12255357328005964,0.11188454777553042,0.13543066382408142,0.11801370978355408,0.11775226922006844
2023-01-12,0.09347695346603033,0.188794747361,0.1629965267883011,0.16389455124082963,0.15914338999257194,0.15361364006744183,0.16522025334354215,0.14797480404376984,0.14952197670936584,0.15748073459797465
2023-01-13,0.09588318374865532,0.093476953466,0.1097114219630425,0.10569720740873595,0.1061831543471045,0.09085178425369361,0.10655898367142799,0.13333357870578766,0.09586913883686066,0.1068864670266647
2023-01-17,0.10866975315670317,0.0958831837486,0.10916631301640223,0.1083799835413138,0.1053052425127417,0.09635061374775014,0.10515725864409324,0.12357382476329803,0.07961422204971313,0.10393535118218745
2023-01-18,0.12131093647530053,0.108669753157,0.11325674337661085,0.11809436082515541,0.11126547177705398,0.11224112153234096,0.1193569782255322,0.11921389400959015,0.10052041709423065,0.11342128383435916
2023-01-19,0.10723925412912941,0.121310936475,0.1220227192324041,0.12293573599945376,0.12045301630566294,0.1146326639883416,0.12153319939906194,0.12043483555316925,0.1199944019317627,0.12028665320140805
2023-01-20,0.12450610911452498,0.107239254129,0.10807028396052323,0.1015759963653727,0.10932775028787728,0.1032386108298205,0.12013727473546282,0.11630535125732422,0.12107571959495544,0.11139014100447661
2023-01-23,0.1282368774440036,0.124506109115,0.11915775071074869,0.1164959401520745,0.1181184331718701,0.11208793604565129,0.12153012777890666,0.11860167980194092,0.1230093240737915,0.11842874167642624
2023-01-24,0.12595664829148004,0.128236877444,0.12383523260686666,0.12532568496323834,0.12191279423688683,0.11751163555085399,0.12153012777890666,0.12199749052524567,0.12227703630924225,0.12205571456732005
2023-01-25,0.1526610795425265,0.125956648291,0.12425657767313908,0.12104387093628596,0.12162674609978433,0.1170496256487169,0.12164953070642859,0.12439797818660736,0.11734879016876221,0.12105330277424635
2023-01-26,0.1114013304007506,0.152661079543,0.13991593438532499,0.1426703726278748,0.1358308527011941,0.13472621798574252,0.13881984138785167,0.13245916366577148,0.12780161201953888,0.13603199925332835
2023-01-27,0.11509154078766692,0.111401330401,0.12044069001277077,0.12021743715132714,0.11649727201505602,0.11834056804876407,0.12228779157446719,0.1289927214384079,0.11172506213188171,0.11978593462466783
2023-01-30,0.1042605309756439,0.115091540788,0.12137927024390305,0.12197801003050111,0.1171712058213237,0.11048310497609089,0.12228779157446719,0.1270589977502823,0.10273130983114243,0.11758424146110151
2023-01-31,0.22637101617925384,0.104260530976,0.11406528627002092,0.10691145795306523,0.11284730059846274,0.11839062189635932,0.12627928229053548,0.12267002463340759,0.11111009120941162,0.116039152121609
2023-02-01,0.14694561408264623,0.226371016179,0.18171621777692587,0.16474783703000515,0.17447340071641687,0.1649439696312699,0.1591080637785304,0.14903633296489716,0.15569806098937988,0.1642462689839179
2023-02-02,0.16730274912335422,0.146945614083,0.14288257197827886,0.14043525890170513,0.13570352971500774,0.14183484726065893,0.1407195640382432,0.1489304155111313,0.16193118691444397,0.14463391061706704
2023-02-03,0.10150123069642851,0.167302749123,0.1576973781660154,0.1577645497974408,0.1486650764994405,0.12853969331695364,0.15812936502941238,0.15438580513000488,0.12547528743743896,0.14723673648238664
2023-02-06,0.20822773055423718,0.101501230696,0.12485737737676052,0.12656779265228632,0.117874859045331,0.1169033463647907,0.12129965053059209,0.14279481768608093,0.10642993450164795,0.12238968259392709
2023-02-07,0.14258650891514246,0.208227730554,0.18550229917895428,0.1823315044201649,0.1753381704508564,0.16264784567173923,0.15636643235337006,0.16128933429718018,0.14587058126926422,0.16704945252021847
2023-02-08,0.13986466704609565,0.142586508915,0.14651529998710505,0.14915407022711916,0.13871560976460262,0.13253225071976416,0.1376530697263054,0.1531936675310135,0.12733104825019836,0.14072785945801547
2023-02-09,0.11465415464506815,0.139864667046,0.14455291067625428,0.1496432952415711,0.13830464404783543,0.13462036462951202,0.1376530697263054,0.1500757783651352,0.12974068522453308,0.14065582113016378
2023-02-10,0.08790861627296381,0.114654154645,0.1278461953499287,0.12623254839106646,0.12491225268826658,0.1277602493756669,0.12812799127314758,0.1418146938085556,0.1345580816268921,0.1301788589305034
2023-02-13,0.18953095956835128,0.087908616273,0.11390303537825466,0.10940793506332733,0.1115980488054899,0.11893578143349814,0.11735870079294801,0.13104598224163055,0.12885865569114685,0.11872973420089936
2023-02-14,0.11628649401457421,0.189530959568,0.16056797459444583,0.16382631729646757,0.1564836445656868,0.16034743071163396,0.15577737172998668,0.13968822360038757,0.1334773600101471,0.15288118892982222
2023-02-15,0.11136142543917979,0.116286494015,0.12332207731257802,0.12308322271692876,0.11913579539628652,0.11773864379917287,0.12125116778245586,0.13426314294338226,0.10237150639295578,0.12016650804910857
2023-02-16,0.1241931628884199,0.111361425439,0.11839214025555575,0.11915438909562258,0.11443734608234714,0.11181537255697041,0.12125116778245586,0.1287938803434372,0.10470964014530182,0.11693627660881296
2023-02-17,0.08851735883248438,0.124193162888,0.12533499576550872,0.12582556379568918,0.12281311054658575,0.1218590545354184,0.12064738327082034,0.12749157845973969,0.115724116563797,0.12281368613393699
2023-02-21,0.1278815839290912,0.0885173588325,0.10846029933488946,0.11243740293835995,0.10632787421244565,0.11001202024225858,0.1076415801159417,0.1208871454000473,0.11727508902549744,0.11186305875277715
2023-02-22,0.11755452918327562,0.127881583929,0.12161112742305896,0.12364691134555408,0.12427018414429362,0.14900438542999028,0.13413251282811003,0.12139417231082916,0.12994535267353058,0.1291435208793381
2023-02-23,0.12245451960343971,0.117554529183,0.11682129397673582,0.11847529628809463,0.11874443071101219,0.13497180242296417,0.12554022183979574,0.12036353349685669,0.13272477686405182,0.12394876508564444
2023-02-24,0.0984673993603751,0.122454519603,0.12015896850475918,0.12131692660935911,0.12018245503129948,0.13095153816324,0.1249364373281602,0.120923712849617,0.13243421912193298,0.12441489394405257
2023-02-27,0.08269596236666939,0.0984673993604,0.10646759370965286,0.10888842489908124,0.10854321123525065,0.12203530236531385,0.1151664648938568,0.11681284010410309,0.12665800750255585,0.11493883495854491
2023-02-28,0.11937845922504613,0.0826959623667,0.09853390936337003,0.09967816171912239,0.1006246826519628,0.11486859457032686,0.11069342071097553,0.1110275387763977,0.12062525749206543,0.1080073664691744
2023-03-01,0.10711131873577881,0.119378459225,0.11521022361771087,0.11557140486068673,0.11663141117175076,0.1267970314886378,0.12554022183979574,0.11290338635444641,0.12030155956745148,0.11899360555721139
2023-03-02,0.08927001985785149,0.107111318736,0.10844445649757187,0.10231038617743873,0.11074775397642309,0.1223367773879087,0.12554022183979574,0.11225026845932007,0.12261877954006195,0.11489266341121716
2023-03-03,0.07863080307442624,0.0892700198578,0.09698884726320448,0.092311429375388,0.09928188906090629,0.10428771261959387,0.10693199876967409,0.10818739235401154,0.1149524450302124,0.1032773877818558
2023-03-06,0.1628256767565853,0.0786308030744,0.09033971539693686,0.09167423262304444,0.09198296352121066,0.09235256463880384,0.10077222377165583,0.10281594097614288,0.10493864119052887,0.09641089744547478
2023-03-07,0.11532564947028047,0.162825676757,0.13758943065247736,0.14312847657909616,0.13614346383585108,0.13737922416257436,0.14040398916417102,0.11471156775951385,0.11201991140842438,0.13162515193744403
2023-03-08,0.14553901364077607,0.11532564947,0.11469522350888106,0.11177711319366457,0.11565502015476661,0.12161522671818145,0.12554022183979574,0.1159006804227829,0.11499525606632233,0.1171683917006278
2023-03-09,0.21891456753330055,0.145539013641,0.13247010291433425,0.13772352075577554,0.1310763134382803,0.13168350854438018,0.14797600095996358,0.12261609733104706,0.1193603128194809,0.13184369382332312
2023-03-10,0.3041035143156882,0.218914567533,0.17862743576808682,0.1773050743395078,0.1769484902975495,0.18087436040461174,0.17565349160986626,0.13982930779457092,0.15455111861228943,0.1691127541180689
2023-03-13,0.16874322708680192,0.304103514316,0.23904788251337672,0.231281217351679,0.23180967060959937,0.24410328255207056,0.22976708404270002,0.1637595295906067,0.19328024983406067,0.21900698807058472
2023-03-14,0.20215594818280266,0.168743227087,0.17572450124598127,0.17551819824002782,0.17369215325838044,0.18367876710965333,0.19321354440987867,0.16819171607494354,0.19970208406448364,0.1813887092004784
2023-03-15,0.16427857428194342,0.202155948183,0.19924424879558633,0.1930402039181097,0.18936419739548077,0.17460765711572387,0.18972362288506675,0.1766664981842041,0.1859411895275116,0.18694108826024047
2023-03-16,0.1736529862232032,0.164278574282,0.18298361882583136,0.17697811148880788,0.17530534958489605,0.1747267595986485,0.17189971486601638,0.17918778955936432,0.1689215898513794,0.175714704824992
2023-03-17,0.12788159165176669,0.173652986223,0.18331539161673388,0.18700695168120515,0.1727986476353794,0.16272246863064319,0.1507898534734404,0.18063509464263916,0.1604693979024887,0.17110540079750428
2023-03-20,0.09337645743838005,0.127881591652,0.1457181535308265,0.14471466404966032,0.14426816666540085,0.1627888032422644,0.1596302393052131,0.1728135198354721,0.15590739250183105,0.15512013416152406
2023-03-21,0.2199262419740855,0.0933764574384,0.12263030241059183,0.12376291502665598,0.12162345879313322,0.13338846293212492,0.12574213262000863,0.16107885539531708,0.13948798179626465,0.13253058699629947
2023-03-22,0.16532957872619164,0.219926241974,0.18378206325071728,0.1894102927411081,0.17698970316085375,0.1709517449610014,0.15139421336774325,0.16583962738513947,0.1550259292125702,0.17048479629701907
2023-03-23,0.15906141462701756,0.165329578726,0.15803169181354282,0.16136256617525713,0.15377774479504663,0.17555457121565415,0.16262377082329127,0.16391654312610626,0.17368724942207336,0.16413630533871024
2023-03-24,0.10588494855493863,0.159061414627,0.1537092820609327,0.14940895706634544,0.1499004570551626,0.13925115575512975,0.14910896343276694,0.16159643232822418,0.1475827395915985,0.15007971247002286
2023-03-27,0.08776189792300756,0.105884948555,0.12665536530859473,0.12939684328526696,0.12303820760151968,0.1164112314623026,0.12723636162250102,0.15380673110485077,0.12759271264076233,0.12916249328939972
2023-03-28,0.06958442391310574,0.0877618979229,0.11764751212545912,0.12097856781465283,0.11350988126830194,0.12023784041812936,0.11584385320494098,0.1463441252708435,0.11550547927618027,0.12143817991121543
2023-03-29,0.06952691636217156,0.0695844239131,0.09546520377037343,0.09470472583708285,0.09487866625535689,0.10413913794935756,0.09720926097662559,0.1358092576265335,0.10413388907909393,0.10376287735634625
2023-03-30,0.07136251605303445,0.0695269163622,0.0867571865446218,0.08794086425435901,0.0872489449350303,0.08948012998578532,0.09313674595062008,0.1262325644493103,0.0962582379579544,0.09529352486824018
2023-03-31,0.0763078779602185,0.071362516053,0.07972463578170691,0.074673901776104,0.0820803009074165,0.08868325782943338,0.1143466233143702,0.11766430735588074,0.09306490421295166,0.09289113302540906
2023-04-03,0.09866488410286206,0.0763078779603,0.07941241785544588,0.0785496306984021,0.08221994991629554,0.08419096356711156,0.09237991732076442,0.11156676709651947,0.09214042127132416,0.08863715253226616
2023-04-04,0.08768112541783209,0.0986648841028,0.09093090951783389,0.09284895721148934,0.09260434342982135,0.09781811816392938,0.13164701409203997,0.10986755788326263,0.09517628699541092,0.10155616961339821
2023-04-05,0.06261714903806784,0.0876811254178,0.08738304367546569,0.08812258895446348,0.0891942823189188,0.09293334276389943,0.1045679955744006,0.10806122422218323,0.09911390393972397,0.09562519734986503
2023-04-06,0.07835061744688168,0.0626171490381,0.07507347536926329,0.07309508650256295,0.07788877547507592,0.07683923758720285,0.08914043603189811,0.10439421236515045,0.0962439775466919,0.08466788583969222
2023-04-10,0.057618825581964093,0.0783506174469,0.0831761751657755,0.07847840754266866,0.08498962179611608,0.08983061403710081,0.10054661667425664,0.10348178446292877,0.09460541605949402,0.09072980510547721
2023-04-11,0.11853728111273684,0.057618825582,0.0718137335140975,0.0728892031637991,0.07512824890876861,0.10258955869850282,0.08666713265964683,0.07945215702056885,0.09867645055055618,0.08388806921656285
2023-04-12,0.06730651600770017,0.118537281113,0.10262176527644287,0.10633829167677147,0.10491782078986125,0.11611621248945939,0.10883180999800281,0.0999351292848587,0.11332115530967712,0.10744031211786766
2023-04-13,0.11598049578600188,0.0673065160077,0.07679547397789827,0.07201155115155455,0.08102536702588241,0.08471741389680015,0.08569963009762999,0.08878202736377716,0.09426164627075195,0.08332758711204206
2023-04-14,0.06539821762217989,0.115980495786,0.10474138971694788,0.10776681407830496,0.10535538782634804,0.10196668847066906,0.11141399333500578,0.10249148309230804,0.09066849946975708,0.10348632228419155
2023-04-17,0.08412752699617647,0.0653982176222,0.07976097099393403,0.0800061960522982,0.08124712750751606,0.07676663261237132,0.08412325277388047,0.08877222239971161,0.08630500733852386,0.08242591566831936
2023-04-18,0.05632069424258192,0.0841275269962,0.09112735141671993,0.09349263472208341,0.09145001035404143,0.0955022884071691,0.09371251155747622,0.08974914252758026,0.09093126654624939,0.09228074364733141
2023-04-19,0.0764102606104154,0.0563206942425,0.07250227511473653,0.07184546532286346,0.07493072095055672,0.07909770008557163,0.0815410694368775,0.07862743735313416,0.0875600278377533,0.07801495658592761
2023-04-20,0.09379098909985543,0.0764102606105,0.0829145617621534,0.08294011756290731,0.08471717988647022,0.07794810817669262,0.07148447036383358,0.08245174586772919,0.08825042098760605,0.08152951494391318
2023-04-21,0.06114203018255446,0.0937909890999,0.08916608698996914,0.09015954341714337,0.0919833415772557,0.09269608523337777,0.11578846478033615,0.09160003811120987,0.09458702802658081,0.09514008401941042
2023-04-24,0.08551933793682924,0.0611420301826,0.07350089884830749,0.07445961446633484,0.07687379672474703,0.08186333148225253,0.08105868052838303,0.08272993564605713,0.08413173258304596,0.07923114146844687
2023-04-25,0.08416459366670048,0.0855193379369,0.08529090484389304,0.08842806583967408,0.08850024799746121,0.09824961071531797,0.09113032822047325,0.08726437389850616,0.08648008108139038,0.08933480179953086
2023-04-26,0.07538891952679784,0.0841645936667,0.08724397322908542,0.08954190146565336,0.09327432372179771,0.11479818689257655,0.09577127778972024,0.0896814838051796,0.09893877059221268,0.09560713107088936
2023-04-27,0.11271007424337187,0.0753889195268,0.08302876181768268,0.07650434109437511,0.08890001144237233,0.10263016093826366,0.08797617538598186,0.08724289387464523,0.10140378773212433,0.08966944746934932
2023-04-28,0.07323018990803724,0.112710074243,0.10239786399566539,0.10119104620012642,0.10426558005136759,0.10369526814692666,0.10725543267425329,0.10069107264280319,0.09818955510854721,0.10252654554566996
2023-05-01,0.10033388845494029,0.073230189908,0.08475198041182816,0.08626437247672333,0.08576424706836822,0.07353071384343599,0.09621380643716139,0.09206794202327728,0.08289910852909088,0.08592745296998361
2023-05-02,0.11056722380202372,0.100333888455,0.09889864420352087,0.10206466717359836,0.09934448458147019,0.09467949633340121,0.09030529655163215,0.09802532196044922,0.08592700213193893,0.09560641613371586
2023-05-03,0.13807963782209454,0.110567223802,0.10607280474038694,0.10999031860844746,0.1074404437230314,0.1031311511860107,0.13400068698268144,0.1058906763792038,0.09872586280107498,0.10932170634583381
2023-05-04,0.07615283122606539,0.138079637822,0.12467192837470686,0.1256504716430779,0.12487267385338624,0.14461744609414262,0.14660575969359724,0.12156234681606293,0.1277133971452713,0.1308134319457493
2023-05-05,0.06787678142836179,0.076152831226,0.0920450009977101,0.08988667192779551,0.09593754183640203,0.10689523757504905,0.1171559480073008,0.1020868569612503,0.09679727256298065,0.10011493283835549
2023-05-08,0.06497886267259531,0.0678767814283,0.08766416262008349,0.08921445759098709,0.08821741804103637,0.10047203210895697,0.11338333491978023,0.08876346051692963,0.07812517881393433,0.09226286351595832
2023-05-09,0.13061380614739165,0.0649788626727,0.08311245965067557,0.0837771949823799,0.08458999284073351,0.08686210299157324,0.08684776969749247,0.08240215480327606,0.07106975466012955,0.08266591851803717
2023-05-10,0.09604001537647107,0.130613806147,0.11581222282406438,0.11802803037290047,0.11639365658783571,0.11122298186990243,0.11086700804664089,0.09894564002752304,0.0929756909608841,0.10917789009853585
2023-05-11,0.0935350836536687,0.0960400153765,0.09564662321897865,0.09627461905664392,0.09660922102911562,0.08837235822832765,0.08087160948470819,0.09733660519123077,0.08051292598247528,0.09080342317021144
2023-05-12,0.07014223964585961,0.0935350836537,0.09606384645358529,0.097605188979869,0.09653073453283395,0.09411079981332826,0.08019341235935742,0.09543009847402573,0.07873627543449402,0.0912386222924991
2023-05-15,0.08770074589399568,0.0701422396459,0.08521964900731566,0.08596173358453077,0.08586266453985925,0.08445287287795195,0.09805669740635194,0.08756551891565323,0.07984675467014313,0.08670941300025799
2023-05-16,0.08170051316313992,0.0877007458941,0.09559576082080525,0.09662437760865578,0.09523086323995882,0.09154588917404381,0.08084744005193722,0.0891101211309433,0.08355632424354553,0.09035868232426995
2023-05-17,0.10694368444787378,0.0817005131632,0.08832917868124171,0.08732338243675263,0.09040290784183863,0.08858113446401772,0.08666466116061176,0.08717262744903564,0.09150148928165436,0.08856791161645036
2023-05-18,0.09705528391545923,0.106943684448,0.10120254268397957,0.09906649876427279,0.10142238301024634,0.09775561847551041,0.0934743977345483,0.09396848827600479,0.09797020256519318,0.09783716164425076
2023-05-19,0.0909891666866688,0.0970552839154,0.09679958866024749,0.09856533939555354,0.0962314251579591,0.08824899731968744,0.07888765524653191,0.09508231282234192,0.09389320015907288,0.09252978839448489
2023-05-22,0.10468025314024226,0.0909891666866,0.09579772128904471,0.09603669009362799,0.09531286865308874,0.08093818791086588,0.08658815622727274,0.09422267973423004,0.09342122822999954,0.09175964744830423
2023-05-23,0.09378526044025468,0.10468025314,0.1037800338000327,0.10691881290978783,0.1029826333213429,0.09223787225153697,0.10286716023400409,0.09797775000333786,0.09885374456644058,0.10080257244092614
2023-05-24,0.10344508988807928,0.0937852604402,0.09968476362123535,0.0999922065700546,0.1001899244581335,0.10042657316872505,0.08984202220654247,0.09715428203344345,0.10153147578239441,0.09840303540578985
2023-05-25,0.08081184874727468,0.103445089888,0.1039072814543335,0.1044369618641771,0.10586732656670816,0.11337736041470474,0.11744671893720464,0.09920691698789597,0.10783085227012634,0.10743905978502148
2023-05-26,0.09646177481091461,0.0808118487473,0.09175975078736562,0.08634431638129075,0.09303464370430287,0.0937934191280839,0.09938584826978984,0.0931788757443428,0.09780067205429077,0.0936139322956381
2023-05-30,0.07860291734630974,0.0964617748109,0.0996158758334843,0.10158822121871426,0.09910212627919805,0.09270445052393572,0.09730666675679539,0.09473360329866409,0.0934583991765976,0.09692990615534135
2023-05-31,0.08478540534165535,0.0786029173462,0.08887442564892928,0.09020452813232471,0.08918631042334638,0.08618285328825667,0.08559916053892555,0.08973770588636398,0.08618965744972229,0.087996377338267
2023-06-01,0.08842424724357455,0.0847854053416,0.09096688268316029,0.08742073484675028,0.09135590884517863,0.09118123438195744,0.08018426804208226,0.08879949152469635,0.08526383340358734,0.08788176481820179
2023-06-02,0.10237218557386767,0.0884242472436,0.09134493647032366,0.090660101370564,0.09059766743539757,0.07761949470493656,0.08048766761014474,0.08913245797157288,0.0804487094283104,0.08575586214160712
2023-06-05,0.07107170815199253,0.102372185574,0.0998860220532032,0.10236165137463737,0.09767243697620133,0.093642675985713,0.09646412541058,0.0941302701830864,0.07956378161907196,0.09481728051464189
2023-06-06,0.0785129086410687,0.071071708152,0.08290185055041009,0.08079360750604782,0.08232594373785664,0.06956538120136635,0.06986684852621627,0.0866977646946907,0.07884520292282104,0.07871379987705841
2023-06-07,0.05752166735655356,0.0785129086411,0.08640411345694157,0.08786846611205065,0.08507617648918414,0.07266291515489556,0.07313430940517526,0.08478772640228271,0.07898466289043427,0.08127405284442346
2023-06-08,0.08076787273304652,0.0575216673566,0.07404651486611735,0.07280803410806916,0.07369767470602055,0.06463456233276688,0.06510024253031983,0.07735107094049454,0.0738987922668457,0.07164812739294771
2023-06-09,0.052779819939348036,0.0807678727331,0.08421027901347686,0.08537815290057298,0.08330526012373415,0.06693035265739414,0.07902086513825077,0.07921182364225388,0.07962922751903534,0.07966942299924544
2023-06-12,0.07146414794276358,0.0527798199393,0.06663612783876158,0.06434697174243426,0.06764085299992798,0.057908172876805455,0.06853434599085483,0.07079152017831802,0.07432371377944946,0.0671688150580788
2023-06-13,0.14356764739657052,0.0714641479428,0.0755053355169642,0.07507883292214107,0.07698845746195558,0.07165734415691839,0.0769328167019224,0.0727277398109436,0.07761319726705551,0.07521481769112869
2023-06-14,0.09244188456126368,0.143567647397,0.1152973558699882,0.1155508651535643,0.11365385702576954,0.09617207824733931,0.12032194258586633,0.09960373491048813,0.08072730153799057,0.10590387647585806
2023-06-15,0.09318261114923534,0.0924418845613,0.09434093150016926,0.08998104731178688,0.09234433344166922,0.10374497658150458,0.07904417803694068,0.0969029888510704,0.0984998419880867,0.09355118538731826
2023-06-16,0.07295973769561401,0.0931826111492,0.09580599148713152,0.09786967040238896,0.09378891275628992,0.08832098574733666,0.08951132442836682,0.0946148931980133,0.07942385971546173,0.09133366253356985
2023-06-20,0.08059952583073675,0.0729597376956,0.08811465615384176,0.08969458518945267,0.08564658489296487,0.07535196219915094,0.07700613603291517,0.0870199054479599,0.07119827717542648,0.0820045867273874
2023-06-21,0.08475062226963057,0.0805995258307,0.09257346519631322,0.09383896966209443,0.09039560922288079,0.08049237324591554,0.08852766377025445,0.08617151528596878,0.07314887642860413,0.08644978183029019
2023-06-22,0.06581622153851131,0.0847506222696,0.08922439188569001,0.08721993246329872,0.08801567771873978,0.07178371753099425,0.08111656562071987,0.08588648587465286,0.07842114567756653,0.08309541668166599
2023-06-23,0.0746056249237147,0.0658162215385,0.07792697966281129,0.07792982989919407,0.07741991040586174,0.06768153779808496,0.07001090072764916,0.07910627871751785,0.07548216730356216,0.0750796577878116
2023-06-26,0.05984498339249164,0.0746056249237,0.08042539386061073,0.08183666916325144,0.08059209086887555,0.07250212010853324,0.0713970473215691,0.07822553813457489,0.0783696174621582,0.07762121098851045
2023-06-27,0.09385578633449725,0.0598449833925,0.07232752202792733,0.07086955356070107,0.07350015186363508,0.0693830878574901,0.07423102381951666,0.07300861924886703,0.0762161910533905,0.07279087849021826
2023-06-28,0.07153035836322086,0.0938557863345,0.08956230797619055,0.08887234915573233,0.08951783484170311,0.08337430937530968,0.07816658525568586,0.0820397436618805,0.08120498806238174,0.0846768740469834
2023-06-29,0.07298205948455277,0.0715303583633,0.07785987275010776,0.07747453841750512,0.07834482674448484,0.07059526889653575,0.0727126936100549,0.07893340289592743,0.08180360496044159,0.0768177440392939
2023-06-30,0.03341015583409991,0.0729820594845,0.07922150977570054,0.07961816130855015,0.07957092249460229,0.07131352563950391,0.0727126936100549,0.07768119126558304,0.0807790607213974,0.07727100925934173
2023-07-03,0.04807069167080956,0.0334101558341,0.05690832516400889,0.05600887800222382,0.05880585059140078,0.046508080261395204,0.06811533523767953,0.06303238123655319,0.06654810160398483,0.05941813601389233
2023-07-05,0.0643557417332968,0.0480706916708,0.06279650880024942,0.06263571779071313,0.06518348416108487,0.062389834734164956,0.06958398688326514,0.060481175780296326,0.07039225101470947,0.06478042273778332
2023-07-06,0.07169351657482007,0.0643557417333,0.06783078962348482,0.0681115738158548,0.07125036669489122,0.0714286673861663,0.07613494459449188,0.06438840180635452,0.07404401898384094,0.07045553755786922
2023-07-07,0.06800835255954374,0.0716935165748,0.07134118051876033,0.07177210883152081,0.0754692286449157,0.07652146438007319,0.07613494459449188,0.0689544826745987,0.08324825763702393,0.0747773810401978
2023-07-10,0.08249558293598028,0.0680083525596,0.06915893055907947,0.06918798394925933,0.07312668724370157,0.08870654676794497,0.07613494459449188,0.06973108649253845,0.08162824809551239,0.07538206110036115
2023-07-11,0.06701237767891242,0.082495582936,0.08041934676618503,0.0799654921605008,0.08313647921802633,0.08317571044476144,0.08508850122995909,0.07583597302436829,0.08613218367099762,0.08196481235925693
2023-07-12,0.051721602828388835,0.0670123776789,0.07471604339809443,0.07564924193256735,0.0770560955508379,0.08153190269397362,0.07633313187282449,0.07232238352298737,0.08046719431877136,0.07686799904143664
2023-07-13,0.06450330063845106,0.0517216028284,0.06641078740954309,0.06576925481681542,0.06839132491295835,0.0627483321013676,0.06937468442810621,0.06806981563568115,0.05735114961862564,0.06544504984615677
2023-07-14,0.04696749509819062,0.0645033006384,0.07176163782005184,0.07297598846371602,0.07374319851535634,0.06961534224091254,0.07125681491815979,0.06843610107898712,0.06240629404783249,0.07002791101214516
2023-07-17,0.060741426486278706,0.0469674950982,0.0616330448559473,0.06046352558799221,0.06433539065540024,0.0635392761571821,0.06891333123627337,0.06400732696056366,0.06474338471889496,0.06394789716746484
2023-07-18,0.06608152055263257,0.0607414264863,0.06624849156331021,0.06223834150806701,0.06982378713450477,0.0646035261475246,0.07079546172632695,0.06390650570392609,0.06810318678617477,0.06653132865283348
2023-07-19,0.07075776625939516,0.0660815205525,0.06871007379575171,0.06904011051751945,0.07227360964099379,0.0672685634076167,0.07079546172632695,0.06515203416347504,0.06860716640949249,0.06883528852302516
2023-07-20,0.07800676680453818,0.0707577662593,0.07266195503504128,0.07371154561664824,0.07600868473013654,0.07742357475453943,0.07442654208007675,0.06750123202800751,0.07206948101520538,0.0734004307513793
2023-07-21,0.06869958331338262,0.0780067668046,0.07729021429092749,0.07864841850089302,0.0801899250304284,0.07752055166495056,0.07672790985364368,0.0709463506937027,0.07681781053543091,0.07687731150999667
2023-07-24,0.048232328122247634,0.0686995833133,0.0748914431100386,0.07554821234211755,0.07714638616456755,0.06911444003271171,0.07074824434095228,0.07124842703342438,0.0698934942483902,0.07265580675317175
2023-07-25,0.10669612038399522,0.0482323281222,0.06417018216459497,0.06476006336859434,0.06723442481185381,0.06487587638475534,0.0698027798746061,0.06611087918281555,0.0667685717344284,0.06624611107452122
2023-07-26,0.09813157828668405,0.106696120384,0.09531486642639704,0.09477885542435277,0.09642839353472556,0.0924957796708327,0.09903555780403185,0.07809145748615265,0.07288505882024765,0.08986142416667717
2023-07-27,0.0857388774869347,0.0981315782866,0.0937329129006307,0.0969750865050838,0.09363857214075702,0.10187021811023046,0.08135388858589283,0.08384831249713898,0.09453332424163818,0.09227890214019599
2023-07-28,0.0707252917945285,0.0857388774869,0.08856805385060448,0.0872756156035378,0.08917677709114694,0.08311585196382806,0.08466720086343898,0.08422987163066864,0.07235829532146454,0.08419880947495563
2023-07-31,0.05765859782681157,0.0707252917946,0.08171314702731083,0.08057797544567444,0.08186678005543305,0.07080370927841964,0.07125681491815979,0.08056919276714325,0.06567686796188354,0.07606635535057493
2023-08-01,0.07914885021922681,0.0576585978267,0.07643321672952849,0.07777688268405672,0.0768358195226849,0.0695839755238743,0.07199692094152003,0.07547038793563843,0.0630003809928894,0.07301394061859891
2023-08-02,0.08409717863527646,0.0791488502192,0.08404697407821973,0.08581994079678104,0.08505089163931027,0.07821081971941854,0.08009447730947943,0.07694534957408905,0.06732606887817383,0.07964207457078169
2023-08-03,0.1130218375707863,0.0840971786353,0.08504336255341438,0.0848837462593488,0.08772328490905382,0.08476828844677421,0.08466720086343898,0.07887062430381775,0.077189601957798,0.0833065870419494
2023-08-04,0.07742779580665073,0.113021837571,0.10104797082738359,0.10422348776257624,0.10254599482375558,0.0991866068991997,0.11367748773439929,0.08781996369361877,0.09062772989273071,0.09987560594766627
2023-08-07,0.0834575953700105,0.0774277958066,0.08488510374836442,0.08456458452922717,0.08714598123410425,0.09557264717763628,0.07769783362268402,0.08457538485527039,0.08912044763565063,0.08622314040041959
2023-08-08,0.09079052353321683,0.08345759537,0.09004436100553946,0.09100721969816936,0.0905322486270594,0.08407625719450246,0.08591587746400674,0.08461971580982208,0.08969990909099579,0.08798508412715646
2023-08-09,0.1244790635888638,0.0907905235332,0.09452181461213117,0.09712487938832821,0.09493140878312817,0.09612922075327632,0.08591587746400674,0.08672529458999634,0.08528333157300949,0.09151883245198235
2023-08-10,0.09293547358874328,0.124479063589,0.11386914337390096,0.11603547533959392,0.11298551023945619,0.11176907014423228,0.10488769764171052,0.10130846500396729,0.09977685660123825,0.10866174547772849
2023-08-11,0.06966705114104084,0.0929354735888,0.09718367787094416,0.09586119250550827,0.0969922004088155,0.096084968406263,0.09101930707668966,0.09617690742015839,0.07778060436248779,0.09301412257869525
2023-08-14,0.09048833610236848,0.069667051141,0.08551635399623486,0.08272089785884829,0.08524450819840887,0.08311681448172861,0.08204377770977232,0.08417350053787231,0.06686066836118698,0.08138236016343603
2023-08-15,0.10349653377420134,0.0904883361024,0.09591399964299521,0.09859104929228428,0.09476633855836611,0.09095688072717878,0.09052794967587889,0.0864643007516861,0.07615049183368683,0.09048157292601089
2023-08-16,0.09635826841737455,0.103496533774,0.10311503847943945,0.10455050797996968,0.10271773728493117,0.10342154258713232,0.10488769764171052,0.09408529102802277,0.0957886278629303,0.10122377755201947
2023-08-17,0.09417639223234452,0.0963582684174,0.09716697794389972,0.09865962790603422,0.09841611911919138,0.10190717614575198,0.09958750862726909,0.09466022253036499,0.09868219494819641,0.09843997531724395
2023-08-18,0.08589828172390644,0.0941763922323,0.09621965419629187,0.09564304957025249,0.09828670466318033,0.10444412019835655,0.09958750862726909,0.09351371228694916,0.10044785588979721,0.09830608649029952
2023-08-21,0.0945861462136163,0.085898281724,0.09377945733198514,0.0934649816138421,0.09474765980624052,0.09908039489391235,0.10025688114721223,0.09034846723079681,0.0895700603723526,0.09446398605662025
2023-08-22,0.06593373466113686,0.0945861462136,0.09821658544117573,0.10036997293657934,0.09851710431643912,0.10217978949412945,0.10025688114721223,0.09196853637695312,0.08733052015304565,0.09697705569507638
2023-08-23,0.10551831140951792,0.0659337346611,0.08134140199620517,0.0787631079088279,0.08309183738925136,0.08885228991460087,0.08734900406184387,0.08187861740589142,0.08209242671728134,0.08333838362770028
2023-08-24,0.15992023417881804,0.10551831141,0.10071831366600068,0.10391312067857417,0.10031877743810855,0.10272966422120022,0.10046399252244875,0.09151285886764526,0.08468873798847198,0.09776363791177853
2023-08-25,0.08001992077423221,0.159920234179,0.13219610455908054,0.1292094153925532,0.13042808924973026,0.13255960800925864,0.12765512991319553,0.11832168698310852,0.11097976565361023,0.12590711425150528
2023-08-28,0.08487583880019331,0.0800199207742,0.09411022888541706,0.09515282750905776,0.09247368254884857,0.09209484542569349,0.09101930707668966,0.10122239589691162,0.09139303117990494,0.09392375978893187
2023-08-29,0.09074454738060243,0.0848758388002,0.09551488478735001,0.08976407899124869,0.09366307438824378,0.09362707408958262,0.09101930707668966,0.09141167998313904,0.08366388082504272,0.09123771144875666
2023-08-30,0.07019011274600148,0.0907445473806,0.10049920078933335,0.10048293021198708,0.09708876182195489,0.09573477941227795,0.09526233680657174,0.09062181413173676,0.08032867312431335,0.09428835661402503
2023-08-31,0.08289910973413647,0.0701901127459,0.08761642521129373,0.08960123351528171,0.0848369410145471,0.0838259971483965,0.08157364462090118,0.08369503915309906,0.0724649727344513,0.08337346477113865
2023-09-01,0.06222586957466806,0.0828991097341,0.08660868813793926,0.08917360909579077,0.08542865074480034,0.085750623200509,0.0784146094343097,0.0835719108581543,0.07166384160518646,0.08294456186809854
2023-09-05,0.08741153004276266,0.0622258695746,0.07530031976017362,0.07642520028085245,0.07456454903609563,0.07432339327954292,0.0699304374682031,0.077059805393219,0.06747101247310638,0.07358210252731331
2023-09-06,0.08525989484239821,0.0874115300427,0.08740494981118518,0.08932943521917777,0.08697629592359954,0.08882489169148573,0.0844110899793818,0.0830623209476471,0.07350807636976242,0.08478815142031992
2023-09-07,0.07178513114289337,0.0852598948424,0.08588666144838239,0.08284630225014497,0.08600720915393238,0.0879845439027066,0.0844110899793818,0.08559772372245789,0.07813628017902374,0.08440997294800424
2023-09-08,0.06461740547315097,0.071785131143,0.07970840569798798,0.07996536378702898,0.08026398930614838,0.08387212515453295,0.07592691801327524,0.08135966956615448,0.07929399609565735,0.08005578108868362
2023-09-11,0.07022658499482656,0.0646174054731,0.07463064373874513,0.07553691684377986,0.07531221091377457,0.07258629989837334,0.07643249137939702,0.07399626076221466,0.08341957628726959,0.07598777140336488
2023-09-12,0.08140100016050664,0.0702265849949,0.07805214102759156,0.0788101813942059,0.07841633361618754,0.07689533274241314,0.07643249137939702,0.07407702505588531,0.08128705620765686,0.0777100802033339
2023-09-13,0.05874607818633342,0.0814010001605,0.08276283328767953,0.08359949685195077,0.08352200697252622,0.07872861453581034,0.08429158628516595,0.07877524197101593,0.08687181025743484,0.08265022716594052
2023-09-14,0.07129844759263697,0.0587460781864,0.06973907035799853,0.06843756407198684,0.07095370778326204,0.06019173953797949,0.07128888016969354,0.07169510424137115,0.06151235103607178,0.0676883453140519
2023-09-15,0.05746455297129179,0.0712984475927,0.07560671889653134,0.0778563394739506,0.075913857423585,0.066889147717518,0.07004002517904884,0.07320774346590042,0.06344528496265411,0.07185130244559833
2023-09-18,0.06947046182185634,0.0574645529713,0.0685204155887676,0.06898214668565557,0.07018641193897783,0.0668924143822098,0.07128888016969354,0.06881432235240936,0.0712256208062172,0.06941574456056156
2023-09-19,0.10370519490325256,0.0694704618219,0.07411620273534975,0.07454272559417127,0.07607528805019856,0.07289280517996113,0.07643249137939702,0.07155541330575943,0.07793042063713074,0.07479219241170969
2023-09-20,0.08746041151008609,0.103705194903,0.09219251564444703,0.09583233364700704,0.09314907601028505,0.09119426397800676,0.095879174295675,0.08655615150928497,0.08879859745502472,0.09194315893424723
2023-09-21,0.10460845910858835,0.08746041151,0.08717573288115796,0.08774320598617938,0.08849476441661991,0.10332115876201338,0.08429158628516595,0.08712118119001389,0.11011749505996704,0.09260930351158822
2023-09-22,0.1120457164787338,0.104608459109,0.09823379584342576,0.09855083798945075,0.10032807532700058,0.10145507978997514,0.1120658826333688,0.09303118288516998,0.09973829239606857,0.10048616383777995
2023-09-25,0.09633127171103888,0.112045716479,0.10662466386882903,0.1010998389461759,0.1070609466029665,0.10783178515620906,0.11319356063579954,0.09905900061130524,0.10383213311433792,0.10552884699080331
2023-09-26,0.12763969255106813,0.096331271711,0.10170099052931168,0.10397577312888501,0.10168726896614756,0.1017529859661177,0.09946794671885496,0.09506971389055252,0.09919998794794083,0.10040780959254433
2023-09-27,0.13563260972991562,0.127639692551,0.11860116661116585,0.11898807334521443,0.11969143198124739,0.12718557369351907,0.11884522165335608,0.10498356074094772,0.11193633079528809,0.11717590840296266
2023-09-28,0.13150547122122486,0.13563260973,0.12665979289317106,0.1257006626484083,0.12561565060038582,0.12265420443137401,0.12214862907670837,0.11396987736225128,0.12152896821498871,0.1226111121753268
2023-09-29,0.1388764234998252,0.131505471221,0.12711082072277022,0.12966941600686926,0.12434526415876643,0.12094083240659925,0.12229220045772894,0.11605320870876312,0.12039317190647125,0.1229721306239955
2023-10-02,0.12435941045703136,0.1388764235,0.13294883499109028,0.13184734735000792,0.12957836962359198,0.12694727226674812,0.14281882014215333,0.1195637434720993,0.12275847047567368,0.12949469404590924
2023-10-03,0.13651945782589966,0.124359410457,0.12861894694486098,0.13299510441477647,0.12500431967142833,0.12300098279321425,0.12620283598845738,0.11563694477081299,0.11907187104225159,0.12436157223225743
2023-10-04,0.115675505401377,0.136519457826,0.13506781866650044,0.13527907940586514,0.13314253838329948,0.13576687822119143,0.12865154489839362,0.11876282095909119,0.12677189707756042,0.13049179680170025
2023-10-05,0.13257367285899263,0.115675505401,0.12341380717240133,0.12460298789206742,0.12070357207914961,0.12006205562889274,0.12291589098803823,0.11191476881504059,0.1236656904220581,0.12103982471394971
2023-10-06,0.10013525174134033,0.132573672859,0.1313864372356393,0.12594827328557306,0.12797461688860284,0.12611052950474702,0.12229220045772894,0.11610576510429382,0.12375865876674652,0.1247966401776188
2023-10-09,0.0898923770915799,0.100135251741,0.11263215632592793,0.11264584437079948,0.10974296578421977,0.1153285806012322,0.11463003431908944,0.10475291311740875,0.11036579310894012,0.1114426125182311
2023-10-10,0.0859081352493767,0.0898923770916,0.10468594154485855,0.1068700039835414,0.10287950853427558,0.1054488065683354,0.10578663585422714,0.10587559640407562,0.10586024820804596,0.10534382015676566
2023-10-11,0.1013763979284271,0.0859081352493,0.09819646133534024,0.09969972203256618,0.09678551911114647,0.09682251408617583,0.10413287635959442,0.09899275004863739,0.09988228231668472,0.09921601789859218
2023-10-12,0.12934781303301265,0.101376397928,0.10411918286449488,0.10556870329717385,0.10195182304515399,0.09967815822714957,0.10086744281400285,0.0985514372587204,0.09581217169761658,0.1009355598863303
2023-10-13,0.09400869628235252,0.129347813033,0.11689388450034267,0.11835564125176296,0.11453308571409057,0.10784659164481313,0.1057280791765716,0.10517708957195282,0.08369229733943939,0.10746095274271043
2023-10-16,0.1073149607092916,0.0940086962824,0.09971528354268888,0.10002855867398483,0.09985241657708971,0.10220509497184059,0.09916535719316776,0.10101215541362762,0.09318238496780396,0.09930875019145761
2023-10-17,0.13696886333024305,0.107314960709,0.10749792558736496,0.10629217178826789,0.10528356193738327,0.10406200609610584,0.11266328405142242,0.10207520425319672,0.09516257047653198,0.10471953202718187
2023-10-18,0.187715447432096,0.13696886333,0.12595363623288358,0.12783284880537926,0.12212641792730652,0.12070202014311128,0.12160753950817951,0.11133645474910736,0.10824158787727356,0.11968578646332015
2023-10-19,0.13587308243545224,0.187715447432,0.15746325645054726,0.1606275772118783,0.1522010809030156,0.15270786239336373,0.16710387475344832,0.13168813288211823,0.13008376955986023,0.1502679363077474
2023-10-20,0.14166605188309161,0.135873082435,0.133693756113195,0.13575867217277593,0.13041894013215144,0.13138916345098534,0.1355388220339642,0.13146580755710602,0.13543324172496796,0.13338548616930654
2023-10-23,0.10539459568669922,0.141666051883,0.14067485190241164,0.13866283766850956,0.13662991596643684,0.1358500925428976,0.14436276927749814,0.13337694108486176,0.13550812005996704,0.1378665040717975
2023-10-24,0.11250514617117743,0.105394595687,0.12348125472294841,0.12414674635825948,0.11968668334372293,0.1223272246721956,0.12711313583888842,0.12529365718364716,0.1218937337398529,0.1234203479799307
2023-10-25,0.15126278352470973,0.112505146171,0.12459585239347135,0.12688369351564022,0.11972755969342863,0.1215149768565057,0.12530868985183274,0.12111885845661163,0.11633624136447906,0.1222122674474242
2023-10-26,0.12707638655355605,0.151262783525,0.13940646503173104,0.14240653241213147,0.13638888088491374,0.1428404842054503,0.14949371632264252,0.12701630592346191,0.12554238736629486,0.13758496744951798
2023-10-27,0.10665429227590421,0.127076386554,0.12726037476901939,0.12946375341065453,0.12559824157972266,0.13083098607050125,0.12291132744638937,0.12471260130405426,0.12634097039699554,0.1267311792824767
2023-10-30,0.10527058335275245,0.106654292276,0.11453381455115702,0.11402376315207595,0.11446863703791119,0.12421119180268542,0.12291132744638937,0.11724457144737244,0.12344351410865784,0.11869097422089274
2023-10-31,0.12265525913211713,0.105270583353,0.11390419813548205,0.11020041493314842,0.11228341147928299,0.11352940150258824,0.12233273573880248,0.11244270205497742,0.11481846868991852,0.11421590464774287
2023-11-01,0.07147961301456242,0.122655259132,0.12300159473867289,0.11908833514120604,0.11912341617670366,0.11673036758547334,0.11990008385199895,0.11421583592891693,0.11122964322566986,0.11761275380694881
2023-11-02,0.0819670025262532,0.0714796130145,0.09180896317495771,0.09073078087707517,0.08952145376721687,0.10379376596678107,0.09838518458216527,0.10114596784114838,0.11472576856613159,0.0985874121107823
2023-11-03,0.0648745369092466,0.0819670025262,0.09269824182220548,0.09102386873532665,0.09009401139777126,0.08468749530016237,0.08934211830559059,0.09456481039524078,0.08078549057245255,0.08902800521839281
2023-11-06,0.06519415132978111,0.0648745369093,0.08094512596435792,0.08055719468161734,0.0791144484724377,0.0791225982596867,0.08184438837985376,0.08600641041994095,0.07393276691436768,0.08021756187032314
2023-11-07,0.07795296316974999,0.0651941513298,0.07753579323960277,0.07713653264766103,0.07679597445184824,0.07443055498568892,0.07675959672356304,0.08027759194374084,0.07504691183567047,0.07685470797539648
2023-11-08,0.1155865537189547,0.0779529631698,0.07941993291529609,0.08031462735427636,0.07961788524453364,0.07665639719376899,0.07852407539495253,0.08015120029449463,0.08343285322189331,0.07973099594560222
2023-11-09,0.08004633051114586,0.115586553719,0.10106589036275598,0.10336359823025769,0.09915972055671587,0.09448863115714207,0.10006485017599316,0.09556034207344055,0.09125762432813644,0.0978515224120631
2023-11-10,0.06033307928536385,0.0800463305112,0.08420338785575018,0.07923958501514516,0.0837314756913074,0.07937484342897153,0.0815956999690751,0.09040847420692444,0.08686989545822144,0.08363190880362789
2023-11-13,0.07253670406604094,0.0603330792853,0.07457903448081593,0.07296587037826513,0.07355234534754723,0.06423314953794795,0.07569204527199243,0.07962186634540558,0.0745554193854332,0.07359996153534391
2023-11-14,0.06909859380279168,0.072536704066,0.08104311912894224,0.08093380177385764,0.08035736977356096,0.07802842763592216,0.07569204527199243,0.07853645086288452,0.0810125321149826,0.0793719637945918
2023-11-15,0.07448880610920006,0.0690985938027,0.07865453673244369,0.07974060611731346,0.07745540397993032,0.07016049486833255,0.07569204527199243,0.07748664915561676,0.06583571434020996,0.07500363578083416
2023-11-16,0.051251796845055105,0.0744888061092,0.0775002693549653,0.0775579261186139,0.0773854449910697,0.07086214289874032,0.0762839954384212,0.07803286612033844,0.0698699951171875,0.07535609143419089
2023-11-17,0.059284900040327305,0.0512517968451,0.0640745423195577,0.06415736998999709,0.06501639850065274,0.05759739856427937,0.06928153741532515,0.06991337239742279,0.06941098719835281,0.06563594376936967
2023-11-20,0.053841676579044234,0.0592849000404,0.06790222167692976,0.0646523403564332,0.06896771245805922,0.06216003485312152,0.0711705882772196,0.06848236918449402,0.0707356259226799,0.06772441324699104
2023-11-21,0.08988573744879218,0.053841676579,0.0637462219639384,0.06462725992984827,0.06543217362838963,0.056735063830453944,0.06878999846810545,0.06604301929473877,0.06733841449022293,0.06467316451509962
2023-11-22,0.032574643869324495,0.0898857374488,0.08262207121218146,0.0846175141766827,0.08335345138852579,0.07874015577421702,0.07766764442827,0.07727639377117157,0.07786132395267487,0.08030550781481763
2023-11-24,0.045360016440108133,0.0325746438693,0.051985898704607625,0.05246262094039845,0.05465130832602321,0.04775179355705307,0.06426477932506836,0.06290653347969055,0.06532281637191772,0.05704939295782271
2023-11-27,0.06657621182797051,0.0453600164401,0.057535905381118066,0.05723691490488762,0.060119130555148254,0.05415416682137321,0.06706823810242538,0.059582773596048355,0.06341341882944107,0.05987293545577742
2023-11-28,0.06669238090073858,0.0665762118279,0.06826141376027413,0.0663398216852576,0.07068053306271734,0.06418061033546058,0.06895728896431982,0.06546099483966827,0.06754212826490402,0.06734611298751454
2023-11-29,0.10171800742493338,0.0666923809007,0.06955065842375233,0.07134588673046444,0.07176401178776512,0.06772410518900294,0.06895728896431982,0.06890121102333069,0.0702870637178421,0.06979003226235392
2023-11-30,0.08351604458075586,0.101718007425,0.08708219085879931,0.08526133190245754,0.08872819744629387,0.08417110525784208,0.09621664973431157,0.08162835240364075,0.07698797434568405,0.08572511456414703
2023-12-01,0.058622102216573574,0.0835160445808,0.08317348234428482,0.07874379132495093,0.08389697189044992,0.07728820559529387,0.07839826973379664,0.08250957727432251,0.07519741356372833,0.07988681596097529
2023-12-04,0.0957995194768742,0.0586221022166,0.07275558424149314,0.07395350660918375,0.07372385940241133,0.06590362024322721,0.07177044225642489,0.0735187828540802,0.06712599098682404,0.07125025522766351
2023-12-05,0.07686879410821273,0.0957995194769,0.09284002748071879,0.09208374318788451,0.0927472306902124,0.08682659003584652,0.07930368677134668,0.08197353780269623,0.07638994604349136,0.0860235374303138
2023-12-06,0.0645731735359259,0.0768687941082,0.08487534631073253,0.08757313485699342,0.08483079471068708,0.08028663539427852,0.07580817873718908,0.08063678443431854,0.07684087753295898,0.08155025028245115
2023-12-07,0.0897714674408144,0.064573173536,0.07573352486243876,0.0748659072866899,0.07701447192733943,0.0688581027707583,0.07177044225642489,0.07450385391712189,0.07250349968671799,0.07360711467249874
2023-12-08,0.05564289972825284,0.0897714674408,0.08800210499948569,0.08522138933202057,0.08862388515463837,0.0867102050805727,0.07836835454867483,0.08095159381628036,0.07965493202209473,0.0839332092791096
2023-12-11,0.049101028085039924,0.0556428997281,0.07175819870849817,0.07048975905070601,0.0725583985817267,0.06948233204696223,0.06992762035357525,0.07248423248529434,0.07254570722579956,0.07132089263608032
2023-12-12,0.1138717064035417,0.0491010280851,0.06452259135804474,0.0611837267339976,0.06690315930723953,0.06656225939409711,0.06994426944435059,0.06461750715970993,0.06625178456306458,0.06571218542292914
2023-12-13,0.09513019433039754,0.113871706404,0.09821171168252923,0.08640279281252565,0.09784215496024598,0.09290267044410194,0.09687227764575684,0.08450926095247269,0.059641607105731964,0.08805463937190917
2023-12-14,0.08352003893415041,0.0951301943304,0.09216396674719576,0.09350017785812577,0.09118198896143068,0.08854707240746387,0.07836835454867483,0.08886226266622543,0.08374151587486267,0.08805219129485416
2023-12-15,0.04817688959449707,0.0835200389341,0.08613992619444288,0.08659589893213362,0.0854104332696847,0.08093365288282586,0.07793439442835745,0.08574996143579483,0.07766245305538177,0.0829181028855173
2023-12-18,0.041185671049682314,0.0481768895945,0.06891699743866303,0.06888841415497879,0.06917592812523461,0.06404813767068877,0.06906167706931317,0.07147279381752014,0.06924277544021606,0.06868667481665923
2023-12-19,0.1083014726259657,0.0411856710497,0.06495874914666522,0.06409434669911991,0.06591591089143603,0.06165861204722858,0.06602971732465951,0.06231570988893509,0.06723488867282867,0.06460113352441042
2023-12-20,0.10717113807500227,0.108301472626,0.09584859991768127,0.09955020381630597,0.09573942688772821,0.09181320830987963,0.09687227764575684,0.08166975528001785,0.08525051176548004,0.09239199766040714
2023-12-21,0.07034454607730724,0.107171138075,0.09635766806889835,0.09596000386263714,0.09665376918451016,0.09354310035171934,0.09835440728548718,0.09158395975828171,0.09228760749101639,0.09496293085750718
2023-12-22,0.03904671387193242,0.0703445460772,0.07787634141336822,0.07843292965652401,0.07899441963324608,0.07864756802480359,0.07425154113649236,0.08238320052623749,0.0774223580956459,0.07828690835518823
2023-12-26,0.06818601639666304,0.0390467138719,0.06243346998144565,0.0627497296293355,0.06421903551794048,0.06337010620809046,0.06602971732465951,0.06624968349933624,0.05831781029701233,0.06333850749397431
2023-12-27,0.04866398108290484,0.0681860163967,0.07850731726191645,0.07863484736805132,0.07893277300734558,0.07552859210534399,0.07166096594524113,0.06990648806095123,0.06342671811580658,0.07379967169495091
2023-12-28,0.06550374970652902,0.0486639810829,0.06392849459612857,0.06512886509398594,0.06568723256290106,0.06248711019053964,0.06951030932403321,0.0642477348446846,0.06350472569465637,0.06492778175813277
2023-12-29,0.07707290862070018,0.0655037497065,0.06803493467495374,0.06882245319894878,0.07065720159442365,0.07004072697204257,0.07031478069803117,0.06635534018278122,0.066470667719841,0.06867087214871745
2024-01-02,0.08531463672012206,0.0770729086207,0.07405813901460313,0.07247240428781974,0.07629234237827633,0.07578149890869637,0.07031478069803117,0.07179787009954453,0.07067728787660599,0.07305633189479674
2024-01-03,0.06968141890075144,0.0853146367202,0.08214841685847583,0.08217680776657593,0.08361731391474152,0.0831072703992151,0.07836835454867483,0.07825683802366257,0.07611212134361267,0.08054101755070835
2024-01-04,0.10318007215753244,0.0696814189008,0.07497191243458726,0.07486937002677366,0.0772469875306024,0.07927798935490069,0.07625144048768237,0.07545497268438339,0.0753604918718338,0.07620473777010908
2024-01-05,0.07247964703585415,0.103180072157,0.0955811068918205,0.09358063084790252,0.09590172587718955,0.09580248779467337,0.09562868549044358,0.08660764247179031,0.08266095817089081,0.09225189107781581
2024-01-08,0.07880985277808861,0.0724796470359,0.08185074213313266,0.07651917302697783,0.08214602787315334,0.0802039318551475,0.07425154113649236,0.08133402466773987,0.07042064517736435,0.07810372655285827
2024-01-09,0.07164537177935781,0.0788098527782,0.08497395214935105,0.08355091077948361,0.08474948116917905,0.08273633710437024,0.07836835454867483,0.08055061101913452,0.06680134683847427,0.08024728480123823
2024-01-10,0.12087520114614411,0.0716453717793,0.08027760868138809,0.080763599395863,0.08026456539967006,0.07849945562427631,0.07236028724894415,0.07916441559791565,0.07239104807376862,0.0776744257174037
2024-01-11,0.08360987396444752,0.120875201146,0.1079359456836984,0.11016565799797498,0.10568910193925966,0.10200730020016832,0.10031091827061356,0.09435227513313293,0.0853872001171112,0.10083548562027987
2024-01-12,0.0918620195821494,0.0836098739645,0.08868824760287175,0.09059502503178393,0.08719240798622191,0.0839582982613499,0.08175948569124758,0.09022101759910583,0.06529762595891953,0.08395887259021435
2024-01-16,0.07718216862346898,0.0918620195822,0.09426567476336578,0.09477985179147888,0.0920864722776453,0.08810950591005115,0.08175948569124758,0.09082673490047455,0.06844543665647507,0.0871818802843912
2024-01-17,0.0806995630350103,0.0771821686235,0.087291634163189,0.08658761745317459,0.08633392461425818,0.0848709510169493,0.08097594745860025,0.08634580671787262,0.07862323522567749,0.0844327309499602
2024-01-18,0.06846045599148752,0.080699563035,0.08977825968373665,0.09029103207395861,0.08917059606828423,0.08842771636418413,0.0893165126296728,0.08538326621055603,0.08693262934684753,0.08847143033960571
2024-01-19,0.07117327459101484,0.0684604559916,0.07929530289685016,0.07737933723660896,0.07980751172102948,0.08170867962196571,0.07629766975216767,0.0797639936208725,0.08443555980920792,0.07981257923695749
2024-01-22,0.04693160426183064,0.071173274591,0.07940543335728897,0.08087211832835506,0.07947328893180258,0.07943237587887125,0.07236028724894415,0.07774795591831207,0.07584656774997711,0.07787686105907875
2024-01-23,0.08088450595052923,0.0469316042618,0.06396560016684216,0.06324692311443056,0.06550877863338422,0.06726402389662,0.0701259287177234,0.06855559349060059,0.0661868005990982,0.0664076640883856
2024-01-24,0.07811822883669599,0.0808845059505,0.08021767718175585,0.08222973213535795,0.08078324318394094,0.07989245139924842,0.07867592926655685,0.07438220083713531,0.07147067785263062,0.07823598740808943
2024-01-25,0.06311444863053785,0.0781182288367,0.07872144503561616,0.07842426406186802,0.07973043261989143,0.07951953411862393,0.07527263845444503,0.07666940987110138,0.07322712242603302,0.07736640665536842
2024-01-26,0.06367083033437526,0.0631144486306,0.07122369738089593,0.07207026636609029,0.07276665207158997,0.07270839984861287,0.07236028724894415,0.07305502891540527,0.06833825260400772,0.07178894063364946
2024-01-29,0.045126167430770366,0.0636708303343,0.0707726134582243,0.06715994917339566,0.07235369884574669,0.07263697760164772,0.07236028724894415,0.07121120393276215,0.06734377145767212,0.07054835738834184
2024-01-30,0.11840813190184869,0.0451261674308,0.061958879005793055,0.06303628217162549,0.06424394243933162,0.06606071243798602,0.0701259287177234,0.06480853259563446,0.06883201748132706,0.065580899264203
2024-01-31,0.10573620594795899,0.118408131902,0.09958006757188818,0.10284972374026069,0.09938876951211259,0.09831573681201315,0.09722736184592283,0.08494970202445984,0.08944974094629288,0.09596587177899288
2024-02-01,0.11231810824559145,0.105736205948,0.09612194315919413,0.0936212104455616,0.09618771747922272,0.09876920884690439,0.09722736184592283,0.09237641096115112,0.10786469280719757,0.09745264936359348
2024-02-02,0.08611818027424871,0.112318108246,0.1036429450080561,0.10418620817961631,0.10163136377083483,0.09902351179745035,0.10031091827061356,0.09886474907398224,0.08356127142906189,0.09874585250423075
2024-02-05,0.07566523177274752,0.0861181802742,0.09343002031754899,0.09603725434736614,0.09105858935064902,0.08665906961252995,0.0849576296752354,0.09406808018684387,0.08098042756319046,0.08959872443619485
2024-02-06,0.06532825342365431,0.0756652317728,0.09131495666546682,0.0921940133339178,0.08826785987868743,0.08257684357838124,0.07971417480702175,0.08895322680473328,0.07743161171674728,0.08577895525499366
2024-02-07,0.04755402175594362,0.0653282534237,0.08168715204295557,0.07957465625383825,0.07997377408104026,0.07631756795411321,0.07544384367363488,0.08151772618293762,0.07579165697097778,0.07861519673707108
2024-02-08,0.03956673902076187,0.0475540217559,0.06810063590494204,0.06799822973359487,0.06814744638694334,0.06601317125097916,0.0701259287177234,0.07107339799404144,0.0689750388264656,0.06863340697352713
2024-02-09,0.06647359118959047,0.0395667390207,0.05765807283385027,0.05632592625928243,0.05972196191215583,0.06010546349416136,0.06652085516250633,0.05792994052171707,0.06554583460092545,0.060544007826371246
2024-02-12,0.09353308614192092,0.0664735911895,0.0684685565191249,0.07027580085638888,0.07064715830100737,0.070350229914319,0.06891749078878173,0.06359919905662537,0.06887616217136383,0.06873351394394443
2024-02-13,0.09180471097241578,0.0935330861419,0.08278579883235854,0.08118331080341679,0.08469718388769323,0.0850680898918969,0.07825398298518664,0.07673072814941406,0.0779384970664978,0.08095108451663771
2024-02-14,0.07119444774973116,0.0918047109723,0.08437602301271421,0.08425832413204468,0.08637947421240844,0.08756072672587023,0.08352055732258364,0.08263791352510452,0.06903112679719925,0.08253773510398929
2024-02-15,0.09307820902637523,0.0711944477497,0.07690328897886832,0.07637070311451927,0.07822650625756825,0.07884614508267962,0.073915435784399,0.07781896740198135,0.06642647087574005,0.07550107392796512
2024-02-16,0.09907645413435828,0.0930782090263,0.0919935369357316,0.09470296715054713,0.09141221085099838,0.08963224076982199,0.08278517185076671,0.08431426435709,0.07394997030496597,0.08697005174570312
2024-02-20,0.08019488826694629,0.0990764541344,0.0977457593601593,0.10025645211500435,0.09640797867985151,0.09612634237248954,0.11637895453554492,0.09043244272470474,0.08768974244594574,0.0978625246048143
2024-02-21,0.07963701465729614,0.0801948882669,0.08768421803040505,0.08558365537485618,0.08764409076587462,0.0892819925066439,0.11007816916719344,0.08582472056150436,0.08364968001842499,0.08996378948927178
2024-02-22,0.07053433498614133,0.0796370146572,0.08630748764824067,0.08306742799388155,0.0864761528939197,0.0872910831175941,0.0860670335802491,0.08282473683357239,0.08030615746974945,0.08462001136245813
2024-02-23,0.05443386513586923,0.0705343349862,0.08196235084573478,0.08422727800859105,0.08177413278566092,0.08164516225737142,0.07974377377154686,0.07859452068805695,0.07790583372116089,0.0808361502968747
2024-02-26,0.04836327326361358,0.0544338651359,0.07094188769932316,0.07274158800801782,0.07161387601683816,0.07118417986610558,0.07243050559908593,0.07007517665624619,0.07486783713102341,0.07197929299666288
2024-02-27,0.05464630246497196,0.0483632732636,0.06352103036863198,0.06311624831746754,0.06572524298585951,0.06671397013892678,0.07161629500930185,0.06293239444494247,0.0708102285861969,0.06634791569304672
2024-02-28,0.08226699215337827,0.054646302465,0.0641469021197755,0.06357333162813186,0.06667123510655151,0.06812526374614235,0.07044579299117132,0.0618356391787529,0.06847433000802994,0.06618178496836505
2024-02-29,0.061127510984321946,0.0822669921533,0.0772916087394048,0.0797120643185171,0.07934513734119861,0.08062456767243875,0.07825398298518664,0.07167428731918335,0.07521484047174454,0.07744521269252481
2024-03-01,0.049841264119103564,0.0611275109843,0.06652638727542275,0.06353929226383562,0.06922897157883695,0.07246460560733103,0.07156692166847788,0.06872821599245071,0.07269473373889923,0.06924987544646488
2024-03-04,0.08811124704245196,0.0498412641191,0.06090085048519393,0.060378060051488984,0.06384749614215374,0.06488793252664407,0.06907058281315231,0.06253498047590256,0.0684768483042717,0.06429953582840105
2024-03-05,0.11828133305256583,0.0881112470424,0.08244361048829077,0.08385150253785995,0.08416957138617236,0.08450138779765182,0.07987489408509472,0.07407689094543457,0.07599608600139618,0.08070199189170005
2024-03-06,0.06259017258495138,0.118281333053,0.1023429123382063,0.10547375262307093,0.10262489835014929,0.10240457928505663,0.09917918449232647,0.09206903725862503,0.0885123535990715,0.09894381684950089
2024-03-07,0.1168610721930772,0.0625901725849,0.07451721620711713,0.07470661587875105,0.07637855217296839,0.07890290716498641,0.0771972975138814,0.07934833317995071,0.08285931497812271,0.07770146244225397
2024-03-08,0.08920047207192124,0.116861072193,0.10493840223602975,0.1073096192819181,0.10440691809735278,0.10406884766064436,0.10172566074999194,0.09341134130954742,0.09012503921985626,0.10085511836504867
2024-03-11,0.10983392328885644,0.0892004720719,0.09554799992507429,0.09481897545104327,0.09456842535434828,0.09275589275812748,0.08767862464265139,0.09161059558391571,0.08802656829357147,0.09214386885839028
2024-03-12,0.06297518023414621,0.109833923289,0.1070644833940035,0.10517256335970294,0.10531067159660117,0.1034232527026544,0.10528681519281625,0.09804055094718933,0.09655304998159409,0.10297876959636595
2024-03-13,0.11097338023675768,0.0629751802342,0.08009376847646431,0.08184908390348301,0.07944470619091383,0.07709682985737185,0.07923195933282612,0.0831543356180191,0.06381262838840485,0.07781190168106901
2024-03-14,0.08022742241902578,0.110973380237,0.1068973051849613,0.10926298086033778,0.10394340319652437,0.099869546511738,0.10449988675904061,0.09428548067808151,0.08160705119371414,0.10005223634062824
2024-03-15,0.06628478130057608,0.0802274224191,0.08919932643311074,0.08922391976853322,0.08805183949202194,0.08699079482620894,0.08438614497733386,0.08808889985084534,0.08989004790782928,0.08797585332226905
2024-03-18,0.058635389169238064,0.0662847813006,0.08062119548868113,0.08257625216520212,0.08079260051897041,0.08145860375163823,0.07923195933282612,0.07941006124019623,0.08394311368465424,0.08114768374030978
2024-03-19,0.12654135105167796,0.0586353891693,0.07240294560023634,0.06942539962983106,0.07403135995850221,0.0759899842922214,0.07656434486898478,0.07143045216798782,0.07785297930240631,0.07395678083145285
2024-03-20,0.060672836724165125,0.126541351052,0.1099104557577918,0.10253468920970163,0.10825381144163776,0.10502692278331681,0.10174293773404189,0.09366428852081299,0.08982066810131073,0.10156482479265909
2024-03-21,0.05978297365683644,0.0606728367241,0.07456682895549542,0.07573080022098352,0.07471166288572659,0.07464857139711598,0.07301210817220116,0.08001343905925751,0.08455683290958405,0.07674860622862346
2024-03-22,0.03815388892765716,0.0597829736569,0.07231384236249472,0.07381518724419149,0.07291433575298809,0.07079376115323746,0.07301210817220116,0.07195131480693817,0.0614670105278492,0.07089536571712861
2024-03-25,0.04009144213607088,0.0381538889277,0.05968282697240532,0.06025219207011352,0.06143932861702544,0.06025294104256749,0.0651447230796954,0.060396626591682434,0.054834578186273575,0.06028617379425188
2024-03-26,0.0672748972552259,0.0400914421361,0.0589356772577454,0.06058015283874732,0.061394359089279024,0.06028338487282893,0.06925106909173726,0.05584253370761871,0.05902912840247154,0.06075947218006117
2024-03-27,0.04991456963490319,0.0672748972552,0.06625189655807766,0.06488964861002147,0.06968106637371384,0.07041050338690893,0.07115683676038606,0.06190017610788345,0.06855800002813339,0.0675497325464464
2024-03-28,0.07127051653125575,0.0499145696349,0.05715162632481245,0.057318616962829916,0.060694968984766284,0.060766143526464346,0.08390852699434787,0.05908595770597458,0.06553173810243607,0.06349393980023307
2024-04-01,0.06092878956260004,0.0712705165313,0.06816825840808569,0.06930958434854877,0.07125336553466241,0.07097464579223733,0.0708279433648656,0.06521463394165039,0.06738397479057312,0.06901891516866047
2024-04-02,0.08767120700882816,0.0609287895625,0.06542273931732409,0.06539455785712156,0.06864669959518614,0.069270880100914,0.07157452696308587,0.06515227258205414,0.07284088432788849,0.06832893724908204
2024-04-03,0.1333991286179891,0.0876712070088,0.0822289031874423,0.08094117570530371,0.08447333960165715,0.08481670303428146,0.08318967526536386,0.07533347606658936,0.0860103964805603,0.08242766704874259
2024-04-04,0.11560535201439594,0.133399128618,0.10954196377012004,0.11394000826816167,0.10905643247222443,0.10771077649925949,0.09907532327020055,0.09767402708530426,0.09886521846055984,0.10512339283226146
2024-04-05,0.06441252370255648,0.115605352014,0.10715977905246576,0.1035046498436509,0.1069377696034658,0.10815344812527974,0.10670415141494496,0.10343579947948456,0.10565275698900223,0.10593547921547056
2024-04-08,0.11889319770459705,0.0644125237025,0.08264560891040418,0.08320906497865438,0.08311972691443702,0.0840690216196976,0.08173280124903401,0.08659552037715912,0.0885467678308487,0.08427407312574786
2024-04-09,0.14816415133485833,0.118893197705,0.11333998011420027,0.11341993929923,0.11078514608025877,0.10889920668394128,0.10528681519281625,0.09901847690343857,0.09348875284194946,0.10631975958797636
2024-04-10,0.09587602927489436,0.148164151335,0.1324975756195329,0.1320193135036627,0.1278727470564941,0.12273655942103427,0.13521891131832717,0.11757118999958038,0.10675550997257233,0.12495311527017197
2024-04-11,0.10854106403468505,0.0958760292749,0.10460857309881195,0.10434409642982762,0.102424090388017,0.10123368654104928,0.09570977403447091,0.10330326855182648,0.0852508544921875,0.09955347764802724
2024-04-12,0.13893394939408726,0.108541064035,0.10987571507267854,0.11105134695329452,0.10706392590808739,0.10509210862302751,0.11028019280485277,0.10139548778533936,0.09264443814754486,0.10534331647068929
2024-04-15,0.16290106915118757,0.138933949394,0.13076379436215668,0.1350787798754018,0.12721137764035154,0.12702381647326225,0.13265672564788333,0.11315798759460449,0.12417662143707275,0.1271527290043904
2024-04-16,0.15085273062681231,0.162901069151,0.14589997798544985,0.14748045867476667,0.14259469775485362,0.14317040301721634,0.15471000127704024,0.12838731706142426,0.15054680407047272,0.1446842371201748
2024-04-17,0.12840187318961666,0.150852730627,0.1404506537443528,0.14351739425957113,0.13643589803433342,0.13722178016773467,0.1498440087926483,0.1313311755657196,0.14810073375701904,0.14098594918876842
2024-04-18,0.13199693061924583,0.12840187319,0.13287364536609708,0.13441578303321525,0.12821985888810217,0.12773955978925108,0.12800559758768415,0.12522068619728088,0.12326467037200928,0.12853425731909143
2024-04-19,0.10106784192406602,0.131996930619,0.13661130105102698,0.1394706290760231,0.13100114976352756,0.13009085298560094,0.12871831909978923,0.12389510869979858,0.11987996101379395,0.12995247452708006
2024-04-22,0.07863261033525976,0.101067841924,0.11875890300927783,0.11931251866485984,0.1153773595339963,0.11560939750111407,0.12786258916116475,0.11189520359039307,0.11222078651189804,0.11729096542467199
2024-04-23,0.09674063353409053,0.0786326103353,0.10059923467546042,0.09896876093303589,0.09782518800400755,0.09992578327638314,0.10412538098566095,0.09661377966403961,0.09732409566640854,0.09934031760071373
2024-04-24,0.10659727042079829,0.096740633534,0.1040822351744351,0.10581514725970909,0.10113581304674724,0.10214170331861654,0.09663995701130706,0.094843789935112,0.08888959884643555,0.09907832065605181
2024-04-25,0.07919565629779451,0.106597270421,0.10662492494282623,0.10391033406111563,0.10381042100630167,0.10557572166546646,0.10577544290298266,0.09807831048965454,0.09619234502315521,0.10285250001307178
2024-04-26,0.08876417658064767,0.0791956562977,0.08899175988247164,0.08817737709069146,0.08830545483054449,0.09344728147058262,0.08698132056447906,0.08964250981807709,0.08932230621576309,0.08926685855322991
2024-04-29,0.11523676162598982,0.0887641765806,0.09231358407636797,0.09503459335905112,0.09059456021111538,0.09332478223967396,0.08650804832959098,0.0883469432592392,0.08783667534589767,0.0905655981172766
2024-04-30,0.17289438398450077,0.115236761626,0.10793073847138346,0.112227189975841,0.10442995330065247,0.105093460054268,0.10384548102141926,0.09783919155597687,0.10119248926639557,0.10465121480656236
2024-05-01,0.11950013713224934,0.172894383985,0.1416618498725216,0.14244196783796712,0.1362882619325828,0.13705567249513195,0.14887793443783467,0.12382519245147705,0.12840355932712555,0.13693634833637727
2024-05-02,0.09188501539083727,0.119500137132,0.11786441834927575,0.1177755382757605,0.11251340761865945,0.11400333705680954,0.11067507412064652,0.11835622787475586,0.13057512044906616,0.11739473196356767
2024-05-03,0.045946702947433346,0.0918850153909,0.10613126814955334,0.10788223017889824,0.10046163866731964,0.10050905923857437,0.09663995701130706,0.10516750812530518,0.08708670735359192,0.10055405267493568
2024-05-06,0.05774748262091431,0.0459467029474,0.08088905087938664,0.07885597768560793,0.07615463156338327,0.07419845632044761,0.09181516797486261,0.08213536441326141,0.07828409969806671,0.08033324979071661
2024-05-07,0.0435578462867617,0.0577474826208,0.0812194825588661,0.08283035726687013,0.07784506863428022,0.07928111841431645,0.08171349127412819,0.07429498434066772,0.06869354844093323,0.07798257870429458
2024-05-08,0.05344562071867442,0.0435578462868,0.06284297865402233,0.06121836790534556,0.06276982157737288,0.06714467747751934,0.07568885935281393,0.06421643495559692,0.06438317149877548,0.06546633020306378
2024-05-09,0.06414664487957573,0.0534456207186,0.061508723216879196,0.058204063679849906,0.06298215801282625,0.0677970880978978,0.07041634147718483,0.061900388449430466,0.06667149066925049,0.06421146480047414
2024-05-10,0.04207059566589615,0.0641466448796,0.06401764875168194,0.06501012111678822,0.06597348920447516,0.07025845859807256,0.07093279510440491,0.06742706149816513,0.06893942505121231,0.06750842847497146
2024-05-13,0.07008002271970522,0.0420705956659,0.05336392280698637,0.05436904403961958,0.05581074089918423,0.06077943786914875,0.06965123666752647,0.060987696051597595,0.06319329887628555,0.05973648245862122
2024-05-14,0.05041800313459469,0.0700800227197,0.06765363704273121,0.0660129351310924,0.07000792834290875,0.07553997526246832,0.07382584749684618,0.06782827526330948,0.07497426867485046,0.07083469531631525
2024-05-15,0.07711904185150902,0.0504180031347,0.05913557505955779,0.05677203887544728,0.06162548912830095,0.06706929334444608,0.06965123666752647,0.06316202878952026,0.07298596948385239,0.06434309019266446
2024-05-16,0.05025023502038174,0.0771190418516,0.07388161133627441,0.07579201818150726,0.07475321970544108,0.07612567420932849,0.07231800026711432,0.0705953910946846,0.05485202372074127,0.07118827693072735
2024-05-17,0.045491211757597315,0.0502502350204,0.060119580866127065,0.06064141051941335,0.06200060646440921,0.06289888117157165,0.06965123666752647,0.0631089136004448,0.05986304581165314,0.06261195358587796
2024-05-20,0.040514645261106756,0.0454912117576,0.05827607466609657,0.05797065862570719,0.060119430417711034,0.05967745885102251,0.06965123666752647,0.05747321993112564,0.06059329956769943,0.06053733981812698
2024-05-21,0.07877587286708793,0.0405146452611,0.05335895974467103,0.051568788250921205,0.056528902823464705,0.05848719890756819,0.06965123666752647,0.05279050022363663,0.06093864142894745,0.05761774686381938
2024-05-22,0.10171922275743557,0.078775872867,0.07388965932304611,0.07375265451166108,0.07550106158273638,0.07400270982285245,0.07461832113913167,0.06661343574523926,0.07482382655143738,0.07331452409658633
2024-05-23,0.07601244127471239,0.101719222757,0.08685192619922452,0.08938377599907038,0.087736672698852,0.08622168089926222,0.09369510497677822,0.08250891417264938,0.08218231052160263,0.08694005506677706
2024-05-24,0.07258003931137817,0.0760124412747,0.07714065327498779,0.07675395594453002,0.078045507614663,0.07760346031889405,0.07412494064626403,0.07903999835252762,0.0784585177898407,0.07730957627738674
2024-05-28,0.06647805320012312,0.0725800393114,0.07801044026987768,0.07747525805939952,0.07773581931687953,0.07396635473079541,0.07273973548355461,0.07472947239875793,0.06788147985935211,0.07464836573123097
2024-05-29,0.07704836190447141,0.0664780532001,0.07750580691066299,0.07737925423039953,0.07714003619879792,0.0746542672142162,0.07273973548355461,0.07085465639829636,0.06911271810531616,0.07419806779160625
2024-05-30,0.11218216386682153,0.0770483619044,0.0823193321264627,0.08336483947583971,0.0827112418581672,0.08077717186079433,0.07592635769231318,0.07361733913421631,0.0779302716255188,0.07952093625333032
2024-05-31,0.10030050783826969,0.112182163867,0.0997479457483405,0.09515850932411185,0.09971614170274865,0.09844111446701496,0.09867543735158517,0.08901535719633102,0.0889292061328888,0.09566910170328871
2024-06-03,0.10133271237558383,0.100300507838,0.0964385135642094,0.09720546749601797,0.09535988915270263,0.09175274875373321,0.08655553813358217,0.09155519306659698,0.08438490331172943,0.0918931790683674
2024-06-04,0.06759409887675404,0.101332712376,0.09953759084948294,0.0992718174381407,0.09814945147429871,0.09484342127219844,0.09989609982259103,0.09216883778572083,0.08829863369464874,0.09602369319101164
2024-06-05,0.05969427893053739,0.0675940988768,0.08383576085299416,0.08151115966388917,0.08319523017400685,0.08010985928132308,0.07615995557815598,0.0787491574883461,0.07752065360546112,0.08015453952059663
2024-06-06,0.0905596790659088,0.0596942789306,0.07854919417931781,0.07980983491406882,0.0779840291180865,0.0751526408404484,0.07303622792575008,0.06958650052547455,0.06938619911670685,0.07478637523140759
2024-06-07,0.05635022049104688,0.0905596790659,0.09104259007232593,0.09054066915945162,0.09037221402631299,0.08669140885253439,0.07916935377279023,0.07857077568769455,0.07399381697177887,0.08434011836326981
2024-06-10,0.07410150261072444,0.056350220491,0.07101307962153391,0.06831166423002888,0.07180543916737163,0.069219722497568,0.07176590111149288,0.07013130933046341,0.06560777872800827,0.069693556383781
2024-06-11,0.10420113124450424,0.0741015026107,0.07678714904830242,0.07590735708064303,0.07815101875614357,0.07675986904296805,0.07162999553035024,0.07365269213914871,0.07365477085113525,0.07522040749267019
2024-06-12,0.07698631743322445,0.104201131244,0.09416512685891826,0.09618426888203027,0.09396301665074286,0.09264600176426084,0.09825394518949204,0.08799636363983154,0.08479903638362885,0.09257253705270066
2024-06-13,0.07680523071217742,0.0769863174333,0.08294158085591852,0.0826673165456496,0.08178757965782206,0.077229350947365,0.07360701669476605,0.08419185131788254,0.06595819443464279,0.07834041292200665
2024-06-14,0.07020307084501361,0.0768052307122,0.0816068177434574,0.08064907098998231,0.0807579960161427,0.07611709641905565,0.07360701669476605,0.07995911687612534,0.05356266349554062,0.07517996831929571
2024-06-17,0.05021757756340304,0.0702030708451,0.07974657702859814,0.07720599466841882,0.07886984768214587,0.07407564578888112,0.07162999553035024,0.0757695659995079,0.06286934018135071,0.07430956669703612
2024-06-18,0.1026584939585147,0.0502175775635,0.06824645391004922,0.06847298022409107,0.06874183129568837,0.06868191038526714,0.06992254177022167,0.06602539867162704,0.06807282567024231,0.06830913456102669
2024-06-20,0.07482921760329984,0.102658493958,0.09263372716161838,0.09283730669221266,0.09203293399314531,0.08963315778929087,0.09142660359942369,0.08248648792505264,0.08321452140808105,0.08918067693840351
2024-06-21,0.09596272987478212,0.0748292176032,0.07936904237393493,0.07991200778894347,0.07982282119355677,0.07900190784275266,0.07162999553035024,0.08057156205177307,0.08308012038469315,0.07905535102371489
2024-06-24,0.0590267099403753,0.0959627298748,0.0909529618816935,0.09103030766262704,0.09019578248425958,0.08772039260040904,0.08019254755014667,0.08692581206560135,0.0829978883266449,0.08714509893876886
2024-06-25,0.07106789210990573,0.0590267099405,0.07265125223404537,0.07161352614268064,0.07319876998772006,0.07282610378403341,0.07162999553035024,0.07491638511419296,0.07446033507585526,0.07304233826698257
2024-06-26,0.07307048016339293,0.07106789211,0.08020826486626761,0.07910980013074417,0.07978837873565546,0.07836421575779463,0.07162999553035024,0.07379414886236191,0.07243858277797699,0.07647619809445015
2024-06-27,0.09890621935640852,0.0730704801634,0.07847443530095008,0.07699133287338775,0.07851735286260533,0.07580557232975506,0.07162999553035024,0.07411792874336243,0.07131899893283844,0.07526508808189276
2024-06-28,0.1038678298669381,0.0989062193564,0.09273423880319093,0.09406287625934445,0.09145859665173506,0.08746726177617632,0.08195214895702964,0.08553792536258698,0.07671168446540833,0.08713210461078168
2024-07-01,0.054719515752462575,0.103867829867,0.09573895842262103,0.09642365681861845,0.09420647212015473,0.08994402626161695,0.09825394518949204,0.09282528609037399,0.08108602464199066,0.09263976707783828
2024-07-02,0.039112851939184394,0.0547195157526,0.07233751453607849,0.06960989783165401,0.07149193364019103,0.06743253749785655,0.07079472268203821,0.07583789527416229,0.0695657730102539,0.07101003921031922
2024-07-03,0.05181134391881762,0.0391128519392,0.062203271492614884,0.06096535020201375,0.06239579234176816,0.0590208580744476,0.0671650057238665,0.06029284745454788,0.05705954134464264,0.0613003809477002
2024-07-05,0.038983652458023474,0.0518113439187,0.0662779464280513,0.06638387059702297,0.06697820995478808,0.06433307518242432,0.07079472268203821,0.0591902881860733,0.06104949116706848,0.0650010863139238
2024-07-08,0.04851723501238998,0.038983652458,0.0549073623592038,0.05574584985017891,0.05768452683421982,0.05741870366615749,0.06521496945557133,0.054849132895469666,0.06260103732347488,0.058345940340610844
2024-07-09,0.04693953624046535,0.0485172350124,0.0543888490382895,0.05499673877092643,0.058656958497453685,0.060535054776798033,0.06884468641374304,0.05619083344936371,0.06602070480585098,0.05994768939320362
2024-07-10,0.10138177302170248,0.0469395362405,0.05295808451817379,0.04896832384187399,0.057571764665200253,0.06067704405968864,0.06884468641374304,0.05702800303697586,0.06826859712600708,0.059188071951666095
2024-07-11,0.07995966443363303,0.101381773022,0.08409174897977942,0.08571535770358635,0.08634701923344,0.08717646802487601,0.09010952133714345,0.07901725172996521,0.08104903995990753,0.08478662956695684
2024-07-12,0.09052341482559084,0.0799596644336,0.0764970985635992,0.07689410125434935,0.07845515723386752,0.07129640117665102,0.07721803960622835,0.08123638480901718,0.063400499522686,0.0749996688809141
2024-07-15,0.07237049764357573,0.0905234148256,0.08608996145170461,0.08741985440021748,0.08601315985222183,0.08277493376825684,0.07857864037952288,0.08471821993589401,0.06706230342388153,0.08180815331595703
2024-07-16,0.0810477204653456,0.0723704976435,0.07977155394482344,0.07783814591635072,0.08004278791982576,0.07709291878571696,0.07263183217378374,0.07850304991006851,0.0711551308631897,0.07671934564482268
2024-07-17,0.14562357526887876,0.0810477204654,0.0869161232003537,0.08825146618355127,0.08622072360316901,0.08015431839116217,0.08089032549903993,0.0793948844075203,0.07940308749675751,0.08303298982593628
2024-07-18,0.11935676114077325,0.145623575269,0.12110360817822642,0.12338736328787953,0.11897979271943533,0.11282186000418944,0.11929779025967198,0.10624422878026962,0.10606720298528671,0.11541454945927986
2024-07-19,0.10908954505388131,0.119356761141,0.11231547276593,0.11405180028016577,0.11029406231776882,0.10831719352178193,0.10429521347255717,0.10903044790029526,0.10943898558616638,0.10967759654923791
2024-07-22,0.08222109937788719,0.109089545054,0.10913041233250248,0.10951946525467864,0.10732589955172595,0.10771411652402205,0.10895683080906901,0.10438244789838791,0.10273457318544388,0.1071091065079757
2024-07-23,0.09584247399578331,0.0822210993779,0.09745293561727193,0.10011834945328495,0.09494869717118985,0.09873833176508594,0.09329694939259928,0.0909901037812233,0.08131878077983856,0.0938377354229277
2024-07-24,0.15502209625859922,0.0958424739958,0.10515219695564988,0.10846251836689098,0.1019776959428082,0.09397668823406295,0.0938009459346224,0.09144608676433563,0.0782507061958313,0.0961524054848859
2024-07-25,0.14730755096699286,0.155022096259,0.13367085225128947,0.13609555189762138,0.13211257156648723,0.13138715002867155,0.13984072447802906,0.11680503934621811,0.11882497370243073,0.1298195518958211
2024-07-26,0.10411954882506742,0.147307550967,0.13250313794131774,0.13512263280092368,0.13052281349550568,0.13948842700603478,0.1408206140168549,0.12662816047668457,0.13469941914081573,0.1342550292683053
2024-07-29,0.1210513324314177,0.104119548825,0.11179209407658226,0.11306595112631036,0.10884220929783979,0.11422365202034425,0.137405013544624,0.11126121133565903,0.1068563461303711,0.11477806821881868
2024-07-30,0.11885340567534276,0.121051332431,0.12319033649771659,0.12623039073377929,0.11910490689694053,0.11930474766867158,0.12047291725408767,0.11079012602567673,0.09768468141555786,0.11668258664177576
2024-07-31,0.15056234098612575,0.118853405675,0.12422270378187948,0.12378407022354707,0.1203596567790501,0.12469118200310865,0.12047291725408767,0.11134102195501328,0.10864545404911041,0.11907385800654237
2024-08-01,0.18250264527511922,0.150562340986,0.1386310980966638,0.14244005516145503,0.13297056133707044,0.14531820423310643,0.14098210605352787,0.12457940727472305,0.12622541189193726,0.13587812057835483
2024-08-02,0.3139697155643582,0.182502645275,0.15665868969960067,0.1572728498846107,0.15110717199575263,0.1575115521578907,0.1605969866259407,0.14496175944805145,0.13664977252483368,0.15210839747666866
2024-08-05,0.1943125958928036,0.313969715564,0.23696466154097245,0.22370518255888758,0.22744556499971808,0.23821594231635956,0.26037125579402554,0.21402493119239807,0.20343546569347382,0.22916614344226213
2024-08-06,0.1894597103211234,0.194312595893,0.18740361462489757,0.18765368444068242,0.19520404268658398,0.23808047375871333,0.2768490073467587,0.19416311383247375,0.2685934603214264,0.22113534243021946
2024-08-07,0.1614023707554508,0.189459710321,0.1913757725761528,0.19684162802642113,0.18328000627380087,0.21538236296076474,0.23570639407341268,0.176899716258049,0.2268061488866806,0.20375600415075454
2024-08-08,0.13875308944472697,0.161402370755,0.17910911990995287,0.17292948209180908,0.1723769035624505,0.19608794671204188,0.21718380553850444,0.15740570425987244,0.16481143236160278,0.17998634206231914
2024-08-09,0.14674504092703508,0.138753089445,0.1644601986686471,0.1653130469660615,0.15327692890641567,0.16203184695728806,0.15300529089537995,0.14150823652744293,0.11352565884590149,0.1504458868238767
2024-08-12,0.0758004575866373,0.146745040927,0.15312709730633128,0.15835047011339123,0.14306447138382317,0.1423338414826862,0.1609618708180515,0.1403188854455948,0.12254603207111359,0.145814666945856
2024-08-13,0.10879515872739007,0.0758004575866,0.10913733251704666,0.10759758213734666,0.10352065660787588,0.10736142854303347,0.11363908217215535,0.11078375577926636,0.11929157376289368,0.11019020164565974
2024-08-14,0.06488536344911076,0.108795158727,0.11733088471997588,0.12021547732239216,0.11059373029861969,0.11378625841195125,0.12037331653610223,0.11299069225788116,0.12033099681138992,0.11651733662261606
2024-08-15,0.06294494366765928,0.0648853634491,0.08801909491744618,0.08701712753711544,0.08296302316961246,0.0864334434517753,0.08754190818932278,0.09672141075134277,0.07292935252189636,0.08594648007693019
2024-08-16,0.07421214878438166,0.0629449436677,0.08028677838621286,0.07954486907171482,0.07610935965036933,0.07926737508353138,0.08138151672909154,0.08766688406467438,0.06261739134788513,0.07812488204763991
2024-08-19,0.07440919314783624,0.0742121487844,0.07910116660794533,0.07743601973841356,0.07657298249032962,0.08008657817793385,0.07769260419043536,0.08684101700782776,0.0750022679567337,0.07896180516708846
2024-08-20,0.10132661873620968,0.0744091931478,0.07911147773324864,0.07983965624444345,0.07639736912473795,0.07916260121288987,0.07769260419043536,0.0875905305147171,0.08396955579519272,0.08053768497366644
2024-08-21,0.11574819704837738,0.101326618736,0.09108062204375203,0.09302676875752218,0.08884470801110862,0.09303203648595443,0.09129925329969989,0.09762492775917053,0.09599724411964417,0.09298650863955027
2024-08-22,0.1455379323571501,0.115748197048,0.10240650455641803,0.10548995953232654,0.09889754444738137,0.10268794790078252,0.10031504055454299,0.10804934799671173,0.10372544825077057,0.1030816847484191
2024-08-23,0.07595315495570674,0.145537932357,0.12379331698276633,0.12408179178051082,0.11841029488502285,0.12075711793923531,0.12082662575182739,0.12461134791374207,0.11409115046262741,0.12093880653081888
2024-08-26,0.06519495992384074,0.0759531549557,0.0913625093780576,0.09424064142858968,0.0858987130182966,0.08584592566835461,0.08258782467151049,0.09990030527114868,0.08190067112445831,0.08881951293720228
2024-08-27,0.1085564412354845,0.0651949599238,0.08556036332735678,0.08468499753730856,0.08094542214260986,0.08172486273317495,0.08114034327310349,0.08187262713909149,0.07379572093486786,0.08138919101250186
2024-08-28,0.10789933459306966,0.108556441235,0.10656281034000788,0.1081789914077241,0.10075408984535258,0.09963385677441783,0.10411796697659394,0.09434761106967926,0.09296584129333496,0.10093730967244437
2024-08-29,0.09725421956834367,0.107899334593,0.10555896066070763,0.10799806852205111,0.10108615490459318,0.10296919032975535,0.10446492209427967,0.10246838629245758,0.10293075442314148,0.10392520531814087
2024-08-30,0.1168850085827879,0.0972542195683,0.09622697727101447,0.09565919010750806,0.09245168107995261,0.09351039457226777,0.08956359025978232,0.0999731719493866,0.08905305713415146,0.09377686605343762
2024-09-03,0.10632782614304498,0.116885008583,0.10916701107486171,0.1130004878667292,0.10313688005533668,0.09902248344078363,0.10411796697659394,0.1070786565542221,0.08821851015090942,0.1033917137313481
2024-09-04,0.1271887058076369,0.106327826143,0.10799547933924528,0.10907000428282754,0.10559882162848556,0.10860292491629238,0.11670938842393225,0.10629430413246155,0.11017920076847076,0.10920716049881649
2024-09-05,0.15301988819587864,0.127188705808,0.11964879612356293,0.1203471298004001,0.11754234186423526,0.1203022540047674,0.1193131141099164,0.11284148693084717,0.12738096714019775,0.119625155710561
2024-09-06,0.10134520507856502,0.153019888196,0.1358846002461762,0.1412068686501333,0.13205616790218827,0.13396424456124922,0.1355873970338566,0.1270405650138855,0.13260498642921448,0.13404926140524337
2024-09-09,0.11200233684353375,0.101345205079,0.11208176497692028,0.11272526695382347,0.11177431147774752,0.11522140205074716,0.11709173036654653,0.11040881276130676,0.11567211151123047,0.11356791429976032
2024-09-10,0.13455178125370768,0.112002336843,0.11669151061084976,0.11910443331479631,0.11472549279787113,0.1175578465490577,0.1209025888433685,0.10602474212646484,0.1087033599615097,0.11481571060055971
2024-09-11,0.11605599358402133,0.134551781254,0.12973164318611172,0.1264552162489993,0.12621268442155037,0.1268057524850608,0.12037760727707236,0.11604773253202438,0.11931390315294266,0.12356350561482309
2024-09-12,0.07738775801766323,0.116055993584,0.12004878924099022,0.11937197127025466,0.11580422419721315,0.11400436788905732,0.12037760727707236,0.11395510286092758,0.09077559411525726,0.11347680812153893
2024-09-13,0.08424471615204362,0.0773877580177,0.09506083638296033,0.0951923318833062,0.09230603163506113,0.09183934085353637,0.09456326360473197,0.09487767517566681,0.07908247411251068,0.09184599337825336
2024-09-16,0.09866176825855899,0.084244716152,0.09678300948246849,0.09668950110960421,0.09398101673764077,0.09136500536434312,0.09280275455228224,0.08969102054834366,0.09586308151483536,0.09388219847278825
2024-09-17,0.1774541963234006,0.0986617682585,0.1023512782438605,0.10439534013973462,0.10002128735321147,0.09911738438005252,0.09362840291728933,0.09590970724821091,0.11100684851408005,0.10091860697091991
2024-09-18,0.09514458925492926,0.177454196323,0.1432101696459135,0.14168998209062333,0.13827011886718782,0.13583496085657198,0.1371417762074937,0.13385486602783203,0.14119896292686462,0.1387429766603553
2024-09-19,0.07516821646793544,0.0951445892549,0.10254097410091842,0.10205113418050879,0.09990991199694796,0.10078151582788658,0.09534398007223553,0.11573731154203415,0.12979024648666382,0.10659358202959932
2024-09-20,0.06226513658919251,0.0751682164679,0.09293006951601253,0.09381530477095895,0.08879107668612701,0.08633610844672618,0.0888154416089154,0.0942150130867958,0.07400685548782349,0.08841569565762276
2024-09-23,0.06484370705317517,0.0622651365892,0.08491892310393616,0.08449379802847941,0.08143923540401526,0.07882601482163495,0.08040886202727902,0.07955636829137802,0.07158300280570984,0.08017517206891896
2024-09-24,0.050229570569595754,0.0648437070531,0.08315288806950218,0.08308568858334825,0.0804972228882721,0.07851475675880953,0.07966273173194821,0.07635664939880371,0.07504437863826752,0.07947347372413592
2024-09-25,0.07000522164134615,0.0502295705697,0.06496729488750846,0.06518775269529747,0.06574023529496993,0.06525679080035293,0.073604635377474,0.06828268617391586,0.07178421318531036,0.06783194405926128
2024-09-26,0.06207040875841241,0.0700052216414,0.07203985443665574,0.07309281018921521,0.0734043484477716,0.07376043178524516,0.0737891017864111,0.07398607581853867,0.07678893208503723,0.07383736493555353
2024-09-27,0.0842443608335371,0.0620704087585,0.06713211585634674,0.06766816274349077,0.06929381758455112,0.07060577358319092,0.0737891017864111,0.07466144859790802,0.0776120126247406,0.07153749039666275
2024-09-30,0.12890193350537765,0.0842443608335,0.07956781627228851,0.07790823751353015,0.08177809549844162,0.08438555135746216,0.08347620424447605,0.08346585929393768,0.09085839986801147,0.08306288057830681
2024-10-01,0.10878734791534353,0.128901933505,0.10632155604491451,0.1065654265803107,0.1061184598500069,0.10712292726260207,0.09887362639073917,0.10567232221364975,0.10766741633415222,0.10547739066805362
2024-10-02,0.12506165545272138,0.108787347915,0.1020750164382874,0.10021364794630525,0.10283161210569461,0.1071267910432841,0.11108908116397481,0.10682300478219986,0.11213362216949463,0.10604182509274866
2024-10-03,0.11288744184459491,0.125061655453,0.1146622616797578,0.11599184976175567,0.11348561358797493,0.1162524384956543,0.11257989297441541,0.11156687885522842,0.10760442912578583,0.11316333778293892
2024-10-04,0.07690904981203447,0.112887441845,0.11346843135535564,0.1148172700247859,0.11219987107224438,0.11523025550553255,0.11904749367233791,0.10844989866018295,0.11877093464136124,0.11456916499025722
2024-10-07,0.06108175829060588,0.0769090498121,0.09590627039680383,0.09834414455085619,0.09388324752719802,0.09403635656021864,0.10353207354324746,0.09119115769863129,0.09920871257781982,0.09658599469353933
2024-10-08,0.060779800166206537,0.0610817582907,0.08246236541799325,0.08113272409222716,0.08607140178151687,0.09463709790345817,0.09249368539193352,0.07567338645458221,0.09954778850078583,0.08743120707749956
2024-10-09,0.06636138238920886,0.0607798001663,0.07806009585314039,0.07662571994437409,0.08139594861043423,0.09004245940743585,0.09100287358149292,0.07090407609939575,0.09568538516759872,0.08338807980912456
2024-10-10,0.058676023158677,0.0663613823892,0.07538582966912152,0.0753789407319512,0.07973377462544226,0.08843799340215003,0.0874725050344686,0.0733291432261467,0.09799811244010925,0.08253375701848421
2024-10-11,0.0545911027658537,0.0586760231587,0.06699405846595413,0.06366227712375974,0.07318982122266626,0.08351592701554701,0.08612526718923645,0.07161898910999298,0.07923954725265503,0.0749065553399731
2024-10-14,0.07508505133760515,0.0545911027658,0.06312909144994233,0.06158293108585079,0.06988780390077304,0.08056978552886737,0.08443787882287053,0.06883499771356583,0.08023698627948761,0.07266849639733677
2024-10-15,0.058095689760119036,0.0750850513376,0.07406170144994825,0.07571721222090454,0.08004479573911065,0.09089113958423982,0.0863028170976875,0.07613188028335571,0.09586243331432343,0.08271599709850998
2024-10-16,0.07792566958601255,0.05809568976,0.06581578764376753,0.06414074632848274,0.07286171192220663,0.08398919305589081,0.08612526718923645,0.07212962210178375,0.09588944166898727,0.07727882427290789
2024-10-17,0.05363297380177236,0.077925669586,0.07623290615664047,0.07754049235685184,0.08203388161796334,0.09158628730693177,0.08920230104001853,0.07734979689121246,0.09661585837602615,0.0843659319636635
2024-10-18,0.06498178012417634,0.0536329738017,0.06440660667933526,0.063676711119557,0.0705783531395497,0.07948526741063876,0.08443787882287053,0.06899801641702652,0.08793376386165619,0.07421665677866199
2024-10-21,0.053219200115691326,0.0649817801241,0.07071911678040974,0.07138038885542702,0.07593782769070867,0.08305444929353159,0.08297966750986097,0.06965894997119904,0.08443136513233185,0.07688025217620985
2024-10-22,0.08789725720489348,0.0532192001157,0.06323337164986848,0.06249380308811006,0.06982571561011414,0.07949858066638832,0.08443787882287053,0.06537090241909027,0.08362604677677155,0.07264089986188761
2024-10-23,0.08066513298513305,0.0878972572049,0.08225135757435706,0.08409127223215952,0.08749514979069623,0.09587384435368614,0.094691220271876,0.07856710255146027,0.09911574423313141,0.0888693844296238
2024-10-24,0.09298853323058494,0.0806651329851,0.07906422826418388,0.07875844175292168,0.08568290944949092,0.09678777802865482,0.09358840338002822,0.08159182965755463,0.1047898679971695,0.08860906550428624
2024-10-25,0.06211870111693579,0.0929885332305,0.08835366518321368,0.08931756827222065,0.09325796198613669,0.10268594242205853,0.09562349584876748,0.08750700205564499,0.10088996589183807,0.09394794309426859
2024-10-28,0.07698961333451676,0.062118701117,0.07351712166830568,0.07395790907308421,0.07974875454905161,0.08978297453365122,0.0874725050344686,0.07632921636104584,0.09058596938848495,0.08162777865829887
2024-10-29,0.07398652558803663,0.0769896133345,0.08264704254325833,0.08142296345655747,0.08766647359365307,0.09812841572824858,0.08810488852341641,0.07744582742452621,0.09091276675462723,0.08661833971775534
2024-10-30,0.11832582472826632,0.0739865255881,0.07999884267135712,0.07989917067927238,0.08539809012199086,0.09473704465818439,0.08810488852341641,0.07739095389842987,0.09565387666225433,0.08588326674498648
2024-10-31,0.10823913076185894,0.118325824728,0.10431163168090465,0.1082542453537058,0.10856418946420796,0.11740370555395713,0.11249559485956973,0.09654371440410614,0.11535421013832092,0.10898961306496746
2024-11-01,0.08855533420278193,0.108239130762,0.10090204208849338,0.10150313064983987,0.10768127960840831,0.11892779215218428,0.11249559485956973,0.10075661540031433,0.12978816032409668,0.11029351644041523
2024-11-04,0.08048863498683774,0.0885553342028,0.09398196083737206,0.09306959534857923,0.09953248210129637,0.10915444423691972,0.09931764149147183,0.09260464459657669,0.11823560297489166,0.10084233879815822
2024-11-05,0.0895925213862675,0.0804886349869,0.09050791801290001,0.0881530476672901,0.09626759869561874,0.10754643523723878,0.09775999101912729,0.08462873101234436,0.10932010412216187,0.09631197510952587
2024-11-06,0.06012300912825638,0.0895925213863,0.09618801793555065,0.09732553802460236,0.09943565712974582,0.10671565614003163,0.09937611324791924,0.0863272026181221,0.10242937505245209,0.0982567943069177
2024-11-07,0.04726745722526906,0.0601230091283,0.07708446540219355,0.07531953328925255,0.0781845683385548,0.07945117778399712,0.08030254179908769,0.07515794038772583,0.07242451608181,0.07684639186894593
2024-11-08,0.05289524512699795,0.0472674572253,0.06552522043162491,0.06428062037929572,0.0676839329688159,0.06871635223119962,0.07587054498332045,0.0613720677793026,0.06523755192756653,0.06695518438587511
2024-11-11,0.06919308729556732,0.052895245127,0.06502288680371772,0.06509601669923368,0.0678025199768342,0.06924671632350562,0.07641799725011264,0.059976641088724136,0.05493832007050514,0.06550015688751902
2024-11-12,0.07853925401485298,0.0691930872955,0.07171006115157148,0.07307992735511004,0.07461756027370418,0.07524458478747136,0.0749031941036429,0.06788435578346252,0.07496093213558197,0.07320008794150636
2024-11-13,0.10612757322061407,0.0785392540148,0.07512345320893943,0.07605322905226734,0.07804943776920752,0.07988368107174786,0.08011308041119736,0.07492160052061081,0.08135747909545898,0.07792885158991848
2024-11-14,0.0861174757915349,0.106127573221,0.09222587381708933,0.09351903996241329,0.09302109754753451,0.0909383953613194,0.0988124982577775,0.0903305783867836,0.07098382711410522,0.08997590149243184
2024-11-15,0.07596790321999417,0.0861174757916,0.08620489305457664,0.08703318835801264,0.08619146161085672,0.08342718016478265,0.0833963619908459,0.0873558446764946,0.06653159856796265,0.08287721834621883
2024-11-18,0.06966683608141826,0.0759679032201,0.0834634319302263,0.08184522784144163,0.08438764773844071,0.08285963997879409,0.08091003829760432,0.0805276557803154,0.07681674510240555,0.08154434095274686
2024-11-19,0.11169261152390877,0.0696668360814,0.08051554904653505,0.07831538620971523,0.08114013019588273,0.08013720081012021,0.07961838856619559,0.0750098004937172,0.07612983882427216,0.0786951848780626
2024-11-20,0.14588035561503682,0.111692611524,0.10328362013530956,0.10396201167519847,0.10245772598256361,0.10172883417813575,0.10162273815975684,0.09358153492212296,0.08867110311985016,0.09932965259613391
2024-11-21,0.0921726108606434,0.145880355615,0.12289849430533886,0.12416158097702598,0.120968761568372,0.11932182290928353,0.11649317894438037,0.11894159764051437,0.10795091092586517,0.1186766210386829
2024-11-22,0.08163895256384908,0.0921726108607,0.09805776470965458,0.09802801550341299,0.09625805843118669,0.0945536577751832,0.09019244071147452,0.10198850184679031,0.09155257046222687,0.09580442991998987
2024-11-25,0.05784950235498314,0.0816389525639,0.09358449424993971,0.09561735744693786,0.09066710533447629,0.08783760075550194,0.08945914669291738,0.0876978188753128,0.07600929588079453,0.08869611703369722
2024-11-26,0.05768604769472424,0.0578495023549,0.08132142628589674,0.0815548533080547,0.07867520249205008,0.07342950232870324,0.08138222602896472,0.07264327257871628,0.06468532979488373,0.07624168754532422
2024-11-27,0.037482730537887976,0.0576860476948,0.07644354431538772,0.07719511480737368,0.07477645355577903,0.0694020935991555,0.07645378287554368,0.06762576848268509,0.06019287556409836,0.07172709045714616
2024-11-29,0.042272445139935305,0.0374827305379,0.05728696038548894,0.05594573383555675,0.05878807276036073,0.05662635956815934,0.06746907499478733,0.05564049258828163,0.05688595399260521,0.05837752116074856
2024-12-02,0.04167194760241234,0.0422724451399,0.05513657541218762,0.055296123408861114,0.05776528106325375,0.05750391364729565,0.06810405677613866,0.053268786519765854,0.058714378625154495,0.05796987363609387
2024-12-03,0.039250280072159485,0.0416719476024,0.05135914502456666,0.051329133544138476,0.05522994182163318,0.05348695129093026,0.06810405677613866,0.05208170786499977,0.0603361539542675,0.05598958432523921
2024-12-04,0.049542516144186706,0.0392502800721,0.048615880028385,0.047525844548108424,0.05302954309552109,0.05136102976623519,0.06552756035759669,0.05039321258664131,0.0543166920542717,0.052967108919537056
2024-12-05,0.04553242503018832,0.0495425161442,0.05278571097710241,0.05346265122677436,0.05724068090757347,0.056196931997198565,0.06865150904293085,0.053772713989019394,0.05357739329338074,0.056526798776282826
2024-12-06,0.04871306817420147,0.0455324250302,0.051635178391151754,0.051766364773087395,0.05608217224826321,0.054984454214152934,0.06810405677613866,0.053394969552755356,0.05347871035337448,0.055635129472703396
2024-12-09,0.050479801123471155,0.0487130681742,0.05374376081277747,0.054718279969164604,0.05790771275749775,0.05499525959745369,0.06865150904293085,0.0543244369328022,0.054436538368463516,0.056968213925870016
2024-12-10,0.035925785437720355,0.0504798011235,0.055244264489957284,0.055200910923595706,0.059981808966229164,0.05947072689427281,0.06917986938385848,0.058524928987026215,0.07074539363384247,0.06119255761125459
2024-12-11,0.053640951730919165,0.0359257854377,0.04805629148341932,0.04699412494607361,0.053195876105149094,0.0534582613535437,0.06283555897293196,0.05291489511728287,0.06827923655509949,0.05510489207621429
2024-12-12,0.06822255627909878,0.0536409517308,0.056819906564210515,0.056807586581811564,0.061083607294969644,0.05790306886321201,0.06636015892543663,0.05757761746644974,0.056949831545352936,0.05907168246306329
2024-12-13,0.0429828584646075,0.0682225562792,0.06574496149401174,0.0663158506502762,0.06944594512296352,0.06699104963453714,0.06985765432119254,0.06616607308387756,0.06748870015144348,0.06743003349404317
2024-12-16,0.05916337457135115,0.0429828584646,0.05329456940668162,0.052238235080610144,0.057605825525016835,0.054437752624397526,0.0668221144068619,0.05893954634666443,0.06910237669944763,0.058920060012811436
2024-12-17,0.22527686282314924,0.0591633745713,0.06177223560012444,0.060591420290562754,0.06623632601339699,0.06481292631825285,0.06889476766487353,0.061599694192409515,0.07421349734067917,0.06544583820289988
2024-12-18,0.15819997561052024,0.225276862823,0.15721190350584074,0.16434016914810268,0.1541479473268097,0.1459441635484804,0.11597852295711379,0.13812991976737976,0.12375659495592117,0.14278703160137832
2024-12-19,0.17257422439262476,0.15819997561,0.13459769530258497,0.13688065729765825,0.13585592997116888,0.13727150390094361,0.14516791355934844,0.14466282725334167,0.18134763836860657,0.1451120236648075
2024-12-20,0.09473435129970965,0.172574224393,0.15057714076098683,0.14345213317172106,0.1487584213950222,0.1460368255392517,0.16739226633178858,0.14806750416755676,0.14499935507774353,0.14989766377772437
2024-12-23,0.058865167832432105,0.0947343512998,0.1182573239900338,0.11960326240835865,0.11293962706602277,0.1062748913282087,0.10917567116687137,0.11159210652112961,0.08797107636928558,0.1094019941214158
2024-12-24,0.08660506020645907,0.0588651678325,0.10128563341601389,0.1001692900733292,0.09564014352888175,0.08663461058544758,0.10324212888285988,0.07936765998601913,0.06287871301174164,0.08988831135489901
2024-12-26,0.1352731786500517,0.0866050602064,0.10216643215046836,0.10279129897524904,0.09732918352797665,0.08685387357654047,0.09043364052951496,0.07889164984226227,0.0652126595377922,0.08909696259140056
2024-12-27,0.12243769898550691,0.13527317865,0.12317652295644221,0.12546270902130086,0.11833629947527732,0.10886262777027397,0.11398480735619002,0.10609009116888046,0.0900726243853569,0.11228366887624597
2024-12-30,0.14113854412435606,0.122437698986,0.11260148458201737,0.11400669124891899,0.11031129107342813,0.10573027585807024,0.10521368911531065,0.11238081008195877,0.10083653032779694,0.10872582461250015
2024-12-31,0.19210412890699669,0.141138544124,0.12551639703202666,0.1276427115375927,0.12287255487118673,0.12130861420925347,0.12739634976099212,0.12281077355146408,0.11411797255277634,0.12309505335932745
2025-01-02,0.09587586094134226,0.192104128907,0.16136797933228125,0.16535728159391244,0.15392074509789913,0.14972636286482546,0.15076889928405365,0.15254303812980652,0.12884876132011414,0.1517904382318418
2025-01-03,0.0802215213315953,0.0958758609413,0.11651310166437578,0.11655029298603377,0.11117162950334575,0.11031486922509376,0.1155697722301128,0.11887902766466141,0.11030886322259903,0.11418679378517461
2025-01-06,0.14424530779872183,0.0802215213315,0.10418559403219532,0.10522405930959451,0.09876684575144207,0.09508897301605362,0.09742044900494408,0.09278646111488342,0.0845196396112442,0.09685600312005103
2025-01-07,0.14989210846883835,0.144245307799,0.1364004366389423,0.1408645034485561,0.12901472708144396,0.12607548791998702,0.13292506364812262,0.11505164951086044,0.09667900204658508,0.12528726718492822
2025-01-08,0.16252931783425414,0.149892108469,0.13977806981105764,0.14096780510410092,0.13342985427637255,0.13184778660986232,0.14555204713448347,0.13175836205482483,0.10951541364192963,0.13326419123323305
2025-01-10,0.12883543438645598,0.162529317834,0.14306452159567937,0.14750913071290833,0.13653335941969302,0.13433090591156888,0.1338525891204975,0.14236077666282654,0.1154901310801506,0.1361630592147606
2025-01-13,0.13503731125696333,0.128835434386,0.1299939107248568,0.12688940055871772,0.12477808167683994,0.12485190347845984,0.12295172287748461,0.13354404270648956,0.11968676745891571,0.1260994042116806
2025-01-14,0.0880371933895578,0.135037311257,0.13770008776177517,0.14097599857115056,0.13058673881702199,0.1295340045841172,0.12347193983467175,0.13122756779193878,0.12655097246170044,0.13143532997462512
2025-01-15,0.09377501980407789,0.0880371933896,0.11038154767746194,0.1105113145482766,0.10523318441526563,0.1082644524793777,0.11195513086479106,0.1097346693277359,0.11082375049591064,0.10955772140125994
2025-01-16,0.06506860716395887,0.0937750198041,0.10814858672087141,0.1093486834336855,0.10134842577098405,0.1033368724752819,0.09691537144639174,0.102578304708004,0.07854598760604858,0.1000317474516096
2025-01-17,0.08254004179458113,0.065068607164,0.08593931312528552,0.08550081824645073,0.08211517688430436,0.08786846098045425,0.08173139689984688,0.08800877630710602,0.07429458200931549,0.08363693206468047
2025-01-21,0.0413526009220165,0.0825400417946,0.09014759164562931,0.09067975058433334,0.08683822221912366,0.09257003225713743,0.08901879556617598,0.09035289287567139,0.0902569442987442,0.0899806042066879
2025-01-22,0.04863509701242057,0.041352600922,0.06234764164766102,0.06263026152780639,0.06142813795904721,0.07076039765042748,0.07413603862390546,0.07438551634550095,0.07947904616594315,0.06930957713147023
2025-01-23,0.05456231226953271,0.0486350970124,0.06247098441210963,0.05894421203149144,0.06274523024640322,0.07135600564143496,0.07413603862390546,0.06921591609716415,0.07244661450386047,0.06733071450805277
2025-01-24,0.1247458066412142,0.0545623122696,0.061915223636804226,0.06304829501885167,0.06319620373940307,0.07187204521637869,0.07104891076967496,0.06935140490531921,0.07502027601003647,0.06792176561378119
2025-01-27,0.09320868035156596,0.124745806641,0.10055592173045558,0.09848796738482277,0.09921436550067848,0.10245161801744507,0.09980744259943153,0.09872667491436005,0.09899510443210602,0.09974844208275709
2025-01-28,0.13088374230582497,0.0932086803516,0.0865034052856059,0.08209616416520232,0.0881310065794298,0.0955777147553628,0.08444424360917578,0.09816496819257736,0.10633134841918945,0.0916069787152205
2025-01-29,0.13709022250964947,0.130883742306,0.11223042930583363,0.11238391567518485,0.10931905733517366,0.11178636443406915,0.10514161506884172,0.11176961660385132,0.1092895120382309,0.11027435863731218
2025-01-30,0.12093480296009582,0.13709022251,0.1229193991486903,0.12496451113963118,0.11788186187627114,0.11871007452831678,0.12063681090319812,0.12079048156738281,0.1300046443939209,0.1222725405082016
2025-01-31,0.17513849682376514,0.12093480296,0.12108347448808385,0.12533792936502494,0.11411696894004998,0.11363364131067462,0.11378776973761595,0.11746202409267426,0.08575139939785004,0.11302474390456765
2025-02-03,0.07877438037161574,0.175138496824,0.15124117984563645,0.13979977550504075,0.14253524054252725,0.1387220472673456,0.14830770999900109,0.13823898136615753,0.11097965389490128,0.13854636977437287
2025-02-04,0.07414560800786517,0.0787743803717,0.10420960430758988,0.1036063529554493,0.09940252303032561,0.10240666712000791,0.10817978425405017,0.1068933755159378,0.09108126908540726,0.10225422518125257
2025-02-05,0.07384875307696129,0.0741456080079,0.09710582000331301,0.09650827553036509,0.09272077984697566,0.09556930091497629,0.11032596150088965,0.08888763934373856,0.0770484209060669,0.09402374257804645
2025-02-06,0.16541610602195905,0.0738487530769,0.0914219559954513,0.09304970723694103,0.08790300341471066,0.09125316945409521,0.0878941727601447,0.08357041329145432,0.07502288371324539,0.08715932940943467
2025-02-07,0.046334006881236595,0.165416106022,0.1387980998934289,0.14381538266976607,0.13178214800662885,0.12887712592219364,0.13715940248536448,0.12402147054672241,0.10811743140220642,0.1303672944180444
2025-02-10,0.053403035810054844,0.0463340068812,0.07094054951307663,0.07015563294855234,0.07032199740598878,0.07706899919131881,0.07698172287576655,0.09020744264125824,0.09680616110563278,0.07892607224022773
2025-02-11,0.09633274967680099,0.0534030358101,0.07213902695112492,0.07075569110739764,0.07164012612209009,0.07744568279813735,0.07757762537187546,0.07497954368591309,0.08280432969331741,0.07533457510426514
2025-02-12,0.07583637179217635,0.0963327496769,0.09444753533058325,0.09216950161449787,0.09282953842395472,0.09537469350860116,0.09022977220162925,0.08480337262153625,0.08546802401542664,0.0907603482451756
2025-02-13,0.04954922042339435,0.0758363717921,0.08493141273812316,0.08316535285008733,0.08406650564830803,0.08781440690917923,0.0813634623419967,0.0846458375453949,0.07775355875492096,0.08339150525543004
2025-02-14,0.06878276001625698,0.0495492204234,0.0623493650570819,0.06268364296721807,0.06429985544241117,0.07073784027039935,0.07265821931170616,0.06862957775592804,0.06331697851419449,0.06638221133127702
2025-02-18,0.0549598574799353,0.0687827600163,0.07345640030208389,0.07220014637975193,0.07428277323751345,0.07866791181238802,0.07533234812781367,0.07124508172273636,0.07157397270202637,0.07382266204061624
2025-02-19,0.07914685847614926,0.05495985748,0.06705960814813396,0.0646834747660968,0.06838737492175198,0.07358651923367679,0.07390672995386834,0.06828713417053223,0.07313396036624908,0.06986354308004417
2025-02-20,0.08939898439968096,0.0791468584761,0.07701832184323437,0.07799765053695898,0.07826659775408018,0.08264609657398367,0.08251282858351539,0.07684654742479324,0.07452724874019623,0.07854504163668029
2025-02-21,0.11988269404540423,0.0893989843996,0.08306785662254254,0.08587150767635511,0.08388438249468924,0.08761059547895783,0.08311136823407242,0.08502480387687683,0.08142775297164917,0.08428546676502045
2025-02-24,0.15020848448403837,0.119882694045,0.10365077866858635,0.10594426586563871,0.10433857543244099,0.1075045327712964,0.10325963133797669,0.10197601467370987,0.09704709053039551,0.10338869846857779
2025-02-25,0.11221574055156255,0.150208484484,0.1251171374250882,0.1272107324343848,0.12404521333291862,0.12512383444902814,0.12388286155845646,0.1225319504737854,0.11066976189613342,0.12265449879568499
2025-02-26,0.17322956633535744,0.112215740552,0.11207772079031819,0.11315942733609713,0.11063570895450367,0.11306793135383962,0.11795490083000315,0.11284983158111572,0.1041925698518753,0.11199115581396468
2025-02-27,0.19513098334797577,0.173229566335,0.14924830155433336,0.1535087839076471,0.14421377215352849,0.14158515643415834,0.14741251669954294,0.13430558145046234,0.11936954408884048,0.1413776651840733
2025-02-28,0.19357166541165058,0.195130983348,0.1688498995908437,0.16445424225894456,0.16284731510921197,0.15818018712637152,0.1558726535948097,0.1556793600320816,0.14000633358955383,0.15798428447168814
2025-03-03,0.2094123164522278,0.193571665412,0.17453463911439285,0.18081233264447744,0.163926351327369,0.1564771907880378,0.1558726535948097,0.16306547820568085,0.1367265284061432,0.16163073915441584
2025-03-04,0.20950445916762728,0.209412316452,0.18719779000441367,0.19089989924332268,0.17887098899293133,0.17162352612290038,0.15775956503964098,0.17133194208145142,0.15336591005325317,0.17300708879113053
2025-03-05,0.21247791467462213,0.209504459168,0.19571987913445582,0.19398538086319445,0.18581648633527406,0.1771010551862646,0.15775956503964098,0.17648173868656158,0.1616426408290863,0.17835810658206824
2025-03-06,0.24792572035898172,0.212477914675,0.20054995135553494,0.2043454219210691,0.1878233589346029,0.17789590200989577,0.1660549270801059,0.18002724647521973,0.14417412877082825,0.18012441950675098
2025-03-07,0.2051553790008344,0.247925720359,0.22189137327383607,0.2214530791604063,0.21115954453561395,0.19989094058132045,0.2519557035698441,0.20071464776992798,0.16776514053344727,0.2106900613463423
2025-03-10,0.270251643513219,0.205155379001,0.2025314676085792,0.20654820661051937,0.18902222768809857,0.17945828868243086,0.15775956503964098,0.19057822227478027,0.16692695021629333,0.18468927544576322
2025-03-11,0.17143299708225368,0.270251643513,0.23862779479679025,0.23979020163862796,0.22840359538406263,0.21594325853902163,0.256945718248877,0.2187591940164566,0.20775148272514343,0.22946017790699708
2025-03-12,0.18153768917795557,0.171432997082,0.18839978455438716,0.19286914468376448,0.1810249028182615,0.17466703920552756,0.2057818637763375,0.18411578238010406,0.1689484715461731,0.18511528413779363
2025-03-13,0.12650438396664837,0.181537689178,0.19039296595516625,0.19569851162973376,0.17934902889856236,0.17305696532002185,0.1969382669743006,0.17175886034965515,0.1347629278898239,0.17742250385960912
2025-03-14,0.12352575655471047,0.126504383967,0.1537748942415255,0.15143185249747154,0.14828955614372288,0.14841574658074247,0.15993028146297725,0.15010930597782135,0.12100213766098022,0.1475648249378916
2025-03-17,0.1305255553817596,0.123525756555,0.1451544263831781,0.14608895217582835,0.13700102782246176,0.13796501563059071,0.13578711069555835,0.1381794512271881,0.11319350451231003,0.13619564120673078
2025-03-18,0.146032296845806,0.130525555382,0.13614219589340612,0.13908478822816797,0.12964410813631527,0.1330345823259532,0.12335435145652358,0.1375592052936554,0.13016840815544128,0.13271251992706612
2025-03-19,0.14124009254104872,0.146032296846,0.1412025799836591,0.13637589593789273,0.1363270075832974,0.14041691006983348,0.14590564382850116,0.1474584937095642,0.15544778108596802,0.1433049017426737
2025-03-20,0.12242162953941595,0.141240092541,0.13532322108552747,0.13650324009931603,0.12891252474594145,0.13341442509059712,0.1407954062100193,0.14834502339363098,0.16097687184810638,0.14061010178187697
2025-03-21,0.07930924081650763,0.122421629539,0.12596894412423298,0.12312576852002616,0.11950628132480298,0.12518822636930968,0.12335435145652358,0.13764126598834991,0.12174370884895325,0.1252183638045998
2025-03-24,0.0611219614553329,0.0793092408166,0.1015883028364985,0.10115150673002352,0.096298642364643,0.1048807103337077,0.10348344703045112,0.11117897927761078,0.1026802659034729,0.10303740778234394
2025-03-25,0.09798707149152688,0.0611219614554,0.08685831063547068,0.08719405955959834,0.08175671344261831,0.09180124215324044,0.09694935105916473,0.09069445729255676,0.08210116624832153,0.08819361434156726
2025-03-26,0.1346418025408751,0.0979870714915,0.10016671006251837,0.10294613402872343,0.0950740016797921,0.10355269060313116,0.10316846251192516,0.10043257474899292,0.09271240234375,0.09972185371126188
2025-03-27,0.1238213582169296,0.134641802541,0.11701798308506858,0.11747533655549301,0.1130620190932794,0.1204585439623054,0.11156963454263562,0.12273786962032318,0.11597748100757599,0.11689983826666873
2025-03-28,0.1889324168613846,0.123821358217,0.11198991250018595,0.11595990730998351,0.1084654364710624,0.11695320242667158,0.11236794611788742,0.12687386572360992,0.11752867698669434,0.1157341353622993
2025-03-31,0.15317470388886803,0.188932416861,0.1525696162058226,0.14505903010707738,0.14870340258690762,0.1527250161877522,0.1600007955709752,0.15616130828857422,0.15709221363067627,0.15318734036825507
2025-04-01,0.16430630774146196,0.153174703889,0.14370931120283983,0.14230218536748718,0.13808660215520446,0.14194563821790174,0.15928904067952718,0.15295347571372986,0.14718909561634064,0.1464964784218616
2025-04-02,0.17264306775285243,0.164306307742,0.15485860174957405,0.15051349554365648,0.14717321037070252,0.14866014712690792,0.16295794481723777,0.15295782685279846,0.1374686062335968,0.15065569038492485
2025-04-03,0.45099889012866096,0.172643067753,0.16219315209839064,0.16774989604358873,0.15306192516800893,0.15300182087607536,0.16065578336874756,0.15587098896503448,0.1391112208366394,0.1559492553366407
2025-04-04,1.0191951795542598,0.450998890129,0.32309125634508024,0.32687032706693986,0.311868779070304,0.2917959522741181,0.31044763651580104,0.2864782214164734,0.2840098440647125,0.3049374309647756
2025-04-07,0.4581043695258014,1.01919517955,0.6655796907538205,0.635341629002645,0.6465631591950542,0.5770544850648762,0.3775058821651086,0.6077389717102051,0.5207505822181702,0.5757906285871258
2025-04-08,0.7171486573498412,0.458104369526,0.42559828505776054,0.43190508934747585,0.4159579491828392,0.3695846830745154,0.3775058821651086,0.5339087843894958,0.4978014826774597,0.4360374508420936
2025-04-09,0.5422679128862042,0.71714865735,0.5969724979762239,0.5316544530989865,0.5771490401148156,0.5027297567014369,0.44361035116148934,0.5662137269973755,0.5279296636581421,0.53517992710121
2025-04-10,0.30057074545622703,0.542267912886,0.5461832046494562,0.5508590943877077,0.4770889765230576,0.41225880972755785,0.33601850782011183,0.54530930519104,0.3477361798286438,0.4593505825896536
2025-04-11,0.21402164457425327,0.300570745456,0.4179794825784608,0.4158310306954793,0.37921797511466826,0.3290857320993079,0.33050657754446067,0.4661664366722107,0.2733370363712311,0.37316061015368834
2025-04-14,0.1674388173342848,0.214021644575,0.29896952636737917,0.31104727362022216,0.2745053533725898,0.2647352514105988,0.36177163434171616,0.4744623601436615,0.24127840995788574,0.31810997274486474
2025-04-15,0.21016282912104128,0.167438817335,0.25242597411618667,0.26149339131546645,0.2216057665423442,0.21150698662936937,0.2801895483028231,0.5107284784317017,0.20147362351417542,0.27706053840743816
2025-04-16,0.17719626599507113,0.210162829121,0.23272217360531622,0.23936347499149346,0.21125130138949588,0.21245522240053707,0.21728943843644977,0.5349648594856262,0.2247171401977539,0.26753765864381035
2025-04-17,0.13887075720520717,0.177196265995,0.18692896096264633,0.18495640259435484,0.18065790759708403,0.1969033093172261,0.22631630649604326,0.5408365726470947,0.2562398612499237,0.25326276012348187
2025-04-21,0.17788173783631642,0.138870757205,0.15487905107786576,0.16080109354051808,0.14945254217152712,0.1684909723045352,0.18844057535807282,0.5150538682937622,0.23580211400985718,0.22470288810801975
2025-04-22,0.20936196500389462,0.177881737836,0.17131207628178832,0.16717122877385715,0.17379763297300732,0.19856948116143422,0.30590804899602897,0.4437905550003052,0.25138261914253235,0.24456166318985048
2025-04-23,0.12473363337843567,0.209361965004,0.19031282485389933,0.19542495635585755,0.18507540533191072,0.20564641902451491,0.22690966761950973,0.423469603061676,0.23703843355178833,0.23769675854273667
2025-04-24,0.1475307146146415,0.124733633378,0.1414598410160641,0.1336284265214859,0.1355342306494505,0.15783572612423044,0.16963969532736214,0.23205390572547913,0.18278568983078003,0.16470535931355032
2025-04-25,0.14287827776240167,0.147530714615,0.15037969505984977,0.14996159284740754,0.140467080612965,0.1611008615433273,0.17340223288223722,0.16921062767505646,0.16121697425842285,0.1579627235541809
2025-04-28,0.13629390903713048,0.142878277762,0.14840020036477636,0.15006588513050373,0.135538122580519,0.15261956390939227,0.17150173599189641,0.1623924970626831,0.15259650349617004,0.15330207264799153
2025-04-29,0.18056504715137978,0.136293909037,0.1417804143845659,0.1382342798533605,0.1304871881160894,0.14922303561867883,0.17667253001020425,0.15678870677947998,0.15711531043052673,0.1500430664561294
2025-04-30,0.1531886519015374,0.180565047151,0.16141614020933157,0.15365171269954125,0.14850484489772092,0.1650834698896032,0.19271302401693607,0.16976390779018402,0.1675383299589157,0.16552448992317612
2025-05-01,0.11158244982624284,0.153188651902,0.1501326665138867,0.15407469892289352,0.13848900439810669,0.1555107858204668,0.18099098638273367,0.16560791432857513,0.16006329655647278,0.15783847898901932
2025-05-02,0.08207401736071898,0.111582449826,0.12659693470650307,0.12562494587777345,0.11502448881620125,0.13240774845549336,0.15221919121051616,0.1447804719209671,0.13255424797534943,0.13274400413754342
2025-05-05,0.15159963907187643,0.0820740173607,0.10705128961177807,0.10546077103339699,0.09468090393011412,0.10908038127523483,0.13268370398621712,0.12145397812128067,0.13311603665351868,0.1147895806587915
2025-05-06,0.20547086565082653,0.151599639072,0.1427606015012817,0.14225681453508848,0.13033464935759873,0.14472403737465067,0.15654266282829588,0.14659519493579865,0.15708991885185242,0.1457576970549381
2025-05-07,0.13753102929753416,0.205470865651,0.17146014197057857,0.17118070099780192,0.16039214374640734,0.1737149852591653,0.16861466269930434,0.17744554579257965,0.18618175387382507,0.17271284776280887
2025-05-08,0.0990615254255657,0.137531029297,0.13642256967882235,0.1354573420141016,0.1286734949655112,0.13947214631410088,0.15792394438384005,0.16058477759361267,0.1893889307975769,0.14970331510679508
2025-05-09,0.1064404577529334,0.0990615254256,0.1163018164396818,0.120308958214755,0.10926872570956732,0.11882608464431366,0.1282589992395935,0.13165560364723206,0.1284482181072235,0.12186691514319525
2025-05-12,0.0812188191824087,0.106440457753,0.12186819030880389,0.12000431996895698,0.11593436480891461,0.12288807699656142,0.14256687415272398,0.12711018323898315,0.11592437326908112,0.1237566261062893
2025-05-13,0.0917910648053306,0.0812188191824,0.10363957184675379,0.10116843259482153,0.09603514341625469,0.09815904898733771,0.11606396824004084,0.11372136324644089,0.09394744038581848,0.10324785267392399
2025-05-14,0.09036243533520995,0.0917910648053,0.09990883514112937,0.1016084321510999,0.09528068472959995,0.09950535692733598,0.09792644999078262,0.09224230796098709,0.11133371293544769,0.09968653997662609
2025-05-15,0.06808675038405637,0.0903624353352,0.09577873759787389,0.09286665791506754,0.09315663272771049,0.09795018950896273,0.09602615001141204,0.09447185695171356,0.10494504123926163,0.0964564665645717
2025-05-16,0.07697138878678753,0.0680867503841,0.08180145241114525,0.07816733766212705,0.07997091027707934,0.08442321498635388,0.08573763990869222,0.08729412406682968,0.09991031885147095,0.08532928545195692
2025-05-19,0.08798658603171736,0.0769713887868,0.08432773161935068,0.07816755165453894,0.08312221121023027,0.08775786808356409,0.08027604973640899,0.08721591532230377,0.10207401216030121,0.08613447711238542
2025-05-20,0.1630422741809743,0.0879865860317,0.09052767381066562,0.0916507703377864,0.09005329352338769,0.09468425500173269,0.09371042038613905,0.09229416400194168,0.11077568680047989,0.09481375198030473
2025-05-21,0.10860070122506207,0.163042274181,0.13505950516059861,0.13982950892259394,0.13079297227825176,0.13189493617280265,0.13006193904351887,0.1271478831768036,0.12968793511390686,0.13206781140978233
2025-05-22,0.11047044770663149,0.108600701225,0.1075619731142881,0.10845666686103807,0.10783105788833994,0.11356157217425078,0.1125340999596266,0.1182360127568245,0.13156619668006897,0.11424965420491957
2025-05-23,0.05947830719330536,0.110470447707,0.11140146647401142,0.11050897311460553,0.11052177943050541,0.11408025408861915,0.11573647097824344,0.11134292930364609,0.1266152262687683,0.1143152999511999
2025-05-27,0.08926322564453963,0.0594783071934,0.08324847621074549,0.07649907121328471,0.08655580685136198,0.09520184806099835,0.0996093695655865,0.08583381772041321,0.11773805320262909,0.09209806326071704
2025-05-28,0.13344687249721965,0.0892632256446,0.09899001186052205,0.1025280182845077,0.09714710772348392,0.09885557448272392,0.09948286926908993,0.08906621485948563,0.1093856543302536,0.09935077868715239
2025-05-29,0.12507139317076787,0.133446872497,0.12022421810125622,0.12461385949395742,0.11870594408362656,0.11872658674634427,0.11186683408568546,0.11152739077806473,0.12032302469015121,0.1179982654255837
2025-05-30,0.09769724371326757,0.125071393171,0.11694090423204843,0.1171621721290322,0.11491737110120914,0.11445766295187826,0.11186683408568546,0.11919102817773819,0.12266478687524796,0.11674296565040566
2025-06-02,0.05867454342568675,0.0976972437133,0.10155184733991932,0.09968833647971008,0.10102946198494026,0.1039621632733927,0.10392026960177449,0.10786793380975723,0.11422092467546463,0.10460584816642267
2025-06-03,0.061089399413682244,0.0586745434256,0.0808413864527762,0.07782069315136436,0.08106237399134039,0.08271715747148024,0.08928640363939465,0.08499389886856079,0.10526490211486816,0.08599811652711212
2025-06-04,0.13990033948987543,0.0610893994137,0.08011761416969873,0.08184325956596204,0.0803174624823058,0.0801360003558835,0.08738610366002407,0.07689277082681656,0.09703223407268524,0.083389349304768
2025-06-05,0.08585715453293337,0.13990033949,0.12216531176295624,0.12655406885027437,0.12007322451059921,0.1179466590102215,0.12584857296995702,0.10964351147413254,0.11194108426570892,0.11916749040626426
2025-06-06,0.04867724004193664,0.085857154533,0.09089724875816096,0.0929695139800708,0.09203851205529048,0.09297458691997644,0.09371042038613905,0.10164935141801834,0.10640548169612885,0.0958064450305407
2025-06-09,0.06537028034869669,0.0486772400419,0.06776158350013099,0.06743167733985411,0.0698371189952196,0.07083322889636909,0.07226531396335867,0.07805443555116653,0.10171198844909668,0.07541362095645653
2025-06-10,0.10276263562926556,0.0653702803487,0.0769646512709529,0.0764149300571704,0.0791801432495351,0.08131364657242447,0.0759218266860423,0.07537946105003357,0.10099020600318909,0.08088069498419255
2025-06-11,0.07339292669054423,0.102762635629,0.09957125146594586,0.10273098666139326,0.09940938975784866,0.09730420122520649,0.09708637312875103,0.09342905879020691,0.10575313121080399,0.09932634174859374
2025-06-12,0.1049352321507281,0.0733929266906,0.07944715285322435,0.07452226535147874,0.08220273901256214,0.08314933652536097,0.07898495910497427,0.08769457787275314,0.10036475956439972,0.08376654146925047
2025-06-13,0.06210278231285938,0.104935232151,0.0973153530358605,0.09677048262741797,0.09898768167578806,0.10238079045825506,0.10448842838694103,0.10055111348628998,0.0895460695028305,0.09857713131048329
2025-06-16,0.08015301230426715,0.0621027823129,0.07571042071564045,0.07400054737677828,0.08100806858055153,0.08890117842268744,0.08345769116953759,0.08704083412885666,0.0988389253616333,0.08413680939366933
2025-06-17,0.10956146252326135,0.0801530123043,0.08622078145128116,0.08715170769650248,0.08861016432920378,0.09333912506701779,0.09372346812620531,0.0883554071187973,0.09936416149139404,0.09096640218291455
2025-06-18,0.10931840787080463,0.109561462523,0.10218877746870911,0.10443412688602499,0.10628110453654283,0.11198990039739515,0.10945879613344056,0.10213679820299149,0.11857977509498596,0.10786703981715573
2025-06-20,0.11147495340071867,0.109318407871,0.1045924524226521,0.10883954014439666,0.10681067731084762,0.11085641206688314,0.11048409178939095,0.10873199999332428,0.14481477439403534,0.11358999258879002
2025-06-23,0.05138031130952011,0.111474953401,0.10620170294746673,0.09936945960844906,0.1085014320615118,0.11209678253266618,0.11048409178939095,0.11079904437065125,0.1148248016834259,0.10889675928479456
2025-06-24,0.051076697556987766,0.0513803113094,0.0737703081521902,0.07294178041805165,0.07687512023820764,0.08280401186689615,0.08288548976809768,0.08480581641197205,0.08610230684280396,0.08002640481403134
2025-06-25,0.047900143676028364,0.0510766975569,0.07153552072682674,0.07189739144366414,0.07363602467795183,0.07865863595349273,0.07809205638455737,0.07321491092443466,0.07445516437292099,0.07449852921197835
2025-07-07,0.07105975721643018,0.0770004765197,0.08286505976466678,0.08569567249601259,0.08467284920031974,0.0871924721034523,0.07897756044665609,0.07725972682237625,0.08101300150156021,0.08252519176214913
2025-07-08,0.05620069637505927,0.0710597572164,0.07708505871196539,0.07650449486693121,0.0815397955550091,0.088390258786414,0.08241769812131816,0.08027858287096024,0.08260130882263184,0.08125959967646142
2025-07-09,0.04180919467249614,0.056200696375,0.06539329258881504,0.0658064557135273,0.07069562696883264,0.0791378545844326,0.07650872999616427,0.07520359754562378,0.07383117824792862,0.07236810509218917
2025-07-10,0.05994880385054234,0.0418091946725,0.057083846314650084,0.05555686519228946,0.06229524420753885,0.0705954454455154,0.07388132852485409,0.06734510511159897,0.06642955541610718,0.06474105574465057
2025-07-11,0.0608141063263878,0.0599488038506,0.0671829978388659,0.06626457942839115,0.0717195239914093,0.0787062266165948,0.07762426473777785,0.0725739523768425,0.07160208374261856,0.07223908981892857
2025-07-14,0.07062773571383413,0.0608141063263,0.06647854849214871,0.06535962428756889,0.07203259075574281,0.07987979758334228,0.07762426473777785,0.07509985566139221,0.08021748065948486,0.07381316602535108
2025-07-15,0.12923712549177965,0.0706277357139,0.07161723491603077,0.07479011458467909,0.07778115219201033,0.08654463506208478,0.07804131001600742,0.07941463589668274,0.08895336836576462,0.07959177871903711
2025-07-16,0.049957647365900644,0.129237125492,0.1075749592411737,0.11157668572586427,0.11075939308840255,0.11481142533129832,0.10665823831630417,0.10622818768024445,0.10101150721311569,0.10837434237091473
2025-07-17,0.04504643725782584,0.0499576473659,0.06639232932758368,0.0642103740305333,0.0712540985687132,0.07904626385987137,0.07589878044866576,0.08360204100608826,0.0809246301651001,0.0744755024866508
2025-07-18,0.0413826051431439,0.0450464372578,0.06273753042645995,0.0633814413442168,0.06752565889619741,0.0750736190007498,0.07492132157307352,0.06891302764415741,0.07616738975048065,0.06981714123361936
2025-07-21,0.06948485354192811,0.0413826051432,0.05945092194938672,0.059194487466870165,0.0646657679291988,0.07262183412185154,0.07492132157307352,0.06282211095094681,0.07668928802013397,0.06719510457306593
2025-07-22,0.05724161062438408,0.0694848535419,0.07414727469825383,0.07530399473472474,0.07880112870446936,0.08539289648692822,0.07866425778599728,0.07417690753936768,0.08379844576120377,0.07861212938727784
2025-07-23,0.04853587551305611,0.0572416106243,0.06265451305570453,0.06025087001482439,0.0693901867431013,0.0780476908785063,0.07650872999616427,0.0731702372431755,0.08412935584783554,0.07202165482561597
2025-07-24,0.030348879785758814,0.0485358755131,0.05782200165934485,0.057335833348596606,0.06375145364484149,0.06766819934663798,0.06952073420938452,0.06592404842376709,0.07360835373401642,0.06509008919522699
2025-07-25,0.039158529439838774,0.0303488797858,0.04717784278028533,0.04577467308356406,0.054038930569913685,0.05849274208473448,0.06571025398056336,0.057424478232860565,0.06531974673271179,0.056276952494947616
2025-07-28,0.054995729794186744,0.0391585294399,0.05163032977596959,0.052359660225224036,0.05792301468159446,0.060264692739764106,0.06800762557351066,0.05747092515230179,0.06408172845840454,0.05881971094382417
2025-07-29,0.09269046992072917,0.0549957297942,0.05891608956239816,0.059710628159048824,0.0652862584982006,0.06855012308452813,0.07190528500822202,0.0635443702340126,0.07507588714361191,0.06614123452714603
2025-07-30,0.10888780738567932,0.0926904699208,0.08117713238225337,0.08387530363297144,0.08640629811805343,0.08766947686769713,0.08309508171681532,0.08040180057287216,0.08775144815444946,0.08433950592073033
2025-07-31,0.11533641103775165,0.108887807386,0.09389869844974127,0.09802565877969746,0.09738082993965258,0.09737937826856377,0.10225929630295753,0.09438173472881317,0.10313756763935089,0.0980661663012538
2025-08-01,0.05885157004596224,0.115336411038,0.10322306277410427,0.1051931964114062,0.10520971063163677,0.10446924588626624,0.10155319031947121,0.10317207127809525,0.0871446430683136,0.10142358862418478
2025-08-04,0.07684175918090631,0.058851570046,0.07493350328061016,0.0725008226480129,0.08130290853287529,0.08745314759099955,0.08239510753425709,0.08351048827171326,0.09233047068119049,0.08206092121995125
2025-08-05,0.08253770925657436,0.0768417591809,0.08593111667079166,0.08899040875396946,0.08819374844893174,0.09006738854179322,0.0824539696216801,0.08156458288431168,0.08421521633863449,0.08591663303715892
2025-08-06,0.10193102468414215,0.0825377092565,0.08821909517215988,0.08740680002866441,0.0913692823890269,0.09343655589230757,0.0869567957599357,0.08432448655366898,0.09110309183597565,0.08897372966167702
2025-08-07,0.0613177836002183,0.101931024684,0.0979472313007682,0.09982734338291556,0.09933788518198979,0.09819677482626442,0.09557671265561966,0.09391175955533981,0.09237157553434372,0.09673846891960589
2025-08-08,0.06800450940417996,0.0613177836003,0.0728464566873977,0.06969531263140222,0.07666235679026118,0.07870681756746878,0.07590548072267116,0.08121003210544586,0.08609766513109207,0.0773034459479627
2025-08-11,0.06639232798155222,0.0680045094043,0.07702063888340857,0.07767866328233371,0.07900291416151536,0.07782466644043658,0.07439237208679729,0.0784645825624466,0.07580987364053726,0.07717053015106791
2025-08-12,0.05894595859065827,0.0663923279816,0.07544979715373872,0.0769121480579972,0.0784132352755567,0.0786506038746845,0.07560746440540539,0.07748598605394363,0.08172380179166794,0.07774900523042771
2025-08-13,0.062189678460239685,0.0589459585906,0.06988955216330585,0.07074545578782497,0.07239992572391615,0.07053812966721235,0.07405589053993183,0.07438776642084122,0.06975976377725601,0.07168235486861262
2025-08-14,0.06775176646450187,0.0621896784602,0.06881149558396162,0.0678288886629194,0.07186485526918795,0.07139282518492784,0.06945406709430858,0.07342460751533508,0.0728791207075119,0.0708079800025932
2025-08-15,0.05291869814517738,0.0677517664645,0.07212919784336992,0.0743945433110902,0.07521278470157623,0.07377694178538292,0.07076733377900477,0.07538550347089767,0.07671459764242172,0.07405441464767763
2025-08-18,0.07693148214659587,0.0529186981452,0.06328683496091189,0.06363285043841944,0.0673452451642945,0.06610316322522626,0.07025331118334818,0.0707128643989563,0.07692693918943405,0.06832302979437009
2025-08-19,0.10693730855758621,0.0769314821467,0.07666393701264823,0.07639940375728793,0.07983940575779921,0.07849190503337858,0.07463534854120513,0.07748595625162125,0.08546589314937592,0.07842597850047375
2025-08-20,0.09837414222208395,0.106937308558,0.09583309342712627,0.09869229200418153,0.097397868695064,0.09522582590981812,0.09772555376632648,0.09303484857082367,0.09733258187770844,0.09646315203586409
2025-08-21,0.13601152501829541,0.0983741422221,0.09388626267194064,0.09429585923707162,0.09542232891489281,0.09480784994536688,0.09080864570224496,0.09667233377695084,0.09743116796016693,0.09476063545837639
2025-08-22,0.041332509219918406,0.136011525018,0.11846399864274151,0.09453784275507343,0.11810659552849158,0.117807179852244,0.11094426294092545,0.10479913651943207,0.11413528025150299,0.11125632807005871
2025-08-25,0.05608235666044714,0.0413325092199,0.06787656444694892,0.06967463695857513,0.06751693193841227,0.06401902129109985,0.0707587033594618,0.07560910284519196,0.06837093085050583,0.06911798452717081
2025-08-26,0.04328414086222158,0.0560823566603,0.07420158505135518,0.0728316135680791,0.07432614857915743,0.07203553883748141,0.07498248410824307,0.06741705536842346,0.07445840537548065,0.07289326155546004
2025-08-27,0.05469081930199254,0.0432841408622,0.06304344662476824,0.06222940561304412,0.06473980863821803,0.0629212072927195,0.0721268039590768,0.05973180755972862,0.07464464008808136,0.06563387425366238
2025-08-28,0.07558094555406408,0.054690819302,0.06599712627690633,0.06633369490171649,0.0685984538985145,0.06886177765932813,0.0729810908518103,0.060913849622011185,0.07721737027168274,0.06870048049742424
2025-08-29,0.08339388647887805,0.0755809455541,0.07275482569557606,0.07417462331935964,0.07586395802938295,0.07489854161407584,0.07225755252566957,0.06806831061840057,0.07877355813980103,0.07382733856318081
2025-09-02,0.07161966843070973,0.0833938864789,0.07976906714051338,0.07535121613738804,0.0824779519357843,0.08200051281728926,0.08244063020541492,0.07508218288421631,0.0846557766199112,0.08025390539150248
