date,target,persistence,har,shar,har_rv_iv,har_x_lasso,hgb,lstm,lstm_x,combination
2022-10-07,0.20481813891738201,0.16004537155,0.16006150183496404,0.16583892880358164,0.1685866880277607,0.20695802836118743,0.1884198900264579,0.17216448485851288,0.22354252636432648,0.18365314975382732
2022-10-10,0.19048736478352574,0.204818138917,0.18591660654960318,0.18783394266211556,0.1930897578985906,0.2340913440449509,0.19015261876022335,0.18428228795528412,0.23965007066726685,0.20214523264829065
2022-10-11,0.1722052435082161,0.190487364783,0.18268001089914837,0.18231503038388375,0.19222591080015738,0.23740402004694516,0.19292993528191957,0.1864522099494934,0.246238112449646,0.20289217568731338
2022-10-12,0.3010464893965117,0.172205243508,0.1727901668427826,0.17021806330640502,0.1848812601120363,0.23563063425191957,0.18796357826751312,0.17986498773097992,0.24727027118206024,0.19694556595624238
2022-10-13,0.29943232053816765,0.301046489396,0.24506917120717026,0.21165834871816602,0.2390050276156366,0.2747320683298422,0.2539665292948669,0.2288905829191208,0.2933546304702759,0.24952519407929694
2022-10-14,0.16946683209678523,0.299432320538,0.2563952957107102,0.27095225610290324,0.24608397775467705,0.2551419607956801,0.23634842203236217,0.2572418451309204,0.24014535546302795,0.25175844471289727
2022-10-17,0.21235822451122538,0.169466832096,0.1893338334340468,0.18484040424231896,0.19027730532649867,0.2276618329893957,0.18851718382830032,0.21638105809688568,0.20421795547008514,0.2001756533410759
2022-10-18,0.17634302344767713,0.212358224511,0.21231132676454373,0.2214260312592972,0.20708711047731074,0.22727709996738255,0.19258221900813835,0.21141257882118225,0.2045804113149643,0.21095382537325988
2022-10-19,0.19932534850533187,0.176343023448,0.19489630005715058,0.20083449296747502,0.19367058907886156,0.22236895161178685,0.193437195455914,0.19734106957912445,0.2131216824054718,0.20223861159368345
2022-10-20,0.21365201351602564,0.199325348505,0.19713614907926016,0.1997651500000597,0.19486699616389946,0.21797629023622167,0.193437195455914,0.19783832132816315,0.2238355427980423,0.20355080643736576
2022-10-21,0.22144854232728647,0.213652013516,0.1969216042375846,0.1889560537141945,0.19537664409189057,0.22214770967421865,0.20953714081697564,0.20169416069984436,0.2301403433084488,0.20639623664902246
2022-10-24,0.13205187352658349,0.221448542328,0.20531679153525323,0.20665573468030707,0.20206800769508046,0.22634108862768207,0.19180176052399098,0.20880284905433655,0.2289823442697525,0.20999551091234325
2022-10-25,0.16887097482514868,0.132051873527,0.154315875470205,0.14728443568990882,0.15769510504543682,0.1880218860304315,0.15991727344412002,0.1749977171421051,0.2076420933008194,0.16998205516043235
2022-10-26,0.18767355039394337,0.168870974825,0.1718588682668778,0.17248244572284088,0.17022442164603002,0.18025742052455887,0.18716487801450604,0.17203272879123688,0.19230735301971436,0.1780468737122521
2022-10-27,0.10946467676845714,0.187673550394,0.18015444689970683,0.1871862165405992,0.17618842550546782,0.18672668879779905,0.18716487801450604,0.17867611348628998,0.19189493358135223,0.18399881468938872
2022-10-28,0.15018875362858966,0.109464676769,0.1325943017000866,0.1207082302971883,0.13612915770126374,0.15720305695334202,0.17535935006116962,0.1497814655303955,0.17484892904758453,0.1495177844701472
2022-10-31,0.1583213493529625,0.150188753629,0.14642664759661764,0.1505355620878468,0.1479526848230006,0.17866114562613625,0.19621703054805,0.14913955330848694,0.17281310260295868,0.1631065323704424
2022-11-01,0.30805969502233166,0.158321349353,0.15280935437871113,0.16227534016326417,0.15289276598843252,0.17257170420210546,0.1819626705492187,0.15403562784194946,0.17178085446357727,0.1640469025124655
2022-11-02,0.18341236447267126,0.308059695022,0.23854513048598938,0.24552262103313569,0.22129615280385273,0.2174701756789969,0.26936646885353194,0.21746383607387543,0.2130686491727829,0.23181900487173787
2022-11-03,0.2702769425998748,0.183412364473,0.1767700763399418,0.17329783499364734,0.169692139308654,0.17582596919676716,0.18448740501491598,0.2006334811449051,0.21466462314128876,0.18505307559144574
2022-11-04,0.12655417781392284,0.2702769426,0.23356531407616318,0.23427632346496355,0.21234290219274365,0.19302954076164108,0.1954833525885241,0.22666770219802856,0.21011756360530853,0.21506895698391038
2022-11-07,0.17861465622080402,0.126554177814,0.16163092511308255,0.1631018193452827,0.1538388183330615,0.1470438178672181,0.14476520003050208,0.1847347915172577,0.16912434995174408,0.16060567459402122
2022-11-08,0.16682929047955578,0.178614656221,0.18874341806232614,0.1912689888044609,0.17759497839920194,0.17363602519085625,0.17031658070632652,0.18278886377811432,0.1720990687608719,0.1794925605288797
2022-11-09,0.1786312641726078,0.166829290479,0.170518304995466,0.173594858149507,0.16581343795004955,0.16985735890072956,0.17876651031616234,0.1739223152399063,0.17624393105506897,0.17267381665812712
2022-11-10,0.14920567768271153,0.178631264173,0.1758539538210916,0.16635577657309966,0.164290441383027,0.15604042097765716,0.1597469760899679,0.17302639782428741,0.17999327182769775,0.16790103407097548
2022-11-11,0.13690731733850314,0.149205677683,0.15081323902977195,0.14907251152225776,0.14181865970007845,0.13631076373679887,0.12885335532657116,0.16013091802597046,0.131157785654068,0.14259389042793094
2022-11-14,0.21824994476857032,0.136907317339,0.14597731084139853,0.14911536440664325,0.14045729625677703,0.141020871827153,0.1423491951686956,0.1498022824525833,0.1326318085193634,0.14305058992465916
2022-11-15,0.1112136204586075,0.218249944769,0.1891979767268861,0.18988507058660142,0.175421121890052,0.16569715293820267,0.1616241579457479,0.17025960981845856,0.15997084975242615,0.17315084852262497
2022-11-16,0.13137913210882768,0.111213620459,0.13224900034893167,0.1364012607860794,0.13025703132573413,0.1348648338984326,0.14937464104169665,0.14833222329616547,0.15428456664085388,0.14082336533398482
2022-11-17,0.14618040545404162,0.131379132109,0.13797984741692182,0.1313526516072919,0.13527665206960465,0.14284575980492106,0.14769803869206105,0.1406078189611435,0.15154001116752625,0.14104296853135287
2022-11-18,0.09997696593033617,0.146180405454,0.1449567333553473,0.14756117930038243,0.13989006980197563,0.13804751218531752,0.1438516916849534,0.14148567616939545,0.14775797724723816,0.14336440567780143
2022-11-21,0.07816163914478765,0.0999769659304,0.11933025149817464,0.11916627439837005,0.11895159453678013,0.12086555636868775,0.12096504171430739,0.12766602635383606,0.131845623254776,0.12268433830356172
2022-11-22,0.12065500773458017,0.0781616391448,0.096461823217223,0.09269738587300727,0.09980655333705049,0.10789018078928425,0.11412745959582149,0.10973998159170151,0.11624888330698013,0.1052817525301526
2022-11-23,0.04390594982287663,0.120655007735,0.11812167440112105,0.11432712255668759,0.11558607768815876,0.1141575656239882,0.12297015858040877,0.11335068196058273,0.11782754212617874,0.11662011756244654
2022-11-25,0.0884040092141776,0.0439059498229,0.073125160389262,0.07268441396610124,0.08013889661128652,0.09216820150744763,0.10783595027066228,0.09163561463356018,0.10663367807865143,0.0891745593509959
2022-11-28,0.12065796448556058,0.0884040092142,0.08976253057707204,0.09273095592063638,0.09876849927667539,0.11368323630147972,0.1187871359789576,0.09136398136615753,0.11715974658727646,0.10317944085832216
2022-11-29,0.19103476859639973,0.120657964486,0.10739006962878689,0.10913574351635996,0.11289759763329243,0.12856482008390735,0.12837783975807016,0.10185866802930832,0.13211192190647125,0.11719095150802805
2022-11-30,0.1444296077580549,0.191034768596,0.1515503911878478,0.1309790236084876,0.144136785089377,0.13720929555122582,0.13344630732526788,0.1320284754037857,0.14455080032348633,0.1391287254984969
2022-12-01,0.12148379245411957,0.144429607758,0.13098858567519295,0.13469658936584158,0.1266387431263204,0.11867896899494526,0.12902536369674064,0.13541021943092346,0.13207539916038513,0.12964483849290706
2022-12-02,0.10753680838439274,0.121483792454,0.12676286488098887,0.12376737971882712,0.12107513590596954,0.10707315980343152,0.11439389713246947,0.13192632794380188,0.11173278093338013,0.11953307804555265
2022-12-05,0.13070690800155133,0.107536808384,0.12195527455420806,0.12714254234848704,0.12102760005369621,0.116319385458673,0.1262163703362616,0.12537044286727905,0.11778990924358368,0.12226021783745553
2022-12-06,0.14728430165967044,0.130706908002,0.13419770430305875,0.13937059632719248,0.13457580237236252,0.13121566643981128,0.13701906239881395,0.12866993248462677,0.13691982626914978,0.13456694151357365
2022-12-07,0.1272848825321719,0.14728430166,0.13829534827452317,0.14009489565610564,0.14023277163789805,0.1445407971256315,0.16456862963139413,0.1375313699245453,0.15996094048023224,0.14646067896147572
2022-12-08,0.11450940074886429,0.127284882532,0.12713010755475126,0.1262040392997342,0.1298036901980801,0.1331340880140998,0.13324243423871135,0.13439060747623444,0.15297670662403107,0.1338402390579489
2022-12-09,0.10155950738608376,0.114509400749,0.12044825199204257,0.12208860761102039,0.1257808965771348,0.13779348536891967,0.14815717593730524,0.12857869267463684,0.14420898258686066,0.1324365846782743
2022-12-12,0.26132440519206773,0.101559507386,0.11377348560756763,0.10909927415559902,0.12417437112438368,0.15149811111246816,0.15674821212555262,0.12154709547758102,0.15499261021614075,0.13311902283132754
2022-12-13,0.30312439276211345,0.261324405192,0.20226950843484875,0.2102517063482376,0.18832547129962562,0.18379704095312344,0.1578650804247394,0.17055048048496246,0.16884160041809082,0.18312869833766116
2022-12-14,0.1598574579039339,0.303124392762,0.23613396521329671,0.2465418904120182,0.2109921511442991,0.18684975549365745,0.16232969347974383,0.2159159928560257,0.18530738353729248,0.20629583316233333
2022-12-15,0.16240457987498996,0.159857457904,0.17005093991923448,0.17665924577942493,0.1594551770383368,0.15306718678469577,0.1445687716100071,0.19426581263542175,0.17974193394184113,0.16825843824413741
2022-12-16,0.12664774005129661,0.162404579875,0.17565061233790197,0.1792670521431919,0.1643641959932578,0.15100204905085168,0.14242230984880025,0.18130488693714142,0.1462327092885971,0.162891973657106
2022-12-19,0.13389253851385147,0.126647740051,0.16066314721493855,0.16518420431911668,0.15246285160325337,0.1481072789994562,0.13273811758869697,0.1643107682466507,0.13664184510707855,0.15144403043988444
2022-12-20,0.11704594023823808,0.133892538514,0.152727069865684,0.15357505727541743,0.14590801883205384,0.13691022999796773,0.13540652452599275,0.15463288128376007,0.13497687876224518,0.14487666579187444
2022-12-21,0.14650128714028557,0.117045940238,0.12798371726108057,0.12377073354025729,0.12507631000819414,0.12301677734426106,0.11390335597488223,0.14009492099285126,0.12739352881908417,0.12589133484865866
2022-12-22,0.1620687452752936,0.14650128714,0.14089887672197338,0.1417115431736025,0.1392672492474089,0.1449456281186996,0.13454152822080706,0.14257539808750153,0.15143270790576935,0.14219613306796605
2022-12-23,0.1096349204106812,0.162068745275,0.1482408535351945,0.14379563131313128,0.1431340858349753,0.13535344799659654,0.14224884601990728,0.14993570744991302,0.14659669995307922,0.14418646744325672
2022-12-27,0.13443098326614739,0.109634920411,0.12149061396665956,0.12116458887057137,0.12400821506987683,0.13594370614415488,0.14826714376546737,0.13732951879501343,0.1425935924053192,0.13297105414529467
2022-12-28,0.08682542905174728,0.134430983266,0.13334396014379646,0.1388959722375024,0.13479464581313363,0.14907400943523275,0.1708201258430691,0.13768649101257324,0.15106354653835297,0.1450969644319515
2022-12-29,0.14796295151455177,0.0868254290518,0.10772067644987846,0.10328856347549015,0.11229216324586225,0.13929728864478508,0.12167901276934882,0.1228865310549736,0.143642395734787,0.12154380448216076
2022-12-30,0.19236241608853846,0.147962951515,0.13724352942326573,0.13798713489102468,0.13610197063126234,0.1451689823604744,0.14836122975049676,0.1337374448776245,0.14907127618789673,0.14109593830314932
2023-01-03,0.19269182653109082,0.192362416088,0.1613303234243484,0.16502128430180546,0.15734610390920412,0.17248658820482374,0.18910208730781483,0.15434396266937256,0.18046492338180542,0.1685850390284535
2023-01-04,0.1473139041683262,0.192691826531,0.16886198476352507,0.17087356748782806,0.16056902373836857,0.16643613385924214,0.1769008504805108,0.16776809096336365,0.1744416356086731,0.1694073267002159
2023-01-05,0.17576051168368848,0.147313904168,0.14813399987789264,0.14638224635068406,0.1447456270760003,0.15515518008972243,0.17332282956612893,0.1600954234600067,0.15528307855129242,0.1547311978531039
2023-01-06,0.1175546095478931,0.175760511684,0.16969901402387616,0.1698059241849586,0.1576089200297111,0.14718476412502807,0.15503970338062983,0.16653825342655182,0.1330682337284088,0.15699211612845204
2023-01-09,0.13498084734771226,0.117554609548,0.13896610316835972,0.14184044376458002,0.13507893803989843,0.1500110522207384,0.1550989644561987,0.15463463962078094,0.13781040906906128,0.1447772214770882
2023-01-10,0.09182431158857876,0.134980847348,0.1423129008230954,0.14215705177348953,0.13604096233813293,0.14066617275966983,0.15212107070958675,0.15047907829284668,0.1287102997303009,0.14178393377530313
2023-01-11,0.18879474736122295,0.0918243115886,0.11257281585838985,0.11266055684786437,0.11383842579479023,0.12519394249491544,0.13756285078746025,0.1352660208940506,0.13155177235603333,0.124092340719072
2023-01-12,0.09347695346603033,0.188794747361,0.16299069683005765,0.16388648614775295,0.14898720468341595,0.14108542080922762,0.14561805587416027,0.1478535234928131,0.13131509721279144,0.14881949786431697
2023-01-13,0.09588318374865532,0.093476953466,0.10966723762081262,0.10567175762429809,0.10455994364914212,0.10311045068641768,0.10597532707451163,0.1331769973039627,0.09223777055740356,0.10777135493093548
2023-01-17,0.10866975315670317,0.0958831837486,0.10912565972461238,0.10833930077483586,0.10640465397735246,0.11027528407861431,0.11126274502330442,0.123404860496521,0.09293089807033539,0.10882048602079655
2023-01-18,0.12131093647530053,0.108669753157,0.11322477799487314,0.11799703553811162,0.1127223925071591,0.10959830313205793,0.13356312718860827,0.11905637383460999,0.10962195694446564,0.11654056673426938
2023-01-19,0.10723925412912941,0.121310936475,0.12199510601639067,0.1228984669389162,0.12038298626780887,0.11341721024416476,0.12726799332889077,0.12030662596225739,0.12285405397415161,0.12130320610465432
2023-01-20,0.12450610911452498,0.107239254129,0.10804126957630555,0.10158566604205588,0.1081374327701829,0.1089807761129066,0.12008936993998232,0.11618679761886597,0.11688156425952911,0.11141469661711834
2023-01-23,0.1282368774440036,0.124506109115,0.11913481558503715,0.1164924009809725,0.11677274969243383,0.11674879207658442,0.1377655653022306,0.11851155757904053,0.11370508372783661,0.11987585213487652
2023-01-24,0.12595664829148004,0.128236877444,0.12381222505787944,0.12528895306115684,0.11979995431596005,0.11694110106578744,0.12026410682595985,0.1219298243522644,0.11170163750648499,0.11996254316935615
2023-01-25,0.1526610795425265,0.125956648291,0.12423151454356557,0.12104078925649739,0.11955391254181803,0.1216551462230283,0.12355757208265619,0.12434437870979309,0.11495804786682129,0.12133448017488284
2023-01-26,0.1114013304007506,0.152661079543,0.13990112650358297,0.142631709097033,0.13107019646566173,0.12938122116825196,0.12262633216362723,0.1324274092912674,0.12113917618989944,0.13131102441133197
2023-01-27,0.11509154078766692,0.111401330401,0.1204074240277267,0.12018200174613389,0.11472721580122139,0.10903736720710909,0.12031930628970167,0.12894916534423828,0.10887975245714188,0.11750031898189614
2023-01-30,0.1042605309756439,0.115091540788,0.12134815051642503,0.1219388011450467,0.11892227470819752,0.12390552829745263,0.13909338135080304,0.12700146436691284,0.11820507049560547,0.12434495298292046
2023-01-31,0.22637101617925384,0.104260530976,0.11403084046328318,0.10691534937816366,0.11143921521317207,0.11550050313872665,0.12114289749878049,0.12259514629840851,0.11563615500926971,0.11532287242854346
2023-02-01,0.14694561408264623,0.226371016179,0.1817302151449144,0.1648783877208772,0.16273428042803464,0.1253491093017348,0.1279221581346224,0.14903397858142853,0.14549937844276428,0.15102107253633948
2023-02-02,0.16730274912335422,0.146945614083,0.14286107538576617,0.1404320038062018,0.13088322801192687,0.11476985203132459,0.13162683104483439,0.14891457557678223,0.1376275271177292,0.1353021561392236
2023-02-03,0.10150123069642851,0.167302749123,0.1576821447733774,0.15775082263557771,0.14309292692766507,0.12508205706770326,0.11769742298772658,0.15436510741710663,0.11925436556339264,0.13927497819607845
2023-02-06,0.20822773055423718,0.101501230696,0.12481390850186122,0.12650278644630342,0.11885354259655131,0.12454821246716857,0.08793392897360153,0.14272160828113556,0.1114063411951065,0.11954004692310402
2023-02-07,0.14258650891514246,0.208227730554,0.18550072855051192,0.18236036460569593,0.16545792525108866,0.14861630157834532,0.1624146037772918,0.16125407814979553,0.12442778050899506,0.161433111774532
2023-02-08,0.13986466704609565,0.142586508915,0.14648956010849118,0.14910279114723562,0.13697481546792284,0.13114317934354755,0.14168687355786244,0.15938958525657654,0.13082899153232574,0.14223082805913742
2023-02-09,0.11465415464506815,0.139864667046,0.14452617833607123,0.14955844040315158,0.13780683040123531,0.1356719824542764,0.1466559190318624,0.15364901721477509,0.14102868735790253,0.1441281507427535
2023-02-10,0.08790861627296381,0.114654154645,0.12781124617504513,0.12620534119527108,0.12465961347680296,0.1379987024455524,0.13604296017624468,0.14177517592906952,0.1363467276096344,0.13297710957251718
2023-02-13,0.18953095956835128,0.087908616273,0.11385691774901952,0.10938120302231544,0.11254734287685372,0.12742841627181098,0.1269194361666941,0.12769179046154022,0.11970847845077515,0.11964765499985844
2023-02-14,0.11628649401457421,0.189530959568,0.16056825959902954,0.1638010423227167,0.14765173464135062,0.14809133163086524,0.1380287132479055,0.14781256020069122,0.12006007134914398,0.14657338757024327
2023-02-15,0.11136142543917979,0.116286494015,0.12329092791283856,0.12305118167595004,0.11682897537862089,0.10837727703507566,0.11980256969390148,0.13918091356754303,0.10296797752380371,0.11907140325539048
2023-02-16,0.1241931628884199,0.111361425439,0.11836024135286341,0.11911296012118346,0.11607944839371698,0.11699278264576018,0.12825213067370253,0.13164065778255463,0.11300569772720337,0.12049198838528351
2023-02-17,0.08851735883248438,0.124193162888,0.1253081881389555,0.12579320046508974,0.12114734514019097,0.1228418504463639,0.12825213067370253,0.1314118355512619,0.12316519021987915,0.1254171058050634
2023-02-21,0.1278815839290912,0.0885173588325,0.10841777008432912,0.11234139150610879,0.11379283182642233,0.14616222904415185,0.146256903371258,0.12186312675476074,0.13476435840129852,0.12622837299833276
2023-02-22,0.11755452918327562,0.127881583929,0.12158940840396856,0.12360581628962525,0.1236244969152715,0.1358330505429897,0.13878330208903142,0.12566734850406647,0.14107784628868103,0.13002589557623342
2023-02-23,0.12245451960343971,0.117554529183,0.11679494521009892,0.11843229643338288,0.11730048215112898,0.13247850801048958,0.1380723027462024,0.1254764050245285,0.13679370284080505,0.1264783774880909
2023-02-24,0.0984673993603751,0.122454519603,0.12013424185994437,0.12128103389563787,0.12141661679277413,0.13569975495327266,0.1380723027462024,0.1270381659269333,0.13428373634815216,0.12827512178898812
2023-02-27,0.08269596236666939,0.0984673993604,0.10643377166857974,0.10882691213858192,0.10979557636148915,0.12830678841850043,0.13442246328881358,0.1205868273973465,0.1256663203239441,0.11914837994246506
2023-02-28,0.11937845922504613,0.0826959623667,0.09849388354859479,0.0996224283948125,0.1032732222018224,0.12855124733757148,0.12591635640482815,0.11231066286563873,0.11709775030612946,0.11218079300848535
2023-03-01,0.10711131873577881,0.119378459225,0.11518698673333733,0.1155446773970682,0.11749087737170186,0.12763300218429707,0.13878330208903142,0.11765678226947784,0.12533222138881683,0.12251826420481866
2023-03-02,0.08927001985785149,0.107111318736,0.10841637408138571,0.1023202605332528,0.11032491892562929,0.1126551562706315,0.12917070816394985,0.11751461029052734,0.1187477856874466,0.11416425913611758
2023-03-03,0.07863080307442624,0.0892700198578,0.09695473065243758,0.09230417628063808,0.09875487298440827,0.1038267245876112,0.10743925182023582,0.11164571344852448,0.10720687359571457,0.10259033476708145
2023-03-06,0.1628256767565853,0.0786308030744,0.09030303407498316,0.09162042501432903,0.09460557420403023,0.10648393848756228,0.1025696919885431,0.1044917106628418,0.09906493127346039,0.09844847224367857
2023-03-07,0.11532564947028047,0.162825676757,0.13758583117295853,0.14305934516764585,0.13422698649369394,0.12722600366926112,0.15245979266042578,0.12571391463279724,0.11913274973630905,0.13420066050472734
2023-03-08,0.14553901364077607,0.11532564947,0.11467102046495978,0.11177359910053417,0.11465409672044014,0.11664745935733138,0.12420264205639957,0.12505024671554565,0.11876741051673889,0.1179666392759928
2023-03-09,0.21891456753330055,0.145539013641,0.13245695545575722,0.1376467468522968,0.13494889449793881,0.15670353577710744,0.16886254722328695,0.13346673548221588,0.14781902730464935,0.14455777751332177
2023-03-10,0.3041035143156882,0.218914567533,0.1786400691915055,0.17733955040282556,0.17388636859376952,0.19217336856395167,0.19340589853159756,0.13955432176589966,0.18599002063274384,0.1772842282403276
2023-03-13,0.16874322708680192,0.304103514316,0.23908478923725246,0.23139595561165432,0.22487537758596285,0.2357635505095923,0.21946225518835616,0.16350513696670532,0.2322361320257187,0.22090331387503456
2023-03-14,0.20215594818280266,0.168743227087,0.17570086355101716,0.17549559390609415,0.1657732958703071,0.20324954823165875,0.20754954152072916,0.16794264316558838,0.1819111704826355,0.1825175223897186
2023-03-15,0.16427857428194342,0.202155948183,0.19923004124571564,0.19307192218247343,0.1871060754632645,0.20404151295375095,0.19164450350870502,0.176424041390419,0.14617231488227844,0.1853843445180867
2023-03-16,0.1736529862232032,0.164278574282,0.18295103423386083,0.17698150561563247,0.16739051868946808,0.1712774537431561,0.14618552720166236,0.1789446473121643,0.13345283269882202,0.16531193135639516
2023-03-17,0.12788159165176669,0.173652986223,0.18328954975984388,0.18694551002989693,0.17441510229528895,0.19530448109420573,0.18982983842637563,0.18038716912269592,0.17707985639572144,0.18389307244628977
2023-03-20,0.09337645743838005,0.127881591652,0.14568155086678486,0.1446812083570562,0.14258258935322526,0.15795439830582042,0.15460922290924073,0.17255070805549622,0.16626468300819397,0.15490348012225968
2023-03-21,0.2199262419740855,0.0933764574384,0.12258264783071979,0.12369802811280546,0.11998703165104138,0.12722647132365802,0.12602372065063358,0.16080038249492645,0.13026399910449982,0.13008318302404065
2023-03-22,0.16532957872619164,0.219926241974,0.18378883689637004,0.18936258127662536,0.1718652816705994,0.16506783467310032,0.15630358127089158,0.16555771231651306,0.16104340553283691,0.17042703337670526
2023-03-23,0.15906141462701756,0.165329578726,0.1580136382991909,0.16131311594768621,0.15081744906485367,0.1407503985487139,0.15630358127089158,0.16363045573234558,0.16676247119903564,0.15679873000895966
2023-03-24,0.10588494855493863,0.159061414627,0.15368901634207344,0.14942126350141555,0.14539251605233944,0.12740829165498377,0.1463808216387964,0.16130995750427246,0.12722492218017578,0.14440382698200813
2023-03-27,0.08776189792300756,0.105884948555,0.1266128113081339,0.12932235791743713,0.12213791499367506,0.12300882212016398,0.1326441334237231,0.15351928770542145,0.11229410767555237,0.1285056335920153
2023-03-28,0.06958442391310574,0.0877618979229,0.11759748554813902,0.1208865545929024,0.11414874376855311,0.1200777027278938,0.12322846851746931,0.14605310559272766,0.10547923296689987,0.12106732767351217
2023-03-29,0.06952691636217156,0.0695844239131,0.09541553533716068,0.0946524196638,0.09576711019440391,0.10087714634127981,0.09973425671393056,0.13551193475723267,0.09537068009376526,0.10247558330022469
2023-03-30,0.07136251605303445,0.0695269163622,0.08671281745462611,0.08787926112778557,0.08910381718578644,0.09535078272463765,0.1283707636237377,0.1259283423423767,0.09421500563621521,0.10108011287073791
2023-03-31,0.0763078779602185,0.071362516053,0.07968621969728464,0.07466290152957034,0.08406397920407509,0.08828563593979062,0.0968317672184638,0.11735397577285767,0.09263886511325836,0.09050333492504294
2023-04-03,0.09866488410286206,0.0763078779603,0.07937803501142704,0.07851923163411989,0.08349539353219076,0.10219058922877677,0.1223276169819062,0.11125203967094421,0.09836307168006897,0.0965037111056334
2023-04-04,0.08768112541783209,0.0986648841028,0.09090577398439098,0.09280193116611177,0.09334899868617685,0.10594526563747404,0.10908885074205234,0.10955284535884857,0.11147163063287735,0.10187361374399027
2023-04-05,0.06261714903806784,0.0876811254178,0.08735198458106672,0.0880821337335137,0.09049557993500525,0.09890224095760883,0.10328514327246198,0.10775032639503479,0.10908268392086029,0.09785001325650736
2023-04-06,0.07835061744688168,0.0626171490381,0.07503241973592573,0.07306306476617373,0.07995045428336617,0.09280796402341203,0.09311398336820838,0.10408493876457214,0.09964898228645325,0.08824311531830163
2023-04-10,0.057618825581964093,0.0783506174469,0.08314198554996435,0.07847193775715362,0.0872275234440684,0.0973458135296209,0.10170739483010732,0.10317569971084595,0.09217663109302521,0.09189242655925511
2023-04-11,0.11853728111273684,0.057618825582,0.07177272057471619,0.07283209438870723,0.0788991060629192,0.0990135405459232,0.08953873914578023,0.07937608659267426,0.11212364584207535,0.0862222761646851
2023-04-12,0.06730651600770017,0.118537281113,0.1026069041146274,0.10627923487105889,0.10389558447114264,0.1206037131991721,0.10555424653979209,0.0997481718659401,0.11500942707061768,0.10767104030462156
2023-04-13,0.11598049578600188,0.0673065160077,0.0767611545197702,0.07200164273049617,0.08165854561860042,0.09060852900305759,0.08584203667443743,0.08865058422088623,0.0849752128124237,0.08292824365423881
2023-04-14,0.06539821762217989,0.115980495786,0.10472577391421692,0.1077195205574071,0.10289152763160443,0.096051491020343,0.10474472697160389,0.10228577256202698,0.09447741508483887,0.10184231824886303
2023-04-17,0.08412752699617647,0.0653982176222,0.07972505557384457,0.0799632015417313,0.08272283049816939,0.09278802519492471,0.08281210993654786,0.08862369507551193,0.09322188794612885,0.08569382939526551
2023-04-18,0.05632069424258192,0.0841275269962,0.09109875151207089,0.09343687581194893,0.09158345451998981,0.09583718595334706,0.07851344171385571,0.08956798911094666,0.09524911642074585,0.09075525929184357
2023-04-19,0.0764102606104154,0.0563206942425,0.07246575041985011,0.07180833699690188,0.07731133693820885,0.07728555375965412,0.07234267770812836,0.07846035063266754,0.08756864070892334,0.07674894959490487
2023-04-20,0.09379098909985543,0.0764102606105,0.08288665965914148,0.08290918569224992,0.08700504884846416,0.08813365289672186,0.11129038405973093,0.08225565403699875,0.093314528465271,0.08968501623693972
2023-04-21,0.06114203018255446,0.0937909890999,0.0891469149379843,0.09013096413652143,0.09146335588201612,0.09318850194397085,0.09239142576124504,0.09138372540473938,0.09329578280448914,0.09157152441013804
2023-04-24,0.08551933793682924,0.0611420301826,0.07346891976822222,0.07441468603565835,0.07954804396918923,0.08913651548953447,0.083220876061465,0.08257075399160385,0.09043712913990021,0.0818281320650819
2023-04-25,0.08416459366670048,0.0855193379369,0.08527002812170682,0.08836575556703799,0.09450043489772408,0.11515612673907444,0.09931594951829317,0.08706758171319962,0.115952268242836,0.09794687782855316
2023-04-26,0.07538891952679784,0.0841645936667,0.08722157384575632,0.08949385355550249,0.09545070888592896,0.11119339549961171,0.09809258463812076,0.08947524428367615,0.11417844891548157,0.09787225851772542
2023-04-27,0.11271007424337187,0.0753889195268,0.08300282477425366,0.07651288145283144,0.08776656297327702,0.09373645318479235,0.07470733802652627,0.08705082535743713,0.0890149474143982,0.084541690454788
2023-04-28,0.07323018990803724,0.112710074243,0.10238696050043308,0.10119188890713388,0.1013000674687628,0.08238597322184717,0.11667836732772457,0.10044477880001068,0.07904695719480515,0.09763357048867391
2023-05-01,0.10033388845494029,0.073230189908,0.08472324926161229,0.08621818609360613,0.08740118870202297,0.08400990122879726,0.05591075000546619,0.09189014136791229,0.07788482308387756,0.08114831996332782
2023-05-02,0.11056722380202372,0.100333888455,0.09888068129234842,0.10201130041294124,0.10146377916884988,0.09538383064028899,0.1269236523135626,0.09781840443611145,0.10205141454935074,0.10350472325906476
2023-05-03,0.13807963782209454,0.110567223802,0.10605760094201658,0.10992906554804646,0.10844501416300828,0.1031856598146954,0.13810319349656253,0.10566979646682739,0.12302333861589432,0.11348766700672155
2023-05-04,0.07615283122606539,0.138079637822,0.12466490097259597,0.12563829359959924,0.12520830268892746,0.12864654129311695,0.14356804296509645,0.12131687998771667,0.14287200570106506,0.13027356674401683
2023-05-05,0.06787678142836179,0.076152831226,0.09201316536792736,0.08986489930211666,0.09359070311219869,0.08812328476462081,0.11559147095131853,0.10193081200122833,0.0799662247300148,0.09444008003277503
2023-05-08,0.06497886267259531,0.0678767814283,0.08762915877273758,0.08916035108035072,0.09017031714039875,0.08410065473324649,0.07301919498957246,0.08860661089420319,0.07201161980628967,0.08352827248811412
2023-05-09,0.13061380614739165,0.0649788626727,0.08307805769073867,0.08373215238386061,0.08821704191391698,0.08352674870233681,0.08985973850647525,0.08222296088933945,0.08118358254432678,0.08454575466157065
2023-05-10,0.09604001537647107,0.130613806147,0.11580538141500646,0.11800260760627386,0.11240494541240521,0.10592796220645649,0.103103694245723,0.09906353056430817,0.08885244280099869,0.10616579489302455
2023-05-11,0.0935350836536687,0.0960400153765,0.09562677332542428,0.09624890023580146,0.09611011266564515,0.08803618982707298,0.09105125299026422,0.09745185077190399,0.07497121393680573,0.09135661339327397
2023-05-12,0.07014223964585961,0.0935350836537,0.09604216612920807,0.09756799628686372,0.09614947909497906,0.09143051598422197,0.11024119200582297,0.09554090350866318,0.08208240568637848,0.09557923695659107
2023-05-15,0.08770074589399568,0.0701422396459,0.08518769665200233,0.08591941857609936,0.08698867619712003,0.08668682064186883,0.08478714783301397,0.08766887336969376,0.08271726220846176,0.08570798506832286
2023-05-16,0.08170051316313992,0.0877007458941,0.09557040554284041,0.09658788551777057,0.09705607050062867,0.0930751690863808,0.0957252922647775,0.08921700716018677,0.09249502420425415,0.09424669346811984
2023-05-17,0.10694368444787378,0.0817005131632,0.08830371691470651,0.08730363433264338,0.08990820534774832,0.08793420889171118,0.08897800529857113,0.0872788280248642,0.09025590121746063,0.08856607143252934
2023-05-18,0.09705528391545923,0.106943684448,0.10118726451224158,0.09906854345887683,0.0989547551951174,0.08403427985214214,0.0925466521786354,0.09408211708068848,0.08477608859539032,0.09352138583901316
2023-05-19,0.0909891666866688,0.0970552839154,0.09677954364466129,0.0985276604451529,0.09604425438084607,0.0787111263534316,0.08645442286307195,0.0951966941356659,0.08582614362239838,0.09107712077788972
2023-05-22,0.10468025314024226,0.0909891666866,0.09577383041556287,0.09600931319855968,0.09553212888622643,0.07969385170391545,0.09822003852629585,0.0943356528878212,0.08665396273136139,0.09231696833567755
2023-05-23,0.09378526044025468,0.10468025314,0.10376108637944247,0.10686475669521453,0.10412825375222592,0.10939202181258992,0.11249814203370001,0.09809283912181854,0.10508069396018982,0.10568825625074017
2023-05-24,0.10344508988807928,0.0937852604402,0.09966021525510646,0.0999634423601925,0.1030043754860788,0.11361779980618607,0.10408141616068467,0.09726773202419281,0.11291360855102539,0.10435836994906666
2023-05-25,0.08081184874727468,0.103445089888,0.10388697252076742,0.10441175383072454,0.10409414185404439,0.10607855437163255,0.11306109083869761,0.09932063519954681,0.1070982813835144,0.10542163285698967
2023-05-26,0.09646177481091461,0.0808118487473,0.09173053174682941,0.08634427033202073,0.09237859005899249,0.09560700208103269,0.10063586452235268,0.09328541159629822,0.09318563342094421,0.09330961482263864
2023-05-30,0.07860291734630974,0.0964617748109,0.09959298853187773,0.10154495962507842,0.09824938595879051,0.09757957022920892,0.102260924906955,0.09484228491783142,0.08702606707811356,0.09729945446397936
2023-05-31,0.08478540534165535,0.0786029173462,0.08884544471212208,0.09016030764422717,0.08994791612793211,0.1010602352808997,0.09563044678354969,0.08984138071537018,0.08276284486055374,0.0911783680178078
2023-06-01,0.08842424724357455,0.0847854053416,0.09094097531528039,0.08741648680688449,0.08937547242714963,0.07835553496985866,0.08400410788809898,0.08890397846698761,0.07410555332899094,0.08472887274332153
2023-06-02,0.10237218557386767,0.0884242472436,0.09132149340457407,0.09064086256797185,0.08876911336807428,0.07301363956158127,0.07982184678584614,0.08923830091953278,0.0600460022687912,0.08183589412519594
2023-06-05,0.07107170815199253,0.102372185574,0.09986752818169509,0.10231722676544865,0.09594843637209069,0.07753692733161241,0.09065140351131838,0.09424137324094772,0.07139384746551514,0.0902795346955183
2023-06-06,0.0785129086410687,0.071071708152,0.08287164500430491,0.08077458672398968,0.08177759054650525,0.07242903838057893,0.07007013664797923,0.08679986745119095,0.0715416669845581,0.07803779024844386
2023-06-07,0.05752166735655356,0.0785129086411,0.08637711799617612,0.0878250274302465,0.08447790987285647,0.07168075048757015,0.07647843980618577,0.0848894864320755,0.07037393003702164,0.0803003802945903
2023-06-08,0.08076787273304652,0.0575216673566,0.07401195958285033,0.07277748700563773,0.07431381481989778,0.05995682335149237,0.06810854366280815,0.07744918018579483,0.0663706436753273,0.07042692175482979
2023-06-09,0.052779819939348036,0.0807678727331,0.08418659696428646,0.08534179030337817,0.08249972382173569,0.07219774141181992,0.07702208040256353,0.0805680975317955,0.07303973287343979,0.07926510904414559
2023-06-12,0.07146414794276358,0.0527798199393,0.06660357752799212,0.06432567033324343,0.07025376765677095,0.07441479064260999,0.077573907503718,0.07207724452018738,0.07518982142210007,0.07149125422951741
2023-06-13,0.14356764739657052,0.0714641479428,0.07548101013424852,0.07505647134233084,0.07726273208071315,0.08257460185513281,0.07710743121347616,0.07460899651050568,0.06839823722839355,0.07578421148068581
2023-06-14,0.09244188456126368,0.143567647397,0.1153003225942539,0.11555777244346584,0.10816212520914524,0.09490708574877446,0.10959470610425885,0.10418181121349335,0.0886000245809555,0.10518626398490673
2023-06-15,0.09318261114923534,0.0924418845613,0.0943198135618603,0.08998832230930956,0.09126755181651872,0.087516355703172,0.08525543505487901,0.10057282447814941,0.08958807587623596,0.09121548268573214
2023-06-16,0.07295973769561401,0.0931826111492,0.09578449320548421,0.09782618603333192,0.09183733973629389,0.08061092993383626,0.0779020352771193,0.09637008607387543,0.0805862545967102,0.08870247497952162
2023-06-20,0.08059952583073675,0.0729597376956,0.08808342304936105,0.08964470945996113,0.086333996319778,0.07859816354698469,0.07644284409374734,0.08694857358932495,0.07178553938865662,0.08254817849254482
2023-06-21,0.08475062226963057,0.0805995258307,0.09254523917421276,0.09379641257146373,0.08920476593341228,0.06903813740884314,0.08196196595093586,0.08588702976703644,0.06741809844970703,0.08283594989365874
2023-06-22,0.06581622153851131,0.0847506222696,0.08920117261916305,0.08721024891615567,0.08661371400639509,0.07180882119588569,0.07539016977192368,0.08620516955852509,0.06873491406440735,0.08073774430463652
2023-06-23,0.0746056249237147,0.0658162215385,0.07789718947351841,0.07789676644719694,0.07827218938562978,0.06770587654091664,0.06965580652476383,0.0796656385064125,0.07125072181224823,0.07462059838438376
2023-06-26,0.05984498339249164,0.0746056249237,0.08040060648790831,0.08179583783331444,0.0811318210777313,0.0759638700908383,0.0715704911773101,0.07939007878303528,0.0735219269990921,0.07768209034988997
2023-06-27,0.09385578633449725,0.0598449833925,0.07229731234040918,0.0708464922871071,0.07431262842408214,0.07437003591473626,0.07146477603267201,0.07438434660434723,0.06967547535896301,0.07247872385175956
2023-06-28,0.07153035836322086,0.0938557863345,0.08954614347113592,0.08886268088473726,0.08784072562221304,0.0754291593923604,0.08226250245159433,0.08464299142360687,0.07668891549110413,0.0836104455338217
2023-06-29,0.07298205948455277,0.0715303583633,0.07783484407759667,0.07745079587490095,0.07856093067130387,0.07051539271558525,0.07546092977498908,0.0813068076968193,0.07511615008115768,0.07660655012747898
2023-06-30,0.03341015583409991,0.0729820594845,0.07919690094689638,0.07958820459428625,0.07926996847419326,0.06991317528480526,0.07469793549761199,0.07965870201587677,0.07233411818742752,0.07637985785729964
2023-07-03,0.04807069167080956,0.0334101558341,0.05686916094529329,0.05596944689351639,0.06235805167700319,0.05835846607475302,0.07208119783739607,0.06360254436731339,0.06413277983665466,0.061910235375990004
2023-07-05,0.0643557417332968,0.0480706916708,0.06276456910235888,0.06260102810142212,0.06814679810465539,0.06809698888026179,0.07624027207360072,0.061408817768096924,0.06621720641851425,0.06649652577841572
2023-07-06,0.07169351657482007,0.0643557417333,0.06780762337342375,0.06808424390833628,0.07377893204629359,0.07641193411802641,0.07941387909840576,0.06645269691944122,0.0746869444847107,0.07237660770694825
2023-07-07,0.06800835255954374,0.0716935165748,0.07132139968235895,0.07174759155367742,0.07618912331459142,0.08068863982671573,0.077573907503718,0.07205473631620407,0.06781815737485886,0.07391336508173207
2023-07-10,0.08249558293598028,0.0680083525596,0.06913784616720944,0.06916564652110666,0.07485456105003013,0.07455753195275687,0.07941387909840576,0.07295943796634674,0.07691709697246552,0.07385799996118873
2023-07-11,0.06701237767891242,0.082495582936,0.08040187802529088,0.07995203809638263,0.08323831200036771,0.08234082189349043,0.08621545177501101,0.07914498448371887,0.07956090569496155,0.08155062742417472
2023-07-12,0.051721602828388835,0.0670123776789,0.07469144454253396,0.07561366372919193,0.07679070190201934,0.0750360005114127,0.07363898386313772,0.07241956144571304,0.07343323528766632,0.07451765589738214
2023-07-13,0.06450330063845106,0.0517216028284,0.06638051219024214,0.06574026376974489,0.0704257210996021,0.06398956078405976,0.07146399066978158,0.06816001981496811,0.06044517457485199,0.0666578918433215
2023-07-14,0.04696749509819062,0.0645033006384,0.07173714210235374,0.07293700179976699,0.07451631848742617,0.06780528344834397,0.07363898386313772,0.06853296607732773,0.06176341697573662,0.07013301610772757
2023-07-17,0.060741426486278706,0.0469674950982,0.06160232030056477,0.060437533451924694,0.0671367843236071,0.06111500368779055,0.07290468301738852,0.0640990287065506,0.06458781659603119,0.0645547385834082
2023-07-18,0.06608152055263257,0.0607414264863,0.0662254533489855,0.062239207369739175,0.07139834705461454,0.062462285116095834,0.07431178737265769,0.06400587409734726,0.06488670408725739,0.06650423692095678
2023-07-19,0.07075776625939516,0.0660815205525,0.06868957491639878,0.06901552937295201,0.07393569114040957,0.07258868178729719,0.07786434948315771,0.06525780260562897,0.06809472292661667,0.070778050318923
2023-07-20,0.07800676680453818,0.0707577662593,0.07264262325617551,0.07368078058261739,0.07706554599563567,0.07038768718482194,0.07740565709297402,0.06761195510625839,0.07248611748218536,0.07304005238580975
2023-07-21,0.06869958331338262,0.0780067668046,0.07727324094504391,0.07861707206488791,0.08020692587436025,0.07281865398473825,0.07507967621074466,0.07106050848960876,0.07058743387460709,0.0750919302062844
2023-07-24,0.048232328122247634,0.0686995833133,0.0748694126741241,0.0755186275607406,0.07817285026514863,0.07845063923545134,0.07477047976284137,0.07135699689388275,0.07115214318037033,0.07489873565322272
2023-07-25,0.10669612038399522,0.0482323281222,0.06414030279151023,0.06472108100919259,0.07002254818737776,0.07256476797071704,0.07523066389961788,0.06621009111404419,0.0670938789844513,0.06856904770813013
2023-07-26,0.09813157828668405,0.106696120384,0.09530762445011835,0.0947791550953019,0.09368852726783632,0.07819532340004881,0.09248573045817389,0.07821575552225113,0.08431965112686157,0.08814168104579886
2023-07-27,0.0857388774869347,0.0981315782866,0.09372036794693006,0.09691997244816286,0.09322033920277109,0.0862751753503499,0.08898195487902079,0.08396122604608536,0.08511847257614136,0.08974250120706591
2023-07-28,0.0707252917945285,0.0857388774869,0.08854958542540367,0.08726694526782994,0.08774826896352847,0.07352931969701801,0.08074725478552731,0.08432254195213318,0.07608060538768768,0.08260636021130405
2023-07-31,0.05765859782681157,0.0707252917946,0.0816883002342221,0.08055945642906084,0.08264334171679519,0.07366796585982376,0.0731279741918672,0.08064401149749756,0.06814424693584442,0.07721075669501587
2023-08-01,0.07914885021922681,0.0576585978267,0.07640236576375607,0.07772920319943231,0.07876147161782358,0.06548213234548675,0.07799378079669843,0.0755355954170227,0.06366878002882004,0.07365333273843426
2023-08-02,0.08409717863527646,0.0791488502192,0.08402676087558758,0.08578018592795694,0.08757704716802986,0.0851073141756889,0.08322023642824976,0.07701856642961502,0.07457603514194489,0.082472306592439
2023-08-03,0.1130218375707863,0.0840971786353,0.0850256365957808,0.0848673387194038,0.08858043687729064,0.0922852064393078,0.10422272871806963,0.07894451916217804,0.0866510421037674,0.08865384408797117
2023-08-04,0.07742779580665073,0.113021837571,0.1010407281874858,0.10417959443065845,0.10156286127809913,0.10644570845433489,0.09785581494724457,0.08790109306573868,0.08315092325210571,0.09744810337366674
2023-08-07,0.0834575953700105,0.0774277958066,0.08486212917303323,0.08454272656261622,0.08684219511756913,0.08342709777326834,0.07925770840592122,0.08463219553232193,0.08578313887119293,0.08419245591941757
2023-08-08,0.09079052353321683,0.08345759537,0.09002251976868478,0.09097535324362527,0.09131672875271926,0.09340778540242622,0.08716191321833212,0.08467166125774384,0.07835590839385986,0.08798741000534162
2023-08-09,0.1244790635888638,0.0907905235332,0.09450233339680321,0.09707546854262994,0.09541044289703707,0.09598627391598992,0.08716191321833212,0.0867791548371315,0.08722078800201416,0.09201948211570542
2023-08-10,0.09293547358874328,0.124479063589,0.11386216580092734,0.11600942316008722,0.10997562956426583,0.10819557489580288,0.09980961098079935,0.0993565171957016,0.09430339932441711,0.1059303315602859
2023-08-11,0.06966705114104084,0.0929354735888,0.097164061774619,0.09585135389877308,0.09564724861138248,0.08078066362300038,0.08593780639883443,0.09350642561912537,0.07105468213558197,0.08856317743733096
2023-08-14,0.09048833610236848,0.069667051141,0.08548705174472077,0.08270648236337998,0.08577900607201147,0.07218451734568548,0.0811220616042133,0.08130604773759842,0.062046051025390625,0.07866160255614285
2023-08-15,0.10349653377420134,0.0904883361024,0.09589303800204216,0.098538672693949,0.09624891529376794,0.09872845252653376,0.09906657052466851,0.08423155546188354,0.07660561054944992,0.09275897357889926
2023-08-16,0.09635826841737455,0.103496533774,0.10309854018527193,0.10452080925754448,0.10314010391791056,0.1009217581806108,0.11091474668173877,0.0920248031616211,0.08810777962207794,0.1003897915723965
2023-08-17,0.09417639223234452,0.0963582684174,0.09714863523817682,0.09862672521101196,0.09986644799334271,0.11021819692420444,0.09758335343626612,0.09223028272390366,0.10293838381767273,0.09980171790636835
2023-08-18,0.08589828172390644,0.0941763922323,0.09620009688676892,0.09562801217084424,0.09775815045483205,0.11084811575153308,0.09839993140455329,0.09096288681030273,0.10173483192920685,0.09879028934400588
2023-08-21,0.0945861462136163,0.085898281724,0.0937553849409061,0.09344192641028157,0.09497058900948965,0.10338945372330663,0.1000786681204816,0.08771700412034988,0.09258298575878143,0.09513371601194241
2023-08-22,0.06593373466113686,0.0945861462136,0.0981958878469517,0.10032622101460849,0.09848942548076707,0.10565385604911859,0.09941513001815734,0.08956306427717209,0.09128318727016449,0.09756096742241996
2023-08-23,0.10551831140951792,0.0659337346611,0.08131044511094214,0.07874557629674492,0.08352394941682403,0.08777867941856557,0.08036961687376337,0.07917480915784836,0.08504648506641388,0.08227850876301461
2023-08-24,0.15992023417881804,0.10551831141,0.10070337508598087,0.10385907114588463,0.10092762365503091,0.10508977911120637,0.10911012567793861,0.08954018354415894,0.09341932833194733,0.10037849807887823
2023-08-25,0.08001992077423221,0.159920234179,0.13220057155910603,0.12924450738744017,0.12334196879352918,0.10649870703753544,0.11946078754947514,0.11667447537183762,0.09486950933933258,0.11747007529117946
2023-08-28,0.08487583880019331,0.0800199207742,0.0940809505205164,0.09511127115029785,0.09208589078294152,0.0902352273376503,0.08655694903675155,0.09787160158157349,0.08374304324388504,0.09138356195051658
2023-08-29,0.09074454738060243,0.0848758388002,0.09548820346501186,0.0897693785244244,0.09211415972024992,0.09111723111399524,0.08917085136796533,0.08852305263280869,0.07959917187690735,0.08939743552876611
2023-08-30,0.07019011274600148,0.0907445473806,0.10047356866733415,0.1004555285268181,0.09493321855068584,0.08816635090628419,0.08874985364169177,0.08839688450098038,0.07773081958293915,0.09127231776810481
2023-08-31,0.08289910973413647,0.0701901127459,0.08758376426877726,0.08954439236267833,0.08464193104922743,0.07613348293160879,0.076344081755441,0.08135408908128738,0.06946302950382233,0.08072353870754892
2023-09-01,0.06222586957466806,0.0828991097341,0.08658550073867427,0.08911743601512989,0.08398887987114348,0.07326353554275031,0.07643961586888177,0.08145758509635925,0.059659816324710846,0.0786446242082357
2023-09-05,0.08741153004276266,0.0622258695746,0.07526939140022408,0.07637996175876288,0.07622359614400448,0.0759821372865922,0.07755424440435624,0.07458159327507019,0.07258079946041107,0.07551024624706017
2023-09-06,0.08525989484239821,0.0874115300427,0.08738486252397565,0.08928795304790639,0.08670702515814373,0.07770116079180509,0.08478169577035963,0.08085908740758896,0.07176028192043304,0.08264029523145892
2023-09-07,0.07178513114289337,0.0852598948424,0.08586588264877812,0.08284677966095329,0.08584953725668118,0.08044287852872822,0.08478169577035963,0.08315764367580414,0.0749228298664093,0.0825524639153877
2023-09-08,0.06461740547315097,0.071785131143,0.07968186554160983,0.07993443516845633,0.08004913649185219,0.07106479969633199,0.07755424440435624,0.07866726070642471,0.07060766220092773,0.07679420060142272
2023-09-11,0.07022658499482656,0.0646174054731,0.07460265839570111,0.07549768512445074,0.07597471748164046,0.07017829763401172,0.07839825815102912,0.07403597235679626,0.0719495415687561,0.07437673295891223
2023-09-12,0.08140100016050664,0.0702265849949,0.07802654955555664,0.07877552477262159,0.0794886126624883,0.0705282496934655,0.07839825815102912,0.0741109549999237,0.07687902450561523,0.0766010249058143
2023-09-13,0.05874607818633342,0.0814010001605,0.08274240419115506,0.08357056340067534,0.08244219797036066,0.07528871767945103,0.08411008559343167,0.07880157232284546,0.07456576824188232,0.08021732991425737
2023-09-14,0.07129844759263697,0.0587460781864,0.06971046492279692,0.0684154537701534,0.07105137482051124,0.057361276914071516,0.06920922065687446,0.07172377407550812,0.05459468066692352,0.06600946368954845
2023-09-15,0.05746455297129179,0.0712984475927,0.0755836337189229,0.07780335762410545,0.07714954096446702,0.06768117883201487,0.07612158975715917,0.07323024421930313,0.06202365830540657,0.072799029060197
2023-09-18,0.06947046182185634,0.0574645529713,0.0684921726446087,0.06894677029938938,0.07230352809254773,0.06643372243604295,0.07839825815102912,0.06884045898914337,0.06867308914661407,0.07029828567991077
2023-09-19,0.10370519490325256,0.0694704618219,0.07409332151067283,0.07451449054637607,0.07717529622608149,0.07006459745772997,0.07839825815102912,0.0715775340795517,0.07254989445209503,0.0740533417747909
2023-09-20,0.08746041151008609,0.103705194903,0.09218297250623146,0.09576127785645958,0.09278657266684928,0.08780934369355868,0.09269637010383064,0.08657021820545197,0.09968307614326477,0.09249854731080663
2023-09-21,0.10460845910858835,0.08746041151,0.08715775983317492,0.08772006206067198,0.0914253179779102,0.09511810724213794,0.09519428692292925,0.0871531069278717,0.10859750211238861,0.09319516329672638
2023-09-22,0.1120457164787338,0.104608459109,0.09822130609799234,0.09853711461298702,0.09992717378912752,0.10575152955725547,0.10747493541154694,0.09306196123361588,0.10818019509315491,0.10159345939938287
2023-09-25,0.09633127171103888,0.112045716479,0.10661212927270074,0.10112504551649018,0.10585798473080826,0.10850659558898462,0.10887190136156863,0.09909484535455704,0.10451257228851318,0.10494015344480323
2023-09-26,0.12763969255106813,0.096331271711,0.10168043259197765,0.10393162941363711,0.10495318781177207,0.11839259971879658,0.10117769208254816,0.09510571509599686,0.10833947360515594,0.1047972471885549
2023-09-27,0.13563260972991562,0.127639692551,0.11859294178816904,0.11897934959842728,0.11750766408480257,0.11871322958612152,0.11293787680756784,0.10498873889446259,0.115383580327034,0.11530048301236927
2023-09-28,0.13150547122122486,0.13563260973,0.12665202055759003,0.12570360046659268,0.12176480446818883,0.11756245931658432,0.11396042882869932,0.11397209763526917,0.11266398429870605,0.11889705651023293
2023-09-29,0.1388764234998252,0.131505471221,0.12709952165546537,0.1296353017618435,0.12217155881216996,0.11690029788661593,0.11795770352668206,0.11605651676654816,0.11311864852905273,0.1204199355626254
2023-10-02,0.12435941045703136,0.1388764235,0.13293889706047424,0.131848526579876,0.12699914886102937,0.12083415331774144,0.13817383124773747,0.11956155300140381,0.11439956724643707,0.1263936681878142
2023-10-03,0.13651945782589966,0.124359410457,0.12860094011109988,0.13292696392967948,0.1265110674985384,0.12879005404634922,0.1269669480675202,0.1156386137008667,0.12092126905918121,0.12576512234474788
2023-10-04,0.115675505401377,0.136519457826,0.13505410738453458,0.13526510023353075,0.12910515448477705,0.1297517195741198,0.12508454074562775,0.11875665187835693,0.12671394646167755,0.12853303153751777
2023-10-05,0.13257367285899263,0.115675505401,0.1233918457312907,0.12456993485253472,0.11926532195267342,0.12122282947928445,0.12268631671846972,0.11190871894359589,0.12303228676319122,0.12086817920586287
2023-10-06,0.10013525174134033,0.132573672859,0.13137126310958264,0.1259698806379065,0.12403520430526514,0.11882867119022303,0.11994029155667332,0.11609973013401031,0.10516919940710068,0.12020203433439451
2023-10-09,0.0898923770915799,0.100135251741,0.11260507740676885,0.11261621554773879,0.10937078582611462,0.1136550008821122,0.11412779748816214,0.10475370287895203,0.11015328764915466,0.11104026681128619
2023-10-10,0.0859081352493767,0.0898923770916,0.10465651667133717,0.10681709810042979,0.10187621456974884,0.1037104399459839,0.1044273257836414,0.10737085342407227,0.10289841145277023,0.10453669427828337
2023-10-11,0.1013763979284271,0.0859081352493,0.09816781318745021,0.09965476899817814,0.09587278256775951,0.09139193704020057,0.09925040379167538,0.10050518810749054,0.09306547045707703,0.09684405202140448
2023-10-12,0.12934781303301265,0.101376397928,0.10409761456953624,0.10553326442461247,0.1011789310563205,0.0962408352007319,0.10742461494448606,0.10025011748075485,0.09429264068603516,0.10128828833749674
2023-10-13,0.09400869628235252,0.129347813033,0.11688400456358544,0.11833500741148538,0.1142246067592411,0.11717808764120098,0.1137171253609805,0.10717993974685669,0.09734247624874115,0.11212303539029876
2023-10-16,0.1073149607092916,0.0940086962824,0.09969041118472143,0.09999949775665529,0.09780029961412041,0.0958853915742342,0.10208249389565253,0.1026892215013504,0.09082186222076416,0.09842416824964263
2023-10-17,0.13696886333024305,0.107314960709,0.10747752029037905,0.10628072159469734,0.10436558414789152,0.10578221597314613,0.11171961327828896,0.10376052558422089,0.09582336246967316,0.10502993476261387
2023-10-18,0.187715447432096,0.13696886333,0.12594255400100185,0.1278069115266356,0.12139527972567055,0.12570257000491813,0.11909300830561828,0.11327329277992249,0.10916312038898468,0.12033953381896452
2023-10-19,0.13587308243545224,0.187715447432,0.15746832379956066,0.16060909853121594,0.14761238731768103,0.14750973930385813,0.1509921213380123,0.13408498466014862,0.128797248005867,0.14672484327947766
2023-10-20,0.14166605188309161,0.135873082435,0.13367617508807172,0.13572329367664,0.1292820174085352,0.1332019000664773,0.13484272842617132,0.13337086141109467,0.13259902596473694,0.13324228600596102
2023-10-23,0.10539459568669922,0.141666051883,0.14065682096341314,0.13866017979889209,0.13358635749535114,0.13307133184369743,0.14548696139176087,0.13518835604190826,0.12754112482070923,0.13631301890796174
2023-10-24,0.11250514617117743,0.105394595687,0.12344788784124974,0.1241040845725837,0.11727331209583418,0.12343452695284315,0.1204519093033975,0.12678687274456024,0.12083715200424194,0.12233367793067293
2023-10-25,0.15126278352470973,0.112505146171,0.12456678274634134,0.1268315245162023,0.1211110494974774,0.13083220350065608,0.13167831049858172,0.12271906435489655,0.12307746708393097,0.12583091459972662
2023-10-26,0.12707638655355605,0.151262783525,0.139395350121101,0.14236905937451633,0.13436365988595153,0.14008704951216286,0.14802439233272946,0.1291477084159851,0.13091552257537842,0.1377575346025464
2023-10-27,0.10665429227590421,0.127076386554,0.12723943424291548,0.129422537236291,0.12510594764450395,0.13546735127873485,0.13265996110536105,0.1267312616109848,0.13385562598705292,0.13006887415797772
2023-10-30,0.10527058335275245,0.106654292276,0.11450624171459936,0.11399798316857379,0.11273730617894363,0.1166124475213023,0.12407170795352904,0.11903710663318634,0.12377814948558807,0.11782013466510322
2023-10-31,0.12265525913211713,0.105270583353,0.11387625048996253,0.11019435757755278,0.1095999727393441,0.11185833447517997,0.12093615215208622,0.11418132483959198,0.11238795518875122,0.11329062106606698
2023-11-01,0.07147961301456242,0.122655259132,0.12298064131798028,0.1190936323139507,0.11469930776438936,0.10699978034993254,0.11917387103982936,0.11612088978290558,0.12398989498615265,0.11757971679359148
2023-11-02,0.0819670025262532,0.0714796130145,0.09177081906614458,0.09069461540265722,0.08832343290380038,0.08359495756737713,0.0846642571419465,0.10261118412017822,0.10025554895401001,0.09170211645087344
2023-11-03,0.0648745369092466,0.0819670025262,0.09266734313856545,0.09100160224443112,0.08863396277978204,0.08132950849552383,0.08835870062748742,0.09606977552175522,0.08008266985416412,0.08830622323738702
2023-11-06,0.06519415132978111,0.0648745369093,0.08090953689640545,0.08051986511047607,0.07961967896453012,0.07528792519411853,0.08126805112900928,0.08739711344242096,0.07641960680484772,0.08020311107740116
2023-11-07,0.07795296316974999,0.0651941513298,0.07750296308142551,0.07710293821048664,0.07743265792724843,0.07531250588589607,0.08004978185342645,0.08165672421455383,0.07226574420928955,0.07733190219747521
2023-11-08,0.1155865537189547,0.0779529631698,0.07939538123988926,0.08028016153759668,0.0791040211540625,0.07687499040038269,0.07846659084456786,0.08009505271911621,0.07876285910606384,0.078997008143097
2023-11-09,0.08004633051114586,0.115586553719,0.10105475553331114,0.10333085692306068,0.0972242750886654,0.09028400748613132,0.09439932259022134,0.09551949799060822,0.08724398910999298,0.09557952924599873
2023-11-10,0.06033307928536385,0.0800463305112,0.08417739121314793,0.07924154348593745,0.08192295718041832,0.07524938311126057,0.0810232007088032,0.09036315977573395,0.07828444242477417,0.08146601112858222
2023-11-13,0.07253670406604094,0.0603330792853,0.07454527425258468,0.07293861692235651,0.07525084751428915,0.07307600013823222,0.07846659084456786,0.07956580817699432,0.07557548582553864,0.07563123195350906
2023-11-14,0.06909859380279168,0.072536704066,0.08101458666376476,0.08090324860601884,0.0792806171998314,0.07130251255262131,0.07790793340949567,0.07847841084003448,0.07341185957193375,0.07747130983481432
2023-11-15,0.07448880610920006,0.0690985938027,0.07862520653469868,0.07969824212771155,0.07761156828792802,0.07144497454981404,0.08010715470766999,0.07742980122566223,0.07014362514019012,0.07643722465338208
2023-11-16,0.051251796845055105,0.0744888061092,0.07747559164011614,0.07753095231793368,0.07677577838366437,0.07071996878839554,0.07191178142589698,0.07797667384147644,0.0713779628276825,0.07482410131788082
2023-11-17,0.059284900040327305,0.0512517968451,0.06404221696802623,0.06412018817415469,0.06637842170391825,0.06211501294561618,0.0699970228642743,0.06985074281692505,0.06675004959106445,0.06617909358056845
2023-11-20,0.053841676579044234,0.0592849000404,0.0678743652449899,0.06464183761263839,0.06973398764815082,0.06123823706790918,0.07191178142589698,0.06841763854026794,0.06707346439361572,0.067270187419067
2023-11-21,0.08988573744879218,0.053841676579,0.06371768247296852,0.06458700039958185,0.06694405339072868,0.0638951337783596,0.07177620677437901,0.06598219275474548,0.06634022295475006,0.06617749893221617
2023-11-22,0.032574643869324495,0.0898857374488,0.08260809448574982,0.08458263063394326,0.08173722844082751,0.07043486652812304,0.07628873801048797,0.07721841335296631,0.07118348032236099,0.07772192168206556
2023-11-24,0.045360016440108133,0.0325746438693,0.05195045853268823,0.052417505927554106,0.05741502133399489,0.05008397376541704,0.06580247857380911,0.06284306943416595,0.062111545354127884,0.05751772184596531
2023-11-27,0.06657621182797051,0.0453600164401,0.0575067019861422,0.05720640702844254,0.06243542136589667,0.05176702714602105,0.06833326306602694,0.059518080204725266,0.06360021233558655,0.06005244473326304
2023-11-28,0.06669238090073858,0.0665762118279,0.06824146846088659,0.06633273774290643,0.07128642640408858,0.06398929953997441,0.0672416554765902,0.06540141999721527,0.07085859775543213,0.06762165791101338
2023-11-29,0.10171800742493338,0.0666923809007,0.06953058179506816,0.0713040675234636,0.07290583893700397,0.06418455565728075,0.07056506525840095,0.06884418427944183,0.07117423415184021,0.06978693251464278
2023-11-30,0.08351604458075586,0.101718007425,0.08707633468527981,0.08527269779181003,0.08695683601484398,0.07997382036068218,0.0880847589584394,0.08157111704349518,0.07800126820802689,0.08384811900893964
2023-12-01,0.058622102216573574,0.0835160445808,0.0831574918957603,0.0787559427706933,0.08333341140201957,0.07298424320139876,0.07408951671231365,0.08244897425174713,0.07418780028820038,0.07842248293173329
2023-12-04,0.0957995194768742,0.0586221022166,0.07272890949922495,0.07391259406136526,0.07561402578505506,0.06561383787518887,0.07191178142589698,0.07344694435596466,0.06778888404369354,0.0715738538637699
2023-12-05,0.07686879410821273,0.0957995194769,0.09282735383690287,0.09207802929529871,0.09138622023276455,0.07731665107084526,0.07543623287980968,0.08190606534481049,0.07648694515228271,0.08391964254467345
2023-12-06,0.0645731735359259,0.0768687941082,0.08485419582454878,0.08751910921785638,0.08515429080091691,0.07256358673317025,0.08196117878314083,0.08056852221488953,0.07744264602661133,0.0814376470858763
2023-12-07,0.0897714674408144,0.064573173536,0.07570909630890749,0.07484531042972546,0.07816303624790798,0.06946347846626967,0.07790793340949567,0.07443061470985413,0.07802996039390564,0.07550706142372372
2023-12-08,0.05564289972825284,0.0897714674408,0.08798827295223208,0.0852273195225145,0.0870439892563968,0.07179127654722658,0.06923205049609009,0.08120028674602509,0.06643828749656677,0.0784173547167217
2023-12-11,0.049101028085039924,0.0556428997281,0.07173032646851679,0.0704667040124625,0.07421465487475505,0.06466657640328692,0.06679583219554056,0.07270712405443192,0.06929463148117065,0.06998226421288063
2023-12-12,0.1138717064035417,0.0491010280851,0.06449491685497627,0.06117136157015553,0.06813627022118708,0.059467763115011715,0.06195153627969857,0.06488196551799774,0.060798708349466324,0.06298607455835617
2023-12-13,0.09513019433039754,0.113871706404,0.09820912214456946,0.08646746780349207,0.0947180941073911,0.07966272615144472,0.08297047902094622,0.08474177122116089,0.07500654458999634,0.08596802929128582
2023-12-14,0.08352003893415041,0.0951301943304,0.09215162207045685,0.09347654045074547,0.08927124542959303,0.07568871368522026,0.06923205049609009,0.08899956196546555,0.0776873230934143,0.08378672245585508
2023-12-15,0.04817688959449707,0.0835200389341,0.08612293021383775,0.08657469383125804,0.08466938752598545,0.06966005947699297,0.06753584984699092,0.08590388298034668,0.07237674295902252,0.07897764954777634
2023-12-18,0.041185671049682314,0.0481768895945,0.06888567189375026,0.06885244722679844,0.07138156903698399,0.05733515761497794,0.06195153627969857,0.07170673459768295,0.06303815543651581,0.06616446744091542
2023-12-19,0.1083014726259657,0.0411856710497,0.06492515453725375,0.06406065848875991,0.06851424291520822,0.06057768792960376,0.059342286207323916,0.06263832747936249,0.06389424204826355,0.06342179994368223
2023-12-20,0.10717113807500227,0.108301472626,0.09584310554255362,0.0994977930790701,0.09455298277628424,0.0819814525579563,0.08606647438109813,0.08195170760154724,0.07987464964389801,0.08853830936891538
2023-12-21,0.07034454607730724,0.107171138075,0.09635069292294013,0.09595894376469843,0.09452448150545517,0.09028113006202054,0.09212038007925578,0.09172457456588745,0.0864534080028534,0.09248765870044441
2023-12-22,0.03904671387193242,0.0703445460772,0.07785441222443325,0.07840449478922797,0.07932531414875175,0.07309710837951655,0.06755105161262936,0.08251747488975525,0.07432566583156586,0.07615364598226858
2023-12-26,0.06818601639666304,0.0390467138719,0.06239923812310695,0.0627073948796883,0.06702548285041286,0.05937156482241908,0.06321097096667193,0.0664912611246109,0.06315293163061142,0.06347983491393164
2023-12-27,0.04866398108290484,0.0681860163967,0.07848367136003145,0.07860785411060056,0.07880583102893161,0.0610918150738939,0.06355456536156254,0.07021220773458481,0.06361132860183716,0.07062389618163457
2023-12-28,0.06550374970652902,0.0486639810829,0.0638996998858068,0.06508464583483693,0.06778304961461608,0.05823801598985005,0.06364773692879774,0.06453248858451843,0.06411469727754593,0.06390004773085313
2023-12-29,0.07707290862070018,0.0655037497065,0.06801540435500913,0.0687943862856257,0.07154190345731197,0.06442672756290382,0.06470614619883515,0.06662768870592117,0.06784792244434357,0.06742288271570722
2024-01-02,0.08531463672012206,0.0770729086207,0.07404304875654147,0.07246946425374776,0.07705920585858915,0.07201875464263852,0.07021772011610242,0.07203112542629242,0.0737999826669693,0.07309132881726872
2024-01-03,0.06968141890075144,0.0853146367202,0.08213452352616264,0.08216325503695852,0.08402122424506922,0.08350445818122366,0.07852969217250248,0.07845360785722733,0.08409492671489716,0.08184309824772015
2024-01-04,0.10318007215753244,0.0696814189008,0.07495146778478243,0.07484838412144462,0.07843885266338227,0.07919503080237682,0.07484145863980667,0.07566086202859879,0.0790199413895607,0.07670799963285033
2024-01-05,0.07247964703585415,0.103180072157,0.09557158364188814,0.0935878153447943,0.0936559763711126,0.08289429367006099,0.08968509077421062,0.08683736622333527,0.07152441143989563,0.08767950535218537
2024-01-08,0.07880985277808861,0.0724796470359,0.0818281131254438,0.07652448103073484,0.0820309547731605,0.07375713924481495,0.07021772011610242,0.08155746757984161,0.07198408246040344,0.07684285119007164
2024-01-09,0.07164537177935781,0.0788098527782,0.0849538832060088,0.08353977963710248,0.08419599359993919,0.07630676356300778,0.07078870002479448,0.08080709725618362,0.07099589705467224,0.07879830204881551
2024-01-10,0.12087520114614411,0.0716453717793,0.08025565246570449,0.08073583781353444,0.0804232111277778,0.07688286267154902,0.0742892197119809,0.07734765112400055,0.07686073333024979,0.07811359546354242
2024-01-11,0.08360987396444752,0.120875201146,0.10793171676639002,0.11014322592611897,0.10163729881452674,0.08982809432529326,0.09276118997112745,0.09491309523582458,0.08319839835166931,0.0972018599129929
2024-01-12,0.0918620195821494,0.0836098739645,0.08866919665555822,0.09055677303218021,0.08630066967945499,0.07901242130152031,0.07882800370776662,0.08976477384567261,0.06857936084270477,0.08310159986640826
2024-01-16,0.07718216862346898,0.0918620195822,0.09424873643364295,0.09475848557014224,0.09171605188407476,0.08559573138763354,0.084502158625314,0.09002476930618286,0.075508251786232,0.08805059785617463
2024-01-17,0.0806995630350103,0.0771821686235,0.08726892853009642,0.08656806489922321,0.08718511542649697,0.08584763150072452,0.0825205600664298,0.08467593789100647,0.0847359299659729,0.08554316689713577
2024-01-18,0.06846045599148752,0.080699563035,0.08975667703455875,0.09026364957836176,0.08844786542186978,0.09324834850545834,0.08496669411885187,0.08369091153144836,0.08663807809352875,0.08814460346915395
2024-01-19,0.07117327459101484,0.0684604559916,0.07927141571660129,0.0773658774653374,0.07959314864643084,0.08060798188167159,0.07342918700693199,0.07770152390003204,0.07546491175889969,0.07763343519655784
2024-01-22,0.04693160426183064,0.071173274591,0.07938313709559859,0.08083424067517939,0.07964296829536234,0.07811278294467555,0.0730096867946946,0.07596519589424133,0.06894411146640778,0.07655601759516564
2024-01-23,0.08088450595052923,0.0469316042618,0.06393542035200014,0.06321755015563155,0.06700880486906932,0.06626316269882032,0.07169462412920151,0.06605269014835358,0.06551306694746017,0.06624075990007666
2024-01-24,0.07811822883669599,0.0808845059505,0.08020174501448946,0.08219245124905175,0.08058503199550848,0.07967424929869704,0.0783776191628873,0.07348610460758209,0.07228593528270721,0.07811473380156049
2024-01-25,0.06311444863053785,0.0781182288367,0.07870472171092283,0.07840972218421141,0.07972676521198444,0.07743026905498465,0.07436632433254423,0.07638929784297943,0.07156526297330856,0.07665605190156222
2024-01-26,0.06367083033437526,0.0631144486306,0.07120102504417891,0.07203802072791424,0.07365003310229362,0.07175607419492532,0.07264470638478739,0.07203210890293121,0.067149817943573,0.0714959694715148
2024-01-29,0.045126167430770366,0.0636708303343,0.0707503618704651,0.06715790013959147,0.0737080157283107,0.07268988958298614,0.07264470638478739,0.06982837617397308,0.06973312795162201,0.07093033969024798
2024-01-30,0.11840813190184869,0.0451261674308,0.06192914104297419,0.06299237137955178,0.06653260439850928,0.06885700761637076,0.07366248172060091,0.0625179260969162,0.07488172501325607,0.06733903675259703
2024-01-31,0.10573620594795899,0.118408131902,0.09957852069675502,0.1028137882850845,0.09755165728842348,0.09611124936887891,0.09446735601473195,0.08591845631599426,0.09518870711326599,0.09594710501187631
2024-02-01,0.11231810824559145,0.105736205948,0.09611334360309448,0.09363299298175641,0.09333985286492921,0.08860418191553829,0.0913373927708355,0.0937725156545639,0.09194956719875336,0.09267854956992447
2024-02-02,0.08611818027424871,0.112318108246,0.10363428370896177,0.10417527187658812,0.09840098374278577,0.08686816867633683,0.09234168975889007,0.09992022812366486,0.07549536228179932,0.09440514116700381
2024-02-05,0.07566523177274752,0.0861181802742,0.09340922587511807,0.09598834416650595,0.08983171575361355,0.07687747982795982,0.0816057155366202,0.093084916472435,0.07347935438156128,0.0863252502876877
2024-02-06,0.06532825342365431,0.0756652317728,0.091288164438837,0.09215693915723755,0.08732412277604742,0.07490879963452382,0.0782084439979102,0.08655311167240143,0.07240572571754456,0.0832636153420717
2024-02-07,0.04755402175594362,0.0653282534237,0.08165906979620459,0.07955632563833398,0.08014506459496087,0.06880202945155826,0.0730950909296667,0.078340545296669,0.07176146656274796,0.07619422746716305
2024-02-08,0.03956673902076187,0.0475540217559,0.0680683079148745,0.06796171637647044,0.06975941997253315,0.06327939606250448,0.06887424521790939,0.06739108264446259,0.06806966662406921,0.06762911925897483
2024-02-09,0.06647359118959047,0.0395667390207,0.05762692191651442,0.05629868516413129,0.06233256438350489,0.05873987582623408,0.06541952319641137,0.05755354464054108,0.06333506107330322,0.06018659660009148
2024-02-12,0.09353308614192092,0.0664735911895,0.06844966634912694,0.0702354826792869,0.07215204072973616,0.07285429846324676,0.0734445735232385,0.06323082745075226,0.07176271826028824,0.07030422963652512
2024-02-13,0.09180471097241578,0.0935330861419,0.08277749868839013,0.0811894516463129,0.08480929986511845,0.08959511457999503,0.08410691956949196,0.07632686197757721,0.08822792768478394,0.0838618677159528
2024-02-14,0.07119444774973116,0.0918047109723,0.0843655829560721,0.08425044270639459,0.0850315618615563,0.08698320526166746,0.08398630937528245,0.08219965547323227,0.07628137618303299,0.08329973340246259
2024-02-15,0.09307820902637523,0.0711944477497,0.07688322030878919,0.07635342916117291,0.07863007293194153,0.07736210617391286,0.07403111837474155,0.07737358659505844,0.07232744246721268,0.07613728228754703
2024-02-16,0.09907645413435828,0.0930782090263,0.09197972605891594,0.094660408428069,0.09052187227793097,0.10453869454933695,0.12494386763643042,0.08383071422576904,0.09269021451473236,0.09759507109874067
2024-02-20,0.08019488826694629,0.0990764541344,0.0977326327103271,0.10021881180415043,0.09579364861311845,0.10495159316381295,0.12978672256302942,0.0899181216955185,0.09222084283828735,0.10151748191260632
2024-02-21,0.07963701465729614,0.0801948882669,0.08766380652329606,0.08557598374171108,0.08763550754332497,0.09024102774029592,0.08362932824729526,0.08531516790390015,0.08508385717868805,0.08644923983978735
2024-02-22,0.07053433498614133,0.0796370146572,0.08628739574598995,0.08306657204536426,0.08591014320412152,0.0847233383784953,0.08271360576266978,0.08231887221336365,0.07860922068357468,0.0833755925762256
2024-02-23,0.05443386513586923,0.0705343349862,0.08193830516122605,0.08417733364362359,0.08158745038906794,0.07785364107484449,0.07499652611912938,0.07811287045478821,0.07466497272253036,0.07904729993788716
2024-02-26,0.04836327326361358,0.0544338651359,0.07091332186305074,0.07269093701797048,0.07330021437791764,0.06978100989073555,0.0735359534527224,0.06963474303483963,0.07331959903240204,0.07188225409566264
2024-02-27,0.05464630246497196,0.0483632732636,0.06349276843122417,0.06308722994687657,0.06758624208990471,0.06688745551624707,0.0735359534527224,0.06253014504909515,0.06953007727861404,0.06666426739495487
2024-02-28,0.08226699215337827,0.054646302465,0.06412263335325058,0.06355088661919235,0.06856621518348406,0.07046605996152011,0.07294940860121935,0.06145697832107544,0.07123305648565292,0.06747789121791355
2024-02-29,0.061127510984321946,0.0822669921533,0.07727856573013756,0.07967038812230659,0.07923000969586996,0.07973417376658522,0.077786384584343,0.07127659022808075,0.07319343835115433,0.0768813643540682
2024-03-01,0.049841264119103564,0.0611275109843,0.06650488251918454,0.06353513990252257,0.07017725561295758,0.0676161357533158,0.0734445735232385,0.06834318488836288,0.07061731815338135,0.0686054986218519
2024-03-04,0.08811124704245196,0.0498412641191,0.06087543806779576,0.06035369925178351,0.06655450932971617,0.06791399558422932,0.07294940860121935,0.06216111034154892,0.06687523424625397,0.06538334220322099
2024-03-05,0.11828133305256583,0.0881112470424,0.08243226348626059,0.08382772843111158,0.08466474667788879,0.08626217973364012,0.08377365567891051,0.07365775853395462,0.07954477518796921,0.08202330110424792
2024-03-06,0.06259017258495138,0.118281333053,0.10234084124647239,0.10544073795016241,0.10015215433454316,0.09969085891011004,0.09645411715611965,0.09157557785511017,0.09249734878540039,0.09830737660541689
2024-03-07,0.1168610721930772,0.0625901725849,0.07449313051956215,0.07467847110360532,0.07807953801883566,0.08082849049986643,0.079431844617806,0.07887399196624756,0.08173209428787231,0.07830250871625648
2024-03-08,0.08920047207192124,0.116861072193,0.10493375268162275,0.10728476015090746,0.10211630572432956,0.09376989563177743,0.09650380241588202,0.0928659737110138,0.07600588351488113,0.09621148197577344
2024-03-11,0.10983392328885644,0.0892004720719,0.09552961522042228,0.094805136800458,0.09453045868739691,0.08721810582086027,0.08640752770756104,0.0910666212439537,0.08717434853315353,0.09096168771625797
2024-03-12,0.06297518023414621,0.109833923289,0.10705344651546446,0.10517669602689539,0.10170807429607823,0.08611928328838447,0.09892038972338307,0.0980956107378006,0.08363087475299835,0.09724348219157207
2024-03-13,0.11097338023675768,0.0629751802342,0.08006589584533637,0.08180114210169845,0.08022141121755627,0.07335182759632733,0.07931168550694236,0.08317796140909195,0.06909948587417603,0.0781470585073041
2024-03-14,0.08022742241902578,0.110973380237,0.10688653145645383,0.10923078862326409,0.10164328363639145,0.09678835282699691,0.09688138020144255,0.09432725608348846,0.09252097457647324,0.09975408105778723
2024-03-15,0.06628478130057608,0.0802274224191,0.08917776111776746,0.08920062373899613,0.08847817139295824,0.08467613614888604,0.08336602650691331,0.08811584115028381,0.09020575881004333,0.08760290269512118
2024-03-18,0.058635389169238064,0.0662847813006,0.08059521885527922,0.08252795786226727,0.08188870820787482,0.07572375874044997,0.08075185287066557,0.0794258639216423,0.08964863419532776,0.08150885637907242
2024-03-19,0.12654135105167796,0.0586353891693,0.0723765039818683,0.06941378447543532,0.07517961894606938,0.07059368327880633,0.07753085676621846,0.0714385062456131,0.07956720888614655,0.07372859465430821
2024-03-20,0.060672836724165125,0.126541351052,0.10990869808987233,0.10258273235388538,0.10355229983893827,0.08709791030424002,0.09369034571771853,0.09371087700128555,0.09138043224811554,0.09741761365057937
2024-03-21,0.05978297365683644,0.0606728367241,0.07454059874102856,0.07569114997756102,0.07551886844605449,0.06507023720710464,0.07351080015354083,0.08003486692905426,0.08129897713661194,0.07509507122727939
2024-03-22,0.03815388892765716,0.0597829736569,0.07228845292371427,0.07377238066927022,0.07394083832348651,0.06667363084877236,0.07134815020132616,0.07196655124425888,0.0646093487739563,0.07065705042639782
2024-03-25,0.04009144213607088,0.0381538889277,0.059650232208310186,0.060209973704495934,0.0644923787218149,0.05526369033623417,0.06755931245852971,0.06040247529745102,0.05587086081504822,0.0604927033631263
2024-03-26,0.0672748972552259,0.0400914421361,0.058905083689291114,0.060524644170602174,0.0641319544359235,0.05611278212314204,0.07134815020132616,0.05585261434316635,0.059506237506866455,0.06091163806718825
2024-03-27,0.04991456963490319,0.0672748972552,0.0662355030673979,0.06488345389638576,0.0699269769531987,0.06150826919060222,0.08652156853102526,0.06192242354154587,0.068240687251091,0.06846269749017811
2024-03-28,0.07127051653125575,0.0499145696349,0.05712855886916747,0.05729197744746589,0.06306325524622144,0.05696546179284488,0.07134815020132616,0.05910640209913254,0.06504576653242111,0.06142136745551136
2024-04-01,0.06092878956260004,0.0712705165313,0.06815333641246858,0.06928309736336044,0.07251451687710007,0.06604369772525354,0.07372169081252727,0.0652480199933052,0.06959018111228943,0.06922207718518637
2024-04-02,0.08767120700882816,0.0609287895625,0.06540253973780404,0.0653733514489193,0.071316885913055,0.06929276722108929,0.07930115622165915,0.06518783420324326,0.08113598078489304,0.07100150221866616
2024-04-03,0.1333991286179891,0.0876712070088,0.08221716555894383,0.08094061614763365,0.08419203778903009,0.07984939558170681,0.08422655350986669,0.07538630813360214,0.08622048795223236,0.08186179495328794
2024-04-04,0.11560535201439594,0.133399128618,0.10954515520015991,0.11388554673463269,0.10784891990530297,0.10403556323761355,0.10055409134260704,0.09775347262620926,0.10867811739444733,0.10604298092013896
2024-04-05,0.06441252370255648,0.115605352014,0.107152008204201,0.10352436060491088,0.10435558565119918,0.09706909346349239,0.09776032671553046,0.10351059585809708,0.09998751431703568,0.10190849783063809
2024-04-08,0.11889319770459705,0.0644125237025,0.08261737538845051,0.0831727268530641,0.08412672862317656,0.08021835451685125,0.08171200005182792,0.08663631230592728,0.08908195793628693,0.08393792223936922
2024-04-09,0.14816415133485833,0.118893197705,0.1133309516564,0.11341249610235293,0.10811446354198065,0.09387943963542691,0.0997693905755027,0.09907723218202591,0.09297329187393188,0.10293675222394585
2024-04-10,0.09587602927489436,0.148164151335,0.13249736203538637,0.13202777456811823,0.12379934665731371,0.10929595870762583,0.12201311775349434,0.11764641851186752,0.10944336652755737,0.12096047782305193
2024-04-11,0.10854106403468505,0.0958760292749,0.10458889340503977,0.1043252533191823,0.10071817678672873,0.10144546893120526,0.09338349112327761,0.10313218832015991,0.09077693521976471,0.0997672010150512
2024-04-12,0.13893394939408726,0.108541064035,0.10986163349182335,0.11102804322669735,0.10798292123858054,0.11413237393434483,0.11411142024831047,0.10121694207191467,0.10847584158182144,0.10954416797049894
2024-04-15,0.16290106915118757,0.138933949394,0.1307578618281388,0.13502963099878273,0.12669263783375384,0.13268948300733946,0.12944083275827412,0.11300572752952576,0.13757117092609406,0.1293124778402727
2024-04-16,0.15085273062681231,0.162901069151,0.14590128412121012,0.14747370948316618,0.1372230932304958,0.13774609249997852,0.1387559253415671,0.12825718522071838,0.14749789237976074,0.14040788318241385
2024-04-17,0.12840187318961666,0.150852730627,0.14044625580083164,0.14348831808155216,0.13250825449511927,0.13361998671402503,0.1387559253415671,0.13119013607501984,0.13945597410202026,0.13706640723001934
2024-04-18,0.13199693061924583,0.12840187319,0.1328578112400562,0.13438762025532702,0.12566162637368156,0.1274324583014448,0.1215538556590931,0.12505769729614258,0.11911541223526001,0.12658092590871503
2024-04-19,0.10106784192406602,0.131996930619,0.1365951509721846,0.13942938721782738,0.129160735646657,0.13123989754959842,0.12433744309435323,0.1237308531999588,0.11903813481330872,0.1290759432134126
2024-04-22,0.07863261033525976,0.101067841924,0.11873210686993971,0.11927841333866643,0.11237693682813663,0.11470094062629506,0.11928098391880412,0.11170794069766998,0.1066155806183815,0.11467041469969906
2024-04-23,0.09674063353409053,0.0786326103353,0.10056728025288159,0.09894238480388087,0.09678215462599199,0.10132597380236365,0.09374374363040182,0.09640583395957947,0.0939999371767044,0.09739532975025768
2024-04-24,0.10659727042079829,0.096740633534,0.10406018280516591,0.10577657933145443,0.09992073323927911,0.10610302321458624,0.09338349112327761,0.09465146064758301,0.09601812064647675,0.09998765585826044
2024-04-25,0.07919565629779451,0.106597270421,0.10660747051704199,0.10391138678061063,0.102596702825936,0.10950691759592451,0.10947856135825063,0.0979081317782402,0.0973844900727272,0.1039133801326759
2024-04-26,0.08876417658064767,0.0791956562977,0.08896532891265244,0.0881542856676496,0.08703575481536524,0.09520204198738645,0.08490479915874345,0.08946262300014496,0.09250207245349884,0.08946098657077729
2024-04-29,0.11523676162598982,0.0887641765806,0.09229154600009634,0.09498196990565916,0.08942341711807995,0.09671061223050657,0.08572585810924421,0.08817429840564728,0.08793073892593384,0.09074834867073821
2024-04-30,0.17289438398450077,0.115236761626,0.10791723544289285,0.11215605711494867,0.10341450191233773,0.11178798124883299,0.10776530274204402,0.09769244492053986,0.10229404270648956,0.10614679515544082
2024-05-01,0.11950013713224934,0.172894383985,0.14166745774302114,0.14244819684103438,0.12880880741938272,0.127561425231825,0.1258691661685749,0.1237243115901947,0.12743254005908966,0.13107312929330323
2024-05-02,0.09188501539083727,0.119500137132,0.11784683236723759,0.1177590679267691,0.10855385989037028,0.11059321729954066,0.10334104548682624,0.11822061240673065,0.11399036645889282,0.11290071454805248
2024-05-03,0.045946702947433346,0.0918850153909,0.1061016013265337,0.10783436747783058,0.09711084883668483,0.09641611892898591,0.09368169332280916,0.10499432682991028,0.08110453188419342,0.09817764122956399
2024-05-06,0.05774748262091431,0.0459467029474,0.08084330974792714,0.07881190858681847,0.07745021536588535,0.08297710128858192,0.08798647372271537,0.08191931992769241,0.07174569368362427,0.08024771747474928
2024-05-07,0.0435578462867617,0.0577474826208,0.081182004913569,0.08277293441658864,0.07810153085441787,0.0834127402054714,0.08352740989378263,0.07408371567726135,0.06993240118026733,0.0790018195916226
2024-05-08,0.05344562071867442,0.0435578462868,0.062806350654101,0.06118627489289616,0.0644969522504208,0.07563560979730377,0.07953844843916998,0.06400403380393982,0.07174067199230194,0.06848690597573336
2024-05-09,0.06414664487957573,0.0534456207186,0.061480065112239315,0.058192219913105976,0.06386613665053091,0.07518070901070939,0.07214781609723957,0.06170231103897095,0.06832000613212585,0.06584132342213171
2024-05-10,0.04207059566589615,0.0641466448796,0.06399573072833742,0.06497703916409794,0.06637694314736,0.06703528412475945,0.07245900618854662,0.06840413063764572,0.0747702345252037,0.06828833835942155
2024-05-13,0.07008002271970522,0.0420705956659,0.053333628615675276,0.054324460115903146,0.05895442056196709,0.062695918470936,0.07861046217771919,0.06218525022268295,0.07820115983486176,0.06404361428567792
2024-05-14,0.05041800313459469,0.0700800227197,0.06763450796466816,0.06600474119926321,0.07007190225998038,0.06938019306634205,0.07530724312061406,0.0688987746834755,0.07872074842453003,0.07085973010269621
2024-05-15,0.07711904185150902,0.0504180031347,0.0591088190685871,0.056756797069669115,0.06224319474599509,0.06533102875691689,0.07143504528730692,0.06412265449762344,0.06402286887168884,0.06328862975682677
2024-05-16,0.05025023502038174,0.0771190418516,0.07386532500641356,0.0757553812364059,0.07408498225809061,0.06571619513635318,0.07245900618854662,0.07134724408388138,0.061321474611759186,0.07064994407449292
2024-05-17,0.045491211757597315,0.0502502350204,0.06009385241219346,0.060608207678630684,0.06313224952088789,0.05008603991838423,0.068956752404285,0.06365342438220978,0.06130348891019821,0.061119145032398466
2024-05-20,0.040514645261106756,0.0454912117576,0.058248934369582624,0.05794221682986275,0.06228244601245366,0.05419161532289733,0.07143504528730692,0.05801071971654892,0.0626290813088417,0.060677151263927705
2024-05-21,0.07877587286708793,0.0405146452611,0.05333202561281733,0.05154934603253507,0.05864067769950672,0.04953949526757229,0.068956752404285,0.05342014133930206,0.06577655673027039,0.05731642786946984
2024-05-22,0.10171922275743557,0.078775872867,0.0738771500705513,0.07374192281019058,0.07554565704477642,0.06344887763882204,0.07448694100741589,0.06703153997659683,0.07335921376943588,0.07164161461682698
2024-05-23,0.07601244127471239,0.101719222757,0.08684738139988557,0.0893547888844299,0.08592394437714686,0.0704134268800124,0.08949585805875643,0.08328304439783096,0.07922019809484482,0.0835055202989867
2024-05-24,0.07258003931137817,0.0760124412747,0.07712449921754919,0.07674038350944562,0.0769037645164686,0.05888520386910551,0.0699807133055247,0.07975064963102341,0.07056605815887451,0.0728501817439988
2024-05-28,0.06647805320012312,0.0725800393114,0.0779918294586142,0.07745942015119453,0.0781248192997478,0.06626312573176538,0.07245900618854662,0.0749894231557846,0.07242566347122192,0.07424475535098216
2024-05-29,0.07704836190447141,0.0664780532001,0.07748352318686463,0.0773555952005968,0.07881156456045028,0.07733971262180832,0.07530724312061406,0.0707627609372139,0.08206877112388611,0.07701845296449059
2024-05-30,0.11218216386682153,0.0770483619044,0.08230155437361392,0.0833373482503899,0.08342813275760903,0.08348208428323019,0.07963442307895889,0.07348711788654327,0.08641412854194641,0.08172639845318451
2024-05-31,0.10030050783826969,0.112182163867,0.09974403786761205,0.09518700941817868,0.09609126112081798,0.07692091920802,0.09085586019938624,0.0892130434513092,0.0805964320898056,0.0898012233364471
2024-06-03,0.10133271237558383,0.100300507838,0.09642916084362516,0.09719139278340608,0.0940686394986016,0.07910568040036672,0.08343636709874257,0.09186509251594543,0.08133232593536377,0.08906123701086448
2024-06-04,0.06759409887675404,0.101332712376,0.0995273896242509,0.09926487341922752,0.09653663766331495,0.08306280790871248,0.09574020987527655,0.09225288033485413,0.08923202753067017,0.09365954662232953
2024-06-05,0.05969427893053739,0.0675940988768,0.08381191831312623,0.08149810173740632,0.08324314976062559,0.07489155462303394,0.07637730904939803,0.0783182755112648,0.07669386267662048,0.07926202452449649
2024-06-06,0.0905596790659088,0.0596942789306,0.07852286548262594,0.07976953129115572,0.07904583550560379,0.06682416900801952,0.0752297756079654,0.06883136183023453,0.06714923679828644,0.07362468221769876
2024-06-07,0.05635022049104688,0.0905596790659,0.09102967185717603,0.09053193100171053,0.08890106635535523,0.07242528827431816,0.07885619500841012,0.0781591534614563,0.06449361145496368,0.08062813105905572
2024-06-10,0.07410150261072444,0.056350220491,0.07098824591152643,0.0682992509501707,0.07355345984736938,0.06472795709838074,0.07328828580902878,0.07003685086965561,0.070550337433815,0.07020634113142095
2024-06-11,0.10420113124450424,0.0741015026107,0.07677113208879621,0.07589724179126998,0.07839769253517884,0.077135419600069,0.07446645245960708,0.07300549745559692,0.07814357429742813,0.07625957288970661
2024-06-12,0.07698631743322445,0.104201131244,0.09415922711399051,0.0961618016066616,0.0905090184252233,0.08516249124214814,0.09057698016756935,0.08783648163080215,0.08742603659629822,0.09026171954038475
2024-06-13,0.07680523071217742,0.0769863174333,0.08292341844482526,0.0826501448165871,0.08107242045514956,0.06405194193698058,0.07050181906235792,0.0836678296327591,0.0713702142238617,0.07660539836750302
2024-06-14,0.07020307084501361,0.0768052307122,0.08158920998796679,0.0806373725020618,0.08054192400150814,0.0630269190022851,0.07050181906235792,0.07928074151277542,0.06178119033575058,0.07390845377210083
2024-06-17,0.05021757756340304,0.0702030708451,0.07972541704142774,0.07719852601278487,0.07933210244686636,0.07825435568027005,0.0721905249493052,0.07502682507038116,0.06753485649824142,0.07560894395703954
2024-06-18,0.1026584939585147,0.0502175775635,0.06821855785967987,0.06843936584002613,0.07028983778977572,0.06256563051729609,0.07112538090042815,0.06502737104892731,0.06910058856010437,0.0678238189308911
2024-06-20,0.07482921760329984,0.102658493958,0.09262686111014817,0.0928311981193859,0.09070546078436467,0.07889342079915654,0.08543186963987356,0.08227012306451797,0.08243956416845322,0.08645692824084286
2024-06-21,0.09596272987478212,0.0748292176032,0.07935067969400085,0.07988826340259586,0.0796037890542361,0.07252012743694593,0.07271091648790179,0.0801023542881012,0.07721027731895447,0.07734091538324803
2024-06-24,0.0590267099403753,0.0959627298748,0.09094179713407377,0.09101976822415406,0.08901854399584627,0.0845746292729253,0.08167886578531948,0.08663377910852432,0.08203506469726562,0.08655749260258697
2024-06-25,0.07106789210990573,0.0590267099405,0.07262574095434134,0.07159173826249568,0.07396942411021667,0.07283575028488953,0.0721905249493052,0.07407214492559433,0.07465462386608124,0.07313427819327487
2024-06-26,0.07307048016339293,0.07106789211,0.08018688751309316,0.07909397339999363,0.07954626347665067,0.07143747076307139,0.0721905249493052,0.0730351060628891,0.07075127959251404,0.0751773579653596
2024-06-27,0.09890621935640852,0.0730704801634,0.07845537484627549,0.07698114036042744,0.07819893414464106,0.06389684811149696,0.0721905249493052,0.07347329705953598,0.06966517865657806,0.0732658997326086
2024-06-28,0.1038678298669381,0.0989062193564,0.09272429676580664,0.0940428355217478,0.08954560564896971,0.06994837326874578,0.08196350167179103,0.08532626181840897,0.074974924325943,0.08407511414591613
2024-07-01,0.054719515752462575,0.103867829867,0.09573032969482023,0.09641135221621096,0.09122549372042688,0.06380095442510988,0.09057698016756935,0.0927177369594574,0.07088833302259445,0.08590731145802702
2024-07-02,0.039112851939184394,0.0547195157526,0.07230923573516707,0.06959287502671757,0.07208288185365815,0.06633376696598291,0.07040598459017065,0.07492748647928238,0.06641826778650284,0.0702957854910688
2024-07-03,0.05181134391881762,0.0391128519392,0.062170837270507665,0.06093464575042713,0.06461615382509858,0.05991784455137649,0.06711153898158023,0.05898691713809967,0.061949536204338074,0.06224106767448969
2024-07-05,0.038983652458023474,0.0518113439187,0.06625216460141464,0.06635394944090098,0.06854751844643389,0.05915977351039649,0.06943667501348087,0.05815821886062622,0.05620050057768822,0.06344411435013447
2024-07-08,0.04851723501238998,0.038983652458,0.05487986213574898,0.055706963506897855,0.06056165185702944,0.05053105551057538,0.07061352993020373,0.05376299470663071,0.06931914389133453,0.05933931450548866
2024-07-09,0.04693953624046535,0.0485172350124,0.05436815962030872,0.0549684788132593,0.0609528112184295,0.06265452850477504,0.07064292751430876,0.05522739887237549,0.06765899062156677,0.06092475645214623
2024-07-10,0.10138177302170248,0.0469395362405,0.05293724733405335,0.048967533147699124,0.06024093865937277,0.06300664630002575,0.07291885502461064,0.0560561865568161,0.06876041740179062,0.06041254634633834
2024-07-11,0.07995966443363303,0.101381773022,0.08408993046437963,0.08570119421665218,0.08483335317682741,0.09167623630477843,0.08543186963987356,0.07880295068025589,0.06936648488044739,0.08284314562331636
2024-07-12,0.09052341482559084,0.0799596644336,0.07648530730424478,0.07687973785869973,0.07754288443749813,0.07309645254968888,0.07113986280330853,0.08142875880002975,0.061671264469623566,0.07403489546044192
2024-07-15,0.07237049764357573,0.0905234148256,0.08607976318339274,0.0873989924814747,0.08550810838082959,0.07690500329399705,0.07516214689456736,0.08485842496156693,0.07316308468580246,0.08129650341166154
2024-07-16,0.0810477204653456,0.0723704976435,0.07975307721964284,0.0778309995029531,0.08039440321446985,0.07519776772154474,0.06982586212883955,0.07859794795513153,0.07725520431995392,0.07697932315179079
2024-07-17,0.14562357526887876,0.0810477204654,0.08689944360218611,0.08822270866284926,0.08732788222188237,0.08373916480157681,0.08537625675221874,0.07942668348550797,0.08688437193632126,0.08541093020893464
2024-07-18,0.11935676114077325,0.145623575269,0.1211103600701593,0.12337946202047723,0.1153908408910272,0.11534633343056018,0.11314169537653442,0.10616064071655273,0.10948126763105392,0.11485865716233785
2024-07-19,0.10908954505388131,0.119356761141,0.11230918756816045,0.11403315585553982,0.10873613938195544,0.11221739442192594,0.09848952420286188,0.10896700620651245,0.11399410665035248,0.10982093061247264
2024-07-22,0.08222109937788719,0.109089545054,0.10911853417413701,0.10950553810739783,0.10422964217515913,0.10538820313530148,0.09401322109085779,0.1043037623167038,0.09657774865627289,0.10330523566511855
2024-07-23,0.09584247399578331,0.0822210993779,0.0974298372960771,0.10006807104520116,0.0947956727530751,0.09524328211593029,0.09327346717551396,0.0908985435962677,0.07813391834497452,0.09283468461814855
2024-07-24,0.15502209625859922,0.0958424739958,0.10513371472422627,0.1084100751620432,0.10544201529341485,0.11312241614955844,0.10451198648061649,0.09131312370300293,0.10429777204990387,0.10460444336610943
2024-07-25,0.14730755096699286,0.155022096259,0.1336754215799999,0.13608447735167473,0.12875844732773142,0.13704833243031986,0.13266553199311637,0.11659622192382812,0.13316594064235687,0.13114205332128961
2024-07-26,0.10411954882506742,0.147307550967,0.13250243324881758,0.13510309577867397,0.12446517567728234,0.13149514163008752,0.15331780315455412,0.12646304070949554,0.12665508687496185,0.13285739672483898
2024-07-29,0.1210513324314177,0.104119548825,0.11177382027012427,0.11303676332379975,0.10813107870644037,0.11010280909184161,0.11525673908389962,0.11115962266921997,0.1010657548904419,0.11007522686225249
2024-07-30,0.11885340567534276,0.121051332431,0.1231766001000189,0.1261898497021946,0.11798792832459427,0.11870190754266084,0.11824955256554574,0.11063052713871002,0.10773231089115143,0.11752409660926798
2024-07-31,0.15056234098612575,0.118853405675,0.12420676358780781,0.12377109913613499,0.11657811242750984,0.11437926307267571,0.11693487564166784,0.11115865409374237,0.11751638352870941,0.11779216449832115
2024-08-01,0.18250264527511922,0.150562340986,0.1386278507129196,0.1424045575516997,0.13104432009662023,0.1337725880493029,0.13980170184447918,0.1243443638086319,0.1445978581905365,0.13637046289345572
2024-08-02,0.3139697155643582,0.182502645275,0.15666556829459427,0.15728193458152895,0.1515913697437664,0.16339720242567357,0.16328121687875904,0.1446904093027115,0.17818321287631989,0.15929870201476484
2024-08-05,0.1943125958928036,0.313969715564,0.23701215100418896,0.22385591080836675,0.2400513072096725,0.2928565309652205,0.46262631013530564,0.213526651263237,0.33222419023513794,0.2860218645173042
2024-08-06,0.1894597103211234,0.194312595893,0.1873976766140196,0.18764935677713537,0.17752098526160903,0.24730411228588334,0.251378731350225,0.19377729296684265,0.3074128031730652,0.22177727977554001
2024-08-07,0.1614023707554508,0.189459710321,0.19136307474836245,0.196781611124801,0.18163262299681332,0.22708264334651002,0.2564118036371746,0.17634877562522888,0.24765519797801971,0.2110393899224157
2024-08-08,0.13875308944472697,0.161402370755,0.1790835270714881,0.17293624654864892,0.1623668515891838,0.1790111719143506,0.18609256258547135,0.15673024952411652,0.15803784132003784,0.17060835007904243
2024-08-09,0.14674504092703508,0.138753089445,0.16442679256856788,0.1652686015602957,0.1459171640173933,0.1502628769465138,0.16239141721394873,0.14086733758449554,0.1193724274635315,0.14978665962210663
2024-08-12,0.0758004575866373,0.146745040927,0.15310503859642605,0.15827940312075645,0.1390026628727219,0.13985342224429742,0.14680311295574733,0.1414652019739151,0.1371918022632599,0.1451000920038749
2024-08-13,0.10879515872739007,0.0758004575866,0.10909255377546573,0.10755233954946214,0.10077397375197397,0.106341365150101,0.11051290644483473,0.11176598072052002,0.11704954504966736,0.10901266634886071
2024-08-14,0.06488536344911076,0.108795158727,0.11730310941647379,0.12016044491859967,0.10580863549380422,0.10691889778418563,0.11229709019445756,0.11385364830493927,0.10911290347576141,0.11220781851260309
2024-08-15,0.06294494366765928,0.0648853634491,0.08797842252088874,0.0869754000400332,0.0814405247584377,0.08713422797378872,0.08644491928396199,0.09733815491199493,0.07089123129844666,0.0854575543982217
2024-08-16,0.07421214878438166,0.0629449436677,0.08024915659833244,0.07950604997338387,0.07573086218749364,0.08282739372751574,0.07980050500787325,0.08811306953430176,0.07405222952365875,0.08003989522179421
2024-08-19,0.07440919314783624,0.0742121487844,0.07907220490049391,0.07741471403871934,0.07530286349896165,0.0830535118184239,0.07597565652427545,0.08707098662853241,0.08001795411109924,0.07970112736007227
2024-08-20,0.10132661873620968,0.0744091931478,0.07908305273122622,0.07980231454020256,0.07661442604337206,0.08709028938533958,0.08289039918376931,0.08762200176715851,0.0873403400182724,0.08292040338133437
2024-08-21,0.11574819704837738,0.101326618736,0.09106343887562351,0.09299207860732572,0.0869459069902734,0.09726627804092869,0.09129641021388551,0.09749041497707367,0.09760807454586029,0.09352322889299582
2024-08-22,0.1455379323571501,0.115748197048,0.10239235912590047,0.10544666725830423,0.09674980884930406,0.10636521252333649,0.10352394768190691,0.1077575534582138,0.10806909203529358,0.10432923441889422
2024-08-23,0.07595315495570674,0.145537932357,0.12378670492334963,0.12407668704754268,0.11072865855591482,0.10952313657762483,0.1092410191660306,0.12422825396060944,0.10060155391693115,0.1145980020211433
2024-08-26,0.06519495992384074,0.0759531549557,0.09132854742340926,0.09417422598137778,0.08516665286207203,0.09037703367719849,0.08248620720885624,0.09951221197843552,0.08522450923919678,0.08975276976722088
2024-08-27,0.1085564412354845,0.0651949599238,0.0855232390316014,0.08464714390913491,0.08049236532184083,0.08517630155885897,0.07732180217786105,0.08180499821901321,0.07964952290058136,0.08208791044555597
2024-08-28,0.10789933459306966,0.108556441235,0.106542715338692,0.1081451328714834,0.09903350359691104,0.10419542528750117,0.09744027992672509,0.0944782942533493,0.10033607482910156,0.10145306087196623
2024-08-29,0.09725421956834367,0.107899334593,0.10553909614298437,0.10795625182453886,0.09716669523477528,0.09904748998332258,0.09641346405408115,0.10247272253036499,0.0958927571773529,0.10064121099248859
2024-08-30,0.1168850085827879,0.0972542195683,0.09620536350842454,0.09564047660346586,0.08870380114378483,0.08959815663652082,0.07451094628198937,0.09985115379095078,0.08555535227060318,0.09000932146224848
2024-09-03,0.10632782614304498,0.116885008583,0.10915159206067843,0.11294645421807381,0.1054920910494678,0.1166963095224598,0.11101833921923533,0.10698133707046509,0.11898204684257507,0.11160973856899362
2024-09-04,0.1271887058076369,0.106327826143,0.10797448785382707,0.10903966170502788,0.1052873497681922,0.11665839550238771,0.12282471692017131,0.10624884068965912,0.13048748672008514,0.1140744198799072
2024-09-05,0.15301988819587864,0.127188705808,0.11963690287641418,0.12033147943158949,0.11487350052552203,0.12187095111271913,0.11470180452983868,0.11296926438808441,0.1271207183599472,0.11878637446058786
2024-09-06,0.10134520507856502,0.153019888196,0.13588125557267688,0.14115174477257203,0.13157066832183276,0.13890613368235294,0.14316221430794818,0.12725253403186798,0.13204416632652283,0.1357098167165391
2024-09-09,0.11200233684353375,0.101345205079,0.11205822946366006,0.1126947141917008,0.10996895007740412,0.11711218665779417,0.11725678227662638,0.11065463721752167,0.11734656989574432,0.11387029568292163
2024-09-10,0.13455178125370768,0.112002336843,0.11667292137638283,0.1190652435729875,0.11319647056400181,0.11857085967956293,0.12001089054097565,0.10647004842758179,0.10836172103881836,0.11462116502861584
2024-09-11,0.11605599358402133,0.134551781254,0.12972102415593897,0.12646718635678755,0.12128266702562336,0.11937700052765964,0.120629836380934,0.1209876537322998,0.11533106863498688,0.12197091954489003
2024-09-12,0.07738775801766323,0.116055993584,0.12003160339181881,0.11935917923889752,0.11201971680803477,0.10844037975450288,0.10810543755530451,0.11702518165111542,0.08867223560810089,0.11052196200111068
2024-09-13,0.08424471615204362,0.0773877580177,0.09503188462639951,0.09515854620320209,0.09200790032141777,0.09303988813765433,0.08345799679022792,0.09532443434000015,0.08019010722637177,0.09060153680646765
2024-09-16,0.09866176825855899,0.084244716152,0.09675782376090167,0.09666225659924715,0.0944175142436378,0.09713300788064698,0.09836726817547055,0.090757355093956,0.09073028713464737,0.09497507326978678
2024-09-17,0.1774541963234006,0.0986617682585,0.10233218902508308,0.10435780865534935,0.09918752187066907,0.10234749570866034,0.10317286772144178,0.09783298522233963,0.09903272986412048,0.10118051400966624
2024-09-18,0.09514458925492926,0.177454196323,0.14321941228219734,0.14171838940171605,0.13181338701037923,0.12853384687079042,0.12465441779058428,0.13778309524059296,0.13531595468521118,0.13471978618306735
2024-09-19,0.07516821646793544,0.0951445892549,0.10251826403069703,0.10203011618490238,0.09625152960422276,0.09504411689253849,0.08667692136407365,0.11443173885345459,0.11486311256885529,0.10168797135696346
2024-09-20,0.06226513658919251,0.0751682164679,0.09289950381849352,0.0937739639890377,0.08815346208611252,0.08711598099608692,0.07917020121299168,0.09305113554000854,0.08433674275875092,0.08835728434306882
2024-09-23,0.06484370705317517,0.0622651365892,0.08488461296187894,0.0844567157149183,0.08186293578101174,0.082142921815409,0.06997772355258992,0.0805908739566803,0.07446648925542831,0.07976889614827377
2024-09-24,0.050229570569595754,0.0648437070531,0.08312167196967658,0.08305046197975663,0.08043390770788063,0.07981363819197124,0.07144826826482352,0.07935628294944763,0.07485973834991455,0.07886913848763867
2024-09-25,0.07000522164134615,0.0502295705697,0.06493721126287927,0.06515194767144952,0.06795838482065922,0.07353066240080813,0.06658123746643199,0.0704253762960434,0.07307969778776169,0.06880921681514761
2024-09-26,0.06207040875841241,0.0700052216414,0.07201891069593795,0.07306109435495431,0.07443562400197704,0.08085305767773933,0.07247049335166784,0.07606737315654755,0.07388794422149658,0.07468492820861723
2024-09-27,0.0842443608335371,0.0620704087585,0.06710867041200973,0.06763815301484721,0.07205192238164994,0.08322887831936139,0.07233422409704031,0.07538064569234848,0.08030140399932861,0.07400627113094081
2024-09-30,0.12890193350537765,0.0842443608335,0.07955235008341305,0.07790465064659641,0.08203288745469965,0.09176271861866447,0.08214577500259666,0.08470219373703003,0.08883993327617645,0.08384864411702526
2024-10-01,0.10878734791534353,0.128901933505,0.10632060618735731,0.10656714099559905,0.10613205417533278,0.1168117780271552,0.11143468541380658,0.1085522249341011,0.11462291330099106,0.11006305757633472
2024-10-02,0.12506165545272138,0.108787347915,0.10206313180435853,0.10021593243571303,0.10170572541313193,0.11118466237276964,0.11270717376227446,0.10925965756177902,0.11116059124469757,0.10689955351353202
2024-10-03,0.11288744184459491,0.125061655453,0.11465413289038898,0.11597534230339829,0.11280333104061267,0.12209147388704977,0.11660799811448724,0.11533915996551514,0.12182030826807022,0.11704167806707462
2024-10-04,0.07690904981203447,0.112887441845,0.11345294626431789,0.11479135360786114,0.10863751392130368,0.11250533595690165,0.11775946993245072,0.11268513649702072,0.10536514967679977,0.1121709865509508
2024-10-07,0.06108175829060588,0.0769090498121,0.09587723998558441,0.09828960389954146,0.09992659897131459,0.11764769807530867,0.11173825658926834,0.09474709630012512,0.11877885460853577,0.10528647834709691
2024-10-08,0.060779800166206537,0.0610817582907,0.0824310897976398,0.08110454594301256,0.08769524194204527,0.10627355434606985,0.10609724613602388,0.07925289869308472,0.11097772419452667,0.09340461443605753
2024-10-09,0.06636138238920886,0.0607798001663,0.07803136302810908,0.0766017693566573,0.08391925937204284,0.10323767992529295,0.09897134767252895,0.07451411336660385,0.11516303569078445,0.0900626526302885
2024-10-10,0.058676023158677,0.0663613823892,0.07536288261780358,0.0753537634758118,0.08274585670144535,0.10290986982729901,0.09560819505227411,0.07332213968038559,0.10739052295684814,0.08752760433026681
2024-10-11,0.0545911027658537,0.0586760231587,0.06697131323530553,0.06365590570404761,0.07648254535371869,0.09888982331382248,0.09757135726786903,0.07159865647554398,0.09425509721040726,0.0813463855086735
2024-10-14,0.07508505133760515,0.0545911027658,0.06310632517471272,0.06156770001776485,0.07377569758122784,0.0981294475049796,0.10080965807781736,0.06880534440279007,0.10187976062297821,0.08115341905461008
2024-10-15,0.058095689760119036,0.0750850513376,0.0740463832642847,0.07568561691945369,0.08339142246797437,0.10659825097746232,0.10318418215276534,0.07610957324504852,0.10490186512470245,0.0891310420216702
2024-10-16,0.07792566958601255,0.05809568976,0.06579411037000266,0.0641276672005111,0.07586883311827074,0.09845818910807665,0.09488487423069147,0.07210362702608109,0.10300920903682709,0.08203521572720869
2024-10-17,0.05363297380177236,0.077925669586,0.07621868939042262,0.07751456156045841,0.08336992164672499,0.10254612202776754,0.09829974943738601,0.07732775062322617,0.09983672201633453,0.08787335952890289
2024-10-18,0.06498178012417634,0.0536329738017,0.06438409728420535,0.06365666032429265,0.07353763286279413,0.09273890889788297,0.09528800523648018,0.06896083801984787,0.09214881807565689,0.07867356581445144
2024-10-21,0.053219200115691326,0.0649817801241,0.07070085430847144,0.07135547992182079,0.0794629892399939,0.09882126212684798,0.09709963782727439,0.06962480396032333,0.09383541345596313,0.08298577726295643
2024-10-22,0.08789725720489348,0.0532192001157,0.06321169392954007,0.062474878022534396,0.0739206647369664,0.09556733249032462,0.0954898790500091,0.06533721834421158,0.10106448084115982,0.07958087820210658
2024-10-23,0.08066513298513305,0.0878972572049,0.0822417378550698,0.08406540227713032,0.09090845746817344,0.11143672317161411,0.1198717781472156,0.07854913920164108,0.11473584175109863,0.09740129712456327
2024-10-24,0.09298853323058494,0.0806651329851,0.07905148481473731,0.07874842489047482,0.08770321382198268,0.10761983321182092,0.10785797958468908,0.08157007396221161,0.11193498969078064,0.093497999996671
2024-10-25,0.06211870111693579,0.0929885332305,0.08834354542200953,0.08930073572116996,0.09563987550679834,0.11486561461677965,0.10882474699165644,0.0874871239066124,0.11495938897132874,0.09991729016233644
2024-10-28,0.07698961333451676,0.062118701117,0.07349501084821132,0.07393008747184387,0.08329978924446031,0.10493136558586813,0.10534105751910809,0.07629978656768799,0.10448327660560608,0.08882576769182655
2024-10-29,0.07398652558803663,0.0769896133345,0.08262954448919618,0.08141263959143893,0.09023555135990786,0.10933739726305397,0.10410521061448831,0.07742833346128464,0.10526761412620544,0.09291661298651076
2024-10-30,0.11832582472826632,0.0739865255881,0.07998090994687354,0.07988087765587125,0.08916391953915914,0.11071616440188745,0.10869233339512208,0.07737583667039871,0.10904557257890701,0.09355080202688845
2024-10-31,0.10823913076185894,0.118325824728,0.10430950989873314,0.10820918554646597,0.1125980264702217,0.1339463329870334,0.14215120202670697,0.09653465449810028,0.13527335226535797,0.11900318052751706
2024-11-01,0.08855533420278193,0.108239130762,0.10089521267034554,0.10149385985452578,0.10815798295242529,0.12748320087609152,0.13352313981703073,0.10073027014732361,0.13029032945632935,0.11465342796772456
2024-11-04,0.08048863498683774,0.0885553342028,0.09396640769208302,0.09305971825743335,0.10254359511602662,0.12351627218896642,0.12327772809903571,0.0925634503364563,0.12750321626663208,0.10806148399380479
2024-11-05,0.0895925213862675,0.0804886349869,0.09048928949383916,0.08814706416499514,0.09691318319135891,0.11472824285312418,0.1163808614096373,0.08458855748176575,0.11457151174545288,0.10083124433431047
2024-11-06,0.06012300912825638,0.0895925213863,0.09617213255001845,0.09730016500956579,0.09487312418962801,0.09707109055190985,0.08418925659122846,0.08630549162626266,0.08743879944086075,0.09190715142278198
2024-11-07,0.04726745722526906,0.0601230091283,0.0770597225530166,0.0753017716626939,0.07911782767833458,0.08366292665120716,0.08223865761341234,0.07513609528541565,0.0874740332365036,0.07999871924008341
2024-11-08,0.05289524512699795,0.0472674572253,0.06549876637374026,0.06425777064771043,0.06996134087604805,0.07522993402981909,0.07869423991428423,0.06131147965788841,0.06610280275344849,0.06872233346470556
2024-11-11,0.06919308729556732,0.052895245127,0.06500046857432269,0.06507051557334106,0.07022556439661078,0.07707968397716093,0.07823002489159564,0.05993686988949776,0.056971609592437744,0.06750210527070952
2024-11-12,0.07853925401485298,0.0691930872955,0.07169451466746651,0.0730511860681634,0.07565225402368589,0.08145011528671477,0.07755597378211741,0.06785481423139572,0.06158147007226944,0.07269147544740188
2024-11-13,0.10612757322061407,0.0785392540148,0.07511191086128557,0.07603427855460329,0.07782360613078187,0.08177410775843338,0.07837995766103115,0.07487566769123077,0.0653441771864891,0.07562052940626503
2024-11-14,0.0861174757915349,0.106127573221,0.09222274225115391,0.0935077927531851,0.09089341030530235,0.09049235008351654,0.09067973940426316,0.09027328342199326,0.06626774370670319,0.08776243741801679
2024-11-15,0.07596790321999417,0.0861174757916,0.08619177894551916,0.08701373566325236,0.08756947458828049,0.0910715012839384,0.08516581231907772,0.08726252615451813,0.07659919559955597,0.08583914636487745
2024-11-18,0.06966683608141826,0.0759679032201,0.08344523356219613,0.0818361756548644,0.08458160491951838,0.08739690103507566,0.08196584635455913,0.08043111115694046,0.08077956736087799,0.08291949143486173
2024-11-19,0.11169261152390877,0.0696668360814,0.08049470596897662,0.07830574091409688,0.08251896345327348,0.08657207812886536,0.08138470387870149,0.07493248581886292,0.08093608915805817,0.08073496676011928
2024-11-20,0.14588035561503682,0.111692611524,0.10327735602107255,0.10395288944937366,0.1015387828902915,0.10373639576775698,0.09903833524579057,0.09359856694936752,0.09063966572284698,0.09939742743521425
2024-11-21,0.0921726108606434,0.145880355615,0.12290300787551206,0.1241614987654235,0.11560523409574139,0.11215674633544591,0.11381852123705344,0.11894982308149338,0.09584595263004303,0.11477725486010182
2024-11-22,0.08163895256384908,0.0921726108607,0.09804078372016348,0.09801057685307567,0.09369429248189595,0.09008068851253295,0.08382520912338665,0.10191439837217331,0.08313313126564026,0.09267129718983833
2024-11-25,0.05784950235498314,0.0816389525639,0.09356308248173495,0.09557648336406083,0.08918303255576499,0.08420411108364784,0.08003163969963374,0.08763076364994049,0.07087977230548859,0.08586698359146736
2024-11-26,0.05768604769472424,0.0578495023549,0.08129150543540944,0.08151846804543172,0.0789154496786761,0.07433737969945056,0.07219100881815119,0.07255634665489197,0.06393760442733765,0.07496396610847837
2024-11-27,0.037482730537887976,0.0576860476948,0.0764161739064704,0.0771582200025913,0.07547817890066225,0.07295667557439986,0.07151743964114203,0.06758267432451248,0.06682674586772919,0.07256230117392966
2024-11-29,0.042272445139935305,0.0374827305379,0.05725713978290764,0.05591897757491365,0.06109593192571079,0.06367222441022066,0.06532393752921753,0.05559143051505089,0.059324149042367935,0.059740541540055585
2024-12-02,0.04167194760241234,0.0422724451399,0.05511129738033234,0.05526638166878848,0.06000203377268912,0.06343159146427661,0.06747145563249356,0.053224485367536545,0.056038953363895416,0.058649456950001726
2024-12-03,0.039250280072159485,0.0416719476024,0.0513361994992335,0.05130378342640372,0.057428375647885235,0.06112044430972859,0.06751278971201047,0.05202305689454079,0.05501338094472885,0.056534004347790164
2024-12-04,0.049542516144186706,0.0392502800721,0.04859346354097357,0.04750822052801536,0.05553882265735735,0.05887165490959337,0.06400261038265835,0.05032140389084816,0.05438096076250076,0.05417387666742098
2024-12-05,0.04553242503018832,0.0495425161442,0.052768076798966515,0.05343722934707418,0.0591959754702335,0.06182308791759579,0.06751278971201047,0.053699564188718796,0.05694813281297684,0.057912122321082296
2024-12-06,0.04871306817420147,0.0455324250302,0.05161588169898755,0.051744202575494634,0.05804095939610365,0.059416001531139156,0.0670751222125598,0.053314369171857834,0.0446559302508831,0.055123209548146535
2024-12-09,0.050479801123471155,0.0487130681742,0.05372576376503914,0.05468893970159875,0.061116350486368334,0.06543195747998584,0.0681362227608296,0.05424423888325691,0.06502781063318253,0.060338754815751586
2024-12-10,0.035925785437720355,0.0504798011235,0.055227000024231546,0.05518275123922783,0.06225582684799137,0.062003338334576504,0.06859314647425337,0.058881767094135284,0.07321049273014069,0.06219347467779379
2024-12-11,0.053640951730919165,0.0359257854377,0.048033583304398456,0.04697547070057005,0.0558096710258856,0.05036522321196714,0.06341977219132404,0.053329356014728546,0.05758319050073624,0.053645180992801446
2024-12-12,0.06822255627909878,0.0536409517308,0.05680393583825433,0.0567908375188868,0.06325305012814013,0.05985312202364569,0.06859314647425337,0.05801573395729065,0.06025538221001625,0.0605093154500696
2024-12-13,0.0429828584646075,0.0682225562792,0.0657336352366159,0.06630005547022402,0.07011487432421533,0.06287324204923109,0.06728806481674683,0.06652157753705978,0.06816728413105011,0.06671410479502043
2024-12-16,0.05916337457135115,0.0429828584646,0.05327393941286912,0.05222232362406212,0.06104127387064585,0.060109546468012365,0.06680101446851676,0.059264786541461945,0.0709717869758606,0.060526381623061246
2024-12-17,0.22527686282314924,0.0591633745713,0.06175794061925795,0.06058484811521003,0.0688592286184655,0.06917642404942131,0.07424639161822068,0.06191527843475342,0.07899224758148193,0.06793319414811583
2024-12-18,0.15819997561052024,0.225276862823,0.1572524840258952,0.16429719324318556,0.15275729466431365,0.15973876905365175,0.1266935919988933,0.13803693652153015,0.1710539013147354,0.15283288154602928
2024-12-19,0.17257422439262476,0.15819997561,0.1346063357055472,0.13687652108016735,0.13319508414256492,0.13853314287450072,0.130640114172942,0.14378929138183594,0.1702292561531067,0.14112424935866638
2024-12-20,0.09473435129970965,0.172574224393,0.15058557079063833,0.14350921781091208,0.13907821192496125,0.1308078685079362,0.1315757896233418,0.1465834379196167,0.10995602607727051,0.13601373180781098
2024-12-23,0.058865167832432105,0.0947343512998,0.11823296456956076,0.11956573131983748,0.11058759359200697,0.09773065680749539,0.09962784134581162,0.10997039824724197,0.07317480444908142,0.10412714147586223
2024-12-24,0.08660506020645907,0.0588651678325,0.1012479984081399,0.10012842545153097,0.09373904747721223,0.06968168673760003,0.08352684022275919,0.07805853337049484,0.05302997678518295,0.0827732154932743
2024-12-26,0.1352731786500517,0.0866050602064,0.10214627881790461,0.10276454614230453,0.09660826444488656,0.07734918404351698,0.08189241506175512,0.0777825117111206,0.07019312679767609,0.08696233243130921
2024-12-27,0.12243769898550691,0.13527317865,0.12317604897072323,0.12544675989555357,0.11553831690683225,0.10015261029122327,0.1046397472477209,0.10473925620317459,0.09686768054962158,0.11008006000926421
2024-12-30,0.14113854412435606,0.122437698986,0.11259779569324098,0.11399469699025633,0.10941107182056524,0.10704682126373276,0.10914303692531398,0.11066365987062454,0.11289791762828827,0.11082214288457459
2024-12-31,0.19210412890699669,0.141138544124,0.1255171068016172,0.1276299750609839,0.11889186009582287,0.11601362569730334,0.11877595632393297,0.12070920318365097,0.11270234733819962,0.1200342963573587
2025-01-02,0.09587586094134226,0.192104128907,0.16138099053194377,0.16534260192893357,0.14710362989734815,0.13769546667073843,0.13598127908468052,0.15024563670158386,0.12895941734313965,0.14667271745119542
2025-01-03,0.0802215213315953,0.0958758609413,0.11648751900937668,0.11652085020590477,0.10798816676851057,0.09927570106389372,0.10100517397833668,0.11665243655443192,0.10386097431182861,0.10882726027032615
2025-01-06,0.14424530779872183,0.0802215213315,0.10415615223698026,0.10518266170472174,0.09845277873740246,0.0973454452844776,0.09288880210341886,0.09069692343473434,0.09412892162799835,0.09755024073281911
2025-01-07,0.14989210846883835,0.144245307799,0.13639412150226346,0.14081688872556292,0.12637562267047717,0.1231210575761722,0.1310299086977583,0.1132807508111,0.10916107892990112,0.12573991841617646
2025-01-08,0.16252931783425414,0.149892108469,0.13977267700684842,0.14095654221174336,0.12801937568305177,0.12177022348825726,0.13090034555375166,0.12983381748199463,0.11026212573051453,0.12878787245088022
2025-01-10,0.12883543438645598,0.162529317834,0.14306445943418156,0.14747045276363255,0.13329756000841675,0.13544976086178737,0.13386605155075806,0.14010903239250183,0.11893552541732788,0.1360275489183723
2025-01-13,0.13503731125696333,0.128835434386,0.12997857762919995,0.12689341369661342,0.12186554408210079,0.12411698916559602,0.11912402199944597,0.13591894507408142,0.11415144801139832,0.12457841995120512
2025-01-14,0.0880371933895578,0.135037311257,0.13768388061946307,0.14093209340325158,0.12695161881030992,0.12718453114425068,0.1183999553832229,0.1338251531124115,0.11155129224061966,0.12807550353050418
2025-01-15,0.09377501980407789,0.0880371933896,0.11034933210461526,0.11047320491194426,0.10086233658267446,0.10013422040415582,0.09804886555764915,0.11193323135375977,0.08769769966602325,0.10278555579726027
2025-01-16,0.06506860716395887,0.0937750198041,0.10812080892666187,0.1093087207158072,0.09947317764509635,0.10088245579687502,0.0960221299996934,0.10423486679792404,0.07440729439258575,0.09892135061066339
2025-01-17,0.08254004179458113,0.065068607164,0.08590496830926411,0.08546388999967239,0.082215885493356,0.08886634578326813,0.08336378499546057,0.08777888864278793,0.07488356530666351,0.08406818979006751
2025-01-21,0.0413526009220165,0.0825400417946,0.09012176475746139,0.09064751798702672,0.08477995388455459,0.08992638773594394,0.08631253336115133,0.09031357616186142,0.07732705771923065,0.08706125594389001
2025-01-22,0.04863509701242057,0.041352600922,0.06231038897263033,0.0625850009865947,0.06304847677305468,0.07337452688568943,0.07853396130760885,0.07195314764976501,0.0691579282283783,0.06870906154338877
2025-01-23,0.05456231226953271,0.0486350970124,0.06243991305664992,0.05892704701734732,0.06401854392121362,0.07420564398715987,0.07679031227211791,0.06639355421066284,0.06680606305599213,0.06708301107444908
2025-01-24,0.1247458066412142,0.0545623122696,0.06188915687197172,0.06300857704597654,0.06439177321268023,0.07473625697758056,0.07679031227211791,0.06651239097118378,0.06774762272834778,0.06786801286855122
2025-01-27,0.09320868035156596,0.124745806641,0.1005546094845787,0.0985060818134969,0.09932184265563673,0.11025500122698453,0.10786004610856682,0.09885060787200928,0.09808199107646942,0.10191859717682035
2025-01-28,0.13088374230582497,0.0932086803516,0.08648945024605278,0.08210918463232339,0.08572398503153336,0.09480784590052191,0.08619178445338142,0.09784770756959915,0.09126713871955872,0.08920529950756727
2025-01-29,0.13709022250964947,0.130883742306,0.11222625690038351,0.11238248038098012,0.10584453975504715,0.1102631977067174,0.1021868035031676,0.11358129978179932,0.10914294421672821,0.10937536032068905
2025-01-30,0.12093480296009582,0.13709022251,0.12291310961070229,0.12494417822387731,0.11244851632467806,0.11098968032720537,0.1144831164433818,0.12453049421310425,0.1018303632736206,0.11601992263093852
2025-01-31,0.17513849682376514,0.12093480296,0.12106802911645408,0.12527803004734106,0.11129342680714846,0.11026217224187973,0.10885242432001854,0.12171117961406708,0.0862647145986557,0.11210428239222352
2025-02-03,0.07877438037161574,0.175138496824,0.15124386274791524,0.1398696831983067,0.1374681360026542,0.135398714376004,0.1368427659110706,0.1450091302394867,0.1060449630022049,0.1359824650682346
2025-02-04,0.07414560800786517,0.0787743803717,0.10417632768818934,0.10357105081513562,0.09761118031421118,0.09950550120962105,0.11666427677576807,0.10990726947784424,0.09070277214050293,0.10316262548875321
2025-02-05,0.07384875307696129,0.0741456080079,0.0970744078232629,0.09647545448909237,0.09173619174685158,0.09280803069948149,0.08896675823696801,0.08943546563386917,0.06778000295162201,0.08918233022587821
2025-02-06,0.16541610602195905,0.0738487530769,0.09139353041056347,0.09300446234907539,0.08713154137558647,0.08870425463837438,0.08299548074120218,0.08328491449356079,0.06306534260511398,0.08422564665906809
2025-02-07,0.046334006881236595,0.165416106022,0.13880220073202945,0.1437707447403463,0.12575087278009384,0.12069081975132301,0.12334491568266075,0.1283223032951355,0.08839432895183563,0.12415374084763206
2025-02-10,0.053403035810054844,0.0463340068812,0.07090549735465203,0.07011911945910276,0.07161911941406077,0.0783450200881991,0.08038151420745823,0.08905383199453354,0.08190760761499405,0.07747595859042863
2025-02-11,0.09633274967680099,0.0534030358101,0.07210872055986121,0.07072899922473327,0.0732304603130239,0.0795973699601356,0.08038151420745823,0.0717882588505745,0.07495292276144028,0.07468403512531814
2025-02-12,0.07583637179217635,0.0963327496769,0.09443358878630818,0.0921705941964918,0.09176252947387079,0.09431993137991969,0.09189564089472059,0.08768308907747269,0.08652165532112122,0.09125528987570071
2025-02-13,0.04954922042339435,0.0758363717921,0.08491002277317068,0.08315293822149909,0.08289957193285764,0.08368265269574504,0.07918705276235931,0.08734364807605743,0.07283682376146317,0.08200181574616462
2025-02-14,0.06878276001625698,0.0495492204234,0.0623239518565008,0.06265253884064216,0.06591942646826546,0.0715272385560148,0.06988163556645328,0.07129471749067307,0.06886817514896393,0.06749538341821622
2025-02-18,0.0549598574799353,0.0687827600163,0.07343747785655391,0.07218837924530215,0.07498694318538504,0.07884334660549398,0.07451208672709853,0.07454195618629456,0.07188978791236877,0.07434285395978527
2025-02-19,0.07914685847614926,0.05495985748,0.06703568308612189,0.06467023175777464,0.06989649554513319,0.074902528785418,0.0719890231668186,0.071579210460186,0.07267092913389206,0.07039201456219206
2025-02-20,0.08939898439968096,0.0791468584761,0.0770042806253119,0.07797551368899813,0.07824641096377898,0.08261494722758034,0.08335813372347062,0.08014898747205734,0.0792795792222023,0.0798039789890571
2025-02-21,0.11988269404540423,0.0893989843996,0.08305705183708573,0.08582807337242601,0.08671404877093228,0.0973495713684231,0.09541283465608401,0.08815424889326096,0.09782850742340088,0.09062061947451615
2025-02-24,0.15020848448403837,0.119882694045,0.10364772409071818,0.10592367430967417,0.10403778246097711,0.11325838369168204,0.11112402882141481,0.10533139854669571,0.10954400897026062,0.10755242869877467
2025-02-25,0.11221574055156255,0.150208484484,0.1251210667246283,0.12720266145767722,0.12096807924689884,0.1262301492945382,0.1250086951985293,0.12578849494457245,0.11421570181846619,0.12350497838361578
2025-02-26,0.17322956633535744,0.112215740552,0.11206404936493049,0.11313813290754379,0.10967771400481426,0.11673125952151156,0.11702483787634776,0.11624754220247269,0.11193153262138367,0.11383072407128632
2025-02-27,0.19513098334797577,0.173229566335,0.14925321761309265,0.15348001628139218,0.14219190003079865,0.1451970059272839,0.1416375170669621,0.13842928409576416,0.13389533758163452,0.1434406112281326
2025-02-28,0.19357166541165058,0.195130983348,0.16885748005096515,0.16449701410056516,0.15256001156338367,0.1447234645304759,0.13467788160417135,0.15942810475826263,0.129445418715477,0.15059848218904298
2025-03-03,0.2094123164522278,0.193571665412,0.17453773097932876,0.1807578172409551,0.16263367161280035,0.16065395459614107,0.1583920629684719,0.16584694385528564,0.15349939465522766,0.1651887965583158
2025-03-04,0.20950445916762728,0.209412316452,0.18720360419289434,0.1908821787905547,0.17374280637600142,0.17024134982258868,0.16991009167478552,0.1731412261724472,0.168272003531456,0.17619903722296112
2025-03-05,0.21247791467462213,0.209504459168,0.19572053669720957,0.19400264278381343,0.17667686312531833,0.1681294895382106,0.17715253686003757,0.17693908512592316,0.16301988065242767,0.17880586211184862
2025-03-06,0.24792572035898172,0.212477914675,0.20054963481244076,0.20431994969029538,0.18684845737408087,0.18252727296292415,0.19986341047682987,0.17880459129810333,0.16538524627685547,0.1883283661273614
2025-03-07,0.2051553790008344,0.247925720359,0.22190069718295086,0.22147365133653885,0.19846280863276544,0.18576134475322142,0.17681665995590126,0.19751280546188354,0.1614256501197815,0.1947648024918633
2025-03-10,0.270251643513219,0.205155379001,0.2025227917248596,0.2065105462354802,0.1922158779463878,0.19103135987506636,0.24758750113964764,0.18475455045700073,0.19180132448673248,0.20234627883788212
2025-03-11,0.17143299708225368,0.270251643513,0.23863946704243766,0.2398028050958316,0.220029968287643,0.21152301584137867,0.2795993529584695,0.21146316826343536,0.2161058932542801,0.23102338153478227
2025-03-12,0.18153768917795557,0.171432997082,0.1883754245227272,0.192807152871995,0.17400726617582998,0.17086191181955923,0.215579076675918,0.17405375838279724,0.20821897685527802,0.18912908104344353
2025-03-13,0.12650438396664837,0.181537689178,0.19037267211785397,0.1956328052625456,0.17747060777521506,0.17645888339830712,0.22535630724440445,0.1616307646036148,0.14097727835178375,0.181128474107675
2025-03-14,0.12352575655471047,0.126504383967,0.15373861828028743,0.15140157207397686,0.14205558373862553,0.1533773087103626,0.16663677499644952,0.15003536641597748,0.10445992648601532,0.14595787867167068
2025-03-17,0.1305255553817596,0.123525756555,0.14512046325328365,0.14604343327960648,0.13344571629753776,0.14323581430981502,0.1385611180501787,0.13810791075229645,0.1082359328866005,0.13610719840418836
2025-03-18,0.146032296845806,0.130525555382,0.13611671559610208,0.1390345336452159,0.129737963948883,0.1440573450327972,0.15188093060131805,0.13746483623981476,0.13695426285266876,0.1393209411309714
2025-03-19,0.14124009254104872,0.146032296846,0.1411832855942467,0.13638382300109345,0.13001132293077544,0.13743729503401372,0.13986812488962488,0.1473025381565094,0.14590269327163696,0.13972701183970007
2025-03-20,0.12242162953941595,0.141240092541,0.1353032859503201,0.13647483882204686,0.12493820433704012,0.13333554460392838,0.1367405582724637,0.14813116192817688,0.15090453624725342,0.13797544716588991
2025-03-21,0.07930924081650763,0.122421629539,0.12594144972114824,0.12311236639727513,0.11608839816806638,0.12325396650125031,0.12265497223407362,0.13746199011802673,0.11775394529104233,0.12375244120441183
2025-03-24,0.0611219614553329,0.0793092408166,0.10154642563513919,0.10110487891988842,0.09377783935643577,0.09915104608684795,0.10334790745736548,0.11106979846954346,0.08999887108802795,0.09999953814474974
2025-03-25,0.09798707149152688,0.0611219614554,0.08681290645975248,0.08713806965115672,0.08169008305122386,0.09143391766144095,0.09822202038437146,0.0906636193394661,0.08330127596855164,0.0884659846451376
2025-03-26,0.1346418025408751,0.0979870714915,0.10013767125407194,0.1028897723315669,0.09547334945971377,0.1061938054249763,0.10897094255296198,0.10040226578712463,0.10300189256668091,0.10243852848244235
2025-03-27,0.1238213582169296,0.134641802541,0.11700330329700638,0.11745909362292989,0.10979537233360008,0.1212154707343483,0.11468520648313216,0.12266978621482849,0.11652969568967819,0.11705113262507479
2025-03-28,0.1889324168613846,0.123821358217,0.11197095684622811,0.11590163578298174,0.11106096694135154,0.13165509923826546,0.13154660691418693,0.12676094472408295,0.13892830908298492,0.12397493136144024
2025-03-31,0.15317470388886803,0.188932416861,0.15257030801143526,0.14510991487225564,0.1424955001363361,0.15650516868040493,0.17190679604090256,0.1560552567243576,0.15499094128608704,0.15423341225025416
2025-04-01,0.16430630774146196,0.153174703889,0.14369263531103837,0.1422955280189427,0.13402097003399052,0.14799852072373446,0.16032575506038588,0.15286214649677277,0.1515142172574997,0.14752996755748063
2025-04-02,0.17264306775285243,0.164306307742,0.1548434193493015,0.1505249536148805,0.14177711575788138,0.14770421209815812,0.15724266437733786,0.1529286950826645,0.14476963877677917,0.14997009986528614
2025-04-03,0.45099889012866096,0.172643067753,0.16217974577018565,0.16768854289639196,0.16512175623366027,0.1935213984255833,0.24599847085809737,0.15590520203113556,0.2151532769203186,0.1865097704479104
2025-04-04,1.0191951795542598,0.450998890129,0.3231666918174433,0.3269472443939053,0.32959505830697144,0.36932042709258317,0.364444799938,0.28659626841545105,0.40080025792121887,0.34298153541222476
2025-04-07,0.4581043695258014,1.01919517955,0.6658263779681808,0.6358615633868017,0.6081705831604179,0.5814022902170128,0.3939246075598969,0.6070559620857239,0.5078151822090149,0.5714366523695783
2025-04-08,0.7171486573498412,0.458104369526,0.42561621631994606,0.4318907959356827,0.4236544995919477,0.4363943211951852,0.4296461602941323,0.5327498912811279,0.535256564617157,0.45931549274788264
2025-04-09,0.5422679128862042,0.71714865735,0.5970593645492933,0.5320729868930549,0.4898637434599026,0.41307756012577534,0.31490563005283007,0.5643808841705322,0.3848505914211273,0.4708872515246451
2025-04-10,0.30057074545622703,0.542267912886,0.5461845584478308,0.5508355352627072,0.47886508341544615,0.41997176096245703,0.3842378082299136,0.5404433608055115,0.4208183288574219,0.47733663371161267
2025-04-11,0.21402164457425327,0.300570745456,0.4178946738084891,0.4157292570257255,0.3632584146360479,0.3196438077359572,0.35173839121781486,0.466673344373703,0.27271735668182373,0.3725221779256516
2025-04-14,0.1674388173342848,0.214021644575,0.2988977126552505,0.3109000445962254,0.2498028437855954,0.2327269535745497,0.23326976653767598,0.486549973487854,0.1754549890756607,0.2839431833875445
2025-04-15,0.21016282912104128,0.167438817335,0.25234953451176,0.26135236152297053,0.21220087906249602,0.2030892023546126,0.21054416116529615,0.5238454341888428,0.16150249540805817,0.2606977240305766
2025-04-16,0.17719626599507113,0.210162829121,0.23267709116339777,0.23927834709070542,0.21284864213675558,0.22661170504240088,0.24150515693212155,0.542172372341156,0.22393642365932465,0.2741471054808374
2025-04-17,0.13887075720520717,0.177196265995,0.18688625699321737,0.18490867190958565,0.1740664465112058,0.19704657651598573,0.2036677891568463,0.5321221351623535,0.21760477125644684,0.24232894964366306
2025-04-21,0.17788173783631642,0.138870757205,0.15483006539873403,0.16071102618683653,0.16262296488322628,0.209627760571843,0.2499174051306135,0.5038520097732544,0.23570625483989716,0.2396096409692007
2025-04-22,0.20936196500389462,0.177881737836,0.17127654462339165,0.16714192515299126,0.16690143720476458,0.20429767162582024,0.24003615511700652,0.4573807418346405,0.21645332872867584,0.23192682918389865
2025-04-23,0.12473363337843567,0.209361965004,0.19028508065874938,0.19537102491359057,0.17524926526971873,0.20098461582547406,0.2041201844084964,0.4458174407482147,0.20155954360961914,0.2304838793476947
2025-04-24,0.1475307146146415,0.124733633378,0.1414078244914836,0.13358526638268048,0.12915847993379254,0.16199104284437474,0.17026014927659008,0.23923301696777344,0.1593753844499588,0.16214445204952194
2025-04-25,0.14287827776240167,0.147530714615,0.15033530591045302,0.14990663104228802,0.13201983929116032,0.1541727260389848,0.18410511448677294,0.1717899888753891,0.13965372741222382,0.1545690475796103
2025-04-28,0.13629390903713048,0.142878277762,0.14835380395660852,0.14999976429046163,0.13085747421229288,0.1527684893880822,0.18206112043645564,0.16121304035186768,0.15053601562976837,0.15368424403793382
2025-04-29,0.18056504715137978,0.136293909037,0.14173341714608934,0.13818659886172083,0.12362827694881376,0.1439813522455649,0.15602053139993452,0.1545625776052475,0.1524985283613205,0.1443730403669559
2025-04-30,0.1531886519015374,0.180565047151,0.1613838391079384,0.15363957939424416,0.1423390123421062,0.15945240599245628,0.1862975416604202,0.1681574434041977,0.1593538224697113,0.16151766348158203
2025-05-01,0.11158244982624284,0.153188651902,0.1500908955467621,0.15400506018997778,0.13017664918714458,0.15267919317599157,0.15859352376408883,0.16382722556591034,0.1500788778066635,0.1513502036052198
2025-05-02,0.08207401736071898,0.111582449826,0.12654354725704448,0.12555898719005096,0.10650613952117985,0.12085972042050036,0.12424128444213126,0.14316530525684357,0.12236744165420532,0.12417748939170796
2025-05-05,0.15159963907187643,0.0820740173607,0.10699139150771683,0.10538743326560955,0.09375184352931755,0.11789769708468101,0.12798843144886463,0.1219177171587944,0.14331306517124176,0.11674965416660367
2025-05-06,0.20547086565082653,0.151599639072,0.14272250492401806,0.14221141439410878,0.12635109445883813,0.1454266931770391,0.1525999160091112,0.14296311140060425,0.170057475566864,0.14604745856151194
2025-05-07,0.13753102929753416,0.205470865651,0.17144038847092735,0.17116094657956243,0.1490579081592669,0.15608689631808242,0.1538943562814713,0.1742487996816635,0.1992070972919464,0.1678709132547029
2025-05-08,0.0990615254255657,0.137531029297,0.13638911531597853,0.13541911883865726,0.12250785617935984,0.12902578720431337,0.13891577745859604,0.15687866508960724,0.17461968958377838,0.14196514423861295
2025-05-09,0.1064404577529334,0.0990615254256,0.1162595599034609,0.12023567072116666,0.10728645433716408,0.1169044649796341,0.12703817390875197,0.13188211619853973,0.1307070106267929,0.12147335009650148
2025-05-12,0.0812188191824087,0.106440457753,0.12183253046348388,0.11996467120763425,0.1059391109163479,0.09858683727226757,0.1128422648709396,0.12743040919303894,0.10068528354167938,0.11246872963791307
2025-05-13,0.0917910648053306,0.0812188191824,0.10360229932607579,0.10112775158626294,0.09388741148018273,0.09427179871146482,0.10104310859847655,0.1150335893034935,0.10491916537284851,0.10198358919697212
2025-05-14,0.09036243533520995,0.0917910648053,0.09988218191744785,0.10156810082473927,0.09436866205922195,0.09638630899201812,0.09851422324861046,0.0947783887386322,0.1126418486237526,0.09973424491491749
2025-05-15,0.06808675038405637,0.0903624353352,0.09575416219748796,0.09284597741755285,0.09093419003434519,0.09039726030373409,0.09192261204386808,0.09659869968891144,0.11201784759759903,0.09578153561192837
2025-05-16,0.07697138878678753,0.0680867503841,0.08177195406079821,0.07814121804218226,0.0799644655051435,0.08029606477338606,0.08530881199122083,0.08925842493772507,0.10750803351402283,0.0860355675463541
2025-05-19,0.08798658603171736,0.0769713887868,0.08430289639604385,0.0781547963769494,0.08440073903480627,0.085518773053334,0.08486538739378308,0.08905079960823059,0.11627034842967987,0.08893767718468958
2025-05-20,0.1630422741809743,0.0879865860317,0.0905066007822121,0.09162042721235861,0.08954788216580059,0.09100883575332754,0.09192261204386808,0.09400512278079987,0.12079468369483948,0.0956294520618866
2025-05-21,0.10860070122506207,0.163042274181,0.1350584659001633,0.13981179571382862,0.12987523234971396,0.12838412377076927,0.12454152333456589,0.12837015092372894,0.1496368646621704,0.13366830809356292
2025-05-22,0.11047044770663149,0.108600701225,0.10754445540049355,0.10843253481241222,0.10696788189782523,0.10881330343321763,0.11118614480402297,0.11972109973430634,0.13778333365917206,0.1143498219630643
2025-05-23,0.05947830719330536,0.110470447707,0.11138384013676997,0.11049122601710243,0.11359141531993719,0.12116983397661303,0.12716209932747213,0.11333499848842621,0.14320597052574158,0.12004848339886608
2025-05-27,0.08926322564453963,0.0594783071934,0.08321657379438605,0.07647504726550051,0.0840983372739479,0.08487490025797648,0.08968690353737727,0.08856461197137833,0.11286905407905579,0.08854077545423177
2025-05-28,0.13344687249721965,0.0892632256446,0.09896747309868932,0.10248395383553477,0.09818721912564095,0.0929396660680313,0.09578301335527396,0.09179963171482086,0.11156179010868073,0.09881753532952454
2025-05-29,0.12507139317076787,0.133446872497,0.12021604193034138,0.1245870414796598,0.11529191757781224,0.10662026160692363,0.1055174351211896,0.1136375218629837,0.1226566880941391,0.11550384395329279
2025-05-30,0.09769724371326757,0.125071393171,0.1169297405164774,0.11714961357835524,0.11280157878161351,0.10738346280477254,0.1055174351211896,0.12093804776668549,0.12595869600772858,0.11523979636811747
2025-06-02,0.05867454342568675,0.0976972437133,0.10153349318270623,0.09967257269448274,0.10000417787627308,0.0930442593471637,0.09867412649132638,0.10982206463813782,0.1073928028345108,0.10144907100922869
2025-06-03,0.061089399413682244,0.0586745434256,0.08081202250887724,0.07779174130561722,0.08241316442302739,0.07529512840981516,0.08866226151520731,0.0875152051448822,0.09357951581478119,0.08372414844602968
2025-06-04,0.13990033948987543,0.0610893994137,0.08009029922958558,0.08180073892266115,0.08248256641495556,0.07629527035300655,0.08465142113381562,0.07959122210741043,0.09118397533893585,0.08229935621433869
2025-06-05,0.08585715453293337,0.13990033949,0.1221610732676662,0.12653288787109768,0.11733043085344601,0.1049178258184897,0.11311116535388831,0.11160014569759369,0.10833391547203064,0.11485534919060174
2025-06-06,0.04867724004193664,0.085857154533,0.0908785452115852,0.09293792963880196,0.09011866823162096,0.0822152387540459,0.08390026950220997,0.10345832258462906,0.08547461032867432,0.08985479775022391
2025-06-09,0.06537028034869669,0.0486772400419,0.06773450555976318,0.06739785990169395,0.07352074087000292,0.07530006001710272,0.08140969418937172,0.08026288449764252,0.10396745055913925,0.07851331365638803
2025-06-10,0.10276263562926556,0.0653702803487,0.07694291894000163,0.07638955268920451,0.08055733338043812,0.07535299618776267,0.0797622053193696,0.077664315700531,0.09950858354568481,0.08088255796614177
2025-06-11,0.07339292669054423,0.102762635629,0.09955935627148672,0.10270392064604614,0.09906311346280572,0.0890288867209672,0.09929677256629758,0.09532088786363602,0.10279920697212219,0.09825316350048022
2025-06-12,0.1049352321507281,0.0733929266906,0.07942888696032685,0.07451492680279012,0.08415255124699916,0.08476136435860876,0.08429600789673766,0.0895657017827034,0.09590180963277817,0.08466017838299202
2025-06-13,0.06210278231285938,0.104935232151,0.09730600694939678,0.09676295135004555,0.10264502130036247,0.11013991114646962,0.10860315595661342,0.09431272745132446,0.12081693112850189,0.10436952932610202
2025-06-16,0.08015301230426715,0.0621027823129,0.07568802984262668,0.073977972365963,0.08173165925366059,0.09142898960360006,0.08808497618622799,0.0816214382648468,0.11248014122247696,0.08643045810562887
2025-06-17,0.10956146252326135,0.0801530123043,0.08620337180735543,0.08712677470776586,0.09440226325017592,0.11062700078061848,0.10060053902461379,0.08299241960048676,0.1310655027627945,0.09900255313340153
2025-06-18,0.10931840787080463,0.109561462523,0.10217963062474222,0.10441548707674334,0.10563354088843321,0.11310667649852402,0.10913969381075211,0.09615285694599152,0.15111450850963593,0.11167748490783176
2025-06-20,0.11147495340071867,0.109318407871,0.10458178825878374,0.10880854562633507,0.10752223896192897,0.11332697805662716,0.10913969381075211,0.10258617997169495,0.15794846415519714,0.11484484126304559
2025-06-23,0.05138031130952011,0.111474953401,0.10619129015274195,0.09937920408212905,0.1065146981171951,0.10856639134647274,0.10611519184491643,0.10481631755828857,0.12906377017498016,0.10866383761096057
2025-06-24,0.051076697556987766,0.0513803113094,0.07374310466038603,0.07290923068287247,0.07792813011315619,0.08056194094972483,0.0860269819155691,0.080153688788414,0.09099991619586945,0.08033185618657031
2025-07-03,0.07700047651976187,0.0374594834255,0.0633872671792587,0.06076838560923262,0.06959268368114616,0.07251652120107972,0.07805485672921611,0.058090563863515854,0.0662601888179779,0.06695292386877529
2025-07-07,0.07105975721643018,0.0770004765197,0.08188816219063119,0.08465063054830169,0.08774160449772761,0.0936748739637484,0.09133015167431778,0.06839902698993683,0.08014528453350067,0.08397567634259488
2025-07-08,0.05620069637505927,0.0710597572164,0.07610757969144803,0.07547389394130286,0.0819968510805585,0.08760615231703743,0.09027168417345154,0.07434713840484619,0.08012531697750092,0.0808469452265922
2025-07-09,0.04180919467249614,0.056200696375,0.06441346603489567,0.06476852085020024,0.07184801394676218,0.07849247299948892,0.07907572852728725,0.07026799023151398,0.0752803385257721,0.07202093301656005
2025-07-10,0.05994880385054234,0.0418091946725,0.05610071613056943,0.05452118419318443,0.06530470204048529,0.07255338672229564,0.0798931876628888,0.06261084973812103,0.0753045603632927,0.06661265526440532
2025-07-11,0.0608141063263878,0.0599488038506,0.067154232943156,0.0662383819472332,0.07509181579102697,0.08003955954798005,0.0830282731489231,0.06708745658397675,0.08705597370862961,0.07509938481013223
2025-07-14,0.07062773571383413,0.0608141063263,0.06645085930531612,0.06533566125044629,0.07631827738969472,0.09045356286501784,0.0910020267419719,0.06925499439239502,0.09533844888210297,0.07916483297527784
2025-07-15,0.12923712549177965,0.0706277357139,0.07159240758298507,0.07474910216834398,0.08115619247663061,0.09249043800190243,0.09133015167431778,0.07339887320995331,0.09894585609436035,0.08338043160121336
2025-07-16,0.049957647365900644,0.129237125492,0.10756471350318769,0.11155573815542985,0.10832679361731595,0.10799960400315337,0.10856749757852531,0.09931565821170807,0.09934835880994797,0.10609690912560975
2025-07-17,0.04504643725782584,0.0499576473659,0.06635875871372846,0.06418092524595444,0.0741960623288876,0.08051919323142402,0.08063684378775071,0.07829135656356812,0.08535270392894745,0.07564797768575156
2025-07-18,0.0413826051431439,0.0450464372578,0.06270329334364451,0.06334121541290791,0.07139972932589135,0.07713062328534212,0.08063684378775071,0.064613938331604,0.08424603939056396,0.07201024041110064
2025-07-21,0.06948485354192811,0.0413826051432,0.059416294110551486,0.05915732033480331,0.06921586677676403,0.07739023669965427,0.08063684378775071,0.058627899736166,0.08661709725856781,0.07015165124346537
2025-07-22,0.05724161062438408,0.0694848535419,0.0741210628827576,0.07527311358197455,0.08093390054049086,0.08708025287391122,0.0830282731489231,0.06886838376522064,0.09193193912506104,0.08017670370261985
2025-07-23,0.04853587551305611,0.0572416106243,0.06262738943092579,0.060231770513452576,0.07120637274799752,0.07649768765546977,0.08223289413379868,0.06755179166793823,0.08316412568092346,0.07193029026150086
2025-07-24,0.030348879785758814,0.0485358755131,0.057828061261462546,0.057345608101901674,0.06708584824082064,0.07376572528727336,0.07153449429782624,0.06286841630935669,0.07466411590576172,0.06644175277205755
2025-07-25,0.039158529439838774,0.0303488797858,0.04718820185799422,0.045791318596514786,0.0582584587304356,0.06311907757703686,0.06145596755537059,0.054179660975933075,0.0664064958691597,0.05662845445177783
2025-07-28,0.054995729794186744,0.0391585294399,0.051638925106070245,0.052365345762998006,0.062047353341042964,0.0672339114648072,0.07591033065860184,0.054469890892505646,0.06914845108985901,0.06183060118798356
2025-07-29,0.09269046992072917,0.0549957297942,0.05892050758041999,0.05971347257046324,0.06914617548977742,0.07584590330994134,0.07864509389343444,0.06081949919462204,0.07925983518362045,0.06890721246032556
2025-07-30,0.10888780738567932,0.0926904699208,0.08117583003773324,0.08386530278470032,0.08693602759176275,0.08784669250756286,0.07929973621219766,0.0780596062541008,0.09432957321405411,0.08450182408601595
2025-07-31,0.11533641103775165,0.108887807386,0.09389800862733276,0.09800921039897395,0.09755166770830327,0.09889315959644812,0.0908753785927504,0.09172138571739197,0.10129114985466003,0.09603428007083721
2025-08-01,0.05885157004596224,0.115336411038,0.10322685110325908,0.10519426483826463,0.109491561890206,0.1209859619766356,0.10641760009869852,0.10009121149778366,0.10935185849666595,0.10782275855735905
2025-08-04,0.07684175918090631,0.058851570046,0.07495129569201486,0.07252999341571893,0.08144623222875065,0.09340921671222333,0.0800771784912606,0.07985617965459824,0.08664143085479736,0.08127307529276628
2025-08-05,0.08253770925657436,0.0768417591809,0.08595752688922123,0.08900078739891422,0.09114116869474582,0.09823871700527162,0.0872704055512991,0.07834344357252121,0.0860457718372345,0.08799968870702966
2025-08-06,0.10193102468414215,0.0825377092565,0.08824341283265345,0.08743493829131091,0.09098914181559155,0.09065869650817915,0.08589994419415557,0.08133969455957413,0.0853097140789032,0.08712507746862398
2025-08-07,0.0613177836002183,0.101931024684,0.09796617342451677,0.09983924057075157,0.09908479336311742,0.09668113036772066,0.10045551666586934,0.09089738875627518,0.09196490794420242,0.09669845015606475
2025-08-08,0.06800450940417996,0.0613177836003,0.07287066176104297,0.06973073056860045,0.07729732166029285,0.07484810283498322,0.07293545329780686,0.0778900608420372,0.07833537459373474,0.07484395793692833
2025-08-11,0.06639232798155222,0.0680045094043,0.07704354803883749,0.077697732510142,0.08155253295105083,0.08118490765621482,0.07801764548346578,0.07528934627771378,0.08117519319057465,0.07885155801542847
2025-08-12,0.05894595859065827,0.0663923279816,0.07547222592625324,0.07692653194967483,0.07849207208164581,0.07208283089280404,0.06345598668349475,0.07440049201250076,0.07635460793972015,0.07388353535515622
2025-08-13,0.062189678460239685,0.0589459585906,0.06991202662153248,0.07076245685624807,0.07374459741734882,0.0713803873338607,0.06781518811306238,0.07126124203205109,0.07149750739336014,0.0709104865382091
2025-08-14,0.06775176646450187,0.0621896784602,0.0688305742590424,0.06785147428073697,0.07358692089184755,0.0720889709688925,0.06611870982322936,0.0703975036740303,0.0757441520690918,0.07065975799526727
2025-08-15,0.05291869814517738,0.0677517664645,0.07214849418464352,0.07440154618548056,0.0769274280093993,0.0724509562815794,0.07214248211619931,0.07246246188879013,0.08097054064273834,0.07450055847269009
2025-08-18,0.07693148214659587,0.0529186981452,0.06330836300181188,0.06365133206081017,0.07005048850036737,0.06806059333835157,0.07845194821080174,0.06757774949073792,0.08198525011539459,0.07044081781689647
2025-08-19,0.10693730855758621,0.0769314821467,0.0766802653987367,0.07641743160217368,0.08138164271133234,0.07763681757219937,0.07136169002745615,0.07468515634536743,0.08937513828277588,0.07821973456286309
2025-08-20,0.09837414222208395,0.106937308558,0.09584495559615805,0.09869224982670885,0.09710159514140634,0.0917200368910421,0.08757327900141551,0.09023480862379074,0.09839948266744614,0.09422377253542398
2025-08-21,0.13601152501829541,0.0983741422221,0.0939021306679042,0.09431138332642189,0.0964658622290894,0.09695892400150702,0.0928363409433702,0.09345994889736176,0.1057240217924118,0.09623694455115232
2025-08-22,0.041332509219918406,0.136011525018,0.11847463870699831,0.09462875273675217,0.1109344105447711,0.09238857671835388,0.09357116198370068,0.10519468784332275,0.08710025995969772,0.10032749835622809
2025-08-25,0.05608235666044714,0.0413325092199,0.0679077780958422,0.06969280602417634,0.07075177219856171,0.06574814380811023,0.06628385576886181,0.07430567592382431,0.07388503104448318,0.06979643755197996
2025-08-26,0.04328414086222158,0.0560823566603,0.07422759995688641,0.0728606782391383,0.07566476843066453,0.06696895347565532,0.07492201188489904,0.06602100282907486,0.0819065272808075,0.07322450601387513
2025-08-27,0.05469081930199254,0.0432841408622,0.0630678016738697,0.06225395931710003,0.06765555020589713,0.06649171041414799,0.06608852750493277,0.058148473501205444,0.08256787806749344,0.06661055724066378
2025-08-28,0.07558094555406408,0.054690819302,0.06601585828616267,0.06634875699843767,0.06986426336834833,0.06473598991742656,0.06200772153551841,0.05976684391498566,0.07330677658319473,0.06600660151486773
2025-08-29,0.08339388647887805,0.0755809455541,0.07276490470833531,0.07417752714253464,0.07733729040710556,0.07678389871940516,0.0738275379056587,0.06759800016880035,0.07942187786102295,0.0745587195589804
