date,target,persistence,har,shar,har_rv_iv,har_x_lasso,hgb,lstm,lstm_x,combination
2022-10-13,0.19533649263621686,0.301046489396,0.21227565698550716,0.21118496338202494,0.21128478062395753,0.2101785165305377,0.17452978187736792,0.18872803449630737,0.1958465874195099,0.20057547447360177
2022-10-14,0.18649232735675858,0.299432320538,0.22011745629124385,0.21657293821516346,0.2217952412617673,0.20470009120447905,0.17133620547080622,0.19894668459892273,0.21623176336288452,0.20710005434360962
2022-10-17,0.18889165231905936,0.169466832096,0.1741464906118513,0.17452301438181983,0.17461276348778865,0.1753651358095743,0.15735461101105924,0.19523417949676514,0.2144276201725006,0.18080911642447986
2022-10-18,0.18472033384993544,0.212358224511,0.1897870273338218,0.1883104146932832,0.19127933432726354,0.1879743257468816,0.15735461101105924,0.196433424949646,0.20843324065208435,0.18851033981629142
2022-10-19,0.1829281996700793,0.176343023448,0.17773613839279911,0.17718072979286706,0.17953520564975917,0.1895598895598328,0.16651510586603357,0.1942082792520523,0.2020823359489441,0.18383109778032686
2022-10-20,0.18052243856139435,0.199325348505,0.17856842026495112,0.17873135391606773,0.17918811401449602,0.19117888075639108,0.16984586712294952,0.1928153783082962,0.19651779532432556,0.18383511567249675
2022-10-21,0.1757573514203716,0.213652013516,0.1789065081336176,0.17971289040675842,0.17884548238528208,0.18967711825447198,0.16984586712294952,0.19125336408615112,0.19168099761009216,0.18284603257133186
2022-10-24,0.16984213441553306,0.221448542328,0.18479101275118767,0.18520071060587415,0.18562628875272902,0.19348569390297446,0.16984586712294952,0.19159281253814697,0.1879584789276123,0.18550012351449632
2022-10-25,0.169437907810734,0.132051873527,0.1497874813161744,0.1498943844903518,0.1489038705697016,0.16284715877044853,0.1617320374924812,0.18352431058883667,0.18432796001434326,0.1630024576060482
2022-10-26,0.16565937843894188,0.168870974825,0.16198601136399063,0.16235534310196248,0.16231971107611315,0.16281735836451622,0.15735461101105924,0.18075980246067047,0.18500453233718872,0.16751390995935728
2022-10-27,0.16167243931097522,0.187673550394,0.16780753175551844,0.16677842383142782,0.16871564199536027,0.17392184623818563,0.1687093180562027,0.17990566790103912,0.1832474172115326,0.17272654956989525
2022-10-28,0.162051338017978,0.109464676769,0.13517347365378532,0.13439447472896152,0.13458326493045808,0.14658287357883729,0.162868586559228,0.17164020240306854,0.18275180459022522,0.1525706686349377
2022-10-31,0.16408635652025355,0.150188753629,0.1445506196022749,0.14422695404324723,0.144144673032241,0.15154397829094196,0.16054818741762095,0.16819122433662415,0.1819477081298828,0.156450477836119
2022-11-01,0.16347494962519046,0.158321349353,0.1492034112232972,0.14622697682109254,0.1491892114264084,0.15394238056265985,0.15735461101105924,0.16679106652736664,0.1777019500732422,0.15720137252073227
2022-11-02,0.1513530685242627,0.308059695022,0.20777796800358544,0.20715808307811623,0.21064409733207745,0.20174305735677292,0.1878006326283414,0.17993654310703278,0.17480069398880005,0.19569443935638947
2022-11-03,0.14783949599577156,0.183412364473,0.16534802311147573,0.16604478310670645,0.16723073371328773,0.1576224687220517,0.16422023537397673,0.17939114570617676,0.17284968495368958,0.16752958209819496
2022-11-04,0.13853339260508188,0.2702769426,0.20448154581940567,0.2050935912097356,0.20921468947786676,0.1893521772743464,0.17308304443601466,0.18866939842700958,0.1745520532131195,0.1920637856939283
2022-11-07,0.13950562777406708,0.126554177814,0.1549823507819026,0.15505765562664547,0.15889304796985654,0.15426862523112955,0.1527179554004229,0.18322871625423431,0.17722895741462708,0.1623396155255455
2022-11-08,0.1367995526478554,0.178614656221,0.17371033332278568,0.17375836142063636,0.17829846490488527,0.1658248670669138,0.16422023537397673,0.1839967966079712,0.17773669958114624,0.17393510832547363
2022-11-09,0.13421320288393895,0.166829290479,0.16082456108366483,0.16071171335000634,0.16314727030227386,0.1507415026967213,0.1550597405190024,0.1810457408428192,0.17964231967926025,0.1644532640676783
2022-11-10,0.13032597690777292,0.178631264173,0.16455273465103057,0.16483363945526452,0.16642403066851885,0.1621770912216796,0.16422023537397673,0.17976975440979004,0.17944276332855225,0.16877432130125894
2022-11-11,0.13847987233710232,0.149205677683,0.14785010582125147,0.14856333855328246,0.1497959914520301,0.14667683359756023,0.15955864334988543,0.17737752199172974,0.19635748863220215,0.16088284619970597
2022-11-14,0.1505309586634808,0.136907317339,0.14533847000076333,0.1449127776514117,0.14804396501552283,0.1469989386267213,0.14784573264578005,0.16944798827171326,0.1912725865840912,0.15626577982800052
2022-11-15,0.14699729966666245,0.218249944769,0.17538234160114324,0.17590805474894955,0.1783888000954468,0.1668091963383065,0.15729051022566695,0.17919471859931946,0.1852344274520874,0.17402972129441713
2022-11-16,0.14924877067116954,0.111213620459,0.1365143530198742,0.13549427014492796,0.13819994991308843,0.13527870600128758,0.1538703244585816,0.1677282601594925,0.18160846829414368,0.14981347599877085
2022-11-17,0.14905388609978393,0.131379132109,0.14053530443513312,0.14118816089635594,0.14162888651064928,0.14519562707696465,0.15488909360851294,0.16233043372631073,0.17923453450202942,0.1521431486794223
2022-11-18,0.14850313145990748,0.146180405454,0.14541168915548264,0.14518444018609533,0.1466518858118001,0.1517942064172463,0.159416835266637,0.1618615835905075,0.17730164527893066,0.15537461224381421
2022-11-21,0.14909586873184702,0.0999769659304,0.1281850197442208,0.12851583280009932,0.12895117488196736,0.14156171243435117,0.14445333315909412,0.15336038172245026,0.17331859469413757,0.14262086420518866
2022-11-22,0.151527857698235,0.0781616391448,0.11245853741697479,0.11288442690496994,0.1116678049223826,0.125530584228117,0.1384523196084693,0.14131568372249603,0.16980275511741638,0.1303017302744037
2022-11-23,0.15335659846294505,0.120655007735,0.12772815072099442,0.12856808159345207,0.1278645763462336,0.1366859484649882,0.14634877981334782,0.14088107645511627,0.16708865761756897,0.13930932443024305
2022-11-25,0.15491553082063658,0.0439059498229,0.09697695226433128,0.09721033117494977,0.09617989352784942,0.10990867974897908,0.13355130675716895,0.12726561725139618,0.16501998901367188,0.11801610996262094
2022-11-28,0.15648393739188185,0.0884040092142,0.1083779116566452,0.10736077774490066,0.1071650172446654,0.11513685288386838,0.13461573618322173,0.12442498654127121,0.16454550623893738,0.12308954121335856
2022-11-29,0.15541219947077384,0.120657964486,0.12080617603527441,0.12070948212918887,0.11877152905331662,0.13427378630143358,0.14417463555153434,0.1287393718957901,0.16204115748405457,0.13278801977865606
2022-11-30,0.15315891822041966,0.191034768596,0.1511498568447553,0.1513519383659639,0.15095430310460564,0.15689645081682999,0.14870392819204237,0.14629331231117249,0.16272765398025513,0.15258249194508927
2022-12-01,0.15564827968787706,0.144429607758,0.1372785349705068,0.1364037072184715,0.1379551558263939,0.15028140498700526,0.14634877981334782,0.15124906599521637,0.16330328583717346,0.1461171335211593
2022-12-02,0.15903368234861445,0.121483792454,0.13496851791294817,0.1356668305945234,0.13641602753980558,0.14485451956816708,0.148884849437503,0.15256796777248383,0.1612144112586975,0.1449390177263041
2022-12-05,0.16054418999325137,0.107536808384,0.13268452723295066,0.13051570528953416,0.13443922661460309,0.13790209851900012,0.1468269634958487,0.15103374421596527,0.15891984105110168,0.1417603009170005
2022-12-06,0.16257901191499224,0.130706908002,0.14132084874823164,0.13952376745865697,0.14235944198645464,0.161618933986209,0.148884849437503,0.15352727472782135,0.15883487462997437,0.14943857013926443
2022-12-07,0.1614218162707259,0.14728430166,0.14460887496934782,0.1446368959829692,0.14418974997012363,0.1604980611272855,0.153593863368332,0.15630511939525604,0.15841853618621826,0.1517501572856475
2022-12-08,0.16171925202122842,0.127284882532,0.13683917615002142,0.1374064786125473,0.13573046332868385,0.16015790060305127,0.15235302398435777,0.15451963245868683,0.15785342454910278,0.14783715709806447
2022-12-09,0.16102864981695028,0.114509400749,0.13248727533320576,0.132471684146251,0.13156820893824867,0.15488585407281047,0.15133425483442642,0.15084491670131683,0.15602606534957886,0.14423117991083398
2022-12-12,0.1647312198111639,0.101559507386,0.12814941850780082,0.12866090624920362,0.12671222479578106,0.14962537703346784,0.14191726353493894,0.14623047411441803,0.1558169722557068,0.13958751949875958
2022-12-13,0.15588630876535758,0.261324405192,0.18822814896930726,0.18552202824338795,0.1883416004936774,0.20361210562305854,0.1690869074426697,0.15564316511154175,0.14908580482006073,0.17707425152910047
2022-12-14,0.1426985757443248,0.303124392762,0.21140404310269917,0.20746596762766203,0.21492352499477574,0.20543038768498462,0.16094494400455683,0.1706671416759491,0.1670783907175064,0.1911306285440191
2022-12-15,0.14038641609640728,0.159857457904,0.16700843968249748,0.16488227868894942,0.17065708850709144,0.15737198259981397,0.14204108237491597,0.17011693120002747,0.16395457088947296,0.16229033913468124
2022-12-16,0.13839494176973377,0.162404579875,0.1713619545823829,0.17082682475599234,0.17483186435257295,0.15974956960952164,0.14636234831015194,0.17065581679344177,0.16014541685581207,0.16484768503712507
2022-12-19,0.1376117668042061,0.126647740051,0.16136757592659817,0.1603817097238565,0.16472246300822216,0.14518848846712182,0.13844604843280017,0.16830721497535706,0.15891708433628082,0.15676151212431952
2022-12-20,0.13719147636990425,0.133892538514,0.15513933039925737,0.15528612772902387,0.15718066219534102,0.14384511395769248,0.13950488923467075,0.16504403948783875,0.15812288224697113,0.15344614932154219
2022-12-21,0.1376670361294424,0.117045940238,0.13733281422962273,0.1379978113976941,0.13778333268611553,0.14106668836688896,0.13759495557213697,0.15830814838409424,0.15499408543109894,0.1435825480096645
2022-12-22,0.13669551141915523,0.14650128714,0.1457294720011183,0.1460209957514847,0.14694962557899602,0.14896464235270848,0.13863164162022484,0.1559026539325714,0.1518488973379135,0.1477211326535739
2022-12-23,0.13617881219313818,0.162068745275,0.15029086420999682,0.15138852552326698,0.15074400958472123,0.15140814533675334,0.14213379163874662,0.15562790632247925,0.1527792364358902,0.15062463986455063
2022-12-27,0.13624705979153753,0.109634920411,0.13220566559467029,0.1326056614132557,0.13260178850016968,0.14110793547629535,0.14256404080198307,0.15111804008483887,0.151820108294487,0.14057474859509997
2022-12-28,0.13540114314028076,0.134430983266,0.13978178917158168,0.1376502712774889,0.13984454005423164,0.15168254426963443,0.14055340182340303,0.1501193642616272,0.15098296105861664,0.1443735531309405
2022-12-29,0.13598572474570264,0.0868254290518,0.122322461923834,0.12273325742043595,0.12141539782728498,0.1363933477754293,0.1293463347577926,0.14526459574699402,0.1519092470407486,0.1327692346417885
2022-12-30,0.14103111206431154,0.147962951515,0.14209488795720904,0.14243132127841546,0.14211550165245138,0.15474377549359714,0.14095310935513689,0.14700117707252502,0.1524360030889511,0.14596796798546943
2023-01-03,0.13840502680568506,0.192362416088,0.15852087177076257,0.1579330030777658,0.1591022283967181,0.16534000505834115,0.14786275927032522,0.15215545892715454,0.15293459594249725,0.15626413177765208
2023-01-04,0.1368236700141697,0.192691826531,0.16394228413433404,0.16402641697877068,0.16486764527392023,0.1637534252977897,0.14777271966176764,0.157204270362854,0.15386752784252167,0.15934775565027973
2023-01-05,0.1348254892657364,0.147313904168,0.14995032506381675,0.15065819062173724,0.1512229738525723,0.14880972661481662,0.16041268681067758,0.15734237432479858,0.15975095331668854,0.1540210329435868
2023-01-06,0.13700941816342846,0.175760511684,0.1647739857177034,0.16526277311889953,0.1668499810034812,0.16555375199445627,0.16386617850590673,0.16120392084121704,0.1621919721364975,0.16424322333116595
2023-01-09,0.13813640950916453,0.117554609548,0.14392865210333494,0.14343551814134686,0.14621470580268522,0.14449006592223643,0.1461097301805429,0.15856119990348816,0.16287921369075775,0.14937415510634175
2023-01-10,0.1383675774386341,0.134980847348,0.14579142971479872,0.1462250123361421,0.1471030314249863,0.14411387299144868,0.15327569573258576,0.15714696049690247,0.16615165770053864,0.1514010943424861
2023-01-11,0.13917635047966734,0.0918243115886,0.12521462496602948,0.12548931174829217,0.12584855448428084,0.13062385230139129,0.13302663511836138,0.15106910467147827,0.16580332815647125,0.13672505877804353
2023-01-12,0.1343158423045264,0.188794747361,0.15903617054291094,0.1594178767402643,0.1605493911652534,0.15006316722700844,0.1553908535084004,0.15529745817184448,0.16901631653308868,0.15839589055553868
2023-01-13,0.13905115522868552,0.093476953466,0.12325027460791738,0.12376622600962287,0.12459205116356614,0.11048677549225175,0.13594455742147768,0.14804568886756897,0.18509367108345032,0.13588274923512217
2023-01-17,0.13979043208342695,0.0958831837486,0.1234528158620659,0.12391406837002159,0.12492022758870065,0.10997044913095157,0.13606656105362847,0.1437688171863556,0.18254363536834717,0.13494808208001013
2023-01-18,0.13989126981307448,0.108669753157,0.12683712018412496,0.12406817145030755,0.12759986839773652,0.12508147097415873,0.1513942605941303,0.14113998413085938,0.17597559094429016,0.13887092381080107
2023-01-19,0.1400116514144648,0.121310936475,0.13307958818723697,0.13327422594651864,0.13368521001022177,0.13811239106325696,0.1548368474546959,0.1408134251832962,0.17054492235183716,0.14347808717100907
2023-01-20,0.13938702172905626,0.107239254129,0.12339135699006028,0.12405224056601163,0.12292782552672481,0.11802057174983352,0.14979064716301452,0.13830244541168213,0.16890686750411987,0.13505599355877812
2023-01-23,0.13953246876927106,0.124506109115,0.13103120497688414,0.13186492291336271,0.13143433908119465,0.1343971634910365,0.15408916848351162,0.13849426805973053,0.1668485701084137,0.14116566244487624
2023-01-24,0.1390837153270533,0.128236877444,0.13442542662473492,0.13445027070137755,0.13516320826234968,0.13581864652530373,0.15408916848351162,0.13952434062957764,0.16463586688041687,0.14258670401532456
2023-01-25,0.13893470706555078,0.125956648291,0.13480132727893268,0.13562183245924098,0.13580670277867846,0.12610292005740506,0.15131312418678733,0.140390545129776,0.1635429859161377,0.14108277682956546
2023-01-26,0.1365824943298972,0.152661079543,0.14545347570594497,0.14503517947583114,0.14700801579912898,0.14793852367049073,0.15857864388947907,0.14359010756015778,0.16245529055595398,0.1500084623795695
2023-01-27,0.13560774993333088,0.111401330401,0.1327327840814323,0.13313266499298843,0.13423627958613882,0.13959627556630366,0.15359408452669993,0.14252719283103943,0.16077136993408203,0.14237009307409781
2023-01-30,0.1357841165491443,0.115091540788,0.13326066190815342,0.13350993559442673,0.13486310006484145,0.1395474765565105,0.1543417634978842,0.1420266032218933,0.1577913761138916,0.1421915595653716
2023-01-31,0.13588973624118195,0.104260530976,0.12833385938630773,0.12872188325113934,0.12880892005174116,0.14019333936017422,0.15525879548795163,0.14037835597991943,0.15918952226638794,0.14012638225480306
2023-02-01,0.12808325570076365,0.226371016179,0.1735784805972611,0.17474306302245246,0.17632373313893684,0.17068746058532067,0.15874827792551638,0.15040887892246246,0.1600378155708313,0.16636110139468305
2023-02-02,0.1251858652265758,0.146945614083,0.14766010950287656,0.1484706345932159,0.15038401171042162,0.1456550720645699,0.1450606273178698,0.15097230672836304,0.1621607542037964,0.15005193087444477
2023-02-03,0.12490444138850469,0.167302749123,0.15807937704672542,0.15856553163171427,0.16150446899034665,0.14889624743474508,0.14955010272383726,0.15385904908180237,0.16155162453651428,0.15600091449224077
2023-02-06,0.12547453064322975,0.101501230696,0.13649417285556154,0.13638335705007423,0.13914951723187885,0.1364217876732599,0.1259507068624674,0.15024533867835999,0.16084444522857666,0.14078418936859696
2023-02-07,0.12119324029606932,0.208227730554,0.1774469066948634,0.1785373684420122,0.18130274757943604,0.17390463725407102,0.1603080309204653,0.15775585174560547,0.16216444969177246,0.1702028560468894
2023-02-08,0.12649797790899583,0.142586508915,0.15090917553296646,0.15054363000482063,0.15388648823482495,0.1383533663889776,0.15304251121777357,0.15625852346420288,0.16316071152687073,0.15230777233863385
2023-02-09,0.13954915997556416,0.139864667046,0.14944170221056652,0.14743985933257445,0.15183621416291268,0.15064672407045296,0.15304251121777357,0.15496110916137695,0.16157183051109314,0.1527057072381072
2023-02-10,0.14214044539483617,0.114654154645,0.13792033380900284,0.13845850910009783,0.1390685090020481,0.1524004643027781,0.15706098596794865,0.1512095332145691,0.1611003875732422,0.14817410328138383
2023-02-13,0.1475871224748528,0.087908616273,0.12843102495368863,0.12866766956462458,0.12934292132239245,0.1384206312184709,0.14304731196742626,0.1463455855846405,0.16187816858291626,0.13944761617059423
2023-02-14,0.14613864885325578,0.189530959568,0.15925954728616182,0.15842925737664076,0.16068028384682914,0.1698465836525446,0.16442682304832754,0.15585441887378693,0.16337956488132477,0.16169663985223082
2023-02-15,0.1488238667168731,0.116286494015,0.13420175098734324,0.1346883313132961,0.1356545728454782,0.1421416094517227,0.15164293542768492,0.15541692078113556,0.1765553206205368,0.14718592020388538
2023-02-16,0.14945484169113024,0.111361425439,0.13064076955894294,0.13081907748148247,0.13201430533186412,0.14173061129110637,0.15088054965873454,0.15510715544223785,0.17211617529392242,0.14475837772261294
2023-02-17,0.14838286464074213,0.124193162888,0.1352607780578955,0.1355734242580528,0.1361434375322635,0.14153102371642362,0.15214884002952955,0.15502862632274628,0.1696290224790573,0.1464735931994241
2023-02-21,0.15475005869573685,0.0885173588325,0.12419098429626033,0.12193026069657109,0.12493849811963213,0.1319655162396476,0.13952623143491583,0.1547110676765442,0.16722427308559418,0.13778383307845218
2023-02-22,0.15643032285616748,0.127881583929,0.13237474939110166,0.13201611405343483,0.1314815665352825,0.1607242678847438,0.15999294547431578,0.15464496612548828,0.1645984798669815,0.14797615561876404
2023-02-23,0.15816820919187016,0.117554529183,0.12923067410528002,0.1290470194785303,0.12858937589449648,0.16017647382721484,0.15999294547431578,0.15451371669769287,0.1638377159833908,0.1464839887801316
2023-02-24,0.15759764068475138,0.122454519603,0.13155877641209296,0.13162055809276005,0.13156897953111057,0.14481463645519446,0.15630239763506656,0.15450751781463623,0.1628897339105606,0.1447517999787745
2023-02-27,0.15729615157821503,0.0984673993604,0.12238196385026669,0.12167577463483355,0.12168765187318706,0.1366880575923669,0.1413516208996134,0.15425662696361542,0.1626926213502884,0.13724775959488164
2023-02-28,0.15699363578050546,0.0826959623667,0.11736864754305948,0.11732102949573073,0.11666841577465713,0.13821993119503567,0.14198833408371608,0.15397337079048157,0.16095007956027985,0.1352128297775658
2023-03-01,0.155558871225978,0.119378459225,0.1283546964996569,0.12872191424075058,0.12788575565375623,0.13247499116427397,0.15598814621415794,0.15402355790138245,0.15988411009311676,0.14104759596672783
2023-03-02,0.15457924225445793,0.107111318736,0.12381268698102522,0.1249305358477709,0.12304082442790203,0.14463416858884123,0.15675053198310832,0.15391309559345245,0.15852157771587372,0.14080048873399625
2023-03-03,0.15424830641172307,0.0892700198578,0.1160109939424401,0.11694520848422812,0.11524218639353152,0.1347328883296534,0.14094478180730302,0.15363426506519318,0.15749599039554596,0.1335723306311279
2023-03-06,0.15479560975863235,0.0786308030744,0.11208385338611682,0.11191834054478834,0.1115373962834211,0.11394457015252046,0.13437881438881066,0.15331323444843292,0.15816374123096466,0.12790570720500785
2023-03-07,0.1518726088277027,0.162825676757,0.14403185463851464,0.14049569231809858,0.1445475845091445,0.15055451243252285,0.16118391491538367,0.15392909944057465,0.1554647833108902,0.15002963450930415
2023-03-08,0.15039503181426572,0.11532564947,0.12900881460910146,0.13004896013012085,0.12869749704325706,0.1453224810479767,0.15779408425952138,0.1538824439048767,0.1542147845029831,0.14270986649969103
2023-03-09,0.1479944001909518,0.145539013641,0.14092447438398262,0.13764796348751837,0.14142120961274238,0.1491547854602738,0.1588472210312177,0.15422172844409943,0.15495707094669342,0.1481677790523611
2023-03-10,0.140635552882962,0.218914567533,0.17281703823843259,0.1739844991265979,0.17342065151602698,0.1860651704867335,0.16560294605481365,0.15528558194637299,0.1580818146467209,0.1693225288593855
2023-03-13,0.12666372296511894,0.304103514316,0.21411641116684033,0.2168249458724928,0.21661512793776674,0.22162124910694647,0.16798934018255954,0.15714319050312042,0.16377340257167816,0.1940119524773435
2023-03-14,0.12207990424551947,0.168743227087,0.17155442201797713,0.1720514055133549,0.17227599378291644,0.18387392873466818,0.15616103482989593,0.15735681354999542,0.1757623702287674,0.1698622812367965
2023-03-15,0.11661046499014573,0.202155948183,0.18751787832325012,0.18901555468691475,0.19090790942764263,0.1727007346968169,0.1825791897040359,0.15810568630695343,0.2006409913301468,0.18306684921082292
2023-03-16,0.11187737512235438,0.164278574282,0.1763771565952551,0.17721685155102718,0.17880205284651957,0.17716419401148503,0.14422807363087053,0.1800248771905899,0.19447748363018036,0.17547009849370393
2023-03-17,0.10685316349437858,0.173652986223,0.17632321675828833,0.17544226666505933,0.17964426078155943,0.16897157832606685,0.14635624502222996,0.18096230924129486,0.18966223299503326,0.17390887282707598
2023-03-20,0.10387444083637515,0.127881591652,0.14999208795325011,0.15050246384752214,0.15044993382075536,0.1648723643638637,0.13572333547479123,0.17641399800777435,0.18355266749858856,0.1587866929952208
2023-03-21,0.10321204566173273,0.0933764574384,0.13417902640454984,0.1341330486318447,0.13449616864929514,0.1466609712203173,0.13067025651468445,0.16986843943595886,0.1726386696100235,0.14609236863809624
2023-03-22,0.09363974824795718,0.219926241974,0.1744799089548239,0.17214177899983904,0.17662596438018158,0.17690973149568992,0.1425173988458774,0.17323045432567596,0.16770721971988678,0.16908749381742494
2023-03-23,0.0874345822788512,0.165329578726,0.15707044446006702,0.15623233967119476,0.15841397377067762,0.15956496880425583,0.1580084072338283,0.17229406535625458,0.16568206250667572,0.16103803740042197
2023-03-24,0.08239104010516435,0.159061414627,0.15395776452874815,0.15514761914977315,0.15516060414527488,0.1515690476023514,0.1477553754053716,0.1711144894361496,0.16368992626667023,0.15691354664776272
2023-03-27,0.0811893758527161,0.105884948555,0.13588951632402202,0.135199978741517,0.13703068469209645,0.1444095719264152,0.14215281851854025,0.16665118932724,0.1605372279882431,0.14598156964543915
2023-03-28,0.08059521084637226,0.0877618979229,0.13001895325896096,0.1288414388078859,0.13132404569735873,0.14480594310296044,0.12303788853313727,0.16256119310855865,0.1538711041212082,0.1392086523757243
2023-03-29,0.08288515204598951,0.0695844239131,0.11428649975866806,0.11465313373150887,0.11447011913290887,0.12729903383859767,0.12485369441635716,0.15647833049297333,0.14872781932353973,0.12868123295636483
2023-03-30,0.08303687810633056,0.0695269163622,0.10784009853567209,0.10775381221167826,0.10768324329195249,0.11673468887867673,0.12563887362222448,0.15097342431545258,0.1434975415468216,0.1228745260574969
2023-03-31,0.08445113157594988,0.071362516053,0.10271665166145785,0.10338383095372017,0.10197142339375925,0.11525901811794048,0.12255354122060835,0.14598244428634644,0.13765592873096466,0.11850326262354247
2023-04-03,0.08623723780090362,0.0763078779603,0.10241821991197911,0.10304274712917891,0.10153045878678242,0.11227635810081517,0.12315236334819268,0.14246241748332977,0.1340239942073822,0.11698665128109433
2023-04-04,0.08877615292198238,0.0986648841028,0.11010356240297485,0.10955975118502993,0.10957427635898381,0.10893473998081557,0.11200452962823175,0.1415451467037201,0.12853606045246124,0.11717972381603103
2023-04-05,0.08826814822955786,0.0876811254178,0.10784728983936936,0.10798959981269539,0.10727427916010096,0.10857778987770661,0.11481943083158562,0.14041197299957275,0.12784750759601593,0.11639541001672095
2023-04-06,0.08845309112819742,0.0626171490381,0.10005780010722386,0.10069794929023623,0.09916739564375301,0.09815082676169623,0.11536665165882194,0.13808876276016235,0.12460972368717194,0.11087701570129507
2023-04-10,0.08793568246782191,0.0783506174469,0.10564635760951749,0.10644673318779282,0.10507258087562796,0.11028157204876277,0.11380845566699192,0.1374528408050537,0.1201031357049942,0.11411595369982012
2023-04-11,0.09158041134059838,0.057618825582,0.09834959198369822,0.09824210480052505,0.09731682121322618,0.1288739570826282,0.12825727423455086,0.13551102578639984,0.11697399616241455,0.11478925303763468
2023-04-12,0.09031663984942088,0.118537281113,0.11927833213249653,0.11717179405918716,0.118564830873996,0.12987255854642815,0.13356913956070648,0.13772699236869812,0.11591911315917969,0.12458610867152745
2023-04-13,0.0914220065422653,0.0673065160077,0.10309886006272453,0.10371556498648749,0.10178744613578625,0.11447178759534422,0.10651120750558475,0.13568484783172607,0.11826901137828827,0.11193410364227738
2023-04-14,0.08917241385953618,0.115980495786,0.12222042411047508,0.12101526792849768,0.12203475580249719,0.11991457852452432,0.10848958242666804,0.1376706063747406,0.11654022336006165,0.12112649121820922
2023-04-17,0.09007948903117512,0.0653982176222,0.10662641873417122,0.10684530312405302,0.10621159352722463,0.09351818809326429,0.08574915142088846,0.12638221681118011,0.11452910304069519,0.10569456782163957
2023-04-18,0.08997304736078243,0.0841275269962,0.11457352622717598,0.11396882584317203,0.11448750966261502,0.12244712043280061,0.09497565345756091,0.12629921734333038,0.11014452576637268,0.11384233981900393
2023-04-19,0.09213423574494771,0.0563206942425,0.10239830961294946,0.10272634614981707,0.10171780679406557,0.10641237617830418,0.0877390637443927,0.12367390096187592,0.10679452121257782,0.10449461780771183
2023-04-20,0.09305509518349009,0.0764102606105,0.10944432653413094,0.109744873089695,0.10893934098665775,0.09871030981060883,0.08139560864267643,0.12296970188617706,0.1070469319820404,0.10546444184742663
2023-04-21,0.0929225341345661,0.0937909890999,0.11328415927237209,0.11335235560604136,0.11248940939642728,0.12034995854964434,0.09309118768831234,0.12313900887966156,0.10788594186306,0.111941717322217
2023-04-24,0.09475435707847107,0.0611420301826,0.10374609245938332,0.10373664537109607,0.10279905684531616,0.10548959032956855,0.08897119612068384,0.12114863097667694,0.10663655400276184,0.10464682372935526
2023-04-25,0.09512604916063319,0.0855193379369,0.1117287928480809,0.11008491385986277,0.11082603926293134,0.11856847889880466,0.09038797727973737,0.12099665403366089,0.10341468453407288,0.1094296486738787
2023-04-26,0.09602714834432605,0.0841645936667,0.11356643972332221,0.11293165250957218,0.11186973846904869,0.13397909591806043,0.10784853271317385,0.1209278255701065,0.1062457263469696,0.11533843017860765
2023-04-27,0.09623694551236338,0.0753889195268,0.11095070359281618,0.1110476848198103,0.10930006385995791,0.12401234475524267,0.11082364686521519,0.12041571736335754,0.10844948887825012,0.11357137859066427
2023-04-28,0.09539238675728164,0.112710074243,0.12357927190545197,0.12419762798127906,0.12305592010242408,0.11958387078108268,0.09818588196883545,0.12229099869728088,0.10842150449752808,0.11704501084769746
2023-05-01,0.09559577953865117,0.073230189908,0.11224289134412822,0.11205544091161293,0.11196608573182142,0.10078329421933224,0.0859960819686425,0.1216837465763092,0.10647551715373993,0.10731472255794092
2023-05-02,0.09487618251075873,0.100333888455,0.12142402128693025,0.12028224034311155,0.121304878277662,0.11990136218059201,0.09611599977073144,0.12297941744327545,0.10486191511154175,0.11526711920197777
2023-05-03,0.09376389463647934,0.110567223802,0.12616150650974103,0.12440333395145386,0.12578233823606413,0.12366241274408252,0.10584534518567273,0.12485578656196594,0.1073978841304779,0.11972980104563688
2023-05-04,0.09155771135594425,0.138079637822,0.13855331712865182,0.13874403141140995,0.138504073020505,0.14240650900449808,0.11947205651354352,0.1285400688648224,0.11750438809394836,0.13196063486248275
2023-05-05,0.09136297016880963,0.076152831226,0.11715596694274194,0.11753369271246664,0.11606898577351084,0.1355618388251828,0.11926381963030405,0.12722106277942657,0.1204962432384491,0.1219002299860117
2023-05-08,0.09176783803386676,0.0678767814283,0.11434787026930235,0.1141600021033578,0.11420442078921611,0.12777849517366557,0.09919765200685927,0.12583814561367035,0.11882680654525757,0.11633619892876128
2023-05-09,0.09153051733265796,0.0649788626727,0.11105397376098494,0.1111416278396535,0.11064762418008925,0.12164410134611828,0.0963553615630767,0.12420608103275299,0.11742663383483887,0.11321077193678777
2023-05-10,0.08874737570268318,0.130613806147,0.1323271491691974,0.13197300517537927,0.13215404566241987,0.13407346291820366,0.10616466603970165,0.12693698704242706,0.11913669109344482,0.1261094295858248
2023-05-11,0.08700302551271652,0.0960400153765,0.1186655674427837,0.11885187553012036,0.1183845509224627,0.12403675304372573,0.09781760869307134,0.1264803558588028,0.12131071090698242,0.11793534605684987
2023-05-12,0.08600065558520353,0.0935350836537,0.1191950496183204,0.1190442568685437,0.1190557390442426,0.13191490566869093,0.10079272284511268,0.1262146234512329,0.12106078863143921,0.1196111551610832
2023-05-15,0.09024044694967773,0.0701422396459,0.11214337307448721,0.11222461177624589,0.11195659562088346,0.11634270099093152,0.09377218518214092,0.12483854591846466,0.11715260148048401,0.11263294486337681
2023-05-16,0.09046551165265358,0.0877007458941,0.11856514984496687,0.11857800622044351,0.11864505744147745,0.11961796144594444,0.09335260050854363,0.11718138307332993,0.11492978781461716,0.11440999233561756
2023-05-17,0.09099246696700558,0.0817005131632,0.11335520014079128,0.11385796104023811,0.11283405442055967,0.1181577079654232,0.1105102659050866,0.11667758971452713,0.11269190162420273,0.11401209725868981
2023-05-18,0.08937837749086744,0.106943684448,0.12181578183981248,0.12259171680022386,0.12175205174442356,0.12511980198560527,0.12189326059604931,0.1172301396727562,0.09616386145353317,0.1180809448703434
2023-05-19,0.08859617777661292,0.0970552839154,0.1187758012848541,0.11846672490673958,0.11890615279800207,0.12230044610143231,0.10272307661620855,0.11744814366102219,0.09378205984830856,0.11320034360236678
2023-05-22,0.08830104798220914,0.0909891666866,0.11820956611716814,0.11848808299810204,0.11831928820919754,0.12174333796693179,0.09891240727075512,0.11764713376760483,0.09444671124219894,0.11253807536742264
2023-05-23,0.08649591132367818,0.10468025314,0.12354416776900692,0.1223008891284706,0.12373119991276062,0.1262753218481637,0.11389719181533592,0.11839213222265244,0.09835062175989151,0.11807021777946881
2023-05-24,0.08560226976975085,0.0937852604402,0.12080294224665816,0.12106284435061593,0.12066881182204733,0.1254882329053039,0.10230264579507803,0.11867346614599228,0.10135097056627274,0.1157642734045669
2023-05-25,0.08359860325778178,0.103445089888,0.12348311782511562,0.12371269199734591,0.12299066681427107,0.1297664687598478,0.13426202168832854,0.1192227378487587,0.11278163641691208,0.12374562019293997
2023-05-26,0.08424499689262502,0.0808118487473,0.11538106644371887,0.11576858070631102,0.11505702038295977,0.12195915511044968,0.10760298690554355,0.11875248700380325,0.10677403956651688,0.11447076230275757
2023-05-30,0.08305285973061735,0.0964617748109,0.12050616097136818,0.1201084398110855,0.12062326075448888,0.12465948205614653,0.10082293236116033,0.11903776973485947,0.09842099994421005,0.11488272080475984
2023-05-31,0.08280823805618376,0.0786029173462,0.11338387661876552,0.11324885736270673,0.1132970956544295,0.11907464814150491,0.10229803835105475,0.11836234480142593,0.09226728230714798,0.11027602046243364
2023-06-01,0.08104348146380953,0.0847854053416,0.11464764090794324,0.11528127477840579,0.11454199598484568,0.1205557697736617,0.10674234939338942,0.11805299669504166,0.09103847295045853,0.11155150006910657
2023-06-02,0.07940879990229849,0.0884242472436,0.114835077120016,0.11533021106105168,0.11500951806194372,0.11943400382337704,0.07559492113993678,0.11776923388242722,0.08712027221918106,0.1064418910439905
2023-06-05,0.07748502302450248,0.102372185574,0.12064964036001448,0.11990834593647007,0.12118569633273216,0.12333830439798038,0.08572433889687249,0.11817271262407303,0.08530306071043015,0.1106117284655104
2023-06-06,0.0775122961902799,0.071071708152,0.10955823352168409,0.11007411926270161,0.10968995752781943,0.11503029775280216,0.07395470559469915,0.11712833493947983,0.08608836680650711,0.10307485934367049
2023-06-07,0.07703806618408902,0.0785129086411,0.11185333185303814,0.11163629495543748,0.11217053963556647,0.11671883091474763,0.0688660321521468,0.11665020138025284,0.08421976119279861,0.10315928458342685
2023-06-08,0.07811131113065048,0.0575216673566,0.1035607943189864,0.10396245053710093,0.1036362863996162,0.11045016124073381,0.07142474423965527,0.11540962010622025,0.08310244232416153,0.09879235702378206
2023-06-09,0.07748920814382401,0.0807678727331,0.1101968063574116,0.11010229638578947,0.1104086242103221,0.11630848709733488,0.07232766195882631,0.11524408310651779,0.08249986916780472,0.10244111832628669
2023-06-12,0.07745522201344775,0.0527798199393,0.09857326892115945,0.09901493737438537,0.09831451549225736,0.10769214504311694,0.08060290414546327,0.11370550841093063,0.07766865938901901,0.09651027696804745
2023-06-13,0.07716373781717471,0.0714641479428,0.10452827155615291,0.10495475490907079,0.10415230551018134,0.11453170131611186,0.10352534346926466,0.1131846234202385,0.07874738425016403,0.10337491206159773
2023-06-14,0.07125853911373037,0.143567647397,0.13103269136509182,0.13147454870518535,0.1314277289964186,0.13461383502115243,0.10141691437528001,0.11567311733961105,0.08368418365716934,0.11847471706570123
2023-06-15,0.06961711140210458,0.0924418845613,0.11684323701188756,0.11764969776652269,0.11735416133035517,0.10868713341583744,0.09120023305951935,0.1226542741060257,0.08569561690092087,0.10858347908443841
2023-06-16,0.06812493933152117,0.0931826111492,0.11787643730450732,0.11729544477631734,0.11839258730364646,0.1091422359309076,0.08899317795247008,0.12306919693946838,0.08528784662485123,0.10857956097602406
2023-06-20,0.06801424665143208,0.0729597376956,0.11298834854104198,0.11267108756638981,0.11361973231221931,0.10407131406271578,0.08044200115918493,0.12294726073741913,0.07788965851068497,0.10351848612709369
2023-06-21,0.0678701367816497,0.0805995258307,0.11609770763753335,0.11596615406407632,0.11665488447237018,0.10772479867652618,0.0948761096010137,0.12312199175357819,0.07903707772493362,0.10763981770429022
2023-06-22,0.0670005080202131,0.0847506222696,0.11351529010857428,0.11420795783429968,0.11382468621251973,0.09902459792207802,0.08332449767410507,0.12288418412208557,0.07953276485204697,0.10375913981795848
2023-06-23,0.06628402523656209,0.0658162215385,0.1059785644294615,0.10626856321691522,0.10610845311292745,0.10091546220334188,0.08533469082706537,0.12200142443180084,0.0771479383111,0.10053644236180174
2023-06-26,0.06834195353323755,0.0746056249237,0.10761091468309972,0.10732200006671319,0.10756853748259182,0.10362555068812775,0.08810786650294429,0.12144774198532104,0.08004074543714523,0.10224619383513471
2023-06-27,0.07041761802253184,0.0598449833925,0.10231515788257046,0.10283014370148365,0.10201544685831353,0.10107209979122916,0.08967865786030528,0.12053878605365753,0.08199281245470047,0.10006330065746573
2023-06-28,0.06992298687759269,0.0938557863345,0.11380678472796779,0.1143869242028045,0.11381850042858459,0.10391248292738424,0.0892349487267176,0.12087894976139069,0.08411753922700882,0.10573659000026546
2023-06-29,0.06988397891996706,0.0715303583633,0.10603650389033617,0.10645975185220793,0.10591272823198401,0.10293371119901853,0.09170240757598189,0.1203366369009018,0.08416756242513657,0.10250704315365242
2023-06-30,0.06919858022220976,0.0729820594845,0.1070791897825326,0.10727447905819802,0.10699007723605061,0.10003591296358462,0.08999889471344483,0.12007278203964233,0.08462368696928024,0.10229643182324762
2023-07-03,0.07094787341298653,0.0334101558341,0.09225778699590707,0.09254160015895643,0.09177259578789897,0.08408311648447175,0.08804187488614046,0.11850002408027649,0.07460164278745651,0.09168552016872966
2023-07-05,0.0725282078573676,0.0480706916708,0.09619957115955415,0.09649600540873975,0.09558927281852794,0.09717098646062655,0.08258290382210769,0.11771591007709503,0.07520567625761032,0.0944229037148945
2023-07-06,0.0753087087574068,0.0643557417333,0.09940027110476435,0.09961864917411886,0.09852597587307742,0.10396283819518176,0.08650520798221381,0.11732351779937744,0.07868961244821548,0.09771801036813559
2023-07-07,0.07557857379464315,0.0716935165748,0.10183716339450928,0.10201120337553374,0.10078169525389566,0.10535401641972321,0.08408141954131745,0.11718188226222992,0.08612079173326492,0.09962402456863917
2023-07-10,0.0763121944198273,0.0680083525596,0.10037538775539756,0.10069646254407479,0.09936090703640839,0.11147285201260794,0.09018108452370815,0.11695463955402374,0.08895546942949295,0.10114240040795908
2023-07-11,0.07675935473315237,0.082495582936,0.10813433973473749,0.10862859638797112,0.10743972780312482,0.11419267862027366,0.08675109169790392,0.11753208935260773,0.09932293742895126,0.10600020871793857
2023-07-12,0.08010004096955955,0.0670123776789,0.10454724192874312,0.10448824990923904,0.10394830614011885,0.11446529474669434,0.09203783094767913,0.11766926944255829,0.10465157777070999,0.10597253869796326
2023-07-13,0.08185301166226884,0.0517216028284,0.09909543417684774,0.0994813760858441,0.09858798342249465,0.10665741788395594,0.08440939116683614,0.11723731458187103,0.10540162771940231,0.1015529350053217
2023-07-14,0.08205429332178495,0.0645033006384,0.10252689176979125,0.10227850748283165,0.10201924795261148,0.10292154213559235,0.08836195440618479,0.11726595461368561,0.11047440022230148,0.10369264265471409
2023-07-17,0.08377215171951452,0.0469674950982,0.09579435047132835,0.09623555795628878,0.09510277323219903,0.09939710827569594,0.08258290382210769,0.11663085222244263,0.11220026761293411,0.09970625908471378
2023-07-18,0.08574470776109602,0.0607414264863,0.09821144696585919,0.09877661521323591,0.0973043993654312,0.09110233278595287,0.08142354853985068,0.09574728459119797,0.08962781727313995,0.09317049210495254
2023-07-19,0.08709966967943426,0.0660815205525,0.09992767380187807,0.10012195561499906,0.09902355558428894,0.09406209761707078,0.08186957018932926,0.0957292914390564,0.0879620909690857,0.0940994621736726
2023-07-20,0.08814920602820969,0.0707577662593,0.10276100246611411,0.10261527452032834,0.10191180753705303,0.10191033050684989,0.08471185990348218,0.09631001204252243,0.08700545132160187,0.09674653404256454
2023-07-21,0.08849788593851132,0.0780067668046,0.10589108019448376,0.10558214312034891,0.1051549457108388,0.11225987107623697,0.08789979000335324,0.09744720906019211,0.08689433336257935,0.10016133893257617
2023-07-24,0.08962788108815782,0.0686995833133,0.10452229124065301,0.10459022324745652,0.1039494242894824,0.09133192895043385,0.08142354853985068,0.09789422154426575,0.08932994306087494,0.09614879726757387
2023-07-25,0.09016313213537558,0.0482323281222,0.09751005581665827,0.09755157950395775,0.09673265842683361,0.09546447279315781,0.08060392712073235,0.09650533646345139,0.09157809615135193,0.09370658946802043
2023-07-26,0.09009710377021672,0.106696120384,0.1181659446693841,0.11873609370269571,0.11788155498868932,0.11207765807407977,0.09972301184281143,0.10038799047470093,0.09283134341239929,0.10854337102353721
2023-07-27,0.09421655018554649,0.0981315782866,0.11724003239857382,0.11514537647023781,0.11726131039489944,0.11791012553392063,0.08789979000335324,0.10288002341985703,0.09478208422660828,0.10758839177820718
2023-07-28,0.09397668340862216,0.0857388774869,0.11379709843407765,0.11439789046395789,0.11364076392242767,0.10320103008676298,0.08174203729140028,0.10385692864656448,0.09629462659358978,0.10384719649125439
2023-07-31,0.09453288634795617,0.0707252917946,0.10938865489459455,0.1098701080899721,0.10934753895025735,0.10039509658370668,0.08471185990348218,0.103431336581707,0.09606310725212097,0.10188681460797726
2023-08-01,0.09576157336564599,0.0576585978267,0.10603728964801365,0.10576407783929544,0.10593340780166377,0.10031044595771789,0.0841566704026095,0.10226266831159592,0.09385901689529419,0.09976051097945578
2023-08-02,0.09542834984551918,0.0791488502192,0.11081818650537861,0.11030188999814335,0.110561879156472,0.10631376719346011,0.09690811307589534,0.10254235565662384,0.0932370275259018,0.10438331701598214
2023-08-03,0.09537841823851767,0.0840971786353,0.11117110517219175,0.11156040636744818,0.1104908672986542,0.10692580165558209,0.09406582336174242,0.10291139036417007,0.09494251012802124,0.10458112919254428
2023-08-04,0.09312971472392687,0.113021837571,0.12166350784889982,0.11999777366782739,0.12128203525582537,0.11798452929389651,0.1112282910145662,0.10575283318758011,0.09936206042766571,0.11389586152803731
2023-08-07,0.09354951097495058,0.0774277958066,0.11102090531618306,0.11140897087872029,0.11044689871405955,0.11788240745852993,0.10185805598137261,0.1052589938044548,0.09895619750022888,0.10811891852193559
2023-08-08,0.09362687102086024,0.08345759537,0.11456756637431773,0.11455991142573696,0.11444198299991504,0.11576669061440584,0.09747329523138096,0.10578452795743942,0.09940484166145325,0.10885697375209273
2023-08-09,0.09283779926251806,0.0907905235332,0.1175153428122025,0.11643485071012331,0.11740956939442554,0.11984556922543946,0.09802848473225363,0.10679342597723007,0.10075758397579193,0.11096926097535235
2023-08-10,0.08988785823727696,0.124479063589,0.13047193865893644,0.12994213502445345,0.13068176545921623,0.1351498921229276,0.11708755815045262,0.11059635132551193,0.10166415572166443,0.12222768520902325
2023-08-11,0.08890099876696775,0.0929354735888,0.11922476867219947,0.11982578639602245,0.11925916790749125,0.11993724971172987,0.09802848473225363,0.11062929779291153,0.1066514253616333,0.11336516865346306
2023-08-14,0.08937448342294796,0.069667051141,0.11140772187870042,0.11188812980731311,0.11146249988599388,0.11607879161636238,0.10251072222541244,0.10886736959218979,0.10700264573097229,0.10988826867670633
2023-08-15,0.08810349075868901,0.0904883361024,0.11821110247804553,0.11705035763506882,0.11848787770425485,0.11014319463884437,0.09273271916449602,0.10926937311887741,0.10312199592590332,0.1098595172379272
2023-08-16,0.08656917489637983,0.103496533774,0.12211321512317237,0.12195652347520958,0.12220636935590953,0.1068508289284519,0.11125248135665324,0.10324689745903015,0.12053321301937103,0.11545136124539968
2023-08-17,0.0849077712083152,0.0963582684174,0.11783862230581206,0.11762100514192857,0.1175110096957002,0.12754062573703817,0.11237213999814229,0.10322727262973785,0.12919683754444122,0.11790107329325719
2023-08-18,0.0837663627383522,0.0941763922323,0.11711423780467363,0.11760068574556969,0.11657765781786664,0.1159403131504109,0.099842616902625,0.10299476981163025,0.13105031847953796,0.114445799958902
2023-08-21,0.084720584641368,0.085898281724,0.11555537323844607,0.11594260553576649,0.11529973318492286,0.11430349563582934,0.10096555525975735,0.10216140747070312,0.1102960854768753,0.11064632225747151
2023-08-22,0.08435523277512308,0.0945861462136,0.1184626376778483,0.11784508470199431,0.11837767652670571,0.13109118765948208,0.11039163738912182,0.10270875692367554,0.11202472448348999,0.1158431007660454
2023-08-23,0.08619678028959783,0.0659337346611,0.10702387475926689,0.10748112340316579,0.10656830733832484,0.1052568576618567,0.09902610557741483,0.09880940616130829,0.10791251063346863,0.10458259793354371
2023-08-24,0.08658816374536418,0.10551831141,0.1197146895853711,0.11801982383990682,0.1198086901519165,0.12278410874258971,0.12374805402491329,0.10117703676223755,0.10698452591896057,0.11603384700369936
2023-08-25,0.08198517424810416,0.159920234179,0.14084080630858706,0.14200605038645164,0.14128473181635184,0.13146489214510726,0.12020013748343367,0.1109466552734375,0.10936686396598816,0.12801573391133675
2023-08-28,0.0848083688930096,0.0800199207742,0.11562810683834397,0.11559994818074981,0.11603854985786896,0.1138602457412677,0.10840050072936422,0.10779725015163422,0.10148854553699493,0.11125902100517482
2023-08-29,0.08789440226237391,0.0848758388002,0.11649337964869966,0.11687864964185025,0.1169588043364719,0.10451165787501783,0.10338035493314063,0.10587145388126373,0.09634681046009064,0.1086344443966478
2023-08-30,0.09031507310048528,0.0907445473806,0.11989713397363885,0.12021442548675632,0.12076101146414421,0.10836132505665555,0.10620491438991773,0.10570091009140015,0.0917825996875763,0.11041747430715558
2023-08-31,0.09402458394050144,0.0701901127459,0.11106253155213143,0.11048511861024597,0.11176513944884617,0.0987248202803131,0.09036345520789328,0.10228875279426575,0.0866243839263916,0.10161631454572675
2023-09-01,0.09617594755827676,0.0828991097341,0.10983484529219144,0.10854466267592575,0.11012845966969231,0.10015361238414136,0.10335200970180175,0.09978741407394409,0.0859525054693222,0.10253621560957413
2023-09-05,0.09976438294304435,0.0622258695746,0.1022968995195913,0.10215419504471418,0.10247691735764658,0.08556587351489438,0.0983620272432516,0.09526655077934265,0.08475993573665619,0.09584034274229955
2023-09-06,0.10112501012998515,0.0874115300427,0.11043252023958529,0.10983580197873036,0.11053393281361588,0.10660236643279128,0.11157490884599039,0.09531167149543762,0.08958855271339417,0.10483996493136358
2023-09-07,0.10352320885776291,0.0852598948424,0.10935812216107046,0.11010527995113595,0.1093191790992273,0.10920053498479076,0.11114115807441499,0.09511762857437134,0.094734787940979,0.10556809868371284
2023-09-08,0.10463817791037457,0.071785131143,0.10531896932439913,0.1055566934533331,0.10516884407926978,0.11049337779154764,0.11010704019648157,0.09357157349586487,0.09603911638259888,0.10375080210335642
2023-09-11,0.105523038372255,0.0646174054731,0.10197673782733502,0.1019440751825441,0.10179734118440971,0.0992478880281737,0.10783481304774574,0.09138479828834534,0.09590156376361847,0.10001245961745316
2023-09-12,0.10607404840275494,0.0702265849949,0.10450864039607861,0.10455635791394587,0.10441001544690179,0.11121731812743116,0.10617895952878088,0.09071581065654755,0.0963129997253418,0.10255715739928965
2023-09-13,0.10689042673187342,0.0814010001605,0.10763995444212034,0.10767816041209342,0.10744053042313986,0.10711298048628576,0.10581806249552364,0.09151525795459747,0.09918524324893951,0.10377002706610002
2023-09-14,0.10980861812381758,0.0587460781864,0.09884918815402564,0.09933692779152811,0.09853377283061376,0.09030332750991321,0.10638441831628685,0.0889105498790741,0.09655815362930298,0.09698233401582067
2023-09-15,0.11061962954348564,0.0712984475927,0.10237779637690976,0.10111504120553519,0.1023001485120501,0.08432196528180441,0.08851455392981507,0.10509716719388962,0.1018952950835228,0.09794599536907526
2023-09-18,0.11237375502587958,0.0574645529713,0.09779300678148853,0.09792033051714431,0.0973633176754612,0.0910771777640107,0.08798954214922647,0.10410801321268082,0.09558097273111343,0.09597605154730363
2023-09-19,0.11528833452885509,0.0694704618219,0.1015970496927467,0.10176763079351792,0.10109132518234913,0.10283731235238659,0.08967836292219089,0.10388191789388657,0.09231720119714737,0.09902440000488931
2023-09-20,0.12023820076789074,0.103705194903,0.11370803056599088,0.1097726621949588,0.11346189847215077,0.11495448288220214,0.10444084198318367,0.10533282160758972,0.08858416229486465,0.1071792714287058
2023-09-21,0.12236049283647563,0.08746041151,0.11057037541212768,0.11073190983029678,0.11023049627453486,0.10168650754421253,0.09099068449333969,0.10594827681779861,0.08892016857862473,0.10272548842156214
2023-09-22,0.12412363937583687,0.104608459109,0.118098580363027,0.118396610564548,0.11755772565582162,0.12344071171868368,0.11380521968114386,0.1074918881058693,0.0895741656422615,0.11262355739019357
2023-09-25,0.12384591292421725,0.112045716479,0.12387290821363132,0.12482385616698066,0.12376177677581195,0.12310196719988571,0.1065528588528161,0.10953449457883835,0.09271963685750961,0.11490964266363911
2023-09-26,0.12449358505451115,0.096331271711,0.1208230059341333,0.12014793636690071,0.12082868566217897,0.13193156687109242,0.09822107671326614,0.11056525260210037,0.09417044371366501,0.11381256683761956
2023-09-27,0.12574733655786433,0.127639692551,0.13231517191814968,0.13263305463311842,0.13203457453366035,0.16055537446051388,0.12396674846969917,0.11278573423624039,0.09483476728200912,0.12701791793334155
2023-09-28,0.12532100665257204,0.13563260973,0.13779108549789565,0.13847160914814755,0.1380636528505248,0.13546679031924225,0.11734908987528771,0.11527981609106064,0.0977637842297554,0.12574083257313057
2023-09-29,0.12419146086289347,0.131505471221,0.13810656146560357,0.13746694449182245,0.13882531373997417,0.13312493351536223,0.1168836202848218,0.11721763759851456,0.09723485261201859,0.12555140910115964
2023-10-02,0.12260838406269613,0.1388764235,0.14199017859756247,0.14267866515635233,0.1428656733404711,0.14255800158936174,0.11898172743543751,0.11930585652589798,0.09611079841852188,0.12921298586622929
2023-10-03,0.12252661174799538,0.124359410457,0.13911437770313007,0.13690030854767865,0.14005329322773713,0.1380823160115022,0.10981147083873875,0.12054481357336044,0.09455155581235886,0.12557973367350087
2023-10-04,0.11986896715579892,0.136519457826,0.14326078424287697,0.14362152810940998,0.14376178448210264,0.15473330648552702,0.11920970057611394,0.12211921066045761,0.09335524588823318,0.13143736577781734
2023-10-05,0.11853826426220691,0.115675505401,0.1352002603037062,0.1351998546384769,0.13590477285338926,0.12837769713632763,0.11561381055781045,0.1222369447350502,0.09638453274965286,0.12413112471063048
2023-10-06,0.11582224656447827,0.132573672859,0.14033460483707189,0.1412939913216617,0.14122078358199444,0.1295223516969909,0.10768419443026847,0.12315169721841812,0.09833862632513046,0.12593517848736227
2023-10-09,0.11462856319650701,0.100135251741,0.1275736741416577,0.12788418838765697,0.1283245635370107,0.13833186901158417,0.09324636447474498,0.12198437005281448,0.09548952430486679,0.1189763648443337
2023-10-10,0.11421155860907074,0.0898923770916,0.12199437173024529,0.12144781588510054,0.1224662419517492,0.12466105588788287,0.09513280761993724,0.12045427411794662,0.09794435650110245,0.11487156052770918
2023-10-11,0.11545147944292788,0.0859081352493,0.11726654869183623,0.11705260292030144,0.11763521505630724,0.1054050357658275,0.08569630220606868,0.11868419498205185,0.09850416332483292,0.10860629470674656
2023-10-12,0.11465064267635659,0.101376397928,0.12098634108187617,0.12083254953016544,0.12155012909560037,0.11679660921226258,0.09959027515458539,0.11799364537000656,0.09557121247053146,0.11333153741643257
2023-10-13,0.11189905972364737,0.129347813033,0.1292674165152387,0.129177463285765,0.12988050190756928,0.12458163249880305,0.10147659871883792,0.11875123530626297,0.108028344810009,0.12016617043464085
2023-10-16,0.11113555201769235,0.0940086962824,0.11736467035229553,0.11763581529902514,0.11733120179531824,0.12326005372004213,0.08299161972286696,0.10913436114788055,0.10440663993358612,0.11030348028157352
2023-10-17,0.10968167017964123,0.107314960709,0.12251629742130563,0.12317458654638117,0.12308362439077691,0.128752300344801,0.10380241243486572,0.10992057621479034,0.10100401937961578,0.11603625953321951
2023-10-18,0.1067751435661259,0.13696886333,0.1348204615421851,0.13457874782917095,0.13579996332524322,0.13491777801258859,0.10641598185007023,0.11660264432430267,0.09882332384586334,0.12313698581848917
2023-10-19,0.09923738121295624,0.187715447432,0.15588248393688311,0.15512003866688556,0.15722878525603537,0.1599660295616441,0.14386210832724453,0.13139517605304718,0.09805598855018616,0.14307294433598944
2023-10-20,0.09558402418625196,0.135873082435,0.1400661130306811,0.1397738876655839,0.14090537713697393,0.14728654465645535,0.14233385110537888,0.1321215182542801,0.09806439280509949,0.13436452637920754
2023-10-23,0.09120674451697966,0.141666051883,0.1448316861122816,0.14563988785963147,0.14586816435309718,0.1414529420652846,0.13444621641217175,0.13428984582424164,0.09842920303344727,0.13499399223716507
2023-10-24,0.09041267824861732,0.105394595687,0.13342332493369774,0.13356229819404072,0.13439633407106466,0.13265014419309498,0.13179485024451706,0.12913395464420319,0.09923849999904633,0.1277427723256664
2023-10-25,0.08730548437964776,0.112505146171,0.13399177222427272,0.13354151304384188,0.13523868489153867,0.12694307467577248,0.1262406567859969,0.12614138424396515,0.10069964826107025,0.1261138191609226
2023-10-26,0.08142899362835697,0.151262783525,0.1433633529690589,0.14258331503886784,0.1441361501436952,0.1508424406012468,0.14443056592366793,0.129705011844635,0.10125561058521271,0.1366166353009121
2023-10-27,0.07792801471679489,0.127076386554,0.1352567779164356,0.13486556738143,0.13568346888881588,0.14030101262357858,0.1391095138940657,0.12774233520030975,0.1007300466299057,0.1305269603620773
2023-10-30,0.07578196186964416,0.106654292276,0.12668374444677716,0.1271631000906951,0.1267022751282847,0.14952372607913325,0.1443252819280862,0.1221950501203537,0.10100562870502472,0.1282284009283364
2023-10-31,0.07555057528888975,0.105270583353,0.12635684086588508,0.12710602226623685,0.1267729442592987,0.13146553984020007,0.13480161010556957,0.11855773627758026,0.10062344372272491,0.12366916247678507
2023-11-01,0.07296323113987072,0.122655259132,0.13251098948817244,0.13342974505906974,0.13350382374738085,0.12438519510529902,0.12071649611516781,0.11954399943351746,0.10039156675338745,0.12349740224314211
2023-11-02,0.07241530713525283,0.0714796130145,0.11147709561922067,0.11189397397358392,0.11206326349417171,0.11937211374879717,0.09287507309585563,0.11014978587627411,0.09817929565906525,0.1080015144952812
2023-11-03,0.07321932781725192,0.0819670025262,0.11194515218207052,0.11254353533274598,0.11261160876096607,0.10894646019333602,0.07493998722604914,0.10504253208637238,0.09518702328205109,0.10303089986622731
2023-11-06,0.07377009823146367,0.0648745369093,0.10404631180303987,0.1044130478168097,0.10451491607989796,0.1114037450782755,0.0857753098238182,0.098512202501297,0.09108668565750122,0.09996460268009136
2023-11-07,0.0737440853568759,0.0651941513298,0.10174534637980165,0.10214327426521883,0.10193483548169613,0.10647877243943527,0.0829979334331164,0.093885637819767,0.09133040904998779,0.0972166012670033
2023-11-08,0.07438133551314469,0.0779529631698,0.10280916704838154,0.10281841396001776,0.10276820331754019,0.08788572784970866,0.07307782914444397,0.09233122318983078,0.09110629558563232,0.09325669429936503
2023-11-09,0.07101982466910631,0.115586553719,0.11735675697792534,0.11663889287998103,0.11785226858829176,0.10923412567137455,0.0926270811943359,0.09869891405105591,0.08982875943183899,0.10603382839925765
2023-11-10,0.0696671068614542,0.0800463305112,0.10620398080686053,0.1068890830189235,0.10633461816184382,0.10748076264697144,0.07484557147605377,0.09725230932235718,0.08901853859424591,0.09828926628960802
2023-11-13,0.07278484484147563,0.0603330792853,0.09994550817386044,0.10046152856343149,0.1002182626963858,0.09120573964399709,0.07915402071285035,0.09318790584802628,0.08962719142436981,0.09340002243756018
2023-11-14,0.07401366889430952,0.072536704066,0.10442543878427847,0.10477965256146685,0.1046030771351263,0.10326863429911576,0.08550462112303882,0.09483528882265091,0.09085667133331299,0.0983247691512843
2023-11-15,0.07471834991204825,0.0690985938027,0.10286934087572873,0.10278671218462936,0.1031740268616198,0.09310844196853917,0.08806745258270504,0.09421449154615402,0.1044643223285675,0.09838354119256339
2023-11-16,0.07368268470775505,0.0744888061092,0.10194238116885808,0.10227358272088219,0.10197860772517336,0.08534285869209329,0.08793028448840973,0.09414679557085037,0.10130313038825989,0.09641680582207528
2023-11-17,0.07338139486550715,0.0512517968451,0.09315123559625053,0.09341003507621246,0.09292599307453843,0.08992546054035175,0.079785448798515,0.08902467787265778,0.09648820757865906,0.090673008362455
2023-11-20,0.07599997523831623,0.0592849000404,0.09611549057661573,0.09668262073328104,0.09585979614863752,0.08434945084251572,0.08222995710162893,0.08846184611320496,0.09170942008495331,0.09077265451440532
2023-11-21,0.07864405879542001,0.053841676579,0.09351754412945515,0.09343666543173254,0.09310834136334722,0.08011806367836648,0.079785448798515,0.08701048791408539,0.08903689682483673,0.0880019211629055
2023-11-22,0.07769033678536012,0.0898857374488,0.10633170472840803,0.1056072579086147,0.1061588235291931,0.10532411529576245,0.08209278900733362,0.09410680830478668,0.0862918347120285,0.09798761906944672
2023-11-24,0.0778322663740246,0.0325746438693,0.08601255356580441,0.08607143019514887,0.08536106717311702,0.06667408879105925,0.079785448798515,0.0849156603217125,0.08429992198944092,0.08187431011925685
2023-11-27,0.07862112196745757,0.0453600164401,0.08987667079085791,0.09021358151680378,0.08924556491639947,0.08769953866419525,0.07887143817126827,0.08304934203624725,0.08295334875583649,0.08598706926451549
2023-11-28,0.07799349432006467,0.0665762118279,0.09731555424204258,0.09798163213255898,0.09672516317115351,0.08971964428776528,0.08811542666479973,0.08666931092739105,0.08157941699028015,0.09115802120228447
2023-11-29,0.07794551083219842,0.0666923809007,0.09846029134756616,0.09767867082202272,0.0979209456047248,0.08759558771792134,0.08214504394774338,0.0885862410068512,0.08185021579265594,0.09060528517706935
2023-11-30,0.07658771381186645,0.101718007425,0.11016526708489507,0.1110096836559461,0.10976632536452523,0.10391945020959095,0.09541515963355605,0.0964600220322609,0.0798654854297638,0.10094305620150544
2023-12-01,0.076682056503513,0.0835160445808,0.10799077975713338,0.10873073637399361,0.10782038292098681,0.0957050888660341,0.0829218864806948,0.09674309194087982,0.08180032670497894,0.09738747043495735
2023-12-04,0.07712137707891088,0.0586221022166,0.10139828317963426,0.10119550687872242,0.10116747515600844,0.08371746172896852,0.09204650263184984,0.09099519997835159,0.08344604074954987,0.09342378147186928
2023-12-05,0.07757344360636029,0.0957995194769,0.11481035591930289,0.11535795286397806,0.11484216199758496,0.11542887671550209,0.09190933453755452,0.09628193825483322,0.08092761039733887,0.1042226043837278
2023-12-06,0.07737198642141974,0.0768687941082,0.10962143027512317,0.10823609789585226,0.10964136948386774,0.1081323742703696,0.09190933453755452,0.09457836300134659,0.08011241257190704,0.10031876886228872
2023-12-07,0.07799762148178341,0.064573173536,0.10332098002842358,0.10375631247831718,0.10301277246149107,0.0848811683835212,0.09204650263184984,0.08990660309791565,0.07964494824409485,0.09379561247508761
2023-12-08,0.07709930239448837,0.0897714674408,0.11147408319595103,0.1122505795376306,0.11132588004945727,0.10141294502541656,0.09190933453755452,0.09296611696481705,0.08156189322471619,0.10041440464793475
2023-12-11,0.08057679950445513,0.0556428997281,0.10075206415058771,0.10116093983052761,0.10055958953393918,0.09680074602436142,0.09204650263184984,0.08700691908597946,0.07840070128440857,0.09381820893452196
2023-12-12,0.08191887190308275,0.0491010280851,0.09588022044213697,0.09621357380956869,0.09529691832642258,0.08957527501762208,0.0896019943287359,0.08191322535276413,0.08142037689685822,0.0899859405963012
2023-12-13,0.0805920349880463,0.113871706404,0.11835485297119545,0.11874167003228597,0.11845174430996694,0.0976801191769769,0.102204468521304,0.09469052404165268,0.09724368155002594,0.10676672294334398
2023-12-14,0.0796731213127042,0.0951301943304,0.11374544737299905,0.11359588517408639,0.11395541214317603,0.10220461792089523,0.08499468385871528,0.09015063941478729,0.08061949908733368,0.09989516928171328
2023-12-15,0.07953458487750144,0.0835200389341,0.10966600443269493,0.10985267048261217,0.10982101687090032,0.09367067429494788,0.08339738396661873,0.0904536172747612,0.07693184912204742,0.09625617377779752
2023-12-18,0.0802396931129084,0.0481768895945,0.09824594222635098,0.09844796336594666,0.09818591944724589,0.07161334966873965,0.08002936451786069,0.08628961443901062,0.07017473876476288,0.08614098463284535
2023-12-19,0.08123333554647304,0.0411856710497,0.09567840298285595,0.09593023005923816,0.09546650327868551,0.08338389090504736,0.07951182860424072,0.08237174898386002,0.06835080683231354,0.08581334452089161
2023-12-20,0.07839136170515575,0.108301472626,0.11597411520665063,0.11337097609030038,0.11599420509636266,0.08404173334061343,0.09174713213549289,0.08738850802183151,0.07616716623306274,0.09781197658918775
2023-12-21,0.07687527556476503,0.107171138075,0.1162267559011039,0.11673713021116394,0.11615877250113543,0.07989441623423837,0.07589126538425253,0.09113134443759918,0.08034402132034302,0.09662624371283378
2023-12-22,0.0772318927368646,0.0703445460772,0.10380764064984634,0.10393000322188421,0.10356078909052416,0.08826634269459226,0.08428515282273323,0.08920358121395111,0.08402977883815765,0.0938690412188127
2023-12-26,0.07798621921358927,0.0390467138719,0.09366099455425815,0.09376962563093105,0.0932688937143715,0.0798917447031409,0.08033471121234995,0.08390005677938461,0.08129733800888062,0.0865890520861881
2023-12-27,0.07780424150980973,0.0681860163967,0.10439192502492459,0.1046359088125713,0.1042957518835263,0.09439942723205934,0.08448866186569387,0.08414262533187866,0.08111120760440826,0.09392364396500892
2023-12-28,0.0777026345901952,0.0486639810829,0.09431532311760554,0.09404764774697064,0.09392893808146897,0.08138388646778733,0.07845803121009139,0.08095533400774002,0.08012770116329193,0.0861738373992794
2023-12-29,0.08062890665094871,0.0655037497065,0.0967827473116887,0.09677219674008491,0.09620844944906976,0.08013705196312515,0.08111089775187733,0.07994529604911804,0.0803612768650055,0.0873311308757099
2024-01-02,0.08216167115519134,0.0770729086207,0.10079235431870172,0.10146157812750509,0.10030249261480377,0.08261671121395245,0.08161691974489874,0.08084560930728912,0.08166623115539551,0.08990027092607807
2024-01-03,0.08369391926153177,0.0853146367202,0.10651718280787573,0.10685676444929551,0.10619394786879272,0.09629627897703477,0.0924574590455684,0.08341237157583237,0.0851493626832962,0.0966976239153851
2024-01-04,0.0844192923623611,0.0696814189008,0.10180521184179885,0.10213269415684106,0.10130665043606354,0.08780541719699582,0.09136060665229356,0.08342336863279343,0.08704771101474762,0.09355452284736199
2024-01-05,0.08301980698575372,0.103180072157,0.11569405625676435,0.1164684879759988,0.11562078757789124,0.09989366865560034,0.10283635240256628,0.08848559856414795,0.09245607256889343,0.10449357485740893
2024-01-08,0.08273668411116679,0.0724796470359,0.1066944089868959,0.10706230769427519,0.10662661277875868,0.09515044704582132,0.09174577537313075,0.08848480135202408,0.08811360597610474,0.09769685131528724
2024-01-09,0.08159217076766961,0.0788098527782,0.10877403021803311,0.10932222217225462,0.10881927329328181,0.09140668175803507,0.0924574590455684,0.08911166340112686,0.08666115999221802,0.09807892712578826
2024-01-10,0.08054439665460063,0.0716453717793,0.10560028305839965,0.10575592315639917,0.10559484140937028,0.08650666966173075,0.09166595334678282,0.08830050379037857,0.0877762883901596,0.09588578040188869
2024-01-11,0.07747298163601063,0.120875201146,0.12422319393217557,0.12368280997270154,0.1247035860362692,0.07642074631750999,0.08588178037013497,0.09449243545532227,0.08937004208564758,0.10268208488139444
2024-01-12,0.07801133853300327,0.0836098739645,0.1111927175341169,0.110708685447311,0.11150936461011765,0.09363750387489184,0.09433413904782696,0.0939684584736824,0.0857110470533371,0.10015170229161198
2024-01-16,0.07800812596528928,0.0918620195822,0.11487933189090704,0.11507650600760967,0.11534450336754942,0.0998124073778434,0.09593143893992351,0.09489215165376663,0.09108151495456696,0.10385969345602379
2024-01-17,0.07773648536222898,0.0771821686235,0.10985293370395491,0.11023453981717465,0.1100615832277214,0.101691829046793,0.09312187456101179,0.09899776428937912,0.0938650369644165,0.10254650880149306
2024-01-18,0.07839257672808082,0.080699563035,0.11161485949421696,0.11177797985014279,0.11174604820617184,0.08946910828437463,0.0938264642681857,0.0986425057053566,0.09567983448505402,0.10182240004192893
2024-01-19,0.07993527963495993,0.0684604559916,0.10434542053446279,0.10478593161659394,0.10422858940024606,0.09142835375158584,0.09129350110718906,0.09578388184309006,0.09645430743694305,0.09833142652715868
2024-01-22,0.08034100317807366,0.071173274591,0.10425843013660167,0.10401572076403008,0.10424000510867913,0.08461677074897231,0.09100942035951101,0.0939410850405693,0.09421101212501526,0.09661320632619697
2024-01-23,0.08155853616524858,0.0469316042618,0.09367438821897568,0.09397975820258855,0.0933291512229001,0.07161780656919782,0.08543292349758118,0.08899743109941483,0.08866769075393677,0.08795702136637071
2024-01-24,0.08109972707336419,0.0808845059505,0.1045946941562866,0.10395824610323172,0.10446618789099643,0.07621159929394981,0.09054141504867531,0.08966022729873657,0.08645962178707123,0.09369885593984965
2024-01-25,0.08017275049360449,0.0781182288367,0.10367991073020659,0.10406720065171153,0.10345320253946996,0.0863537521773544,0.09312187456101179,0.0898377001285553,0.08681990206241608,0.09533336326438938
2024-01-26,0.07968289561659214,0.0631144486306,0.09868403212956417,0.09868984899170666,0.09833896890616173,0.08177218696952482,0.09223472195253488,0.08826765418052673,0.08678260445594788,0.09211000251228098
2024-01-29,0.07936320506091674,0.0636708303343,0.09825157255228704,0.09866466582538005,0.09789809155091675,0.07686115911065186,0.09223472195253488,0.08721008151769638,0.08573758602142334,0.09097969693298433
2024-01-30,0.08077021247233167,0.0451261674308,0.09245751995041145,0.09229434819485065,0.09194800359658488,0.07634329449161627,0.08600876719657612,0.08437558263540268,0.08301989734172821,0.0866353447724529
2024-01-31,0.07767957952475284,0.118408131902,0.1174849241816282,0.11597085619364801,0.11752435807491948,0.08434155505042439,0.09999752424082528,0.09178795665502548,0.0884006917476654,0.10221540944916233
2024-02-01,0.07496680692105433,0.105736205948,0.11523653749034284,0.11599600120944108,0.1152189586594442,0.08900615692151981,0.10409377908214953,0.09615226835012436,0.08569064736366272,0.1030563355823835
2024-02-02,0.0734097110982889,0.112318108246,0.12044796195893585,0.12069672665037451,0.12089030650491187,0.10305726853357941,0.09478662475721256,0.10097714513540268,0.0828464925289154,0.10624321800990462
2024-02-05,0.0755118508924145,0.0861181802742,0.11380642816221781,0.1129445976272993,0.11432815886824954,0.09138756408038493,0.08498835016067323,0.10153474658727646,0.08424723148345947,0.1004624395670801
2024-02-06,0.07493970100914894,0.0756652317728,0.11258495369133423,0.1126262558867237,0.11325614168791343,0.09200398704948537,0.08409051519316223,0.10110339522361755,0.08270245790481567,0.09976681523386459
2024-02-07,0.07786553245450159,0.0653282534237,0.10595575122909257,0.10630991622729367,0.10633158727582405,0.07579461897751344,0.07904708200909379,0.0982014611363411,0.08301517367362976,0.09352222721839833
2024-02-08,0.0795879876272235,0.0475540217559,0.09661753173670344,0.0968252153105125,0.09660354638043817,0.0718100976185004,0.07787524279623756,0.09276677668094635,0.08008536696434021,0.0875119682125255
2024-02-09,0.08266892291482936,0.0395667390207,0.0894018253414286,0.08969690548185705,0.08894478687635596,0.06385270057384759,0.07529478328390109,0.08655703812837601,0.07919827103614807,0.08184947296027348
2024-02-12,0.0825383899521453,0.0664735911895,0.09646959924552304,0.0957628800796547,0.09598755648030169,0.07117551004725522,0.07951612222651831,0.08511235564947128,0.0797254741191864,0.08624992826398722
2024-02-13,0.08356091449375361,0.0935330861419,0.10619848359914441,0.10688370037804733,0.10577569744248504,0.09093228226011643,0.08498835016067323,0.08777669817209244,0.0838884711265564,0.09520624044844506
2024-02-14,0.08299147672902561,0.0918047109723,0.1074079645440549,0.10780042998285562,0.10696494489773348,0.08008941792707366,0.08193885043091223,0.09022978693246841,0.09097984433174133,0.09505874843526281
2024-02-15,0.08279760528071087,0.0711944477497,0.10208854776993218,0.10248555684278884,0.1017975425305066,0.07607225382281127,0.08167973211554308,0.09002795815467834,0.09268879890441895,0.09240577002009702
2024-02-16,0.08128107262605974,0.0930782090263,0.11242361890221422,0.1113656546346187,0.11255190063582603,0.09652257767096811,0.08438188127078523,0.0944204032421112,0.0898711085319519,0.10021959212692506
2024-02-20,0.08307639567182244,0.0990764541344,0.11640932025985713,0.11564470203122351,0.11670417364375318,0.08713808723722183,0.10182518893761036,0.09880699217319489,0.10023941099643707,0.10525255361132828
2024-02-21,0.08228446907968963,0.0801948882669,0.10960339372433174,0.11011985617916188,0.10961264090326849,0.09516348460568277,0.10530094992831457,0.09811621159315109,0.10119783878326416,0.10415919653102497
2024-02-22,0.08147957989055908,0.0796370146572,0.1085775969129482,0.10909639848723801,0.10854084587785762,0.08457533877952991,0.08545809039971394,0.09707935899496078,0.0973757952451706,0.09867191781391701
2024-02-23,0.08044459422790819,0.0705343349862,0.10561473974970836,0.10481485151030262,0.10565654539845998,0.07873716391578192,0.08755504496802281,0.09486303478479385,0.09339262545108795,0.0958048579683082
2024-02-26,0.08004232975633781,0.0544338651359,0.09811765381246024,0.09753514197211717,0.09797006573236514,0.07271029847343652,0.07964977223468495,0.08994997292757034,0.08978962898254395,0.0893889334478826
2024-02-27,0.08069022812412764,0.0483632732636,0.09293446715290393,0.09323009864526344,0.09244951166048432,0.06680401813379697,0.07927487652984078,0.08481656014919281,0.08680790662765503,0.0851882055570196
2024-02-28,0.08054410714099548,0.054646302465,0.09319763586317281,0.09356772000601098,0.09264212673821054,0.06231286959088092,0.07725022037290943,0.08221589028835297,0.08545403182506561,0.08380578495494331
2024-02-29,0.08004345415865159,0.0822669921533,0.10187652609717428,0.10065310896153909,0.10142455894578302,0.07693617266469996,0.08316989880412098,0.08518476039171219,0.08604519069194794,0.09075574522242534
2024-03-01,0.08003623894242756,0.0611275109843,0.09461767226860687,0.09512218392575172,0.09402286877713859,0.06278205205141152,0.0851554931062473,0.08380721509456635,0.08334283530712128,0.08555004579012052
2024-03-04,0.08156909993678195,0.0498412641191,0.09107344012028773,0.09142029600512805,0.0904249790383552,0.06847355363837346,0.08496238336019682,0.08116316795349121,0.08243066072463989,0.08427835440578177
2024-03-05,0.08444654973782838,0.0881112470424,0.10570003170396972,0.10547969801217075,0.10532027345364073,0.09229543406154114,0.0915731965728967,0.08636784553527832,0.08285902440547943,0.09565650053499668
2024-03-06,0.08426990048443109,0.118281333053,0.119328248938882,0.11803127240714506,0.11926642537763951,0.09419584635727402,0.10082763045051774,0.0958632230758667,0.08591030538082123,0.10477470742687803
2024-03-07,0.0843352669229565,0.0625901725849,0.10080637133954698,0.10101408684506893,0.10039704507418361,0.08340108860597548,0.09474636027013428,0.09253494441509247,0.0881691724061966,0.09443843842231404
2024-03-08,0.08447041309369287,0.116861072193,0.12124629904715878,0.12064502740600525,0.12136362849934364,0.09898863280765999,0.10619193612729,0.10007265210151672,0.08890344202518463,0.10820165971630843
2024-03-11,0.08832735540658013,0.0892004720719,0.11521627270473782,0.11564005626088264,0.1154324169129389,0.11043422864540117,0.09418913190625834,0.1012260839343071,0.08480013906955719,0.10527690420486903
2024-03-12,0.08754995261482625,0.109833923289,0.12284055240199235,0.12349227404556773,0.12322128188242135,0.12128543254500938,0.10475199644423028,0.10555471479892731,0.08559879660606384,0.1123921498177446
2024-03-13,0.0896501580261224,0.0629751802342,0.10447720017820779,0.10404876138624156,0.10461493314058176,0.07538809373535571,0.08736379419686584,0.09930061548948288,0.09002439677715302,0.09503111355769837
2024-03-14,0.0914871103826081,0.110973380237,0.12246184713938277,0.1218747293534048,0.12310595109003007,0.09927087071951768,0.09943732790776003,0.10400381684303284,0.09069956839084625,0.10869344449199635
2024-03-15,0.09657665046404705,0.0802274224191,0.1105020340714805,0.11078154377439081,0.11074928533041552,0.09070193567779408,0.09264940570182541,0.10108162462711334,0.09154079854488373,0.10114380396112907
2024-03-18,0.10100233656360193,0.0662847813006,0.10420729359809651,0.10362354876516713,0.10416640898083694,0.10309543523749473,0.08873143403282593,0.09323541820049286,0.09394066035747528,0.0987143141674842
2024-03-19,0.10403292610492854,0.0586353891693,0.09843008736243408,0.09877662740611154,0.09807172386194968,0.08536644676249269,0.09165116911293676,0.08841637521982193,0.09302552044391632,0.09339113573852328
2024-03-20,0.1043552358327627,0.126541351052,0.1236727123587141,0.12449323394706464,0.12403055595155688,0.10042609530637586,0.09566505425223593,0.09617183357477188,0.09361147880554199,0.10829585202803733
2024-03-21,0.1058354148385422,0.0606728367241,0.09997513931305796,0.09983483000514498,0.09993992721487104,0.08003870597863717,0.08722574446733941,0.09100599586963654,0.095135897397995,0.09330803432095458
2024-03-22,0.10642075504333316,0.0597829736569,0.09839852028145973,0.09803336171612205,0.0982640225245423,0.0709837241774551,0.0858830044328049,0.08715560287237167,0.09291118383407593,0.09023277426269025
2024-03-25,0.10817445128348153,0.0381538889277,0.08994358601785221,0.089983470359911,0.08955705759009062,0.06575076455699394,0.08272094880224652,0.08114112168550491,0.09446807205677032,0.08479500300990993
2024-03-26,0.11030080180357531,0.0400914421361,0.08941086235514234,0.08849657165521015,0.08887138308266221,0.078646764096044,0.09013829335396571,0.07723507285118103,0.09104493260383606,0.08626341142829164
2024-03-27,0.11067706017411559,0.0672748972552,0.09381064907693688,0.09438438383643401,0.09305997620604448,0.08604079896391931,0.0946430890190586,0.07718963921070099,0.08682440221309662,0.0894218483608844
2024-03-28,0.1118300707933765,0.0499145696349,0.08768919188516697,0.08789813851409864,0.08691347512666092,0.07551082732695275,0.08272094880224652,0.07481921464204788,0.08533458411693573,0.08298376863058705
2024-04-01,0.11356250305660227,0.0712705165313,0.09503189074902865,0.09481949762089503,0.09435619788627292,0.07298976765158155,0.08722574446733941,0.07655864953994751,0.08746863901615143,0.08692148384731664
2024-04-02,0.11892483314820836,0.0609287895625,0.09343547422858453,0.0937274413695234,0.09272946847720866,0.08759055983273045,0.09739625999647937,0.07686939835548401,0.0850289911031723,0.08953965619474039
2024-04-03,0.12023775592790643,0.0876712070088,0.1048449239377713,0.10545694593923605,0.10435258238482742,0.09373584426489161,0.0914846050102467,0.08178960531949997,0.08429698646068573,0.09513735618816553
2024-04-04,0.1183712894524783,0.133399128618,0.12318392113491997,0.11984565208985767,0.12328670591157817,0.11365003966769435,0.10340039696824803,0.09282854199409485,0.0843052864074707,0.10864293488198053
2024-04-05,0.11608566368908817,0.115605352014,0.12198037423129185,0.12279853903051816,0.12202570512784663,0.11863975907469858,0.104525124526801,0.09900914132595062,0.08693891763687134,0.1108453658505683
2024-04-08,0.11591854819660433,0.0644125237025,0.10582512654019098,0.10591813608511154,0.10571833558829415,0.10393599463241487,0.0914846050102467,0.09548544138669968,0.08794771134853363,0.09947362151307022
2024-04-09,0.1133769523166593,0.118893197705,0.1264352377927643,0.12680372828358358,0.12698875004443405,0.12276640430706423,0.10371596234583935,0.1018703505396843,0.09083588421344757,0.11420233107525964
2024-04-10,0.10929314409773212,0.148164151335,0.13948186478462976,0.1400503244924436,0.14048658342127424,0.13425470292262623,0.1218678587842597,0.11136311292648315,0.09034399688243866,0.1254069206020222
2024-04-11,0.1081813726906515,0.0958760292749,0.12069195407180483,0.12103437082711799,0.12116128296509741,0.10536925973585402,0.09396093328069281,0.1091051995754242,0.10811825096607208,0.11134875020315191
2024-04-12,0.10595510499843298,0.108541064035,0.12415370680296076,0.12416872514520787,0.12475940872635044,0.11310133364065873,0.11153981776554595,0.10900449752807617,0.10315968096256256,0.11569816722448034
2024-04-15,0.10267023889965661,0.138933949394,0.13832522479144443,0.1365099611733254,0.13909276997698683,0.14155012811137818,0.11962918110938787,0.11490161716938019,0.09891009330749512,0.1269884250913426
2024-04-16,0.09694621822223165,0.162901069151,0.14853638961648402,0.14855394094891466,0.14925113063403705,0.14558558986398634,0.11354239787963313,0.12316718697547913,0.09816265106201172,0.132399898140078
2024-04-17,0.09272610821994935,0.150852730627,0.14426412534709943,0.1435146411813203,0.1451318084826004,0.13993608952360317,0.1102968805816337,0.12448043376207352,0.11044096946716309,0.13115213547792764
2024-04-18,0.08906894043085367,0.12840187319,0.13926397211901045,0.139190559508939,0.1402698398629768,0.12370350553479625,0.10659948278792711,0.12450144439935684,0.10967963933944702,0.12617263479320764
2024-04-19,0.08486545648519378,0.131996930619,0.14169339267701922,0.14105261656264584,0.14290657263736045,0.14345772697888723,0.1144772909995221,0.12530051171779633,0.11007355153560638,0.1312802375869768
2024-04-22,0.08242508506363364,0.101067841924,0.12963957052551814,0.12977894379474736,0.13036934356705418,0.1355725799152842,0.11240877572877549,0.12070291489362717,0.10851643979549408,0.12385550974578582
2024-04-23,0.08243159887085802,0.0786326103353,0.11693912747076385,0.1173010554384367,0.11753669060720055,0.12265344472605491,0.10492305036706953,0.11286657303571701,0.10324189066886902,0.11363740461630166
2024-04-24,0.08271649471087154,0.096740633534,0.11877967259008011,0.1185231679995304,0.1194147010078158,0.11873666538060967,0.09509844428997842,0.10886039584875107,0.10129791498184204,0.1115301374426582
2024-04-25,0.08109292189466624,0.106597270421,0.1201217705904416,0.12087577478010351,0.12072830606653309,0.11554925747972278,0.10793232108939162,0.10719036310911179,0.10079365968704224,0.11331306468604953
2024-04-26,0.0807975753230333,0.0791956562977,0.10792293104034387,0.10838228124822914,0.10806782051704547,0.11211078290795617,0.09757762319253316,0.10181601345539093,0.09748610854148865,0.10476622298614105
2024-04-29,0.07977153814337065,0.0887641765806,0.10998536888484364,0.10883697266308787,0.11035410234829408,0.09236249939331495,0.10087826075609817,0.0994763895869255,0.09425070881843567,0.10230632892157142
2024-04-30,0.0775488795458222,0.115236761626,0.12042730894389944,0.11719455917604943,0.12118256773197876,0.11823725447770918,0.10889651102631613,0.10232610255479813,0.09299397468566895,0.11160832551377428
2024-05-01,0.07203926606918507,0.172894383985,0.14307665952589943,0.14341818871147088,0.14423876886601722,0.1367998296744051,0.12215663047727479,0.11340943723917007,0.09963968396186829,0.12896274263658652
2024-05-02,0.07063072381171837,0.119500137132,0.12716738232416103,0.12760213771477133,0.12832380246426492,0.11603338774179388,0.1147543369339521,0.11446801573038101,0.09679001569747925,0.11787701122954337
2024-05-03,0.07124342730370038,0.0918850153909,0.11943872748971533,0.11919246353475917,0.12066378060999235,0.12847544326798893,0.10444735162585421,0.11180254071950912,0.09171515703201294,0.11367649489711885
2024-05-06,0.07206016246520652,0.0459467029474,0.1026190095957733,0.1026692222333542,0.10364061621788548,0.10052592948697377,0.09041800524819812,0.10301829129457474,0.09047810733318329,0.09905274020142041
2024-05-07,0.07213566665953784,0.0577474826208,0.10261839628400572,0.10229164899649608,0.10334538367498466,0.09528733256870572,0.08926369720397925,0.09726642817258835,0.08954532444477081,0.09708831590650438
2024-05-08,0.07418715457804269,0.0435578462868,0.08958182738431737,0.08994376190534933,0.08959301644919855,0.08259760017784164,0.08601488221207802,0.08910652250051498,0.08742564916610718,0.08775189425648673
2024-05-09,0.07428943556487423,0.0534456207186,0.0884383660954943,0.08894356496439386,0.08811445838670075,0.08753512303729015,0.08601488221207802,0.08377423882484436,0.08616174757480621,0.08699748301365824
2024-05-10,0.07472921453563125,0.0641466448796,0.09019465019357621,0.09005878912848908,0.08977762908593834,0.09547606939509976,0.08937944583037721,0.08121909946203232,0.08515532314777374,0.08875157232046951
2024-05-13,0.07757070702033005,0.0420705956659,0.08327901748584966,0.08302217752728731,0.08275717305803489,0.08155076857985136,0.08260629828526618,0.07716567069292068,0.08296692371368408,0.08190686133469915
2024-05-14,0.07788183657305907,0.0700800227197,0.09293893741333223,0.09361454862323298,0.09243697398750572,0.0905095609835544,0.09151660909913915,0.07837978005409241,0.08298224210739136,0.08891123603832117
2024-05-15,0.07890146303565909,0.0504180031347,0.08762089156634234,0.08814344422251202,0.08709083226113913,0.08810517907494611,0.08353190478186538,0.07718702405691147,0.0823228657245636,0.08485744881261145
2024-05-16,0.07859340296817971,0.0771190418516,0.09784778140372283,0.09711097906054797,0.09767900990143688,0.07872480400571358,0.08760045427470967,0.08517801761627197,0.08560022711753845,0.08996303905427734
2024-05-17,0.07859240899040745,0.0502502350204,0.08898283199436757,0.08906758268889525,0.08861225605371227,0.07348669897808532,0.0840998280775591,0.08262673020362854,0.08811810612678528,0.0849991477318619
2024-05-20,0.081117615315482,0.0454912117576,0.08803836483917617,0.08835457307775042,0.08767593238018122,0.08184915842167581,0.08608673662824379,0.08031205087900162,0.08700345456600189,0.0856171815417187
2024-05-21,0.08227115247775249,0.0405146452611,0.08483851244636131,0.08526448132965808,0.08420903514126969,0.0822465628945486,0.08608673662824379,0.07738128304481506,0.08495238423347473,0.08356842795976734
2024-05-22,0.08313574685543156,0.078775872867,0.09862376497878761,0.09900602846993857,0.09830672414496754,0.0864485851697134,0.08878231767981039,0.08303394168615341,0.08666302263736725,0.09155205496667687
2024-05-23,0.08114653198511197,0.101719222757,0.10727209215078759,0.10616374572378326,0.10710057446897864,0.10406049817389826,0.09756234715103242,0.09099666029214859,0.09225428104400635,0.10077288557209073
2024-05-24,0.08093286658819394,0.0760124412747,0.10115054332487661,0.10156830790740187,0.10097678482881489,0.10351017938525509,0.0899393856654616,0.09160707145929337,0.0946345180273056,0.09762668437120128
2024-05-28,0.08095387862195363,0.0725800393114,0.10203425138396648,0.10244987764361535,0.10209869173775132,0.0916400671678864,0.08873400980384534,0.09177064895629883,0.09277966618537903,0.09592960183982038
2024-05-29,0.0825161595754771,0.0664780532001,0.10194371911843988,0.10223389879887972,0.10202732743017408,0.09066649550700003,0.08685994764454155,0.09126488864421844,0.09238813817501068,0.09534063075975205
2024-05-30,0.08390451614552343,0.0770483619044,0.1051286529129634,0.10507391518912801,0.10505922937758137,0.10686355422814724,0.09229427042635659,0.0926630049943924,0.09642857313156128,0.10050160003716148
2024-05-31,0.08113736498657077,0.112182163867,0.11667786736268682,0.11764687358999522,0.11669220845156644,0.10902727621755234,0.09527392773086356,0.09992990642786026,0.100137859582901,0.10791227419477509
2024-06-03,0.07859429739716846,0.100300507838,0.11490394759391098,0.11502082777321368,0.11513027157564634,0.11195156917754455,0.09457981960902291,0.10233954340219498,0.09836874902248383,0.1074706754505739
2024-06-04,0.07626221432591476,0.101332712376,0.11722035009078009,0.11763310802119635,0.11750951535221507,0.12000528398114924,0.17953213951278554,0.10441749542951584,0.09753909707069397,0.12197956992261945
2024-06-05,0.07530420685388114,0.0675940988768,0.10697683808000928,0.1073840565898706,0.10711727238974941,0.09415844790731207,0.16871452686839938,0.09931360185146332,0.09346796572208405,0.11101895848698402
2024-06-06,0.0749208185588038,0.0596942789306,0.10332485317079274,0.1031437778940685,0.10345014165956966,0.09943697087680946,0.15992582056156202,0.09449844062328339,0.0899941623210907,0.10768202387245378
2024-06-07,0.07298988015761884,0.0905596790659,0.11127295416934883,0.11171876368285527,0.11141739836448297,0.11200611166380142,0.14579765192732683,0.09683150798082352,0.09099045395851135,0.11143354882102145
2024-06-10,0.07527122110694073,0.056350220491,0.09772205349008704,0.09811929373643771,0.09757288918116559,0.09229872942487267,0.18124303081479898,0.09113400429487228,0.08570195734500885,0.10625599404103472
2024-06-11,0.07555616218060549,0.0741015026107,0.10129170806149175,0.10178951072232502,0.10102304747100503,0.10387932193543173,0.19943533436276903,0.09051372110843658,0.08650049567222595,0.1120618770476693
2024-06-12,0.07471215219307739,0.104201131244,0.11289450328810396,0.11236991107849105,0.1129400214546267,0.10433894378476843,0.20398646875437468,0.09659413993358612,0.09200175106525421,0.11930367705131503
2024-06-13,0.0744921265411262,0.0769863174333,0.1055415192756929,0.10590422671198274,0.10578030142272929,0.08653952888204944,0.19354474718595516,0.09580501168966293,0.07981212437152863,0.1104182085056573
2024-06-14,0.07470586920809609,0.0768052307122,0.10453679561763843,0.10503067998045695,0.10471377235472581,0.08110982838142126,0.19688621469073087,0.09498843550682068,0.07474914193153381,0.10885926692333256
2024-06-17,0.07972514071271346,0.0702030708451,0.10276057998102806,0.10337073965903891,0.10290693656650018,0.09077128300589375,0.18860252980136513,0.08889921754598618,0.08229824155569077,0.10851564687364328
2024-06-18,0.0831528399505222,0.0502175775635,0.09506144068943588,0.09522960074877374,0.09497728146365847,0.08533014932181726,0.19659290701992135,0.08444196730852127,0.08114515990018845,0.10468264377890235
2024-06-20,0.08354184953172607,0.102658493958,0.1110459664716892,0.1113834398972193,0.11114580491012456,0.10241307051857676,0.1967024867280728,0.09038052707910538,0.0845077857375145,0.1153684401917575
2024-06-21,0.08387205405020173,0.0748292176032,0.1021710359239456,0.10231015955462905,0.1020937636565976,0.0961025887566554,0.2168667778992691,0.08936651796102524,0.08528820425271988,0.11345700685783455
2024-06-24,0.08386550592330533,0.0959627298748,0.1098143757582554,0.11017568494206864,0.10994051608447827,0.09822038261224322,0.19543635636062154,0.09271231293678284,0.08756157010793686,0.11483731411462668
2024-06-25,0.08950913297408908,0.0590267099405,0.09768041055434767,0.0981298053076467,0.09758743337491675,0.09034687364264679,0.21980205440689374,0.0883241668343544,0.08627518266439438,0.11116370382645721
2024-06-26,0.09383329997906478,0.07106789211,0.10290869208581413,0.10342170728501955,0.1029782849017557,0.09024735181003238,0.20926194858938385,0.08813942223787308,0.08640456944704056,0.11190885376527418
2024-06-27,0.09521905503087058,0.0730704801634,0.10156797534696616,0.10217513385617655,0.1015597146432983,0.09549836225191846,0.1992773887242841,0.08770400285720825,0.08408927172422409,0.11026740705772513
2024-06-28,0.09642935290036722,0.0989062193564,0.1110964616693801,0.1109392330166928,0.11130971311523433,0.10462356078151216,0.17915331854894417,0.09224016219377518,0.08676055818796158,0.11373185821621434
2024-07-01,0.09724995484778366,0.103867829867,0.11303528218802819,0.11319513433882035,0.11329167814631007,0.10108656281279263,0.17652089075902672,0.09590675681829453,0.08829136937856674,0.11447538206311988
2024-07-02,0.10195316879982869,0.0547195157526,0.09758005702964737,0.09799959719223725,0.09772115565920686,0.08881404999479364,0.0887531727124204,0.08982731401920319,0.0842365249991417,0.09213312451523577
2024-07-03,0.10912221665908826,0.0391128519392,0.09085788178713082,0.0911534114066347,0.09082455243747403,0.06668024099520897,0.08184689412637115,0.08294948935508728,0.08326656371355057,0.08393986197449392
2024-07-05,0.12835096758374281,0.0518113439187,0.0935442850092374,0.09376583033189341,0.09342559045176277,0.0877767366019407,0.0859225567287836,0.08059527724981308,0.08305294066667557,0.08829760243430093
2024-07-08,0.13490579574492062,0.038983652458,0.08578382165693609,0.08565615230815327,0.08531609332363169,0.08001146579594699,0.0859225567287836,0.0759754329919815,0.08266233652830124,0.08304683704767633
2024-07-09,0.14070098452606636,0.0485172350124,0.08511680855298882,0.08510922785497332,0.08439842508194308,0.05458951056362141,0.06452044364719185,0.07379289716482162,0.08100765198469162,0.07550499497860454
2024-07-10,0.14468019135842197,0.0469395362405,0.08415227595849832,0.08465599159181023,0.0833758262751017,0.07288366608923565,0.08527277907783959,0.07232417911291122,0.07789786905050278,0.08008036959369992
2024-07-11,0.14614957588051358,0.101381773022,0.10515126776401315,0.10470637359718848,0.10477109871466164,0.09493991486329384,0.08935853900472036,0.08160748332738876,0.07890426367521286,0.09420556299235416
2024-07-12,0.14859568477863683,0.0799596644336,0.10030268385581442,0.10050947380061048,0.09997252295698812,0.07903031885488691,0.08753156330636105,0.08429078012704849,0.08195772022008896,0.09051358044597121
2024-07-15,0.1482027968648959,0.0905234148256,0.10695818366984564,0.1067545420938639,0.10696875190209502,0.1045222490497864,0.09034562824119695,0.08863651752471924,0.08568594604730606,0.0985531169326876
2024-07-16,0.1492591780066231,0.0723704976435,0.10302551353801098,0.10363957384518815,0.10297784544116326,0.08961697869996976,0.08754002131686324,0.08855294436216354,0.08441326767206192,0.09425230641077441
2024-07-17,0.14888245987079607,0.0810477204654,0.10797614543846251,0.10778254374191973,0.10809041585902071,0.08915161203021005,0.08969585059025294,0.09049326181411743,0.08385705202817917,0.0967209830717375
2024-07-18,0.14609872139527164,0.145623575269,0.1302034113159578,0.1296910897608505,0.1305561735179602,0.11636293024223432,0.10517936713475359,0.10277260839939117,0.08658565580844879,0.11447874802565663
2024-07-19,0.14466759449842526,0.119356761141,0.12453247456169327,0.12428466029400051,0.12486798273803651,0.11436022965880327,0.09764398778023857,0.10766936838626862,0.08943618834018707,0.11182784167988968
2024-07-22,0.14361641537061842,0.109089545054,0.12239872226034881,0.12265734400539317,0.122698054560756,0.10736018932742336,0.08919973757088387,0.10982067883014679,0.091828852891922,0.10942336849241056
2024-07-23,0.144196615858122,0.0822210993779,0.1147965882155755,0.1138746329160755,0.11521210656518442,0.10382468119827301,0.08778328731350638,0.10746894776821136,0.09313099086284637,0.10515589069138179
2024-07-24,0.14489040354399046,0.0958424739958,0.11993539103100634,0.11852556447117069,0.12046257475726563,0.10945048388260278,0.09127411746276676,0.10775554180145264,0.09193196892738342,0.10847652033337833
2024-07-25,0.14442121748359693,0.155022096259,0.13870718689372827,0.1382189050345447,0.13896600899392073,0.13185745588056005,0.11098831620293664,0.1161232590675354,0.09219668805599213,0.12386540287560258
2024-07-26,0.14177054170873724,0.147307550967,0.13789492497019645,0.1372990639354111,0.1382239137858014,0.1333333682853111,0.11037183127994957,0.1214904934167862,0.0943099707365036,0.12470336662999419
2024-07-29,0.1406593518933327,0.104119548825,0.12407545965252542,0.12402150896129137,0.12456535525253856,0.12496077645797424,0.11701751896197875,0.11897821724414825,0.09871736168861389,0.11890517117415292
2024-07-30,0.14017288553551288,0.121051332431,0.13175511802110976,0.13085032510496206,0.13243414900168815,0.12410591147132033,0.1058469462569067,0.12026926875114441,0.09706149995326996,0.12033188836577162
2024-07-31,0.13975034355378022,0.118853405675,0.13254366802044562,0.13298745305583404,0.13318569678368802,0.12308062243848747,0.1058469462569067,0.12120012938976288,0.09543709456920624,0.12061165864490442
2024-08-01,0.1374812010858241,0.150562340986,0.14192008628740363,0.14059554928856552,0.14286148665083506,0.13311112072448567,0.1122241460612934,0.1260654181241989,0.0976000726222992,0.12776826853701162
2024-08-02,0.1340358131586301,0.182502645275,0.15374969233895108,0.15413152390791293,0.15467327261077407,0.14931101608132502,0.11964043921361332,0.13475672900676727,0.09746779501438141,0.13767578116767504
2024-08-05,0.11751518801774008,0.313969715564,0.2075845600286902,0.21023961685390416,0.20916972043979545,0.20773497908726576,0.18752208760880085,0.16483022272586823,0.10008876025676727,0.18388142100015598
2024-08-06,0.11305830558023766,0.194312595893,0.17493354039758632,0.1753652248946831,0.17363583982389486,0.2148866893522545,0.3024275308096269,0.1700044870376587,0.12686245143413544,0.1911593948214057
2024-08-07,0.11039882116836935,0.189459710321,0.1776505383018479,0.1758449342017438,0.17899780063213158,0.17685696028897402,0.1571146672137547,0.17385859787464142,0.15055672824382782,0.17012574667956018
2024-08-08,0.10694146581627727,0.161402370755,0.16931507741245605,0.17000956766130976,0.170435189476978,0.16970766202847049,0.15291847360591193,0.17172938585281372,0.15477518737316132,0.1655557919158716
2024-08-09,0.10543743867417303,0.138753089445,0.15908413025970797,0.15915461956966487,0.16094457872910845,0.1616996434151896,0.16174618950060032,0.16506221890449524,0.148234024643898,0.15941791500323776
2024-08-12,0.104660038710247,0.146745040927,0.15026567842078778,0.1482029079013018,0.1519636921976713,0.15734742580312025,0.15946735518332256,0.15698616206645966,0.13812164962291718,0.15176498159936866
2024-08-13,0.10640253354392083,0.0758004575866,0.12039712895177151,0.1206550578414098,0.12134169807655808,0.12349477822248199,0.12662874165178717,0.1383921205997467,0.13195939362049103,0.1261241312806066
2024-08-14,0.10508589696605154,0.108795158727,0.1251835962521238,0.12441617970506252,0.1263176857522219,0.12578626905293522,0.12473327998569234,0.12882930040359497,0.12576165795326233,0.12586113844355615
2024-08-15,0.10573800109208988,0.0648853634491,0.10516852544673509,0.10554182371366905,0.10601594979836607,0.1008884861448611,0.10350518482431531,0.11477206647396088,0.13179701566696167,0.10966986458126704
2024-08-16,0.10702983583952466,0.0629449436677,0.09980593508610454,0.10022181529868018,0.1004559106729538,0.10131302537240058,0.10829809456920046,0.09984912723302841,0.13235896825790405,0.10604326807003886
2024-08-19,0.11266166156580684,0.0742121487844,0.0987066674792852,0.09937805061484314,0.09910011548602957,0.10121222130572208,0.10829809456920046,0.09443076699972153,0.12600786983966827,0.10387625518492431
2024-08-20,0.11340223701533228,0.0744091931478,0.09882192894905273,0.09893284285610139,0.09924459516033367,0.10050706386442462,0.10829809456920046,0.09163209050893784,0.11725826561450958,0.10209926878893719
2024-08-21,0.11242872698147391,0.101326618736,0.10668118552457413,0.10620058267029274,0.10703102569201411,0.11039700241255765,0.10945194223304595,0.09408065676689148,0.11072321236133575,0.1063665153801017
2024-08-22,0.1103940763116373,0.115748197048,0.11441422695584355,0.11317609523331598,0.11496363835090462,0.11673380616199555,0.1168574896927785,0.0993800088763237,0.10536055266857147,0.11155511684853335
2024-08-23,0.10666978649491711,0.145537932357,0.12895869584616937,0.12941808915386493,0.12980250464091506,0.131241332806468,0.1286158297375208,0.10923518985509872,0.10385805368423462,0.12301852796061022
2024-08-26,0.10594280540982288,0.0759531549557,0.10779805675347762,0.10660419664235155,0.10865042010985625,0.1058961735610787,0.10945194223304595,0.10576070100069046,0.10354572534561157,0.10681531652087316
2024-08-27,0.1060888636132483,0.0651949599238,0.10412453967735871,0.10450860872222031,0.10484426192957365,0.10420425917603413,0.10945194223304595,0.10132462531328201,0.10149095952510834,0.10427845665380331
2024-08-28,0.1042935466540936,0.108556441235,0.1180095086114336,0.11784555516120124,0.11891812011743184,0.1157288550081615,0.1168574896927785,0.10451797395944595,0.099528968334198,0.11305806726923581
2024-08-29,0.10325070443068948,0.107899334593,0.11732759032316498,0.11669269597640433,0.11802793887340629,0.11820170036243437,0.1202262683116332,0.10624714940786362,0.09901511669158936,0.11367692284949946
2024-08-30,0.1048881927423044,0.0972542195683,0.1108956782242956,0.11144092965822272,0.1114863640899119,0.11249781323201108,0.11282072085190066,0.10469985753297806,0.09920154511928558,0.10900612981551508
2024-09-03,0.10447254693999951,0.116885008583,0.11980035297259209,0.11795103194542478,0.12074425257164359,0.11640028040578154,0.1168574896927785,0.10730079561471939,0.09829644858837128,0.1139072359701873
2024-09-04,0.10545583264119629,0.106327826143,0.11951482793606472,0.11957272777779114,0.11989241698544228,0.12469909114815499,0.11384118415993072,0.10835085064172745,0.09832239151000977,0.11488478430844586
2024-09-05,0.10467778065959937,0.127188705808,0.12781831808452362,0.12805601151644458,0.12815313658037936,0.12927085727933849,0.11413169128546295,0.11214447766542435,0.10177202522754669,0.12019235966273144
2024-09-06,0.10061858883443954,0.153019888196,0.1389449945922767,0.13612332147920025,0.1395504404178138,0.14012798828874873,0.12475274478639403,0.1193503811955452,0.10420158505439758,0.12900735083062517
2024-09-09,0.09905896257692991,0.101345205079,0.12351266112010313,0.12366594877935898,0.123566470015687,0.1265766414819483,0.11969684773311502,0.11663635820150375,0.1023811399936676,0.11943372390362626
2024-09-10,0.0969083759840046,0.112002336843,0.12664756580313508,0.12611876150128923,0.12696080130294535,0.12614014591557887,0.11361479935052071,0.115935318171978,0.10773153603076935,0.12044984686803094
2024-09-11,0.09348174033240074,0.134551781254,0.13551492055954384,0.13645737773756642,0.1360737892066145,0.1325378776896249,0.11619950826816157,0.11924789100885391,0.10762372612953186,0.126236441514271
2024-09-12,0.09089225262547738,0.116055993584,0.12915152122889165,0.12965975905237181,0.12982223978895455,0.12290137335000224,0.10314900101095931,0.11849267035722733,0.11868390440940857,0.12169435274254507
2024-09-13,0.0901006729915665,0.0773877580177,0.1121545145419957,0.11237524169290176,0.11259485828737466,0.11028130822234514,0.09567853038827413,0.11065495759248734,0.11526274681091309,0.10985745107661311
2024-09-16,0.08971418889717277,0.084244716152,0.11322048560352106,0.11353106520757567,0.11366785292574474,0.11049334176475467,0.09378727639855595,0.10604491084814072,0.10882051289081573,0.10850934937701551
2024-09-17,0.08801036576715268,0.0986617682585,0.11653256773915484,0.11616328749634183,0.11682436573590438,0.11413565884443752,0.0941615111743546,0.10789931565523148,0.10589493066072464,0.11023023390087847
2024-09-18,0.08084221325387128,0.177454196323,0.14329234203458047,0.14419576629470915,0.14390736094704776,0.13935087589662437,0.12367251478098984,0.11134571582078934,0.10266005247831345,0.12977494689329347
2024-09-19,0.07900233128983472,0.0951445892549,0.11647309931486577,0.11687133452527432,0.11680194669223203,0.11504379391435887,0.0941615111743546,0.11009503155946732,0.10587316006422043,0.11075998246353905
2024-09-20,0.07857089801572335,0.0751682164679,0.11016364478822163,0.11021095465199664,0.11067786958364988,0.10592212650065706,0.09474556724148421,0.10848560184240341,0.10496529191732407,0.10645300807510527
2024-09-23,0.07825369072124586,0.0622651365892,0.10486668024350364,0.10510544350733113,0.10529960444095422,0.10191352265255499,0.09474556724148421,0.1066034808754921,0.10413572937250137,0.10323857547626024
2024-09-24,0.07931782476100564,0.0648437070531,0.1036084240484838,0.10384506688067965,0.10394031332711409,0.10151352672475933,0.0941615111743546,0.10492678731679916,0.10184057801961899,0.10197660107025852
2024-09-25,0.08050481137383529,0.0502295705697,0.09108291897764678,0.09127457856034221,0.09099391349074236,0.09385418730292837,0.0941615111743546,0.10159844905138016,0.09981454163789749,0.09468287145647028
2024-09-26,0.08160522100372254,0.0700052216414,0.09556000527988168,0.09547885005398456,0.09539903108214284,0.09895499215791462,0.0941615111743546,0.09985101968050003,0.09884721785783768,0.09689323246951657
2024-09-27,0.08160697081027576,0.0620704087585,0.09226665281409158,0.09239264890375146,0.09200746120366268,0.09517907200037914,0.0941615111743546,0.09819953143596649,0.09762666374444962,0.09454764875380794
2024-09-30,0.08126498092236532,0.0842443608335,0.10061538486982229,0.101255404250758,0.10035028479835253,0.10438832466791838,0.0941615111743546,0.0981324091553688,0.09796027094125748,0.09955194140826172
2024-10-01,0.07793227741282042,0.128901933505,0.11850973773633197,0.11891278791264881,0.11854208013777238,0.11936487912081377,0.10414167545244528,0.10056441277265549,0.09807097166776657,0.11115807782863348
2024-10-02,0.07859133323383184,0.108787347915,0.11609295119733345,0.11677704214548845,0.11600549094640854,0.11990565127918813,0.10805450996352213,0.10195205360651016,0.10037434846162796,0.1113088639428684
2024-10-03,0.07739319602566365,0.125061655453,0.12468287339805001,0.12470823083489162,0.12483309630265266,0.12496566988603613,0.11151597930119576,0.10431088507175446,0.10241002589464188,0.11677525152703179
2024-10-04,0.07587028883999586,0.112887441845,0.12422520593027414,0.12421800802145785,0.12438554807582655,0.12468912081667044,0.11220308404241444,0.10601399093866348,0.10484880954027176,0.11722625248079696
2024-10-07,0.07604689459268406,0.0769090498121,0.11280008943600317,0.11214609637290371,0.11305248130560405,0.11103190346279493,0.10427219759719694,0.10557416826486588,0.10471606999635696,0.10908471520510367
2024-10-08,0.07738019077549241,0.0610817582907,0.10376845205478614,0.10404689746880828,0.10332729919610045,0.11138643005410635,0.11591094782177656,0.1037457138299942,0.10730437189340591,0.10707001604556828
2024-10-09,0.07735575348192274,0.0607798001663,0.10066392396954388,0.10100019911166978,0.10025717316091964,0.10660924615683301,0.10466375686623645,0.10189258307218552,0.10778852552175522,0.10326791540844907
2024-10-10,0.07668505285902227,0.0663613823892,0.09869161458346559,0.0989657605718306,0.09816801003892207,0.10512437903535153,0.10188929337701506,0.100069560110569,0.10906777530908585,0.10171091328946281
2024-10-11,0.07648453788189244,0.0586760231587,0.0930113942274643,0.09340032317500921,0.0922623843368016,0.10208994883158101,0.10188929337701506,0.09775233268737793,0.12262886017560959,0.1004335052586941
2024-10-14,0.077045153756136,0.0545911027658,0.09048039106690478,0.0909256383879044,0.08966267562750192,0.1002902232497477,0.10188929337701506,0.09558432549238205,0.11914259940385818,0.09828216380075916
2024-10-15,0.0772089680055979,0.0750850513376,0.0977235004171822,0.09726723344679832,0.0970006746803619,0.10607787727423337,0.10188929337701506,0.09496944397687912,0.11547756940126419,0.10148651322481918
2024-10-16,0.07960428086696243,0.05809568976,0.09220414396915191,0.09269181817414798,0.09143452243003322,0.10222768886427448,0.10360682280019982,0.09367953985929489,0.1070624515414238,0.097558141091218
2024-10-17,0.08000520275806718,0.077925669586,0.09912817983742492,0.09891601810902809,0.09849470385523021,0.10716549863058361,0.10360682280019982,0.09396282583475113,0.1034264788031578,0.10067150398148221
2024-10-18,0.08086205428187092,0.0536329738017,0.09168513563078944,0.09205759849767325,0.09101117895032623,0.10048126049266858,0.09731486375612551,0.09247340261936188,0.09925883263349533,0.09489746751149146
2024-10-21,0.08104758877699349,0.0649817801241,0.09594830404093568,0.09601526862024908,0.0953785817906696,0.10331462428062213,0.09731486375612551,0.09225153923034668,0.09790470451116562,0.09687541231858776
2024-10-22,0.0838325714589827,0.0532192001157,0.09096432814462604,0.09134305987005571,0.09024437854042244,0.10002610238614401,0.09731486375612551,0.09110482037067413,0.09657662361860275,0.09393916809809295
2024-10-23,0.08759785035309851,0.0878972572049,0.10351338492874662,0.10300317596800808,0.10294090588901407,0.1096810101147586,0.09335910637779564,0.09277378022670746,0.0954224243760109,0.10009911255443447
2024-10-24,0.0881367923902058,0.0806651329851,0.10141733029736684,0.1018188967662993,0.10069450691376836,0.10882507474168224,0.10579966961038076,0.09356497973203659,0.09429352730512619,0.1009162836238086
2024-10-25,0.08759974692637554,0.0929885332305,0.10765286742701655,0.10768566734846846,0.10711755388498825,0.11290751725812806,0.10360682280019982,0.09547967463731766,0.09285237640142441,0.1039003542510776
2024-10-28,0.08746042936179219,0.062118701117,0.09798105111902261,0.09811739004559605,0.09730061939714976,0.10550661326332691,0.10579966961038076,0.0949682742357254,0.09462770074605942,0.09918590263103728
2024-10-29,0.08674981551355969,0.0769896133345,0.1040676048691784,0.10455143607249094,0.10351974943473474,0.10970802265124896,0.10579966961038076,0.09581293165683746,0.09825100749731064,0.10310148882745455
2024-10-30,0.08562573307141352,0.0739865255881,0.10226580415946734,0.10257524890292616,0.1016763987908087,0.1084991583677337,0.10579966961038076,0.0960136353969574,0.09792876988649368,0.10210838358782397
2024-10-31,0.08215926700907573,0.118325824728,0.11841109912602141,0.11604780408302431,0.11794710509713305,0.12114624246502524,0.11413627513826231,0.09919631481170654,0.09742745012044907,0.11204461297737456
2024-11-01,0.0792145639728958,0.108239130762,0.11630053100518499,0.11650975324416779,0.11556026797292115,0.12032361409438634,0.13012544573637516,0.10102228820323944,0.09640830010175705,0.113750028622576
2024-11-04,0.07729733172371062,0.0885553342028,0.11207048366231616,0.11251955760861983,0.11146466453495439,0.11578113148417184,0.11944106621174459,0.10141748189926147,0.09643933922052383,0.10987624637451317
2024-11-05,0.0760477506218689,0.0804886349869,0.10991042589645572,0.11038376250870105,0.10928176076633074,0.11383490281771706,0.12368036467683821,0.10121285915374756,0.09976895898580551,0.10972471925794226
2024-11-06,0.07416033136398785,0.0895925213863,0.1136947517595967,0.11366408887500515,0.11334080088956952,0.11558313825980916,0.10184391223205089,0.10175518691539764,0.1029382273554802,0.10897430089812989
2024-11-07,0.07376056388995735,0.0601230091283,0.10082414379532235,0.10116383523394917,0.10070497625137459,0.10373664099619012,0.09507096816201838,0.0996016263961792,0.10141994804143906,0.10036030555378184
2024-11-08,0.07386185119518628,0.0472674572253,0.0929277465785533,0.09322920885115632,0.09267845585649082,0.09817514690584617,0.09507096816201838,0.09651599824428558,0.10173022001981735,0.09576110637402399
2024-11-11,0.07337437901216855,0.052895245127,0.09237539510998943,0.09259416724772139,0.09205718540243639,0.09839814021902019,0.09507096816201838,0.09424245357513428,0.10025651007890701,0.09499925997074674
2024-11-12,0.07275184755531752,0.0691930872955,0.09662741999835851,0.09632429142602558,0.09629509850594081,0.10232452920617625,0.09507096816201838,0.09344790130853653,0.0982118770480156,0.09690029795072452
2024-11-13,0.07225462929344638,0.0785392540148,0.09871401163066776,0.09868846567341541,0.0983796606589003,0.10429417667576792,0.09507096816201838,0.09334973245859146,0.09699947386980057,0.09792806987559453
2024-11-14,0.06908236108170768,0.106127573221,0.1096388997467174,0.10954121863863606,0.1095453908305492,0.11181118658800472,0.10036936887929274,0.09112352132797241,0.10972173511981964,0.1059644744472846
2024-11-15,0.06771927703290874,0.0861174757916,0.1059559125808707,0.10602500348365758,0.1059490775331777,0.10790665874097571,0.09516079908847751,0.0921240895986557,0.10677789151668549,0.10284277607750006
2024-11-18,0.08202277637306261,0.0759679032201,0.10435686393609322,0.10482956752052588,0.10424975958647148,0.10710466594926431,0.09516079908847751,0.09254608303308487,0.10138890147209167,0.10137666294085843
2024-11-19,0.087683472123539,0.0696668360814,0.10240369047340454,0.10283567040893468,0.10232867604059027,0.10528161983282151,0.09516079908847751,0.09248130768537521,0.09699954092502594,0.09964161492208996
2024-11-20,0.092263298283232,0.111692611524,0.1173584132426168,0.11754906323473195,0.11743878224726159,0.11703531344401887,0.10036936887929274,0.09558971971273422,0.09577959775924683,0.10873146550284328
2024-11-21,0.08903085596041319,0.145880355615,0.1302008991615718,0.13027604580017996,0.13039966682494378,0.12744980822687274,0.11256872452921943,0.10060640424489975,0.09406712651252747,0.11793838218574497
2024-11-22,0.08767517902679549,0.0921726108607,0.11407826162995548,0.1143853163310258,0.11426312669729938,0.11358229551447359,0.09516079908847751,0.10073297470808029,0.09389585256576538,0.10658551807643964
2024-11-25,0.08790178373038081,0.0816389525639,0.1112100715493374,0.11076094223877175,0.11151453757075852,0.11023522559438807,0.09516079908847751,0.100258007645607,0.09287352859973907,0.10457330175529704
2024-11-26,0.0918625949012994,0.0578495023549,0.10322673709772362,0.10335369222955562,0.10350208427324253,0.1034119496519963,0.09457163476833323,0.09813988953828812,0.0901755690574646,0.0994830795166577
2024-11-27,0.09483739799212039,0.0576860476948,0.09964421277913595,0.09967331061789185,0.09981464542310166,0.10139014128915305,0.09516079908847751,0.09588846564292908,0.09051081538200378,0.0974403414603847
2024-11-29,0.09937708530671002,0.0374827305379,0.08643572750641652,0.08669521980017325,0.08626680798767777,0.09311986633109341,0.09516079908847751,0.09147199988365173,0.09115582704544067,0.09004374966327584
2024-12-02,0.10746183009843578,0.0422724451399,0.08472615843702201,0.08490986826314201,0.08443639958002432,0.09268878664875109,0.09457163476833323,0.08806867152452469,0.09077434241771698,0.08859655166278776
2024-12-03,0.10910121403551144,0.0416719476024,0.08214536964159712,0.08238584928541876,0.0817224591193067,0.0912904398191916,0.09457163476833323,0.08506347984075546,0.08977675437927246,0.0867079981219822
2024-12-04,0.1101642671700689,0.0392502800721,0.08038483808440773,0.08078697887372488,0.07990366066348352,0.08997407822117366,0.09516079908847751,0.08254194259643555,0.09012885391712189,0.08555445020640352
2024-12-05,0.11406174787609262,0.0495425161442,0.08312942998607108,0.08306877281084579,0.08264373908095271,0.09223629392754545,0.09516079908847751,0.08127173036336899,0.09062442183494568,0.08687645529888675
2024-12-06,0.11824232006705553,0.0455324250302,0.08252911734761198,0.08272419615358159,0.08204423285275785,0.09149648294299886,0.09516079908847751,0.08021741360425949,0.09037812054157257,0.08636433750446569
2024-12-09,0.12298838262913943,0.0487130681742,0.08405087809861218,0.08379040675335885,0.083596217095554,0.09227970059878082,0.09516079908847751,0.07981180399656296,0.08685174584388733,0.08650593592503338
2024-12-10,0.12567898379610332,0.0504798011235,0.08520074330945718,0.08546205608119652,0.08468202777257491,0.0937868262782254,0.09516079908847751,0.07978427410125732,0.09030923247337341,0.08776942272922318
2024-12-11,0.12884907370745233,0.0359257854377,0.08054288360275744,0.08089711218433025,0.07998113370643349,0.09005819709495917,0.09516079908847751,0.0788646936416626,0.0903032124042511,0.08511543310326737
2024-12-12,0.12974644786732345,0.0536409517308,0.0862546075449038,0.08651471257673418,0.08578654011645177,0.09418072296459672,0.09457163476833323,0.07939926534891129,0.10396625101566315,0.09009624776222773
2024-12-13,0.13050385737264814,0.0682225562792,0.09222881855747402,0.09231055914063546,0.09182110239383032,0.09875723715019488,0.09516079908847751,0.08098563551902771,0.10140182077884674,0.09323799608978381
2024-12-16,0.13093851521273334,0.0429828584646,0.08377606885438897,0.08415894337937839,0.08320926422300466,0.09179408591664145,0.09448938595686135,0.07991661131381989,0.09524363279342651,0.08751257034821733
2024-12-17,0.13153948233953333,0.0591633745713,0.0894565216478742,0.08993930048119775,0.08886973291598715,0.09653360414664772,0.09448938595686135,0.08044267445802689,0.0916663259267807,0.09019964936191083
2024-12-18,0.12234138737794646,0.225276862823,0.15257758320985532,0.14667279131026706,0.15297743697190744,0.1446566237768713,0.11377426382732043,0.09263245761394501,0.09086428582668304,0.1277364917909785
2024-12-19,0.11784854217637111,0.15819997561,0.13857048480386958,0.13823802552897213,0.13840508162329812,0.13455157609578325,0.12829452576412437,0.09881316125392914,0.09649781882762909,0.12476723912822939
2024-12-20,0.11230253352323767,0.172574224393,0.14954465471234138,0.15057991887980415,0.1497828716327138,0.14173528342226258,0.12573192549597617,0.10565085709095001,0.09842360019683838,0.1316355873472695
2024-12-23,0.11369046504997822,0.0947343512998,0.12904509195617153,0.12894127388209392,0.12974228976815444,0.12183817996505648,0.10199939036418783,0.10658630728721619,0.09902997314929962,0.11674035805316858
2024-12-24,0.11477902347302106,0.0588651678325,0.11824028482483144,0.11816017464467143,0.11898061988154138,0.11178198599092073,0.09777604173839824,0.10502307116985321,0.09777957201004028,0.10967739289432239
2024-12-26,0.11675958742411485,0.0866050602064,0.11769131867030813,0.11778750446642043,0.11832474042600018,0.11304344441504768,0.09777604173839824,0.10361205041408539,0.09307987987995148,0.10875928285860166
2024-12-27,0.11686046270376443,0.13527317865,0.13100441308542665,0.13060391026635387,0.13163784438393747,0.1248325605998649,0.10658510747879965,0.10507653653621674,0.08979254961013794,0.11707613170867674
2024-12-30,0.11678591709053589,0.122437698986,0.1235831946545102,0.12353390200385295,0.12388225872016201,0.12100429847972814,0.11030623007007694,0.10475543141365051,0.08786112070083618,0.11356091943468813
2024-12-31,0.11895804852299284,0.141138544124,0.1321420283763004,0.13183957192514573,0.13248759675210112,0.12781341567679141,0.10506604202144633,0.10645587742328644,0.08729039132595062,0.11758498907157457
2025-01-02,0.11264625839456328,0.192104128907,0.15611923934796246,0.15503986740954878,0.15709458978773574,0.14489240625544952,0.12129205085945723,0.11262702941894531,0.08796416223049164,0.13357562075851295
2025-01-03,0.11186261995599388,0.0958758609413,0.1269756606573446,0.12716855503802815,0.12767556259442361,0.12135017784895451,0.09777604173839824,0.11135101318359375,0.08834770321846008,0.11437781632560043
2025-01-06,0.11165344053685725,0.0802215213315,0.11843909733170885,0.1184129665164346,0.11914877513755068,0.1147350407864156,0.09777604173839824,0.10913598537445068,0.09127923846244812,0.10984673504962954
2025-01-07,0.11304278283392319,0.144245307799,0.13926393783318786,0.1374635133296074,0.1402310907267164,0.13160813031851928,0.10658510747879965,0.11172260344028473,0.09377329051494598,0.12294966766315163
2025-01-08,0.10867848645475517,0.149892108469,0.14128928853715664,0.1414188848955944,0.14212050202044266,0.134190655978978,0.11706091960885731,0.11420044302940369,0.09581641852855682,0.12658530179985564
2025-01-10,0.10338724865145799,0.162529317834,0.14290292926111778,0.14122568021689197,0.1437577663446649,0.136287825800332,0.11706091960885731,0.11659446358680725,0.09789338707923889,0.1279604245568443
2025-01-13,0.1016878548642698,0.128835434386,0.13447300122471845,0.13516706602749234,0.1351564353903264,0.12973565587016825,0.10658510747879965,0.11691571772098541,0.09947182238101959,0.12250068658478716
2025-01-14,0.09872156521775777,0.135037311257,0.1397359314438235,0.13894069723691235,0.140667521260453,0.13287919360427347,0.10658510747879965,0.11838729679584503,0.10071535408496857,0.12541587170072507
2025-01-15,0.09743605327758982,0.0880371933896,0.12144314346425886,0.12163727223111899,0.12211783068414978,0.1193072793334532,0.10457191589372074,0.11604800820350647,0.1004488468170166,0.11508204237531781
2025-01-16,0.0964381834526974,0.0937750198041,0.11941224130172895,0.11940963345084417,0.12029954618259404,0.11731979788804028,0.10264050198520495,0.11410537362098694,0.11505848169326782,0.11546365373180958
2025-01-17,0.09613815705405071,0.065068607164,0.10436493742184208,0.10465041260304486,0.10478162606448505,0.10718226387548074,0.10109831597735967,0.11297271400690079,0.10924146324396133,0.1063273904561535
2025-01-21,0.09600218667745918,0.0825400417946,0.10659685397586077,0.10678371541648701,0.10695646224845394,0.11005453545989725,0.10726276910173868,0.10926630347967148,0.10397272557020187,0.10727048075033015
2025-01-22,0.09754778013451541,0.041352600922,0.08791117867351957,0.08807306853446975,0.08801082271075333,0.09632534910321432,0.10109831597735967,0.10163276642560959,0.10159327834844589,0.09494925425333887
2025-01-23,0.10043558591094791,0.0486350970124,0.08806679736150773,0.08835667260908918,0.08803710408752227,0.09674188333546073,0.09501727256270595,0.09623914211988449,0.10032158344984055,0.09325435078943013
2025-01-24,0.10497595828015575,0.0545623122696,0.08761679842993225,0.08735808528656049,0.08747770831515252,0.09693489312882864,0.09501727256270595,0.09241186827421188,0.09923822432756424,0.09229355004642227
2025-01-27,0.10430035481529965,0.124745806641,0.11316082425865845,0.1140871146377393,0.1133061195607824,0.1163270769824691,0.10419315816665685,0.09689073264598846,0.09631986171007156,0.10775498399462372
2025-01-28,0.10905884581628855,0.0932086803516,0.10418869234695993,0.10497353696335324,0.1040131088023335,0.11058278728068224,0.10013366992198325,0.0977092757821083,0.09605509787797928,0.10252230985362853
2025-01-29,0.11353959148554041,0.130883742306,0.12137635936288704,0.12179732014573726,0.12169319806626422,0.12183865513830903,0.10419315816665685,0.10331956297159195,0.09651701897382736,0.11296218183218196
2025-01-30,0.11739073462084731,0.13709022251,0.12890313573048529,0.12861271135455982,0.12945162991227638,0.12628041852890975,0.10419315816665685,0.10942437499761581,0.09796688705682755,0.11783318796390449
2025-01-31,0.12317632885346519,0.12093480296,0.1283130442530874,0.1262063447450291,0.1290720262203785,0.12390984243229236,0.10745214529457602,0.11334865540266037,0.09573691338300705,0.11771985310443298
2025-02-03,0.1257054745801033,0.175138496824,0.1480729887108293,0.14895168443634157,0.1490203063960265,0.13946824431000043,0.11462934982714264,0.1216936931014061,0.09611096233129501,0.1311353184447202
2025-02-04,0.13287671592748296,0.0787743803717,0.11775339462621365,0.11799204806388477,0.118279869947531,0.11585652125639107,0.0982762596906251,0.1184476986527443,0.09983744472265244,0.11234903385143462
2025-02-05,0.14255328928038455,0.0741456080079,0.11296400226842322,0.11322400002435737,0.11344427563290863,0.11207622740625794,0.10678448426333159,0.11451523751020432,0.10296175628900528,0.11085285477064119
2025-02-06,0.14854618284268029,0.0738487530769,0.10881347083616878,0.10855464197577905,0.10919882472275802,0.109595684522398,0.09501727256270595,0.11044427007436752,0.10014081746339798,0.10596642602251076
2025-02-07,0.1556948786309267,0.165416106022,0.13955650151651755,0.13691756554836798,0.14031972751947314,0.13356778918475956,0.11462934982714264,0.11644069105386734,0.09637584537267685,0.12540106714611501
2025-02-10,0.15980661410783384,0.0463340068812,0.09491663617050027,0.09515422773882418,0.09498670068064359,0.10033080010461493,0.09501727256270595,0.10779998451471329,0.09402885288000107,0.09746206780742904
2025-02-11,0.16423056970281788,0.0534030358101,0.09569882845989547,0.09603658952429536,0.09575578327152837,0.10087057986439961,0.09501727256270595,0.10204848647117615,0.09589812904596329,0.09733223845713775
2025-02-12,0.165202421437581,0.0963327496769,0.11049315970832953,0.111178592389002,0.1106735286773824,0.11228178181855236,0.09501727256270595,0.10206128656864166,0.09641621261835098,0.10544597633470927
2025-02-13,0.16656703187655267,0.0758363717921,0.1044839339256037,0.10498230133868128,0.10458491437307602,0.10735804635917467,0.09501727256270595,0.10039398074150085,0.11063513904809952,0.10392222690697743
2025-02-14,0.16863851077358813,0.0495492204234,0.08911000153660052,0.08925777784089865,0.0889096041743333,0.09661386271033957,0.09501727256270595,0.09506969153881073,0.10664539784193039,0.0943748011722313
2025-02-18,0.17096536230660642,0.0687827600163,0.09652437598133584,0.09703540092981311,0.09644388346163407,0.10193358690174321,0.09501727256270595,0.09348859637975693,0.09987910836935043,0.09718888922661993
2025-02-19,0.17330683429603808,0.05495985748,0.09239036480056032,0.09291433381067116,0.09229333695638411,0.09864513044653832,0.09494370008142666,0.0923198014497757,0.1000787690281868,0.09479791951050616
2025-02-20,0.17450109363287325,0.0791468584761,0.09859211447752325,0.0985129963043264,0.09850122045219793,0.10402521906403694,0.09494370008142666,0.0925491526722908,0.09728614240884781,0.09777293506580712
2025-02-21,0.17426868179250452,0.0893989843996,0.10257135741279914,0.10059987881148834,0.102512800284672,0.10706235279522744,0.09494370008142666,0.09371641278266907,0.0950436219573021,0.09949287487508353
2025-02-24,0.17280942935695495,0.119882694045,0.11620027876062577,0.11546815893722406,0.11615149720930588,0.11850106237317366,0.10893081961816008,0.0979282483458519,0.09725005179643631,0.11006144529153968
2025-02-25,0.17101433436671443,0.150208484484,0.13044147411568097,0.13005189163451383,0.13052436249630006,0.1291666546545624,0.11704500216489593,0.10467498004436493,0.10115367919206619,0.12043686347176918
2025-02-26,0.17178336250453013,0.112215740552,0.12245746145505619,0.12248121345548843,0.12256766413365079,0.1218021501577295,0.10834510418702771,0.10746048390865326,0.10353069752454758,0.1155206821174505
2025-02-27,0.16973694527240674,0.173229566335,0.14698688738573726,0.1452699820712642,0.1473659929645061,0.1397772831296711,0.11949295621593735,0.11545422673225403,0.10522157698869705,0.1313669864982953
2025-02-28,0.16940267607338438,0.195130983348,0.16024328431201035,0.16166997578194336,0.16069480304073566,0.14954645798463181,0.12537228378246495,0.12440440058708191,0.107472725212574,0.1413434186716346
2025-03-03,0.1674223487582778,0.193571665412,0.1643891398943734,0.1610848678321044,0.16518483164602107,0.15006761275922942,0.11949295621593735,0.13171695172786713,0.10864119976758957,0.14293965140616033
2025-03-04,0.16500766859816668,0.209412316452,0.1728600854231089,0.17197791435738977,0.1734852972885669,0.15798856551938328,0.12988843451013643,0.13896696269512177,0.1140214279294014,0.15131266967472978
2025-03-05,0.16296240510828994,0.209504459168,0.17897260818503294,0.17988837527628332,0.1797155645292769,0.16151239377756157,0.12988843451013643,0.14558763802051544,0.11914821714162827,0.1563876044914907
2025-03-06,0.1846418398806901,0.212477914675,0.18232706542893196,0.18147172208978823,0.18328102723880813,0.16259533108256413,0.14528379121314489,0.15093092620372772,0.12434672564268112,0.1614623698428066
2025-03-07,0.28395476173370715,0.247925720359,0.19609300371552724,0.19686685235398085,0.1968980422242892,0.17495203789875413,0.1897612014757853,0.15846343338489532,0.125791996717453,0.17697522396724072
2025-03-10,0.29769010131037676,0.205155379001,0.18350329286173184,0.1825455734163683,0.18451556217675447,0.16350495182935773,0.14370391590168186,0.1604742407798767,0.1264341175556183,0.16352595064591274
2025-03-11,0.3311073463322528,0.270251643513,0.2067346071644547,0.20712689043886887,0.20750171977409587,0.18414119943411952,0.3072273435258635,0.16831694543361664,0.12841388583183289,0.20135179880040743
2025-03-12,0.34962148154800554,0.171432997082,0.17420567667425535,0.17291099764104206,0.17475909278681828,0.15850639819156886,0.2642656576932812,0.16499841213226318,0.133417010307312,0.177580463632363
2025-03-13,0.35350797310253473,0.181537689178,0.17492074749972059,0.1730813713205469,0.17574847329587695,0.15858044569926744,0.15365287953528878,0.1631782352924347,0.15142565965652466,0.16436968747138
2025-03-14,0.3555095292522174,0.126504383967,0.1501214482301271,0.15057059996437291,0.15055494611496645,0.14195782229622633,0.1629514908811206,0.15549635887145996,0.14674237370491028,0.15119929143759767
2025-03-17,0.3563642250088743,0.123525756555,0.14384854824670368,0.14389997713249786,0.14448529905049504,0.13665064147788306,0.1567731592818995,0.14870262145996094,0.14176011085510254,0.14516005107207755
2025-03-18,0.3581723562440781,0.130525555382,0.13676828334980437,0.1360861969808433,0.13727405515981675,0.13352158800235253,0.14730228988364086,0.1424030214548111,0.13620677590370178,0.13850888724785296
2025-03-19,0.35884134027427944,0.146032296846,0.1395851593776542,0.14072103817224327,0.13996528025769445,0.13731892055902997,0.14992769037015985,0.13910163938999176,0.13028472661972046,0.13955777924949914
2025-03-20,0.3587973018925209,0.141240092541,0.13555568105887075,0.1356793993597489,0.13605201124837463,0.1340582595337067,0.14392517437517885,0.13432276248931885,0.12818506360054016,0.13539690738081983
2025-03-21,0.35990080895587717,0.122421629539,0.1294737841950601,0.13037286540021195,0.1299730657621634,0.1292139046502387,0.14392517437517885,0.13144314289093018,0.12277199327945709,0.13102484722189148
2025-03-24,0.36237595018620095,0.0793092408166,0.11366038426877276,0.1140020773395614,0.114066649329831,0.11705874860296792,0.13664479921890982,0.12643617391586304,0.11811727285385132,0.11999801507567961
2025-03-25,0.36315190969804195,0.0611219614554,0.10374636639777032,0.10390204757432674,0.10413601496196527,0.10946944019369205,0.12277764171675536,0.1209234744310379,0.11545902490615845,0.11148771574024373
2025-03-26,0.3639485406743816,0.0979870714915,0.11171457052529152,0.11071114577617318,0.11210353234392659,0.11659590869631055,0.1150880120821825,0.1187862753868103,0.11349795758724213,0.11407105748541954
2025-03-27,0.3640980462342884,0.134641802541,0.12231157580525556,0.12271607406770531,0.12261366012525196,0.1260708101766295,0.12469433688568292,0.11931966245174408,0.11130297183990479,0.12128987019316773
2025-03-28,0.3643101395654455,0.123821358217,0.11912946599863287,0.11705400501094425,0.1193978482865963,0.12366122753939608,0.12469433688568292,0.11921744048595428,0.11095763742923737,0.11915885166234916
2025-03-31,0.36410802372149176,0.188932416861,0.14577025863223186,0.14768625015686737,0.14606957079947458,0.1445507001325709,0.15148342243526403,0.12453193962574005,0.11090216040611267,0.1387134717411802
2025-04-01,0.36410830314918446,0.153174703889,0.1411741073957661,0.14203367704913467,0.1416107193341918,0.13870467926615698,0.1501713886757998,0.1272377222776413,0.11443524062633514,0.1364810763750037
2025-04-02,0.3631558805547453,0.164306307742,0.1489198364789532,0.15016809131603528,0.14951804565100046,0.14336555183972116,0.14200272033513822,0.13066788017749786,0.12065857648849487,0.14075724318383442
2025-04-03,0.3616402172044918,0.172643067753,0.1539967739582918,0.1515839169889593,0.15470815969064639,0.1463213858024669,0.14200272033513822,0.1339924931526184,0.12333844602108002,0.14370627084988588
2025-04-04,0.3495602020746172,0.450998890129,0.2581952738979011,0.25814194762035453,0.259082988124185,0.22850942311043523,0.2826394589959146,0.15827085077762604,0.13079386949539185,0.22509054457454405
2025-04-07,0.27338255900826447,1.01919517955,0.48069450837526234,0.4900525768153816,0.48221674118367935,0.3993571949724657,0.35171231470732806,0.2255256026983261,0.14841660857200623,0.3682822210463499
2025-04-08,0.2562136074607483,0.458104369526,0.3318784884964132,0.33083439595672315,0.33266609583409984,0.2748804469329751,0.35171231470732806,0.24069665372371674,0.1705838143825531,0.2904646014334013
2025-04-09,0.20401501516753712,0.71714865735,0.44433581917787446,0.4469785738423858,0.44592861679677587,0.3570852631761122,0.35171231470732806,0.27730995416641235,0.18765884637832642,0.35871562689217357
2025-04-10,0.16780654059429387,0.542267912886,0.4153621209309549,0.4148186663419422,0.42076587314270053,0.3156835929095656,0.35171231470732806,0.29675421118736267,0.18451911211013794,0.3428022701899988
2025-04-11,0.15547063111971085,0.300570745456,0.33274637703073673,0.3320409889936947,0.3357939817701078,0.25864576074618384,0.35171231470732806,0.29366034269332886,0.20342278480529785,0.3011460786780968
2025-04-14,0.14963667031908187,0.214021644575,0.25410696632902424,0.25105951226295153,0.25610978030798337,0.2103865037322309,0.27445989701711376,0.2757824659347534,0.19854119420051575,0.24577804568351042
2025-04-15,0.1464408555010097,0.167438817335,0.22104492080959473,0.21871729385411773,0.223468069044943,0.1860151832416868,0.15869651872278753,0.2557978630065918,0.18723604083061218,0.20728226993004767
2025-04-16,0.13986571760611105,0.210162829121,0.200502075196956,0.1993477930134585,0.2021596076940635,0.17980216664146886,0.15869651872278753,0.2372872680425644,0.17610308527946472,0.19341407351296622
2025-04-17,0.13545986511563934,0.177196265995,0.16664523737773085,0.1673586957535413,0.16710879528449507,0.16220249585941743,0.24669972202056648,0.2164466232061386,0.16936728358268738,0.18511840758351103
2025-04-21,0.13341546785366531,0.138870757205,0.14543564742455614,0.14444191917586496,0.14650275975833718,0.1480451778924641,0.1564657855097179,0.1729508638381958,0.16634154319763184,0.15431195668525252
2025-04-22,0.13250953224099918,0.177881737836,0.15395947107729502,0.15482262804349273,0.1533561269486498,0.15718685383537273,0.2518242452291573,0.16781701147556305,0.1659795343875885,0.17213512442815987
2025-04-23,0.1266220432824696,0.209361965004,0.16573395957121248,0.16548139943963597,0.16679502236809302,0.16507963103009005,0.2518242452291573,0.1756742298603058,0.16464826464653015,0.17931953602071782
2025-04-24,0.12598964796217665,0.124733633378,0.13513700703200293,0.13560621472341838,0.1362656528833645,0.14121620907765522,0.1564657855097179,0.1676495373249054,0.15494269132614136,0.14675472826817224
2025-04-25,0.12249656487665114,0.147530714615,0.13929966683867273,0.13977882941807396,0.1412725126449017,0.14449817678311105,0.14984628018590504,0.16701215505599976,0.14864978194236755,0.147193914695576
2025-04-28,0.12005302355016971,0.142878277762,0.13810402378595438,0.13825310694812368,0.1406983822821928,0.142922946396512,0.16036811453433425,0.16623038053512573,0.14338281750679016,0.14713711028414758
2025-04-29,0.11990062072855671,0.136293909037,0.13323275558375242,0.1339249633846445,0.1354772650707674,0.13987288754741506,0.16036811453433425,0.1644756942987442,0.13910943269729614,0.14378015901670774
2025-04-30,0.11648389486265473,0.180565047151,0.1437303476101837,0.1448717987549525,0.14633093325343202,0.14872452187265386,0.1590284281232145,0.16978700459003448,0.13875806331634521,0.15017587107440233
2025-05-01,0.11360257403346634,0.153188651902,0.13800176544086945,0.13770430718188958,0.14032885530194114,0.1437948288789395,0.16036811453433425,0.16887159645557404,0.13865315914154053,0.14681751813358407
2025-05-02,0.11169868062157225,0.111582449826,0.12359602974343763,0.123999598787539,0.12587561715191659,0.13229524308634058,0.1460957125953274,0.16191579401493073,0.13273662328720093,0.13521637409524184
2025-05-05,0.11105645726377553,0.0820740173607,0.11102461043004923,0.11136334155417323,0.11344308842569745,0.12224486289895362,0.14075028438714113,0.15380336344242096,0.12422273308038712,0.12526461203126038
2025-05-06,0.11032288652648642,0.151599639072,0.13218790087195167,0.13277946102728969,0.13466439909484523,0.1394132591833722,0.15450241812469329,0.160403773188591,0.12114136666059494,0.13929893973590543
2025-05-07,0.1025269069156385,0.205470865651,0.15025107741507832,0.1510702672016646,0.15249469261363008,0.15344350929085354,0.15240892279940163,0.1717405617237091,0.12151578813791275,0.15041783131175
2025-05-08,0.0986098104734753,0.137531029297,0.1324046547729248,0.13293987410470975,0.13395919570692216,0.1366686230506942,0.15737280415253835,0.1662331372499466,0.11666209250688553,0.13946291164923164
2025-05-09,0.09726299078055291,0.0990615254256,0.12159018214862552,0.12089281415799522,0.12299086046063203,0.12682153219225842,0.14210975993100708,0.15731550753116608,0.10784100741147995,0.12850880911902346
2025-05-12,0.09707445966933383,0.106440457753,0.12740651813927067,0.12778692882267795,0.1286268404613831,0.12939522387002989,0.14844524558002042,0.1529446691274643,0.10324839502573013,0.1311219744323681
2025-05-13,0.09677723320934485,0.0812188191824,0.11659510589671344,0.11687818284669492,0.11816447913745622,0.11911748790915988,0.11264493664902886,0.14521849155426025,0.0934995487332344,0.11744546181807827
2025-05-14,0.09741132563203686,0.0917910648053,0.11218109013966059,0.11212749238463089,0.11308313703694436,0.11704932544891017,0.10360370446055576,0.1405104100704193,0.08897241204977036,0.11250393879869877
2025-05-15,0.09635244812183612,0.0903624353352,0.10879493466716049,0.10932852892978187,0.10927642906753157,0.1149903312347603,0.09748082072747638,0.13628479838371277,0.08896157890558243,0.10930248884514368
2025-05-16,0.09679344213423924,0.0680867503841,0.10049056879084708,0.10087889559964575,0.10082132895207807,0.10830105247109915,0.09989996102462584,0.12877286970615387,0.08568980544805527,0.10355064028464359
2025-05-19,0.09827742525809027,0.0769713887868,0.10136671547386267,0.10176063248470474,0.10155089283727517,0.10910005313872914,0.09989996102462584,0.124935582280159,0.08143395930528641,0.102863970934949
2025-05-20,0.09929186740793185,0.0879865860317,0.11100775221817205,0.11145101960480633,0.11099504346577022,0.11575308388895575,0.1435679676895702,0.1304892897605896,0.18302300572395325,0.1294695946216882
2025-05-21,0.09583722700148789,0.163042274181,0.1366502855398771,0.1383125324230998,0.13657516228816285,0.13319341848954394,0.1620244147799739,0.1325693428516388,0.17785409092903137,0.1453113210430468
2025-05-22,0.09353534594185622,0.108600701225,0.12136464473362635,0.12178308553416385,0.12136561964711053,0.12531685845015444,0.16302010289373456,0.1318892538547516,0.17667517066001892,0.13734496225336573
2025-05-23,0.09106020744188495,0.110470447707,0.12383826220253027,0.12370005139906994,0.12382138517935817,0.12595308163947755,0.12374570067763685,0.1319250911474228,0.17666879296302795,0.1328074807440748
2025-05-27,0.09073455363866005,0.0594783071934,0.10784863550555646,0.10529934891084175,0.1079014964453256,0.11662567506327527,0.11880282417248599,0.1294730305671692,0.1792769730091095,0.12360399766768053
2025-05-28,0.09007242214760121,0.0892632256446,0.11663102161011298,0.11755402133394818,0.11659880867515737,0.11825084515543877,0.10465135789084838,0.1290021389722824,0.17895710468292236,0.12594932833153008
2025-05-29,0.08641955785462038,0.133446872497,0.1282360526445317,0.12962931436061126,0.1282083744844994,0.12814646181750358,0.14444071914707682,0.13014450669288635,0.17634859681129456,0.13787914656548622
2025-05-30,0.08372404471765611,0.125071393171,0.1265445316008326,0.12683561164689922,0.12650889369704754,0.12614518576344927,0.11766324725924503,0.1307181715965271,0.1733509600162506,0.1325380859400359
2025-06-02,0.08147721112558087,0.0976972437133,0.11773525119726538,0.11725587747903374,0.11772490462078913,0.12016164106297784,0.13006854505530713,0.1296992003917694,0.17297163605690002,0.12937386512343466
2025-06-03,0.08087902943259866,0.0586745434256,0.1060496168725738,0.10494752819091527,0.10605239407704065,0.11093437077767676,0.1319561495346522,0.12712740898132324,0.16687417030334473,0.12199166267678951
2025-06-04,0.08152327278136691,0.0610893994137,0.10533491319232564,0.10574146658509975,0.10533714227059683,0.10989659954312278,0.12427121225219805,0.12497733533382416,0.1632899045944214,0.11983551053879837
2025-06-05,0.07716534758030161,0.13990033949,0.12899657836307682,0.13043973213348148,0.12895998508989603,0.12733836412190025,0.13936524866553412,0.12679745256900787,0.1599075198173523,0.13454355439432125
2025-06-06,0.07585430128731238,0.085857154533,0.11105488530548352,0.11169790041384418,0.11107197126858373,0.11569690626029445,0.10707069038843636,0.12522204220294952,0.15950030088424683,0.12018781381769124
2025-06-09,0.07565898132585133,0.0486772400419,0.0975011159917169,0.09735477673974428,0.09753403985537742,0.10446503065726165,0.11998227193358031,0.12175425887107849,0.15921509265899658,0.11397236952967939
2025-06-10,0.07544486984067983,0.0653702803487,0.10266122740043541,0.10252205358132069,0.1026967707676345,0.10902686773306493,0.12109302491266002,0.11998991668224335,0.16004565358161926,0.11686221637985403
2025-06-11,0.07324736053675326,0.102762635629,0.11572406712245734,0.11670339276169284,0.11572058685506814,0.1174717625615651,0.12784941772774888,0.12064208090305328,0.1581445038318634,0.12460797310906413
2025-06-12,0.07311779397184191,0.0733929266906,0.10379153377004338,0.10222268783460549,0.10383569306801207,0.1104789257777331,0.09364406163487159,0.1189873069524765,0.17194586992263794,0.11498658270862573
2025-06-13,0.07494800717206242,0.104935232151,0.11406000178154097,0.11412227378921784,0.11408579176042055,0.1181282337149032,0.10557742204343876,0.11944521963596344,0.17174264788627625,0.12245165580168015
2025-06-16,0.07451439308702179,0.0621027823129,0.10202137168013985,0.10148206879924984,0.10210778494476626,0.11208211317767865,0.09682652368249951,0.11808694899082184,0.1722021996974945,0.11497271585323578
2025-06-17,0.07309646804308427,0.0801530123043,0.10805364596022612,0.10839230243164255,0.10809220881064927,0.1139442169979178,0.09364406163487159,0.11812189221382141,0.1719490885734558,0.11745677380322636
2025-06-18,0.06966374078591962,0.109561462523,0.11712115075686336,0.11794363509808418,0.1171873410066657,0.12382313729366792,0.10820961389763928,0.11950506269931793,0.17139577865600586,0.12502653134403488
2025-06-20,0.06718538778150648,0.109318407871,0.11864273496252381,0.11990412940741386,0.11877721514138369,0.122816219315872,0.1034111448144441,0.121636763215065,0.16262537240982056,0.12397336846664615
2025-06-23,0.06386046534271889,0.111474953401,0.11961771471561199,0.11745293773091789,0.1197571351539533,0.12359522301260338,0.1064832050485065,0.12288554012775421,0.16016820073127747,0.12427999378866068
2025-06-24,0.06375441517152111,0.0513803113094,0.10144089099057436,0.1010797945020209,0.10163003189050308,0.10871873393657185,0.10070954481697138,0.12101887166500092,0.16131603717803955,0.11370198642566887
2025-06-25,0.06312095720275732,0.0510766975569,0.09983736536847121,0.09987328007318136,0.09996539743228555,0.10615745101425951,0.09075987052050036,0.119268998503685,0.16151732206344604,0.11105424071083271
2025-06-26,0.06283323607384614,0.047900143676,0.0957121821500179,0.0953435897721649,0.0959237959223273,0.1037387136199697,0.11385559465000768,0.11699217557907104,0.15948784351348877,0.11157912788672104
2025-06-27,0.06190584684701502,0.0738501564696,0.10148534422720398,0.10125279113900605,0.10169766096615862,0.10899666388805812,0.11385559465000768,0.11610163748264313,0.15845105051994324,0.1145486775532887
2025-06-30,0.0635464558497331,0.0653401981371,0.09660986245700227,0.09667920076950177,0.09690422528424131,0.10616604737510017,0.09075987052050036,0.11449013650417328,0.15613335371017456,0.10824895666009911
2025-07-01,0.0656998966853836,0.0775354290354,0.10151202288086597,0.10145244179061086,0.1017937694780296,0.11020760023290231,0.0956955527855693,0.11405883729457855,0.15439987182617188,0.11130287089838978
2025-07-02,0.0697609918113216,0.0418327273371,0.09056016048155421,0.08938017662141612,0.09093150130314795,0.10214388541342928,0.11491276578452764,0.11198283731937408,0.15024492144584656,0.10716517833847083
2025-07-03,0.07046066445588346,0.0374594834255,0.08872482160687649,0.0876478982651711,0.08911790318881838,0.100720613735537,0.11491276578452764,0.11008329689502716,0.1489183008670807,0.10573222862043408
2025-07-07,0.07045241302319318,0.0770004765197,0.1004679566213666,0.10123192116650098,0.10077522131905407,0.1091374138133133,0.11307770200557532,0.11036936938762665,0.14705592393875122,0.11173078689316973
2025-07-08,0.07104571863722262,0.0710597572164,0.09902637645184595,0.09891797559930895,0.09943067948895604,0.1099059971007813,0.11491276578452764,0.11037452518939972,0.14936470985412598,0.11170471849556364
2025-07-09,0.07342919893805869,0.056200696375,0.09355328563436373,0.09372543864466691,0.09397116288009363,0.10503527947918263,0.11491276578452764,0.10947595536708832,0.14859989285469055,0.10846768294923048
2025-07-10,0.07407867574952404,0.0418091946725,0.08932650500693899,0.08883867092182082,0.08971427269014379,0.10064497517573356,0.08742760643978857,0.10819362103939056,0.14651170372962952,0.10152247928620654
2025-07-11,0.07440923151671115,0.0599488038506,0.09579898095502584,0.09559400678366314,0.096108273194493,0.10483408252280453,0.08742760643978857,0.10828913748264313,0.1463679075241089,0.10491714212893244
2025-07-14,0.07463593993180712,0.0608141063263,0.09521688897721768,0.0949639954442496,0.09558059629055676,0.10534823309196249,0.11491276578452764,0.1081535667181015,0.146119624376297,0.1086136672404161
2025-07-15,0.07415149971244492,0.0706277357139,0.09805846925736063,0.0988653840132433,0.09846914488223406,0.10871690264979839,0.11052333056929589,0.10839347541332245,0.14675256609916687,0.10996846755491738
2025-07-16,0.06990901045655502,0.129237125492,0.11899587066740826,0.12039466456389626,0.11922771654724734,0.12353706110779139,0.1319611440952988,0.11178514361381531,0.16088461875915527,0.12668374562208753
2025-07-17,0.0706187618170486,0.0499576473659,0.09619119400192795,0.09544246696715537,0.09651811673629222,0.10565456210129213,0.11491276578452764,0.11097079515457153,0.16034787893295288,0.11143396852553138
2025-07-18,0.07087830181635985,0.0450464372578,0.09398066155965575,0.09412349977040448,0.09429772513582227,0.10346906884405348,0.11491276578452764,0.1101108193397522,0.1576424241065979,0.10979099493440196
2025-07-21,0.07227735599185156,0.0413826051432,0.09189575838843982,0.09177969927960222,0.09224591176701945,0.10207658274884678,0.11491276578452764,0.10899393260478973,0.15470343828201294,0.10808686983646267
2025-07-22,0.07442214950071006,0.0694848535419,0.09959224282203225,0.09999442078136343,0.09990524382739838,0.10790929833787548,0.1081029791211275,0.11793401837348938,0.09840583056211472,0.10454914768934301
2025-07-23,0.07644252522973871,0.0572416106243,0.09224882539781314,0.09160410553388591,0.09268504164124632,0.10359895138252427,0.10010528696664032,0.11717768013477325,0.0969022735953331,0.09918888066460234
2025-07-24,0.08131539321838369,0.0485358755131,0.08962409758947741,0.08954537122952187,0.09002792993311856,0.10050910815837094,0.09563385145780114,0.11639486253261566,0.09560588747262955,0.09676301548193358
2025-07-25,0.08154559883415267,0.0303488797858,0.08355348832384613,0.08311232358016947,0.08400065165867089,0.09597408680025717,0.09563385145780114,0.11535075306892395,0.09341695159673691,0.09300601521234365
2025-07-28,0.08201487053732291,0.0391585294399,0.08600019104388475,0.08618684259925852,0.08641139663101967,0.09713192388788484,0.10010528696664032,0.11480733752250671,0.09289886802434921,0.09479169238222059
2025-07-29,0.08168003933144548,0.0549957297942,0.08985670294463534,0.09015295715057829,0.09026528567352705,0.10039479145367664,0.09563385145780114,0.11467288434505463,0.09008508175611496,0.09586593639734116
2025-07-30,0.08003087732414334,0.0926904699208,0.10269373192533202,0.10357963825848174,0.10302694663484449,0.11012279521254303,0.09975367012729999,0.11557918787002563,0.09170451015233994,0.1037800685972667
2025-07-31,0.07818162388045978,0.108887807386,0.1105778299817408,0.11179401253041,0.11079833992485116,0.1149822360445478,0.0991845155002506,0.11697779595851898,0.09477948397397995,0.10844203055918562
2025-08-01,0.07622390112446673,0.115336411038,0.11690966037387931,0.11768149320612231,0.11703454759175332,0.11908352623900623,0.10473961137374452,0.11865153908729553,0.09690111130475998,0.11300021273950875
2025-08-04,0.07674249296760224,0.058851570046,0.10149229326265466,0.1006671780280776,0.10187368306006496,0.11097210793887173,0.09967895259253834,0.11875823140144348,0.10279882699251175,0.1051773247537375
2025-08-05,0.07583864989593683,0.0768417591809,0.10788375916787606,0.10865897768358394,0.10802012193368671,0.11201059026667057,0.10506448017998603,0.11945642530918121,0.10247615724802017,0.10908150168414353
2025-08-06,0.07725701561593536,0.0825377092565,0.10901303682153003,0.10883153707298304,0.10920162525677223,0.11397078824364529,0.1009676700923985,0.1199769377708435,0.10121365636587143,0.109025035946292
2025-08-07,0.07495223446523046,0.101931024684,0.11430480237535387,0.11497258226946573,0.11438958851951901,0.11647613621349108,0.1025201207858351,0.12073728442192078,0.09914305061101913,0.11179193788522925
2025-08-08,0.07462378741865411,0.0613177836003,0.09965221159410154,0.09864383155851364,0.09988021686511946,0.1066694602039482,0.09896945674338563,0.1200534999370575,0.09535758942365646,0.10274660947511176
2025-08-11,0.07441271348068204,0.0680045094043,0.10208458578970256,0.1023053668642613,0.10220452799148717,0.10649019796819628,0.09484963807388677,0.11987188458442688,0.09223415702581406,0.10286290832825358
2025-08-12,0.07383777303168941,0.0663923279816,0.10107005620196194,0.10149134138699323,0.1012478007345608,0.10694184138606222,0.09896945674338563,0.11964115500450134,0.09088609367609024,0.10289253501907934
2025-08-13,0.07346029424252233,0.0589459585906,0.09766702305973923,0.09791881845717212,0.09781816607729979,0.10320868004489732,0.09738019994888945,0.11916366219520569,0.09404308348894119,0.10102851903887784
2025-08-14,0.07281094314525613,0.0621896784602,0.09653134053544177,0.09631064036336946,0.09671446222108211,0.10254498665818165,0.09484963807388677,0.11864559352397919,0.09166217595338821,0.0996084053327613
2025-08-15,0.07177959633915254,0.0677517664645,0.09847332965896134,0.09909015751687425,0.09865820273217456,0.1039701515092466,0.09484963807388677,0.11835061013698578,0.08840177208185196,0.10025626595856875
2025-08-18,0.0784295091464895,0.0529186981452,0.09336489785378099,0.09348820923401932,0.09360731994709047,0.10074331136142714,0.09802131047540111,0.11776000261306763,0.0861147865653038,0.09758569115001292
2025-08-19,0.07822090283551629,0.0769314821467,0.10091735074969924,0.10097662409126255,0.1011075440225975,0.1064174264646754,0.09738019994888945,0.11798432469367981,0.08467503637075424,0.10135121519165116
2025-08-20,0.0753662433892177,0.106937308558,0.11168210205796923,0.11264939948972319,0.11173651044543959,0.1140755923850059,0.09764738158744388,0.12022435665130615,0.09197613596916199,0.10857021122657858
2025-08-21,0.07266029024101817,0.0983741422221,0.11109566638193288,0.11138354027131259,0.11114906568916672,0.11395151330532942,0.09104113429376397,0.12108302116394043,0.09468477964401245,0.10776981724992264
2025-08-22,0.06752368491987533,0.136011525018,0.1256824699471839,0.1169865176664846,0.12567108602914534,0.12494317697766784,0.10414498767620325,0.12306466698646545,0.10130442678928375,0.11739961886749059
2025-08-25,0.0681987091123634,0.0413325092199,0.09746281959877424,0.09778445692919202,0.09745147627789963,0.1006769137262842,0.09104113429376397,0.12227530777454376,0.09663033485412598,0.10047463477922625
2025-08-26,0.07079517317957744,0.0560823566603,0.10067608928917225,0.10019456501452409,0.10068193426657539,0.10394277923038117,0.08701108529798804,0.12207584083080292,0.09509886801242828,0.10138302313455316
2025-08-27,0.07255616100965734,0.0432841408622,0.09360006680663507,0.09329449042514153,0.09366182055727783,0.09941785625528855,0.0929571494074718,0.12125220894813538,0.09329219162464142,0.09821082628922737
2025-08-28,0.07260197454667827,0.054690819302,0.09463037825843432,0.09475217622344735,0.09472429897818314,0.10119041617896582,0.0929571494074718,0.12067537009716034,0.09160342812538147,0.09864760246700632
2025-08-29,0.07259654003114832,0.0755809455541,0.09754073582064529,0.09806951220270085,0.09765269349486147,0.10380236675513461,0.08701108529798804,0.12030300498008728,0.08928683400154114,0.0990951760789941
2025-09-02,0.07181756343692343,0.0833938864789,0.10202169463766807,0.1007710104347114,0.10211942309266608,0.1073601420861679,0.09104113429376397,0.12043726444244385,0.09115354716777802,0.10212917373645704
