date,target,persistence,har,shar,har_rv_iv,har_x_lasso,hgb,lstm,lstm_x,combination
2022-10-07,0.2053911625740348,0.16004537155,0.1545532205136996,0.15370536702316628,0.15298075381951542,0.15949955904292673,0.16243990358362537,0.180467888712883,0.17798134684562683,0.1630897199344919
2022-10-10,0.20422313290929997,0.204818138917,0.172520946379174,0.17280251450032869,0.17107302692188567,0.16721674414125615,0.1616303040463175,0.18324071168899536,0.18082746863365173,0.17275881661594417
2022-10-11,0.20323519384257638,0.190487364783,0.17004294851177224,0.17058998874519046,0.16796213494717635,0.1719833032216862,0.16398009596799376,0.18492110073566437,0.1798783540725708,0.1727654180288649
2022-10-12,0.2034991408650405,0.172205243508,0.16291830869206952,0.1635577958946235,0.15993988180762636,0.1609782074175403,0.1616303040463175,0.18424038589000702,0.17829987406730652,0.16736639397364156
2022-10-13,0.19533649263621686,0.301046489396,0.2123671499875797,0.21166038082214056,0.21138944272283655,0.20015696729213042,0.17308925306940265,0.1988777369260788,0.18157033622264862,0.19844446672040245
2022-10-14,0.18649232735675858,0.299432320538,0.2200863356947126,0.2162674185063999,0.22174616909023098,0.21376075963657548,0.18025103755693056,0.21204032003879547,0.19192449748516083,0.20801093400125797
2022-10-17,0.18889165231905936,0.169466832096,0.17374336457404893,0.17418080803785263,0.17421390129111342,0.16378716126890364,0.1616303040463175,0.2072572559118271,0.19021140038967133,0.17786059935996207
2022-10-18,0.18472033384993544,0.212358224511,0.1894993620979244,0.1878675839735177,0.19098070672135323,0.1854417074310719,0.1616303040463175,0.20821964740753174,0.18789821863174438,0.18736250432992296
2022-10-19,0.1829281996700793,0.176343023448,0.17733497619529398,0.17668681036855532,0.1791212144815333,0.17085872223372556,0.16888900368408316,0.20478087663650513,0.18414424359798431,0.18025940674252583
2022-10-20,0.18052243856139435,0.199325348505,0.178331353402769,0.17846386760434493,0.17894943770734228,0.1760076145413167,0.17105935302513453,0.2024269998073578,0.18292950093746185,0.18116687528938957
2022-10-21,0.1757573514203716,0.213652013516,0.1787801360131928,0.17970550524822412,0.17872381914047913,0.17634071916691227,0.17105935302513453,0.2001030296087265,0.18376199901103973,0.18121065160195846
2022-10-24,0.16984213441553306,0.221448542328,0.18464374124316615,0.1850470881597866,0.1854729711946691,0.18498571846532802,0.1851979804746181,0.20033104717731476,0.18445289134979248,0.18716163400923932
2022-10-25,0.169437907810734,0.132051873527,0.14943169732360084,0.14962315818232422,0.14856745411580627,0.15705588212090288,0.16741174053726868,0.18998931348323822,0.18127644062042236,0.16333652662622336
2022-10-26,0.16565937843894188,0.168870974825,0.16174833078309395,0.16211717351943988,0.16208356699323612,0.1646276233359065,0.1616303040463175,0.1862965077161789,0.18246422708034515,0.16870967621064542
2022-10-27,0.16167243931097522,0.187673550394,0.1676362051253083,0.1664906167552467,0.16853720678554812,0.1600617582783536,0.17105935302513453,0.18543611466884613,0.18294620513916016,0.1717382085396568
2022-10-28,0.162051338017978,0.109464676769,0.13484808955869695,0.1341891228140011,0.13427218759595955,0.13395672552406074,0.16200707514363016,0.1753150224685669,0.1811276376247406,0.15081655153280799
2022-10-31,0.16408635652025355,0.150188753629,0.14441194554702835,0.14402671692757052,0.14401397764039026,0.14862768446578908,0.16960168807115328,0.1710740029811859,0.1844588965177536,0.1580307017358387
2022-11-01,0.16347494962519046,0.158321349353,0.14906475900447352,0.1458885399712631,0.14905377082244908,0.15575899999096607,0.16879208853384542,0.1695752590894699,0.18310075998306274,0.16017631105650426
2022-11-02,0.1513530685242627,0.308059695022,0.20798765793085924,0.20726924706146976,0.21081436808765208,0.19759984473592296,0.1797530815952891,0.1866048127412796,0.1795763224363327,0.19565790494125793
2022-11-03,0.14783949599577156,0.183412364473,0.16517702654615585,0.16593357812959497,0.16703993636863107,0.1602105552808442,0.17055135956556638,0.1865195631980896,0.18817996978759766,0.1719445698394971
2022-11-04,0.13853339260508188,0.2702769426,0.20444203423470678,0.20506302801588655,0.2091174172821038,0.1845212730688789,0.17771153412024215,0.19850486516952515,0.1853673756122589,0.19496107535765744
2022-11-07,0.13950562777406708,0.126554177814,0.15607191051567693,0.15606165051610696,0.159887862961438,0.14742404470054046,0.16122310423567718,0.18648767471313477,0.18527400493621826,0.1646328932255418
2022-11-08,0.1367995526478554,0.178614656221,0.17456672496514655,0.17446748289980185,0.17902858599114463,0.16293497422047953,0.16047656444443653,0.18718403577804565,0.17983569204807281,0.17407058004958967
2022-11-09,0.13421320288393895,0.166829290479,0.1615554316813086,0.16124874672695172,0.16381133942054174,0.15234932145396168,0.15777591518621872,0.18377813696861267,0.17569822072982788,0.16517387316677473
2022-11-10,0.13032597690777292,0.178631264173,0.1652177310585153,0.1661149568972055,0.16703089391907852,0.15462248852600322,0.16357573577704376,0.18217530846595764,0.1737363040447235,0.16749620266978965
2022-11-11,0.13847987233710232,0.149205677683,0.14760554043506946,0.14833832656763568,0.14959132817999293,0.1477537923861744,0.15203369810706777,0.1763288676738739,0.18036608397960663,0.15743109104706013
2022-11-14,0.1505309586634808,0.136907317339,0.14511233933602377,0.1446630106642845,0.14787919852406284,0.13711201075843255,0.148773721663754,0.1711161732673645,0.17552782595157623,0.15288346859507124
2022-11-15,0.14699729966666245,0.218249944769,0.17513757208249273,0.17565988806440508,0.17821272281077596,0.1684868525742646,0.15203369810706777,0.1752399206161499,0.17252512276172638,0.17104225385955463
2022-11-16,0.14924877067116954,0.111213620459,0.13630635742322944,0.13525194960142542,0.13802658899997894,0.1328146963310785,0.14949675843448593,0.16796204447746277,0.16957633197307587,0.14706210389153385
2022-11-17,0.14905388609978393,0.131379132109,0.14032016475960646,0.14102688847073766,0.14143208792110348,0.1387835071198122,0.1573064537303165,0.1639949083328247,0.17089664936065674,0.15053723709929395
2022-11-18,0.14850313145990748,0.146180405454,0.14519304925324622,0.1449459416196286,0.1464554135378006,0.1521927966744944,0.15768238212012634,0.16243785619735718,0.17043127119541168,0.15419124437115214
2022-11-21,0.14909586873184702,0.0999769659304,0.12798632524360976,0.12832457905508826,0.1287627703240507,0.1330816783829113,0.14066528560423786,0.15692898631095886,0.1703185886144638,0.14086688764790292
2022-11-22,0.151527857698235,0.0781616391448,0.11226059693666952,0.1127193017539393,0.11143815735508954,0.12540488383471213,0.13646716609774506,0.14877793192863464,0.16597069799900055,0.13043410512939868
2022-11-23,0.15335659846294505,0.120655007735,0.12752353862503266,0.12839718533779035,0.1276530990496943,0.12931530961441662,0.1464449369309321,0.14684230089187622,0.16208572685718536,0.1383231567581325
2022-11-25,0.15491553082063658,0.0439059498229,0.0967962688394838,0.09703878132540951,0.0959682246075613,0.1113233330879346,0.1356868375270118,0.1377038061618805,0.1615278422832489,0.11943501340464721
2022-11-28,0.15648393739188185,0.0884040092142,0.1081797804725648,0.10713237111345102,0.10692391786442083,0.12293718959105837,0.13445724835782313,0.1341831088066101,0.160265251994133,0.12486840974286591
2022-11-29,0.15541219947077384,0.120657964486,0.12060395623468402,0.12049172879153,0.11850392896812126,0.1364093810442969,0.14378050922196434,0.1349048614501953,0.15736068785190582,0.13315072193752825
2022-11-30,0.15315891822041966,0.191034768596,0.15092975769643835,0.1512719559885577,0.15071772645227208,0.15762790690680817,0.15045086073641054,0.14358869194984436,0.15673835575580597,0.15161789364087674
2022-12-01,0.15564827968787706,0.144429607758,0.13707899425126963,0.13616844978975526,0.13776366780742594,0.14299370751869891,0.14863133016116456,0.14660677313804626,0.1584779918193817,0.1439601306408203
2022-12-02,0.15903368234861445,0.121483792454,0.1347900199961087,0.13551675762559845,0.1362673819972503,0.135324447189525,0.15159986049846869,0.1481955647468567,0.16188465058803558,0.14336838323454906
2022-12-05,0.16054418999325137,0.107536808384,0.1325289725150277,0.13030707159934574,0.13432295219234483,0.12763578707624776,0.14437279204345055,0.14817237854003906,0.16492779552936554,0.14032396421368873
2022-12-06,0.16257901191499224,0.130706908002,0.14116210121726874,0.13931380664562748,0.1422204616798392,0.13735563784098645,0.15159986049846869,0.15017125010490417,0.1592533141374588,0.14586806173207909
2022-12-07,0.1614218162707259,0.14728430166,0.1443284746898843,0.1443287515758513,0.14391363598624768,0.14333584866722335,0.15113734856672734,0.14567077159881592,0.14935612678527832,0.14601013683857547
2022-12-08,0.16171925202122842,0.127284882532,0.1367087604284085,0.13730635067406954,0.13564451711847075,0.13547491106963253,0.15184845308297443,0.14479541778564453,0.15033172070980072,0.14173001869557159
2022-12-09,0.16102864981695028,0.114509400749,0.1324648704964311,0.13242297714805484,0.13158389895299671,0.13881921022238086,0.150280236121413,0.143256276845932,0.15369489789009094,0.1403603382396142
2022-12-12,0.1647312198111639,0.101559507386,0.12823841287652804,0.12885674812190961,0.12686962317755335,0.13115211213916167,0.1419873645699466,0.14114362001419067,0.15471410751342773,0.1361374269161025
2022-12-13,0.15588630876535758,0.261324405192,0.18819337191793475,0.1854238383159385,0.1882998826102349,0.17973764860916763,0.16767272817737702,0.15196754038333893,0.1558605432510376,0.17387936475214705
2022-12-14,0.1426985757443248,0.303124392762,0.21137061843298577,0.2073483939686714,0.21500603796902518,0.19147859637733722,0.16115016520411835,0.16445893049240112,0.16129174828529358,0.18744349867569038
2022-12-15,0.14038641609640728,0.159857457904,0.16718484005259995,0.16501000126787008,0.17098548040841008,0.15747565134437674,0.15074093772970867,0.16408997774124146,0.17044302821159363,0.16370427382225722
2022-12-16,0.13839494176973377,0.162404579875,0.17154927790369434,0.1709911854916349,0.1751666086569439,0.15086856145947994,0.15416979411999232,0.16476334631443024,0.16433632373809814,0.16454929966918197
2022-12-19,0.1376117668042061,0.126647740051,0.16161344190361296,0.1605981128947906,0.16512035009270964,0.1378571495320517,0.14676314541587002,0.16309475898742676,0.1645244061946869,0.1570816235744498
2022-12-20,0.13719147636990425,0.133892538514,0.1553315156572277,0.15547555750969858,0.15746922735624244,0.14340469122262203,0.14811573033597403,0.16053296625614166,0.15800592303276062,0.15404794448152387
2022-12-21,0.1376670361294424,0.117045940238,0.13748329994255537,0.1381781375232632,0.13796636132831258,0.13299994814065766,0.14811573033597403,0.15490266680717468,0.15287448465824127,0.14321723267659697
2022-12-22,0.13669551141915523,0.14650128714,0.14583637567786942,0.1461246880971032,0.1471101605240807,0.14203214938409875,0.14574478931240042,0.1529073268175125,0.1518566608428955,0.14737316437942294
2022-12-23,0.13617881219313818,0.162068745275,0.1503791789037306,0.15150886431825022,0.15085521686474254,0.14907332067868742,0.14911402996825554,0.1526889055967331,0.1555679738521576,0.15131249859750812
2022-12-27,0.13624705979153753,0.109634920411,0.13236013665557136,0.1327652420382774,0.1327870111181718,0.12960470382084902,0.14475939831110526,0.14891573786735535,0.15479370951652527,0.13942656276112222
2022-12-28,0.13540114314028076,0.134430983266,0.13990546766880282,0.1377309880814006,0.13998203720439117,0.14080023431695907,0.14902186022163955,0.14806188642978668,0.15128108859062195,0.14382622321622884
2022-12-29,0.13598572474570264,0.0868254290518,0.12250143383969606,0.12294276092217388,0.12158142283148142,0.1337512925760792,0.13967118583757693,0.14395453035831451,0.14059022068977356,0.13214183529358509
2022-12-30,0.14103111206431154,0.147962951515,0.14219093114999232,0.14252455413960724,0.14221958173405053,0.15550880844937567,0.15897830202603,0.14541436731815338,0.1390446424484253,0.1465544553236621
2023-01-03,0.13840502680568506,0.192362416088,0.15856606434729653,0.1579521791084088,0.15916812326466148,0.16809780590439197,0.15423265025330338,0.14967688918113708,0.1406194567680359,0.15547330983246216
2023-01-04,0.1368236700141697,0.192691826531,0.16401728632263038,0.16408913937231584,0.16498019387850116,0.1695559011317778,0.15782761225436873,0.15391215682029724,0.14379167556762695,0.1597391379067883
2023-01-05,0.1348254892657364,0.147313904168,0.15009333609514097,0.15081592578178105,0.15142618653963602,0.14911386081296862,0.1602364684102681,0.15409637987613678,0.14399966597557068,0.15139740335592888
2023-01-06,0.13700941816342846,0.175760511684,0.1649107219669283,0.16540165241158536,0.16707488529880885,0.1572359740616314,0.16667357594201096,0.15752463042736053,0.15064364671707153,0.16135215526077099
2023-01-09,0.13813640950916453,0.117554609548,0.14429574257825636,0.1438510303222785,0.14653240663647563,0.13640875839499364,0.1491044441781389,0.1559934914112091,0.15538889169692993,0.14736782360261172
2023-01-10,0.1383675774386341,0.134980847348,0.1461351732634186,0.1465612539515159,0.14741384495920792,0.1465306067187982,0.15546834700235476,0.15463903546333313,0.15371382236480713,0.15006601196049082
2023-01-11,0.13917635047966734,0.0918243115886,0.12568646371947048,0.12596159885299074,0.1262972816776575,0.12529961754454605,0.13747666254105342,0.1487678587436676,0.15061914920806885,0.1343012331839221
2023-01-12,0.1343158423045264,0.188794747361,0.15928340068684138,0.15966382966400766,0.16076312230092535,0.1527680153614687,0.15698426075865585,0.15274417400360107,0.15480031073093414,0.1567153019294906
2023-01-13,0.13905115522868552,0.093476953466,0.1231387393618781,0.12363103033808785,0.1244921064836088,0.12374795137897278,0.13468568775281323,0.14701974391937256,0.16145578026771545,0.13402443421463553
2023-01-17,0.13979043208342695,0.0958831837486,0.12334411078555596,0.12379903788285523,0.12482466562042732,0.12352856843674212,0.13487935021627867,0.14276519417762756,0.1596446931362152,0.13325508860795746
2023-01-18,0.13989126981307448,0.108669753157,0.12673539519335755,0.12401137537652729,0.12750344298569288,0.12857403810989076,0.1431718160624123,0.1400928497314453,0.15559783577919006,0.13509810760550228
2023-01-19,0.1400116514144648,0.121310936475,0.13298132483696806,0.1331806053501877,0.13359056680086936,0.13537038193118478,0.15293624422691135,0.13968497514724731,0.15634936094284058,0.140584779890887
2023-01-20,0.13938702172905626,0.107239254129,0.12329204533222411,0.12391571444478523,0.1228197963205938,0.1272617453130863,0.14745827878488965,0.13717767596244812,0.1586150974035263,0.13436290765165051
2023-01-23,0.13953246876927106,0.124506109115,0.13093675153639592,0.13175229641363775,0.13134132700603876,0.14102436855528733,0.15293624422691135,0.1373029351234436,0.15990853309631348,0.14074320799400403
2023-01-24,0.1390837153270533,0.128236877444,0.1343308772172646,0.13436465276100665,0.13507394390513794,0.13794456951403625,0.15178727392633123,0.13828855752944946,0.1594916582107544,0.14161164758056866
2023-01-25,0.13893470706555078,0.125956648291,0.13470510570590616,0.13550452654511108,0.13571877955719489,0.1343429642526158,0.1492132501984464,0.1391352117061615,0.15637126564979553,0.14071301480217593
2023-01-26,0.1365824943298972,0.152661079543,0.14536547536979644,0.14496587043838188,0.14693494886883623,0.1437241422889114,0.15553053755318233,0.14227670431137085,0.1558040827512741,0.1478002516545362
2023-01-27,0.13560774993333088,0.111401330401,0.13262990963909033,0.13302688261415296,0.134147173182888,0.13473253205920044,0.14891229686865304,0.14128273725509644,0.1573602855205536,0.14029883101994783
2023-01-30,0.1357841165491443,0.115091540788,0.13315952694198724,0.13341127574305706,0.13477694058002798,0.13676158560306426,0.15006126716923315,0.1408337950706482,0.15713045001029968,0.14087640587404537
2023-01-31,0.13588973624118195,0.104260530976,0.12823006733890407,0.12857897942823038,0.1287070271348379,0.1331372421623522,0.15347395763838562,0.13924655318260193,0.15457886457443237,0.13799324163710636
2023-02-01,0.12808325570076365,0.226371016179,0.17351360168044688,0.17458379406776914,0.17628838021018317,0.17594115171988378,0.15698426075865585,0.14900973439216614,0.15177865326404572,0.16544279658473582
2023-02-02,0.1251858652265758,0.146945614083,0.14756666524083115,0.14836019070637757,0.15031874290521846,0.14359490583137574,0.1440721970631678,0.14966055750846863,0.16502834856510162,0.1498002296886487
2023-02-03,0.12490444138850469,0.167302749123,0.1579909060016812,0.15847549717143689,0.1614524283720303,0.1481713712823507,0.14769924636455253,0.1525653898715973,0.16185198724269867,0.15545811804376394
2023-02-06,0.12547453064322975,0.101501230696,0.1363829682273993,0.13628237528903211,0.13906500246241188,0.13493702794416476,0.14231722564961105,0.1491418480873108,0.16372127830982208,0.1431211037099646
2023-02-07,0.12119324029606932,0.208227730554,0.17736932533028318,0.1784375035707184,0.18126696351371155,0.17466667519654572,0.16143974237267014,0.15649673342704773,0.16208112239837646,0.17025115225847903
2023-02-08,0.12649797790899583,0.142586508915,0.1506270821583457,0.15007155831631183,0.15334230674709404,0.147335809024011,0.1509742200578448,0.15910029411315918,0.1567542552947998,0.15260078938736663
2023-02-09,0.13954915997556416,0.139864667046,0.1491711236308813,0.14668729557989196,0.15135073538796592,0.14317418742703034,0.15176679786063837,0.15758562088012695,0.15765604376792908,0.151055972076352
2023-02-10,0.14214044539483617,0.114654154645,0.13774559497722033,0.1384386970104291,0.13878071090367539,0.13602424994475426,0.15582486504269233,0.15327224135398865,0.1609986126422882,0.14586928169643548
2023-02-13,0.1475871224748528,0.087908616273,0.1283763700179131,0.12892619594074545,0.12919404003584034,0.13094821452823455,0.142929927139677,0.14767464995384216,0.1616826057434082,0.1385331433370944
2023-02-14,0.14613864885325578,0.189530959568,0.15931525967506371,0.15849178128586797,0.1607485515961261,0.15828641725148088,0.16581558376656963,0.15253746509552002,0.1573099046945572,0.1589292804807408
2023-02-15,0.1488238667168731,0.116286494015,0.1342165703611192,0.13470275161566614,0.13568429391845935,0.12780485396434987,0.1555690456103478,0.14891207218170166,0.15547502040863037,0.14176637258003918
2023-02-16,0.14945484169113024,0.111361425439,0.1306564239885365,0.13083580265313344,0.13204427627390142,0.13125926095754853,0.14995019314286215,0.1457299292087555,0.15624423325061798,0.1395314456393365
2023-02-17,0.14838286464074213,0.124193162888,0.1352831202554926,0.13559684097137614,0.13617640574861617,0.1330686547878013,0.15338416221888662,0.14488184452056885,0.15622885525226593,0.14208855482214394
2023-02-21,0.15475005869573685,0.0885173588325,0.12419130014366678,0.12193523103671826,0.12494962283379721,0.12556328608499598,0.13985623458889462,0.14121726155281067,0.15738937258720398,0.13358604411829822
2023-02-22,0.15643032285616748,0.127881583929,0.1324071487222862,0.13205239540659958,0.1315118613095099,0.14352228306290332,0.16011090813454557,0.14112314581871033,0.15531674027442932,0.14229206896128346
2023-02-23,0.15816820919187016,0.117554529183,0.1292565771243017,0.1290758915950358,0.1286152306317688,0.13372775593039307,0.15875661668829077,0.14026713371276855,0.15429970622062683,0.1391427017004551
2023-02-24,0.15759764068475138,0.122454519603,0.13158616874800247,0.1316503035327541,0.13160071067367254,0.13654374196374003,0.15696714476822166,0.14038485288619995,0.1550692468881607,0.14054316706582165
2023-02-27,0.15729615157821503,0.0984673993604,0.12239789115175351,0.12169517253362559,0.1217036449938329,0.12445825060577015,0.1418746709299685,0.13794904947280884,0.15593591332435608,0.1322877990017308
2023-02-28,0.15699363578050546,0.0826959623667,0.11737516321139485,0.11732869161387108,0.11667537368636284,0.13331726910615913,0.14643127881967047,0.1347810924053192,0.15456900000572205,0.13149683840692852
2023-03-01,0.155558871225978,0.119378459225,0.12838466637936918,0.1287533268627896,0.12791654216706466,0.1359418286607492,0.15847053123887164,0.13563382625579834,0.15314222872257233,0.13832042146960213
2023-03-02,0.15457924225445793,0.107111318736,0.12383649252388981,0.12494648846427038,0.12306367725534764,0.12872137015127,0.1565176032474848,0.13506269454956055,0.15419840812683105,0.1351923906169506
2023-03-03,0.15424830641172307,0.0892700198578,0.11602814018160282,0.11695615775109142,0.11525871534743382,0.12119817651152995,0.14033047034648666,0.13261011242866516,0.15389952063560486,0.12804018474320208
2023-03-06,0.15479560975863235,0.0786308030744,0.11209587272584208,0.11193217141312897,0.11155043552031237,0.11490615385531394,0.13285893268478152,0.12951725721359253,0.15449531376361847,0.12390801959665569
2023-03-07,0.1518726088277027,0.162825676757,0.14408476043439503,0.1405585960752446,0.1446067257558581,0.13957655401747068,0.1626172763111317,0.1361744999885559,0.15281201899051666,0.14577577593902466
2023-03-08,0.15039503181426572,0.11532564947,0.12903295500321804,0.13006964672136273,0.12872364255844193,0.12427356204242149,0.1588976849066282,0.13648590445518494,0.15222199261188507,0.13710076975702035
2023-03-09,0.1479944001909518,0.145539013641,0.14096235306979243,0.1376945161804013,0.1414659802303564,0.13795894516835108,0.1588976849066282,0.14016449451446533,0.1506749391555786,0.14397413046079618
2023-03-10,0.140635552882962,0.218914567533,0.1724955189466686,0.17356428219463382,0.1730355104888494,0.1665558452625492,0.1630716192911928,0.1575959324836731,0.14722144603729248,0.16479145067212278
2023-03-13,0.12666372296511894,0.304103514316,0.21361711664939279,0.21596474890389156,0.2159317037429444,0.19471592704184953,0.16546297095112955,0.1697763055562973,0.15445540845394135,0.1899891687570638
2023-03-14,0.12207990424551947,0.168743227087,0.17147676933765965,0.17193310423996694,0.1721352245212053,0.16889954624310236,0.15600756563411305,0.17163151502609253,0.15895073115825653,0.16729063659434232
2023-03-15,0.11661046499014573,0.202155948183,0.1873710648490841,0.18860522615735337,0.190533309312097,0.1811442512677074,0.17114407254009326,0.17608940601348877,0.17207783460617065,0.18099502353514207
2023-03-16,0.11187737512235438,0.164278574282,0.17638182618076337,0.17716074326799744,0.17884313150383385,0.17015845103208235,0.15525234312982325,0.1775892972946167,0.17426533997058868,0.17280730462567226
2023-03-17,0.10685316349437858,0.173652986223,0.17633234245539264,0.17548511324691712,0.17969795969973756,0.16934301214518838,0.15600756563411305,0.17861118912696838,0.1752915233373642,0.17296695794938308
2023-03-20,0.10387444083637515,0.127881591652,0.14999309050425108,0.15048620664708995,0.15046443427194292,0.15150066092290412,0.15439452273490162,0.17481283843517303,0.17319676280021667,0.15783550233092564
2023-03-21,0.10321204566173273,0.0933764574384,0.13417209307136446,0.13413046873427542,0.13450178336189403,0.13504906014273305,0.1425735139321895,0.16921086609363556,0.1661563664674759,0.14511345025765257
2023-03-22,0.09363974824795718,0.219926241974,0.1745106364501381,0.17224270218316173,0.17668180369965736,0.16765841960658712,0.15418385467537546,0.17221882939338684,0.16628319025039673,0.16911134803695763
2023-03-23,0.0874345822788512,0.165329578726,0.15708410774717074,0.1562796147119104,0.158447156663321,0.14877464048384115,0.16270179592465464,0.17144295573234558,0.17179317772388458,0.16093192128387543
2023-03-24,0.08239104010516435,0.159061414627,0.153969863736416,0.15511268763973707,0.15519075890051065,0.14309658301083922,0.1548825197632851,0.1704462468624115,0.1643378585577011,0.15671950263870008
2023-03-27,0.0811893758527161,0.105884948555,0.13588615180991725,0.1352213573979963,0.13704726884708684,0.12791813584267225,0.15055982072844679,0.16655480861663818,0.1596633791923523,0.1446929889193014
2023-03-28,0.08059521084637226,0.0877618979229,0.1300103915040603,0.12886637919049,0.13133812089007046,0.12916367591949404,0.13762876744727576,0.16300997138023376,0.15891098976135254,0.13984689944185383
2023-03-29,0.08288515204598951,0.0695844239131,0.11427755956937004,0.11463089338531038,0.114470209530601,0.11991558855254841,0.13416995149878388,0.15767239034175873,0.15810467302799225,0.13046303798662354
2023-03-30,0.08303687810633056,0.0695269163622,0.10783441703040099,0.1077560808682687,0.10768124073818401,0.1131916144044036,0.13192896931658335,0.15281295776367188,0.1576198935508728,0.12554645338176934
2023-03-31,0.08445113157594988,0.071362516053,0.10271468978204966,0.10333489045924112,0.10196526443896395,0.10888042371237924,0.13192896931658335,0.14836014807224274,0.15791790187358856,0.12215746966500696
2023-04-03,0.08623723780090362,0.0763078779603,0.1024188996723874,0.103030058260276,0.10152466213064011,0.10998432647484527,0.13282050991073405,0.14518415927886963,0.15471090376377106,0.12138193135593192
2023-04-04,0.08877615292198238,0.0986648841028,0.11011066809823894,0.10958844533147256,0.10957765536122957,0.11871289921649922,0.12734967110099826,0.1442870795726776,0.1537841260433197,0.12477293496063369
2023-04-05,0.08826814822955786,0.0876811254178,0.10785039019792612,0.10799705460493789,0.10727411543294124,0.11237208182882892,0.12734967110099826,0.14318959414958954,0.15377576649188995,0.12282981054387312
2023-04-06,0.08845309112819742,0.0626171490381,0.10005391554890478,0.10067071866607834,0.09915830165728291,0.10664391050241513,0.12754278623597973,0.14105503261089325,0.1535286009311676,0.11837903802181739
2023-04-10,0.08793568246782191,0.0783506174469,0.10564721144234634,0.10640219817401102,0.10507089949925705,0.1103001466141082,0.12734967110099826,0.14040672779083252,0.15237072110176086,0.12107822510333059
2023-04-11,0.09158041134059838,0.057618825582,0.09883529750074894,0.09873933567445824,0.09782324264517553,0.10670067600425721,0.12861756507848357,0.13112086057662964,0.10565434396266937,0.1096416173489175
2023-04-12,0.09031663984942088,0.118537281113,0.11967937075838983,0.11762729361971144,0.11897890005742434,0.12391394381602844,0.13750294347110759,0.13220766186714172,0.10594114661216736,0.12226446574313868
2023-04-13,0.0914220065422653,0.0673065160077,0.10354104771321593,0.10412954993202193,0.1022550024881126,0.10967345855709165,0.12210512664814951,0.13043063879013062,0.10880999267101288,0.11156354525710502
2023-04-14,0.08917241385953618,0.115980495786,0.12258867284271006,0.12142246737435303,0.12240596044163365,0.12307597525605543,0.11894822978694429,0.13132880628108978,0.10753875970840454,0.12104412452731297
2023-04-17,0.09007948903117512,0.0653982176222,0.10664376867805017,0.10687488892702482,0.1061974915129229,0.10621675007788839,0.09741502825550467,0.1296693980693817,0.10198000073432922,0.10785676089358598
2023-04-18,0.08997304736078243,0.0841275269962,0.11468217338110699,0.11390251807557275,0.11459238948491356,0.11158935453013191,0.09887930949039404,0.12924246490001678,0.10261988639831543,0.11221544232292165
2023-04-19,0.09213423574494771,0.0563206942425,0.1024085019916624,0.10280601268890927,0.1016759341066854,0.10489290748804692,0.09741502825550467,0.12700851261615753,0.10422159731388092,0.10577549920869245
2023-04-20,0.09305509518349009,0.0764102606105,0.10954845644840885,0.10987895885315876,0.10900724227450526,0.10897951444845741,0.09703223160091458,0.1260942965745926,0.10382570326328278,0.10919520049476003
2023-04-21,0.0929225341345661,0.0937909890999,0.11346466890583815,0.11348816107873391,0.1126130886405412,0.11835609545100266,0.10344816604557745,0.12583015859127045,0.10846684873104095,0.11366674106342925
2023-04-24,0.09475435707847107,0.0611420301826,0.10380985102176811,0.10375450314622431,0.10279161023392397,0.10620630560032145,0.10013680692120862,0.12407021224498749,0.10427434742450714,0.106434805227563
2023-04-25,0.09512604916063319,0.0855193379369,0.11190976297050483,0.10995231015902956,0.11094207805724007,0.1135053459435356,0.10064676154826173,0.12355650961399078,0.10250964760780334,0.11043177370005228
2023-04-26,0.09602714834432605,0.0841645936667,0.11375111002469664,0.11294207200084899,0.11192862500807797,0.11504288946030156,0.1125893093722634,0.12312020361423492,0.10257202386856079,0.11313517619271204
2023-04-27,0.09623694551236338,0.0753889195268,0.11110214671412687,0.11155034598898607,0.10932850397583226,0.11033653757816347,0.11642273586999845,0.12249082326889038,0.1055503785610199,0.11239735313671677
2023-04-28,0.09539238675728164,0.112710074243,0.12388691026349022,0.12462676750248523,0.12333113721462394,0.1204214565244596,0.1123366002248427,0.12352161109447479,0.10685817897319794,0.11928323739965349
2023-05-01,0.09559577953865117,0.073230189908,0.11237875082540959,0.11210196918261858,0.11208448095159637,0.10265803021049462,0.10013680692120862,0.12303443253040314,0.1049703061580658,0.10962353953997095
2023-05-02,0.09487618251075873,0.100333888455,0.12167133234242679,0.12026297476835747,0.12154955387947758,0.11447920078719886,0.09703223160091458,0.12387695908546448,0.10595855116844177,0.11497582909032593
2023-05-03,0.09376389463647934,0.110567223802,0.1264454298426804,0.12432401664652473,0.12604455905707063,0.12202389038391646,0.11539861678964257,0.12520764768123627,0.11281916499137878,0.12175190362749284
2023-05-04,0.09155771135594425,0.138079637822,0.13894277652327808,0.13910346817340855,0.13889997634806397,0.1276741876862921,0.12079818401702962,0.12785619497299194,0.10960958898067474,0.12898348238596272
2023-05-05,0.09136297016880963,0.076152831226,0.11728372787963919,0.1178166734964133,0.11611691451127963,0.11698956977096259,0.11786210143367959,0.1271498054265976,0.10476121306419373,0.11685428651182365
2023-05-08,0.09176783803386676,0.0678767814283,0.11444322054042005,0.11416684807412901,0.11429181857051675,0.10887869472452721,0.10013680692120862,0.12637488543987274,0.09989228844642639,0.11116922324530011
2023-05-09,0.09153051733265796,0.0649788626727,0.11113867668605712,0.1112081704255412,0.11070371138464527,0.10661613362549408,0.10013680692120862,0.12533624470233917,0.09653079509735107,0.1088100769775195
2023-05-10,0.08874737570268318,0.130613806147,0.13191658006864473,0.1315113285906213,0.13176322028555199,0.12653455161786037,0.11289225158448536,0.12782195210456848,0.14059679210186005,0.12900523947908463
2023-05-11,0.08700302551271652,0.0960400153765,0.11816210281503461,0.11834542544990405,0.11791475473471691,0.11801787994155416,0.10089374334614228,0.12758775055408478,0.14476072788238525,0.12081176924626029
2023-05-12,0.08600065558520353,0.0935350836537,0.11865752483587971,0.11847452395124877,0.11853139314414626,0.11616093393368743,0.10089374334614228,0.1274864375591278,0.1416657269001007,0.12026718338147614
2023-05-15,0.09024044694967773,0.0701422396459,0.11150270822396742,0.1115743408009493,0.11133318538117913,0.11346082630056453,0.0996967924742289,0.12688806653022766,0.14105692505836487,0.11650183496706883
2023-05-16,0.09046551165265358,0.0877007458941,0.11862205742914045,0.11864281288454828,0.11869927467412109,0.1185572840687098,0.10062806929975378,0.1270247995853424,0.13870438933372498,0.12012552675362011
2023-05-17,0.09099246696700558,0.0817005131632,0.11342598023026967,0.1139119220498063,0.1129068077500806,0.11156260703592136,0.1035945014793292,0.12663458287715912,0.14032647013664246,0.11748041022274411
2023-05-18,0.08937837749086744,0.106943684448,0.1219055455012561,0.12265018468301091,0.12183990613525134,0.12018259835743479,0.1155930097176723,0.12708641588687897,0.14025762677192688,0.12421646957906161
2023-05-19,0.08859617777661292,0.0970552839154,0.11885717352017569,0.11856527409748961,0.11898399346800621,0.11637720869405062,0.10177751399906783,0.12724848091602325,0.1383478045463562,0.12002249274873848
2023-05-22,0.08830104798220914,0.0909891666866,0.11827830764621242,0.11855397179468243,0.11838483816962779,0.11022429507366498,0.1035945014793292,0.1274009495973587,0.1387554407119751,0.11931318635326438
2023-05-23,0.08649591132367818,0.10468025314,0.1236189619158172,0.12241619523533985,0.12380222066108904,0.12244241651692524,0.11800026543205273,0.1279815286397934,0.13828402757644653,0.12522080228249485
2023-05-24,0.08560226976975085,0.0937852604402,0.12086489751121085,0.12112305803900385,0.12072978228926944,0.12351545570894082,0.10664533495790467,0.12819929420948029,0.1397809386253357,0.12297982304873509
2023-05-25,0.08359860325778178,0.103445089888,0.12355560650808028,0.1237852880286865,0.12306509238309087,0.12535959132120728,0.12561105951378657,0.128618985414505,0.1415596902370453,0.12736504477234312
2023-05-26,0.08424499689262502,0.0808118487473,0.1154396650433667,0.11577175134789124,0.11511610222039517,0.11755152389173985,0.10691100900429316,0.12823329865932465,0.14365077018737793,0.1203820171934841
2023-05-30,0.08305285973061735,0.0964617748109,0.12057729313879545,0.12020010358443758,0.12069112573252622,0.12219911698387383,0.10600175719370968,0.12845538556575775,0.14272594451904297,0.12297867524544906
2023-05-31,0.08280823805618376,0.0786029173462,0.11344780150184652,0.11332492260901549,0.11335937451814362,0.11311038124622212,0.10600175719370968,0.12791772186756134,0.1412707269191742,0.11834752655081042
2023-06-01,0.08104348146380953,0.0847854053416,0.11472086689765876,0.11531279398037747,0.11461362441151585,0.11603423313739002,0.10509607396839653,0.12768182158470154,0.13953879475593567,0.1189997441051394
2023-06-02,0.07940879990229849,0.0884242472436,0.11491670410289312,0.11539755206765484,0.11508707912841376,0.11929636771436979,0.10153375252506693,0.12746873497962952,0.14048200845718384,0.1191688855678874
2023-06-05,0.07748502302450248,0.102372185574,0.12073504886283237,0.12002210240799625,0.12126413033233113,0.11897396944306464,0.10873029012093256,0.12779600918293,0.14157278835773468,0.12272776267254595
2023-06-06,0.0775122961902799,0.071071708152,0.10962303943595648,0.11011220175659425,0.10975119523716326,0.10768682922599271,0.09577859248467692,0.12697148323059082,0.13612323999404907,0.11372094019500335
2023-06-07,0.07703806618408902,0.0785129086411,0.11192480809449001,0.11172173090133562,0.11223685773188398,0.10912889596003739,0.0967317818825894,0.12661688029766083,0.1326504349708557,0.11443019854840755
2023-06-08,0.07811131113065048,0.0575216673566,0.10362371009379988,0.10400810952971903,0.10369595243245001,0.10661014539249078,0.09489482183175137,0.12565834820270538,0.1308664083480835,0.10990821369014284
2023-06-09,0.07748920814382401,0.0807678727331,0.10981553180709464,0.10970804973399373,0.11004552810320471,0.10858807872359297,0.08121867132886805,0.10815183818340302,0.08828365802764893,0.10225876512968658
2023-06-12,0.07745522201344775,0.0527798199393,0.09818124542088066,0.09866844733209801,0.09792490808184748,0.09684252930341214,0.0754659743132964,0.10636292397975922,0.08155659586191177,0.09357180347045795
2023-06-13,0.07716373781717471,0.0714641479428,0.10413618995173618,0.1045822062780159,0.10375809676731784,0.10781977227946979,0.08662718435823437,0.10578371584415436,0.08139124512672424,0.09915691580080753
2023-06-14,0.07125853911373037,0.143567647397,0.1306540686249417,0.13110478854311447,0.1310722866870989,0.12828696417038138,0.09478962323902959,0.1087823361158371,0.08814461529254913,0.11611924038185033
2023-06-15,0.06961711140210458,0.0924418845613,0.11697956825838164,0.11774846576816712,0.11748749060534508,0.10779344435001839,0.07660350921406235,0.10927753150463104,0.07272113114595413,0.1026587344066514
2023-06-16,0.06812493933152117,0.0931826111492,0.11801175871533734,0.11744962322719832,0.11852488664534955,0.11082535821452819,0.07758663157073324,0.10985837876796722,0.065948486328125,0.10260073192417697
2023-06-20,0.06801424665143208,0.0729597376956,0.11311286040071059,0.1128073807520071,0.11374073216675216,0.10387694746256292,0.07359477530756482,0.10966655611991882,0.06787317991256714,0.09923891887458337
2023-06-21,0.0678701367816497,0.0805995258307,0.11622571372787459,0.11610244145196918,0.11677969901429397,0.10838632426332138,0.0843581961608733,0.10989800095558167,0.07051593065261841,0.10318090088950464
2023-06-22,0.0670005080202131,0.0847506222696,0.11365111416417323,0.1143232184614131,0.11395840207739431,0.10563629770704727,0.08066026912319897,0.10959772765636444,0.07027561962604523,0.10115752125937665
2023-06-23,0.06628402523656209,0.0658162215385,0.10610910342952908,0.10639517256056069,0.10623769146472606,0.10361304630998194,0.07666209858411832,0.10838669538497925,0.07059881091117859,0.09685751694929627
2023-06-26,0.06834195353323755,0.0746056249237,0.10774819587473827,0.10747088717939207,0.10770526685798475,0.10476904067225665,0.08298764360372192,0.10762324929237366,0.07532093673944473,0.09908931717427315
2023-06-27,0.07041761802253184,0.0598449833925,0.10244807674235035,0.10294709690352787,0.10214896559752568,0.1058504175281702,0.08689121215367819,0.10636289417743683,0.0773138701915741,0.09770893332775189
2023-06-28,0.06992298687759269,0.0938557863345,0.11395425947086671,0.11452492452984885,0.11396515569081736,0.11644227333642013,0.07351787216636979,0.10684596002101898,0.07122842967510223,0.10149698212720629
2023-06-29,0.06988397891996706,0.0715303583633,0.10617536464004663,0.10659150893907371,0.10605139034514151,0.10388952114991215,0.09031870366183603,0.1061008870601654,0.07264553755521774,0.09882470190734187
2023-06-30,0.06919858022220976,0.0729820594845,0.10721881773327349,0.1074143846260735,0.10712934828298687,0.10534598886061128,0.08418674323551836,0.10573284327983856,0.07621785998344421,0.09903514085739232
2023-07-03,0.07094787341298653,0.0334101558341,0.09238476714285977,0.09265737337292639,0.09190100465434381,0.09076344727357759,0.08318305679686916,0.10353384912014008,0.06668654084205627,0.08873000560039615
2023-07-05,0.0725282078573676,0.0480706916708,0.0963355478940761,0.09662672257465185,0.09572721168138203,0.09534814172053262,0.08058728376612684,0.10241767764091492,0.07183359563350677,0.09126802584445588
2023-07-06,0.0753087087574068,0.0643557417333,0.09954722800919724,0.09976536834814059,0.0986760433336953,0.09622136823800286,0.07815144333061977,0.10188446938991547,0.0684082880616188,0.09180774410159857
2023-07-07,0.07557857379464315,0.0716935165748,0.10198846291622302,0.10216409054144693,0.1009368996149124,0.10238342243294661,0.08585607194768756,0.10171832144260406,0.07022590935230255,0.09503902546401759
2023-07-10,0.0763121944198273,0.0680083525596,0.1005255781916795,0.10084402351817354,0.09951482169212915,0.1059310034972185,0.08399976391681495,0.1014329046010971,0.07666555047035217,0.09555909226963785
2023-07-11,0.07675935473315237,0.082495582936,0.10828638589336752,0.10877336559519177,0.10759407148207215,0.11154205586701599,0.08907999540421568,0.10224491357803345,0.08658123016357422,0.10201457399763868
2023-07-12,0.08010004096955955,0.0670123776789,0.10392627757653328,0.10386818284566139,0.10332961118840564,0.09123223771959024,0.07837580687330789,0.09805528074502945,0.0824567899107933,0.09446345526561731
2023-07-13,0.08185301166226884,0.0517216028284,0.09845833907463185,0.09883995145435284,0.09795279470216109,0.07868979008279285,0.07662219050900937,0.09750724583864212,0.08190643042325974,0.08999667744069284
2023-07-14,0.08205429332178495,0.0645033006384,0.1019032890131777,0.10165687047115293,0.10139750012648277,0.086717930869506,0.08078475735216532,0.09753716737031937,0.08465508371591568,0.0935217998455314
2023-07-17,0.08377215171951452,0.0469674950982,0.09515388946933521,0.09558911889092461,0.09446501071862658,0.08423940913043165,0.07723042707645533,0.09673210233449936,0.08162865787744522,0.08929123078538827
2023-07-18,0.08574470776109602,0.0607414264863,0.09837973535944128,0.09895335082799302,0.09746929534691201,0.085720161678394,0.07664979636750523,0.09632695466279984,0.07930424809455872,0.09040050604822915
2023-07-19,0.08709966967943426,0.0660815205525,0.1001041347155978,0.10030116635382207,0.09919670493921133,0.08674442363292661,0.07397429117471925,0.09612787514925003,0.07490933686494827,0.09019399040435362
2023-07-20,0.08814920602820969,0.0707577662593,0.1029359394687369,0.10279026831521587,0.10208364957624279,0.095181759037927,0.07849786285051812,0.09624660760164261,0.07698764652013779,0.09353196191006015
2023-07-21,0.08849788593851132,0.0780067668046,0.10607059317155831,0.10576063322686634,0.10533184267226181,0.0963026144722745,0.08032436727677829,0.09668046981096268,0.08466489613056183,0.09644791668018053
2023-07-24,0.08962788108815782,0.0686995833133,0.1046788549808173,0.10474798854585524,0.10410380456914763,0.0858752522914292,0.07664979636750523,0.09683950990438461,0.06882721930742264,0.0916746322809374
2023-07-25,0.09016313213537558,0.0482323281222,0.09764253242196923,0.09768435645972806,0.09686196141532499,0.07889780861365353,0.07400871192266667,0.0960874855518341,0.054379165172576904,0.08508028879396479
2023-07-26,0.09009710377021672,0.106696120384,0.11836518557383191,0.11894202018013889,0.11808009936811582,0.10875134504217861,0.09010393179281694,0.09795331954956055,0.05143886059522629,0.10051925172883842
2023-07-27,0.09421655018554649,0.0981315782866,0.11741487850414145,0.11530675236176495,0.1174364166359938,0.09507616578332993,0.08266615157119486,0.09920762479305267,0.041661325842142105,0.09553847364165997
2023-07-28,0.09397668340862216,0.0857388774869,0.11395059556332202,0.11455756796984573,0.11379368651669694,0.10513705618530464,0.07697161159411263,0.0997920036315918,0.03753850609064102,0.09453443250735925
2023-07-31,0.09453288634795617,0.0707252917946,0.10951957996275442,0.11000564220417308,0.1094781185352142,0.09082110462783397,0.08113875279864315,0.09970095008611679,0.04082123562693596,0.09164076912023879
2023-08-01,0.09576157336564599,0.0576585978267,0.10614520971783137,0.10586919748787293,0.10604055940576844,0.08943715985373298,0.07513438931635168,0.09925965219736099,0.04247548431158066,0.08919452175578559
2023-08-02,0.09542834984551918,0.0791488502192,0.11096923304413286,0.1104495755100639,0.11071193479491828,0.08728558473146765,0.08684480608858051,0.09942476451396942,0.047751471400260925,0.09334819572619908
2023-08-03,0.09537841823851767,0.0840971786353,0.11133537073258483,0.11172887126498288,0.11065267038299073,0.09228105127479624,0.08402957290082284,0.0996437668800354,0.052409350872039795,0.09458295061546466
2023-08-04,0.09312971472392687,0.113021837571,0.12185759417016027,0.1201817122846408,0.12147507142790953,0.11189972656599478,0.10290255992900807,0.10112593322992325,0.05995836853981018,0.10562870944963527
2023-08-07,0.09354951097495058,0.0774277958066,0.11116054517605192,0.11155227341188353,0.11058430360186987,0.10182673673048828,0.09215332705075252,0.10104339569807053,0.06987407058477402,0.09974209317912723
2023-08-08,0.09362687102086024,0.08345759537,0.11470463229277272,0.1146971228604368,0.11457848976469545,0.09568802558407301,0.09102372339434733,0.10150382667779922,0.07175136357545853,0.10056388344994045
2023-08-09,0.09283779926251806,0.0907905235332,0.11765789347273736,0.11656981668315403,0.11755170047489522,0.10276449403504333,0.08951844517505289,0.10215797275304794,0.06495294719934464,0.10159618139903935
2023-08-10,0.08988785823727696,0.124479063589,0.1298421487929662,0.1293371082111329,0.13005524973380606,0.1242990068164051,0.11765837451458849,0.10523983091115952,0.08446738123893738,0.11727130003128508
2023-08-11,0.08890099876696775,0.0929354735888,0.1185547973378707,0.11913043949446286,0.11859209927966853,0.10593034418296152,0.09984294985347897,0.10468443483114243,0.08717294782400131,0.10770114468622662
2023-08-14,0.08937448342294796,0.069667051141,0.11070792705624376,0.11114944336769461,0.11076540739951442,0.11091381331993114,0.1148784691571487,0.10071463882923126,0.09813933074474335,0.10818128998207246
2023-08-15,0.08810349075868901,0.0904883361024,0.11754342082837045,0.11642178344026652,0.11782330094489646,0.09241682628166256,0.09432677361957917,0.10105229169130325,0.09535814821720123,0.10499179214618282
2023-08-16,0.08656917489637983,0.103496533774,0.12218843495475276,0.12203270342262984,0.12227835705502184,0.09820167504245883,0.10549234960363478,0.10343317687511444,0.09583860635757446,0.10992361475874099
2023-08-17,0.0849077712083152,0.0963582684174,0.11791472103083728,0.11769815197163652,0.11758713144500937,0.11633263137388528,0.10221881257810748,0.1033754050731659,0.10407797992229462,0.11131497619927663
2023-08-18,0.0837663627383522,0.0941763922323,0.11719059755636471,0.11767689984179448,0.1166556613974703,0.10573669473492495,0.0827916765191515,0.10307759791612625,0.10452966392040253,0.10680839884089068
2023-08-21,0.084720584641368,0.085898281724,0.11563473089797789,0.11602190674843557,0.115378420589733,0.0947279342167077,0.09048847119741087,0.1020517572760582,0.0940597802400589,0.10405185730948316
2023-08-22,0.08435523277512308,0.0945861462136,0.11853891399967537,0.1179229591873894,0.11845206426317759,0.1265085544836298,0.10590671976695591,0.10267960280179977,0.09587588906288147,0.11226924336650133
2023-08-23,0.08619678028959783,0.0659337346611,0.1071086338808211,0.10756536501717111,0.10665375446538841,0.0949486139132746,0.08859026830522519,0.09821867197751999,0.08799321949481964,0.09872550386488857
2023-08-24,0.08658816374536418,0.10551831141,0.11978544574399391,0.11809378864606854,0.1198763676804151,0.10923229775385074,0.1132453349977439,0.10112854093313217,0.09106509387493134,0.11034669566144795
2023-08-25,0.08198517424810416,0.159920234179,0.1408944176469114,0.14205858799746496,0.14133317349360547,0.1215029875831201,0.11232913191509171,0.11236623674631119,0.09986458718776703,0.12433558893861027
2023-08-28,0.0848083688930096,0.0800199207742,0.11570860972310099,0.1156810129811637,0.11611311783230718,0.10073924730490481,0.09947877352411787,0.10826653987169266,0.09190350770950317,0.10684154413525578
2023-08-29,0.08789440226237391,0.0848758388002,0.1165719732703946,0.11695638232298088,0.11703110737877817,0.09037480065299053,0.09484005633430985,0.10583832114934921,0.08084123581647873,0.10320769670361171
2023-08-30,0.09031507310048528,0.0907445473806,0.1199741664357182,0.12029147025736303,0.12082869378001367,0.09662100029881117,0.08115941238186895,0.10554719716310501,0.07253464311361313,0.10242236906149903
2023-08-31,0.09402458394050144,0.0701901127459,0.11114512864645862,0.11056907907568961,0.11183943651671101,0.08982097889408812,0.07397325391284179,0.1016228124499321,0.06852181255817413,0.09535607172198506
2023-09-01,0.09617594755827676,0.0828991097341,0.10991074564344167,0.1086231017831078,0.1101995210870064,0.09282570491166604,0.09115596332149725,0.09905034303665161,0.06859093904495239,0.09719375983261759
2023-09-05,0.09976438294304435,0.0622258695746,0.10237956646279728,0.10223766360437295,0.10255537829332943,0.07918226326427039,0.0849480619919481,0.0941743478178978,0.06992320716381073,0.0907714983712038
2023-09-06,0.10112501012998515,0.0874115300427,0.11050729750053381,0.10991220372852495,0.11060542273555538,0.10334267901299853,0.09734467379104257,0.09464652836322784,0.07965204119682312,0.10085869233267232
2023-09-07,0.10352320885776291,0.0852598948424,0.10943330904098657,0.11017969835572052,0.10939215999907313,0.09833084778372138,0.094200523502008,0.09470652788877487,0.08367832005023956,0.09998876951721772
2023-09-08,0.10463817791037457,0.071785131143,0.1053989267690546,0.10563690770984023,0.10524728305645575,0.10632274526552418,0.09991153499313418,0.0930975079536438,0.09017239511013031,0.10082675726539758
2023-09-11,0.105523038372255,0.0646174054731,0.10167260528600923,0.10163307155068493,0.10149786356553966,0.09133689166845697,0.08892935735436878,0.08318305015563965,0.09063780307769775,0.09412723466548527
2023-09-12,0.10607404840275494,0.0702265849949,0.10419618945785378,0.1042397612519156,0.10410407659300266,0.10960664472299529,0.08990226156092937,0.08274287730455399,0.09447843581438065,0.09846717810080449
2023-09-13,0.10689042673187342,0.0814010001605,0.10732141085974145,0.1073543713852525,0.10712640985758679,0.08806662751200071,0.08815552773187982,0.08422494679689407,0.09772939234972,0.09713981235615363
2023-09-14,0.10980861812381758,0.0587460781864,0.09853760568453306,0.09904872262541861,0.09822417487275185,0.07439952345464575,0.08832546244667978,0.081031434237957,0.08893206715583801,0.08978557006826057
2023-09-15,0.11061962954348564,0.0712984475927,0.10249668723756324,0.1012461063549564,0.10241936199869789,0.07797437697000033,0.08618098635116025,0.08108452707529068,0.08675037324428558,0.09116463131885062
2023-09-18,0.11237375502587958,0.0574645529713,0.0979144690982133,0.09804199793171355,0.09748361659899497,0.08187526257828999,0.08662730004989092,0.07881106436252594,0.08752397447824478,0.08975395501398191
2023-09-19,0.11528833452885509,0.0694704618219,0.10171947231559776,0.10188992645466413,0.10121227230581971,0.09908989811212819,0.0865505939116751,0.07934828847646713,0.09127753973007202,0.09444114161520344
2023-09-20,0.12023820076789074,0.103705194903,0.11383072412560001,0.10992428623408633,0.1135842331788681,0.11106827595648418,0.10061163891889499,0.08574328571557999,0.09790648519992828,0.10466698990420598
2023-09-21,0.12236049283647563,0.08746041151,0.11069676948189089,0.11085861301698997,0.11035614345802391,0.09844163637909362,0.0882904022655496,0.08773953467607498,0.08768896758556366,0.09915315240902667
2023-09-22,0.12412363937583687,0.104608459109,0.11822715994252586,0.11852406944616964,0.11768472159408877,0.10651839355812956,0.1081101183399495,0.09231147915124893,0.08815905451774597,0.10707642807855118
2023-09-25,0.12384591292421725,0.112045716479,0.12400425368114662,0.1249332871909311,0.12389337572727968,0.11160007427774024,0.10320142771544069,0.09745439141988754,0.09140226244926453,0.11092701035167006
2023-09-26,0.12449358505451115,0.096331271711,0.12095846317545822,0.1202927880514767,0.12096490474146393,0.11801886060599828,0.09538855380213816,0.0983724296092987,0.09199954569339752,0.10942793509703308
2023-09-27,0.12574733655786433,0.127639692551,0.1324536666901227,0.13277048759333848,0.13217264415199914,0.1382053885362697,0.11862459393135145,0.10419903695583344,0.10028911381959915,0.12267356166835916
2023-09-28,0.12532100665257204,0.13563260973,0.1379310790175814,0.13860474377389748,0.13820557635052874,0.11717520582456853,0.11060658508982127,0.11006780713796616,0.10170262306928635,0.12204194575194997
2023-09-29,0.12419146086289347,0.131505471221,0.13824686248413048,0.1376172816874416,0.13896943592092953,0.11394501401718912,0.1113139803480481,0.11338972300291061,0.09862245619297028,0.12172925052194568
2023-10-02,0.12260838406269613,0.1388764235,0.14213017282791804,0.14281133879233018,0.14301015318704446,0.1311212577071924,0.11216711057939022,0.11696767061948776,0.10227084904909134,0.12721122182320777
2023-10-03,0.12252661174799538,0.124359410457,0.13925482497503403,0.13706374548168543,0.1401984885755116,0.12046572966573031,0.10242567611308372,0.11712450534105301,0.10039167106151581,0.12241780588765913
2023-10-04,0.11986896715579892,0.136519457826,0.14339847294191466,0.1437574427496087,0.14390235221233033,0.12961217047014822,0.10800419261652704,0.1192202940583229,0.10249865800142288,0.1271990832928964
2023-10-05,0.11853826426220691,0.115675505401,0.1353336171061683,0.13533615000361415,0.1360418417294867,0.1107350260830853,0.10948788900894643,0.11631911247968674,0.0977482944726944,0.12014313298338315
2023-10-06,0.11582224656447827,0.132573672859,0.14046465480641118,0.14140236539324888,0.14135530644613198,0.11369189876364477,0.10128490838219614,0.11724426597356796,0.09539903700351715,0.1215489195383883
2023-10-09,0.11462856319650701,0.100135251741,0.1277001843817037,0.12800865687899074,0.1284549424227916,0.11390012608023112,0.09204117980324024,0.11138033121824265,0.08899323642253876,0.1129255224582484
2023-10-10,0.11421155860907074,0.0898923770916,0.12162263515483276,0.12108573030233484,0.1220870006966095,0.11212306617265137,0.09044113479156668,0.11922361701726913,0.08449897915124893,0.11015459475521618
2023-10-11,0.11545147944292788,0.0859081352493,0.11689979212928003,0.1166920445498969,0.11726226590238623,0.10109055648580918,0.09426967845583495,0.11445053666830063,0.07990790903568268,0.10579611188959866
2023-10-12,0.11465064267635659,0.101376397928,0.12061886348322104,0.12047082189382946,0.12117432811859247,0.10429580026656923,0.10047361176843024,0.1126517578959465,0.08353079110383987,0.10903085350434698
2023-10-13,0.11189905972364737,0.129347813033,0.1288970921957065,0.1288125688319776,0.12950151159090953,0.1053170559343769,0.09946567947118944,0.11462532728910446,0.093966543674469,0.11436939699824764
2023-10-16,0.11113555201769235,0.0940086962824,0.11734681796224554,0.11761851554207024,0.1173125866761432,0.11254869276380736,0.09142473619569799,0.11219512671232224,0.1024215817451477,0.1101240082282049
2023-10-17,0.10968167017964123,0.107314960709,0.12249969599679925,0.1231572825158944,0.1230669049539223,0.11441620915586015,0.10821451519199589,0.11246757954359055,0.10049812495708466,0.11490290175930674
2023-10-18,0.1067751435661259,0.13696886333,0.13480666767392457,0.1345667143470526,0.13578655571951814,0.12323437696541609,0.11981889202188824,0.11712970584630966,0.10234223306179047,0.12395502080512853
2023-10-19,0.09923738121295624,0.187715447432,0.1558734745804079,0.15511380373978695,0.15722068193075053,0.1337279186627065,0.14226215899837089,0.12805809080600739,0.1085832267999649,0.14011990793114215
2023-10-20,0.09558402418625196,0.135873082435,0.14005253161980827,0.1397622101924282,0.14089207406914253,0.12764675867052466,0.14134740686537017,0.13003964722156525,0.11157375574111938,0.1330449120542798
2023-10-23,0.09120674451697966,0.141666051883,0.14481875598777616,0.14562553338497763,0.14585574274514873,0.11665875379928488,0.14104428262329718,0.13290776312351227,0.10544063150882721,0.13319306616754628
2023-10-24,0.09041267824861732,0.105394595687,0.1334071627979223,0.13354694615751134,0.13438053258239968,0.10825556226135659,0.14002847137964908,0.13042227923870087,0.09118437767028809,0.12446076172683258
2023-10-25,0.08730548437964776,0.112505146171,0.13397620273262661,0.13352815415308922,0.13522376129834957,0.10839321977938104,0.13340028334184748,0.12864302098751068,0.0856972187757492,0.12269455158122199
2023-10-26,0.08142899362835697,0.151262783525,0.14335122988507815,0.14257396895784968,0.14412427348736778,0.12998810193262464,0.1475770408047046,0.13085277378559113,0.09024940431118011,0.13267382759491372
2023-10-27,0.07792801471679489,0.127076386554,0.13524248597568211,0.13485335479533408,0.13566901536884718,0.11750653900768779,0.14277278915858482,0.12940111756324768,0.09116918593645096,0.12665921254369067
2023-10-30,0.07578196186964416,0.106654292276,0.12666754573836303,0.1271467440963528,0.12668544313094834,0.1268159649748791,0.14961113312690152,0.12528172135353088,0.09412869811058044,0.1251910357902223
2023-10-31,0.07555057528888975,0.105270583353,0.12634049178327467,0.1270873274567354,0.12675635924865508,0.10967383358646025,0.139182934872502,0.12219544500112534,0.09055256098508835,0.12025556470483445
2023-11-01,0.07296323113987072,0.122655259132,0.13249618865441376,0.1334123055397498,0.1334894121282988,0.10713552929444023,0.12598874441403488,0.12224740535020828,0.08558270335197449,0.12005032696187432
2023-11-02,0.07241530713525283,0.0714796130145,0.11145755021937118,0.11187405750565153,0.11204355122681323,0.10470521370364344,0.10157272446992399,0.11507479101419449,0.06729733943939209,0.10343217536842712
2023-11-03,0.07321932781725192,0.0819670025262,0.11192640900508383,0.11252389964565282,0.11259278706532486,0.09153072298076463,0.08770285821720712,0.11040341109037399,0.06258144974708557,0.09846593396449897
2023-11-06,0.07377009823146367,0.0648745369093,0.10402592457194526,0.10439278433513359,0.1044941956359243,0.09262752906181006,0.09147011320447303,0.10458164662122726,0.07191942632198334,0.09621594567892812
2023-11-07,0.0737440853568759,0.0651941513298,0.10172485127698887,0.1021228784730944,0.10191371010278241,0.0951197623081105,0.08927064403494774,0.09993772208690643,0.07755237072706223,0.09537741985855606
2023-11-08,0.07438133551314469,0.0779529631698,0.10281172538487018,0.10283226581082462,0.10277176051129047,0.08415726626359035,0.08474458875618632,0.09817659854888916,0.0748705193400383,0.09290924637366992
2023-11-09,0.07101982466910631,0.115586553719,0.11735490928750063,0.11666868058717884,0.1178377299745599,0.10039664264554501,0.11122327116419867,0.10172989964485168,0.0793234258890152,0.10636207988469283
2023-11-10,0.0696671068614542,0.0800463305112,0.10619257627197064,0.10683361524266519,0.10631918865822053,0.09170431352913058,0.09069661910575097,0.10065189003944397,0.08342960476875305,0.09797540108799072
2023-11-13,0.07278484484147563,0.0603330792853,0.09992705031365104,0.10042734445434326,0.10019161165773095,0.08467115432849,0.09013659545804223,0.09781640768051147,0.08031294494867325,0.09335472983449175
2023-11-14,0.07401366889430952,0.072536704066,0.10445081747921198,0.10480303282989886,0.10463075056388664,0.09489579934347579,0.08588772516218837,0.09728556871414185,0.0823269784450531,0.09632581036255095
2023-11-15,0.07471834991204825,0.0690985938027,0.10289468015544748,0.10281339772138251,0.10320217408409246,0.08313212983681847,0.08748255622548493,0.09642982482910156,0.07924240082502365,0.09359959481105017
2023-11-16,0.07368268470775505,0.0744888061092,0.10196920093540125,0.10229909263386101,0.10200714784440718,0.0829064242808181,0.08646177519295081,0.09559977054595947,0.08550956845283508,0.09382185426946185
2023-11-17,0.07338139486550715,0.0512517968451,0.09317683115206954,0.09343410969499974,0.09295233759421104,0.09021445576283184,0.0760847072965553,0.09196697175502777,0.09223029017448425,0.0900085290614542
2023-11-20,0.07599997523831623,0.0592849000404,0.09614232843833467,0.09670093197779703,0.09588728538132679,0.07761873048906305,0.07916839302548553,0.09019240736961365,0.08763861656188965,0.08904981332050148
2023-11-21,0.07864405879542001,0.053841676579,0.09354457614884895,0.09346465328673806,0.09313544525383019,0.06939739829508793,0.07422381858215665,0.08803237974643707,0.07987046241760254,0.08452410481867163
2023-11-22,0.07769033678536012,0.0898857374488,0.10636182366786226,0.10564283449352185,0.10618989726654596,0.0999078262568737,0.08285444522201622,0.09080195426940918,0.08637155592441559,0.09687576244294925
2023-11-24,0.0778322663740246,0.0325746438693,0.0860385276527084,0.08609678192583697,0.0853862302775599,0.06509014957579803,0.07495724671059559,0.08601288497447968,0.07503803074359894,0.0798028359800825
2023-11-27,0.07862112196745757,0.0453600164401,0.0899041992437223,0.09023862433308771,0.08927235258157819,0.08100513505753101,0.07529005317101316,0.08394774794578552,0.07359547913074493,0.08332194163763755
2023-11-28,0.07799349432006467,0.0665762118279,0.09734520513556096,0.0980053087490485,0.0967542183782298,0.07599758053961109,0.08130118162030854,0.08485892415046692,0.06925056874752045,0.08621614104582088
2023-11-29,0.07794551083219842,0.0666923809007,0.09848990887428741,0.09771298062755307,0.09795019616638055,0.08623182084517919,0.07398488551686688,0.08583836257457733,0.06845974177122116,0.08695255662515222
2023-11-30,0.07658771381186645,0.101718007425,0.11019789043936287,0.11103677526196122,0.10979906711985021,0.09320150678383454,0.0890560537005276,0.09054121375083923,0.07118239998817444,0.0964307010063643
2023-12-01,0.076682056503513,0.0835160445808,0.10802073650517786,0.10874967959453954,0.10785143991061281,0.09221738403670436,0.0796540226298526,0.09300698339939117,0.07436127215623856,0.09483735974750242
2023-12-04,0.07712137707891088,0.0586221022166,0.10142590148434451,0.10122454755969709,0.10119603903772809,0.07717207328176122,0.078102380935923,0.09229102730751038,0.06754904240369797,0.0884230017158089
2023-12-05,0.07757344360636029,0.0957995194769,0.11484070575949261,0.1153848523040309,0.11487442214673821,0.10560342864718675,0.08099416322345379,0.09624336659908295,0.07576534897089005,0.10052946966441076
2023-12-06,0.07737198642141974,0.0768687941082,0.10964983753552546,0.10827200716512667,0.10967169019468828,0.09595704029534162,0.08099416322345379,0.09714236855506897,0.07696149498224258,0.0969498002787782
2023-12-07,0.07799762148178341,0.064573173536,0.10334903032358381,0.1037803647780398,0.10304144397571233,0.07953775086547624,0.07958942453755145,0.09564004838466644,0.07408922165632248,0.09128961207447893
2023-12-08,0.07709930239448837,0.0897714674408,0.1109202126124132,0.11168260225049997,0.11078090588138198,0.09037561188478885,0.07696661495794424,0.09042935073375702,0.0874403715133667,0.09694223854773598
2023-12-11,0.08057679950445513,0.0556428997281,0.10016266141798871,0.10056473439635662,0.09998400574624774,0.09075776429719433,0.08058571612415993,0.08660881966352463,0.08562551438808441,0.09204131657622235
2023-12-12,0.08191887190308275,0.0491010280851,0.09529524288843108,0.09561447023262111,0.09477007111217291,0.0884553910164255,0.07411410477226393,0.08218175917863846,0.08378315716981888,0.0877448851957674
2023-12-13,0.0805920349880463,0.113871706404,0.11782692949664778,0.11816785442586378,0.11790501187726934,0.09212497449525,0.08700252191956519,0.0899536982178688,0.08619461953639984,0.10131080142412353
2023-12-14,0.0796731213127042,0.0951301943304,0.11386245414253265,0.11370831844472244,0.11407469955566618,0.09849407687108586,0.08232429856480543,0.0928572565317154,0.07511910796165466,0.0986343160103118
2023-12-15,0.07953458487750144,0.0835200389341,0.1097788250078935,0.1099657725800609,0.10993564613228186,0.09448014543075071,0.08085264480831611,0.09272027760744095,0.0736759603023529,0.09591561026701385
2023-12-18,0.0802396931129084,0.0481768895945,0.0983387154447038,0.09854399462419085,0.0982786472811155,0.06900341458333353,0.07709084707510772,0.08706624060869217,0.07410944998264313,0.08606161565711237
2023-12-19,0.08123333554647304,0.0411856710497,0.09576843369056426,0.09602633446432945,0.09555526549643094,0.07515078061744235,0.07558575852875325,0.0823577269911766,0.07229851931333542,0.08467754558600461
2023-12-20,0.07839136170515575,0.108301472626,0.11611107542589541,0.11348154393826058,0.11613207355455114,0.08352018946606087,0.08457318068986559,0.08934254199266434,0.07561402767896652,0.09696780467803778
2023-12-21,0.07687527556476503,0.107171138075,0.11636040413349893,0.11687410136859766,0.11629261074575246,0.07295167376742653,0.0700420490452991,0.09393922984600067,0.07833652198314667,0.09497094155567457
2023-12-22,0.0772318927368646,0.0703445460772,0.10392442730940425,0.10404681091035262,0.10367621282131013,0.08197606873537874,0.08001467841667088,0.09098163992166519,0.08101078122854233,0.09223294562047488
2023-12-26,0.07798621921358927,0.0390467138719,0.09375950675450921,0.09387010505556745,0.09336475642287727,0.0710205310297412,0.07663569951103386,0.0841495618224144,0.07545627653598785,0.08403663387601876
2023-12-27,0.07780424150980973,0.0681860163967,0.10449936676892138,0.10474552233441044,0.10440296650188889,0.0773840950366626,0.07834997025317825,0.08488818258047104,0.07187855988740921,0.08944980905184884
2023-12-28,0.0777026345901952,0.0486639810829,0.09443497950463829,0.09416389149444439,0.0940461207071952,0.0505522923471928,0.07104942298606341,0.08130960166454315,0.06090600788593292,0.07806604522714432
2023-12-29,0.08062890665094871,0.0655037497065,0.0969298197952336,0.09691733415507939,0.09635173869075041,0.06400141464307002,0.07446011078085349,0.08075091987848282,0.06030382961034775,0.08138788107911678
2024-01-02,0.08216167115519134,0.0770729086207,0.10094441561154371,0.10162168344626143,0.10045147948932476,0.07248483484801328,0.07284119751994868,0.08239137381315231,0.06062024086713791,0.08447931794219743
2024-01-03,0.08369391926153177,0.0853146367202,0.10665479195981196,0.10699614169978984,0.10632972709416363,0.0870929873369054,0.08858120324835353,0.0857020765542984,0.06659537553787231,0.092564614775885
2024-01-04,0.0844192923623611,0.0696814189008,0.10193178312150504,0.10226205755374415,0.10142992531600414,0.09752838555166395,0.08690269319315162,0.08545545488595963,0.07509131729602814,0.09294308813115094
2024-01-05,0.08301980698575372,0.103180072157,0.11582151847467978,0.11660547124714139,0.11574835707580892,0.101333915557156,0.09817924854134406,0.0915331318974495,0.07977399230003357,0.10271366215623046
2024-01-08,0.08273668411116679,0.0724796470359,0.10679873650802489,0.10718425398824044,0.10673092442546497,0.09046670930264268,0.08884670579476828,0.09076015651226044,0.08039945363998413,0.09588384859591226
2024-01-09,0.08159217076766961,0.0788098527782,0.10888169937512145,0.10943772215789768,0.10892784645352711,0.08126613667737387,0.08858120324835353,0.09107255190610886,0.07489492744207382,0.09472315532292233
2024-01-10,0.08054439665460063,0.0716453717793,0.10518791058575312,0.10534307707811466,0.10518641593786747,0.08138374416077428,0.08493433077862296,0.09816425293684006,0.06676546484231949,0.09242359947432743
2024-01-11,0.07747298163601063,0.120875201146,0.12382578279976711,0.12330048402876462,0.12431804070586729,0.08371276160237032,0.09486971432757238,0.10215574502944946,0.0665573924779892,0.1026771315673972
2024-01-12,0.07801133853300327,0.0836098739645,0.11079320630753879,0.11032211469734306,0.11111913626601953,0.09491992872436543,0.08552048239694288,0.1019703596830368,0.0764799416065216,0.09873216709739545
2024-01-16,0.07800812596528928,0.0918620195822,0.11448776342347267,0.11468434871701699,0.1149646458835306,0.09484484585344624,0.08552048239694288,0.10277888178825378,0.08030833303928375,0.10108418587170671
2024-01-17,0.07773648536222898,0.0771821686235,0.10995962160428006,0.11037379236644293,0.11016666330929852,0.09950100057837277,0.08552048239694288,0.10215102136135101,0.0836697518825531,0.10019176192846303
2024-01-18,0.07839257672808082,0.080699563035,0.11172263279360165,0.11188508225516643,0.11185246322352244,0.08839366393243236,0.08957643921836378,0.10205170512199402,0.09002400189638138,0.10078656977735172
2024-01-19,0.07993527963495993,0.0684604559916,0.10445319716525762,0.10495384104504606,0.10433576177453195,0.10155008557349193,0.09111735969904905,0.10029488056898117,0.09688179194927216,0.10051241682509
2024-01-22,0.08034100317807366,0.071173274591,0.10436728278085314,0.10408947618722865,0.10434799427274419,0.08822227293910627,0.08529248276622639,0.09911870956420898,0.09201119095087051,0.09677848706589118
2024-01-23,0.08155853616524858,0.0469316042618,0.09377772125197682,0.0941152466297317,0.09343252287247172,0.08122769264525921,0.08364480331602177,0.09599721431732178,0.08544445782899857,0.08966280840882593
2024-01-24,0.08109972707336419,0.0808845059505,0.10471074948452083,0.10401093236516396,0.1045818533604607,0.0786995885595427,0.08516233040933945,0.09628705680370331,0.07978929579257965,0.09332025811075864
2024-01-25,0.08017275049360449,0.0781182288367,0.10379617629837444,0.10420288916686068,0.10356935771695007,0.08220716447376572,0.08552048239694288,0.09622552990913391,0.07884746044874191,0.09348129434439566
2024-01-26,0.07968289561659214,0.0631144486306,0.09879561453160143,0.09878712722435501,0.09845070034579598,0.07353581806542774,0.08529248276622639,0.09506098926067352,0.07664936035871506,0.08951029893611359
2024-01-29,0.07936320506091674,0.0636708303343,0.09836304958603073,0.09886928204330349,0.09800976709062231,0.07710939620253324,0.08807998622745467,0.09430627524852753,0.07668936252593994,0.09020387413205884
2024-01-30,0.08077021247233167,0.0451261674308,0.09256334581831098,0.09237886128230703,0.09205436726608032,0.0784038283542179,0.0840029553036252,0.0924619734287262,0.07068296521902084,0.08607832809604121
2024-01-31,0.07767957952475284,0.118408131902,0.11761160183077665,0.11597190205756316,0.11765038988618251,0.09306795336304603,0.09704605352542942,0.09700889885425568,0.08023685216903687,0.10265623595518433
2024-02-01,0.07496680692105433,0.105736205948,0.11535531442688775,0.11618935504860313,0.11533713985288585,0.09337409495058248,0.09664382094354602,0.09969086199998856,0.07185220718383789,0.10120611348661882
2024-02-02,0.0734097110982889,0.112318108246,0.12056426582015371,0.12080717164429336,0.12100456923661505,0.10067266914983884,0.09816287104458167,0.10282187163829803,0.072078175842762,0.10515879919664896
2024-02-05,0.0755118508924145,0.0861181802742,0.11391177081013296,0.11297079772004157,0.11443097870445658,0.089899990560102,0.08830798585817115,0.10340358316898346,0.07471109926700592,0.09966231515555624
2024-02-06,0.07493970100914894,0.0756652317728,0.1126841523538575,0.11271593074185177,0.11335222745731557,0.08386829513547965,0.08552048239694288,0.10349847376346588,0.07269169390201569,0.09776160796441842
2024-02-07,0.07786553245450159,0.0653282534237,0.10605646366395889,0.10647463306593302,0.10643009673318257,0.08356231460939142,0.08493433077862296,0.1018747091293335,0.06881314516067505,0.09402081330587106
2024-02-08,0.0795879876272235,0.0475540217559,0.09671704539037564,0.0969423986089342,0.09670201572351045,0.07240894371190712,0.0840029553036252,0.09857459366321564,0.06735176593065262,0.08752853119031727
2024-02-09,0.08266892291482936,0.0395667390207,0.08896860364034923,0.08925802310238923,0.0885092694236241,0.07575213177037471,0.08401348245067641,0.08414384722709656,0.07303620874881744,0.08338308090904681
2024-02-12,0.0825383899521453,0.0664735911895,0.09602802118226027,0.09532575529711146,0.09554308243333832,0.07499104196706936,0.08518077595495345,0.08270858228206635,0.07583878934383392,0.08651657835151902
2024-02-13,0.08356091449375361,0.0935330861419,0.1057487174027307,0.10642785602470534,0.1053235581544083,0.08848336283027665,0.08629541050575325,0.08539284765720367,0.07898353040218353,0.0938078975681802
2024-02-14,0.08299147672902561,0.0918047109723,0.10696176443908224,0.10735174222628814,0.10651612129367802,0.0760030842662762,0.08537129538481529,0.0878608226776123,0.07872667163610458,0.09268450027483668
2024-02-15,0.08279760528071087,0.0711944477497,0.10223075962339745,0.10261863413995323,0.10193700031100493,0.07610361391294455,0.08518077595495345,0.08776849508285522,0.07691101729869843,0.0903928994748296
2024-02-16,0.08128107262605974,0.0930782090263,0.11257124719450592,0.1115454525938722,0.11270276973703097,0.09328402230496438,0.08629541050575325,0.09144540131092072,0.07999590039253235,0.09826288629136855
2024-02-20,0.08307639567182244,0.0990764541344,0.11655747885176923,0.115820310175347,0.11685793126168588,0.09672867666087046,0.1051886841238836,0.09536007046699524,0.08352747559547424,0.10429151816228939
2024-02-21,0.08228446907968963,0.0801948882669,0.10974514311146216,0.11023858576449218,0.10975586633016987,0.09483317573761138,0.10687737083654297,0.09547944366931915,0.08164335042238235,0.10122470512456859
2024-02-22,0.08147957989055908,0.0796370146572,0.10871888638296756,0.10920585378889064,0.10868295987305016,0.08166018876215769,0.08764320900157588,0.09508900344371796,0.08023591339588165,0.09589085923546307
2024-02-23,0.08044459422790819,0.0705343349862,0.10575193655923353,0.1049767695476273,0.10579562117738572,0.0809626852378622,0.08721035088444956,0.09362667798995972,0.08000817894935608,0.09404746004941059
2024-02-26,0.08004232975633781,0.0544338651359,0.0982516205508332,0.09768747618986101,0.0981031894721628,0.07051829045048137,0.08435437066751315,0.08978034555912018,0.0777297243475914,0.08806071674822331
2024-02-27,0.08069022812412764,0.0483632732636,0.09306870044165536,0.09335641962374464,0.09257814469279141,0.0618099812635928,0.08435437066751315,0.08533038198947906,0.07173855602741241,0.0831766506723127
2024-02-28,0.08054410714099548,0.054646302465,0.09333461981768437,0.09369531605427256,0.09277255852732129,0.0635762934545599,0.08401348245067641,0.08257068693637848,0.06645949929952621,0.0823460652200599
2024-02-29,0.08004345415865159,0.0822669921533,0.102021248431359,0.10083018875143374,0.1015643119168416,0.07985650898730531,0.08629541050575325,0.08411259949207306,0.07122276723384857,0.08941471933123066
2024-03-01,0.08003623894242756,0.0611275109843,0.09475500033076087,0.09523027446122445,0.09415310598362411,0.07595364846195603,0.08686946266761282,0.08273293077945709,0.07231511920690536,0.08600136312736296
2024-03-04,0.08156909993678195,0.0498412641191,0.09121080844074196,0.09154877869234723,0.0905544814656334,0.07171470325339793,0.08751713366770955,0.08044391870498657,0.0743357390165329,0.08390365189162137
2024-03-05,0.08444654973782838,0.0881112470424,0.10584990972679643,0.10564334893351586,0.10546625431987369,0.09247813557752124,0.08945817350594965,0.08417581021785736,0.08213052898645401,0.09502888018113832
2024-03-06,0.08426990048443109,0.118281333053,0.11948654950542943,0.11822907770673893,0.11942543282812501,0.09072488173610768,0.09454161681194012,0.09166769683361053,0.08433666080236435,0.10263027374633087
2024-03-07,0.0843352669229565,0.0625901725849,0.10094852870013035,0.1011540624350136,0.10053475777755431,0.08712786722544884,0.09037311388464596,0.08987188339233398,0.08573584258556366,0.09367800800009866
2024-03-08,0.08447041309369287,0.116861072193,0.12140277660916832,0.12082720421599985,0.12152331255892347,0.10706991250411914,0.0990436910920558,0.09612186253070831,0.09470847249031067,0.10867103314304079
2024-03-11,0.08832735540658013,0.0892004720719,0.11536226551030362,0.11577471995866374,0.11558285241403363,0.09855723973061728,0.09114686021860902,0.09789758920669556,0.09826964139938354,0.10465588120547234
2024-03-12,0.08754995261482625,0.109833923289,0.12237994962330648,0.12303979041413028,0.1227543377662842,0.11041084725823264,0.09993222656241045,0.10427688807249069,0.10044058412313461,0.11189066054571276
2024-03-13,0.0896501580261224,0.0629751802342,0.10400204528994811,0.10356634149157659,0.10413723608148318,0.07042551051419577,0.08390511652670736,0.09785725176334381,0.09181693196296692,0.09367291909003168
2024-03-14,0.0914871103826081,0.110973380237,0.1220123864219731,0.12141571617574949,0.12264617607353902,0.10097480409328796,0.09617119409487039,0.10290683060884476,0.09616193175315857,0.10889843417448904
2024-03-15,0.09657665046404705,0.0802274224191,0.11003902046290649,0.11031965987238768,0.11028207535303712,0.08858618258251488,0.08725027817804276,0.10001146048307419,0.09372379630804062,0.10003035332000053
2024-03-18,0.10100233656360193,0.0662847813006,0.10425935687391738,0.10367151857254711,0.10421717106548678,0.0910290992646347,0.08952175068551535,0.09559398889541626,0.09253545105457306,0.09726119091601294
2024-03-19,0.10403292610492854,0.0586353891693,0.09848691735344983,0.09883880260596187,0.09812953975603539,0.07428772835484976,0.08872838019977602,0.09077607840299606,0.08386007696390152,0.09044393194813863
2024-03-20,0.1043552358327627,0.126541351052,0.12375040586378078,0.12458412074881467,0.12410363441609643,0.08535171010616839,0.09517413208194177,0.10023912042379379,0.0848538726568222,0.105436713756774
2024-03-21,0.1058354148385422,0.0606728367241,0.10003078568563914,0.09988894134929865,0.09999414394435618,0.07434370292043613,0.08686455353354389,0.09410639852285385,0.06743825972080231,0.08895239795384716
2024-03-22,0.10642075504333316,0.0597829736569,0.09845711349671513,0.0980892847395369,0.09832187761683875,0.06834527540644672,0.08675443550228663,0.09006809443235397,0.06203959137201309,0.08601081036659873
2024-03-25,0.10817445128348153,0.0381538889277,0.08999690067025247,0.09003647092638896,0.08961157154501208,0.06766240809195533,0.08557820890158534,0.08387314528226852,0.06252366304397583,0.08132605263734836
2024-03-26,0.11030080180357531,0.0400914421361,0.08946814885659533,0.08854902386329136,0.08893095501926898,0.06735520002991673,0.08578118138350789,0.08042003214359283,0.0625811517238617,0.0804408132885764
2024-03-27,0.11067706017411559,0.0672748972552,0.09388992596189058,0.09446824780834973,0.09314280459728612,0.07649040840525775,0.09025925350108366,0.08147010952234268,0.06573694199323654,0.08506538454134958
2024-03-28,0.1118300707933765,0.0499145696349,0.08776221877496343,0.08797238717833553,0.08699030792236027,0.07167965217660477,0.08522319438363814,0.0793457105755806,0.06885181367397308,0.08111789781220798
2024-04-01,0.11356250305660227,0.0712705165313,0.09511282862101034,0.09489924461703675,0.09444010203553191,0.06901612493929551,0.08686455353354389,0.08174649626016617,0.0703098475933075,0.08462702822855601
2024-04-02,0.11892483314820836,0.0609287895625,0.09350806153205626,0.0938018144500902,0.0928053761056258,0.07265904854909877,0.09043860497590107,0.08204010874032974,0.07360699772834778,0.08555143029734993
2024-04-03,0.12023775592790643,0.0876712070088,0.10492205583860031,0.10553874121617272,0.10443141597343249,0.07514373325680074,0.0950722764298057,0.08737016469240189,0.07975068688392639,0.09317558204159147
2024-04-04,0.1183712894524783,0.133399128618,0.12327115549355588,0.11991731422332172,0.12337109456124287,0.09735071088539134,0.10144502265811706,0.09908842295408249,0.08397926390171051,0.1069175692396317
2024-04-05,0.11608566368908817,0.115605352014,0.12204877075839832,0.12287521287515826,0.12209199277104826,0.09725700702159411,0.10013652033999744,0.10440315306186676,0.08824647217988968,0.10815130414399325
2024-04-08,0.11591854819660433,0.0644125237025,0.10587127502859758,0.10596412004837966,0.10576378624809121,0.08192205416166416,0.09295107810423832,0.09886356443166733,0.07926720380783081,0.09580044026149559
2024-04-09,0.1133769523166593,0.118893197705,0.12649691041149158,0.12686732653816016,0.12704460759255504,0.10793483942688563,0.10188808443984411,0.10555862635374069,0.08294589817523956,0.11124804184827383
2024-04-10,0.10929314409773212,0.148164151335,0.1395471500466748,0.140119113285343,0.14054266409766966,0.09878389233510414,0.11690009335184785,0.11548208445310593,0.08482573926448822,0.11945724811917623
2024-04-11,0.1081813726906515,0.0958760292749,0.12032918330163385,0.12068532770523,0.1208056658740111,0.08013483494860507,0.08585497417340494,0.10892099887132645,0.0847749412059784,0.10307227515431283
2024-04-12,0.10595510499843298,0.108541064035,0.12378635377630981,0.12378751096585955,0.12440036597354348,0.09410215332396193,0.09331946338264059,0.10771093517541885,0.08413554728031158,0.10732033283972084
2024-04-15,0.10267023889965661,0.138933949394,0.13796115453762434,0.13604804104590587,0.13873807407714223,0.12124540442919338,0.10287211200105745,0.11462090164422989,0.09154778718948364,0.12043335356066241
2024-04-16,0.09694621822223165,0.162901069151,0.148173155083354,0.14817166285809635,0.1488964868098438,0.11757927727106247,0.10771114808014881,0.12397695332765579,0.0992448553442955,0.12767907696777953
2024-04-17,0.09272610821994935,0.150852730627,0.14435843894679615,0.14361198468084463,0.14523689168695503,0.1183410331525494,0.10602163906466242,0.12642061710357666,0.09999091178178787,0.12628307377388176
2024-04-18,0.08906894043085367,0.12840187319,0.13935980739261006,0.1392871820010323,0.14037792004735056,0.10500318239861509,0.10338879753763836,0.12363579124212265,0.10301920771598816,0.12201026976219387
2024-04-19,0.08486545648519378,0.131996930619,0.1417880382886055,0.14114953774192435,0.1430156633429019,0.11730171446879335,0.10287211200105745,0.1231711134314537,0.10330596566200256,0.12465773499096268
2024-04-22,0.08242508506363364,0.101067841924,0.1297336798485229,0.12987254775577833,0.13047269282263202,0.09605470261284246,0.10691543167843066,0.11577080935239792,0.1004643365740776,0.11561202866352598
2024-04-23,0.08243159887085802,0.0786326103353,0.1170263625151407,0.11738601468045697,0.11763164109014654,0.099719942674903,0.09843750578495873,0.10584521293640137,0.09445564448833466,0.10721461773862027
2024-04-24,0.08271649471087154,0.096740633534,0.11885962770598414,0.11860424985655783,0.11950268934600879,0.09192329940239338,0.09116293722756491,0.10351743549108505,0.0902172327041626,0.10482678167625095
2024-04-25,0.08109292189466624,0.106597270421,0.12019642816330942,0.12094774667100347,0.1208106245657532,0.0924597222627187,0.10547577307186329,0.1043267697095871,0.08945748209953308,0.10766779236339545
2024-04-26,0.0807975753230333,0.0791956562977,0.10799286916828212,0.10845084300647165,0.10814038988771268,0.08253578404374587,0.09787690132271734,0.09906264394521713,0.08658888190984726,0.09866404475485628
2024-04-29,0.07977153814337065,0.0887641765806,0.110052805273994,0.10890736382873639,0.11042653982983852,0.07770153267114586,0.09786571486114665,0.09843961894512177,0.08430537581443787,0.09824270731777444
2024-04-30,0.0775488795458222,0.115236761626,0.1204937662685242,0.11726766105645048,0.12125816703104801,0.09143052207853247,0.10937932010000843,0.1043335422873497,0.08180098980665207,0.1065662812326522
2024-05-01,0.07203926606918507,0.172894383985,0.14314235803985953,0.14348493521176797,0.1443179924280215,0.10659375076405084,0.11970959589775956,0.12010522931814194,0.08660981059074402,0.12342338175004933
2024-05-02,0.07063072381171837,0.119500137132,0.12723475480508176,0.1276689475299271,0.1284046122641516,0.08998689579410535,0.11156890384436237,0.11827325075864792,0.07667287439107895,0.11140146276962215
2024-05-03,0.07124342730370038,0.0918850153909,0.11950857436752398,0.11926321464284838,0.12074780909253226,0.09572347092653528,0.10908836857534378,0.11205147951841354,0.07414047420024872,0.10721762733192085
2024-05-06,0.07206016246520652,0.0459467029474,0.10269129370358397,0.10273895454516296,0.10372490652503774,0.06540713708620097,0.10593880626170984,0.09944085031747818,0.06973118335008621,0.0928104473984657
2024-05-07,0.07213566665953784,0.0577474826208,0.10268738932862993,0.10236130435073479,0.10342320077847385,0.0788545093168769,0.09244355579589313,0.09443818777799606,0.06526810675859451,0.09135375058674275
2024-05-08,0.07418715457804269,0.0435578462868,0.08964115075141338,0.09000105395559672,0.08965336512229957,0.0697927903550134,0.09133755430907269,0.08744895458221436,0.0638841912150383,0.08310843718437834
2024-05-09,0.07428943556487423,0.0534456207186,0.08849406979649455,0.08899635785736248,0.08816756678217459,0.06542108290147111,0.09431172915071338,0.08500652760267258,0.06561222672462463,0.0822870801165019
2024-05-10,0.07472921453563125,0.0641466448796,0.09032409895178761,0.09019949481239538,0.08992761343494787,0.07709448888957185,0.0959062815528638,0.08400927484035492,0.059759851545095444,0.08388872914671668
2024-05-13,0.07757070702033005,0.0420705956659,0.0834354894456146,0.08319009870643615,0.08293889898058039,0.07412930288280606,0.08385027313771047,0.07979292422533035,0.06201401725411415,0.07847871494751317
2024-05-14,0.07788183657305907,0.0700800227197,0.09305997745555834,0.09371637496371937,0.09258170006843919,0.08043855605424206,0.09434832490380324,0.08178099244832993,0.06804640591144562,0.08628176168650538
2024-05-15,0.07890146303565909,0.0504180031347,0.08776572627977125,0.08826442941249166,0.08726091165636304,0.08636777909596852,0.08410692668885196,0.0806487575173378,0.07425080984830856,0.08409504864272753
2024-05-16,0.07859340296817971,0.0771190418516,0.09792054514035878,0.09721438478490065,0.09774917977479528,0.07891916218428027,0.08448441033691947,0.08428565412759781,0.08004671335220337,0.0886600071001508
2024-05-17,0.07859240899040745,0.0502502350204,0.08904476455903637,0.08913278347450698,0.08866660590895507,0.07071486474752216,0.08196036897759836,0.08234604448080063,0.07690832018852234,0.08268196461956312
2024-05-20,0.081117615315482,0.0454912117576,0.0881036831027471,0.08841077959122237,0.08773396783119632,0.07582902683436395,0.08701801223840767,0.0803682953119278,0.07936017215251923,0.08383199100891206
2024-05-21,0.08227115247775249,0.0405146452611,0.08490429967988264,0.08530389882521694,0.08426105162075642,0.0794230167338909,0.08137475066007387,0.07760914415121078,0.07690645009279251,0.08139751596626058
2024-05-22,0.08313574685543156,0.078775872867,0.09871780718098061,0.09909315999672144,0.09839498368763311,0.08370805273422159,0.08387797327313569,0.08197443187236786,0.07951200753450394,0.08932548803993776
2024-05-23,0.08114653198511197,0.101719222757,0.10738122951308068,0.1063158898177538,0.10720767040011639,0.08608482373227155,0.09300989626225606,0.08877462148666382,0.08188611268997192,0.0958086062717306
2024-05-24,0.08093286658819394,0.0760124412747,0.10124789370818045,0.10165484134797707,0.10107197309099414,0.09439710993794201,0.08536886399443346,0.08997853100299835,0.08495589345693588,0.09409644379135162
2024-05-28,0.08095387862195363,0.0725800393114,0.10213472121599267,0.10253744487190736,0.1022029073344726,0.0850003112359672,0.08657441733984143,0.09066376835107803,0.08510161936283112,0.09345931281601293
2024-05-29,0.0825161595754771,0.0664780532001,0.1020439999623588,0.10232675454551168,0.10213187803515181,0.08697309646236498,0.08383437157705904,0.09067142009735107,0.08313159644603729,0.09301615958940494
2024-05-30,0.08390451614552343,0.0770483619044,0.10523615502848205,0.1051917334280627,0.10516736213598016,0.07784703599537467,0.08912741159157234,0.09200071543455124,0.08393411338329315,0.0940720752853309
2024-05-31,0.08113736498657077,0.112182163867,0.11680845223294753,0.11771504678085841,0.1168257414445064,0.08347377211924921,0.0902726121644431,0.09815842658281326,0.0841996818780899,0.10106481902898683
2024-06-03,0.07859429739716846,0.100300507838,0.11503490859776319,0.11515723357768988,0.11526944136655597,0.09573504172176184,0.09031490410754837,0.1006980612874031,0.08630703389644623,0.1026452320793098
2024-06-04,0.07626221432591476,0.101332712376,0.11735622631545406,0.1177589830783692,0.1176552531044848,0.09995013466919758,0.14604885597567163,0.10296256095170975,0.08802475035190582,0.11282239492097039
2024-06-05,0.07530420685388114,0.0675940988768,0.10709366381528071,0.10746757013041278,0.10724014760056214,0.07377640752151875,0.13190115930807403,0.0992102101445198,0.08408675342798233,0.1015394159926215
2024-06-06,0.0749208185588038,0.0596942789306,0.10343399966809486,0.10326579169074601,0.10356484024436163,0.08497372540187301,0.1283810123822781,0.09515314549207687,0.0822996124625206,0.10015316104885015
2024-06-07,0.07298988015761884,0.0905596790659,0.11139664073654021,0.11182951438048096,0.11154719966136349,0.09204346261895963,0.12014408675507213,0.0966280996799469,0.08526494354009628,0.10412199248177993
2024-06-10,0.07527122110694073,0.056350220491,0.09781907547100206,0.09817977736290415,0.09766848970094863,0.06944933455683057,0.13834657334098271,0.091626837849617,0.07738584280014038,0.09578227586891794
2024-06-11,0.07555616218060549,0.0741015026107,0.10075603668697103,0.1012958349395871,0.10052610700038936,0.08176295394684219,0.13318158044064227,0.08682502061128616,0.08113222569227219,0.09792567990257003
2024-06-12,0.07471215219307739,0.104201131244,0.11239559573677725,0.11180587416006821,0.11242693827282549,0.10143460508911359,0.15436734094646734,0.09260468930006027,0.07999315857887268,0.10928974315488356
2024-06-13,0.0744921265411262,0.0769863174333,0.1049817581259064,0.10536850241203163,0.10517207435260661,0.07899371775307498,0.1493984634626615,0.09186301380395889,0.07487545162439346,0.10152185450494765
2024-06-14,0.07470586920809609,0.0768052307122,0.1039884393868819,0.10452643729797656,0.10412773649891344,0.0826945458085105,0.15255370360447956,0.09104960411787033,0.07469740509986877,0.1019482674020716
2024-06-17,0.07972514071271346,0.0702030708451,0.10279380092631514,0.10340879926801629,0.10293788024601688,0.08118460318759695,0.15100977023931642,0.0897812768816948,0.07966762781143188,0.10154053693719833
2024-06-18,0.0831528399505222,0.0502175775635,0.09509450025814058,0.09526347388376681,0.09500968543709398,0.09913641800071826,0.15313527154504955,0.08510921150445938,0.08084575831890106,0.10051347413544709
2024-06-20,0.08354184953172607,0.102658493958,0.11108934614582439,0.11142828014431772,0.11118700481622766,0.10118266054005404,0.16076892433750117,0.09132564067840576,0.08396634459495544,0.11013545732246945
2024-06-21,0.08387205405020173,0.0748292176032,0.1022106010579422,0.10235027100767377,0.10213247654933219,0.08913252108671968,0.15188188719578619,0.09026516228914261,0.08911320567131042,0.10386944640827243
2024-06-24,0.08386550592330533,0.0959627298748,0.1098556476145741,0.11021855431708802,0.109979463047651,0.09587658361800935,0.14320507763177567,0.09373567253351212,0.090823233127594,0.10767060455574347
2024-06-25,0.08950913297408908,0.0590267099405,0.09771673182454729,0.09816900723839916,0.09762307648537995,0.08854965159423703,0.14807137276447843,0.0891106054186821,0.08894278109073639,0.10116903234520862
2024-06-26,0.09383329997906478,0.07106789211,0.1029431044914452,0.10345918598731839,0.10301093555974836,0.0947623490368057,0.1475329223363138,0.08888595551252365,0.08924119174480438,0.10426223495270849
2024-06-27,0.09521905503087058,0.0730704801634,0.10160740386914714,0.10221835590674148,0.10159779339075639,0.0834082314529297,0.14645655796292695,0.08844587951898575,0.08621736615896225,0.10142165546577853
2024-06-28,0.09642935290036722,0.0989062193564,0.11113701116958824,0.11097885423430834,0.11134734026604129,0.09207026370024311,0.14166114426661253,0.09319546073675156,0.08628088235855103,0.10666727953315659
2024-07-01,0.09724995484778366,0.103867829867,0.11307619298438826,0.11323653258488547,0.1133293539680853,0.09073922254634695,0.15864371276860711,0.09702596813440323,0.09041693806648254,0.11092398872188555
2024-07-02,0.10195316879982869,0.0547195157526,0.09761277209004232,0.09803689937982926,0.09775160539918812,0.08049349384882613,0.10687502051869192,0.09063055366277695,0.09137268364429474,0.09468186122052136
2024-07-03,0.10912221665908826,0.0391128519392,0.09089151904189227,0.09118974051535293,0.09085712115153305,0.07271580255925353,0.07928068129835665,0.0834168866276741,0.08099491894245148,0.08419238144807342
2024-07-05,0.12835096758374281,0.0518113439187,0.09358249328463007,0.0938052020995171,0.09346323742644413,0.07792552010551639,0.08495193368417878,0.08099645376205444,0.07987789809703827,0.0863718197799113
2024-07-08,0.13490579574492062,0.038983652458,0.08582812552614662,0.0857001532645466,0.08536213837306694,0.07342126350069213,0.08495193368417878,0.0762607529759407,0.07929936051368713,0.08154624683403698
2024-07-09,0.14070098452606636,0.0485172350124,0.08517120609125609,0.08516404493633867,0.0844560839674788,0.07461257612532778,0.06707080479417596,0.07409876585006714,0.07602372020483017,0.0780853145670678
2024-07-10,0.14468019135842197,0.0469395362405,0.08420738324966812,0.08471768918132469,0.08343458873866619,0.07879089318734307,0.08382037147492513,0.07266373187303543,0.07445050776004791,0.08029788078071579
2024-07-11,0.14614957588051358,0.101381773022,0.10520596533188255,0.10475947078244283,0.10482673351742923,0.09322845293431323,0.08894926642432317,0.08244375139474869,0.07682934403419495,0.09374899777419067
2024-07-12,0.14859568477863683,0.0799596644336,0.09991835993745077,0.10012290792745462,0.09959044607058765,0.09103988042368186,0.08533078530225213,0.0906601995229721,0.08168423175811768,0.0926209729917881
2024-07-15,0.1482027968648959,0.0905234148256,0.10657332587874452,0.10638025111260516,0.10658502088490997,0.08552727575070776,0.08736746823420304,0.09254185110330582,0.08188655972480774,0.09526596466989772
2024-07-16,0.1492591780066231,0.0723704976435,0.10263704365860099,0.10322366809075077,0.10259055502414181,0.0793267951128862,0.08270716380591119,0.09309886395931244,0.08121554553508759,0.09211423359809871
2024-07-17,0.14888245987079607,0.0810477204654,0.10758632419137064,0.10740248469962074,0.10770120752113359,0.08734062527749495,0.08677956224420628,0.09438714385032654,0.08155359327793121,0.09610727729458343
2024-07-18,0.14609872139527164,0.145623575269,0.13033264074918677,0.12982102062700349,0.130686425255988,0.0954141013886859,0.10123417335735167,0.09925627708435059,0.0862770825624466,0.11043167443214472
2024-07-19,0.14466759449842526,0.119356761141,0.12465118267030464,0.12440389080869972,0.12498769053515416,0.09293646910411761,0.09365246704436202,0.10171115398406982,0.09165706485509872,0.10771427414311523
2024-07-22,0.14361641537061842,0.109089545054,0.12251180372744531,0.12277140513616236,0.12281204912644994,0.09629071766256644,0.08336352902549102,0.10324098914861679,0.09908938407897949,0.10715426827224449
2024-07-23,0.144196615858122,0.0822210993779,0.1149030551147089,0.11398019340798234,0.11531980662144989,0.10189339367304337,0.08613950970056629,0.10294721275568008,0.1018478125333786,0.10529014054382992
2024-07-24,0.14489040354399046,0.0958424739958,0.1200436989985677,0.11863253707862115,0.1205723982531422,0.11255948732636817,0.09403621446844125,0.10367383062839508,0.10054342448711395,0.11000879874866422
2024-07-25,0.14442121748359693,0.155022096259,0.13882777784136086,0.13834001980657612,0.1390873845890761,0.11767734852301634,0.1068302071514069,0.10741101205348969,0.10683909058570862,0.12214469150723352
2024-07-26,0.14177054170873724,0.147307550967,0.138008994603669,0.13741331195026832,0.13833895507092717,0.1184766755930649,0.09684018061697014,0.11003145575523376,0.11015106737613678,0.12132294870946714
2024-07-29,0.1406593518933327,0.104119548825,0.12417790288585168,0.12412423093382696,0.12466920902114093,0.1078897910212334,0.10401313090615324,0.10954228043556213,0.11626239120960236,0.11581127663048153
2024-07-30,0.14017288553551288,0.121051332431,0.131857923789178,0.13095244647461415,0.13253884969990531,0.1014108166545035,0.10088285538552819,0.11073222756385803,0.11556743085384369,0.11770607863163299
2024-07-31,0.13975034355378022,0.118853405675,0.13264391177222423,0.13308868187084666,0.13328774522873274,0.10238140223845536,0.10088285538552819,0.1116887778043747,0.1120544821023941,0.11800397948607944
2024-08-01,0.1374812010858241,0.150562340986,0.14202696130877127,0.14070157753629275,0.14297091681814456,0.11239381403321963,0.10910084956585431,0.11399528384208679,0.1132345050573349,0.12491770116595775
2024-08-02,0.1340358131586301,0.182502645275,0.15385822372789928,0.15424165099751125,0.15478429393370635,0.12964597324120708,0.1164376419535428,0.11797276139259338,0.10948227345943451,0.13377468838655637
2024-08-05,0.11751518801774008,0.313969715564,0.20770453094923177,0.21036626191672228,0.20929384215752395,0.1758837217523161,0.17738161672866917,0.13107138872146606,0.12084804475307465,0.1760784867112863
2024-08-06,0.11305830558023766,0.194312595893,0.1750145112803935,0.17544707645961893,0.1737135928046204,0.1738394504409957,0.2730794993972396,0.13460081815719604,0.14834778010845184,0.1791489612355023
2024-08-07,0.11039882116836935,0.189459710321,0.17772112930320366,0.1759131989047066,0.1790720183622643,0.19723106304089405,0.20240862088212688,0.13813762366771698,0.17661777138710022,0.17815734650685894
2024-08-08,0.10694146581627727,0.161402370755,0.16937423014931763,0.17006983013485966,0.170497394612652,0.16624545324833728,0.15954313492890657,0.13925471901893616,0.19192013144493103,0.16670069907684862
2024-08-09,0.10543743867417303,0.138753089445,0.15913709142412222,0.15920705820528186,0.16100250351900336,0.13506051176550798,0.15193499552650444,0.13838621973991394,0.18599209189414978,0.1558172102963548
2024-08-12,0.104660038710247,0.146745040927,0.1502921578049719,0.14821743596508896,0.15187748150482672,0.12929979951786497,0.149274437461718,0.1412702351808548,0.18140847980976105,0.15023428960644095
2024-08-13,0.10640253354392083,0.0758004575866,0.12048435743726796,0.12074543612607966,0.12136692306289437,0.1020734158496624,0.1280723555979315,0.12703277170658112,0.1631712019443512,0.12613520881782403
2024-08-14,0.10508589696605154,0.108795158727,0.12526580593714226,0.12449105134787253,0.12632539987754665,0.12010119948099367,0.1221957360607366,0.11925117671489716,0.1450727880001068,0.1261004510598994
2024-08-15,0.10573800109208988,0.0648853634491,0.10529215609664776,0.10566651005156337,0.10608455037872042,0.10159371344929854,0.10882157857688231,0.10781075060367584,0.13232421875,0.10965621112954119
2024-08-16,0.10702983583952466,0.0629449436677,0.09970927872808658,0.10012657750206312,0.10036319023651205,0.09551175750722402,0.10643666071626223,0.09888491034507751,0.12533199787139893,0.10376633898666064
2024-08-19,0.11266166156580684,0.0742121487844,0.09860014338103941,0.0992725136245798,0.09899584461811634,0.09405869452868001,0.10643666071626223,0.09314318001270294,0.11949271708726883,0.10142853628123565
2024-08-20,0.11340223701533228,0.0744091931478,0.0987130140797734,0.09882372062547229,0.09913811564386384,0.09565736730664659,0.10643666071626223,0.0897611528635025,0.1121954619884491,0.10010364188913856
2024-08-21,0.11242872698147391,0.101326618736,0.10656590589086483,0.10608352389932792,0.10691766574996542,0.10344829410191661,0.11084234919667162,0.0905311331152916,0.10212661325931549,0.10378792645905048
2024-08-22,0.1103940763116373,0.115748197048,0.11430041192176077,0.11305981164965764,0.11485300197802917,0.10857691611127246,0.11357194534549617,0.09394508600234985,0.09951548278331757,0.1082603793988405
2024-08-23,0.10666978649491711,0.145537932357,0.128845700887721,0.12930357319698157,0.1296945339667963,0.11904249520353197,0.12170972828097872,0.1012033075094223,0.1020212396979332,0.11883151124905214
2024-08-26,0.10594280540982288,0.0759531549557,0.10769554814485933,0.10650130610175809,0.10855313006534599,0.09905539857913684,0.10885356698067068,0.09911660104990005,0.1003747209906578,0.10430718170176126
2024-08-27,0.1060888636132483,0.0651949599238,0.10401960241268265,0.1044054757799954,0.10474372695008133,0.09860577355639355,0.10874873041748738,0.09622189402580261,0.10232457518577576,0.10272425404688837
2024-08-28,0.1042935466540936,0.108556441235,0.11789621748091955,0.11773139888620161,0.11881033430151965,0.10759472248617893,0.11444897727143105,0.0986151397228241,0.09127239882946014,0.1094813127112193
2024-08-29,0.10325070443068948,0.107899334593,0.11721334499115965,0.11657714941712594,0.11791788876267759,0.10889178575644201,0.11478830449539196,0.09995153546333313,0.09258434921503067,0.10970347972873729
2024-08-30,0.1048881927423044,0.0972542195683,0.11077993027760882,0.1113253879961878,0.11137411037586309,0.10051818270125717,0.11010191453435485,0.09881563484668732,0.09371927380561829,0.10523349064822533
2024-09-03,0.10447254693999951,0.116885008583,0.11968105379181082,0.11782940995151742,0.12063065288171512,0.09997627929275284,0.11649399991580957,0.1007317304611206,0.09151399880647659,0.10955101787160042
2024-09-04,0.10545583264119629,0.106327826143,0.11939608209326155,0.1194537000029886,0.11977587099375508,0.103591361033067,0.10387629131848496,0.10164576023817062,0.09962975233793259,0.10962411685966578
2024-09-05,0.10467778065959937,0.127188705808,0.12768681199982354,0.12792389786126335,0.12802353527417326,0.11544137864463512,0.11121396582032415,0.1044682115316391,0.10384007543325424,0.1169425537950161
2024-09-06,0.10061858883443954,0.153019888196,0.13880849584546417,0.13598340713663892,0.1394175245764579,0.1316425009249652,0.11916388442937072,0.10989931225776672,0.112015001475811,0.12670430380663925
2024-09-09,0.09905896257692991,0.101345205079,0.12338261328066093,0.1235366076384619,0.12343665288952589,0.10425366796047406,0.12336306674525448,0.10833661258220673,0.11179421842098236,0.1168719199310809
2024-09-10,0.0969083759840046,0.112002336843,0.12651254932200173,0.12598319194938107,0.1268276177494444,0.11889738218087982,0.10944357575959031,0.1081315129995346,0.11070369184017181,0.11807136025728625
2024-09-11,0.09348174033240074,0.134551781254,0.1352473216873593,0.1359411765566316,0.1357178683106819,0.12213088244568898,0.11021277381849251,0.11958058178424835,0.11813984811306,0.1252814932451661
2024-09-12,0.09089225262547738,0.116055993584,0.12892202919337908,0.12935208843534185,0.1294887901523773,0.11264565417704234,0.1068763419345328,0.11921979486942291,0.11839446425437927,0.12069988043092507
2024-09-13,0.0901006729915665,0.0773877580177,0.1120653575451012,0.11226994029896736,0.11243681064441476,0.1089423070048308,0.09828115867073182,0.11635234951972961,0.11752466857433319,0.11112465603687269
2024-09-16,0.08971418889717277,0.084244716152,0.11312796452156604,0.11340525139610597,0.1135055559539223,0.09951887238138067,0.09358166347501373,0.11446969211101532,0.11288225650787354,0.10864160804955393
2024-09-17,0.08801036576715268,0.0986617682585,0.11658485858444581,0.11624537774004418,0.11690001850615381,0.10648323549192995,0.09478635622747891,0.11366868019104004,0.11263947188854218,0.11104399980423355
2024-09-18,0.08084221325387128,0.177454196323,0.14328357064152658,0.14415259453518853,0.14394175729716163,0.12985802493894327,0.11926783059456839,0.1174764335155487,0.10787798464298248,0.1294083137379885
2024-09-19,0.07900233128983472,0.0951445892549,0.11653263948153633,0.11691585796776052,0.11688790341857386,0.1014995546915075,0.09478635622747891,0.1160704642534256,0.1138727068901062,0.11093792613291271
2024-09-20,0.07857089801572335,0.0751682164679,0.11024061061832696,0.11029507403063232,0.11079547006961815,0.10575039060630556,0.09512441230339935,0.11424422264099121,0.11172468960285187,0.10831069569601791
2024-09-23,0.07825369072124586,0.0622651365892,0.10494983524494061,0.10517663654682709,0.10541794899012012,0.10427414805521076,0.09478635622747891,0.1121300756931305,0.10392419993877411,0.10437988581378314
2024-09-24,0.07931782476100564,0.0648437070531,0.10368070462021195,0.10390994661341153,0.1040400393152454,0.10527638462392958,0.09478635622747891,0.11027050018310547,0.0979672521352768,0.10284731195980852
2024-09-25,0.08050481137383529,0.0502295705697,0.09113485928235784,0.09132413389095258,0.09104240490999582,0.08809682289465473,0.09391971955093417,0.10665841400623322,0.09769264608621597,0.09426700008876347
2024-09-26,0.08160522100372254,0.0700052216414,0.09558726615321084,0.09551975148005518,0.0954164396109165,0.09514605553312777,0.09391971955093417,0.10478030145168304,0.10332381725311279,0.09767047871900576
2024-09-27,0.08160697081027576,0.0620704087585,0.09229753153653755,0.09242691555465227,0.09202168681338013,0.08539652848066354,0.09391971955093417,0.1029944121837616,0.10357324779033661,0.09466143455860941
2024-09-30,0.08126498092236532,0.0842443608335,0.10063261866666348,0.10124100229585062,0.10034962725569968,0.09686815409199546,0.09250080312205042,0.10294941067695618,0.10053956508636475,0.09929731159936865
2024-10-01,0.07793227741282042,0.128901933505,0.11850390953929589,0.11890278754956629,0.11853823749496264,0.10830322777882716,0.10090714623864476,0.10565263032913208,0.1022488921880722,0.11043669015978586
2024-10-02,0.07859133323383184,0.108787347915,0.11612120136716511,0.11676999304784999,0.11602880003803526,0.10623175539336735,0.10170689876858066,0.10717961192131042,0.10988901555538177,0.11056103944167008
2024-10-03,0.07739319602566365,0.125061655453,0.12471141699120805,0.12475131257044728,0.12487356958489162,0.11795293897751007,0.10452531081550523,0.10977944731712341,0.115096315741539,0.11738433028546068
2024-10-04,0.07587028883999586,0.112887441845,0.12427860204832752,0.12428583986116981,0.12445277769152825,0.11365217563442034,0.11593602387527605,0.11164256930351257,0.11788052320480347,0.11887550165986258
2024-10-07,0.07604689459268406,0.0769090498121,0.11288470294000018,0.11226949921320234,0.11315918822260093,0.09884429778427065,0.1005454145664133,0.11115188896656036,0.11543461680412292,0.10918422978531009
2024-10-08,0.07738019077549241,0.0610817582907,0.10385007959565055,0.1041054207819268,0.10338134825284892,0.09244016612511267,0.1140416443600999,0.10917216539382935,0.11673960089683533,0.10624720362947195
2024-10-09,0.07735575348192274,0.0607798001663,0.10073323407358452,0.10104452042898149,0.10030083286988702,0.09691294101289594,0.10180102828063355,0.10717779397964478,0.10790596902370453,0.1022680456670474
2024-10-10,0.07668505285902227,0.0663613823892,0.09859572970394673,0.09888064833249344,0.09809877470225599,0.0912865303805513,0.09916103620433876,0.10512088984251022,0.10751557350158691,0.0998084546668119
2024-10-11,0.07648453788189244,0.0586760231587,0.09291334857011986,0.09338133220028591,0.09220420803478202,0.08870392405154606,0.09916103620433876,0.10302602499723434,0.11076129227876663,0.09716445233386765
2024-10-14,0.077045153756136,0.0545911027658,0.0903820361252261,0.09087284437721707,0.08960827485841823,0.08632506853201705,0.09916103620433876,0.10103978216648102,0.10843146592378616,0.09511721545535491
2024-10-15,0.0772089680055979,0.0750850513376,0.09760650694963578,0.09710873142271245,0.09692163437687705,0.09147498621281161,0.09916103620433876,0.10036762058734894,0.11270841956138611,0.09933556218787297
2024-10-16,0.07960428086696243,0.05809568976,0.0922862590661654,0.09279493685796442,0.09147958060528462,0.08207180685985876,0.09916103620433876,0.09924547374248505,0.11301180720329285,0.09572155721991282
2024-10-17,0.08000520275806718,0.077925669586,0.09920255489693128,0.09897776257118887,0.09853863996176727,0.09038274606639866,0.1001098763177278,0.09917118400335312,0.1141895204782486,0.10008175489937365
2024-10-18,0.08086205428187092,0.0536329738017,0.09177711735935153,0.09216144829366799,0.09107096682459767,0.0834543052261262,0.09605796707189569,0.09800739586353302,0.1139213964343071,0.09520722815335415
2024-10-21,0.08104758877699349,0.0649817801241,0.0960374631371896,0.0961008449130645,0.09544065759099646,0.08401184399288181,0.09510912695850665,0.0976451188325882,0.11292722821235657,0.09675318337679768
2024-10-22,0.0838325714589827,0.0532192001157,0.09105600659175182,0.09144673440909859,0.09030158081785183,0.08528739234863257,0.09605796707189569,0.09676610678434372,0.10982988774776459,0.09439223939590555
2024-10-23,0.08759785035309851,0.0878972572049,0.10359123401647333,0.10306049344895887,0.10299136600276196,0.09239841789360236,0.09510912695850665,0.09761812537908554,0.1060141995549202,0.10011185189347271
2024-10-24,0.0881367923902058,0.0806651329851,0.10149927034811868,0.101909001231589,0.10074167800058266,0.09593267464384247,0.10030544133088565,0.09801200777292252,0.10575102269649506,0.10059301371777658
2024-10-25,0.08759974692637554,0.0929885332305,0.10773515634582893,0.1077611039232867,0.10717435043743999,0.10371722981970304,0.09916103620433876,0.09918103367090225,0.10730999708175659,0.10457712964046519
2024-10-28,0.08746042936179219,0.062118701117,0.0980804959017705,0.09821621801074448,0.09736764272542618,0.08852093032304212,0.10030544133088565,0.09895787388086319,0.10977143794298172,0.09874572001653055
2024-10-29,0.08674981551355969,0.0769896133345,0.10416349078803938,0.10466465723826669,0.10358971643355645,0.10518580578452838,0.10030544133088565,0.09955126792192459,0.10850916802883148,0.1037099353608618
2024-10-30,0.08562573307141352,0.0739865255881,0.10236060399265276,0.1026758072425206,0.10174321093714374,0.09110879798024629,0.10030544133088565,0.09971994906663895,0.11100270599126816,0.10127378807733659
2024-10-31,0.08215926700907573,0.118325824728,0.11848986474177711,0.1160671997439575,0.11800383942297162,0.10872291888324155,0.10840969619975918,0.10160021483898163,0.11112869530916214,0.11177463273426438
2024-11-01,0.0792145639728958,0.108239130762,0.11638854650354248,0.11659605993800821,0.1156127098614498,0.10334225167065546,0.12477489145063296,0.10271336883306503,0.11414821445941925,0.11336800610239617
2024-11-04,0.07729733172371062,0.0885553342028,0.11217721530473945,0.11264077728478626,0.11154273995203356,0.10073825814931951,0.1137724982965142,0.10301182419061661,0.11601342260837555,0.1099852479694836
2024-11-05,0.0760477506218689,0.0804886349869,0.11002384310840237,0.11052446879994243,0.10936548509756457,0.10669447868806231,0.11353073710772339,0.10293813049793243,0.11515694856643677,0.10974772740943775
2024-11-06,0.07416033136398785,0.0895925213863,0.11380608954533947,0.11376713629632582,0.11343600763534199,0.0996933026363501,0.10030544133088565,0.10330203920602798,0.11285661906003952,0.1081666622443301
2024-11-07,0.07376056388995735,0.0601230091283,0.10093882460754708,0.10129940956022207,0.10081521549788919,0.0972134555015805,0.09356635537078647,0.10203293710947037,0.11123644560575485,0.10101466332189293
2024-11-08,0.07386185119518628,0.0472674572253,0.09255334835839849,0.09284838229778407,0.09232236973640244,0.09141112437321952,0.09348318707028161,0.09750010818243027,0.12073143571615219,0.09726427939066694
2024-11-11,0.07337437901216855,0.052895245127,0.09198445406144877,0.09220101764718351,0.09168978758655053,0.09497377871529794,0.09348318707028161,0.09574536234140396,0.11741379648447037,0.09678448341523381
2024-11-12,0.07275184755531752,0.0691930872955,0.09622085732714959,0.09592298809170482,0.09591311333220515,0.08994509923059404,0.09348318707028161,0.09503466635942459,0.11399354785680771,0.09721620846688107
2024-11-13,0.07225462929344638,0.0785392540148,0.09829714634225521,0.09827066220147235,0.09798751519617449,0.09935543109285257,0.09265684551742294,0.09484896808862686,0.09979818761348724,0.09731639372175595
2024-11-14,0.06908236108170768,0.106127573221,0.10969928072779062,0.10959906103451887,0.10960788151071428,0.10006152240037633,0.09709029963479444,0.09634911268949509,0.10153937339782715,0.10342093305650239
2024-11-15,0.06771927703290874,0.0861174757916,0.10601462376019394,0.10608284096872392,0.10600611382172812,0.09819346366221388,0.09265684551742294,0.09707675129175186,0.10261807590723038,0.10123553070418072
2024-11-18,0.08202277637306261,0.0759679032201,0.10441437844638657,0.10489201700443437,0.10431009165482351,0.09260927869525208,0.09265684551742294,0.09748195856809616,0.10057516396045685,0.09956281912098178
2024-11-19,0.087683472123539,0.0696668360814,0.10246165482693702,0.10289963806198305,0.10238801865673866,0.09540218989363147,0.09348318707028161,0.09757526963949203,0.10278816521167755,0.09957116048010592
2024-11-20,0.092263298283232,0.111692611524,0.11741124204474444,0.11760137351803543,0.11748627199081293,0.11528976030853282,0.09791664118765311,0.09980496764183044,0.10441085696220398,0.10998873052197332
2024-11-21,0.08903085596041319,0.145880355615,0.13024880144574474,0.13032163785338796,0.13043714648114602,0.11692954036882963,0.10562856557352188,0.10344266146421432,0.10805534571409225,0.11786624270013382
2024-11-22,0.08767517902679549,0.0921726108607,0.1141291766723751,0.11443770585057966,0.11430413493100211,0.10599041140804465,0.09265684551742294,0.10389883071184158,0.10474537312984467,0.10716606831730154
2024-11-25,0.08790178373038081,0.0816389525639,0.11126121989908838,0.11080790313188485,0.11155046541275149,0.11396361401171254,0.09439832945988985,0.1039055660367012,0.10331732034683228,0.10702920261412295
2024-11-26,0.0918625949012994,0.0578495023549,0.10328019380951493,0.10340813275010217,0.10354153369263883,0.09656646030921837,0.09265684551742294,0.10268580913543701,0.09644531458616257,0.09979775568578526
2024-11-27,0.09483739799212039,0.0576860476948,0.09970197343157305,0.09973072179767543,0.09986290111766594,0.09211951070387425,0.09265684551742294,0.10121188312768936,0.0908251702785492,0.09658700085349288
2024-11-29,0.09937708530671002,0.0374827305379,0.08650326007529104,0.08676696512361609,0.08633954841641088,0.08397474227633651,0.09265684551742294,0.09805465489625931,0.09055884927511215,0.08926498079720699
2024-12-02,0.10746183009843578,0.0422724451399,0.08479721023757693,0.08498196404001657,0.0845178958352533,0.09044155730333689,0.09348318707028161,0.09545230865478516,0.08907581865787506,0.08896427739987507
2024-12-03,0.10910121403551144,0.0416719476024,0.08221927158295675,0.08246122345693624,0.08181261338641235,0.07708300236304641,0.09265684551742294,0.09300919622182846,0.08482401072978973,0.08486659475119898
2024-12-04,0.1101642671700689,0.0392502800721,0.08046003881746963,0.08086604803009563,0.07999765416236257,0.07869970862638696,0.09265684551742294,0.090855173766613,0.08348006010055542,0.08385936128870088
2024-12-05,0.11406174787609262,0.0495425161442,0.08320442086826063,0.08314296698055275,0.08273772986844362,0.08995519679754392,0.09265684551742294,0.0895322635769844,0.08521712571382523,0.08663522133186194
2024-12-06,0.11824232006705553,0.0455324250302,0.08260355013285396,0.08279959227624928,0.0821376505184861,0.09084957605488,0.09348318707028161,0.08840929716825485,0.08813505619764328,0.08691684420266414
2024-12-09,0.12298838262913943,0.0487130681742,0.08412438652560628,0.08386208590680892,0.0836874024606737,0.08740734011884634,0.09265684551742294,0.08781233429908752,0.08616560697555542,0.08653085740057158
2024-12-10,0.12567898379610332,0.0504798011235,0.08487208927191724,0.08513360332626296,0.08426133550513452,0.09012691879935569,0.09220603872322472,0.07660304009914398,0.08706521987915039,0.08575260651488423
2024-12-11,0.12884907370745233,0.0359257854377,0.08021188122824524,0.08056864697240272,0.07954960291304235,0.08862391960887793,0.09220603872322472,0.07546764612197876,0.0822812169790268,0.08270127893525693
2024-12-12,0.12974644786732345,0.0536409517308,0.08592505324931098,0.08618537075629897,0.08537503097186668,0.08527978265809817,0.09220603872322472,0.07620777189731598,0.08670879900455475,0.08541254960866718
2024-12-13,0.13050385737264814,0.0682225562792,0.09189887851787093,0.09197905757054001,0.0914211144315108,0.09417798930346072,0.09337392451628797,0.07831275463104248,0.09013819694519043,0.09018598798798619
2024-12-16,0.13093851521273334,0.0429828584646,0.08386486279040498,0.08424630057906135,0.08330889605515321,0.08216699151473211,0.09220603872322472,0.07758578658103943,0.09192241728305817,0.08504304193238199
2024-12-17,0.13153948233953333,0.0591633745713,0.0895433665355113,0.09002454596929615,0.08896788579886475,0.09294670665898935,0.09220603872322472,0.07845757901668549,0.09136733412742615,0.08907335097571399
2024-12-18,0.12234138737794646,0.225276862823,0.1526338411684159,0.14674626183991604,0.1530241733828179,0.13870202185073355,0.10601534219451265,0.09616070985794067,0.0942230373620987,0.12678648395091935
2024-12-19,0.11784854217637111,0.15819997561,0.13863224026599347,0.13830273939095913,0.13846943560880323,0.12476150986998572,0.12246032254786055,0.10487981140613556,0.10794015228748322,0.1250637444824601
2024-12-20,0.11230253352323767,0.172574224393,0.14960013901614805,0.15062815739260155,0.14983230799409814,0.1282527260454257,0.12120811496044838,0.11426439881324768,0.11159580945968628,0.1321973790973794
2024-12-23,0.11369046504997822,0.0947343512998,0.12911032739623582,0.1290075539160252,0.129791338564879,0.11802766329421696,0.09979121235285433,0.11485090851783752,0.11120709776878357,0.11882658597297606
2024-12-24,0.11477902347302106,0.0588651678325,0.11831168427590934,0.11823025975865396,0.11903478318981896,0.10323084433346005,0.09536792307365316,0.11187033355236053,0.1052144467830658,0.11018003928098884
2024-12-26,0.11675958742411485,0.0866050602064,0.11776279463540762,0.11785924742145827,0.118381319940153,0.10918501873749317,0.09536792307365316,0.10957129299640656,0.09578627347946167,0.10913055289771907
2024-12-27,0.11686046270376443,0.13527317865,0.1310689891619907,0.13067139535173578,0.13168765797291404,0.11818818250407333,0.10298766589505443,0.11162695288658142,0.08948308974504471,0.11653056193105635
2024-12-30,0.11678591709053589,0.122437698986,0.12365020195266176,0.12360246709576864,0.12394170806001575,0.11289174272433933,0.10470941225391384,0.11112847924232483,0.08401592075824738,0.11199141886961021
2024-12-31,0.11895804852299284,0.141138544124,0.13220403710057935,0.13190423894647327,0.1325411245787399,0.1250583087952824,0.10145400876777591,0.11338186264038086,0.08369574695825577,0.11717704682678391
2025-01-02,0.11264625839456328,0.192104128907,0.1561683403194331,0.15509467990122985,0.1571217835792453,0.1517823509536358,0.12088421448303281,0.12189246714115143,0.09034430980682373,0.13618402088350742
2025-01-03,0.11186261995599388,0.0958758609413,0.1270374378188425,0.12722982591148121,0.1277211547478303,0.12651424519529517,0.10283046614556834,0.1194775402545929,0.09124986827373505,0.1174372197639065
2025-01-06,0.11165344053685725,0.0802215213315,0.11850416787280785,0.11847870388419574,0.11919739458507635,0.11000392357173486,0.09536792307365316,0.11571106314659119,0.09038975834846497,0.10966470492607487
2025-01-07,0.11304278283392319,0.144245307799,0.1393180299144439,0.13752461208671582,0.1402633560084143,0.13765965928062063,0.11130368770065795,0.11903226375579834,0.09238620102405548,0.1253554013958152
2025-01-08,0.10867848645475517,0.149892108469,0.1413410843238499,0.14147169387058584,0.14215345527589301,0.13011101704926772,0.10897712236323494,0.12218533456325531,0.0995992124080658,0.12654841712202178
2025-01-10,0.10338724865145799,0.162529317834,0.14295231910074752,0.14128202247812005,0.1437878493988634,0.126391863087109,0.11014500815629819,0.12522214651107788,0.10739791393280029,0.12816844609500233
2025-01-13,0.1016878548642698,0.128835434386,0.13440942733307726,0.13511874991634032,0.1350292895350225,0.12377271780753527,0.10390479888195508,0.11549960821866989,0.10960544645786285,0.12247714830720903
2025-01-14,0.09872156521775777,0.135037311257,0.1396625700909266,0.13884916874617514,0.14050699007534698,0.12405798337356679,0.10800974382368235,0.11684582382440567,0.10985355079174042,0.1253979758179777
2025-01-15,0.09743605327758982,0.0880371933896,0.12143393553537145,0.12162870986211852,0.12204582194980242,0.112758333747503,0.10430079954999556,0.11588034778833389,0.10754252970218658,0.11508435401933019
2025-01-16,0.0964381834526974,0.0937750198041,0.11941055997144381,0.11940233292137209,0.12021555078864422,0.10657684335160585,0.10430079954999556,0.11498910933732986,0.10700386762619019,0.11312843764951165
2025-01-17,0.09613815705405071,0.065068607164,0.10424383625267472,0.10452814322415162,0.10469603554415867,0.1011867172351737,0.10182733454828129,0.1124393567442894,0.10609115660190582,0.10500179716437645
2025-01-21,0.09600218667745918,0.0825400417946,0.10646138155214094,0.1066497746253119,0.10685126144148963,0.09923317086783118,0.10641276438115418,0.11099322885274887,0.10651169717311859,0.10615903984197075
2025-01-22,0.09754778013451541,0.041352600922,0.08775634066151383,0.08791973397519587,0.08786292114919036,0.08641800581116267,0.10090334628639407,0.10775520652532578,0.10482415556907654,0.09477710142540843
2025-01-23,0.10043558591094791,0.0486350970124,0.08789985688076865,0.08817962440732321,0.08786546791960986,0.09122101397818072,0.09390200305012114,0.10495830327272415,0.1035698652267456,0.09394230496221047
2025-01-24,0.10497595828015575,0.0545623122696,0.08743828832676662,0.08718505233487057,0.08728464757429401,0.08255879060820748,0.09390200305012114,0.10256596654653549,0.09998913109302521,0.09156055421911723
2025-01-27,0.10430035481529965,0.124745806641,0.11298859160951708,0.11390430879027459,0.11314468994982355,0.10334147299511853,0.1005073456183536,0.10351086407899857,0.1017417460680008,0.10701985987286954
2025-01-28,0.10905884581628855,0.0932086803516,0.1040234416137811,0.1047924915215865,0.10383023678315137,0.09096740272607007,0.09613428395492468,0.10321656614542007,0.10571524500846863,0.10123995253620034
2025-01-29,0.11353959148554041,0.130883742306,0.12123006736830341,0.12164936351414174,0.12157326094368145,0.11679418887368742,0.09958335735646638,0.1052074208855629,0.10163971781730652,0.1125253395370214
2025-01-30,0.11739073462084731,0.13709022251,0.12877959076490156,0.12849644825642131,0.1293752921799549,0.11686546805043925,0.1005073456183536,0.1077611967921257,0.11516891419887543,0.11813632226586741
2025-01-31,0.12317632885346519,0.12093480296,0.12820910302918304,0.12612531305976948,0.12903422050256094,0.10988433284045909,0.10298081062006786,0.10964732617139816,0.11402097344398499,0.11712886852391764
2025-02-03,0.1257054745801033,0.175138496824,0.14797540473317075,0.1488172332251167,0.14900567719381472,0.12143449516776518,0.11026108671809069,0.11340049654245377,0.11458317935466766,0.12935393899072564
2025-02-04,0.13287671592748296,0.0787743803717,0.11766448464485038,0.11790191442303474,0.1182366148690429,0.09979545121001215,0.09729945631372262,0.11259143799543381,0.1183692216873169,0.11169408302048765
2025-02-05,0.14255328928038455,0.0741456080079,0.11286023136655651,0.11311885304863117,0.1133818750098832,0.1095693581632452,0.1008606179461265,0.11124739795923233,0.12361054122447968,0.1120926963883078
2025-02-06,0.14854618284268029,0.0738487530769,0.10869294770809339,0.10844135245519128,0.1091110384483367,0.09825792779037394,0.09390200305012114,0.10961665958166122,0.12024405598640442,0.10689514071716887
2025-02-07,0.1556948786309267,0.165416106022,0.1394359681193897,0.13682364988164072,0.1402655177561294,0.11808395238120226,0.11529001992170518,0.11197424679994583,0.11586864292621613,0.1253917139694613
2025-02-10,0.15980661410783384,0.0463340068812,0.09477743236772013,0.09501333552466891,0.09485199653289517,0.08522550106371092,0.09297801478823392,0.10823138803243637,0.10589303076267242,0.09671009986747683
2025-02-11,0.16423056970281788,0.0534030358101,0.09555158877391402,0.0958852761453225,0.09561178353214163,0.09060964500657889,0.09297801478823392,0.105540432035923,0.09866483509540558,0.09640593933964563
2025-02-12,0.165202421437581,0.0963327496769,0.11035246014085866,0.11115989565008683,0.11049163635503892,0.11565768670423472,0.094361989310258,0.10716092586517334,0.09990260004997253,0.10701245629651757
2025-02-13,0.16656703187655267,0.0758363717921,0.1044096279881343,0.10499531919164426,0.10448601549087005,0.10169879886590202,0.09342647992551119,0.10568048059940338,0.10699976980686188,0.10309949883833246
2025-02-14,0.16863851077358813,0.0495492204234,0.0891087692529448,0.08925139787892129,0.08894917946333881,0.09129720418255757,0.09342647992551119,0.1022891104221344,0.10334642231464386,0.09395265192000742
2025-02-18,0.17096536230660642,0.0687827600163,0.09645223829965258,0.09703709829685468,0.09638670538254007,0.09536958152205109,0.09342647992551119,0.10072881728410721,0.10492074489593506,0.09776023794380741
2025-02-19,0.17330683429603808,0.05495985748,0.09246650998281965,0.09298587553495077,0.09235917960836564,0.0896495037891246,0.09342647992551119,0.09913131594657898,0.10070006549358368,0.09438841861156208
2025-02-20,0.17450109363287325,0.0791468584761,0.0986382276313214,0.09856057309740071,0.09853720770302912,0.08809001843352446,0.09342647992551119,0.09880377352237701,0.1009380966424942,0.09671348242223687
2025-02-21,0.17426868179250452,0.0893989843996,0.10261186289424758,0.10065214362861608,0.10254695205588282,0.09938065157812433,0.09342647992551119,0.09911505877971649,0.10237902402877808,0.10001602469869665
2025-02-24,0.17280942935695495,0.119882694045,0.11623230433058877,0.11550604571037666,0.116178156401139,0.10358293681093468,0.10134330501931596,0.10128119587898254,0.10932913422584534,0.1090647254824547
2025-02-25,0.17101433436671443,0.150208484484,0.13046814685297092,0.13008284143291016,0.13056135609100922,0.11625962695484715,0.1081239973545455,0.1052340716123581,0.11350443959236145,0.11917635427014321
2025-02-26,0.17178336250453013,0.112215740552,0.12253880672739575,0.12256339634626162,0.12266362822228237,0.11215445962432835,0.10209475676422163,0.10736410319805145,0.11080914735794067,0.11431261403435455
2025-02-27,0.16973694527240674,0.173229566335,0.14703916947975743,0.14533430870500413,0.14746460422463697,0.13386001184058616,0.11180445521861831,0.11235801875591278,0.11264888942241669,0.1300727796638475
2025-02-28,0.16940267607338438,0.195130983348,0.16030677084737815,0.16172356213560335,0.16081348978432985,0.12986314852472686,0.11958880628436472,0.11814834177494049,0.11737915873527527,0.13826046829808838
2025-03-03,0.1674223487582778,0.193571665412,0.16447716956233532,0.16119364302026645,0.16536984427498033,0.1357208546331936,0.11180445521861831,0.12328408658504486,0.11965009570121765,0.1402143069993795
2025-03-04,0.16500766859816668,0.209412316452,0.17295034311805185,0.17207567098234514,0.17365207914401828,0.1482891537511134,0.11993651468537922,0.12845371663570404,0.12242552638053894,0.14825471495673584
2025-03-05,0.16296240510828994,0.209504459168,0.17909295832781885,0.18000296971200097,0.17992711703047248,0.14870669796826017,0.11844340816057568,0.13348005712032318,0.12394963204860687,0.1519432629097226
2025-03-06,0.1846418398806901,0.212477914675,0.18245662926734185,0.18160836455031026,0.1835273016200488,0.15414556251199885,0.1338028728703983,0.13776399195194244,0.13093170523643494,0.15774806114406795
2025-03-07,0.28395476173370715,0.247925720359,0.1961999411731148,0.1969700559194066,0.19710336343513424,0.16932601349181337,0.1754364136206982,0.14330758154392242,0.134771466255188,0.17330211934846826
2025-03-10,0.29769010131037676,0.205155379001,0.1836512416514005,0.18270100448347557,0.18478757818194483,0.1563272303023663,0.13643061812054438,0.14595727622509003,0.13437610864639282,0.16060443680160205
2025-03-11,0.3311073463322528,0.270251643513,0.20683274485876613,0.20722454540500265,0.20769352001972696,0.1780543431056894,0.2860257247579484,0.15175123512744904,0.13311180472373962,0.1958134168569032
2025-03-12,0.34962148154800554,0.171432997082,0.17438705347181693,0.17310130508807478,0.17501006128587254,0.1585405611659347,0.23353162106851366,0.1514732986688614,0.13235889375209808,0.17120039921445315
2025-03-13,0.35350797310253473,0.181537689178,0.1750767445501374,0.17324976252292895,0.1760065644136917,0.16530031735970227,0.14942517843587524,0.15168924629688263,0.14460839331150055,0.16219374384153123
2025-03-14,0.3555095292522174,0.126504383967,0.15043186332212843,0.1508621144369112,0.15086998692639414,0.1397242078577229,0.14736547620197507,0.15095068514347076,0.16978156566619873,0.1514265570792573
2025-03-17,0.3563642250088743,0.123525756555,0.14412010345665527,0.14417263679495554,0.14476453416657534,0.1265823402449517,0.1422760584719567,0.14581912755966187,0.1620642989873886,0.1442570142403064
2025-03-18,0.3581723562440781,0.130525555382,0.13692895900193708,0.13626980111617593,0.13744028623285312,0.12619500423870222,0.13441242405466178,0.14082634449005127,0.15239864587783813,0.1377816378588885
2025-03-19,0.35884134027427944,0.146032296846,0.1396729342382566,0.14076974756993266,0.14005660095314884,0.12591953922399618,0.14052833967795017,0.13810648024082184,0.14457404613494873,0.13851824114843644
2025-03-20,0.3587973018925209,0.141240092541,0.1354064431455071,0.13554504240685858,0.13590852836638093,0.11884807824030702,0.13139764011852842,0.13555055856704712,0.14267045259475708,0.13361810620562659
2025-03-21,0.35990080895587717,0.122421629539,0.12931203480338588,0.13015696006627886,0.12981708604879974,0.11917743091858775,0.13471869068992917,0.1327446848154068,0.1349474936723709,0.13012491157353703
2025-03-24,0.36237595018620095,0.0793092408166,0.11346631001190334,0.1137962010305958,0.11387722182413218,0.11029985302862089,0.12857056787264204,0.12779714167118073,0.12734754383563995,0.11930783418210214
2025-03-25,0.36315190969804195,0.0611219614554,0.10353096116874569,0.10368873698079803,0.10392504616902654,0.10000296915941755,0.11792245127256006,0.12232518196105957,0.11937686800956726,0.11011031638873923
2025-03-26,0.3639485406743816,0.0979870714915,0.11151347398491424,0.11056793796026415,0.11190689910384499,0.11495265956298903,0.11123836525449578,0.12020175158977509,0.10965920984745026,0.11286289961481909
2025-03-27,0.3640980462342884,0.134641802541,0.12213115081136397,0.12253609005573757,0.12243672288795943,0.11639826350228033,0.11475118917101691,0.12073823809623718,0.10896767675876617,0.11827990446905165
2025-03-28,0.3643101395654455,0.123821358217,0.11894276760763596,0.11696217513547505,0.119214235165755,0.11989998988348338,0.11960405842818543,0.1206384003162384,0.11286109685897827,0.11830324619939307
2025-03-31,0.36410802372149176,0.188932416861,0.14563897122504826,0.1474202101148607,0.14594179043130479,0.13827173366075718,0.14776162562938577,0.12596625089645386,0.12173289060592651,0.13896192465196242
2025-04-01,0.36410830314918446,0.153174703889,0.14103689844214365,0.14186267439505068,0.14147858276892358,0.13363536252607372,0.14174665615186857,0.1286834180355072,0.12950003147125244,0.13684908911297428
2025-04-02,0.3631558805547453,0.164306307742,0.14880001873906493,0.14996761170977385,0.14940519179360365,0.13807941200038246,0.13322781697433467,0.1321166455745697,0.12481920421123505,0.13948798585756633
2025-04-03,0.3616402172044918,0.172643067753,0.1538883124315451,0.15159757653718037,0.1546079876591688,0.13691532612625965,0.13391356864496937,0.1354278177022934,0.12256225943565369,0.14127326407672433
2025-04-04,0.3495602020746172,0.450998890129,0.2582992001202298,0.2583022548066532,0.25919751346198067,0.22129106654361325,0.24473451019176806,0.15970008075237274,0.1431819200515747,0.22067236370402746
2025-04-07,0.27338255900826447,1.01919517955,0.4812539111915044,0.4900385622535488,0.48279464409153044,0.3888457214906012,0.2985970770118078,0.22622911632061005,0.20383967459201813,0.3673712438502315
2025-04-08,0.2562136074607483,0.458104369526,0.33215409009312225,0.3312144097778564,0.3329511219201826,0.27373569595467895,0.31976737581440673,0.24118918180465698,0.23720209300518036,0.29545913833858345
2025-04-09,0.20401501516753712,0.71714865735,0.4448449409159031,0.44656485954210995,0.4464567632504851,0.3605663048338206,0.3652769559707988,0.27757567167282104,0.2738482654094696,0.3735905373707726
2025-04-10,0.16780654059429387,0.542267912886,0.4158237785740757,0.4153507317376426,0.4212907110189973,0.3073380851950675,0.299568529307815,0.29686394333839417,0.2657359838485718,0.34599596614579486
2025-04-11,0.15547063111971085,0.300570745456,0.33304070243197903,0.3323139950044858,0.3361238508072255,0.24575291883291842,0.299568529307815,0.2937413454055786,0.2710590660572052,0.30165720112102967
2025-04-14,0.14963667031908187,0.214021644575,0.2582113973773769,0.25646185127131027,0.26217166093416877,0.2049508726167623,0.25334827191798265,0.4125397503376007,0.2726253569126129,0.27432988019540205
2025-04-15,0.1464408555010097,0.167438817335,0.22423999873458705,0.2229157525348367,0.2290667603734119,0.1811382278175559,0.15719435590119016,0.30816593766212463,0.23350095748901367,0.22231742721610284
2025-04-16,0.13986571760611105,0.210162829121,0.20183152399529636,0.20131988463561462,0.2051481714240242,0.17331400075428433,0.15237349160578384,0.27016204595565796,0.19976148009300232,0.20055865692338054
2025-04-17,0.13545986511563934,0.177196265995,0.16677980883041454,0.1672723082153012,0.1677170685024371,0.1490082232052791,0.24157528839999215,0.23948147892951965,0.18192774057388306,0.1876802738081181
2025-04-21,0.13341546785366531,0.138870757205,0.14428332463129964,0.14346742674438318,0.1450426284995901,0.13875124501440939,0.14197957710909453,0.21129688620567322,0.1681155562400818,0.15613380634921883
2025-04-22,0.13250953224099918,0.177881737836,0.1532917327956041,0.1540450947510259,0.15286805609238138,0.15023718188154891,0.23614184850429976,0.20040902495384216,0.16487939655780792,0.1731246193623586
2025-04-23,0.1266220432824696,0.209361965004,0.16526394296249464,0.16514534372336376,0.16601550877644672,0.1590176363880213,0.2359165247490852,0.20301072299480438,0.15473510324954987,0.17844354040625227
2025-04-24,0.12598964796217665,0.124733633378,0.13406252982466543,0.13434356778123238,0.13486489044495414,0.13768684289192198,0.1417237316128813,0.19020743668079376,0.14559298753738403,0.14549742668197616
2025-04-25,0.12249656487665114,0.147530714615,0.13853195788782244,0.1390087100176121,0.13992935341509724,0.1475032418608427,0.142311750768129,0.1869998723268509,0.14075084030628204,0.14786224665466235
2025-04-28,0.12005302355016971,0.142878277762,0.13727958533571444,0.1374847340429115,0.13911648871477708,0.14164172942768838,0.13988216565039197,0.18478398025035858,0.13123825192451477,0.1444895621923367
2025-04-29,0.11990062072855671,0.136293909037,0.13245643665849163,0.1330659767499857,0.1340458495883443,0.14064181547936266,0.14025932917081257,0.18221759796142578,0.12246783077716827,0.14073640519794156
2025-04-30,0.11648389486265473,0.180565047151,0.1434707580651769,0.1444063696361257,0.14530918942061605,0.15388674097416413,0.14194942016850037,0.18713566660881042,0.11942209303379059,0.14794003398674058
2025-05-01,0.11360257403346634,0.153188651902,0.13739364022781633,0.13721310271988596,0.139040560619673,0.14137987657163337,0.14033255540719491,0.1859356313943863,0.12331885099411011,0.14351631684781424
2025-05-02,0.11169868062157225,0.111582449826,0.12267394105570759,0.12306932160817699,0.12428887711277829,0.1337023347945706,0.13454829375613547,0.17877086997032166,0.11682122945785522,0.13341069539364941
2025-05-05,0.11105645726377553,0.0820740173607,0.10997575254445531,0.11029678450103197,0.11168948531585876,0.11904494236828937,0.12909811098972135,0.17035923898220062,0.10259522497653961,0.12186564852544243
2025-05-06,0.11032288652648642,0.151599639072,0.13178516328840276,0.1323686656287103,0.13353664073625998,0.13839753905555355,0.13742836559392277,0.17676636576652527,0.09413158893585205,0.1349163327150324
2025-05-07,0.1025269069156385,0.205470865651,0.15031234200976712,0.15111352461666694,0.15189693346362285,0.1473712953615113,0.14074009994789055,0.18802016973495483,0.08635379374027252,0.1451154512678123
2025-05-08,0.0986098104734753,0.137531029297,0.13183208556559076,0.132344884216766,0.13293302471863994,0.13042297733538807,0.13576865561651,0.1821456402540207,0.07844869792461395,0.13198513794736133
2025-05-09,0.09726299078055291,0.0990615254256,0.12066934951092631,0.12009723345234787,0.12166335968921842,0.1219814432629634,0.12880266552544722,0.17236807942390442,0.07271405309438705,0.12261374056559925
2025-05-12,0.09707445966933383,0.106440457753,0.12648938476648222,0.12682754250675324,0.12735600556183582,0.12867163604149706,0.13421647395041045,0.1673068404197693,0.06928423792123795,0.1257360173097123
2025-05-13,0.09677723320934485,0.0812188191824,0.11561786803146497,0.11584666198495396,0.11673152095512884,0.1179120070303368,0.10960506088836039,0.15851886570453644,0.0615975558757782,0.11368993435293709
2025-05-14,0.09741132563203686,0.0917910648053,0.11766303376322901,0.11826431336106333,0.11784484055765448,0.11821093806307023,0.16939105527363618,0.1420343518257141,0.16093850135803223,0.13490671917177138
2025-05-15,0.09635244812183612,0.0903624353352,0.11464028198247966,0.11367973709155327,0.11474724150489474,0.1143865948204837,0.14928530988546507,0.13686510920524597,0.15551412105560303,0.12844548507796077
2025-05-16,0.09679344213423924,0.0680867503841,0.10661546920895018,0.10529541842885853,0.10669527944638656,0.10940099928268264,0.14928530988546507,0.13135814666748047,0.15107110142707825,0.12281738919241454
2025-05-19,0.09827742525809027,0.0769713887868,0.10742137812775812,0.10517928326422704,0.1074754283738319,0.11431826839097757,0.14928530988546507,0.12748508155345917,0.1477201282978058,0.12269783969907495
2025-05-20,0.09929186740793185,0.0879865860317,0.11078282156630942,0.11124376325358781,0.11080798756961874,0.11352588564545968,0.14928530988546507,0.12528300285339355,0.14311283826828003,0.1234345155774449
2025-05-21,0.09583722700148789,0.163042274181,0.13572767877655872,0.1375700203860173,0.13588189808724385,0.13520991539339677,0.16723564799988244,0.12930652499198914,0.13830140233039856,0.13989044113792667
2025-05-22,0.09353534594185622,0.108600701225,0.12124975130089356,0.12167061428384135,0.12124609734128616,0.12257005025750467,0.16659961062834422,0.12908560037612915,0.1403016448020935,0.1318176241414418
2025-05-23,0.09106020744188495,0.110470447707,0.1238921260948725,0.12368311949970313,0.12392991358517891,0.12342532533515602,0.12206137921583161,0.1296437680721283,0.14012715220451355,0.1266803977153406
2025-05-27,0.09073455363866005,0.0594783071934,0.10851395592078981,0.10578283587321807,0.1084054872762404,0.11959240096619667,0.12302393704644293,0.12657016515731812,0.13817021250724792,0.11857985639249342
2025-05-28,0.09007242214760121,0.0892632256446,0.11691683915642778,0.11801928106079425,0.11699130110403115,0.12321362617980845,0.11981760733124235,0.1262085884809494,0.13934722542762756,0.12293063839155442
2025-05-29,0.08641955785462038,0.133446872497,0.12781459334225898,0.12939516333775242,0.12787038245592408,0.12253028560723879,0.14274850840963327,0.12813004851341248,0.14157737791538239,0.13143805136880035
2025-05-30,0.08372404471765611,0.125071393171,0.1263047829546623,0.12655912783438844,0.12638035221048177,0.12286326544528553,0.11153086467193492,0.12916727364063263,0.1424117088317871,0.12645962508416753
2025-06-02,0.08147721112558087,0.0976972437133,0.11781709016599765,0.11723426741947333,0.11784084960503513,0.12783299098828585,0.13186453436024437,0.12795977294445038,0.1476593315601349,0.12688697672051735
2025-06-03,0.08087902943259866,0.0586745434256,0.10665922756046027,0.10545354302833368,0.10666053558292347,0.11254535484734392,0.11986994874687927,0.12457460910081863,0.14949460327625275,0.11789397459185887
2025-06-04,0.08152327278136691,0.0610893994137,0.10580226779639944,0.10629165453105974,0.1058030462528098,0.10792841382060854,0.12193807655193589,0.12183276563882828,0.152303546667099,0.11741425303696294
2025-06-05,0.07716534758030161,0.13990033949,0.1284392751395785,0.13006219996706636,0.1285130762702531,0.12546876814869168,0.1375216467230382,0.12469055503606796,0.15380632877349854,0.13264312143688492
2025-06-06,0.07585430128731238,0.085857154533,0.11105830144722227,0.11178083901736478,0.11102063292992939,0.11122510822389368,0.11702860318099888,0.12278380244970322,0.15430638194084167,0.1198862384557077
2025-06-09,0.07565898132585133,0.0486772400419,0.09781534187715202,0.09764551128840965,0.09774658520924898,0.10703959922723365,0.12134347063004294,0.11832212656736374,0.1542777717113495,0.11345577235868579
2025-06-10,0.07544486984067983,0.0653702803487,0.10279408707610849,0.10261217624083295,0.10271733772478903,0.11341367010198111,0.12604306675175636,0.11623846739530563,0.14878886938095093,0.11608681066738923
2025-06-11,0.07324736053675326,0.102762635629,0.11553658814963606,0.11665008005903742,0.1155419501216419,0.11381281576355691,0.12135361980166426,0.11750306934118271,0.14724263548851013,0.12109153696074705
2025-06-12,0.07311779397184191,0.0733929266906,0.10371863550545035,0.10195453965015963,0.10362036918242248,0.10540753987137941,0.09688616480819591,0.11556413024663925,0.1531534641981125,0.11147212049462278
2025-06-13,0.07494800717206242,0.104935232151,0.11372919390501812,0.11377991087145914,0.11382769960724419,0.1163365706204296,0.10025298293246317,0.1212490126490593,0.15460152924060822,0.11911098568946883
2025-06-16,0.07451439308702179,0.0621027823129,0.10187432386494528,0.10132505992061944,0.10218882940536889,0.11055716387726633,0.10312879480212839,0.12049616128206253,0.15343432128429413,0.11328637920524072
2025-06-17,0.07309646804308427,0.0801530123043,0.10791428598628261,0.1082568058743186,0.10805583873092628,0.12230482407333003,0.10558226907862919,0.1205328181385994,0.15009208023548126,0.11753413173108106
2025-06-18,0.06966374078591962,0.109561462523,0.11688412831290429,0.11771619686707815,0.11712651456807117,0.12488637144161459,0.10870905319309569,0.1212983950972557,0.13914580643177032,0.12082378084454141
2025-06-20,0.06718538778150648,0.109318407871,0.11867082739935336,0.11992161178640426,0.11880199646067863,0.12443396940166276,0.10482157146712132,0.12205066531896591,0.13980317115783691,0.12121483042743188
2025-06-23,0.06386046534271889,0.111474953401,0.11964571260672513,0.11749093360708433,0.11978171312986997,0.12494698149317623,0.10482157146712132,0.12274158746004105,0.12897318601608276,0.11977166939715725
2025-06-24,0.06375441517152111,0.0513803113094,0.10147092672309424,0.1011096679192915,0.10165550820422219,0.11038678965975027,0.10270626918380756,0.12166430801153183,0.12328536808490753,0.10889697682665787
2025-06-25,0.06312095720275732,0.0510766975569,0.0998685898017633,0.09990208112288008,0.09999341007228026,0.10840416840428423,0.09643567946665715,0.12067399173974991,0.11811758577823639,0.10619935805512161
2025-07-07,0.07045241302319318,0.0770004765197,0.10577071736424193,0.10655602945390667,0.10587771117428268,0.10718373626334053,0.11812036500942548,0.11922352761030197,0.1367178112268448,0.11420712830033487
2025-07-08,0.07104571863722262,0.0710597572164,0.10206796182201348,0.10197043169620451,0.10233213476995154,0.10685049691110658,0.11812036500942548,0.11810886114835739,0.14439737796783447,0.1134068041892705
2025-07-09,0.07342919893805869,0.056200696375,0.09486587920257697,0.09503044809908862,0.09518037934521452,0.10544787198684429,0.11812036500942548,0.11670955270528793,0.1504257172346115,0.11082574479757848
2025-07-10,0.07407867574952404,0.0418091946725,0.0901328187632115,0.08963953358316824,0.0904420996652295,0.10193790083690028,0.09527236998527026,0.11539251357316971,0.15209533274173737,0.10498750987838383
2025-07-11,0.07440923151671115,0.0599488038506,0.09587771839265571,0.09566503111680398,0.09614675250047416,0.10562523097904893,0.09527236998527026,0.11504765599966049,0.15040314197540283,0.10771970013561662
2025-07-14,0.07463593993180712,0.0608141063263,0.09528691598958072,0.0950282425781076,0.09561634936853208,0.104186510556709,0.11812036500942548,0.11467994004487991,0.15207669138908386,0.11071357356233123
2025-07-15,0.07415149971244492,0.0706277357139,0.09814066446452087,0.0989295611135407,0.09850620752556875,0.11414641510074072,0.12044414826444624,0.1145971342921257,0.14998666942119598,0.11353582859744844
2025-07-16,0.06990901045655502,0.129237125492,0.11907196866136603,0.1204524169321661,0.11926003805440956,0.12379196492084786,0.13022671349268108,0.11638755351305008,0.15791398286819458,0.12672923406324504
2025-07-17,0.0706187618170486,0.0499576473659,0.09625960261154715,0.0955061558905366,0.09654838078645146,0.10411038611861248,0.11812036500942548,0.11583267897367477,0.16042903065681458,0.11240094286386607
2025-07-18,0.07087830181635985,0.0450464372578,0.09404295697639539,0.09417712052958446,0.09432737846118416,0.10358392187268421,0.11812036500942548,0.11531110852956772,0.1617453247308731,0.11161545372995922
2025-07-21,0.07227735599185156,0.0413826051432,0.09196896876965736,0.09184431982812302,0.09227871115827821,0.10116535327666462,0.11812036500942548,0.11468108743429184,0.1596897393465042,0.10996407783184925
2025-07-22,0.07442214950071006,0.0694848535419,0.10013634262010394,0.10054069425182638,0.10041240396554155,0.10958775085619535,0.11812036500942548,0.11478038877248764,0.1584637612104416,0.11457738666943171
2025-07-23,0.07644252522973871,0.0572416106243,0.09283594675611301,0.09215319894540967,0.09323557394595108,0.10519930636134386,0.10175698642716709,0.11398910731077194,0.15446001291275024,0.10766144752278671
2025-07-24,0.08131539321838369,0.0485358755131,0.08979550027915906,0.08970549564504786,0.09017392984064697,0.0983390075605897,0.0957253910920557,0.11298787593841553,0.14905884861946106,0.10368372128219656
2025-07-25,0.08154559883415267,0.0303488797858,0.08370828536971224,0.08325724632645358,0.08414570815261896,0.09629392427827249,0.0957253910920557,0.11194486916065216,0.1499897539615631,0.10072359690590403
2025-07-28,0.08201487053732291,0.0391585294399,0.08615608315331079,0.0863350906247572,0.08655757910263863,0.09557723210660882,0.10433156862957642,0.11141029000282288,0.15184056758880615,0.10317263017264586
2025-07-29,0.08168003933144548,0.0549957297942,0.09001318560725274,0.09030412694521908,0.0904194508824857,0.10271329608740438,0.0957253910920557,0.1112859845161438,0.14997905492782593,0.10434864143691247
2025-07-30,0.08003087732414334,0.0926904699208,0.10285020341229135,0.10373483903755867,0.10318410501699883,0.10595784110476981,0.09803360745187974,0.11221231520175934,0.150841623544693,0.11097350496713583
2025-07-31,0.07818162388045978,0.108887807386,0.11072051757751465,0.11193853516460381,0.11094398700729434,0.11389224718335328,0.09768326609589212,0.11362653970718384,0.1614050567150116,0.11717287849297908
2025-08-01,0.07622390112446673,0.115336411038,0.11703350717712657,0.11780709182441934,0.11716247417372123,0.11639093355380942,0.10357930565693503,0.1153109073638916,0.1555725336074829,0.12040810762248373
2025-08-04,0.07674249296760224,0.058851570046,0.10159010095451969,0.10076203405299519,0.10199605670715922,0.10651918723730228,0.09457447975896974,0.11539795994758606,0.16045764088630676,0.11161392279211983
2025-08-05,0.07583864989593683,0.0768417591809,0.1079814308994656,0.1087583434098519,0.10812810316581059,0.11755093519439755,0.10600528175590516,0.1160908043384552,0.15998753905296326,0.11778606254526418
2025-08-06,0.07725701561593536,0.0825377092565,0.10911434400756875,0.10893244027528849,0.10931696468339085,0.11280702450583147,0.09486288227700503,0.11660543084144592,0.15257707238197327,0.11488802271035768
2025-08-07,0.07495223446523046,0.101931024684,0.11441413885934268,0.11508402748252304,0.11450557133403441,0.1142424385582695,0.10040858048206032,0.11736442148685455,0.15337789058685303,0.11848529554141964
2025-08-08,0.07462378741865411,0.0613177836003,0.09975502932510497,0.09874440209900043,0.09999989684124817,0.10640833790980261,0.09600282614735668,0.11665758490562439,0.15233518183231354,0.10998617986577867
2025-08-11,0.07441271348068204,0.0680045094043,0.10218829923767912,0.10240949561087781,0.10231740617081311,0.10880780191416674,0.09369460978753265,0.11646924912929535,0.15405520796775818,0.11142029568830328
2025-08-12,0.07383777303168941,0.0663923279816,0.10117476882774144,0.10159699129210371,0.10136579722732018,0.10487033969553476,0.09486288227700503,0.1162337064743042,0.1503828763961792,0.11006962317002693
2025-08-13,0.07346029424252233,0.0589459585906,0.09777268017333815,0.09802494621659358,0.09793522340920122,0.10098243786359185,0.09876535921961463,0.1157495528459549,0.15145882964134216,0.1086698613385195
2025-08-14,0.07281094314525613,0.0621896784602,0.09664440016909424,0.09642346003319487,0.09684121726504712,0.10874439203688308,0.09817385410679566,0.11522702872753143,0.14997857809066772,0.10886184720417345
2025-08-15,0.07177959633915254,0.0677517664645,0.09858774046683816,0.09920648755344268,0.09878643401265676,0.10794376153161536,0.09324214793032916,0.11493755877017975,0.1499256193637848,0.10894710708983524
2025-08-18,0.0784295091464895,0.0529186981452,0.09347620126749635,0.09359982185748726,0.09373654594402295,0.09943202981220761,0.09486288227700503,0.11434552073478699,0.14890959858894348,0.10548037149742139
2025-08-19,0.07822090283551629,0.0769314821467,0.10103565409490833,0.10109569533859687,0.10124004793138142,0.10570126908040982,0.09876535921961463,0.11457884311676025,0.1459031105041504,0.10975999704083168
2025-08-20,0.0753662433892177,0.106937308558,0.11230343759451378,0.11326442914848256,0.1124058557882298,0.11367044256663826,0.10417332482170895,0.11575755476951599,0.14230214059352875,0.1162681693260883
2025-08-21,0.07266029024101817,0.0983741422221,0.11169971081784469,0.11198753778039384,0.11180034275484448,0.11297444520307462,0.09486288227700503,0.11661802232265472,0.140985906124115,0.11441840675427604
2025-08-22,0.06752368491987533,0.136011525018,0.1257810732615936,0.11718656162816625,0.1257682975807973,0.1253845143362822,0.09572015983289975,0.11038218438625336,0.1409781277179718,0.1201715598205663
2025-08-25,0.0681987091123634,0.0413325092199,0.09756368810933952,0.09787060462787095,0.09755117118783635,0.1015794559214412,0.08742440099048744,0.10875280201435089,0.14209958910942078,0.10469167313724959
2025-08-26,0.07079517317957744,0.0560823566603,0.10077817073985851,0.10030270428158555,0.10078631792643658,0.10724368212084844,0.08511504646103772,0.1082056313753128,0.14014479517936707,0.10608233544063525
2025-08-27,0.07255616100965734,0.0432841408622,0.09370784287377144,0.0934051447857158,0.0937833552907588,0.0980986715070816,0.09361341595621325,0.10653984546661377,0.13856926560401917,0.10253107735488198
2025-08-28,0.07260197454667827,0.054690819302,0.09474187953769407,0.09486065496426747,0.09485611172727561,0.10298914705949246,0.08997450839318286,0.10538996756076813,0.14067518711090088,0.10335535090765449
2025-08-29,0.07259654003114832,0.0755809455541,0.097657623839701,0.09817722413714741,0.09779354752567451,0.1021214168102112,0.08876885566690801,0.10475670546293259,0.1429937481880188,0.10460987451865622
2025-09-02,0.07181756343692343,0.0833938864789,0.10213522788327031,0.10090881582531791,0.10225399724557438,0.1058194291610047,0.09186082128533166,0.1050618439912796,0.1437925398349762,0.1074046678895364
