date,target,persistence,har,shar,har_rv_iv,har_x_lasso,hgb,lstm,lstm_x,combination
2022-10-07,0.20481813891738201,0.16004537155,0.16006150183496404,0.16583892880358164,0.1685866880277607,0.20695802836118743,0.1884198900264579,0.17250113189220428,0.21940165758132935,0.1831096895039265
2022-10-10,0.19048736478352574,0.204818138917,0.18591660654960318,0.18783394266211556,0.1930897578985906,0.2340913440449509,0.19015261876022335,0.18439491093158722,0.2353781908750534,0.2015510531031606
2022-10-11,0.1722052435082161,0.190487364783,0.18268001089914837,0.18231503038388375,0.19222591080015738,0.23740402004694516,0.19292993528191957,0.18620459735393524,0.24224194884300232,0.2022859219441417
2022-10-12,0.3010464893965117,0.172205243508,0.1727901668427826,0.17021806330640502,0.1848812601120363,0.23563063425191957,0.18796357826751312,0.17914314568042755,0.2436370998620987,0.1963234211890261
2022-10-13,0.29943232053816765,0.301046489396,0.24506917120717026,0.21165834871816602,0.2390050276156366,0.2747320683298422,0.2539665292948669,0.22856207191944122,0.2887514531612396,0.24882066717805182
2022-10-14,0.16946683209678523,0.299432320538,0.2563952957107102,0.27095225610290324,0.24608397775467705,0.2551419607956801,0.23634842203236217,0.2572018504142761,0.23615580797195435,0.25118279582608044
2022-10-17,0.21235822451122538,0.169466832096,0.1893338334340468,0.18484040424231896,0.19027730532649867,0.2276618329893957,0.18851718382830032,0.21524997055530548,0.20031070709228516,0.19945589106687872
2022-10-18,0.17634302344767713,0.212358224511,0.21231132676454373,0.2214260312592972,0.20708711047731074,0.22727709996738255,0.19258221900813835,0.20946253836154938,0.20052537322044373,0.21009595700838082
2022-10-19,0.19932534850533187,0.176343023448,0.19489630005715058,0.20083449296747502,0.19367058907886156,0.22236895161178685,0.193437195455914,0.19537217915058136,0.2083432525396347,0.2012747086944863
2022-10-20,0.21365201351602564,0.199325348505,0.19713614907926016,0.1997651500000597,0.19486699616389946,0.21797629023622167,0.193437195455914,0.19649158418178558,0.2180340588092804,0.2025296319894887
2022-10-21,0.22144854232728647,0.213652013516,0.1969216042375846,0.1889560537141945,0.19537664409189057,0.22214770967421865,0.20953714081697564,0.2014199197292328,0.2239379733800888,0.20547100652059797
2022-10-24,0.13205187352658349,0.221448542328,0.20531679153525323,0.20665573468030707,0.20206800769508046,0.22634108862768207,0.19180176052399098,0.20923149585723877,0.2242833375930786,0.20938545950180446
2022-10-25,0.16887097482514868,0.132051873527,0.154315875470205,0.14728443568990882,0.15769510504543682,0.1880218860304315,0.15991727344412002,0.17495235800743103,0.20392009615898132,0.1694438614066449
2022-10-26,0.18767355039394337,0.168870974825,0.1718588682668778,0.17248244572284088,0.17022442164603002,0.18025742052455887,0.18716487801450604,0.1716732233762741,0.1885126680135727,0.17745341793780864
2022-10-27,0.10946467676845714,0.187673550394,0.18015444689970683,0.1871862165405992,0.17618842550546782,0.18672668879779905,0.18716487801450604,0.1783934235572815,0.1873156875371933,0.18330425240750767
2022-10-28,0.15018875362858966,0.109464676769,0.1325943017000866,0.1207082302971883,0.13612915770126374,0.15720305695334202,0.17535935006116962,0.1491519808769226,0.16966472566127777,0.14868725760732154
2022-10-31,0.1583213493529625,0.150188753629,0.14642664759661764,0.1505355620878468,0.1479526848230006,0.17866114562613625,0.19621703054805,0.14862291514873505,0.1686038374900818,0.16243140333149544
2022-11-01,0.30805969502233166,0.158321349353,0.15280935437871113,0.16227534016326417,0.15289276598843252,0.17257170420210546,0.1819626705492187,0.15385544300079346,0.16883452236652374,0.16360025723557842
2022-11-02,0.18341236447267126,0.308059695022,0.23854513048598938,0.24552262103313569,0.22129615280385273,0.2174701756789969,0.26936646885353194,0.21828371286392212,0.21055836975574493,0.23157751878216767
2022-11-03,0.2702769425998748,0.183412364473,0.1767700763399418,0.17329783499364734,0.169692139308654,0.17582596919676716,0.18448740501491598,0.2008381336927414,0.211746484041214,0.1846654346554117
2022-11-04,0.12655417781392284,0.2702769426,0.23356531407616318,0.23427632346496355,0.21234290219274365,0.19302954076164108,0.1954833525885241,0.22607091069221497,0.20452356338500977,0.21418455816589432
2022-11-07,0.17861465622080402,0.126554177814,0.16163092511308255,0.1631018193452827,0.1538388183330615,0.1470438178672181,0.14476520003050208,0.184401273727417,0.15692293643951416,0.15881497012229687
2022-11-08,0.16682929047955578,0.178614656221,0.18874341806232614,0.1912689888044609,0.17759497839920194,0.17363602519085625,0.17031658070632652,0.18206584453582764,0.17027345299720764,0.17912846981374386
2022-11-09,0.1786312641726078,0.166829290479,0.170518304995466,0.173594858149507,0.16581343795004955,0.16985735890072956,0.17876651031616234,0.1740337461233139,0.1773814707994461,0.17285224103352492
2022-11-10,0.14920567768271153,0.178631264173,0.1758539538210916,0.16635577657309966,0.164290441383027,0.15604042097765716,0.1597469760899679,0.17443223297595978,0.17962950468063354,0.16804990092877664
2022-11-11,0.13690731733850314,0.149205677683,0.15081323902977195,0.14907251152225776,0.14181865970007845,0.13631076373679887,0.12885335532657116,0.16209684312343597,0.12558503448963165,0.14207862956122083
2022-11-14,0.21824994476857032,0.136907317339,0.14597731084139853,0.14911536440664325,0.14045729625677703,0.141020871827153,0.1423491951686956,0.15189918875694275,0.13161058723926544,0.14320425921383936
2022-11-15,0.1112136204586075,0.218249944769,0.1891979767268861,0.18988507058660142,0.175421121890052,0.16569715293820267,0.1616241579457479,0.174911767244339,0.16223038733005524,0.17413823352312632
2022-11-16,0.13137913210882768,0.111213620459,0.13224900034893167,0.1364012607860794,0.13025703132573413,0.1348648338984326,0.14937464104169665,0.1509845107793808,0.15169352293014526,0.14083211444434293
2022-11-17,0.14618040545404162,0.131379132109,0.13797984741692182,0.1313526516072919,0.13527665206960465,0.14284575980492106,0.14769803869206105,0.14329861104488373,0.14605607092380524,0.14064394736564134
2022-11-18,0.09997696593033617,0.146180405454,0.1449567333553473,0.14756117930038243,0.13989006980197563,0.13804751218531752,0.1438516916849534,0.14505070447921753,0.14153382182121277,0.14298453037548667
2022-11-21,0.07816163914478765,0.0999769659304,0.11933025149817464,0.11916627439837005,0.11895159453678013,0.12086555636868775,0.12096504171430739,0.1307283341884613,0.12944501638412476,0.12277886701270087
2022-11-22,0.12065500773458017,0.0781616391448,0.096461823217223,0.09269738587300727,0.09980655333705049,0.10789018078928425,0.11412745959582149,0.11295314878225327,0.11548164486885071,0.10563117092335579
2022-11-23,0.04390594982287663,0.120655007735,0.11812167440112105,0.11432712255668759,0.11558607768815876,0.1141575656239882,0.12297015858040877,0.11833307892084122,0.11396200209856033,0.1167796685528237
2022-11-25,0.0884040092141776,0.0439059498229,0.073125160389262,0.07268441396610124,0.08013889661128652,0.09216820150744763,0.10783595027066228,0.09607799351215363,0.09996732324361801,0.0888568485000759
2022-11-28,0.12065796448556058,0.0884040092142,0.08976253057707204,0.09273095592063638,0.09876849927667539,0.11368323630147972,0.1187871359789576,0.09741569310426712,0.1153532862663269,0.10378590534648788
2022-11-29,0.19103476859639973,0.120657964486,0.10739006962878689,0.10913574351635996,0.11289759763329243,0.12856482008390735,0.12837783975807016,0.10954337567090988,0.1311151087284088,0.11814636500281936
2022-11-30,0.1444296077580549,0.191034768596,0.1515503911878478,0.1309790236084876,0.144136785089377,0.13720929555122582,0.13344630732526788,0.14130277931690216,0.13983669877052307,0.13978018297851877
2022-12-01,0.12148379245411957,0.144429607758,0.13098858567519295,0.13469658936584158,0.1266387431263204,0.11867896899494526,0.12902536369674064,0.14319908618927002,0.12473906576633453,0.12970948611637792
2022-12-02,0.10753680838439274,0.121483792454,0.12676286488098887,0.12376737971882712,0.12107513590596954,0.10707315980343152,0.11439389713246947,0.13747373223304749,0.09992600977420807,0.11863888277842029
2022-12-05,0.13070690800155133,0.107536808384,0.12195527455420806,0.12714254234848704,0.12102760005369621,0.116319385458673,0.1262163703362616,0.1293259710073471,0.11456365138292313,0.12236439930594231
2022-12-06,0.14728430165967044,0.130706908002,0.13419770430305875,0.13937059632719248,0.13457580237236252,0.13121566643981128,0.13701906239881395,0.13269978761672974,0.14086130261421204,0.13570570315316868
2022-12-07,0.1272848825321719,0.14728430166,0.13829534827452317,0.14009489565610564,0.14023277163789805,0.1445407971256315,0.16456862963139413,0.13409247994422913,0.14720040559768677,0.14414647540963835
2022-12-08,0.11450940074886429,0.127284882532,0.12713010755475126,0.1262040392997342,0.1298036901980801,0.1331340880140998,0.13324243423871135,0.1307058483362198,0.14557376503944397,0.1322562818115772
2022-12-09,0.10155950738608376,0.114509400749,0.12044825199204257,0.12208860761102039,0.1257808965771348,0.13779348536891967,0.14815717593730524,0.1243705004453659,0.1394006609916687,0.1311485112747796
2022-12-12,0.26132440519206773,0.101559507386,0.11377348560756763,0.10909927415559902,0.12417437112438368,0.15149811111246816,0.15674821212555262,0.11676895618438721,0.14459213614463806,0.13095064949351376
2022-12-13,0.30312439276211345,0.261324405192,0.20226950843484875,0.2102517063482376,0.18832547129962562,0.18379704095312344,0.1578650804247394,0.1713295578956604,0.17508596181869507,0.18413204673927575
2022-12-14,0.1598574579039339,0.303124392762,0.23613396521329671,0.2465418904120182,0.2109921511442991,0.18684975549365745,0.16232969347974383,0.21946345269680023,0.1680060476064682,0.20433099372089766
2022-12-15,0.16240457987498996,0.159857457904,0.17005093991923448,0.17665924577942493,0.1594551770383368,0.15306718678469577,0.1445687716100071,0.19253498315811157,0.15846474468708038,0.16497157842527013
2022-12-16,0.12664774005129661,0.162404579875,0.17565061233790197,0.1792670521431919,0.1643641959932578,0.15100204905085168,0.14242230984880025,0.1770952194929123,0.14904838800430298,0.16269283241017413
2022-12-19,0.13389253851385147,0.126647740051,0.16066314721493855,0.16518420431911668,0.15246285160325337,0.1481072789994562,0.13273811758869697,0.1583583652973175,0.13436944782733917,0.15026905897858836
2022-12-20,0.11704594023823808,0.133892538514,0.152727069865684,0.15357505727541743,0.14590801883205384,0.13691022999796773,0.13540652452599275,0.14908897876739502,0.1293068379163742,0.14327467388298357
2022-12-21,0.14650128714028557,0.117045940238,0.12798371726108057,0.12377073354025729,0.12507631000819414,0.12301677734426106,0.11390335597488223,0.1348728984594345,0.12189458310604095,0.12435976795630724
2022-12-22,0.1620687452752936,0.14650128714,0.14089887672197338,0.1417115431736025,0.1392672492474089,0.1449456281186996,0.13454152822080706,0.13922689855098724,0.14049634337425232,0.14015543820110446
2022-12-23,0.1096349204106812,0.162068745275,0.1482408535351945,0.14379563131313128,0.1431340858349753,0.13535344799659654,0.14224884601990728,0.14803119003772736,0.13903941214084625,0.1428347809826255
2022-12-27,0.13443098326614739,0.109634920411,0.12149061396665956,0.12116458887057137,0.12400821506987683,0.13594370614415488,0.14826714376546737,0.13380438089370728,0.13169962167739868,0.13091118148397657
2022-12-28,0.08682542905174728,0.134430983266,0.13334396014379646,0.1388959722375024,0.13479464581313363,0.14907400943523275,0.1708201258430691,0.13431912660598755,0.13649272918701172,0.14253436703796193
2022-12-29,0.14796295151455177,0.0868254290518,0.10772067644987846,0.10328856347549015,0.11229216324586225,0.13929728864478508,0.12167901276934882,0.11788880825042725,0.13393732905387878,0.11944340598423868
2022-12-30,0.19236241608853846,0.147962951515,0.13724352942326573,0.13798713489102468,0.13610197063126234,0.1451689823604744,0.14836122975049676,0.13053438067436218,0.14203479886054993,0.13963314665591944
2023-01-03,0.19269182653109082,0.192362416088,0.1613303234243484,0.16502128430180546,0.15734610390920412,0.17248658820482374,0.18910208730781483,0.15335659682750702,0.1638694852590561,0.16607320989065139
2023-01-04,0.1473139041683262,0.192691826531,0.16886198476352507,0.17087356748782806,0.16056902373836857,0.16643613385924214,0.1769008504805108,0.16717931628227234,0.16525565087795258,0.16801093249852853
2023-01-05,0.17576051168368848,0.147313904168,0.14813399987789264,0.14638224635068406,0.1447456270760003,0.15515518008972243,0.17332282956612893,0.15745364129543304,0.15936100482940674,0.15493636129789543
2023-01-06,0.1175546095478931,0.175760511684,0.16969901402387616,0.1698059241849586,0.1576089200297111,0.14718476412502807,0.15503970338062983,0.1639476716518402,0.14383843541145325,0.1581606332582139
2023-01-09,0.13498084734771226,0.117554609548,0.13896610316835972,0.14184044376458002,0.13507893803989843,0.1500110522207384,0.1550989644561987,0.14776377379894257,0.137137308716774,0.1436995120236417
2023-01-10,0.09182431158857876,0.134980847348,0.1423129008230954,0.14215705177348953,0.13604096233813293,0.14066617275966983,0.15212107070958675,0.14304539561271667,0.1297174096107483,0.14086585194677706
2023-01-11,0.18879474736122295,0.0918243115886,0.11257281585838985,0.11266055684786437,0.11383842579479023,0.12519394249491544,0.13756285078746025,0.125387042760849,0.13286451995372772,0.12286859349971382
2023-01-12,0.09347695346603033,0.188794747361,0.16299069683005765,0.16388648614775295,0.14898720468341595,0.14108542080922762,0.14561805587416027,0.14573875069618225,0.12755991518497467,0.1479809328893959
2023-01-13,0.09588318374865532,0.093476953466,0.10966723762081262,0.10567175762429809,0.10455994364914212,0.10311045068641768,0.10597532707451163,0.12740910053253174,0.0871652215719223,0.10622271982280516
2023-01-17,0.10866975315670317,0.0958831837486,0.10912565972461238,0.10833930077483586,0.10640465397735246,0.11027528407861431,0.11126274502330442,0.11687052994966507,0.0904732495546341,0.10753591758328838
2023-01-18,0.12131093647530053,0.108669753157,0.11322477799487314,0.11799703553811162,0.1127223925071591,0.10959830313205793,0.13356312718860827,0.11396411806344986,0.10874219238758087,0.11568742097312011
2023-01-19,0.10723925412912941,0.121310936475,0.12199510601639067,0.1228984669389162,0.12038298626780887,0.11341721024416476,0.12726799332889077,0.11751497536897659,0.12438128888607025,0.12112257529303116
2023-01-20,0.12450610911452498,0.107239254129,0.10804126957630555,0.10158566604205588,0.1081374327701829,0.1089807761129066,0.12008936993998232,0.11329729110002518,0.11470939218997955,0.11069159967591971
2023-01-23,0.1282368774440036,0.124506109115,0.11913481558503715,0.1164924009809725,0.11677274969243383,0.11674879207658442,0.1377655653022306,0.11706969887018204,0.11208821833133698,0.11943889154839679
2023-01-24,0.12595664829148004,0.128236877444,0.12381222505787944,0.12528895306115684,0.11979995431596005,0.11694110106578744,0.12026410682595985,0.12130448967218399,0.11259335279464722,0.12000059754193926
2023-01-25,0.1526610795425265,0.125956648291,0.12423151454356557,0.12104078925649739,0.11955391254181803,0.1216551462230283,0.12355757208265619,0.12345165759325027,0.11619231104850769,0.12138327189847478
2023-01-26,0.1114013304007506,0.152661079543,0.13990112650358297,0.142631709097033,0.13107019646566173,0.12938122116825196,0.12262633216362723,0.13293814659118652,0.12131807208061218,0.1314095434385651
2023-01-27,0.11509154078766692,0.111401330401,0.1204074240277267,0.12018200174613389,0.11472721580122139,0.10903736720710909,0.12031930628970167,0.1261540949344635,0.10456206649541855,0.11648421092882498
2023-01-30,0.1042605309756439,0.115091540788,0.12134815051642503,0.1219388011450467,0.11892227470819752,0.12390552829745263,0.13909338135080304,0.12302140146493912,0.11875441670417786,0.12385485059814884
2023-01-31,0.22637101617925384,0.104260530976,0.11403084046328318,0.10691534937816366,0.11143921521317207,0.11550050313872665,0.12114289749878049,0.11759880930185318,0.11673331260681152,0.11476584680011295
2023-02-01,0.14694561408264623,0.226371016179,0.1817302151449144,0.1648783877208772,0.16273428042803464,0.1253491093017348,0.1279221581346224,0.15303954482078552,0.1430804431438446,0.1512477340992591
2023-02-02,0.16730274912335422,0.146945614083,0.14286107538576617,0.1404320038062018,0.13088322801192687,0.11476985203132459,0.13162683104483439,0.14932124316692352,0.1368231326341629,0.13524533801159147
2023-02-03,0.10150123069642851,0.167302749123,0.1576821447733774,0.15775082263557771,0.14309292692766507,0.12508205706770326,0.11769742298772658,0.1537187397480011,0.11638776957988739,0.1387731262457055
2023-02-06,0.20822773055423718,0.101501230696,0.12481390850186122,0.12650278644630342,0.11885354259655131,0.12454821246716857,0.08793392897360153,0.13600006699562073,0.10849307477474213,0.11816364582226413
2023-02-07,0.14258650891514246,0.208227730554,0.18550072855051192,0.18236036460569593,0.16545792525108866,0.14861630157834532,0.1624146037772918,0.1604744791984558,0.1267533153295517,0.1616539597558487
2023-02-08,0.13986466704609565,0.142586508915,0.14648956010849118,0.14910279114723562,0.13697481546792284,0.13114317934354755,0.14168687355786244,0.15164099633693695,0.1374017596244812,0.14206285365521112
2023-02-09,0.11465415464506815,0.139864667046,0.14452617833607123,0.14955844040315158,0.13780683040123531,0.1356719824542764,0.1466559190318624,0.14952830970287323,0.14655166864395142,0.14432847556763168
2023-02-10,0.08790861627296381,0.114654154645,0.12781124617504513,0.12620534119527108,0.12465961347680296,0.1379987024455524,0.13604296017624468,0.14342136681079865,0.14104242622852325,0.13388309378689117
2023-02-13,0.18953095956835128,0.087908616273,0.11385691774901952,0.10938120302231544,0.11254734287685372,0.12742841627181098,0.1269194361666941,0.13532139360904694,0.12479044497013092,0.12146359352369594
2023-02-14,0.11628649401457421,0.189530959568,0.16056825959902954,0.1638010423227167,0.14765173464135062,0.14809133163086524,0.1380287132479055,0.141679048538208,0.13204480707645416,0.1474092767223614
2023-02-15,0.11136142543917979,0.116286494015,0.12329092791283856,0.12305118167595004,0.11682897537862089,0.10837727703507566,0.11980256969390148,0.1370304971933365,0.11054600775241852,0.1198467766631631
2023-02-16,0.1241931628884199,0.111361425439,0.11836024135286341,0.11911296012118346,0.11607944839371698,0.11699278264576018,0.12825213067370253,0.13262753188610077,0.11820033192634583,0.12137506099995331
2023-02-17,0.08851735883248438,0.124193162888,0.1253081881389555,0.12579320046508974,0.12114734514019097,0.1228418504463639,0.12825213067370253,0.13138504326343536,0.12780079245567322,0.12607550722620162
2023-02-21,0.1278815839290912,0.0885173588325,0.10841777008432912,0.11234139150610879,0.11379283182642233,0.14616222904415185,0.146256903371258,0.12620751559734344,0.13921834528446198,0.1274852838162965
2023-02-22,0.11755452918327562,0.127881583929,0.12158940840396856,0.12360581628962525,0.1236244969152715,0.1358330505429897,0.13878330208903142,0.1261707991361618,0.14537391066551208,0.1307115405775086
2023-02-23,0.12245451960343971,0.117554529183,0.11679494521009892,0.11843229643338288,0.11730048215112898,0.13247850801048958,0.1380723027462024,0.12506529688835144,0.14216876029968262,0.12718751310561954
2023-02-24,0.0984673993603751,0.122454519603,0.12013424185994437,0.12128103389563787,0.12141661679277413,0.13569975495327266,0.1380723027462024,0.1252599060535431,0.14094655215740204,0.12897291549411094
2023-02-27,0.08269596236666939,0.0984673993604,0.10643377166857974,0.10882691213858192,0.10979557636148915,0.12830678841850043,0.13442246328881358,0.12195365875959396,0.13310599327087402,0.12040645198663326
2023-02-28,0.11937845922504613,0.0826959623667,0.09849388354859479,0.0996224283948125,0.1032732222018224,0.12855124733757148,0.12591635640482815,0.11744850128889084,0.1233435571193695,0.11380702804226994
2023-03-01,0.10711131873577881,0.119378459225,0.11518698673333733,0.1155446773970682,0.11749087737170186,0.12763300218429707,0.13878330208903142,0.11858750134706497,0.13128745555877686,0.12350197181161111
2023-03-02,0.08927001985785149,0.107111318736,0.10841637408138571,0.1023202605332528,0.11032491892562929,0.1126551562706315,0.12917070816394985,0.11785837262868881,0.12364166975021362,0.11491249433625021
2023-03-03,0.07863080307442624,0.0892700198578,0.09695473065243758,0.09230417628063808,0.09875487298440827,0.1038267245876112,0.10743925182023582,0.11454807966947556,0.11244548857212067,0.10375333208098961
2023-03-06,0.1628256767565853,0.0786308030744,0.09030303407498316,0.09162042501432903,0.09460557420403023,0.10648393848756228,0.1025696919885431,0.11022169142961502,0.10405828058719635,0.09998037654089417
2023-03-07,0.11532564947028047,0.162825676757,0.13758583117295853,0.14305934516764585,0.13422698649369394,0.12722600366926112,0.15245979266042578,0.11914929002523422,0.12447027862071991,0.1340253611157056
2023-03-08,0.14553901364077607,0.11532564947,0.11467102046495978,0.11177359910053417,0.11465409672044014,0.11664745935733138,0.12420264205639957,0.11986624449491501,0.12340200692415237,0.11788815273124749
2023-03-09,0.21891456753330055,0.145539013641,0.13245695545575722,0.1376467468522968,0.13494889449793881,0.15670353577710744,0.16886254722328695,0.1250452697277069,0.15251858532428741,0.14402607640834023
2023-03-10,0.3041035143156882,0.218914567533,0.1786400691915055,0.17733955040282556,0.17388636859376952,0.19217336856395167,0.19340589853159756,0.1327822059392929,0.18220148980617523,0.17577556443273115
2023-03-13,0.16874322708680192,0.304103514316,0.23908478923725246,0.23139595561165432,0.22487537758596285,0.2357635505095923,0.21946225518835616,0.15715251863002777,0.2290463149547577,0.2195401088168005
2023-03-14,0.20215594818280266,0.168743227087,0.17570086355101716,0.17549559390609415,0.1657732958703071,0.20324954823165875,0.20754954152072916,0.16215601563453674,0.2054712474346161,0.18505658659270846
2023-03-15,0.16427857428194342,0.202155948183,0.19923004124571564,0.19307192218247343,0.1871060754632645,0.20404151295375095,0.19164450350870502,0.1710277944803238,0.15878887474536896,0.18641581779708602
2023-03-16,0.1736529862232032,0.164278574282,0.18295103423386083,0.17698150561563247,0.16739051868946808,0.1712774537431561,0.14618552720166236,0.17384514212608337,0.13254256546497345,0.16445339243926238
2023-03-17,0.12788159165176669,0.173652986223,0.18328954975984388,0.18694551002989693,0.17441510229528895,0.19530448109420573,0.18982983842637563,0.17537952959537506,0.1602001041173935,0.18076630218833994
2023-03-20,0.09337645743838005,0.127881591652,0.14568155086678486,0.1446812083570562,0.14258258935322526,0.15795439830582042,0.15460922290924073,0.16741620004177094,0.15234489738941193,0.15218143817475863
2023-03-21,0.2199262419740855,0.0933764574384,0.12258264783071979,0.12369802811280546,0.11998703165104138,0.12722647132365802,0.12602372065063358,0.15536092221736908,0.12879687547683716,0.1290965281804378
2023-03-22,0.16532957872619164,0.219926241974,0.18378883689637004,0.18936258127662536,0.1718652816705994,0.16506783467310032,0.15630358127089158,0.1597924381494522,0.15728844702243805,0.16906700013706816
2023-03-23,0.15906141462701756,0.165329578726,0.1580136382991909,0.16131311594768621,0.15081744906485367,0.1407503985487139,0.15630358127089158,0.15774938464164734,0.16745175421237946,0.156057045997909
2023-03-24,0.10588494855493863,0.159061414627,0.15368901634207344,0.14942126350141555,0.14539251605233944,0.12740829165498377,0.1463808216387964,0.1553298681974411,0.1402386724948883,0.14540863569741974
2023-03-27,0.08776189792300756,0.105884948555,0.1266128113081339,0.12932235791743713,0.12213791499367506,0.12300882212016398,0.1326441334237231,0.1474551260471344,0.1152796745300293,0.12806583433432814
2023-03-28,0.06958442391310574,0.0877618979229,0.11759748554813902,0.1208865545929024,0.11414874376855311,0.1200777027278938,0.12322846851746931,0.1398419439792633,0.10001310706138611,0.11939914374222958
2023-03-29,0.06952691636217156,0.0695844239131,0.09541553533716068,0.0946524196638,0.09576711019440391,0.10087714634127981,0.09973425671393056,0.1290586143732071,0.08692966401576996,0.10034782094850743
2023-03-30,0.07136251605303445,0.0695269163622,0.08671281745462611,0.08787926112778557,0.08910381718578644,0.09535078272463765,0.1283707636237377,0.11918911337852478,0.085063636302948,0.09881002739972089
2023-03-31,0.0763078779602185,0.071362516053,0.07968621969728464,0.07466290152957034,0.08406397920407509,0.08828563593979062,0.0968317672184638,0.1103285700082779,0.0846550241112709,0.08835915681553333
2023-04-03,0.09866488410286206,0.0763078779603,0.07937803501142704,0.07851923163411989,0.08349539353219076,0.10219058922877677,0.1223276169819062,0.10398858785629272,0.09148815274238586,0.09448394385529989
2023-04-04,0.08768112541783209,0.0986648841028,0.09090577398439098,0.09280193116611177,0.09334899868617685,0.10594526563747404,0.10908885074205234,0.10212881863117218,0.10409064590930939,0.09975861210809822
2023-04-05,0.06261714903806784,0.0876811254178,0.08735198458106672,0.0880821337335137,0.09049557993500525,0.09890224095760883,0.10328514327246198,0.10029613971710205,0.10187293589115143,0.09575516544112998
2023-04-06,0.07835061744688168,0.0626171490381,0.07503241973592573,0.07306306476617373,0.07995045428336617,0.09280796402341203,0.09311398336820838,0.09664126485586166,0.09125466644763947,0.0859805453543696
2023-04-10,0.057618825581964093,0.0783506174469,0.08314198554996435,0.07847193775715362,0.0872275234440684,0.0973458135296209,0.10170739483010732,0.0957273542881012,0.08581975102424622,0.08992025148903744
2023-04-11,0.11853728111273684,0.057618825582,0.07177272057471619,0.07283209438870723,0.0788991060629192,0.0990135405459232,0.09121401476765954,0.07897297292947769,0.10503526031970978,0.08539138708415897
2023-04-12,0.06730651600770017,0.118537281113,0.1026069041146274,0.10627923487105889,0.10389558447114264,0.1206037131991721,0.10905992816785372,0.09535248577594757,0.11896160244941711,0.10810849329274563
2023-04-13,0.11598049578600188,0.0673065160077,0.0767611545197702,0.07200164273049617,0.08165854561860042,0.09060852900305759,0.08874067717648919,0.08623320609331131,0.08788679540157318,0.08341293579189972
2023-04-14,0.06539821762217989,0.115980495786,0.10472577391421692,0.1077195205574071,0.10289152763160443,0.096051491020343,0.10731843573650782,0.09808918833732605,0.09412716329097748,0.10156044292691183
2023-04-17,0.08412752699617647,0.0653982176222,0.07972505557384457,0.0799632015417313,0.08272283049816939,0.09278802519492471,0.08641559135296321,0.08732492476701736,0.09247250854969025,0.08591601963976296
2023-04-18,0.05632069424258192,0.0841275269962,0.09109875151207089,0.09343687581194893,0.09158345451998981,0.09583718595334706,0.09136027794055261,0.08816169947385788,0.09554234147071838,0.09243151238321223
2023-04-19,0.0764102606104154,0.0563206942425,0.07246575041985011,0.07180833699690188,0.07731133693820885,0.07728555375965412,0.07951729395519556,0.07807546108961105,0.08977435529232025,0.07803401263596312
2023-04-20,0.09379098909985543,0.0764102606105,0.08288665965914148,0.08290918569224992,0.08700504884846416,0.08813365289672186,0.11074561189959016,0.07993414252996445,0.09444886445999146,0.08943759514087479
2023-04-21,0.06114203018255446,0.0937909890999,0.0891469149379843,0.09013096413652143,0.09146335588201612,0.09318850194397085,0.09575362988822696,0.08641327172517776,0.09419013559818268,0.09146953915886859
2023-04-24,0.08551933793682924,0.0611420301826,0.07346891976822222,0.07441468603565835,0.07954804396918923,0.08913651548953447,0.08658308018844693,0.07889226824045181,0.08970057964324951,0.08167772761925036
2023-04-25,0.08416459366670048,0.0855193379369,0.08527002812170682,0.08836575556703799,0.09450043489772408,0.11515612673907444,0.10043773144119673,0.08248289674520493,0.11216503381729126,0.09691114390417661
2023-04-26,0.07538891952679784,0.0841645936667,0.08722157384575632,0.08949385355550249,0.09545070888592896,0.11119339549961171,0.10043773144119673,0.08466159552335739,0.11674721539020538,0.09788658202022271
2023-04-27,0.11271007424337187,0.0753889195268,0.08300282477425366,0.07651288145283144,0.08776656297327702,0.09373645318479235,0.08188195427359349,0.08290436863899231,0.09693212807178497,0.08610531048136075
2023-04-28,0.07323018990803724,0.112710074243,0.10238696050043308,0.10119188890713388,0.1013000674687628,0.08238597322184717,0.1157217046700058,0.09437870234251022,0.08589869737625122,0.09760914206956343
2023-05-01,0.10033388845494029,0.073230189908,0.08472324926161229,0.08621818609360613,0.08740118870202297,0.08400990122879726,0.0693162939863694,0.08806256949901581,0.07866638898849487,0.08262825396570268
2023-05-02,0.11056722380202372,0.100333888455,0.09888068129234842,0.10201130041294124,0.10146377916884988,0.09538383064028899,0.12646130895509228,0.0935535579919815,0.09690073132514954,0.10209359854095025
2023-05-03,0.13807963782209454,0.110567223802,0.10605760094201658,0.10992906554804646,0.10844501416300828,0.1031856598146954,0.13653214669902602,0.10053665190935135,0.12145684659481049,0.11230614081013636
2023-05-04,0.07615283122606539,0.138079637822,0.12466490097259597,0.12563829359959924,0.12520830268892746,0.12864654129311695,0.14133134112353196,0.1146373525261879,0.1357671618461609,0.12798484200716004
2023-05-05,0.06787678142836179,0.076152831226,0.09201316536792736,0.08986489930211666,0.09359070311219869,0.08812328476462081,0.11361093799620837,0.10009575635194778,0.08564125746488571,0.09470571490855792
2023-05-08,0.06497886267259531,0.0678767814283,0.08762915877273758,0.08916035108035072,0.09017031714039875,0.08410065473324649,0.08642473897047562,0.08926742523908615,0.07402335107326508,0.0858251424299372
2023-05-09,0.13061380614739165,0.0649788626727,0.08307805769073867,0.08373215238386061,0.08821704191391698,0.08352674870233681,0.09351256014986853,0.08239459246397018,0.08000758290290833,0.0849241051725143
2023-05-10,0.09604001537647107,0.130613806147,0.11580538141500646,0.11800260760627386,0.11240494541240521,0.10592796220645649,0.103103694245723,0.09691812843084335,0.09489040076732635,0.10672187429771925
2023-05-11,0.0935350836536687,0.0960400153765,0.09562677332542428,0.09624890023580146,0.09611011266564515,0.08803618982707298,0.09105125299026422,0.09498114883899689,0.0786866545677185,0.09153443320727479
2023-05-12,0.07014223964585961,0.0935350836537,0.09604216612920807,0.09756799628686372,0.09614947909497906,0.09143051598422197,0.11024119200582297,0.09343115985393524,0.08345396816730499,0.09547378250319086
2023-05-15,0.08770074589399568,0.0701422396459,0.08518769665200233,0.08591941857609936,0.08698867619712003,0.08668682064186883,0.08478714783301397,0.08667847514152527,0.08434660732746124,0.08579926319558442
2023-05-16,0.08170051316313992,0.0877007458941,0.09557040554284041,0.09658788551777057,0.09705607050062867,0.0930751690863808,0.0957252922647775,0.08805719763040543,0.09591417014598846,0.09456945581268454
2023-05-17,0.10694368444787378,0.0817005131632,0.08830371691470651,0.08730363433264338,0.08990820534774832,0.08793420889171118,0.08897800529857113,0.08619670569896698,0.09460490942001343,0.0890327694149087
2023-05-18,0.09705528391545923,0.106943684448,0.10118726451224158,0.09906854345887683,0.0989547551951174,0.08403427985214214,0.0925466521786354,0.09201786667108536,0.08926695585250854,0.09386804538865819
2023-05-19,0.0909891666866688,0.0970552839154,0.09677954364466129,0.0985276604451529,0.09604425438084607,0.0787111263534316,0.08645442286307195,0.09287283569574356,0.08822359144687653,0.09108763354711198
2023-05-22,0.10468025314024226,0.0909891666866,0.09577383041556287,0.09600931319855968,0.09553212888622643,0.07969385170391545,0.09822003852629585,0.09227147698402405,0.08925327658653259,0.09239341661444526
2023-05-23,0.09378526044025468,0.10468025314,0.10376108637944247,0.10686475669521453,0.10412825375222592,0.10939202181258992,0.11249814203370001,0.09579416364431381,0.1054791808128357,0.10541680073290319
2023-05-24,0.10344508988807928,0.0937852604402,0.09966021525510646,0.0999634423601925,0.1030043754860788,0.11361779980618607,0.10408141616068467,0.09531192481517792,0.11579873412847519,0.10449112971598594
2023-05-25,0.08081184874727468,0.103445089888,0.10388697252076742,0.10441175383072454,0.10409414185404439,0.10607855437163255,0.11306109083869761,0.09735715389251709,0.10976647585630417,0.10552230616638396
2023-05-26,0.09646177481091461,0.0808118487473,0.09173053174682941,0.08634427033202073,0.09237859005899249,0.09560700208103269,0.10063586452235268,0.09218830615282059,0.09674466401338577,0.09366131841534776
2023-05-30,0.07860291734630974,0.0964617748109,0.09959298853187773,0.10154495962507842,0.09824938595879051,0.09757957022920892,0.102260924906955,0.09357965737581253,0.091116763651371,0.09770346432558487
2023-05-31,0.08478540534165535,0.0786029173462,0.08884544471212208,0.09016030764422717,0.08994791612793211,0.1010602352808997,0.09563044678354969,0.08902391791343689,0.08891405165195465,0.09194033144487461
2023-06-01,0.08842424724357455,0.0847854053416,0.09094097531528039,0.08741648680688449,0.08937547242714963,0.07835553496985866,0.08400410788809898,0.0880095362663269,0.07971099019050598,0.08540187198058644
2023-06-02,0.10237218557386767,0.0884242472436,0.09132149340457407,0.09064086256797185,0.08876911336807428,0.07301363956158127,0.07982184678584614,0.08804072439670563,0.06121569126844406,0.0818319101933139
2023-06-05,0.07107170815199253,0.102372185574,0.09986752818169509,0.10231722676544865,0.09594843637209069,0.07753692733161241,0.09065140351131838,0.09219136834144592,0.07706063985824585,0.09079621862312244
2023-06-06,0.0785129086410687,0.071071708152,0.08287164500430491,0.08077458672398968,0.08177759054650525,0.07242903838057893,0.07007013664797923,0.08558182418346405,0.07700774818658829,0.07864465281048719
2023-06-07,0.05752166735655356,0.0785129086411,0.08637711799617612,0.0878250274302465,0.08447790987285647,0.07168075048757015,0.07647843980618577,0.08396272361278534,0.07707633823156357,0.08112547249105484
2023-06-08,0.08076787273304652,0.0575216673566,0.07401195958285033,0.07277748700563773,0.07431381481989778,0.05995682335149237,0.06810854366280815,0.07726098597049713,0.07156187295913696,0.0711416410503315
2023-06-09,0.052779819939348036,0.0807678727331,0.08418659696428646,0.08534179030337817,0.08249972382173569,0.07219774141181992,0.07702208040256353,0.07989198714494705,0.07231608778238297,0.0790651439758734
2023-06-12,0.07146414794276358,0.0527798199393,0.06660357752799212,0.06432567033324343,0.07025376765677095,0.07441479064260999,0.077573907503718,0.07137267291545868,0.07478471845388412,0.07133272929052532
2023-06-13,0.14356764739657052,0.0714641479428,0.07548101013424852,0.07505647134233084,0.07726273208071315,0.08257460185513281,0.07710743121347616,0.07363326847553253,0.06928437203168869,0.07577141244758896
2023-06-14,0.09244188456126368,0.143567647397,0.1153003225942539,0.11555777244346584,0.10816212520914524,0.09490708574877446,0.10959470610425885,0.10110935568809509,0.0885293185710907,0.10473724090844058
2023-06-15,0.09318261114923534,0.0924418845613,0.0943198135618603,0.08998832230930956,0.09126755181651872,0.087516355703172,0.08525543505487901,0.09768665581941605,0.08955927938222885,0.09079905909248351
2023-06-16,0.07295973769561401,0.0931826111492,0.09578449320548421,0.09782618603333192,0.09183733973629389,0.08061092993383626,0.0779020352771193,0.09496956318616867,0.08022813498973846,0.08845124033742469
2023-06-20,0.08059952583073675,0.0729597376956,0.08808342304936105,0.08964470945996113,0.086333996319778,0.07859816354698469,0.07644284409374734,0.08708036690950394,0.07097779214382172,0.0824516136461654
2023-06-21,0.08475062226963057,0.0805995258307,0.09254523917421276,0.09379641257146373,0.08920476593341228,0.06903813740884314,0.08196196595093586,0.0863342434167862,0.06649918854236603,0.08276856471400285
2023-06-22,0.06581622153851131,0.0847506222696,0.08920117261916305,0.08721024891615567,0.08661371400639509,0.07180882119588569,0.07539016977192368,0.08614617586135864,0.0677587240934372,0.08058986092347416
2023-06-23,0.0746056249237147,0.0658162215385,0.07789718947351841,0.07789676644719694,0.07827218938562978,0.06770587654091664,0.06965580652476383,0.07937109470367432,0.07059817761182785,0.07448530009821826
2023-06-26,0.05984498339249164,0.0746056249237,0.08040060648790831,0.08179583783331444,0.0811318210777313,0.0759638700908383,0.0715704911773101,0.07874082028865814,0.0728590190410614,0.077494637999546
2023-06-27,0.09385578633449725,0.0598449833925,0.07229731234040918,0.0708464922871071,0.07431262842408214,0.07437003591473626,0.07146477603267201,0.07360884547233582,0.0689881294965744,0.07226974570970242
2023-06-28,0.07153035836322086,0.0938557863345,0.08954614347113592,0.08886268088473726,0.08784072562221304,0.0754291593923604,0.08226250245159433,0.08305663615465164,0.0765286237001419,0.08336092452526207
2023-06-29,0.07298205948455277,0.0715303583633,0.07783484407759667,0.07745079587490095,0.07856093067130387,0.07051539271558525,0.07546092977498908,0.07978275418281555,0.07467760890722275,0.07632617945777345
2023-06-30,0.03341015583409991,0.0729820594845,0.07919690094689638,0.07958820459428625,0.07926996847419326,0.06991317528480526,0.07469793549761199,0.0785105898976326,0.0709243044257164,0.07601443987444889
2023-07-03,0.04807069167080956,0.0334101558341,0.05686916094529329,0.05596944689351639,0.06235805167700319,0.05835846607475302,0.07208119783739607,0.06358826160430908,0.06308124959468842,0.061757976375279924
2023-07-05,0.0643557417332968,0.0480706916708,0.06276456910235888,0.06260102810142212,0.06814679810465539,0.06809698888026179,0.07624027207360072,0.06142918020486832,0.06543247401714325,0.0663873300691872
2023-07-06,0.07169351657482007,0.0643557417333,0.06780762337342375,0.06808424390833628,0.07377893204629359,0.07641193411802641,0.07941387909840576,0.06577174365520477,0.07492300122976303,0.07231305106135053
2023-07-07,0.06800835255954374,0.0716935165748,0.07132139968235895,0.07174759155367742,0.07618912331459142,0.08068863982671573,0.077573907503718,0.07054229825735092,0.06835439801216125,0.07377390830722483
2023-07-10,0.08249558293598028,0.0680083525596,0.06913784616720944,0.06916564652110666,0.07485456105003013,0.07455753195275687,0.07941387909840576,0.0712611973285675,0.07669588923454285,0.07358379305037419
2023-07-11,0.06701237767891242,0.082495582936,0.08040187802529088,0.07995203809638263,0.08323831200036771,0.08234082189349043,0.08621545177501101,0.07741175591945648,0.08000090718269348,0.08136588069895609
2023-07-12,0.051721602828388835,0.0670123776789,0.07469144454253396,0.07561366372919193,0.07679070190201934,0.0750360005114127,0.07363898386313772,0.07409580796957016,0.07490738481283188,0.07496771247581395
2023-07-13,0.06450330063845106,0.0517216028284,0.06638051219024214,0.06574026376974489,0.0704257210996021,0.06398956078405976,0.07146399066978158,0.06833295524120331,0.06151553615927696,0.06683550570198725
2023-07-14,0.04696749509819062,0.0645033006384,0.07173714210235374,0.07293700179976699,0.07451631848742617,0.06780528344834397,0.07363898386313772,0.06888280808925629,0.06144162267446518,0.07013702292353573
2023-07-17,0.060741426486278706,0.0469674950982,0.06160232030056477,0.060437533451924694,0.0671367843236071,0.06111500368779055,0.07290468301738852,0.0638013482093811,0.06361682713031769,0.06437350001728206
2023-07-18,0.06608152055263257,0.0607414264863,0.0662254533489855,0.062239207369739175,0.07139834705461454,0.062462285116095834,0.07431178737265769,0.06436735391616821,0.06421433389186859,0.06645982401001851
2023-07-19,0.07075776625939516,0.0660815205525,0.06868957491639878,0.06901552937295201,0.07393569114040957,0.07258868178729719,0.07786434948315771,0.06639568507671356,0.06736856698989868,0.07083686839526107
2023-07-20,0.07800676680453818,0.0707577662593,0.07264262325617551,0.07368078058261739,0.07706554599563567,0.07038768718482194,0.07740565709297402,0.06934883445501328,0.07273247092962265,0.07332337135669434
2023-07-21,0.06869958331338262,0.0780067668046,0.07727324094504391,0.07861707206488791,0.08020692587436025,0.07281865398473825,0.07507967621074466,0.07325425744056702,0.07069875299930573,0.07542122564566396
2023-07-24,0.048232328122247634,0.0686995833133,0.0748694126741241,0.0755186275607406,0.07817285026514863,0.07845063923545134,0.07477047976284137,0.07301143556833267,0.07160048186779022,0.07519913241920413
2023-07-25,0.10669612038399522,0.0482323281222,0.06414030279151023,0.06472108100919259,0.07002254818737776,0.07256476797071704,0.07523066389961788,0.06628827005624771,0.06791773438453674,0.06869790975702857
2023-07-26,0.09813157828668405,0.106696120384,0.09530762445011835,0.0947791550953019,0.09368852726783632,0.07819532340004881,0.09248573045817389,0.08092564344406128,0.08613697439432144,0.08878842550140886
2023-07-27,0.0857388774869347,0.0981315782866,0.09372036794693006,0.09691997244816286,0.09322033920277109,0.0862751753503499,0.08898195487902079,0.08718673884868622,0.08385367691516876,0.09002260365586993
2023-07-28,0.0707252917945285,0.0857388774869,0.08854958542540367,0.08726694526782994,0.08774826896352847,0.07352931969701801,0.08074725478552731,0.08648266643285751,0.07706514745950699,0.08305559829023886
2023-07-31,0.05765859782681157,0.0707252917946,0.0816883002342221,0.08055945642906084,0.08264334171679519,0.07366796585982376,0.0731279741918672,0.08119441568851471,0.06935721635818481,0.0774626672112098
2023-08-01,0.07914885021922681,0.0576585978267,0.07640236576375607,0.07772920319943231,0.07876147161782358,0.06548213234548675,0.07799378079669843,0.07485365867614746,0.06479404866695404,0.07371666586661409
2023-08-02,0.08409717863527646,0.0791488502192,0.08402676087558758,0.08578018592795694,0.08757704716802986,0.0851073141756889,0.08322023642824976,0.07728501409292221,0.07440309226512909,0.08248566441908063
2023-08-03,0.1130218375707863,0.0840971786353,0.0850256365957808,0.0848673387194038,0.08858043687729064,0.0922852064393078,0.10422272871806963,0.08019798994064331,0.08715000003576279,0.0889041910466084
2023-08-04,0.07742779580665073,0.113021837571,0.1010407281874858,0.10417959443065845,0.10156286127809913,0.10644570845433489,0.09785581494724457,0.09115634858608246,0.08499394357204437,0.0981764284937071
2023-08-07,0.0834575953700105,0.0774277958066,0.08486212917303323,0.08454272656261622,0.08684219511756913,0.08342709777326834,0.07925770840592122,0.08641917258501053,0.08869577944278717,0.08486382986574369
2023-08-08,0.09079052353321683,0.08345759537,0.09002251976868478,0.09097535324362527,0.09131672875271926,0.09340778540242622,0.08716191321833212,0.08588705956935883,0.0803486779332161,0.0884457196983375
2023-08-09,0.1244790635888638,0.0907905235332,0.09450233339680321,0.09707546854262994,0.09541044289703707,0.09598627391598992,0.08716191321833212,0.08807380497455597,0.08739565312862396,0.09222941286771032
2023-08-10,0.09293547358874328,0.124479063589,0.11386216580092734,0.11600942316008722,0.10997562956426583,0.10819557489580288,0.09980961098079935,0.10202321410179138,0.09600798040628433,0.10655479984427976
2023-08-11,0.06966705114104084,0.0929354735888,0.097164061774619,0.09585135389877308,0.09564724861138248,0.08078066362300038,0.08593780639883443,0.09534844011068344,0.07660394161939621,0.089619073719527
2023-08-14,0.09048833610236848,0.069667051141,0.08548705174472077,0.08270648236337998,0.08577900607201147,0.07218451734568548,0.0811220616042133,0.08186773210763931,0.07004120945930481,0.07988400867099357
2023-08-15,0.10349653377420134,0.0904883361024,0.09589303800204216,0.098538672693949,0.09624891529376794,0.09872845252653376,0.09906657052466851,0.08511999249458313,0.08379390835762024,0.09391279284188067
2023-08-16,0.09635826841737455,0.103496533774,0.10309854018527193,0.10452080925754448,0.10314010391791056,0.1009217581806108,0.11091474668173877,0.09352906048297882,0.09244346618652344,0.1012240692703684
2023-08-17,0.09417639223234452,0.0963582684174,0.09714863523817682,0.09862672521101196,0.09986644799334271,0.11021819692420444,0.09758335343626612,0.09341401606798172,0.10594847798347473,0.1004008361220655
2023-08-18,0.08589828172390644,0.0941763922323,0.09620009688676892,0.09562801217084424,0.09775815045483205,0.11084811575153308,0.09839993140455329,0.0919131264090538,0.10288718342781067,0.09909065950077087
2023-08-21,0.0945861462136163,0.085898281724,0.0937553849409061,0.09344192641028157,0.09497058900948965,0.10338945372330663,0.1000786681204816,0.0883723571896553,0.09438464045524597,0.09548471712133812
2023-08-22,0.06593373466113686,0.0945861462136,0.0981958878469517,0.10032622101460849,0.09848942548076707,0.10565385604911859,0.09941513001815734,0.09052719920873642,0.09485769271850586,0.09820934461954935
2023-08-23,0.10551831140951792,0.0659337346611,0.08131044511094214,0.07874557629674492,0.08352394941682403,0.08777867941856557,0.08036961687376337,0.07917097955942154,0.08648085594177246,0.0824828718025763
2023-08-24,0.15992023417881804,0.10551831141,0.10070337508598087,0.10385907114588463,0.10092762365503091,0.10508977911120637,0.10911012567793861,0.09065956622362137,0.09528699517250061,0.10080521943888048
2023-08-25,0.08001992077423221,0.159920234179,0.13220057155910603,0.12924450738744017,0.12334196879352918,0.10649870703753544,0.11946078754947514,0.12032570689916611,0.09666138887405396,0.11824766258575801
2023-08-28,0.08487583880019331,0.0800199207742,0.0940809505205164,0.09511127115029785,0.09208589078294152,0.0902352273376503,0.08655694903675155,0.09940639138221741,0.08549277484416962,0.09185277929350637
2023-08-29,0.09074454738060243,0.0848758388002,0.09548820346501186,0.0897693785244244,0.09211415972024992,0.09111723111399524,0.08917085136796533,0.08946067094802856,0.08267536014318466,0.08997083646897999
2023-08-30,0.07019011274600148,0.0907445473806,0.10047356866733415,0.1004555285268181,0.09493321855068584,0.08816635090628419,0.08874985364169177,0.08970104157924652,0.08166597783565521,0.09202079138681654
2023-08-31,0.08289910973413647,0.0701901127459,0.08758376426877726,0.08954439236267833,0.08464193104922743,0.07613348293160879,0.076344081755441,0.08194674551486969,0.07477642595767975,0.08156726054861174
2023-09-01,0.06222586957466806,0.0828991097341,0.08658550073867427,0.08911743601512989,0.08398887987114348,0.07326353554275031,0.07643961586888177,0.08172183483839035,0.06530441343784332,0.07948874518754478
2023-09-05,0.08741153004276266,0.0622258695746,0.07526939140022408,0.07637996175876288,0.07622359614400448,0.0759821372865922,0.07755424440435624,0.07387160509824753,0.07831643521785736,0.07622819590143497
2023-09-06,0.08525989484239821,0.0874115300427,0.08738486252397565,0.08928795304790639,0.08670702515814373,0.07770116079180509,0.08478169577035963,0.08070486783981323,0.07803463935852051,0.08351460064150347
2023-09-07,0.07178513114289337,0.0852598948424,0.08586588264877812,0.08284677966095329,0.08584953725668118,0.08044287852872822,0.08478169577035963,0.08313547074794769,0.07988358289003372,0.08325797535764026
2023-09-08,0.06461740547315097,0.071785131143,0.07968186554160983,0.07993443516845633,0.08004913649185219,0.07106479969633199,0.07755424440435624,0.07841132581233978,0.07534328103065491,0.07743415544937161
2023-09-11,0.07022658499482656,0.0646174054731,0.07460265839570111,0.07549768512445074,0.07597471748164046,0.07017829763401172,0.07839825815102912,0.07577995210886002,0.07256114482879639,0.07471324481778423
2023-09-12,0.08140100016050664,0.0702265849949,0.07802654955555664,0.07877552477262159,0.0794886126624883,0.0705282496934655,0.07839825815102912,0.07552821934223175,0.07673607766628265,0.07678307026338223
2023-09-13,0.05874607818633342,0.0814010001605,0.08274240419115506,0.08357056340067534,0.08244219797036066,0.07528871767945103,0.08411008559343167,0.07964330166578293,0.07432591915130615,0.08030331280745184
2023-09-14,0.07129844759263697,0.0587460781864,0.06971046492279692,0.0684154537701534,0.07105137482051124,0.057361276914071516,0.06920922065687446,0.0730346217751503,0.05549998581409454,0.06632605695337891
2023-09-15,0.05746455297129179,0.0712984475927,0.0755836337189229,0.07780335762410545,0.07714954096446702,0.06768117883201487,0.07612158975715917,0.07414502650499344,0.06288230419158936,0.07305237594189316
2023-09-18,0.06947046182185634,0.0574645529713,0.0684921726446087,0.06894677029938938,0.07230352809254773,0.06643372243604295,0.07839825815102912,0.06994690001010895,0.06944221258163452,0.07056622345933734
2023-09-19,0.10370519490325256,0.0694704618219,0.07409332151067283,0.07451449054637607,0.07717529622608149,0.07006459745772997,0.07839825815102912,0.07224091142416,0.073272705078125,0.07425136862773922
2023-09-20,0.08746041151008609,0.103705194903,0.09218297250623146,0.09576127785645958,0.09278657266684928,0.08780934369355868,0.09269637010383064,0.08618951588869095,0.10126866400241852,0.09267067381686274
2023-09-21,0.10460845910858835,0.08746041151,0.08715775983317492,0.08772006206067198,0.0914253179779102,0.09511810724213794,0.09519428692292925,0.08751385658979416,0.10982619225978851,0.09342222612662957
2023-09-22,0.1120457164787338,0.104608459109,0.09822130609799234,0.09853711461298702,0.09992717378912752,0.10575152955725547,0.10747493541154694,0.09364189207553864,0.1096709668636322,0.10188927405829716
2023-09-25,0.09633127171103888,0.112045716479,0.10661212927270074,0.10112504551649018,0.10585798473080826,0.10850659558898462,0.10887190136156863,0.1001254990696907,0.10581223666667938,0.10527305602956036
2023-09-26,0.12763969255106813,0.096331271711,0.10168043259197765,0.10393162941363711,0.10495318781177207,0.11839259971879658,0.10117769208254816,0.09730667620897293,0.10920226573944092,0.10523492622387791
2023-09-27,0.13563260972991562,0.127639692551,0.11859294178816904,0.11897934959842728,0.11750766408480257,0.11871322958612152,0.11293787680756784,0.10685088485479355,0.11664426326751709,0.11574660142677128
2023-09-28,0.13150547122122486,0.13563260973,0.12665202055759003,0.12570360046659268,0.12176480446818883,0.11756245931658432,0.11396042882869932,0.11604426056146622,0.11381910741329193,0.11935809737320191
2023-09-29,0.1388764234998252,0.131505471221,0.12709952165546537,0.1296353017618435,0.12217155881216996,0.11690029788661593,0.11795770352668206,0.11899533122777939,0.11408114433288574,0.12097726560049171
2023-10-02,0.12435941045703136,0.1388764235,0.13293889706047424,0.131848526579876,0.12699914886102937,0.12083415331774144,0.13817383124773747,0.12306325882673264,0.11483292281627655,0.1269558198156954
2023-10-03,0.13651945782589966,0.124359410457,0.12860094011109988,0.13292696392967948,0.1265110674985384,0.12879005404634922,0.1269669480675202,0.12020955234766006,0.12103694677352905,0.12643463896776805
2023-10-04,0.115675505401377,0.136519457826,0.13505410738453458,0.13526510023353075,0.12910515448477705,0.1297517195741198,0.12508454074562775,0.12337256222963333,0.12686020135879517,0.1292133408587169
2023-10-05,0.13257367285899263,0.115675505401,0.1233918457312907,0.12456993485253472,0.11926532195267342,0.12122282947928445,0.12268631671846972,0.11722608655691147,0.12360265851020813,0.12170928482876751
2023-10-06,0.10013525174134033,0.132573672859,0.13137126310958264,0.1259698806379065,0.12403520430526514,0.11882867119022303,0.11994029155667332,0.12084970623254776,0.10541728138923645,0.12091604263163355
2023-10-09,0.0898923770915799,0.100135251741,0.11260507740676885,0.11261621554773879,0.10937078582611462,0.1136550008821122,0.11412779748816214,0.11018530279397964,0.11122824251651764,0.11196977463734199
2023-10-10,0.0859081352493767,0.0898923770916,0.10465651667133717,0.10681709810042979,0.10187621456974884,0.1037104399459839,0.1044273257836414,0.10705126821994781,0.10345377773046494,0.1045703772887934
2023-10-11,0.1013763979284271,0.0859081352493,0.09816781318745021,0.09965476899817814,0.09587278256775951,0.09139193704020057,0.09925040379167538,0.1002291589975357,0.09347273409366608,0.09686279981092365
2023-10-12,0.12934781303301265,0.101376397928,0.10409761456953624,0.10553326442461247,0.1011789310563205,0.0962408352007319,0.10742461494448606,0.09893415868282318,0.09572099149227142,0.10130434433868311
2023-10-13,0.09400869628235252,0.129347813033,0.11688400456358544,0.11833500741148538,0.1142246067592411,0.11717808764120098,0.1137171253609805,0.10405376553535461,0.09849120676517487,0.11184054343386042
2023-10-16,0.1073149607092916,0.0940086962824,0.09969041118472143,0.09999949775665529,0.09780029961412041,0.0958853915742342,0.10208249389565253,0.10045111179351807,0.09136505424976349,0.09818203715266649
2023-10-17,0.13696886333024305,0.107314960709,0.10747752029037905,0.10628072159469734,0.10436558414789152,0.10578221597314613,0.11171961327828896,0.10134613513946533,0.096296526491642,0.10475261670221576
2023-10-18,0.187715447432096,0.13696886333,0.12594255400100185,0.1278069115266356,0.12139527972567055,0.12570257000491813,0.11909300830561828,0.10952666401863098,0.10983668267726898,0.11990052432282063
2023-10-19,0.13587308243545224,0.187715447432,0.15746832379956066,0.16060909853121594,0.14761238731768103,0.14750973930385813,0.1509921213380123,0.12779754400253296,0.12986509501934052,0.1459791870446002
2023-10-20,0.14166605188309161,0.135873082435,0.13367617508807172,0.13572329367664,0.1292820174085352,0.1332019000664773,0.13484272842617132,0.1290525197982788,0.133586123585701,0.13276639400712506
2023-10-23,0.10539459568669922,0.141666051883,0.14065682096341314,0.13866017979889209,0.13358635749535114,0.13307133184369743,0.14548696139176087,0.13180570304393768,0.12841284275054932,0.13595431389822882
2023-10-24,0.11250514617117743,0.105394595687,0.12344788784124974,0.1241040845725837,0.11727331209583418,0.12343452695284315,0.1204519093033975,0.12552164494991302,0.12103529274463654,0.12218123692292256
2023-10-25,0.15126278352470973,0.112505146171,0.12456678274634134,0.1268315245162023,0.1211110494974774,0.13083220350065608,0.13167831049858172,0.12178924679756165,0.12325778603553772,0.12572384337033687
2023-10-26,0.12707638655355605,0.151262783525,0.139395350121101,0.14236905937451633,0.13436365988595153,0.14008704951216286,0.14802439233272946,0.12632527947425842,0.13127070665359497,0.13740507105061636
2023-10-27,0.10665429227590421,0.127076386554,0.12723943424291548,0.129422537236291,0.12510594764450395,0.13546735127873485,0.13265996110536105,0.1241331398487091,0.13380467891693115,0.12969043575334951
2023-10-30,0.10527058335275245,0.106654292276,0.11450624171459936,0.11399798316857379,0.11273730617894363,0.1166124475213023,0.12407170795352904,0.11737704277038574,0.12371405959129333,0.11757382698551817
2023-10-31,0.12265525913211713,0.105270583353,0.11387625048996253,0.11019435757755278,0.1095999727393441,0.11185833447517997,0.12093615215208622,0.1127198189496994,0.11202813684940338,0.1130304318904612
2023-11-01,0.07147961301456242,0.122655259132,0.12298064131798028,0.1190936323139507,0.11469930776438936,0.10699978034993254,0.11917387103982936,0.11374180018901825,0.12280046939849854,0.11706992891051414
2023-11-02,0.0819670025262532,0.0714796130145,0.09177081906614458,0.09069461540265722,0.08832343290380038,0.08359495756737713,0.0846642571419465,0.10207308828830719,0.09888561069965363,0.09142954015284095
2023-11-03,0.0648745369092466,0.0819670025262,0.09266734313856545,0.09100160224443112,0.08863396277978204,0.08132950849552383,0.08835870062748742,0.0954962819814682,0.07949121296405792,0.08813980174733084
2023-11-06,0.06519415132978111,0.0648745369093,0.08090953689640545,0.08051986511047607,0.07961967896453012,0.07528792519411853,0.08126805112900928,0.08714510500431061,0.07575596868991852,0.08007230442696693
2023-11-07,0.07795296316974999,0.0651941513298,0.07750296308142551,0.07710293821048664,0.07743265792724843,0.07531250588589607,0.08004978185342645,0.08113512396812439,0.07153400778770447,0.07715285410204456
2023-11-08,0.1155865537189547,0.0779529631698,0.07939538123988926,0.08028016153759668,0.0791040211540625,0.07687499040038269,0.07846659084456786,0.07747569680213928,0.07749460637569427,0.07844163547919036
2023-11-09,0.08004633051114586,0.115586553719,0.10105475553331114,0.10333085692306068,0.0972242750886654,0.09028400748613132,0.09439932259022134,0.09176011383533478,0.08647492527961731,0.0949326081051917
2023-11-10,0.06033307928536385,0.0800463305112,0.08417739121314793,0.07924154348593745,0.08192295718041832,0.07524938311126057,0.0810232007088032,0.08756344020366669,0.07912798225879669,0.08118655688029011
2023-11-13,0.07253670406604094,0.0603330792853,0.07454527425258468,0.07293861692235651,0.07525084751428915,0.07307600013823222,0.07846659084456786,0.078497976064682,0.07489665597677231,0.0753817088162121
2023-11-14,0.06909859380279168,0.072536704066,0.08101458666376476,0.08090324860601884,0.0792806171998314,0.07130251255262131,0.07790793340949567,0.07791884243488312,0.0722871720790863,0.07723070184938592
2023-11-15,0.07448880610920006,0.0690985938027,0.07862520653469868,0.07969824212771155,0.07761156828792802,0.07144497454981404,0.08010715470766999,0.07664230465888977,0.06536416709423065,0.07564194542299181
2023-11-16,0.051251796845055105,0.0744888061092,0.07747559164011614,0.07753095231793368,0.07677577838366437,0.07071996878839554,0.07191178142589698,0.0765545517206192,0.0690670907497406,0.07429081643233808
2023-11-17,0.059284900040327305,0.0512517968451,0.06404221696802623,0.06412018817415469,0.06637842170391825,0.06211501294561618,0.0699970228642743,0.06832180917263031,0.0653856098651886,0.06576575452768693
2023-11-20,0.053841676579044234,0.0592849000404,0.0678743652449899,0.06464183761263839,0.06973398764815082,0.06123823706790918,0.07191178142589698,0.06650157272815704,0.0650734007358551,0.0667107403519425
2023-11-21,0.08988573744879218,0.053841676579,0.06371768247296852,0.06458700039958185,0.06694405339072868,0.0638951337783596,0.07177620677437901,0.0635540783405304,0.06544221937656403,0.06570233921901601
2023-11-22,0.032574643869324495,0.0898857374488,0.08260809448574982,0.08458263063394326,0.08173722844082751,0.07043486652812304,0.07628873801048797,0.07403808832168579,0.06941583752632141,0.07701506913530554
2023-11-24,0.045360016440108133,0.0325746438693,0.05195045853268823,0.052417505927554106,0.05741502133399489,0.05008397376541704,0.06580247857380911,0.06020737811923027,0.06082494929432869,0.056957395078146046
2023-11-27,0.06657621182797051,0.0453600164401,0.0575067019861422,0.05720640702844254,0.06243542136589667,0.05176702714602105,0.06833326306602694,0.05688478425145149,0.06104417145252228,0.05931111089950046
2023-11-28,0.06669238090073858,0.0665762118279,0.06824146846088659,0.06633273774290643,0.07128642640408858,0.06398929953997441,0.0672416554765902,0.0621819831430912,0.06949736177921295,0.0669672760781072
2023-11-29,0.10171800742493338,0.0666923809007,0.06953058179506816,0.0713040675234636,0.07290583893700397,0.06418455565728075,0.07056506525840095,0.06536920368671417,0.07110489904880524,0.06928060170096241
2023-11-30,0.08351604458075586,0.101718007425,0.08707633468527981,0.08527269779181003,0.08695683601484398,0.07997382036068218,0.0880847589584394,0.07800823450088501,0.07855680584907532,0.08341849830871653
2023-12-01,0.058622102216573574,0.0835160445808,0.0831574918957603,0.0787559427706933,0.08333341140201957,0.07298424320139876,0.07408951671231365,0.07989883422851562,0.07419265806674957,0.07805887118249297
2023-12-04,0.0957995194768742,0.0586221022166,0.07272890949922495,0.07391259406136526,0.07561402578505506,0.06561383787518887,0.07191178142589698,0.07267732918262482,0.06815578788518906,0.07151632367350642
2023-12-05,0.07686879410821273,0.0957995194769,0.09282735383690287,0.09207802929529871,0.09138622023276455,0.07731665107084526,0.07543623287980968,0.08141835033893585,0.07482360303401947,0.08361234866979661
2023-12-06,0.0645731735359259,0.0768687941082,0.08485419582454878,0.08751910921785638,0.08515429080091691,0.07256358673317025,0.08196117878314083,0.08025458455085754,0.07687573879957199,0.08131181210143754
2023-12-07,0.0897714674408144,0.064573173536,0.07570909630890749,0.07484531042972546,0.07816303624790798,0.06946347846626967,0.07790793340949567,0.07445615530014038,0.0771380141377449,0.07538328918574165
2023-12-08,0.05564289972825284,0.0897714674408,0.08798827295223208,0.0852273195225145,0.0870439892563968,0.07179127654722658,0.06923205049609009,0.08070623129606247,0.06932871788740158,0.07875969399398916
2023-12-11,0.049101028085039924,0.0556428997281,0.07173032646851679,0.0704667040124625,0.07421465487475505,0.06466657640328692,0.06679583219554056,0.07162847369909286,0.07165393233299255,0.07016521428380675
2023-12-12,0.1138717064035417,0.0491010280851,0.06449491685497627,0.06117136157015553,0.06813627022118708,0.059467763115011715,0.06195153627969857,0.0634564757347107,0.06390780210494995,0.06322658941152712
2023-12-13,0.09513019433039754,0.113871706404,0.09820912214456946,0.08646746780349207,0.0947180941073911,0.07966272615144472,0.08297047902094622,0.08463190495967865,0.07586266845464706,0.08607463752030989
2023-12-14,0.08352003893415041,0.0951301943304,0.09215162207045685,0.09347654045074547,0.08927124542959303,0.07568871368522026,0.06923205049609009,0.08893895894289017,0.08216603845357895,0.08441788136122498
2023-12-15,0.04817688959449707,0.0835200389341,0.08612293021383775,0.08657469383125804,0.08466938752598545,0.06966005947699297,0.06753584984699092,0.08538854122161865,0.07566528022289276,0.07937382033422523
2023-12-18,0.041185671049682314,0.0481768895945,0.06888567189375026,0.06885244722679844,0.07138156903698399,0.05733515761497794,0.06195153627969857,0.07025829702615738,0.0651765763759613,0.06626303649347541
2023-12-19,0.1083014726259657,0.0411856710497,0.06492515453725375,0.06406065848875991,0.06851424291520822,0.06057768792960376,0.059342286207323916,0.06095118075609207,0.06709367036819458,0.06363784017177661
2023-12-20,0.10717113807500227,0.108301472626,0.09584310554255362,0.0994977930790701,0.09455298277628424,0.0819814525579563,0.08606647438109813,0.08168249577283859,0.08341707289218903,0.0890059110002843
2023-12-21,0.07034454607730724,0.107171138075,0.09635069292294013,0.09595894376469843,0.09452448150545517,0.09028113006202054,0.09212038007925578,0.09186988323926926,0.09166637063026428,0.09325312602912908
2023-12-22,0.03904671387193242,0.0703445460772,0.07785441222443325,0.07840449478922797,0.07932531414875175,0.07309710837951655,0.06755105161262936,0.08179597556591034,0.0756785050034523,0.07624383738913165
2023-12-26,0.06818601639666304,0.0390467138719,0.06239923812310695,0.0627073948796883,0.06702548285041286,0.05937156482241908,0.06321097096667193,0.0648045763373375,0.06328096985816956,0.0632571711196866
2023-12-27,0.04866398108290484,0.0681860163967,0.07848367136003145,0.07860785411060056,0.07880583102893161,0.0610918150738939,0.06355456536156254,0.06906066089868546,0.06492991745471954,0.07064775932691787
2023-12-28,0.06550374970652902,0.0486639810829,0.0638996998858068,0.06508464583483693,0.06778304961461608,0.05823801598985005,0.06364773692879774,0.06329374760389328,0.06644666194915771,0.06405622254385122
2023-12-29,0.07707290862070018,0.0655037497065,0.06801540435500913,0.0687943862856257,0.07154190345731197,0.06442672756290382,0.06470614619883515,0.06569907069206238,0.07118314504623413,0.06776668337114032
2024-01-02,0.08531463672012206,0.0770729086207,0.07404304875654147,0.07246946425374776,0.07705920585858915,0.07201875464263852,0.07021772011610242,0.07147055119276047,0.07697705179452896,0.07346511380212982
2024-01-03,0.06968141890075144,0.0853146367202,0.08213452352616264,0.08216325503695852,0.08402122424506922,0.08350445818122366,0.07852969217250248,0.07819821685552597,0.08939170837402344,0.08256329691306656
2024-01-04,0.10318007215753244,0.0696814189008,0.07495146778478243,0.07484838412144462,0.07843885266338227,0.07919503080237682,0.07484145863980667,0.07509052008390427,0.0829581618309021,0.0771891251323713
2024-01-05,0.07247964703585415,0.103180072157,0.09557158364188814,0.0935878153447943,0.0936559763711126,0.08289429367006099,0.08968509077421062,0.08690056204795837,0.07307472079992294,0.08791000609284971
2024-01-08,0.07880985277808861,0.0724796470359,0.0818281131254438,0.07652448103073484,0.0820309547731605,0.07375713924481495,0.07021772011610242,0.08113577216863632,0.07304331660270691,0.0769339281516571
2024-01-09,0.07164537177935781,0.0788098527782,0.0849538832060088,0.08353977963710248,0.08419599359993919,0.07630676356300778,0.07078870002479448,0.08027473092079163,0.07255131006240845,0.0789444515734361
2024-01-10,0.12087520114614411,0.0716453717793,0.08025565246570449,0.08073583781353444,0.0804232111277778,0.07688286267154902,0.0742892197119809,0.07693630456924438,0.08005956560373306,0.07851180770907486
2024-01-11,0.08360987396444752,0.120875201146,0.10793171676639002,0.11014322592611897,0.10163729881452674,0.08982809432529326,0.09276118997112745,0.09472280740737915,0.08165799826383591,0.09695461878209592
2024-01-12,0.0918620195821494,0.0836098739645,0.08866919665555822,0.09055677303218021,0.08630066967945499,0.07901242130152031,0.07882800370776662,0.0890570878982544,0.07035988569259644,0.08325486256676161
2024-01-16,0.07718216862346898,0.0918620195822,0.09424873643364295,0.09475848557014224,0.09171605188407476,0.08559573138763354,0.084502158625314,0.08935889601707458,0.07930925488471985,0.08849847354322884
2024-01-17,0.0806995630350103,0.0771821686235,0.08726892853009642,0.08656806489922321,0.08718511542649697,0.08584763150072452,0.0825205600664298,0.08398056030273438,0.08896772563457489,0.08604836948004004
2024-01-18,0.06846045599148752,0.080699563035,0.08975667703455875,0.09026364957836176,0.08844786542186978,0.09324834850545834,0.08496669411885187,0.08309642970561981,0.09156866371631622,0.08876404686871951
2024-01-19,0.07117327459101484,0.0684604559916,0.07927141571660129,0.0773658774653374,0.07959314864643084,0.08060798188167159,0.07342918700693199,0.07702645659446716,0.07907558977603912,0.0780528081553542
2024-01-22,0.04693160426183064,0.071173274591,0.07938313709559859,0.08083424067517939,0.07964296829536234,0.07811278294467555,0.0730096867946946,0.07529580593109131,0.07090745121240616,0.07674086756414399
2024-01-23,0.08088450595052923,0.0469316042618,0.06393542035200014,0.06321755015563155,0.06700880486906932,0.06626316269882032,0.07169462412920151,0.06515242159366608,0.06804396957159042,0.06647370762428277
2024-01-24,0.07811822883669599,0.0808845059505,0.08020174501448946,0.08219245124905175,0.08058503199550848,0.07967424929869704,0.0783776191628873,0.07283078134059906,0.07624652981758118,0.07858691541125919
2024-01-25,0.06311444863053785,0.0781182288367,0.07870472171092283,0.07840972218421141,0.07972676521198444,0.07743026905498465,0.07436632433254423,0.07563824951648712,0.07446597516536713,0.07696314673950025
2024-01-26,0.06367083033437526,0.0631144486306,0.07120102504417891,0.07203802072791424,0.07365003310229362,0.07175607419492532,0.07264470638478739,0.07124926149845123,0.06793370842933655,0.07149611848312674
2024-01-29,0.045126167430770366,0.0636708303343,0.0707503618704651,0.06715790013959147,0.0737080157283107,0.07268988958298614,0.07264470638478739,0.06915590167045593,0.07244850695133209,0.07122218318970411
2024-01-30,0.11840813190184869,0.0451261674308,0.06192914104297419,0.06299237137955178,0.06653260439850928,0.06885700761637076,0.07366248172060091,0.06182923540472984,0.07773499190807343,0.06764826192440146
2024-01-31,0.10573620594795899,0.118408131902,0.09957852069675502,0.1028137882850845,0.09755165728842348,0.09611124936887891,0.09446735601473195,0.08569121360778809,0.10170713067054749,0.09684584513317278
2024-02-01,0.11231810824559145,0.105736205948,0.09611334360309448,0.09363299298175641,0.09333985286492921,0.08860418191553829,0.0913373927708355,0.09320825338363647,0.0972605049610138,0.09335664606868632
2024-02-02,0.08611818027424871,0.112318108246,0.10363428370896177,0.10417527187658812,0.09840098374278577,0.08686816867633683,0.09234168975889007,0.09936743974685669,0.07258649170398712,0.0939106184592009
2024-02-05,0.07566523177274752,0.0861181802742,0.09340922587511807,0.09598834416650595,0.08983171575361355,0.07687747982795982,0.0816057155366202,0.09249460697174072,0.0735318660736084,0.08624842202930953
2024-02-06,0.06532825342365431,0.0756652317728,0.091288164438837,0.09215693915723755,0.08732412277604742,0.07490879963452382,0.0782084439979102,0.08606956899166107,0.07507812976837158,0.08357630982351265
2024-02-07,0.04755402175594362,0.0653282534237,0.08165906979620459,0.07955632563833398,0.08014506459496087,0.06880202945155826,0.0730950909296667,0.07793256640434265,0.0745990127325058,0.07654130850679611
2024-02-08,0.03956673902076187,0.0475540217559,0.0680683079148745,0.06796171637647044,0.06975941997253315,0.06327939606250448,0.06887424521790939,0.06687667965888977,0.06998181343078613,0.0678287969477097
2024-02-09,0.06647359118959047,0.0395667390207,0.05762692191651442,0.05629868516413129,0.06233256438350489,0.05873987582623408,0.06541952319641137,0.06329229474067688,0.06493940949440002,0.061235610674553284
2024-02-12,0.09353308614192092,0.0664735911895,0.06844966634912694,0.0702354826792869,0.07215204072973616,0.07285429846324676,0.0734445735232385,0.0641399472951889,0.07376804947853088,0.07072057978833644
2024-02-13,0.09180471097241578,0.0935330861419,0.08277749868839013,0.0811894516463129,0.08480929986511845,0.08959511457999503,0.08410691956949196,0.07182019203901291,0.08863982558250427,0.08327690028154652
2024-02-14,0.07119444774973116,0.0918047109723,0.0843655829560721,0.08425044270639459,0.0850315618615563,0.08698320526166746,0.08398630937528245,0.07689005136489868,0.07674285769462585,0.08260714446007107
2024-02-15,0.09307820902637523,0.0711944477497,0.07688322030878919,0.07635342916117291,0.07863007293194153,0.07736210617391286,0.07403111837474155,0.07548810541629791,0.07283017039299011,0.07593974610854945
2024-02-16,0.09907645413435828,0.0930782090263,0.09197972605891594,0.094660408428069,0.09052187227793097,0.10453869454933695,0.12494386763643042,0.08130256831645966,0.09050307422876358,0.0969214587851295
2024-02-20,0.08019488826694629,0.0990764541344,0.0977326327103271,0.10021881180415043,0.09579364861311845,0.10495159316381295,0.12978672256302942,0.0869804173707962,0.08979327231645584,0.10075101407738433
2024-02-21,0.07963701465729614,0.0801948882669,0.08766380652329606,0.08557598374171108,0.08763550754332497,0.09024102774029592,0.08362932824729526,0.08519230782985687,0.08351528644561768,0.08620760686734254
2024-02-22,0.07053433498614133,0.0796370146572,0.08628739574598995,0.08306657204536426,0.08591014320412152,0.0847233383784953,0.08271360576266978,0.08342954516410828,0.07866392284631729,0.0835420747352952
2024-02-23,0.05443386513586923,0.0705343349862,0.08193830516122605,0.08417733364362359,0.08158745038906794,0.07785364107484449,0.07499652611912938,0.08020918816328049,0.07529234141111374,0.07943639799461225
2024-02-26,0.04836327326361358,0.0544338651359,0.07091332186305074,0.07269093701797048,0.07330021437791764,0.06978100989073555,0.0735359534527224,0.0733269527554512,0.07453523576259613,0.07258337501720631
2024-02-27,0.05464630246497196,0.0483632732636,0.06349276843122417,0.06308722994687657,0.06758624208990471,0.06688745551624707,0.0735359534527224,0.06653966009616852,0.07101292908191681,0.0674488912307229
2024-02-28,0.08226699215337827,0.054646302465,0.06412263335325058,0.06355088661919235,0.06856621518348406,0.07046605996152011,0.07294940860121935,0.0636785626411438,0.07264970988035202,0.06799763946288032
2024-02-29,0.061127510984321946,0.0822669921533,0.07727856573013756,0.07967038812230659,0.07923000969586996,0.07973417376658522,0.077786384584343,0.06896278262138367,0.07490000128746033,0.0767946151154409
2024-03-01,0.049841264119103564,0.0611275109843,0.06650488251918454,0.06353513990252257,0.07017725561295758,0.0676161357533158,0.0734445735232385,0.0670585110783577,0.07206135988235474,0.06862826546741878
2024-03-04,0.08811124704245196,0.0498412641191,0.06087543806779576,0.06035369925178351,0.06655450932971617,0.06791399558422932,0.07294940860121935,0.06302787363529205,0.06808657199144363,0.0656802137802114
2024-03-05,0.11828133305256583,0.0881112470424,0.08243226348626059,0.08382772843111158,0.08466474667788879,0.08626217973364012,0.08377365567891051,0.070803701877594,0.08185850083827972,0.08194611096052648
2024-03-06,0.06259017258495138,0.118281333053,0.10234084124647239,0.10544073795016241,0.10015215433454316,0.09969085891011004,0.09645411715611965,0.08434946089982986,0.09276926517486572,0.09731391938172904
2024-03-07,0.1168610721930772,0.0625901725849,0.07449313051956215,0.07467847110360532,0.07807953801883566,0.08082849049986643,0.079431844617806,0.07816968858242035,0.0825226679444313,0.07831483304093245
2024-03-08,0.08920047207192124,0.116861072193,0.10493375268162275,0.10728476015090746,0.10211630572432956,0.09376989563177743,0.09650380241588202,0.0888519361615181,0.07844705134630203,0.09598678630176274
2024-03-11,0.10983392328885644,0.0892004720719,0.09552961522042228,0.094805136800458,0.09453045868739691,0.08721810582086027,0.08640752770756104,0.08952034264802933,0.08716248720884323,0.09073909629908158
2024-03-12,0.06297518023414621,0.109833923289,0.10705344651546446,0.10517669602689539,0.10170807429607823,0.08611928328838447,0.09892038972338307,0.09725698083639145,0.08325191587209702,0.09706954093695629
2024-03-13,0.11097338023675768,0.0629751802342,0.08006589584533637,0.08180114210169845,0.08022141121755627,0.07335182759632733,0.07931168550694236,0.08047935366630554,0.07020159065723419,0.07791898665591436
2024-03-14,0.08022742241902578,0.110973380237,0.10688653145645383,0.10923078862326409,0.10164328363639145,0.09678835282699691,0.09688138020144255,0.09324212372303009,0.0916212797164917,0.0994705343120101
2024-03-15,0.06628478130057608,0.0802274224191,0.08917776111776746,0.08920062373899613,0.08847817139295824,0.08467613614888604,0.08336602650691331,0.08668381720781326,0.08944103121757507,0.08728908104727277
2024-03-18,0.058635389169238064,0.0662847813006,0.08059521885527922,0.08252795786226727,0.08188870820787482,0.07572375874044997,0.08075185287066557,0.07732660323381424,0.08716441690921783,0.08085407381136699
2024-03-19,0.12654135105167796,0.0586353891693,0.0723765039818683,0.06941378447543532,0.07517961894606938,0.07059368327880633,0.07753085676621846,0.06918172538280487,0.07901380211114883,0.07332713927747879
2024-03-20,0.060672836724165125,0.126541351052,0.10990869808987233,0.10258273235388538,0.10355229983893827,0.08709791030424002,0.09369034571771853,0.09462466835975647,0.09020441770553589,0.0973801531957067
2024-03-21,0.05978297365683644,0.0606728367241,0.07454059874102856,0.07569114997756102,0.07551886844605449,0.06507023720710464,0.07351080015354083,0.07918960601091385,0.07839871942996979,0.07455999713802473
2024-03-22,0.03815388892765716,0.0597829736569,0.07228845292371427,0.07377238066927022,0.07394083832348651,0.06667363084877236,0.07134815020132616,0.0699826329946518,0.06609758734703064,0.070586239044036
2024-03-25,0.04009144213607088,0.0381538889277,0.059650232208310186,0.060209973704495934,0.0644923787218149,0.05526369033623417,0.06755931245852971,0.05767951160669327,0.057225365191698074,0.060297209175396604
2024-03-26,0.0672748972552259,0.0400914421361,0.058905083689291114,0.060524644170602174,0.0641319544359235,0.05611278212314204,0.07134815020132616,0.05369681119918823,0.06016291677951813,0.06069747751414162
2024-03-27,0.04991456963490319,0.0672748972552,0.0662355030673979,0.06488345389638576,0.0699269769531987,0.06150826919060222,0.08652156853102526,0.06156911700963974,0.06876929849386215,0.06848774102030168
2024-03-28,0.07127051653125575,0.0499145696349,0.05712855886916747,0.05729197744746589,0.06306325524622144,0.05696546179284488,0.07134815020132616,0.05874154716730118,0.06641505658626556,0.06156485818722752
2024-04-01,0.06092878956260004,0.0712705165313,0.06815333641246858,0.06928309736336044,0.07251451687710007,0.06604369772525354,0.07372169081252727,0.06540858000516891,0.07066953182220459,0.06939920728829764
2024-04-02,0.08767120700882816,0.0609287895625,0.06540253973780404,0.0653733514489193,0.071316885913055,0.06929276722108929,0.07930115622165915,0.0648268312215805,0.08058696985244751,0.0708715002309364
2024-04-03,0.1333991286179891,0.0876712070088,0.08221716555894383,0.08094061614763365,0.08419203778903009,0.07984939558170681,0.08422655350986669,0.07554831355810165,0.08410830050706863,0.08158319752176448
2024-04-04,0.11560535201439594,0.133399128618,0.10954515520015991,0.11388554673463269,0.10784891990530297,0.10403556323761355,0.10055409134260704,0.09947031736373901,0.10629738867282867,0.1059481403509834
2024-04-05,0.06441252370255648,0.115605352014,0.107152008204201,0.10352436060491088,0.10435558565119918,0.09706909346349239,0.09776032671553046,0.10415373742580414,0.09763598442077637,0.10166444235513063
2024-04-08,0.11889319770459705,0.0644125237025,0.08261737538845051,0.0831727268530641,0.08412672862317656,0.08021835451685125,0.08171200005182792,0.083769790828228,0.08834901452064514,0.08342371296889192
2024-04-09,0.14816415133485833,0.118893197705,0.1133309516564,0.11341249610235293,0.10811446354198065,0.09387943963542691,0.0997693905755027,0.09740718454122543,0.09251368790864944,0.10263251628021973
2024-04-10,0.09587602927489436,0.148164151335,0.13249736203538637,0.13202777456811823,0.12379934665731371,0.10929595870762583,0.12201311775349434,0.1181340217590332,0.10909933596849442,0.1209809882070666
2024-04-11,0.10854106403468505,0.0958760292749,0.10458889340503977,0.1043252533191823,0.10071817678672873,0.10144546893120526,0.09338349112327761,0.1054360643029213,0.08910809457302094,0.09985792034876799
2024-04-12,0.13893394939408726,0.108541064035,0.10986163349182335,0.11102804322669735,0.10798292123858054,0.11413237393434483,0.11411142024831047,0.10371816903352737,0.10859012603759766,0.10991781245869736
2024-04-15,0.16290106915118757,0.138933949394,0.1307578618281388,0.13502963099878273,0.12669263783375384,0.13268948300733946,0.12944083275827412,0.11493008583784103,0.1365830898284912,0.12944623172751732
2024-04-16,0.15085273062681231,0.162901069151,0.14590128412121012,0.14747370948316618,0.1372230932304958,0.13774609249997852,0.1387559253415671,0.12968184053897858,0.14569295942783356,0.1403535578061757
2024-04-17,0.12840187318961666,0.150852730627,0.14044625580083164,0.14348831808155216,0.13250825449511927,0.13361998671402503,0.1387559253415671,0.13316768407821655,0.13445989787578583,0.1366351889124425
2024-04-18,0.13199693061924583,0.12840187319,0.1328578112400562,0.13438762025532702,0.12566162637368156,0.1274324583014448,0.1215538556590931,0.1281881481409073,0.11292968690395355,0.12614445812492336
2024-04-19,0.10106784192406602,0.131996930619,0.1365951509721846,0.13942938721782738,0.129160735646657,0.13123989754959842,0.12433744309435323,0.12728342413902283,0.11395302414894104,0.12885700896694066
2024-04-22,0.07863261033525976,0.101067841924,0.11873210686993971,0.11927841333866643,0.11237693682813663,0.11470094062629506,0.11928098391880412,0.11574707180261612,0.10230836272239685,0.11463211658669356
2024-04-23,0.09674063353409053,0.0786326103353,0.10056728025288159,0.09894238480388087,0.09678215462599199,0.10132597380236365,0.09374374363040182,0.10052957385778427,0.09096135199069977,0.09755035185200056
2024-04-24,0.10659727042079829,0.096740633534,0.10406018280516591,0.10577657933145443,0.09992073323927911,0.10610302321458624,0.09338349112327761,0.09769588708877563,0.09317680448293686,0.10001667161221084
2024-04-25,0.07919565629779451,0.106597270421,0.10660747051704199,0.10391138678061063,0.102596702825936,0.10950691759592451,0.10947856135825063,0.09981688857078552,0.09539373219013214,0.10390166569124022
2024-04-26,0.08876417658064767,0.0791956562977,0.08896532891265244,0.0881542856676496,0.08703575481536524,0.09520204198738645,0.08490479915874345,0.09133311361074448,0.0899636447429657,0.08936556698507249
2024-04-29,0.11523676162598982,0.0887641765806,0.09229154600009634,0.09498196990565916,0.08942341711807995,0.09671061223050657,0.08572585810924421,0.0897730216383934,0.0858495905995369,0.09067943080021666
2024-04-30,0.17289438398450077,0.115236761626,0.10791723544289285,0.11215605711494867,0.10341450191233773,0.11178798124883299,0.10776530274204402,0.09870391339063644,0.10152363777160645,0.10618123280332846
2024-05-01,0.11950013713224934,0.172894383985,0.14166745774302114,0.14244819684103438,0.12880880741938272,0.127561425231825,0.1258691661685749,0.12377040833234787,0.12402523308992386,0.13059295640372998
2024-05-02,0.09188501539083727,0.119500137132,0.11784683236723759,0.1177590679267691,0.10855385989037028,0.11059321729954066,0.10334104548682624,0.11980027705430984,0.11045701801776886,0.11262161686326036
2024-05-03,0.045946702947433346,0.0918850153909,0.1061016013265337,0.10783436747783058,0.09711084883668483,0.09641611892898591,0.09368169332280916,0.10826363414525986,0.07791358232498169,0.09818883519472654
2024-05-06,0.05774748262091431,0.0459467029474,0.08084330974792714,0.07881190858681847,0.07745021536588535,0.08297710128858192,0.08798647372271537,0.08637849241495132,0.06973403692245483,0.08059736257847636
2024-05-07,0.0435578462867617,0.0577474826208,0.081182004913569,0.08277293441658864,0.07810153085441787,0.0834127402054714,0.08352740989378263,0.07785642147064209,0.06725254654884338,0.07915794118618787
2024-05-08,0.05344562071867442,0.0435578462868,0.062806350654101,0.06118627489289616,0.0644969522504208,0.07563560979730377,0.07953844843916998,0.06676001101732254,0.06904222071170807,0.06849512396613176
2024-05-09,0.06414664487957573,0.0534456207186,0.061480065112239315,0.058192219913105976,0.06386613665053091,0.07518070901070939,0.07214781609723957,0.0631788969039917,0.06616315245628357,0.06574414230630006
2024-05-10,0.04207059566589615,0.0641466448796,0.06399573072833742,0.06497703916409794,0.06637694314736,0.06703528412475945,0.07245900618854662,0.06644865870475769,0.07429738342761993,0.06794143506935416
2024-05-13,0.07008002271970522,0.0420705956659,0.053333628615675276,0.054324460115903146,0.05895442056196709,0.062695918470936,0.07861046217771919,0.06022441387176514,0.07670672237873077,0.06355000374181381
2024-05-14,0.05041800313459469,0.0700800227197,0.06763450796466816,0.06600474119926321,0.07007190225998038,0.06938019306634205,0.07530724312061406,0.06689605861902237,0.07775922119617462,0.07043626677515212
2024-05-15,0.07711904185150902,0.0504180031347,0.0591088190685871,0.056756797069669115,0.06224319474599509,0.06533102875691689,0.07143504528730692,0.06207311898469925,0.06499314308166504,0.06313444957069134
2024-05-16,0.05025023502038174,0.0771190418516,0.07386532500641356,0.0757553812364059,0.07408498225809061,0.06571619513635318,0.07245900618854662,0.06924089789390564,0.06318407505750656,0.07061512325388887
2024-05-17,0.045491211757597315,0.0502502350204,0.06009385241219346,0.060608207678630684,0.06313224952088789,0.05008603991838423,0.068956752404285,0.061567455530166626,0.06329557299613953,0.06110573292295535
2024-05-20,0.040514645261106756,0.0454912117576,0.058248934369582624,0.05794221682986275,0.06228244601245366,0.05419161532289733,0.07143504528730692,0.05590333789587021,0.06479398906230927,0.06068536925432611
2024-05-21,0.07877587286708793,0.0405146452611,0.05333202561281733,0.05154934603253507,0.05864067769950672,0.04953949526757229,0.068956752404285,0.05133964866399765,0.06774197518825531,0.05729998869556706
2024-05-22,0.10171922275743557,0.078775872867,0.0738771500705513,0.07374192281019058,0.07554565704477642,0.06344887763882204,0.07448694100741589,0.06485340744256973,0.0749119371175766,0.07155227044741465
2024-05-23,0.07601244127471239,0.101719222757,0.08684738139988557,0.0893547888844299,0.08592394437714686,0.0704134268800124,0.08949585805875643,0.08109769225120544,0.08007578551769257,0.08331555390987558
2024-05-24,0.07258003931137817,0.0760124412747,0.07712449921754919,0.07674038350944562,0.0769037645164686,0.05888520386910551,0.0699807133055247,0.07785046100616455,0.0727134644985199,0.07288549856039686
2024-05-28,0.06647805320012312,0.0725800393114,0.0779918294586142,0.07745942015119453,0.0781248192997478,0.06626312573176538,0.07245900618854662,0.07335711270570755,0.07430694997310638,0.07428032335838321
2024-05-29,0.07704836190447141,0.0664780532001,0.07748352318686463,0.0773555952005968,0.07881156456045028,0.07733971262180832,0.07530724312061406,0.06934203952550888,0.08266256749629974,0.07690032081602038
2024-05-30,0.11218216386682153,0.0770483619044,0.08230155437361392,0.0833373482503899,0.08342813275760903,0.08348208428323019,0.07963442307895889,0.07205615192651749,0.0861547514796257,0.08148492087856359
2024-05-31,0.10030050783826969,0.112182163867,0.09974403786761205,0.09518700941817868,0.09609126112081798,0.07692091920802,0.09085586019938624,0.08752705156803131,0.08128654956817627,0.0896589555643175
2024-06-03,0.10133271237558383,0.100300507838,0.09642916084362516,0.09719139278340608,0.0940686394986016,0.07910568040036672,0.08343636709874257,0.09035146236419678,0.081076480448246,0.08880845477674071
2024-06-04,0.06759409887675404,0.101332712376,0.0995273896242509,0.09926487341922752,0.09653663766331495,0.08306280790871248,0.09574020987527655,0.0909818485379219,0.08795131742954254,0.09329501206546384
2024-06-05,0.05969427893053739,0.0675940988768,0.08381191831312623,0.08149810173740632,0.08324314976062559,0.07489155462303394,0.07637730904939803,0.07751624286174774,0.07691536843776703,0.07917909211187213
2024-06-06,0.0905596790659088,0.0596942789306,0.07852286548262594,0.07976953129115572,0.07904583550560379,0.06682416900801952,0.0752297756079654,0.06818673014640808,0.06849054247140884,0.07372420707331247
2024-06-07,0.05635022049104688,0.0905596790659,0.09102967185717603,0.09053193100171053,0.08890106635535523,0.07242528827431816,0.07885619500841012,0.07717045396566391,0.06633760035037994,0.08075031525900199
2024-06-10,0.07410150261072444,0.056350220491,0.07098824591152643,0.0682992509501707,0.07355345984736938,0.06472795709838074,0.07328828580902878,0.06908557564020157,0.0708981603384018,0.07012013365643992
2024-06-11,0.10420113124450424,0.0741015026107,0.07677113208879621,0.07589724179126998,0.07839769253517884,0.077135419600069,0.07446645245960708,0.07287352532148361,0.07599413394927979,0.07593365682081209
2024-06-12,0.07698631743322445,0.104201131244,0.09415922711399051,0.0961618016066616,0.0905090184252233,0.08516249124214814,0.09057698016756935,0.08799201995134354,0.08688092231750488,0.09020606583206305
2024-06-13,0.07680523071217742,0.0769863174333,0.08292341844482526,0.0826501448165871,0.08107242045514956,0.06405194193698058,0.07050181906235792,0.08408694714307785,0.07034560292959213,0.07651889925551005
2024-06-14,0.07020307084501361,0.0768052307122,0.08158920998796679,0.0806373725020618,0.08054192400150814,0.0630269190022851,0.07050181906235792,0.07923860102891922,0.06373188644647598,0.07418110457593928
2024-06-17,0.05021757756340304,0.0702030708451,0.07972541704142774,0.07719852601278487,0.07933210244686636,0.07825435568027005,0.0721905249493052,0.07479323446750641,0.06737565249204636,0.07555283044145814
2024-06-18,0.1026584939585147,0.0502175775635,0.06821855785967987,0.06843936584002613,0.07028983778977572,0.06256563051729609,0.07112538090042815,0.0648593008518219,0.06967431306838989,0.06788176954677397
2024-06-20,0.07482921760329984,0.102658493958,0.09262686111014817,0.0928311981193859,0.09070546078436467,0.07889342079915654,0.08543186963987356,0.08221586793661118,0.08332836627960205,0.08657614923844888
2024-06-21,0.09596272987478212,0.0748292176032,0.07935067969400085,0.07988826340259586,0.0796037890542361,0.07252012743694593,0.07271091648790179,0.0806151032447815,0.07900597155094147,0.07767069298162907
2024-06-24,0.0590267099403753,0.0959627298748,0.09094179713407377,0.09101976822415406,0.08901854399584627,0.0845746292729253,0.08167886578531948,0.08702775090932846,0.08194893598556519,0.08660147018674465
2024-06-25,0.07106789210990573,0.0590267099405,0.07262574095434134,0.07159173826249568,0.07396942411021667,0.07283575028488953,0.0721905249493052,0.07427256554365158,0.07570220530033112,0.0733125642007473
2024-06-26,0.07307048016339293,0.07106789211,0.08018688751309316,0.07909397339999363,0.07954626347665067,0.07143747076307139,0.0721905249493052,0.07290592044591904,0.07172949612140656,0.07529864809563423
2024-06-27,0.09890621935640852,0.0730704801634,0.07845537484627549,0.07698114036042744,0.07819893414464106,0.06389684811149696,0.0721905249493052,0.07343411445617676,0.0711938887834549,0.0734786893788254
2024-06-28,0.1038678298669381,0.0989062193564,0.09272429676580664,0.0940428355217478,0.08954560564896971,0.06994837326874578,0.08196350167179103,0.08556220680475235,0.07655155658721924,0.08433405375271893
2024-07-01,0.054719515752462575,0.103867829867,0.09573032969482023,0.09641135221621096,0.09122549372042688,0.06380095442510988,0.09057698016756935,0.09311947226524353,0.07312777638435364,0.08628462269624779
2024-07-02,0.039112851939184394,0.0547195157526,0.07230923573516707,0.06959287502671757,0.07208288185365815,0.06633376696598291,0.07040598459017065,0.07510465383529663,0.06743699312210083,0.07046662730415626
2024-07-03,0.05181134391881762,0.0391128519392,0.062170837270507665,0.06093464575042713,0.06461615382509858,0.05991784455137649,0.06711153898158023,0.05852784216403961,0.06351576745510101,0.06239923285687582
2024-07-05,0.038983652458023474,0.0518113439187,0.06625216460141464,0.06635394944090098,0.06854751844643389,0.05915977351039649,0.06943667501348087,0.057824112474918365,0.059175558388233185,0.0638213931251112
2024-07-08,0.04851723501238998,0.038983652458,0.05487986213574898,0.055706963506897855,0.06056165185702944,0.05053105551057538,0.07061352993020373,0.054110750555992126,0.06681164354085922,0.059030779576758105
2024-07-09,0.04693953624046535,0.0485172350124,0.05436815962030872,0.0549684788132593,0.0609528112184295,0.06265452850477504,0.07064292751430876,0.056061163544654846,0.06771081686019897,0.061051269439419305
2024-07-10,0.10138177302170248,0.0469395362405,0.05293724733405335,0.048967533147699124,0.06024093865937277,0.06300664630002575,0.07291885502461064,0.05732051283121109,0.06982481479644775,0.06074522115620292
2024-07-11,0.07995966443363303,0.101381773022,0.08408993046437963,0.08570119421665218,0.08483335317682741,0.09167623630477843,0.08543186963987356,0.08029242604970932,0.07558774203062057,0.08394467884040588
2024-07-12,0.09052341482559084,0.0799596644336,0.07648530730424478,0.07687973785869973,0.07754288443749813,0.07309645254968888,0.07113986280330853,0.0799485519528389,0.0638953149318695,0.07414115883402121
2024-07-15,0.07237049764357573,0.0905234148256,0.08607976318339274,0.0873989924814747,0.08550810838082959,0.07690500329399705,0.07516214689456736,0.08286337554454803,0.07594261318445206,0.08140857185189451
2024-07-16,0.0810477204653456,0.0723704976435,0.07975307721964284,0.0778309995029531,0.08039440321446985,0.07519776772154474,0.06982586212883955,0.07569227367639542,0.07841333001852036,0.07672967335462369
2024-07-17,0.14562357526887876,0.0810477204654,0.08689944360218611,0.08822270866284926,0.08732788222188237,0.08373916480157681,0.08537625675221874,0.07651765644550323,0.08831755816936493,0.0852000958079402
2024-07-18,0.11935676114077325,0.145623575269,0.1211103600701593,0.12337946202047723,0.1153908408910272,0.11534633343056018,0.11314169537653442,0.10484443604946136,0.11152562499046326,0.11496267897552613
2024-07-19,0.10908954505388131,0.119356761141,0.11230918756816045,0.11403315585553982,0.10873613938195544,0.11221739442192594,0.09848952420286188,0.10725969076156616,0.11577343940734863,0.10983121879990833
2024-07-22,0.08222109937788719,0.109089545054,0.10911853417413701,0.10950553810739783,0.10422964217515913,0.10538820313530148,0.09401322109085779,0.1017218753695488,0.09625007212162018,0.10288958373914603
2024-07-23,0.09584247399578331,0.0822210993779,0.0974298372960771,0.10006807104520116,0.0947956727530751,0.09524328211593029,0.09327346717551396,0.0873146578669548,0.07548567652702332,0.0919443806828251
2024-07-24,0.15502209625859922,0.0958424739958,0.10513371472422627,0.1084100751620432,0.10544201529341485,0.11312241614955844,0.10451198648061649,0.08822517096996307,0.10473480075597763,0.1042257399336857
2024-07-25,0.14730755096699286,0.155022096259,0.1336754215799999,0.13608447735167473,0.12875844732773142,0.13704833243031986,0.13266553199311637,0.11543247103691101,0.13453146815299988,0.13117087855325046
2024-07-26,0.10411954882506742,0.147307550967,0.13250243324881758,0.13510309577867397,0.12446517567728234,0.13149514163008752,0.15331780315455412,0.1255807876586914,0.12395931780338287,0.13234625070735567
2024-07-29,0.1210513324314177,0.104119548825,0.11177382027012427,0.11303676332379975,0.10813107870644037,0.11010280909184161,0.11525673908389962,0.10871216654777527,0.09837478399276733,0.10934116585952117
2024-07-30,0.11885340567534276,0.121051332431,0.1231766001000189,0.1261898497021946,0.11798792832459427,0.11870190754266084,0.11824955256554574,0.10802415013313293,0.10697873681783676,0.11704410359799773
2024-07-31,0.15056234098612575,0.118853405675,0.12420676358780781,0.12377109913613499,0.11657811242750984,0.11437926307267571,0.11693487564166784,0.10879604518413544,0.11486077308654785,0.11707527601949708
2024-08-01,0.18250264527511922,0.150562340986,0.1386278507129196,0.1424045575516997,0.13104432009662023,0.1337725880493029,0.13980170184447918,0.12296520173549652,0.1446235179901123,0.13617710542580436
2024-08-02,0.3139697155643582,0.182502645275,0.15666556829459427,0.15728193458152895,0.1515913697437664,0.16339720242567357,0.16328121687875904,0.14430944621562958,0.17661839723587036,0.15902073362511748
2024-08-05,0.1943125958928036,0.313969715564,0.23701215100418896,0.22385591080836675,0.2400513072096725,0.2928565309652205,0.46262631013530564,0.2161465287208557,0.32572776079177856,0.28546807137648406
2024-08-06,0.1894597103211234,0.194312595893,0.1873976766140196,0.18764935677713537,0.17752098526160903,0.24730411228588334,0.251378731350225,0.1931629776954651,0.29301881790161133,0.21963323684084982
2024-08-07,0.1614023707554508,0.189459710321,0.19136307474836245,0.196781611124801,0.18163262299681332,0.22708264334651002,0.2564118036371746,0.17320269346237183,0.2303745448589325,0.20812128488213794
2024-08-08,0.13875308944472697,0.161402370755,0.1790835270714881,0.17293624654864892,0.1623668515891838,0.1790111719143506,0.18609256258547135,0.15267780423164368,0.13749729096889496,0.1670950649870973
2024-08-09,0.14674504092703508,0.138753089445,0.16442679256856788,0.1652686015602957,0.1459171640173933,0.1502628769465138,0.16239141721394873,0.13768257200717926,0.10188134014606476,0.14683296635142334
2024-08-12,0.0758004575866373,0.146745040927,0.15310503859642605,0.15827940312075645,0.1390026628727219,0.13985342224429742,0.14680311295574733,0.1412852257490158,0.12408830225467682,0.14320245254194883
2024-08-13,0.10879515872739007,0.0758004575866,0.10909255377546573,0.10755233954946214,0.10077397375197397,0.106341365150101,0.11051290644483473,0.11212137341499329,0.11315973103046417,0.10850774901675643
2024-08-14,0.06488536344911076,0.108795158727,0.11730310941647379,0.12016044491859967,0.10580863549380422,0.10691889778418563,0.11229709019445756,0.1142251193523407,0.1153915524482727,0.11315783565830491
2024-08-15,0.06294494366765928,0.0648853634491,0.08797842252088874,0.0869754000400332,0.0814405247584377,0.08713422797378872,0.08644491928396199,0.09709451347589493,0.08466185629367828,0.0873899806209548
2024-08-16,0.07421214878438166,0.0629449436677,0.08024915659833244,0.07950604997338387,0.07573086218749364,0.08282739372751574,0.07980050500787325,0.08717353641986847,0.07657250761985779,0.08026571593347502
2024-08-19,0.07440919314783624,0.0742121487844,0.07907220490049391,0.07741471403871934,0.07530286349896165,0.0830535118184239,0.07597565652427545,0.08613784611225128,0.0721188634634018,0.07843938005093247
2024-08-20,0.10132661873620968,0.0744091931478,0.07908305273122622,0.07980231454020256,0.07661442604337206,0.08709028938533958,0.08289039918376931,0.08662236481904984,0.07528167963027954,0.08105493233331987
2024-08-21,0.11574819704837738,0.101326618736,0.09106343887562351,0.09299207860732572,0.0869459069902734,0.09726627804092869,0.09129641021388551,0.09675588458776474,0.08927290141582489,0.09222755696166092
2024-08-22,0.1455379323571501,0.115748197048,0.10239235912590047,0.10544666725830423,0.09674980884930406,0.10636521252333649,0.10352394768190691,0.10716541111469269,0.10468282550573349,0.10376089029416834
2024-08-23,0.07595315495570674,0.145537932357,0.12378670492334963,0.12407668704754268,0.11072865855591482,0.10952313657762483,0.1092410191660306,0.12381133437156677,0.10410995781421661,0.11503964263660656
2024-08-26,0.06519495992384074,0.0759531549557,0.09132854742340926,0.09417422598137778,0.08516665286207203,0.09037703367719849,0.08248620720885624,0.0978073701262474,0.08795277029275894,0.08989897251027432
2024-08-27,0.1085564412354845,0.0651949599238,0.0855232390316014,0.08464714390913491,0.08049236532184083,0.08517630155885897,0.07732180217786105,0.07921680808067322,0.07443951070308685,0.08097388154043675
2024-08-28,0.10789933459306966,0.108556441235,0.106542715338692,0.1081451328714834,0.09903350359691104,0.10419542528750117,0.09744027992672509,0.09295771270990372,0.09348626434803009,0.1002572905827495
2024-08-29,0.09725421956834367,0.107899334593,0.10553909614298437,0.10795625182453886,0.09716669523477528,0.09904748998332258,0.09641346405408115,0.10203301161527634,0.09717491269111633,0.1007615602208707
2024-08-30,0.1168850085827879,0.0972542195683,0.09620536350842454,0.09564047660346586,0.08870380114378483,0.08959815663652082,0.07451094628198937,0.09959464520215988,0.08736422657966614,0.09023108799371592
2024-09-03,0.10632782614304498,0.116885008583,0.10915159206067843,0.11294645421807381,0.1054920910494678,0.1166963095224598,0.11101833921923533,0.10673264414072037,0.11166919767856598,0.11052951826988593
2024-09-04,0.1271887058076369,0.106327826143,0.10797448785382707,0.10903966170502788,0.1052873497681922,0.11665839550238771,0.12282471692017131,0.10563468933105469,0.12376174330711365,0.11302586348396779
2024-09-05,0.15301988819587864,0.127188705808,0.11963690287641418,0.12033147943158949,0.11487350052552203,0.12187095111271913,0.11470180452983868,0.11254261434078217,0.12712334096431732,0.11872579911159756
2024-09-06,0.10134520507856502,0.153019888196,0.13588125557267688,0.14115174477257203,0.13157066832183276,0.13890613368235294,0.14316221430794818,0.12752442061901093,0.13127951323986053,0.13563942150232203
2024-09-09,0.11200233684353375,0.101345205079,0.11205822946366006,0.1126947141917008,0.10996895007740412,0.11711218665779417,0.11725678227662638,0.11048389971256256,0.12489952147006989,0.11492489769283112
2024-09-10,0.13455178125370768,0.112002336843,0.11667292137638283,0.1190652435729875,0.11319647056400181,0.11857085967956293,0.12001089054097565,0.10607852786779404,0.11488823592662811,0.11549759278976184
2024-09-11,0.11605599358402133,0.134551781254,0.12972102415593897,0.12646718635678755,0.12128266702562336,0.11937700052765964,0.120629836380934,0.11622099578380585,0.11416424065828323,0.12112327869843323
2024-09-12,0.07738775801766323,0.116055993584,0.12003160339181881,0.11935917923889752,0.11201971680803477,0.10844037975450288,0.10810543755530451,0.1135500967502594,0.09008477628231049,0.11022731282587549
2024-09-13,0.08424471615204362,0.0773877580177,0.09503188462639951,0.09515854620320209,0.09200790032141777,0.09303988813765433,0.08345799679022792,0.09425187110900879,0.08170700073242188,0.09066501256004747
2024-09-16,0.09866176825855899,0.084244716152,0.09675782376090167,0.09666225659924715,0.0944175142436378,0.09713300788064698,0.09836726817547055,0.08933615684509277,0.08971297740936279,0.09462671498776566
2024-09-17,0.1774541963234006,0.0986617682585,0.10233218902508308,0.10435780865534935,0.09918752187066907,0.10234749570866034,0.10317286772144178,0.09526596963405609,0.09870229661464691,0.10076659274712951
2024-09-18,0.09514458925492926,0.177454196323,0.14321941228219734,0.14171838940171605,0.13181338701037923,0.12853384687079042,0.12465441779058428,0.1326407641172409,0.1350642591714859,0.13394921094919915
2024-09-19,0.07516821646793544,0.0951445892549,0.10251826403069703,0.10203011618490238,0.09625152960422276,0.09504411689253849,0.08667692136407365,0.11330676078796387,0.11738106608390808,0.10188696784975804
2024-09-20,0.06226513658919251,0.0751682164679,0.09289950381849352,0.0937739639890377,0.08815346208611252,0.08711598099608692,0.07917020121299168,0.09285634756088257,0.08853402733802795,0.08892906957166183
2024-09-23,0.06484370705317517,0.0622651365892,0.08488461296187894,0.0844567157149183,0.08186293578101174,0.082142921815409,0.06997772355258992,0.079104483127594,0.0782727375626564,0.0801003043594369
2024-09-24,0.050229570569595754,0.0648437070531,0.08312167196967658,0.08305046197975663,0.08043390770788063,0.07981363819197124,0.07144826826482352,0.07603386789560318,0.07740801572799683,0.07875854739110122
2024-09-25,0.07000522164134615,0.0502295705697,0.06493721126287927,0.06515194767144952,0.06795838482065922,0.07353066240080813,0.06658123746643199,0.067511186003685,0.07573675364255905,0.06877248332406746
2024-09-26,0.06207040875841241,0.0700052216414,0.07201891069593795,0.07306109435495431,0.07443562400197704,0.08085305767773933,0.07247049335166784,0.07288304716348648,0.07465407252311707,0.07433947139555429
2024-09-27,0.0842443608335371,0.0620704087585,0.06710867041200973,0.06763815301484721,0.07205192238164994,0.08322887831936139,0.07233422409704031,0.07292328774929047,0.0816178172826767,0.07384327903669653
2024-09-30,0.12890193350537765,0.0842443608335,0.07955235008341305,0.07790465064659641,0.08203288745469965,0.09176271861866447,0.08214577500259666,0.08166520297527313,0.09013113379478455,0.08359924551086115
2024-10-01,0.10878734791534353,0.128901933505,0.10632060618735731,0.10656714099559905,0.10613205417533278,0.1168117780271552,0.11143468541380658,0.10397233068943024,0.11364729702472687,0.10926941321620114
2024-10-02,0.12506165545272138,0.108787347915,0.10206313180435853,0.10021593243571303,0.10170572541313193,0.11118466237276964,0.11270717376227446,0.10511565208435059,0.11390286684036255,0.10669930638756582
2024-10-03,0.11288744184459491,0.125061655453,0.11465413289038898,0.11597534230339829,0.11280333104061267,0.12209147388704977,0.11660799811448724,0.11063987016677856,0.12132994830608368,0.11630029952982845
2024-10-04,0.07690904981203447,0.112887441845,0.11345294626431789,0.11479135360786114,0.10863751392130368,0.11250533595690165,0.11775946993245072,0.10810624063014984,0.10335561633110046,0.11122978237772649
2024-10-07,0.06108175829060588,0.0769090498121,0.09587723998558441,0.09828960389954146,0.09992659897131459,0.11764769807530867,0.11173825658926834,0.09126690030097961,0.11918401718139648,0.10484718785762766
2024-10-08,0.060779800166206537,0.0610817582907,0.0824310897976398,0.08110454594301256,0.08769524194204527,0.10627355434606985,0.10609724613602388,0.07622169703245163,0.11308234930038452,0.09327224635680394
2024-10-09,0.06636138238920886,0.0607798001663,0.07803136302810908,0.0766017693566573,0.08391925937204284,0.10323767992529295,0.09897134767252895,0.07133767008781433,0.11441059410572052,0.08950138336402372
2024-10-10,0.058676023158677,0.0663613823892,0.07536288261780358,0.0753537634758118,0.08274585670144535,0.10290986982729901,0.09560819505227411,0.07248886674642563,0.09860189259052277,0.08615304671594033
2024-10-11,0.0545911027658537,0.0586760231587,0.06697131323530553,0.06365590570404761,0.07648254535371869,0.09888982331382248,0.09757135726786903,0.07047419250011444,0.0911731868982315,0.08074547489615846
2024-10-14,0.07508505133760515,0.0545911027658,0.06310632517471272,0.06156770001776485,0.07377569758122784,0.0981294475049796,0.10080965807781736,0.06781426072120667,0.09761212766170502,0.0804021738199163
2024-10-15,0.058095689760119036,0.0750850513376,0.0740463832642847,0.07568561691945369,0.08339142246797437,0.10659825097746232,0.10318418215276534,0.07532089203596115,0.10297662764787674,0.08874333935225405
2024-10-16,0.07792566958601255,0.05809568976,0.06579411037000266,0.0641276672005111,0.07586883311827074,0.09845818910807665,0.09488487423069147,0.07150809466838837,0.09983764588832855,0.08149705922632422
2024-10-17,0.05363297380177236,0.077925669586,0.07621868939042262,0.07751456156045841,0.08336992164672499,0.10254612202776754,0.09829974943738601,0.07699587196111679,0.09625612199306488,0.08731443400242019
2024-10-18,0.06498178012417634,0.0536329738017,0.06438409728420535,0.06365666032429265,0.07353763286279413,0.09273890889788297,0.09528800523648018,0.06880948692560196,0.08871962130069733,0.07816205897599351
2024-10-21,0.053219200115691326,0.0649817801241,0.07070085430847144,0.07135547992182079,0.0794629892399939,0.09882126212684798,0.09709963782727439,0.06966976076364517,0.09071719646453857,0.08254674009322747
2024-10-22,0.08789725720489348,0.0532192001157,0.06321169392954007,0.062474878022534396,0.0739206647369664,0.09556733249032462,0.0954898790500091,0.0653836727142334,0.09916958212852478,0.0793168147245904
2024-10-23,0.08066513298513305,0.0878972572049,0.0822417378550698,0.08406540227713032,0.09090845746817344,0.11143672317161411,0.1198717781472156,0.07845775038003922,0.11308900266885757,0.09715297885258571
2024-10-24,0.09298853323058494,0.0806651329851,0.07905148481473731,0.07874842489047482,0.08770321382198268,0.10761983321182092,0.10785797958468908,0.08129174262285233,0.10709576308727264,0.0927669202905471
2024-10-25,0.06211870111693579,0.0929885332305,0.08834354542200953,0.08930073572116996,0.09563987550679834,0.11486561461677965,0.10882474699165644,0.08729763329029083,0.11133469641208649,0.09937240685154161
2024-10-28,0.07698961333451676,0.062118701117,0.07349501084821132,0.07393008747184387,0.08329978924446031,0.10493136558586813,0.10534105751910809,0.07636727392673492,0.09922045469284058,0.08808357704129532
2024-10-29,0.07398652558803663,0.0769896133345,0.08262954448919618,0.08141263959143893,0.09023555135990786,0.10933739726305397,0.10410521061448831,0.07769415527582169,0.09956607967615128,0.0921400826100083
2024-10-30,0.11832582472826632,0.0739865255881,0.07998090994687354,0.07988087765587125,0.08916391953915914,0.11071616440188745,0.10869233339512208,0.07745247334241867,0.10651446878910065,0.09320016386720467
2024-10-31,0.10823913076185894,0.118325824728,0.10430950989873314,0.10820918554646597,0.1125980264702217,0.1339463329870334,0.14215120202670697,0.09624629467725754,0.1357959806919098,0.11903664747118979
2024-11-01,0.08855533420278193,0.108239130762,0.10089521267034554,0.10149385985452578,0.10815798295242529,0.12748320087609152,0.13352313981703073,0.10017560422420502,0.1285429149866104,0.11432455934017634
2024-11-04,0.08048863498683774,0.0885553342028,0.09396640769208302,0.09305971825743335,0.10254359511602662,0.12351627218896642,0.12327772809903571,0.09235958755016327,0.11886562407016754,0.10679841899626799
2024-11-05,0.0895925213862675,0.0804886349869,0.09048928949383916,0.08814706416499514,0.09691318319135891,0.11472824285312418,0.1163808614096373,0.0847906619310379,0.10488098859786987,0.0994757559488375
2024-11-06,0.06012300912825638,0.0895925213863,0.09617213255001845,0.09730016500956579,0.09487312418962801,0.09707109055190985,0.08418925659122846,0.08645851165056229,0.0737941637635231,0.08997977775806228
2024-11-07,0.04726745722526906,0.0601230091283,0.0770597225530166,0.0753017716626939,0.07911782767833458,0.08366292665120716,0.08223865761341234,0.07501255720853806,0.08450813591480255,0.07955737132600074
2024-11-08,0.05289524512699795,0.0472674572253,0.06549876637374026,0.06425777064771043,0.06996134087604805,0.07522993402981909,0.07869423991428423,0.06430568546056747,0.07244029641151428,0.0700554333876691
2024-11-11,0.06919308729556732,0.052895245127,0.06500046857432269,0.06507051557334106,0.07022556439661078,0.07707968397716093,0.07823002489159564,0.06387781351804733,0.05766298621892929,0.06816386530714395
2024-11-12,0.07853925401485298,0.0691930872955,0.07169451466746651,0.0730511860681634,0.07565225402368589,0.08145011528671477,0.07755597378211741,0.07223647087812424,0.06469954550266266,0.07376286574413357
2024-11-13,0.10612757322061407,0.0785392540148,0.07511191086128557,0.07603427855460329,0.07782360613078187,0.08177410775843338,0.07837995766103115,0.07950548827648163,0.05733485519886017,0.07513774349163958
2024-11-14,0.0861174757915349,0.106127573221,0.09222274225115391,0.0935077927531851,0.09089341030530235,0.09049235008351654,0.09067973940426316,0.09390496462583542,0.06836804747581482,0.08858129241415304
2024-11-15,0.07596790321999417,0.0861174757916,0.08619177894551916,0.08701373566325236,0.08756947458828049,0.0910715012839384,0.08516581231907772,0.09012870490550995,0.07639789581298828,0.08621984335979518
2024-11-18,0.06966683608141826,0.0759679032201,0.08344523356219613,0.0818361756548644,0.08458160491951838,0.08739690103507566,0.08196584635455913,0.08233185112476349,0.07692496478557587,0.08264036820522185
2024-11-19,0.11169261152390877,0.0696668360814,0.08049470596897662,0.07830574091409688,0.08251896345327348,0.08657207812886536,0.08138470387870149,0.07638796418905258,0.07651869207620621,0.08031183551559609
2024-11-20,0.14588035561503682,0.111692611524,0.10327735602107255,0.10395288944937366,0.1015387828902915,0.10373639576775698,0.09903833524579057,0.09408438205718994,0.08894841372966766,0.09922522216587755
2024-11-21,0.0921726108606434,0.145880355615,0.12290300787551206,0.1241614987654235,0.11560523409574139,0.11215674633544591,0.11381852123705344,0.11791370809078217,0.09383570402860641,0.11434206006122356
2024-11-22,0.08163895256384908,0.0921726108607,0.09804078372016348,0.09801057685307567,0.09369429248189595,0.09008068851253295,0.08382520912338665,0.10210863500833511,0.07829403877258301,0.09200774635313898
2024-11-25,0.05784950235498314,0.0816389525639,0.09356308248173495,0.09557648336406083,0.08918303255576499,0.08420411108364784,0.08003163969963374,0.08809071034193039,0.06610101461410522,0.085250010591554
2024-11-26,0.05768604769472424,0.0578495023549,0.08129150543540944,0.08151846804543172,0.0789154496786761,0.07433737969945056,0.07219100881815119,0.07322702556848526,0.059173304587602615,0.07437916311902956
2024-11-27,0.037482730537887976,0.0576860476948,0.0764161739064704,0.0771582200025913,0.07547817890066225,0.07295667557439986,0.07151743964114203,0.06896094977855682,0.06286671757698059,0.07219347934011476
2024-11-29,0.042272445139935305,0.0374827305379,0.05725713978290764,0.05591897757491365,0.06109593192571079,0.06367222441022066,0.06532393752921753,0.059193678200244904,0.05461795628070831,0.0595828351005605
2024-12-02,0.04167194760241234,0.0422724451399,0.05511129738033234,0.05526638166878848,0.06000203377268912,0.06343159146427661,0.06747145563249356,0.058408647775650024,0.05405184626579285,0.05910617913714614
2024-12-03,0.039250280072159485,0.0416719476024,0.0513361994992335,0.05130378342640372,0.057428375647885235,0.06112044430972859,0.06751278971201047,0.05826792120933533,0.05406753718852997,0.0572910072847324
2024-12-04,0.049542516144186706,0.0392502800721,0.04859346354097357,0.04750822052801536,0.05553882265735735,0.05887165490959337,0.06400261038265835,0.056945428252220154,0.051775507628917694,0.05474795827139083
2024-12-05,0.04553242503018832,0.0495425161442,0.052768076798966515,0.05343722934707418,0.0591959754702335,0.06182308791759579,0.06751278971201047,0.06011246144771576,0.054755546152591705,0.058515023835169704
2024-12-06,0.04871306817420147,0.0455324250302,0.05161588169898755,0.051744202575494634,0.05804095939610365,0.059416001531139156,0.0670751222125598,0.059494584798812866,0.04203667491674423,0.05563191816140599
2024-12-09,0.050479801123471155,0.0487130681742,0.05372576376503914,0.05468893970159875,0.061116350486368334,0.06543195747998584,0.0681362227608296,0.05993417650461197,0.06765687465667725,0.0615271836221587
2024-12-10,0.035925785437720355,0.0504798011235,0.055227000024231546,0.05518275123922783,0.06225582684799137,0.062003338334576504,0.06859314647425337,0.05891928821802139,0.0696391612291336,0.06168864462391937
2024-12-11,0.053640951730919165,0.0359257854377,0.048033583304398456,0.04697547070057005,0.0558096710258856,0.05036522321196714,0.06341977219132404,0.05336464196443558,0.0510345995426178,0.05271470884874267
2024-12-12,0.06822255627909878,0.0536409517308,0.05680393583825433,0.0567908375188868,0.06325305012814013,0.05985312202364569,0.06859314647425337,0.05770208686590195,0.059720154851675034,0.06038804767153676
2024-12-13,0.0429828584646075,0.0682225562792,0.0657336352366159,0.06630005547022402,0.07011487432421533,0.06287324204923109,0.06728806481674683,0.06623703986406326,0.06615547835826874,0.06638605573133788
2024-12-16,0.05916337457135115,0.0429828584646,0.05327393941286912,0.05222232362406212,0.06104127387064585,0.060109546468012365,0.06680101446851676,0.05924814194440842,0.06771139800548553,0.06005823397057145
2024-12-17,0.22527686282314924,0.0591633745713,0.06175794061925795,0.06058484811521003,0.0688592286184655,0.06917642404942131,0.07424639161822068,0.061570703983306885,0.07567566633224487,0.06741017190516103
2024-12-18,0.15819997561052024,0.225276862823,0.1572524840258952,0.16429719324318556,0.15275729466431365,0.15973876905365175,0.1266935919988933,0.1349942833185196,0.17183908820152283,0.15251038635799738
2024-12-19,0.17257422439262476,0.15819997561,0.1346063357055472,0.13687652108016735,0.13319508414256492,0.13853314287450072,0.130640114172942,0.1414109468460083,0.17781715095043182,0.1418684708245946
2024-12-20,0.09473435129970965,0.172574224393,0.15058557079063833,0.14350921781091208,0.13907821192496125,0.1308078685079362,0.1315757896233418,0.14393112063407898,0.10936541855335236,0.13555045683503159
2024-12-23,0.058865167832432105,0.0947343512998,0.11823296456956076,0.11956573131983748,0.11058759359200697,0.09773065680749539,0.09962784134581162,0.10849998146295547,0.06690570712089539,0.10302149660265188
2024-12-24,0.08660506020645907,0.0588651678325,0.1012479984081399,0.10012842545153097,0.09373904747721223,0.06968168673760003,0.08352684022275919,0.07733578234910965,0.04903854429721832,0.08209976070622431
2024-12-26,0.1352731786500517,0.0866050602064,0.10214627881790461,0.10276454614230453,0.09660826444488656,0.07734918404351698,0.08189241506175512,0.07746293395757675,0.06987927854061127,0.08687184300122226
2024-12-27,0.12243769898550691,0.13527317865,0.12317604897072323,0.12544675989555357,0.11553831690683225,0.10015261029122327,0.1046397472477209,0.10469786822795868,0.09777411818504333,0.11020363853215076
2024-12-30,0.14113854412435606,0.122437698986,0.11259779569324098,0.11399469699025633,0.10941107182056524,0.10704682126373276,0.10914303692531398,0.11250855773687363,0.11494792252779007,0.11137855756539615
2024-12-31,0.19210412890699669,0.141138544124,0.1255171068016172,0.1276299750609839,0.11889186009582287,0.11601362569730334,0.11877595632393297,0.12319541722536087,0.1115858256816864,0.12022996669810107
2025-01-02,0.09587586094134226,0.192104128907,0.16138099053194377,0.16534260192893357,0.14710362989734815,0.13769546667073843,0.13598127908468052,0.15142737329006195,0.1317494809627533,0.1472401174809228
2025-01-03,0.0802215213315953,0.0958758609413,0.11648751900937668,0.11652085020590477,0.10798816676851057,0.09927570106389372,0.10100517397833668,0.1191624328494072,0.10518192499876022,0.10937453841059855
2025-01-06,0.14424530779872183,0.0802215213315,0.10415615223698026,0.10518266170472174,0.09845277873740246,0.0973454452844776,0.09288880210341886,0.093202143907547,0.09396956861019135,0.09788536465496277
2025-01-07,0.14989210846883835,0.144245307799,0.13639412150226346,0.14081688872556292,0.12637562267047717,0.1231210575761722,0.1310299086977583,0.11343049257993698,0.11125015467405319,0.1260597494894606
2025-01-08,0.16252931783425414,0.149892108469,0.13977267700684842,0.14095654221174336,0.12801937568305177,0.12177022348825726,0.13090034555375166,0.1298077553510666,0.11095894873142242,0.1288836954323059
2025-01-10,0.12883543438645598,0.162529317834,0.14306445943418156,0.14747045276363255,0.13329756000841675,0.13544976086178737,0.13386605155075806,0.14080145955085754,0.11855608969926834,0.13607226198127173
2025-01-13,0.13503731125696333,0.128835434386,0.12997857762919995,0.12689341369661342,0.12186554408210079,0.12411698916559602,0.11912402199944597,0.13315296173095703,0.11581111699342728,0.1244203750424772
2025-01-14,0.0880371933895578,0.135037311257,0.13768388061946307,0.14093209340325158,0.12695161881030992,0.12718453114425068,0.1183999553832229,0.13137315213680267,0.11256284266710281,0.1278697248806291
2025-01-15,0.09377501980407789,0.0880371933896,0.11034933210461526,0.11047320491194426,0.10086233658267446,0.10013422040415582,0.09804886555764915,0.10938271880149841,0.09278005361557007,0.10314724742544391
2025-01-16,0.06506860716395887,0.0937750198041,0.10812080892666187,0.1093087207158072,0.09947317764509635,0.10088245579687502,0.0960221299996934,0.10283558070659637,0.07806198298931122,0.09924355096857736
2025-01-17,0.08254004179458113,0.065068607164,0.08590496830926411,0.08546388999967239,0.082215885493356,0.08886634578326813,0.08336378499546057,0.08742320537567139,0.07662977278232574,0.08426683610557405
2025-01-21,0.0413526009220165,0.0825400417946,0.09012176475746139,0.09064751798702672,0.08477995388455459,0.08992638773594394,0.08631253336115133,0.09054681658744812,0.07840775698423386,0.08724896161397429
2025-01-22,0.04863509701242057,0.041352600922,0.06231038897263033,0.0625850009865947,0.06304847677305468,0.07337452688568943,0.07853396130760885,0.072543203830719,0.07306086272001266,0.06935091735375852
2025-01-23,0.05456231226953271,0.0486350970124,0.06243991305664992,0.05892704701734732,0.06401854392121362,0.07420564398715987,0.07679031227211791,0.06783510744571686,0.07023550570011139,0.06777886762861669
2025-01-24,0.1247458066412142,0.0545623122696,0.06188915687197172,0.06300857704597654,0.06439177321268023,0.07473625697758056,0.07679031227211791,0.06845097243785858,0.06840075552463531,0.06823825776326012
2025-01-27,0.09320868035156596,0.124745806641,0.1005546094845787,0.0985060818134969,0.09932184265563673,0.11025500122698453,0.10786004610856682,0.10087481141090393,0.09321951866149902,0.1015131301945238
2025-01-28,0.13088374230582497,0.0932086803516,0.08648945024605278,0.08210918463232339,0.08572398503153336,0.09480784590052191,0.08619178445338142,0.0991487205028534,0.09150679409503937,0.08942539498024368
2025-01-29,0.13709022250964947,0.130883742306,0.11222625690038351,0.11238248038098012,0.10584453975504715,0.1102631977067174,0.1021868035031676,0.1149379163980484,0.10637044906616211,0.10917309195864376
2025-01-30,0.12093480296009582,0.13709022251,0.12291310961070229,0.12494417822387731,0.11244851632467806,0.11098968032720537,0.1144831164433818,0.1255461871623993,0.09850125014781952,0.1156894340342948
2025-01-31,0.17513849682376514,0.12093480296,0.12106802911645408,0.12527803004734106,0.11129342680714846,0.11026217224187973,0.10885242432001854,0.12241087853908539,0.08905839920043945,0.11260333718176667
2025-02-03,0.07877438037161574,0.175138496824,0.15124386274791524,0.1398696831983067,0.1374681360026542,0.135398714376004,0.1368427659110706,0.14542017877101898,0.1063842624425888,0.13608965763565123
2025-02-04,0.07414560800786517,0.0787743803717,0.10417632768818934,0.10357105081513562,0.09761118031421118,0.09950550120962105,0.11666427677576807,0.1097719669342041,0.09625125676393509,0.10393593721443779
2025-02-05,0.07384875307696129,0.0741456080079,0.0970744078232629,0.09647545448909237,0.09173619174685158,0.09280803069948149,0.08896675823696801,0.08988696336746216,0.07017205655574799,0.08958855184555235
2025-02-06,0.16541610602195905,0.0738487530769,0.09139353041056347,0.09300446234907539,0.08713154137558647,0.08870425463837438,0.08299548074120218,0.0842648595571518,0.06330426037311554,0.08439976992072418
2025-02-07,0.046334006881236595,0.165416106022,0.13880220073202945,0.1437707447403463,0.12575087278009384,0.12069081975132301,0.12334491568266075,0.12899698317050934,0.08575987815856934,0.12387377357364741
2025-02-10,0.053403035810054844,0.0463340068812,0.07090549735465203,0.07011911945910276,0.07161911941406077,0.0783450200881991,0.08038151420745823,0.08875459432601929,0.0823388323187828,0.07749481388118214
2025-02-11,0.09633274967680099,0.0534030358101,0.07210872055986121,0.07072899922473327,0.0732304603130239,0.0795973699601356,0.08038151420745823,0.07233020663261414,0.07829605042934418,0.0752390459038815
2025-02-12,0.07583637179217635,0.0963327496769,0.09443358878630818,0.0921705941964918,0.09176252947387079,0.09431993137991969,0.09189564089472059,0.08471940457820892,0.08287429064512253,0.09031085427923465
2025-02-13,0.04954922042339435,0.0758363717921,0.08491002277317068,0.08315293822149909,0.08289957193285764,0.08368265269574504,0.07918705276235931,0.08429649472236633,0.07345421612262726,0.08165470703294649
2025-02-14,0.06878276001625698,0.0495492204234,0.0623239518565008,0.06265253884064216,0.06591942646826546,0.0715272385560148,0.06988163556645328,0.06812624633312225,0.06991603970527649,0.06719243961803932
2025-02-18,0.0549598574799353,0.0687827600163,0.07343747785655391,0.07218837924530215,0.07498694318538504,0.07884334660549398,0.07451208672709853,0.0705651342868805,0.07436098158359528,0.07412776421290133
2025-02-19,0.07914685847614926,0.05495985748,0.06703568308612189,0.06467023175777464,0.06989649554513319,0.074902528785418,0.0719890231668186,0.067263662815094,0.072990283370018,0.06982112978948261
2025-02-20,0.08939898439968096,0.0791468584761,0.0770042806253119,0.07797551368899813,0.07824641096377898,0.08261494722758034,0.08335813372347062,0.07578487694263458,0.07938635349273682,0.0791957880949302
2025-02-21,0.11988269404540423,0.0893989843996,0.08305705183708573,0.08582807337242601,0.08671404877093228,0.0973495713684231,0.09541283465608401,0.08380821347236633,0.09882169216871262,0.09014164080657573
2025-02-24,0.15020848448403837,0.119882694045,0.10364772409071818,0.10592367430967417,0.10403778246097711,0.11325838369168204,0.11112402882141481,0.10066205263137817,0.10709364712238312,0.1065353275897468
2025-02-25,0.11221574055156255,0.150208484484,0.1251210667246283,0.12720266145767722,0.12096807924689884,0.1262301492945382,0.1250086951985293,0.12089401483535767,0.11040347069501877,0.12226116249323547
2025-02-26,0.17322956633535744,0.112215740552,0.11206404936493049,0.11313813290754379,0.10967771400481426,0.11673125952151156,0.11702483787634776,0.11075460910797119,0.10696826875209808,0.11233698164788816
2025-02-27,0.19513098334797577,0.173229566335,0.14925321761309265,0.15348001628139218,0.14219190003079865,0.1451970059272839,0.1416375170669621,0.13241177797317505,0.12773045897483826,0.1417002705525061
2025-02-28,0.19357166541165058,0.195130983348,0.16885748005096515,0.16449701410056516,0.15256001156338367,0.1447234645304759,0.13467788160417135,0.1545335054397583,0.12112098932266235,0.14871004951599742
2025-03-03,0.2094123164522278,0.193571665412,0.17453773097932876,0.1807578172409551,0.16263367161280035,0.16065395459614107,0.1583920629684719,0.16293632984161377,0.14836089313030243,0.1640389229099448
2025-03-04,0.20950445916762728,0.209412316452,0.18720360419289434,0.1908821787905547,0.17374280637600142,0.17024134982258868,0.16991009167478552,0.17226354777812958,0.16489411890506744,0.17559109964857453
2025-03-05,0.21247791467462213,0.209504459168,0.19572053669720957,0.19400264278381343,0.17667686312531833,0.1681294895382106,0.17715253686003757,0.17840954661369324,0.15264588594436646,0.17753392879466418
2025-03-06,0.24792572035898172,0.212477914675,0.20054963481244076,0.20431994969029538,0.18684845737408087,0.18252727296292415,0.19986341047682987,0.18309788405895233,0.1558152139186859,0.18757454618488703
2025-03-07,0.2051553790008344,0.247925720359,0.22190069718295086,0.22147365133653885,0.19846280863276544,0.18576134475322142,0.17681665995590126,0.20444853603839874,0.15053550899028778,0.19419988669858063
2025-03-10,0.270251643513219,0.205155379001,0.2025227917248596,0.2065105462354802,0.1922158779463878,0.19103135987506636,0.24758750113964764,0.1956360936164856,0.1943633109331131,0.20426678306729149
2025-03-11,0.17143299708225368,0.270251643513,0.23863946704243766,0.2398028050958316,0.220029968287643,0.21152301584137867,0.2795993529584695,0.2233671396970749,0.2149752825498581,0.23256243306752764
2025-03-12,0.18153768917795557,0.171432997082,0.1883754245227272,0.192807152871995,0.17400726617582998,0.17086191181955923,0.215579076675918,0.1899171620607376,0.19288887083530426,0.18920526642315302
2025-03-13,0.12650438396664837,0.181537689178,0.19037267211785397,0.1956328052625456,0.17747060777521506,0.17645888339830712,0.22535630724440445,0.17757228016853333,0.12530583143234253,0.18116705534274316
2025-03-14,0.12352575655471047,0.126504383967,0.15373861828028743,0.15140157207397686,0.14205558373862553,0.1533773087103626,0.16663677499644952,0.15460211038589478,0.1094529777765274,0.14732356370887487
2025-03-17,0.1305255553817596,0.123525756555,0.14512046325328365,0.14604343327960648,0.13344571629753776,0.14323581430981502,0.1385611180501787,0.14204874634742737,0.11490420997142792,0.13762278592989668
2025-03-18,0.146032296845806,0.130525555382,0.13611671559610208,0.1390345336452159,0.129737963948883,0.1440573450327972,0.15188093060131805,0.14014366269111633,0.141941100358963,0.14041603598205651
2025-03-19,0.14124009254104872,0.146032296846,0.1411832855942467,0.13638382300109345,0.13001132293077544,0.13743729503401372,0.13986812488962488,0.1479315459728241,0.15095193684101105,0.14053819060908418
2025-03-20,0.12242162953941595,0.141240092541,0.1353032859503201,0.13647483882204686,0.12493820433704012,0.13333554460392838,0.1367405582724637,0.14740900695323944,0.15552352368831635,0.13853213751819357
2025-03-21,0.07930924081650763,0.122421629539,0.12594144972114824,0.12311236639727513,0.11608839816806638,0.12325396650125031,0.12265497223407362,0.13658283650875092,0.12007181346416473,0.1239579718563899
2025-03-24,0.0611219614553329,0.0793092408166,0.10154642563513919,0.10110487891988842,0.09377783935643577,0.09915104608684795,0.10334790745736548,0.11057555675506592,0.09467995166778564,0.1005976579826469
2025-03-25,0.09798707149152688,0.0611219614554,0.08681290645975248,0.08713806965115672,0.08169008305122386,0.09143391766144095,0.09822202038437146,0.09032872319221497,0.08873594552278519,0.08919452370327795
2025-03-26,0.1346418025408751,0.0979870714915,0.10013767125407194,0.1028897723315669,0.09547334945971377,0.1061938054249763,0.10897094255296198,0.09921298921108246,0.10912279784679413,0.10314304686873821
2025-03-27,0.1238213582169296,0.134641802541,0.11700330329700638,0.11745909362292989,0.10979537233360008,0.1212154707343483,0.11468520648313216,0.12028302252292633,0.12205164134502411,0.1174990157627096
2025-03-28,0.1889324168613846,0.123821358217,0.11197095684622811,0.11590163578298174,0.11106096694135154,0.13165509923826546,0.13154660691418693,0.12370043992996216,0.1413317322731018,0.12388106256086825
2025-03-31,0.15317470388886803,0.188932416861,0.15257030801143526,0.14510991487225564,0.1424955001363361,0.15650516868040493,0.17190679604090256,0.1527848243713379,0.15743473172187805,0.15411532054779292
2025-04-01,0.16430630774146196,0.153174703889,0.14369263531103837,0.1422955280189427,0.13402097003399052,0.14799852072373446,0.16032575506038588,0.14972558617591858,0.15182267129421234,0.14712595237403184
2025-04-02,0.17264306775285243,0.164306307742,0.1548434193493015,0.1505249536148805,0.14177711575788138,0.14770421209815812,0.15724266437733786,0.1509866714477539,0.14433516561985016,0.14963060032359476
2025-04-03,0.45099889012866096,0.172643067753,0.16217974577018565,0.16768854289639196,0.16512175623366027,0.1935213984255833,0.24599847085809737,0.15532684326171875,0.2240922898054123,0.18770414960729281
2025-04-04,1.0191951795542598,0.450998890129,0.3231666918174433,0.3269472443939053,0.32959505830697144,0.36932042709258317,0.364444799938,0.28727754950523376,0.42573410272598267,0.34664083911144566
2025-04-07,0.4581043695258014,1.01919517955,0.6658263779681808,0.6358615633868017,0.6081705831604179,0.5814022902170128,0.3939246075598969,0.568892240524292,0.5206682682037354,0.5678208472886196
2025-04-08,0.7171486573498412,0.458104369526,0.42561621631994606,0.4318907959356827,0.4236544995919477,0.4363943211951852,0.4296461602941323,0.5501471757888794,0.5472080111503601,0.4635081686108761
2025-04-09,0.5422679128862042,0.71714865735,0.5970593645492933,0.5320729868930549,0.4898637434599026,0.41307756012577534,0.31490563005283007,0.6123573184013367,0.3818522095680237,0.4773126875786024
2025-04-10,0.30057074545622703,0.542267912886,0.5461845584478308,0.5508355352627072,0.47886508341544615,0.41997176096245703,0.3842378082299136,0.5819054245948792,0.43093886971473694,0.48470557723256735
2025-04-11,0.21402164457425327,0.300570745456,0.4178946738084891,0.4157292570257255,0.3632584146360479,0.3196438077359572,0.35173839121781486,0.43583911657333374,0.2753203213214874,0.3684891403312651
2025-04-14,0.1674388173342848,0.214021644575,0.2988977126552505,0.3109000445962254,0.2498028437855954,0.2327269535745497,0.23326976653767598,0.4207814037799835,0.18699093163013458,0.27619566522277356
2025-04-15,0.21016282912104128,0.167438817335,0.25234953451176,0.26135236152297053,0.21220087906249602,0.2030892023546126,0.21054416116529615,0.4705047607421875,0.16828645765781403,0.25404676528816245
2025-04-16,0.17719626599507113,0.210162829121,0.23267709116339777,0.23927834709070542,0.21284864213675558,0.22661170504240088,0.24150515693212155,0.514974057674408,0.2259315699338913,0.2705466528533829
2025-04-17,0.13887075720520717,0.177196265995,0.18688625699321737,0.18490867190958565,0.1740664465112058,0.19704657651598573,0.2036677891568463,0.5311042070388794,0.21800757944583893,0.2422410753673656
2025-04-21,0.17788173783631642,0.138870757205,0.15483006539873403,0.16071102618683653,0.16262296488322628,0.209627760571843,0.2499174051306135,0.49818912148475647,0.23399460315704346,0.2385561352590076
2025-04-22,0.20936196500389462,0.177881737836,0.17127654462339165,0.16714192515299126,0.16690143720476458,0.20429767162582024,0.24003615511700652,0.39317819476127625,0.21554313600063324,0.22262500921226908
2025-04-23,0.12473363337843567,0.209361965004,0.19028508065874938,0.19537102491359057,0.17524926526971873,0.20098461582547406,0.2041201844084964,0.3490425646305084,0.2020898461341858,0.21673465454867477
2025-04-24,0.1475307146146415,0.124733633378,0.1414078244914836,0.13358526638268048,0.12915847993379254,0.16199104284437474,0.17026014927659008,0.19399282336235046,0.16014568507671356,0.15579161019542648
2025-04-25,0.14287827776240167,0.147530714615,0.15033530591045302,0.14990663104228802,0.13201983929116032,0.1541727260389848,0.18410511448677294,0.15969859063625336,0.14143258333206177,0.15309582724828205
2025-04-28,0.13629390903713048,0.142878277762,0.14835380395660852,0.14999976429046163,0.13085747421229288,0.1527684893880822,0.18206112043645564,0.15496061742305756,0.15165868401527405,0.1529514219603189
2025-04-29,0.18056504715137978,0.136293909037,0.14173341714608934,0.13818659886172083,0.12362827694881376,0.1439813522455649,0.15602053139993452,0.15039470791816711,0.1531773805618286,0.14387460929744558
2025-04-30,0.1531886519015374,0.180565047151,0.1613838391079384,0.15363957939424416,0.1423390123421062,0.15945240599245628,0.1862975416604202,0.16420084238052368,0.1598668247461319,0.16102572080340297
2025-05-01,0.11158244982624284,0.153188651902,0.1500908955467621,0.15400506018997778,0.13017664918714458,0.15267919317599157,0.15859352376408883,0.16005678474903107,0.1512339860200882,0.15097658466186914
2025-05-02,0.08207401736071898,0.111582449826,0.12654354725704448,0.12555898719005096,0.10650613952117985,0.12085972042050036,0.12424128444213126,0.1409497708082199,0.11271496117115021,0.12248205868718243
2025-05-05,0.15159963907187643,0.0820740173607,0.10699139150771683,0.10538743326560955,0.09375184352931755,0.11789769708468101,0.12798843144886463,0.12147565931081772,0.12775744497776031,0.11446427158925251
2025-05-06,0.20547086565082653,0.151599639072,0.14272250492401806,0.14221141439410878,0.12635109445883813,0.1454266931770391,0.1525999160091112,0.14178813993930817,0.1632961481809616,0.14491370158334074
2025-05-07,0.13753102929753416,0.205470865651,0.17144038847092735,0.17116094657956243,0.1490579081592669,0.15608689631808242,0.1538943562814713,0.17044983804225922,0.19408734142780304,0.1665968107541961
2025-05-08,0.0990615254255657,0.137531029297,0.13638911531597853,0.13541911883865726,0.12250785617935984,0.12902578720431337,0.13891577745859604,0.15270952880382538,0.17323537170886993,0.14117179364422863
2025-05-09,0.1064404577529334,0.0990615254256,0.1162595599034609,0.12023567072116666,0.10728645433716408,0.1169044649796341,0.12703817390875197,0.12957365810871124,0.12786385416984558,0.12073740516124778
2025-05-12,0.0812188191824087,0.106440457753,0.12183253046348388,0.11996467120763425,0.1059391109163479,0.09858683727226757,0.1128422648709396,0.1255590319633484,0.09303347766399384,0.11110827490828791
2025-05-13,0.0917910648053306,0.0812188191824,0.10360229932607579,0.10112775158626294,0.09388741148018273,0.09427179871146482,0.10104310859847655,0.11121279001235962,0.09594492614269257,0.10015572655107356
2025-05-14,0.09036243533520995,0.0917910648053,0.09988218191744785,0.10156810082473927,0.09436866205922195,0.09638630899201812,0.09851422324861046,0.09102474898099899,0.09709131717681885,0.09697650617140793
2025-05-15,0.06808675038405637,0.0903624353352,0.09575416219748796,0.09284597741755285,0.09093419003434519,0.09039726030373409,0.09192261204386808,0.09312297403812408,0.1007247269153595,0.09367170042149596
2025-05-16,0.07697138878678753,0.0680867503841,0.08177195406079821,0.07814121804218226,0.0799644655051435,0.08029606477338606,0.08530881199122083,0.08613763004541397,0.10016342997550964,0.0845405106276649
2025-05-19,0.08798658603171736,0.0769713887868,0.08430289639604385,0.0781547963769494,0.08440073903480627,0.085518773053334,0.08486538739378308,0.0861094743013382,0.10869430005550385,0.08743519523025123
2025-05-20,0.1630422741809743,0.0879865860317,0.0905066007822121,0.09162042721235861,0.08954788216580059,0.09100883575332754,0.09192261204386808,0.0911923423409462,0.11313687264919281,0.0941336532782437
2025-05-21,0.10860070122506207,0.163042274181,0.1350584659001633,0.13981179571382862,0.12987523234971396,0.12838412377076927,0.12454152333456589,0.12532471120357513,0.14038823544979095,0.13191201253177245
2025-05-22,0.11047044770663149,0.108600701225,0.10754445540049355,0.10843253481241222,0.10696788189782523,0.10881330343321763,0.11118614480402297,0.1162026897072792,0.1305900663137436,0.11281958233842779
2025-05-23,0.05947830719330536,0.110470447707,0.11138384013676997,0.11049122601710243,0.11359141531993719,0.12116983397661303,0.12716209932747213,0.10884266346693039,0.1347285360097885,0.11819565917923051
2025-05-27,0.08926322564453963,0.0594783071934,0.08321657379438605,0.07647504726550051,0.0840983372739479,0.08487490025797648,0.08968690353737727,0.08371476083993912,0.10838368535041809,0.08720717261707792
2025-05-28,0.13344687249721965,0.0892632256446,0.09896747309868932,0.10248395383553477,0.09818721912564095,0.0929396660680313,0.09578301335527396,0.08692567050457001,0.10672587901353836,0.09743041071446837
2025-05-29,0.12507139317076787,0.133446872497,0.12021604193034138,0.1245870414796598,0.11529191757781224,0.10662026160692363,0.1055174351211896,0.10904570668935776,0.11616741120815277,0.1139208308019196
2025-05-30,0.09769724371326757,0.125071393171,0.1169297405164774,0.11714961357835524,0.11280157878161351,0.10738346280477254,0.1055174351211896,0.11649920791387558,0.11907266080379486,0.11362195707429697
2025-06-02,0.05867454342568675,0.0976972437133,0.10153349318270623,0.09967257269448274,0.10000417787627308,0.0930442593471637,0.09867412649132638,0.10506538301706314,0.10286782681941986,0.10012311991834788
2025-06-03,0.061089399413682244,0.0586745434256,0.08081202250887724,0.07779174130561722,0.08241316442302739,0.07529512840981516,0.08866226151520731,0.08251900970935822,0.0912567675113678,0.08267858505475291
2025-06-04,0.13990033948987543,0.0610893994137,0.08009029922958558,0.08180073892266115,0.08248256641495556,0.07629527035300655,0.08465142113381562,0.07475659251213074,0.0890481173992157,0.08130357228076728
2025-06-05,0.08585715453293337,0.13990033949,0.1221610732676662,0.12653288787109768,0.11733043085344601,0.1049178258184897,0.11311116535388831,0.10713504999876022,0.10540184378623962,0.11379861099279824
2025-06-06,0.04867724004193664,0.085857154533,0.0908785452115852,0.09293792963880196,0.09011866823162096,0.0822152387540459,0.08390026950220997,0.09942220896482468,0.09017378091812134,0.08994952017445858
2025-06-09,0.06537028034869669,0.0486772400419,0.06773450555976318,0.06739785990169395,0.07352074087000292,0.07530006001710272,0.08140969418937172,0.07610216736793518,0.09560336172580719,0.07672405566166811
2025-06-10,0.10276263562926556,0.0653702803487,0.07694291894000163,0.07638955268920451,0.08055733338043812,0.07535299618776267,0.0797622053193696,0.07349666953086853,0.09474062919616699,0.07960604360625888
2025-06-11,0.07339292669054423,0.102762635629,0.09955935627148672,0.10270392064604614,0.09906311346280572,0.0890288867209672,0.09929677256629758,0.0914607122540474,0.10230123996734619,0.09763057169842813
2025-06-12,0.1049352321507281,0.0733929266906,0.07942888696032685,0.07451492680279012,0.08415255124699916,0.08476136435860876,0.08429600789673766,0.0859348252415657,0.0926927775144577,0.083683048574498
2025-06-13,0.06210278231285938,0.104935232151,0.09730600694939678,0.09676295135004555,0.10264502130036247,0.11013991114646962,0.10860315595661342,0.09534284472465515,0.11676472425460815,0.10393780224030731
2025-06-16,0.08015301230426715,0.0621027823129,0.07568802984262668,0.073977972365963,0.08173165925366059,0.09142898960360006,0.08808497618622799,0.08200380206108093,0.10976267606019974,0.08609687219619414
2025-06-17,0.10956146252326135,0.0801530123043,0.08620337180735543,0.08712677470776586,0.09440226325017592,0.11062700078061848,0.10060053902461379,0.08325676620006561,0.1290886402130127,0.09875790799765825
2025-06-18,0.10931840787080463,0.109561462523,0.10217963062474222,0.10441548707674334,0.10563354088843321,0.11310667649852402,0.10913969381075211,0.09686632454395294,0.14925211668014526,0.11151335287475615
2025-06-20,0.11147495340071867,0.109318407871,0.10458178825878374,0.10880854562633507,0.10752223896192897,0.11332697805662716,0.10913969381075211,0.10337653756141663,0.15548448264598846,0.1146057521316903
2025-06-23,0.05138031130952011,0.111474953401,0.10619129015274195,0.09937920408212905,0.1065146981171951,0.10856639134647274,0.10611519184491643,0.1052996814250946,0.12988464534282684,0.10885015747305382
2025-06-24,0.051076697556987766,0.0513803113094,0.07374310466038603,0.07290923068287247,0.07792813011315619,0.08056194094972483,0.0860269819155691,0.0795305073261261,0.09215447306632996,0.08040776695916639
2025-07-03,0.07700047651976187,0.0374594834255,0.0633872671792587,0.06076838560923262,0.06959268368114616,0.07251652120107972,0.07805485672921611,0.05733036622405052,0.06870299577713013,0.06719329662873055
2025-07-07,0.07105975721643018,0.0770004765197,0.08188816219063119,0.08465063054830169,0.08774160449772761,0.0936748739637484,0.09133015167431778,0.0682390034198761,0.08000495284795761,0.0839327684489372
2025-07-08,0.05620069637505927,0.0710597572164,0.07610757969144803,0.07547389394130286,0.0819968510805585,0.08760615231703743,0.09027168417345154,0.07482728362083435,0.07966344058513641,0.08084955505853844
2025-07-09,0.04180919467249614,0.056200696375,0.06441346603489567,0.06476852085020024,0.07184801394676218,0.07849247299948892,0.07907572852728725,0.0708996057510376,0.07540443539619446,0.07212889192940948
2025-07-10,0.05994880385054234,0.0418091946725,0.05610071613056943,0.05452118419318443,0.06530470204048529,0.07255338672229564,0.0798931876628888,0.06318934261798859,0.07539849728345871,0.06670871666441013
2025-07-11,0.0608141063263878,0.0599488038506,0.067154232943156,0.0662383819472332,0.07509181579102697,0.08003955954798005,0.0830282731489231,0.06778717041015625,0.08609971404075623,0.07506273540417596
2025-07-14,0.07062773571383413,0.0608141063263,0.06645085930531612,0.06533566125044629,0.07631827738969472,0.09045356286501784,0.0910020267419719,0.07004216313362122,0.09404046833515167,0.07909185986017424
2025-07-15,0.12923712549177965,0.0706277357139,0.07159240758298507,0.07474910216834398,0.08115619247663061,0.09249043800190243,0.09133015167431778,0.07410299777984619,0.100847989320755,0.08375275414354015
2025-07-16,0.049957647365900644,0.129237125492,0.10756471350318769,0.11155573815542985,0.10832679361731595,0.10799960400315337,0.10856749757852531,0.10060000419616699,0.09727691113948822,0.10598446602760962
2025-07-17,0.04504643725782584,0.0499576473659,0.06635875871372846,0.06418092524595444,0.0741960623288876,0.08051919323142402,0.08063684378775071,0.07806108891963959,0.08459362387657166,0.07550664230056522
2025-07-18,0.0413826051431439,0.0450464372578,0.06270329334364451,0.06334121541290791,0.07139972932589135,0.07713062328534212,0.08063684378775071,0.06375633180141449,0.08409664034843445,0.07186638247219793
2025-07-21,0.06948485354192811,0.0413826051432,0.059416294110551486,0.05915732033480331,0.06921586677676403,0.07739023669965427,0.08063684378775071,0.05797278508543968,0.08599512279033661,0.06996920994075716
2025-07-22,0.05724161062438408,0.0694848535419,0.0741210628827576,0.07527311358197455,0.08093390054049086,0.08708025287391122,0.0830282731489231,0.06894749402999878,0.09200464189052582,0.08019839127836884
2025-07-23,0.04853587551305611,0.0572416106243,0.06262738943092579,0.060231770513452576,0.07120637274799752,0.07649768765546977,0.08223289413379868,0.06803594529628754,0.08389082551002502,0.07210326932685097
2025-07-24,0.030348879785758814,0.0485358755131,0.057828061261462546,0.057345608101901674,0.06708584824082064,0.07376572528727336,0.07153449429782624,0.06301340460777283,0.06309685111045837,0.06480999898678795
2025-07-25,0.039158529439838774,0.0303488797858,0.04718820185799422,0.045791318596514786,0.0582584587304356,0.06311907757703686,0.06145596755537059,0.054054658859968185,0.05328764766454697,0.054736475834552455
2025-07-28,0.054995729794186744,0.0391585294399,0.051638925106070245,0.052365345762998006,0.062047353341042964,0.0672339114648072,0.07591033065860184,0.054142314940690994,0.060160860419273376,0.06049986309906923
2025-07-29,0.09269046992072917,0.0549957297942,0.05892050758041999,0.05971347257046324,0.06914617548977742,0.07584590330994134,0.07864509389343444,0.06062110885977745,0.0738505870103836,0.06810612124488535
2025-07-30,0.10888780738567932,0.0926904699208,0.08117583003773324,0.08386530278470032,0.08693602759176275,0.08784669250756286,0.07929973621219766,0.07828912138938904,0.08788566291332245,0.08361405334809546
2025-07-31,0.11533641103775165,0.108887807386,0.09389800862733276,0.09800921039897395,0.09755166770830327,0.09889315959644812,0.0908753785927504,0.09304390847682953,0.0996205061674118,0.09598454850972139
2025-08-01,0.05885157004596224,0.115336411038,0.10322685110325908,0.10519426483826463,0.109491561890206,0.1209859619766356,0.10641760009869852,0.10169437527656555,0.11365821957588196,0.1086669763942159
2025-08-04,0.07684175918090631,0.058851570046,0.07495129569201486,0.07252999341571893,0.08144623222875065,0.09340921671222333,0.0800771784912606,0.08044293522834778,0.06604029983282089,0.07841387880016244
2025-08-05,0.08253770925657436,0.0768417591809,0.08595752688922123,0.08900078739891422,0.09114116869474582,0.09823871700527162,0.0872704055512991,0.07817430794239044,0.07442067563533783,0.08631479844531145
2025-08-06,0.10193102468414215,0.0825377092565,0.08824341283265345,0.08743493829131091,0.09098914181559155,0.09065869650817915,0.08589994419415557,0.08142715692520142,0.07624994218349457,0.0858433189643695
2025-08-07,0.0613177836002183,0.101931024684,0.09796617342451677,0.09983924057075157,0.09908479336311742,0.09668113036772066,0.10045551666586934,0.09187382459640503,0.08535313606262207,0.09589340215014326
2025-08-08,0.06800450940417996,0.0613177836003,0.07287066176104297,0.06973073056860045,0.07729732166029285,0.07484810283498322,0.07293545329780686,0.07865972816944122,0.06615732610225677,0.07321418919920349
2025-08-11,0.06639232798155222,0.0680045094043,0.07704354803883749,0.077697732510142,0.08155253295105083,0.08118490765621482,0.07801764548346578,0.07570993900299072,0.07367585599422455,0.07784030880527516
2025-08-12,0.05894595859065827,0.0663923279816,0.07547222592625324,0.07692653194967483,0.07849207208164581,0.07208283089280404,0.06345598668349475,0.07472044229507446,0.061198629438877106,0.07176410275254631
2025-08-13,0.062189678460239685,0.0589459585906,0.06991202662153248,0.07076245685624807,0.07374459741734882,0.0713803873338607,0.06781518811306238,0.07155928015708923,0.06462839245796204,0.06997176127958624
2025-08-14,0.06775176646450187,0.0621896784602,0.0688305742590424,0.06785147428073697,0.07358692089184755,0.0720889709688925,0.06611870982322936,0.07069207727909088,0.06689175218343735,0.06943721138375386
2025-08-15,0.05291869814517738,0.0677517664645,0.07214849418464352,0.07440154618548056,0.0769274280093993,0.0724509562815794,0.07214248211619931,0.07280892133712769,0.07025869190692902,0.07301978857447984
2025-08-18,0.07693148214659587,0.0529186981452,0.06330836300181188,0.06365133206081017,0.07005048850036737,0.06806059333835157,0.07845194821080174,0.06787644326686859,0.07163761556148529,0.06900525484864238
2025-08-19,0.10693730855758621,0.0769314821467,0.0766802653987367,0.07641743160217368,0.08138164271133234,0.07763681757219937,0.07136169002745615,0.07495978474617004,0.08157704770565033,0.0771449542519598
2025-08-20,0.09837414222208395,0.106937308558,0.09584495559615805,0.09869224982670885,0.09710159514140634,0.0917200368910421,0.08757327900141551,0.09153375029563904,0.09251666814088821,0.09356893355617975
2025-08-21,0.13601152501829541,0.0983741422221,0.0939021306679042,0.09431138332642189,0.0964658622290894,0.09695892400150702,0.0928363409433702,0.09501153230667114,0.10021033138036728,0.0956709292650473
2025-08-22,0.041332509219918406,0.136011525018,0.11847463870699831,0.09462875273675217,0.1109344105447711,0.09238857671835388,0.09357116198370068,0.11815394461154938,0.07425224035978317,0.10034338938027267
2025-08-25,0.05608235666044714,0.0413325092199,0.0679077780958422,0.06969280602417634,0.07075177219856171,0.06574814380811023,0.06628385576886181,0.08559567481279373,0.06680634617805481,0.0703980538409144
2025-08-26,0.04328414086222158,0.0560823566603,0.07422759995688641,0.0728606782391383,0.07566476843066453,0.06696895347565532,0.07492201188489904,0.07540260255336761,0.07721972465515137,0.07389519131368037
2025-08-27,0.05469081930199254,0.0432841408622,0.0630678016738697,0.06225395931710003,0.06765555020589713,0.06649171041414799,0.06608852750493277,0.06795626133680344,0.07734701037406921,0.06726583154668861
2025-08-28,0.07558094555406408,0.054690819302,0.06601585828616267,0.06634875699843767,0.06986426336834833,0.06473598991742656,0.06200772153551841,0.07113999128341675,0.0641210600733757,0.0663190916375266
2025-08-29,0.08339388647887805,0.0755809455541,0.07276490470833531,0.07417752714253464,0.07733729040710556,0.07678389871940516,0.0738275379056587,0.08068671822547913,0.07173743844032288,0.07533075936412022
