date,target,persistence,har,shar,har_rv_iv,har_x_lasso,hgb,lstm,lstm_x,combination
2022-10-07,0.2053911625740348,0.16004537155,0.15465028954612275,0.15387063137212947,0.15499425509128087,0.1811739797116575,0.16065108782875415,0.18021507561206818,0.18221472203731537,0.16682429159990406
2022-10-10,0.20422313290929997,0.204818138917,0.17256283246825282,0.17285726352741218,0.1728486681218931,0.20040631307840887,0.16065108782875415,0.1829821914434433,0.1809237003326416,0.1776045795429723
2022-10-11,0.20323519384257638,0.190487364783,0.17011544802146464,0.1706516300037692,0.17049919437672179,0.1888672330194334,0.16286443279806675,0.1846572756767273,0.17937712371349335,0.1752903339442395
2022-10-12,0.2034991408650405,0.172205243508,0.1630163668072665,0.16362465288301126,0.16350457462089601,0.18822773506351953,0.16065108782875415,0.1839761734008789,0.18205216526985168,0.17215039369631116
2022-10-13,0.19533649263621686,0.301046489396,0.21230613948753957,0.21131276024060025,0.21205002205585582,0.22411985639179785,0.18171834945826415,0.19859102368354797,0.19256941974163055,0.20466679586560518
2022-10-14,0.18649232735675858,0.299432320538,0.22005642544627196,0.21643066532600874,0.2196307644119781,0.2195629064870231,0.16510523531880103,0.21173307299613953,0.19143164157867432,0.20627867308069953
2022-10-17,0.18889165231905936,0.169466832096,0.1738904866150378,0.17428505321419166,0.1739312567594171,0.20208544871359765,0.16065108782875415,0.2069564014673233,0.18910063803195953,0.1829857675186116
2022-10-18,0.18472033384993544,0.212358224511,0.18959075109721116,0.18807037203968763,0.18937854360044998,0.21332616320270165,0.1680800163039149,0.2079181969165802,0.18541282415390015,0.1916824096163494
2022-10-19,0.1829281996700793,0.176343023448,0.17747890675800004,0.17689885216217244,0.177431729421634,0.2062970881225087,0.1737510066771527,0.20448552072048187,0.18407948315143585,0.18577465528762652
2022-10-20,0.18052243856139435,0.199325348505,0.17842488048770974,0.178580909462287,0.1783319492568378,0.20527705109365305,0.1737510066771527,0.20213839411735535,0.1848740577697754,0.18591117840925303
2022-10-21,0.1757573514203716,0.213652013516,0.17883293422049876,0.1796728913738863,0.17876670188387808,0.22017651011031303,0.18804422614739053,0.19982394576072693,0.1854996681213379,0.19011669680257595
2022-10-24,0.16984213441553306,0.221448542328,0.18469571563914006,0.18510513186931143,0.18456063530324582,0.21508272403913628,0.1737510066771527,0.20005512237548828,0.18272794783115387,0.1894254691049469
2022-10-25,0.169437907810734,0.132051873527,0.14959392561093815,0.14972442786287266,0.14973383486375988,0.1778843631963713,0.16065108782875415,0.1897307187318802,0.18375445902347565,0.16586754530257886
2022-10-26,0.16565937843894188,0.168870974825,0.16185587828532932,0.16222676695694543,0.16178958571829585,0.17158355727923047,0.1737510066771527,0.1860440969467163,0.18400561809539795,0.17160807285129545
2022-10-27,0.16167243931097522,0.187673550394,0.1677139535418254,0.1666521894499513,0.1675514930190404,0.17292098773061262,0.1737510066771527,0.18518276512622833,0.18249984085559845,0.17375317662862985
2022-10-28,0.162051338017978,0.109464676769,0.1350151583376839,0.13426679622075025,0.13516160824166956,0.15581125366932091,0.17726420196821727,0.17507432401180267,0.1856536716222763,0.1568924305816744
2022-10-31,0.16408635652025355,0.150188753629,0.14450681993114506,0.1441667734840652,0.14456728507805638,0.16858091619946508,0.17726420196821727,0.17084024846553802,0.1840953230857849,0.1620030811731817
2022-11-01,0.16347494962519046,0.158321349353,0.14915220644404853,0.14611632937042524,0.14915397217725337,0.15328996642097883,0.15828021407019768,0.1693425476551056,0.17970013618469238,0.15786219604610022
2022-11-02,0.1513530685242627,0.308059695022,0.20789275427144432,0.20724462831568208,0.2071820696294158,0.18458823035113597,0.18261839004910374,0.18634550273418427,0.1885918527841568,0.19492334687644616
2022-11-03,0.14783949599577156,0.183412364473,0.16525853535718654,0.16597328184208474,0.16497043418718849,0.15550817546586235,0.18383523293229467,0.18625785410404205,0.18584603071212769,0.1725213635143981
2022-11-04,0.13853339260508188,0.2702769426,0.20443295601931422,0.2050487982252939,0.20356735081578353,0.19101844063168,0.16924175971540442,0.1982216238975525,0.1870306432247162,0.19408022464710642
2022-11-07,0.13950562777406708,0.126554177814,0.15625522090611227,0.15626562417399253,0.15584375524640234,0.1607931836415032,0.16244285832834585,0.18574099242687225,0.18108713626861572,0.1654898244274063
2022-11-08,0.1367995526478554,0.178614656221,0.1746823105432294,0.17461193486386803,0.1740862043889096,0.15253831629832537,0.15749972982284707,0.18644188344478607,0.1766812652349472,0.17093452065670184
2022-11-09,0.13421320288393895,0.166829290479,0.16166110010721957,0.16139131248158786,0.1614088394773441,0.1549744054146477,0.16581547786433484,0.18305975198745728,0.17456720769405365,0.16612544214666355
2022-11-10,0.13032597690777292,0.178631264173,0.1653060036367323,0.16610265342031844,0.16468490567066302,0.16268465386110684,0.14918360518064158,0.1814783811569214,0.18165640532970428,0.1672995154651554
2022-11-11,0.13847987233710232,0.149205677683,0.1477121679283666,0.14841900714400247,0.1472293635132582,0.14044650620402618,0.15442341482587985,0.17567726969718933,0.17661431431770325,0.15578886337577513
2022-11-14,0.1505309586634808,0.136907317339,0.14523408656512019,0.14482536960469633,0.14493903085471735,0.14165004264884845,0.14918360518064158,0.17050760984420776,0.17307083308696747,0.1527729396835999
2022-11-15,0.14699729966666245,0.218249944769,0.17515244360937188,0.17567087920318986,0.17440765816381418,0.1536662498741897,0.15080993708088947,0.17462603747844696,0.17045168578624725,0.16782641302802134
2022-11-16,0.14924877067116954,0.111213620459,0.1364575296432157,0.13546518407259944,0.13635388940476864,0.14234673436301773,0.15830614646640614,0.1673639416694641,0.17174813151359558,0.14972022244758104
2022-11-17,0.14905388609978393,0.131379132109,0.1404332428924516,0.14107010256385372,0.14028865630083315,0.1576787228668966,0.15830614646640614,0.16341517865657806,0.17113487422466278,0.15318956056738317
2022-11-18,0.14850313145990748,0.146180405454,0.14528449905070046,0.14506814413016494,0.1450117473045321,0.16028553743757867,0.1569459203455904,0.1618553251028061,0.17118902504444122,0.15509145691654483
2022-11-21,0.14909586873184702,0.0999769659304,0.12813262537012662,0.12846831257495006,0.1281150504640826,0.1409869243934639,0.14282913464938055,0.15636806190013885,0.1669093370437622,0.14168706377084353
2022-11-22,0.151527857698235,0.0781616391448,0.112408820266568,0.11282969917551139,0.11259038202869459,0.11378415313848236,0.1510555023156824,0.14825090765953064,0.16260215640068054,0.1305030887121643
2022-11-23,0.15335659846294505,0.120655007735,0.1276125979245902,0.12843814292844477,0.12747506717355328,0.12994779986641655,0.15039861112629582,0.14632722735404968,0.16209907829761505,0.13889978923870933
2022-11-25,0.15491553082063658,0.0439059498229,0.09697348745965846,0.09721375193974924,0.09735371744917036,0.10392817601096171,0.1398309116611279,0.13722345232963562,0.16009020805358887,0.11894481498627031
2022-11-28,0.15648393739188185,0.0884040092142,0.10828348125695533,0.10728462199716396,0.10876505977928219,0.12463191498345963,0.14445546654962843,0.13372088968753815,0.15654033422470093,0.12624025263981836
2022-11-29,0.15541219947077384,0.120657964486,0.12066538509182913,0.12057201087175351,0.12095672770325908,0.12790541693425947,0.1515104255462626,0.13443541526794434,0.1552695780992508,0.13304499421636556
2022-11-30,0.15315891822041966,0.191034768596,0.1509162174829359,0.15106141705627915,0.15051020246379215,0.1531660789732933,0.15120540437057262,0.14306259155273438,0.15734124183654785,0.15103759339087933
2022-12-01,0.15564827968787706,0.144429607758,0.13713384341492507,0.1362742808494473,0.13689708085825048,0.14545373367568057,0.14957907247032473,0.14604254066944122,0.16131757199764252,0.14467116056224455
2022-12-02,0.15903368234861445,0.121483792454,0.1348895813728593,0.1355789231430199,0.13458487891092177,0.12558167027170206,0.14319882417132535,0.14760315418243408,0.16596224904060364,0.14105704015612372
2022-12-05,0.16054418999325137,0.107536808384,0.13264668175141547,0.13051584876397293,0.1325989803762702,0.15250074585994586,0.15120540437057262,0.14756587147712708,0.15869048237800598,0.14367485928247287
2022-12-06,0.16257901191499224,0.130706908002,0.1412484795003662,0.1394830960532002,0.14126870828547544,0.14751383839712243,0.14944971096007373,0.14955097436904907,0.15752196311950684,0.14657668152639913
2022-12-07,0.1614218162707259,0.14728430166,0.14438037450310312,0.14439618986823488,0.14453494474659676,0.15072138349843703,0.16440413239605334,0.14558933675289154,0.14924558997154236,0.14903885024812272
2022-12-08,0.16171925202122842,0.127284882532,0.13678479870905347,0.13736698085761423,0.13700051229971522,0.1605680269163077,0.15007564013862432,0.14471445977687836,0.15311847627162933,0.14566127070997467
2022-12-09,0.16102864981695028,0.114509400749,0.13255560476664072,0.13253064951545473,0.13299165907830043,0.15246318068358242,0.16440413239605334,0.14317643642425537,0.15452802181243896,0.14466424066810374
2022-12-12,0.1647312198111639,0.101559507386,0.12834422787221256,0.12891783689782194,0.12920000489558672,0.15397823922156864,0.16697053618783003,0.14106570184230804,0.15382233262062073,0.14318555421970694
2022-12-13,0.15588630876535758,0.261324405192,0.18810719416729904,0.1854427477570898,0.18694629222354875,0.171465446167892,0.1532483376715842,0.15188215672969818,0.16089537739753723,0.17114107887352129
2022-12-14,0.1426985757443248,0.303124392762,0.21125832549877357,0.20738074509531437,0.20916998271014423,0.17659823830078258,0.15153760002022806,0.1643628031015396,0.1692487746477127,0.18422235276778504
2022-12-15,0.14038641609640728,0.159857457904,0.16727294701170625,0.16519161125292792,0.16639001274491788,0.14663463800496154,0.15378026026443897,0.1639898419380188,0.16437503695487976,0.1610906211674073
2022-12-16,0.13839494176973377,0.162404579875,0.1716410574465068,0.17112561848354224,0.1707010822629497,0.14463266437820885,0.14920520700313145,0.16465876996517181,0.16519007086753845,0.16245063862957848
2022-12-19,0.1376117668042061,0.126647740051,0.16175840757476906,0.16080352795675218,0.16107422182979267,0.14556092207467658,0.1538411748262998,0.16298808157444,0.15696705877780914,0.1575704849449342
2022-12-20,0.13719147636990425,0.133892538514,0.15544449608985259,0.1555977338712205,0.15487446823452305,0.14630858900027782,0.15424890916085915,0.160427063703537,0.1519438475370407,0.1541207296567587
2022-12-21,0.1376670361294424,0.117045940238,0.13758603397135377,0.13823856033519452,0.1373398917658536,0.13914096540901824,0.14871342948394567,0.15480223298072815,0.15023383498191833,0.1437221355611446
2022-12-22,0.13669551141915523,0.14650128714,0.14589787133803714,0.14618940632362876,0.14575686129937676,0.14333537017221037,0.1495400695069106,0.15281090140342712,0.15400919318199158,0.1482199533179403
2022-12-23,0.13617881219313818,0.162068745275,0.1504213536165862,0.15149632293192672,0.1499923874959715,0.14657162821501707,0.1510158041626631,0.15259508788585663,0.15432602167129517,0.1509169437113309
2022-12-27,0.13624705979153753,0.109634920411,0.13247018400359672,0.13286969680629607,0.13267281012870538,0.14550660195106915,0.15424890916085915,0.14882639050483704,0.14977970719337463,0.14233918567839116
2022-12-28,0.13540114314028076,0.134430983266,0.13998398116946772,0.13789294914244232,0.14009782871660414,0.1594225109539999,0.1637849381295503,0.14797472953796387,0.13967806100845337,0.14697642837978306
2022-12-29,0.13598572474570264,0.0868254290518,0.1226391789156894,0.1230420818360492,0.12301183331636897,0.15766752950472193,0.15567406123803476,0.1438714861869812,0.13702908158302307,0.13756217894012407
2022-12-30,0.14103111206431154,0.147962951515,0.14224665045565507,0.1425815900038017,0.142145744976656,0.16029979153819995,0.15703652330606888,0.14533153176307678,0.1380576342344284,0.14681420946826954
2023-01-03,0.13840502680568506,0.192362416088,0.15856690559673298,0.15799133939476473,0.1582302489511028,0.17010357227814124,0.15818936749501267,0.14959175884723663,0.1415882408618927,0.15632306191784054
2023-01-04,0.1368236700141697,0.192691826531,0.1640332219872333,0.16411931172384348,0.16333991633685468,0.15130590502235125,0.1633959131086178,0.15382328629493713,0.14267122745513916,0.15752696884699668
2023-01-05,0.1348254892657364,0.147313904168,0.15017360051874767,0.15087228630776583,0.14988665801221462,0.1525436371161356,0.16723776898157014,0.15400581061840057,0.1489068567752838,0.1533752311900169
2023-01-06,0.13700941816342846,0.175760511684,0.16496942727734254,0.16545455500526812,0.16396191987239706,0.1482150573797477,0.1518466425690852,0.1574295610189438,0.15513862669467926,0.15814511283106622
2023-01-09,0.13813640950916453,0.117554609548,0.14442470157277537,0.14401684669653372,0.14405080346298174,0.14647280764583182,0.15501262118668147,0.1557125300168991,0.15393558144569397,0.14908941314677104
2023-01-10,0.1383675774386341,0.134980847348,0.14623071566653972,0.14665123353108264,0.1456233986738578,0.13214644532932918,0.1537637178252715,0.1543608009815216,0.15094168484210968,0.1471025709785303
2023-01-11,0.13917635047966734,0.0918243115886,0.12582143610343355,0.1260970626397286,0.1259450479136142,0.11042666901929293,0.1492454963640628,0.1485050618648529,0.15459005534648895,0.13437583275021056
2023-01-12,0.1343158423045264,0.188794747361,0.15929769297803437,0.15967906202885465,0.15793634797962175,0.12100239516127326,0.14719057883722053,0.15247714519500732,0.16120727360248566,0.15125578511178536
2023-01-13,0.13905115522868552,0.093476953466,0.12326584185746614,0.12371939439309884,0.12277560328375756,0.09967563489334827,0.13703457305058744,0.1467682272195816,0.15989069640636444,0.13044713872917205
2023-01-17,0.13979043208342695,0.0958831837486,0.12346081120520222,0.12390483792632817,0.1231989146014825,0.11372170302201479,0.1397264372020688,0.14252744615077972,0.15571630001068115,0.13175092144550818
2023-01-18,0.13989126981307448,0.108669753157,0.12682643664063767,0.12419296737169408,0.1267747870008344,0.13452135717352381,0.14995897898892033,0.1398649513721466,0.1562863290309906,0.13691797251124962
2023-01-19,0.1400116514144648,0.121310936475,0.13305978619884767,0.133265693984514,0.13289954316375635,0.11740024903556637,0.14642905556698413,0.13946031033992767,0.15870007872581482,0.13731638814505873
2023-01-20,0.13938702172905626,0.107239254129,0.12337405130500255,0.12393383788820356,0.12337913527524534,0.1390635511506378,0.151146883290777,0.13695956766605377,0.15996675193309784,0.13683196835843112
2023-01-23,0.13953246876927106,0.124506109115,0.13100103061967686,0.13178151790235665,0.13076711144346753,0.13357605533550912,0.15242538933016897,0.1370852291584015,0.1595155894756317,0.13945027475217317
2023-01-24,0.1390837153270533,0.128236877444,0.13439564652536853,0.1344432784421263,0.1340028303455583,0.11521328474978315,0.1465677274090825,0.1380678415298462,0.15639247000217438,0.1370118684291342
2023-01-25,0.13893470706555078,0.125956648291,0.13477608818424933,0.13553637560387108,0.13431996699661383,0.13162251222017352,0.1465677274090825,0.13891075551509857,0.15566182136535645,0.13962789247063503
2023-01-26,0.1365824943298972,0.152661079543,0.14540636657271638,0.14503799350854865,0.1445465523786462,0.14451683435506676,0.1465677274090825,0.14204277098178864,0.15752921998500824,0.1465210664558368
2023-01-27,0.13560774993333088,0.111401330401,0.13272551739812286,0.1331168055942758,0.13217593319365453,0.1406210828745195,0.1466696565633103,0.14104749262332916,0.15728813409805298,0.14052066033503788
2023-01-30,0.1357841165491443,0.115091540788,0.133248698957882,0.1335039979521746,0.13301140711606033,0.14221672228137708,0.16135977895675338,0.14059743285179138,0.15479333698749542,0.14267591072907632
2023-01-31,0.13588973624118195,0.104260530976,0.1283289226929715,0.12861386008639403,0.1280771048755866,0.13905882502916897,0.14959406421220714,0.13901302218437195,0.15117336809635162,0.13769416673957882
2023-02-01,0.12808325570076365,0.226371016179,0.17346976794580218,0.1743744800030685,0.17162052940651415,0.14486889794374114,0.134686835787854,0.1487540751695633,0.1647779494524002,0.15893607652984906
2023-02-02,0.1251858652265758,0.146945614083,0.14762780361768324,0.1483886098913963,0.14646747666695017,0.12917905398849897,0.134686835787854,0.14939895272254944,0.16188885271549225,0.14537679791291774
2023-02-03,0.12490444138850469,0.167302749123,0.1580340106543799,0.15851206568744916,0.15661974750587945,0.14938716252880707,0.13264286395352343,0.15229327976703644,0.16460531949996948,0.15315634994243496
2023-02-06,0.12547453064322975,0.101501230696,0.13650962631365438,0.13642976821354255,0.13593648252390653,0.15325097307105237,0.1458062041388461,0.14887356758117676,0.1618720293045044,0.14552552159238333
2023-02-07,0.12119324029606932,0.208227730554,0.177372795659792,0.17839547071038983,0.17542812441002806,0.14394180359341358,0.14528183647770027,0.15621012449264526,0.15544839203357697,0.16172550676822084
2023-02-08,0.12649797790899583,0.142586508915,0.15070145665049708,0.15017755717995396,0.14952338641906726,0.139880955204772,0.14849371588006377,0.1592211127281189,0.15791694819927216,0.15084501889453503
2023-02-09,0.13954915997556416,0.139864667046,0.14924835444300516,0.14684543252141735,0.14841324797820862,0.1544721252463975,0.15349737169741554,0.15770979225635529,0.16179242730140686,0.15313982163488662
2023-02-10,0.14214044539483617,0.114654154645,0.13784664624266962,0.13852059066589886,0.1374507262349026,0.14737616538349504,0.16070060777567505,0.15340785682201385,0.1625617891550064,0.14826634032566594
2023-02-13,0.1475871224748528,0.087908616273,0.12851009984433687,0.1290228809074785,0.1283428394134004,0.13915300258724125,0.150508143816365,0.1478263884782791,0.15749099850654602,0.14012205050766388
2023-02-14,0.14613864885325578,0.189530959568,0.15931281557008087,0.15852538727074075,0.15770978475856734,0.1423797417126591,0.14658510940696406,0.1526833474636078,0.1563984900712967,0.1533706680362738
2023-02-15,0.1488238667168731,0.116286494015,0.13430614485646752,0.13478611483146974,0.1335024703106193,0.13292914309775414,0.14418087503801608,0.14906486868858337,0.15703679621219635,0.14082948757644378
2023-02-16,0.14945484169113024,0.111361425439,0.13074802964895244,0.13093370778340532,0.1304570126663082,0.12327736993064779,0.15293292467377587,0.1458912342786789,0.15686333179473877,0.13872908725378674
2023-02-17,0.14838286464074213,0.124193162888,0.1353598379570711,0.13567484356390835,0.13483696484515312,0.1322425642286008,0.15293292467377587,0.1450466513633728,0.15799565613269806,0.14201277753779715
2023-02-21,0.15475005869573685,0.0885173588325,0.12431414556199545,0.12212914607757513,0.12496508096144207,0.16002053693229606,0.1587383385980389,0.1413913369178772,0.15575389564037323,0.141044640098514
2023-02-22,0.15643032285616748,0.127881583929,0.1324686184843063,0.1321364921400702,0.1327037714313026,0.15638123130297196,0.16477059628395493,0.14129771292209625,0.15488359332084656,0.14494885941222127
2023-02-23,0.15816820919187016,0.117554529183,0.12933163482771637,0.12916868597669423,0.12938040220825414,0.14111219314457146,0.15652748146169207,0.14044412970542908,0.15563881397247314,0.14022904875669007
2023-02-24,0.15759764068475138,0.122454519603,0.13165653444783335,0.1317305250623248,0.13180032128415947,0.13131710559615042,0.15841704981615506,0.14056164026260376,0.15663164854049683,0.14030211785853197
2023-02-27,0.15729615157821503,0.0984673993604,0.12249480595684689,0.12182512784064983,0.12289578987851438,0.1567623274742259,0.1546321874896211,0.13813072443008423,0.15509319305419922,0.13883345087487736
2023-02-28,0.15699363578050546,0.0826959623667,0.11749028567631203,0.11745780893031227,0.1180669321250422,0.12541483991282015,0.15049522377577604,0.13496942818164825,0.15345576405525208,0.13105004037959472
2023-03-01,0.155558871225978,0.119378459225,0.1284505050025605,0.12881784458032394,0.12871909533714398,0.13960133868051489,0.16066444517553713,0.13581964373588562,0.1547258496284485,0.13954267459148778
2023-03-02,0.15457924225445793,0.107111318736,0.12391648839895339,0.12496473475407978,0.12413773753543393,0.1272631484519246,0.16066444517553713,0.13524892926216125,0.15451942384243011,0.13581641534578862
2023-03-03,0.15424830641172307,0.0892700198578,0.11612565913377867,0.11700681271236127,0.11633483397378837,0.10087098881230741,0.13710788633990317,0.1328008472919464,0.15518634021282196,0.12506190978241533
2023-03-06,0.15479560975863235,0.0786308030744,0.11220090430946947,0.11205386423485761,0.11271801801037973,0.10982431069514711,0.14258782614581214,0.12971273064613342,0.15296615660190582,0.12458054437767219
2023-03-07,0.1518726088277027,0.162825676757,0.1440932110258063,0.1406636504227129,0.14366298823313073,0.13245438563173473,0.16066444517553713,0.13635481894016266,0.15254159271717072,0.1443478703066079
2023-03-08,0.15039503181426572,0.11532564947,0.1291018366242922,0.13010199943034909,0.12908695194519726,0.12559247196437442,0.16066444517553713,0.13666024804115295,0.1509009152650833,0.13744412406371234
2023-03-09,0.1479944001909518,0.145539013641,0.14099899585043696,0.1378231731159793,0.14128928361238352,0.15671730245979199,0.16477059628395493,0.14032717049121857,0.15405875444412231,0.14799789660826965
2023-03-10,0.140635552882962,0.218914567533,0.17245752581233673,0.17349549951673068,0.17179231330117375,0.17385497502053862,0.16807152437439132,0.15750493109226227,0.15121284127235413,0.16691280148425536
2023-03-13,0.12666372296511894,0.304103514316,0.21350912283787837,0.21574988330586845,0.21153110064817238,0.213285327908592,0.1794525680405602,0.1696757972240448,0.1589764505624771,0.19459717864679904
2023-03-14,0.12207990424551947,0.168743227087,0.17154592173693034,0.17199573335272045,0.17016744740564688,0.18187695239928073,0.149791973468102,0.17152445018291473,0.17293687164783478,0.16997705002763283
2023-03-15,0.11661046499014573,0.202155948183,0.18741300204020145,0.18857818804926404,0.18572909564264495,0.1934172809231643,0.1345891571359864,0.17597424983978271,0.17529726028442383,0.17728546198792397
2023-03-16,0.11187737512235438,0.164278574282,0.17647757253450552,0.17719906758437157,0.17431964787279008,0.17816289381371717,0.12282534301674086,0.17746783792972565,0.17614711821079254,0.16894278299466334
2023-03-17,0.10685316349437858,0.173652986223,0.17640814667468802,0.1756077471105025,0.17517564176646197,0.18045584417209448,0.1545739135160822,0.17848438024520874,0.17473569512367249,0.17363448122981578
2023-03-20,0.10387444083637515,0.127881591652,0.15009949328012456,0.1505804774566469,0.14966853975121,0.15303343281846543,0.15640842004952255,0.17468485236167908,0.1678832471370697,0.1574797804078169
2023-03-21,0.10321204566173273,0.0933764574384,0.13431046736077337,0.13428414076557657,0.13395061794871105,0.1405574103754464,0.1351830693004376,0.16908571124076843,0.16577601432800293,0.14473534733138807
2023-03-22,0.09363974824795718,0.219926241974,0.17448979494039485,0.17230300563611411,0.1728321351558817,0.15681685078093138,0.15762873653515183,0.1720934361219406,0.1712176501750946,0.16819737276364416
2023-03-23,0.0874345822788512,0.165329578726,0.15713585829547744,0.1563730530569923,0.15613563247462026,0.1364634260083098,0.14435944280830287,0.17131994664669037,0.1643688827753067,0.15516517743795707
2023-03-24,0.08239104010516435,0.159061414627,0.15402799351320579,0.15511893994111603,0.152875659598352,0.1361383953433388,0.1450782402334778,0.1703261137008667,0.16035005450248718,0.1534164852618349
2023-03-27,0.0811893758527161,0.105884948555,0.13600938893432132,0.13538238787562967,0.13538880669057662,0.1393776925196322,0.13926426841407,0.16643962264060974,0.15978138148784637,0.14452050693752655
2023-03-28,0.08059521084637226,0.0877618979229,0.13015548606330413,0.1290629361621825,0.12967783782223233,0.12980692605341743,0.13859134642179766,0.1628986895084381,0.15903489291667938,0.1398897307068645
2023-03-29,0.08288515204598951,0.0695844239131,0.11442087712523688,0.11476758941293494,0.11446993965871974,0.11188451982054343,0.1349509738409635,0.15756693482398987,0.15831373631954193,0.12948208157170432
2023-03-30,0.08303687810633056,0.0695269163622,0.10796176213244175,0.10789877499400372,0.10829297396169223,0.10514437689452061,0.14609513036235927,0.15271399915218353,0.15844812989234924,0.12665073534136434
2023-03-31,0.08445113157594988,0.071362516053,0.10282421317188878,0.10339691487181729,0.10343017865969308,0.1048492639487263,0.12955738341170903,0.1482681930065155,0.15495571494102478,0.12104026600162496
2023-04-03,0.08623723780090362,0.0763078779603,0.1025164959689736,0.10311358494065319,0.10308603412223122,0.09867152117757282,0.12350425204096094,0.14509838819503784,0.15356922149658203,0.11850849970600166
2023-04-04,0.08877615292198238,0.0986648841028,0.11018125749669785,0.10968493427609743,0.11051790393302809,0.09800932914710542,0.11626047282335354,0.14420577883720398,0.1536884903907776,0.12036402384346627
2023-04-05,0.08826814822955786,0.0876811254178,0.10793839436289704,0.10809120897153995,0.10837263344407926,0.09675488651936083,0.10946592751429114,0.14311283826828003,0.15383636951446533,0.11822460837070194
2023-04-06,0.08845309112819742,0.0626171490381,0.10017119805014289,0.10076578027058092,0.10085226746095867,0.09425692548272575,0.1139475267806244,0.14098191261291504,0.1523667722940445,0.1147631975645703
2023-04-10,0.08793568246782191,0.0783506174469,0.10574446494981406,0.10645208620593485,0.1063094651186974,0.10976309954013588,0.12874161524040248,0.1403358280658722,0.14952032268047333,0.12098098311447573
2023-04-11,0.09158041134059838,0.057618825582,0.09895274081895783,0.0988705019132901,0.09998422508823379,0.10076579050098422,0.12979443917749092,0.1310998797416687,0.1179637685418129,0.11106162082606263
2023-04-12,0.09031663984942088,0.118537281113,0.11971950787724725,0.11772827607948898,0.11990540569782607,0.11182645909061474,0.13303450328103655,0.13218654692173004,0.12584102153778076,0.1228916743551035
2023-04-13,0.0914220065422653,0.0673065160077,0.10363894285087928,0.1041852375505553,0.10434535659660436,0.09788442259389683,0.11331132686481572,0.13041067123413086,0.11970400810241699,0.11049713797047134
2023-04-14,0.08917241385953618,0.115980495786,0.12263150637006406,0.1215072197584382,0.12236292808201746,0.09497922057110605,0.10869472797614373,0.13130833208560944,0.1150776669383049,0.11665165739738341
2023-04-17,0.09007948903117512,0.0653982176222,0.10674681264780722,0.10697978787878576,0.10717573476893497,0.09859128260063166,0.10118433917138751,0.12964977324008942,0.11600244045257568,0.10947573868003031
2023-04-18,0.08997304736078243,0.0841275269962,0.11476376855371521,0.11401699276392,0.11482776415815418,0.10416808845284264,0.09586884755514029,0.12922303378582,0.11823467910289764,0.11301473919606998
2023-04-19,0.09213423574494771,0.0563206942425,0.10251330233174863,0.10290333803973314,0.10320846606404281,0.08616563083562263,0.09346843680896437,0.12699058651924133,0.111357182264328,0.10380099183766871
2023-04-20,0.09305509518349009,0.0764102606105,0.10962779991644403,0.10995580294438487,0.11021646292552326,0.10628062663793832,0.11463626780347541,0.126077339053154,0.11323413252830505,0.11286120454417499
2023-04-21,0.0929225341345661,0.0937909890999,0.11351799632942458,0.11354981848089755,0.11384730295566495,0.10165837256508423,0.10228514329200314,0.1258137971162796,0.11027595400810242,0.11156405496392234
2023-04-24,0.09475435707847107,0.0611420301826,0.10390125317826891,0.10385719935226576,0.10477264897778858,0.0978397012385022,0.10228514329200314,0.12405537068843842,0.10525576770305634,0.10599529777576047
2023-04-25,0.09512604916063319,0.0855193379369,0.11196833456544823,0.11006714240106753,0.11329212704673584,0.10964376094802578,0.11765149419689866,0.12354232370853424,0.10531000792980194,0.11306788439950176
2023-04-26,0.09602714834432605,0.0841645936667,0.11381443433557663,0.11303745075427293,0.11499193824906295,0.10626376839672257,0.12206489233818887,0.12310673296451569,0.10602567344903946,0.11418641292676844
2023-04-27,0.09623694551236338,0.0753889195268,0.1111759775824687,0.11157021707919841,0.1118540776803805,0.09748468130119652,0.10316436985198273,0.1224779337644577,0.10066100209951401,0.10834117990845693
2023-04-28,0.09539238675728164,0.112710074243,0.12391627538257594,0.12463551055918409,0.1237491396042446,0.08742534747719864,0.11111157767599743,0.12350833415985107,0.09995041787624359,0.11347094324789933
2023-05-01,0.09559577953865117,0.073230189908,0.11246103220558681,0.11220294540512563,0.11283748403705349,0.09753166777267742,0.09434766336894396,0.12302139401435852,0.09887343645095825,0.1073250890363863
2023-05-02,0.09487618251075873,0.100333888455,0.12172176030817135,0.1203609188503071,0.1220831790199616,0.10748579849490042,0.1167349302155687,0.1238633245229721,0.10344953835010529,0.11652849282314094
2023-05-03,0.09376389463647934,0.110567223802,0.12648780965751522,0.1244305027432247,0.1268198543599646,0.10880082355948224,0.12661222145921822,0.12519286572933197,0.10072673112154007,0.11986725837575385
2023-05-04,0.09155771135594425,0.138079637822,0.13896125702275164,0.13912659072615077,0.13902430561371698,0.13475179192554,0.13231579114386527,0.12783931195735931,0.10286781936883926,0.13069812396546046
2023-05-05,0.09136297016880963,0.076152831226,0.1173755357245494,0.11788716524037599,0.11759136381285551,0.10656935379013131,0.10932077618722821,0.12713263928890228,0.10195884108543396,0.11397652501849667
2023-05-08,0.09176783803386676,0.0678767814283,0.11454440346601502,0.11428801740540578,0.11489946402627674,0.1032212426175302,0.10316436985198273,0.1263575702905655,0.10240130126476288,0.11126805270321984
2023-05-09,0.09153051733265796,0.0649788626727,0.11123785294657894,0.11131500584061464,0.11196906317916772,0.1020750734110111,0.10228514329200314,0.12531934678554535,0.09894214570522308,0.10902051873716342
2023-05-10,0.08874737570268318,0.130613806147,0.13193520954098392,0.13155537889623764,0.1313321369119621,0.12341465318318545,0.110291407593621,0.12773065268993378,0.14453740417957306,0.128685263285071
2023-05-11,0.08700302551271652,0.0960400153765,0.11821845978919658,0.1184054651058882,0.11831813216630846,0.11454984201957771,0.09904038830473609,0.12749649584293365,0.1420145034790039,0.11972046952966352
2023-05-12,0.08600065558520353,0.0935350836537,0.11871930774453852,0.11855403110232679,0.11875112335337484,0.1177708061851205,0.10514210992268516,0.12739534676074982,0.14174599945545197,0.12115410350346394
2023-05-15,0.09024044694967773,0.0701422396459,0.11159444635975607,0.11167403239258522,0.11193296444313691,0.11347741506333076,0.09623081806907535,0.12679782509803772,0.1392470747232437,0.1158506537355951
2023-05-16,0.09046551165265358,0.0877007458941,0.11869467499141362,0.11872591159523344,0.11897552305534526,0.11332820162196666,0.10561319837146155,0.12693458795547485,0.14087195694446564,0.12044915064790872
2023-05-17,0.09099246696700558,0.0817005131632,0.11349869863791087,0.11397024184478789,0.11380140552077764,0.11316421227316109,0.10609987687581705,0.12654517590999603,0.14054623246192932,0.11823226336062569
2023-05-18,0.08937837749086744,0.106943684448,0.12194859982924586,0.12266387611774937,0.12155744350652967,0.1159683608150793,0.10849111795426254,0.12699668109416962,0.1386520266532898,0.1223254437100466
2023-05-19,0.08859617777661292,0.0970552839154,0.11891410848618778,0.11864341803908529,0.11879364517059333,0.10910310093612852,0.10189217172099423,0.12715837359428406,0.13913145661354065,0.11909089636583055
2023-05-22,0.08830104798220914,0.0909891666866,0.11834652804618497,0.11862156269580232,0.11831533465913727,0.11828420710930851,0.10057654665212641,0.1273103952407837,0.13853095471858978,0.11999793273170471
2023-05-23,0.08649591132367818,0.10468025314,0.12367282962172738,0.12251799728410182,0.12375099332733142,0.1276970889783924,0.12102235464214992,0.12788984179496765,0.14017973840236664,0.12667583486443387
2023-05-24,0.08560226976975085,0.0937852604402,0.12093511842905201,0.12119361565238547,0.12155119127113542,0.1269825869844397,0.12642136498414538,0.1281069964170456,0.1419733613729477,0.1267377478730216
2023-05-25,0.08359860325778178,0.103445089888,0.12361343939110664,0.1238452898917854,0.12366269680932378,0.125191591554926,0.124683247496575,0.12852565944194794,0.14436572790145874,0.12769823606958908
2023-05-26,0.08424499689262502,0.0808118487473,0.11552341263212153,0.11580733779888122,0.11565320069107579,0.11917865029286193,0.10848991926402911,0.1281401515007019,0.14325368404388428,0.12086376517479368
2023-05-30,0.08305285973061735,0.0964617748109,0.12064258626002228,0.120290109645599,0.12041211165367602,0.11739070894586562,0.11214623931244457,0.1283617466688156,0.14193159341812134,0.12302501370064921
2023-05-31,0.08280823805618376,0.0786029173462,0.11353078191258006,0.11342365223457904,0.11374279341323547,0.11544585874599216,0.11928180345922,0.1278248131275177,0.14004436135292053,0.12047058060657785
2023-06-01,0.08104348146380953,0.0847854053416,0.11479484110871548,0.11534940389806683,0.11452488442822234,0.11732700206976207,0.09186613926932664,0.1275894194841385,0.14090895652770996,0.11748009239799169
2023-06-02,0.07940879990229849,0.0884242472436,0.11498344224807662,0.11545237515140984,0.11453520931346174,0.11205796102730925,0.06933659605240156,0.1273769587278366,0.14118750393390656,0.11356143520777175
2023-06-05,0.07748502302450248,0.102372185574,0.12078745072359222,0.1201085442428684,0.12009182379157152,0.11249883394531074,0.08869189333963493,0.12770400941371918,0.13633616268634796,0.11803124544900642
2023-06-06,0.0775122961902799,0.071071708152,0.10970953617475054,0.11017557058854563,0.10952534967443807,0.10480516763941211,0.07363225305737955,0.12688080966472626,0.13251133263111115,0.10960571706148048
2023-06-07,0.07703806618408902,0.0785129086411,0.11200194359474674,0.1118168471160959,0.111672086621859,0.1102274818669893,0.08154884726494753,0.12652720510959625,0.13073256611824036,0.11207528252749643
2023-06-08,0.07811131113065048,0.0575216673566,0.10372278451191921,0.10409354851956173,0.10379128061828416,0.10165243662232315,0.07623813147610753,0.12557058036327362,0.13207028806209564,0.10673415002479501
2023-06-09,0.07748920814382401,0.0807678727331,0.10988273241377972,0.10978853140564002,0.10958820251369741,0.08893471527853669,0.07866142144489845,0.10837632417678833,0.08532698452472687,0.09865127310829536
2023-06-12,0.07745522201344775,0.0527798199393,0.09827410055700932,0.09873773179542912,0.09890696708415048,0.09485252729928373,0.08859370101342415,0.10658666491508484,0.08317463845014572,0.0955894758735039
2023-06-13,0.07716373781717471,0.0714641479428,0.1042051203261241,0.10464236343287184,0.10451304486219747,0.09873738491260044,0.08604028289487027,0.1060071587562561,0.07586508244276047,0.09714434823252581
2023-06-14,0.07125853911373037,0.143567647397,0.1306437986294794,0.13108786609247758,0.12940114983735063,0.10094557386723134,0.08408650760807829,0.1090070903301239,0.07874628901481628,0.10913118219707964
2023-06-15,0.06961711140210458,0.0924418845613,0.1170395847147854,0.11776214363144942,0.11650790437732418,0.09528548068572903,0.08055569682088365,0.1095026284456253,0.06839833408594131,0.10072168182310547
2023-06-16,0.06812493933152117,0.0931826111492,0.11807293911867607,0.11753871300058275,0.11738585780862418,0.09080888455609142,0.07425313036681254,0.1100836843252182,0.07018599659204483,0.09976131510972143
2023-06-20,0.06801424665143208,0.0729597376956,0.11320249777543334,0.11291800686525227,0.11289769067498187,0.09122335527447813,0.08168888779587322,0.1098916232585907,0.07023517787456512,0.09886531993131066
2023-06-21,0.0678701367816497,0.0805995258307,0.1163066660118402,0.11619846688583163,0.11572537382049375,0.08745524357439632,0.07847855753502668,0.1101229190826416,0.0671582743525505,0.09877792875182581
2023-06-22,0.0670005080202131,0.0847506222696,0.113717206093324,0.11436396068967196,0.11326633026291824,0.09341038602788385,0.0791568144763664,0.10982248187065125,0.06980710476636887,0.0990777548838835
2023-06-23,0.06628402523656209,0.0658162215385,0.10619422226504353,0.10647841826104128,0.10625819198548328,0.0885518164508179,0.07901040069602769,0.10861100256443024,0.07274297624826431,0.09540671835301547
2023-06-26,0.06834195353323755,0.0746056249237,0.10781868375105859,0.1075596132748119,0.10794425821394578,0.10003469686902373,0.08514239854891283,0.10784724354743958,0.07529627531766891,0.09880616707469447
2023-06-27,0.07041761802253184,0.0598449833925,0.10253432271436691,0.10301611174503725,0.10288318344165412,0.09850165939780084,0.0747858255423783,0.10658631473779678,0.06666141748428345,0.0935669764376168
2023-06-28,0.06992298687759269,0.0938557863345,0.1139996812876346,0.11455644209063727,0.1137016054102493,0.09524864732200708,0.09272126935296433,0.10706952214241028,0.07073669135570526,0.10114769413737258
2023-06-29,0.06988397891996706,0.0715303583633,0.10624654232100761,0.10665490059547439,0.10637121829169606,0.09163093624624344,0.08728710009138531,0.10632417351007462,0.0752253457903862,0.09710574526375251
2023-06-30,0.06919858022220976,0.0729820594845,0.10728883173560583,0.10748657957696883,0.1073000800641763,0.08544582167208045,0.08790887669434332,0.10595592856407166,0.07195565104484558,0.09619168133601315
2023-07-03,0.07094787341298653,0.0334101558341,0.09249700613000446,0.09276176166512191,0.0934496081783953,0.08106882008527168,0.08226527074431687,0.1037559062242508,0.07557675987482071,0.08876787612888311
2023-07-05,0.0725282078573676,0.0480706916708,0.0964267267466169,0.09671483981481377,0.0973604455431865,0.08024699139770497,0.07761935923577011,0.10263906419277191,0.0731482207775116,0.08916509252976798
2023-07-06,0.0753087087574068,0.0643557417333,0.09961273548004829,0.09983147688265848,0.10064830326849344,0.09231742597647309,0.0867853299684334,0.10210558772087097,0.07253220677375793,0.0934047237243908
2023-07-07,0.07557857379464315,0.0716935165748,0.1020441432125193,0.10222188469343338,0.10288786169162349,0.10084181971090132,0.0850877249794689,0.1019393652677536,0.07862662523984909,0.09623563211364987
2023-07-10,0.0763121944198273,0.0680083525596,0.10058503271651943,0.10090012300898236,0.10157627645313189,0.1024837915443002,0.08826407435373922,0.10165393352508545,0.08477002382278442,0.09717617934636327
2023-07-11,0.07675935473315237,0.082495582936,0.1083355520651057,0.10881209246336482,0.10882643049101955,0.09627040678047014,0.08339828793214363,0.10246625542640686,0.08972712606191635,0.0996908787457753
2023-07-12,0.08010004096955955,0.0670123776789,0.10399653420994802,0.10394933320631393,0.10436804952856757,0.08390895835850515,0.08016633018592494,0.09809526801109314,0.08564849942922592,0.09430471041851123
2023-07-13,0.08185301166226884,0.0517216028284,0.09854513538443557,0.09891800978658599,0.09925863244529354,0.07799823623212697,0.08936358530034282,0.09754791855812073,0.0875118225812912,0.09273476289831384
2023-07-14,0.08205429332178495,0.0645033006384,0.10197317329794157,0.10174307777955456,0.10246398433765717,0.08553080989576953,0.08415783348326086,0.09757788479328156,0.08970965445041656,0.09473663114826883
2023-07-17,0.08377215171951452,0.0469674950982,0.09524188392748628,0.09566313231655098,0.09621670475343763,0.06988612537736465,0.08108842419364364,0.09677410125732422,0.08825947344303131,0.08901854932411982
2023-07-18,0.08574470776109602,0.0607414264863,0.09844528073196679,0.09897812939239252,0.09935594874760831,0.07492063667143077,0.07584771106274177,0.09636993706226349,0.08424101769924164,0.08973695162394933
2023-07-19,0.08709966967943426,0.0660815205525,0.10016229050146515,0.10036039907891581,0.10108554627944114,0.09044228522529332,0.08188867659249746,0.09617169201374054,0.08616680651903152,0.09375395660148356
2023-07-20,0.08814920602820969,0.0707577662593,0.10299079592284122,0.10285776208011324,0.10376951975287986,0.09831879613896435,0.0813087362408464,0.09629073739051819,0.09303949773311615,0.09693940646561135
2023-07-21,0.08849788593851132,0.0780067668046,0.10611862141439099,0.10582630795787397,0.10663584972340373,0.06950023629300496,0.07945296784438963,0.09672421216964722,0.07816404104232788,0.09177460520643406
2023-07-24,0.08962788108815782,0.0686995833133,0.10474175181001537,0.10481710064862643,0.10532435477527372,0.07653992633531498,0.08168605300264288,0.09688282757997513,0.06735119968652725,0.09104903054833938
2023-07-25,0.09016313213537558,0.0482323281222,0.09772831785700042,0.0977772713173835,0.09876414692853124,0.08472384108838671,0.08066610594544542,0.09613175690174103,0.05677459388971329,0.08750943341831452
2023-07-26,0.09009710377021672,0.106696120384,0.11838504100468399,0.11894788551719959,0.11810257160183761,0.08954752432542293,0.09079793277269267,0.09799499809741974,0.04845757037401199,0.09746193195618122
2023-07-27,0.09421655018554649,0.0981315782866,0.11745031038468247,0.11540497623594725,0.11736463198531145,0.09244216746993127,0.07945296784438963,0.09924637526273727,0.04570615291595459,0.09529536887127912
2023-07-28,0.09397668340862216,0.0857388774869,0.11400332496117535,0.11459104227757301,0.11386541430943842,0.0830886797436941,0.0848865250814391,0.09982846677303314,0.04791667312383652,0.0940257323243128
2023-07-31,0.09453288634795617,0.0707252917946,0.10959095749393637,0.11006192260621331,0.10976181875210389,0.08594933938721,0.07959678411691697,0.09973611682653427,0.049999967217445374,0.0920995580571943
2023-08-01,0.09576157336564599,0.0576585978267,0.10623416710524244,0.10597707053642985,0.1066519467914218,0.0783387165581151,0.09344080983671618,0.09929458796977997,0.05193115025758743,0.09169549272218468
2023-08-02,0.09542834984551918,0.0791488502192,0.11102701349274297,0.11053246219357227,0.11165260709587746,0.08446284911414326,0.09066265600611818,0.0994592010974884,0.05781404674053192,0.09508726224863921
2023-08-03,0.09537841823851767,0.0840971786353,0.11138577914753063,0.1117727971252307,0.1120118794603385,0.09790132539016247,0.0965738139017326,0.09967779368162155,0.0630311518907547,0.09890779151391016
2023-08-04,0.09312971472392687,0.113021837571,0.12187746295889275,0.12025587836020551,0.12197039322013738,0.11202603056372122,0.10747891786202544,0.10115762799978256,0.0747268944978714,0.10849902935180518
2023-08-07,0.09354951097495058,0.0774277958066,0.11122634709058238,0.11161099477064547,0.11157669187785618,0.0921270047819828,0.09846185524845741,0.10107424110174179,0.07571934163570404,0.10025663950099573
2023-08-08,0.09362687102086024,0.08345759537,0.11476722983859296,0.11476980536098932,0.11499709523979165,0.10031898588519772,0.09493702485578288,0.10153316706418991,0.06864284723997116,0.10142373649778795
2023-08-09,0.09283779926251806,0.0907905235332,0.11771363236466749,0.11666694420558316,0.11787547907174906,0.11091969763267553,0.09619167560350803,0.10218583047389984,0.07718349993228912,0.10553382275491031
2023-08-10,0.08988785823727696,0.124479063589,0.12986157209410934,0.12938439589483472,0.12918457564130614,0.10893424925301805,0.09250451542749935,0.10515305399894714,0.08026543259620667,0.11075539927227449
2023-08-11,0.08890099876696775,0.0929354735888,0.1186109277944028,0.11916684229734309,0.11835382753574307,0.10564996146865727,0.10039208197377046,0.10459950566291809,0.08400304615497589,0.10725374184111582
2023-08-14,0.08937448342294796,0.069667051141,0.11079223114387175,0.11120471714020067,0.11085563756660739,0.08411362569764941,0.08322747061674676,0.10063060373067856,0.07781881093978882,0.09694901383364905
2023-08-15,0.08810349075868901,0.0904883361024,0.11760341820237795,0.11652649393893363,0.11767736635638207,0.09951411732277989,0.08358301220761286,0.10096556693315506,0.07929843664169312,0.10216691594327636
2023-08-16,0.08656917489637983,0.103496533774,0.12223542074289662,0.12209625624633041,0.12225323086563102,0.11218133349285984,0.10259396181336901,0.10334458202123642,0.08874134719371796,0.11049230462514877
2023-08-17,0.0849077712083152,0.0963582684174,0.11796689755280405,0.11776861543623625,0.11845790869902974,0.10957678491250983,0.09123310911104406,0.10328887403011322,0.08908183872699738,0.10676771835267637
2023-08-18,0.0837663627383522,0.0941763922323,0.1172462879592347,0.11772079569185924,0.11753224065882534,0.103420007121419,0.09122344370525388,0.10299248993396759,0.08348208665847778,0.10480247881843394
2023-08-21,0.084720584641368,0.085898281724,0.11570364766203582,0.11608362687814036,0.11592928079193948,0.12002541906292215,0.0982552067624609,0.10196700692176819,0.08530408143997192,0.10760975278846267
2023-08-22,0.08435523277512308,0.0945861462136,0.11859799502351515,0.11801331969164547,0.11866034227756928,0.10725696004075456,0.09158784284180853,0.10259361565113068,0.08181728422641754,0.10550390853612017
2023-08-23,0.08619678028959783,0.0659337346611,0.10719743104260965,0.10762683916561605,0.10760007669690075,0.099655254685903,0.0911568366026764,0.09813496470451355,0.07933080941438675,0.09867174461608659
2023-08-24,0.08658816374536418,0.10551831141,0.11982753052474657,0.11819407817159172,0.11987697929423975,0.10900275582068854,0.1018272492360929,0.1010427176952362,0.0790632888674736,0.10697637137286704
2023-08-25,0.08198517424810416,0.159920234179,0.14088021056746614,0.1419968091734699,0.13932200292806599,0.11616399114547625,0.09299944438792059,0.11227679252624512,0.08301841467618942,0.1180939522006905
2023-08-28,0.0848083688930096,0.0800199207742,0.1157927588311326,0.11577765630490339,0.11545081321276991,0.0984795280725065,0.0823688964827437,0.10818265378475189,0.07430830597877502,0.10148008752394043
2023-08-29,0.08789440226237391,0.0848758388002,0.11664850355823041,0.11697871459734567,0.11606254595558937,0.10104587844736365,0.07872514690610152,0.10575306415557861,0.06697623431682587,0.10031286970529074
2023-08-30,0.09031507310048528,0.0907445473806,0.12004774181126467,0.12036188443501356,0.11907860459809955,0.09887526023566384,0.06825200352032659,0.10545796155929565,0.06528612971305847,0.09962279798181747
2023-08-31,0.09402458394050144,0.0701901127459,0.11123899709318222,0.11069354321649852,0.11072981626159589,0.09266308947125433,0.08401457722067997,0.10153329372406006,0.06256362050771713,0.09620527678499831
2023-09-01,0.09617594755827676,0.0828991097341,0.10997660116243632,0.10873561045199942,0.10952771445603361,0.08798998476498175,0.08275293568298263,0.09896333515644073,0.06931066513061523,0.09532240668649854
2023-09-05,0.09976438294304435,0.0622258695746,0.10246792089373849,0.10234121062872752,0.10264754066781058,0.10004803437497564,0.08590713082045309,0.09409201145172119,0.07529547810554504,0.09468561813471021
2023-09-06,0.10112501012998515,0.0874115300427,0.11056409407196809,0.1099976631003818,0.11045439115388378,0.09646163298825194,0.08566192053570726,0.09456529468297958,0.07612885534763336,0.09769055026868655
2023-09-07,0.10352320885776291,0.0852598948424,0.10949208408245828,0.11020067656119706,0.10949936467848037,0.10743274117626199,0.08514874412342054,0.09462854266166687,0.08017441630363464,0.09951093851244568
2023-09-08,0.10463817791037457,0.071785131143,0.10547451754309221,0.10571299387351583,0.10555012364911942,0.0932551114342841,0.08733657250389827,0.09302188456058502,0.07870016247034073,0.09557876657640509
2023-09-11,0.105523038372255,0.0646174054731,0.10175226632509149,0.10172370571795517,0.10198508021787078,0.10561559695062825,0.08738053952392308,0.08296758681535721,0.09751001000404358,0.09699068365069566
2023-09-12,0.10607404840275494,0.0702265849949,0.10426896610368402,0.10432057129915566,0.1045170721536896,0.0841516831379125,0.08815645575848527,0.08252601325511932,0.10127328336238861,0.09560200643863358
2023-09-13,0.10689042673187342,0.0814010001605,0.1073790923084467,0.10742024224043442,0.10732385001289707,0.08257668228649084,0.08860338656598352,0.0840069055557251,0.09557602554559708,0.09612659778793924
2023-09-14,0.10980861812381758,0.0587460781864,0.09861902908695289,0.09911316665618011,0.09884646796831655,0.07883541998454957,0.08690733208983865,0.08081800490617752,0.09182596206665039,0.09070934039409509
2023-09-15,0.11061962954348564,0.0712984475927,0.10256200968145344,0.10135365186906863,0.10282777087553233,0.08685124656080098,0.08585616202054343,0.08087141811847687,0.09579329937696457,0.09373079407183431
2023-09-18,0.11237375502587958,0.0574645529713,0.09799486597204755,0.09812681883597332,0.09864701247793659,0.09642304262468411,0.08615007726445817,0.07860034704208374,0.0996818095445633,0.09366056768024954
2023-09-19,0.11528833452885509,0.0694704618219,0.10178423846989232,0.10195739208053453,0.10231061412703064,0.09725741470878017,0.0878406831417086,0.07913695275783539,0.10272358357906342,0.09614441126640645
2023-09-20,0.12023820076789074,0.103705194903,0.11385665337922797,0.1100474751004488,0.11395605554299129,0.10167630804240942,0.0985327998851441,0.08552763611078262,0.0971883237361908,0.10296932168531357
2023-09-21,0.12236049283647563,0.08746041151,0.11074747282183026,0.11091279098352694,0.11147741655432583,0.09968167338538278,0.10387355453104864,0.08752298355102539,0.09582709521055222,0.10286328386252744
2023-09-22,0.12412363937583687,0.104608459109,0.11826202413661457,0.11855732661441047,0.1185511747629128,0.11005136093072215,0.10494786673013089,0.0920882374048233,0.09876492619514465,0.1087461309678227
2023-09-25,0.12384591292421725,0.112045716479,0.12403949860316701,0.1249068192514401,0.12390572326788428,0.12026370333783891,0.1061783289895958,0.09722200036048889,0.1013873890042305,0.11398620897352078
2023-09-26,0.12449358505451115,0.096331271711,0.12101729691457469,0.1203841037753002,0.12157643484899455,0.12451490725383996,0.11399783832680652,0.09813262522220612,0.10598482936620712,0.11508686224398988
2023-09-27,0.12574733655786433,0.127639692551,0.13247665489732546,0.13279174497723634,0.13228566435467592,0.11577488888174695,0.11086240387700214,0.1039479523897171,0.10612717270851135,0.11918092601231647
2023-09-28,0.12532100665257204,0.13563260973,0.13795294931459212,0.1386074360651796,0.13710826996662465,0.11404917050118699,0.1111538656476031,0.10980868339538574,0.10361076146364212,0.12175587662203062
2023-09-29,0.12419146086289347,0.131505471221,0.13827912729818767,0.13768273639836826,0.13742770754680333,0.12318068537623358,0.1131843653611079,0.11312524974346161,0.1072903648018837,0.12431003378943516
2023-10-02,0.12260838406269613,0.1388764235,0.14215855663815874,0.14281954878944886,0.14113312270022307,0.11899492068329377,0.10160755504276374,0.11669746041297913,0.1079815924167633,0.12448467952623295
2023-10-03,0.12252661174799538,0.124359410457,0.13930686492087613,0.13719176449753967,0.1389439494837712,0.12234075553388493,0.11049039956017453,0.1168503612279892,0.10991153866052628,0.125005090554966
2023-10-04,0.11986896715579892,0.136519457826,0.14343795719519686,0.14379384396567368,0.14241126472986132,0.11933073273179257,0.11056849822427066,0.11894024908542633,0.10998298227787018,0.12692364688715593
2023-10-05,0.11853826426220691,0.115675505401,0.13539702184526073,0.13541182509285987,0.1346842339763846,0.1119106899906766,0.09545190158279981,0.11604152619838715,0.10591021180152893,0.11925820149827109
2023-10-06,0.11582224656447827,0.132573672859,0.14050819383615698,0.14138527966104136,0.13924314592541398,0.11620174781216752,0.09116965499949561,0.11696577072143555,0.10227657854557037,0.12110719592875448
2023-10-09,0.11462856319650701,0.100135251741,0.12777825599524975,0.12808444042726813,0.12721922898192745,0.12030563651508784,0.08329897839976559,0.11111012101173401,0.09622447937726974,0.1134315915297575
2023-10-10,0.11421155860907074,0.0898923770916,0.12170704579473535,0.12120078537743441,0.12121374905000758,0.11295776751193942,0.08907849354128561,0.11958064138889313,0.09135201573371887,0.11101292834257348
2023-10-11,0.11545147944292788,0.0859081352493,0.1169816681976765,0.11679304389916584,0.11657473765046437,0.10003449854669533,0.08743016430863212,0.1148049533367157,0.08865541219711304,0.1058963540194947
2023-10-12,0.11465064267635659,0.101376397928,0.12068004613566316,0.12054866939338256,0.12016333740690656,0.09636517921945482,0.09740303816844725,0.11300230026245117,0.08852191269397736,0.10809778332575469
2023-10-13,0.11189905972364737,0.129347813033,0.1289242174629912,0.12885378482414228,0.1284532747134891,0.12120435309732082,0.10655073781589927,0.11497332155704498,0.09707111120223999,0.1180044000961611
2023-10-16,0.11113555201769235,0.0940086962824,0.11741748316487643,0.11768954132885744,0.1170826310473725,0.11093375226243413,0.09549097701925184,0.11253871023654938,0.09026004374027252,0.10877330554280204
2023-10-17,0.10968167017964123,0.107314960709,0.12255742212289075,0.12319543439160616,0.12200689949068719,0.11371224016637657,0.11714732597970733,0.1128077507019043,0.09241488575935364,0.11483456551607514
2023-10-18,0.1067751435661259,0.13696886333,0.1348374589480417,0.13461794619313966,0.13403320548783337,0.11657809468908874,0.1360577710929461,0.11746849119663239,0.09679234027862549,0.12434075826947251
2023-10-19,0.09923738121295624,0.187715447432,0.1558576169210199,0.15513594627273272,0.15411607048548442,0.13359801880681452,0.14512385287532495,0.1284017711877823,0.10884851217269897,0.14015454124597967
2023-10-20,0.09558402418625196,0.135873082435,0.14010254758704271,0.13983605377906538,0.1393245652970209,0.117949679721848,0.13959352596373445,0.1303880512714386,0.11008575558662415,0.13104002560096775
2023-10-23,0.09120674451697966,0.141666051883,0.1448702685151293,0.14564803007930516,0.14361980606909003,0.12303963533902486,0.13495983016856936,0.13326385617256165,0.10482712090015411,0.13288979246340493
2023-10-24,0.09041267824861732,0.105394595687,0.1335032687293294,0.1336499749767813,0.13241105307076242,0.10974619819242273,0.1359203399862503,0.1307845413684845,0.10160002112388611,0.12537362820684525
2023-10-25,0.08730548437964776,0.112505146171,0.1340596866557031,0.13364156972841093,0.13344724871844574,0.11978150467903846,0.14652927290425824,0.12901104986667633,0.10281449556350708,0.12846926115943427
2023-10-26,0.08142899362835697,0.151262783525,0.1433822568244582,0.142643992524376,0.14249233574506176,0.12343486352204187,0.14467467808677917,0.1312277913093567,0.10819186270236969,0.13372111153063476
2023-10-27,0.07792801471679489,0.127076386554,0.13530204645141847,0.13493993141328253,0.13492350985788026,0.1295013304643576,0.14973028490597026,0.12977996468544006,0.11091629415750504,0.13215619456226488
2023-10-30,0.07578196186964416,0.106654292276,0.12674624741291302,0.12721571886711602,0.12643250155002853,0.11205590797742532,0.13886132439077764,0.1256628930568695,0.10368648171424866,0.12295158213848267
2023-10-31,0.07555057528888975,0.105270583353,0.12642030817850936,0.12712599280496634,0.12566429351316333,0.10658094846117369,0.12338735552766388,0.12257534265518188,0.09655915200710297,0.1183304847353945
2023-11-01,0.07296323113987072,0.122655259132,0.1325557294366982,0.1334251519904553,0.13109309388958332,0.11153956017789957,0.1129501746280017,0.12262377142906189,0.08336608111858368,0.11822193752432623
2023-11-02,0.07241530713525283,0.0714796130145,0.11156673811224578,0.11197112408628795,0.11095781644836811,0.09052560965042926,0.09380651762431874,0.11544251441955566,0.0729641318321228,0.10103349316761832
2023-11-03,0.07321932781725192,0.0819670025262,0.11201434909930709,0.11259059590665679,0.11130244204963376,0.09164782773350458,0.08306926116295835,0.11076423525810242,0.06999015808105469,0.09876840989874537
2023-11-06,0.07377009823146367,0.0648745369093,0.10412734475325759,0.10448830022074293,0.10389977310579049,0.095366101048777,0.08306926116295835,0.10493306815624237,0.06817571073770523,0.09486565131221057
2023-11-07,0.0737440853568759,0.0651941513298,0.1018181101668938,0.10220920040327182,0.1018059237949729,0.0809078970887066,0.08205361975882931,0.10027991235256195,0.06648612022399902,0.09079439768417649
2023-11-08,0.07438133551314469,0.0779529631698,0.10288084709175764,0.10291046163340722,0.10281755216108591,0.08714171835030576,0.0948064089276525,0.09833855926990509,0.07628889381885529,0.09502634875042422
2023-11-09,0.07101982466910631,0.115586553719,0.11738500036835509,0.11672980231701915,0.11668135315239661,0.09513664924347039,0.10276628169536733,0.10188460350036621,0.08386505395174026,0.10492124917553072
2023-11-10,0.0696671068614542,0.0800463305112,0.10626614296567441,0.10685696868200703,0.10584769003681191,0.08526441074279313,0.08638473642081763,0.100802943110466,0.0810270607471466,0.09606427895795952
2023-11-13,0.07278484484147563,0.0603330792853,0.10002334470488167,0.10050491364870948,0.10014027254656865,0.09110797507884545,0.0855938996767677,0.09796500205993652,0.08196698129177094,0.09390034128678292
2023-11-14,0.07401366889430952,0.072536704066,0.10453191299458342,0.10487986044906562,0.10420744862791682,0.08343152349331857,0.08683975936322999,0.09743058681488037,0.07753214985132217,0.09412189165633099
2023-11-15,0.07471834991204825,0.0690985938027,0.10297808388275244,0.1029099419243111,0.10278390107010564,0.07902152639366941,0.08045698585368774,0.0965716540813446,0.08278276771306992,0.09250069441699156
2023-11-16,0.07368268470775505,0.0744888061092,0.10203879415125071,0.1023656218055945,0.10190142601329977,0.09072922104119574,0.08178628335508399,0.095741406083107,0.09179626405239105,0.09519414521456039
2023-11-17,0.07338139486550715,0.0512517968451,0.09326871980843185,0.09352535657613992,0.09368049840268843,0.07320834512104478,0.06816061296686249,0.09210966527462006,0.08677844703197479,0.08581880645453747
2023-11-20,0.07599997523831623,0.0592849000404,0.09622126018877715,0.09674569595261141,0.09654659415813399,0.06923187295020147,0.07304493294530491,0.09033505618572235,0.08086756616830826,0.08614185407843708
2023-11-21,0.07864405879542001,0.053841676579,0.09362548038152627,0.09355685266454403,0.09419795162426514,0.08566520192806937,0.0680930089297428,0.08817481994628906,0.08352648466825485,0.08669140002038452
2023-11-22,0.07769033678536012,0.0898857374488,0.10640028845551683,0.10571083901455704,0.10623141705321254,0.07765248511586526,0.07155058628913281,0.09094144403934479,0.07835807651281357,0.09097787664006327
2023-11-24,0.0778322663740246,0.0325746438693,0.08613962238416284,0.08620438827742703,0.08711684466596481,0.077030533311372,0.06832888503193847,0.08615218102931976,0.07577618211507797,0.08096409097360899
2023-11-27,0.07862112196745757,0.0453600164401,0.08998707878531305,0.09031607775411793,0.09086723814986836,0.0714754252257075,0.06620577592898448,0.08408573269844055,0.06866300851106644,0.0802286195790712
2023-11-28,0.07799349432006467,0.0665762118279,0.09740112091181094,0.09803556727025223,0.09794032181824391,0.08620831607465425,0.06766929189188249,0.08499464392662048,0.06816481053829193,0.0857734389188223
2023-11-29,0.07794551083219842,0.0666923809007,0.09854633902994356,0.09779914164452494,0.09914513311076022,0.08280675170975538,0.07013118300674884,0.0859716534614563,0.06680862605571747,0.0858869754312724
2023-11-30,0.07658771381186645,0.101718007425,0.1102127873529094,0.11102209261589177,0.11017931777876336,0.09199970750618883,0.08500123288748235,0.09067170321941376,0.07183218002319336,0.09584557448340611
2023-12-01,0.076682056503513,0.0835160445808,0.10806558954656367,0.10874636485493683,0.10808542363422567,0.08274770581819996,0.07607696812261673,0.09313611686229706,0.06735887378454208,0.09203100608905457
2023-12-04,0.07712137707891088,0.0586221022166,0.10150214920235093,0.10131690502743967,0.10201192680409582,0.09463950259952049,0.0793982871522001,0.09242096543312073,0.07067707180976868,0.09170954400407091
2023-12-05,0.07757344360636029,0.0957995194769,0.11487613138047044,0.11540568452793055,0.11460324360431079,0.09956278765422866,0.07782066769258747,0.09637190401554108,0.07394452393054962,0.09894070611508836
2023-12-06,0.07737198642141974,0.0768687941082,0.10971012556181359,0.10838009515843648,0.10975219791271218,0.08342795736071701,0.0820473297131555,0.0972718596458435,0.07161398231983185,0.09460050681035859
2023-12-07,0.07799762148178341,0.064573173536,0.10341870088044086,0.10383789408623759,0.10385049462773391,0.08829486579651823,0.0767890306921249,0.09577138721942902,0.0740552544593811,0.09228823253740938
2023-12-08,0.07709930239448837,0.0897714674408,0.11095921541926355,0.11168587753817852,0.11077494674689516,0.09487231007429156,0.08884068260556383,0.09042225033044815,0.09020751714706421,0.09968039998024356
2023-12-11,0.08057679950445513,0.0556428997281,0.1002425656869704,0.10062984821335444,0.10074089178665471,0.09540558444882069,0.08750531276693028,0.08660715073347092,0.08685462921857834,0.09399799755068283
2023-12-12,0.08191887190308275,0.0491010280851,0.09537446475777944,0.09566256141071278,0.09610278386330764,0.07769341477158886,0.08530270159680592,0.08218510448932648,0.08962082117795944,0.0888488360096401
2023-12-13,0.0805920349880463,0.113871706404,0.11783317809512943,0.1180669813116209,0.11714190851152939,0.09490816388817352,0.0958258211928098,0.08994805812835693,0.08403217047452927,0.10253661165744989
2023-12-14,0.0796731213127042,0.0951301943304,0.11389719311246746,0.11375778916076677,0.1133281101113066,0.0910560789145734,0.08884068260556383,0.09285081923007965,0.07907143235206604,0.09897172935526054
2023-12-15,0.07953458487750144,0.0835200389341,0.10982708618813118,0.11001610986083188,0.10954193415005634,0.08011646971143664,0.08884068260556383,0.09271518886089325,0.07955559343099594,0.09580186640112986
2023-12-18,0.0802396931129084,0.0481768895945,0.09842870600450027,0.09863359351220974,0.09892966182831818,0.0814874927170703,0.08530270159680592,0.08706657588481903,0.07703163474798203,0.08955433804167222
2023-12-19,0.08123333554647304,0.0411856710497,0.09586502917518976,0.09611483668597554,0.09658345540374656,0.07741579474228416,0.08530270159680592,0.0823587104678154,0.07437007874250412,0.08685865811633163
2023-12-20,0.07839136170515575,0.108301472626,0.1161257662480616,0.11357201622288528,0.11587200819472196,0.08362005684832759,0.0936977683553943,0.08933382481336594,0.0779232382774353,0.09859209699431314
2023-12-21,0.07687527556476503,0.107171138075,0.11637941686955638,0.11688094989948408,0.11601921325335418,0.09429245976595274,0.09550458870561762,0.09392964839935303,0.08461017906665802,0.10251663656571086
2023-12-22,0.0772318927368646,0.0703445460772,0.10398694756214306,0.1041139521739437,0.10428325724203633,0.08603356147432104,0.08774977668432984,0.09097912907600403,0.08167225122451782,0.09411698220532796
2023-12-26,0.07798621921358927,0.0390467138719,0.09385786537869746,0.09397294317532592,0.09478234987048124,0.07586434902737618,0.08530270159680592,0.0841541439294815,0.07526647299528122,0.08617154656763562
2023-12-27,0.07780424150980973,0.0681860163967,0.10456695318522255,0.10481226081301326,0.10463518535330157,0.063849699191157,0.08705907429646409,0.08488777279853821,0.06682615727186203,0.08809101470136553
2023-12-28,0.0777026345901952,0.0486639810829,0.09451737382677977,0.09426392017975328,0.09529371436771479,0.07133511900062778,0.08530270159680592,0.08131289482116699,0.06481869518756866,0.08383491699720245
2023-12-29,0.08062890665094871,0.0655037497065,0.09698509759581954,0.09698098216239381,0.0976896926711211,0.08029197079538052,0.08705907429646409,0.08075656741857529,0.06405913829803467,0.08626036046254128
2024-01-02,0.08216167115519134,0.0770729086207,0.10098677495102255,0.10163989950027476,0.10158953058240168,0.09143287758850652,0.08851945011837165,0.08239825069904327,0.06954832375049591,0.09087358674144519
2024-01-03,0.08369391926153177,0.0853146367202,0.10669382059787905,0.10703041859327796,0.107072033079932,0.11132568568235394,0.09190538476217686,0.08570684492588043,0.07877494394779205,0.09835844736989892
2024-01-04,0.0844192923623611,0.0696814189008,0.10198990804326494,0.10231541729336562,0.10268679879815887,0.10169738354779083,0.08926733655786792,0.08546143770217896,0.07986268401145935,0.09475442370772665
2024-01-05,0.08301980698575372,0.103180072157,0.11584797528778051,0.116601885377095,0.11547020545325257,0.09648911687964068,0.09550458870561762,0.09152937680482864,0.0847083106637001,0.10230735131027359
2024-01-08,0.08273668411116679,0.0724796470359,0.10686340487646373,0.10719905721751027,0.10690781685964615,0.08849461376586115,0.08750531276693028,0.09075592458248138,0.07729547470808029,0.09500308639671047
2024-01-09,0.08159217076766961,0.0788098527782,0.1089389149037518,0.10947516273932655,0.10879219188102383,0.0886229624762272,0.087981891046639,0.09106570482254028,0.07196831703186035,0.095263592128767
2024-01-10,0.08054439665460063,0.0716453717793,0.10525058442380851,0.10540912483643455,0.10528901592179611,0.07439891953000569,0.06838807210872351,0.09848953783512115,0.06397533416748047,0.08874294126048143
2024-01-11,0.07747298163601063,0.120875201146,0.12383689520717414,0.12333985764824892,0.12259419001992786,0.10061031301496433,0.09208823024520878,0.10248619318008423,0.07729154080152512,0.10603531715959048
2024-01-12,0.07801133853300327,0.0836098739645,0.11084748851072647,0.11040278837693282,0.11038374078427428,0.09087995627869111,0.08849327467771159,0.10230182111263275,0.07761486619710922,0.09870341941972546
2024-01-16,0.07800812596528928,0.0918620195822,0.11453592474787715,0.11473479897152664,0.11403930253163604,0.10399613073864139,0.08731173222039375,0.10311146080493927,0.08249679207801819,0.10288944887043319
2024-01-17,0.07773648536222898,0.0771821686235,0.11002466781126724,0.11042740860991217,0.11001352360651916,0.08750874803262029,0.09845360581728975,0.10248249769210815,0.08904807269573212,0.10113693203792128
2024-01-18,0.07839257672808082,0.080699563035,0.1117844625038686,0.11195043751830186,0.11153089069286297,0.1022386972336625,0.09066815164231978,0.10238230228424072,0.09723320603370667,0.10396973541556616
2024-01-19,0.07993527963495993,0.0684604559916,0.10452150239785615,0.10499862975309884,0.10459069158019091,0.08755290179269619,0.08898880237983339,0.10062293708324432,0.09211510419845581,0.09762722416933937
2024-01-22,0.08034100317807366,0.071173274591,0.10443084747731773,0.10417256031656477,0.1044874088267573,0.08966765787395059,0.0872043164004609,0.09944459795951843,0.08756443858146667,0.0967102610622909
2024-01-23,0.08155853616524858,0.0469316042618,0.09386407653449849,0.09419216200877147,0.09447833672760479,0.07286913737768143,0.08461312902883131,0.09631843864917755,0.07892852276563644,0.08789482901317165
2024-01-24,0.08109972707336419,0.0808845059505,0.10475552914674435,0.10408643454094273,0.10483531072926017,0.08259339883699797,0.08849327467771159,0.09660771489143372,0.07913722097873688,0.09435841197168962
2024-01-25,0.08017275049360449,0.0781182288367,0.10384328807240117,0.10424131772141025,0.1040496206969129,0.07678895004961808,0.08898880237983339,0.0965462327003479,0.07853423058986664,0.09328463460148433
2024-01-26,0.07968289561659214,0.0631144486306,0.09886008792732984,0.09886097038476208,0.0993497023437663,0.07608433084606794,0.09298832365470389,0.09538032114505768,0.07768234610557556,0.09131515462960904
2024-01-29,0.07936320506091674,0.0636708303343,0.09842622532966652,0.09889355345563969,0.09901628388533351,0.08902442034143866,0.08731173222039375,0.09462453424930573,0.07285871356725693,0.09145078043557639
2024-01-30,0.08077021247233167,0.0451261674308,0.09264841209502912,0.09247929984206538,0.09356536143642068,0.07462232510140633,0.08510865673095311,0.09277728199958801,0.07626985758543015,0.08678159925584182
2024-01-31,0.07767957952475284,0.118408131902,0.11761441744262618,0.11603092449417422,0.11721496852592561,0.09317835521437251,0.10151149673660002,0.09732991456985474,0.07212254405021667,0.10214323157625285
2024-02-01,0.07496680692105433,0.105736205948,0.11537883360651455,0.1161763485407463,0.11483291723881484,0.09242326205027313,0.09090029312972449,0.1000169962644577,0.07168859988451004,0.100202464387863
2024-02-02,0.0734097110982889,0.112318108246,0.12058818241740635,0.12083170546665124,0.11955581752808117,0.09077581159953434,0.08971875067240664,0.10315348207950592,0.07489535212516785,0.10278844312696478
2024-02-05,0.0755118508924145,0.0861181802742,0.1139712537271497,0.11307125449865493,0.1132685857499071,0.08489401422662306,0.07866181720335538,0.10373686254024506,0.07195717841386795,0.09708013805140046
2024-02-06,0.07493970100914894,0.0756652317728,0.11276131235106385,0.11280283480058226,0.1119833246450454,0.08829433170608843,0.0763818035218611,0.10383132100105286,0.06941671669483185,0.0964959492457894
2024-02-07,0.07786553245450159,0.0653282534237,0.10613715838764787,0.10653211372520655,0.10584391151584155,0.0790067389591281,0.07866181720335538,0.10220466554164886,0.06912852078676224,0.09250213230279866
2024-02-08,0.0795879876272235,0.0475540217559,0.09680986857050089,0.09703351023978335,0.09715117515336079,0.08148163124111103,0.0747816715544751,0.0988992303609848,0.07107596099376678,0.08817614973056896
2024-02-09,0.08266892291482936,0.0395667390207,0.08905759594713683,0.0893322217059255,0.08998122814689591,0.069591535629351,0.08479630403236481,0.08420025557279587,0.07618597149848938,0.08330644464756562
2024-02-12,0.0825383899521453,0.0664735911895,0.09608111754487876,0.09540949497383996,0.09680641214746862,0.08217266606767053,0.08571546516417466,0.08277083933353424,0.07740473747253418,0.08805153324344299
2024-02-13,0.08356091449375361,0.0935330861419,0.10577102009919513,0.10642328723448416,0.10616679822044628,0.08021625236104132,0.08535620553873259,0.08545365929603577,0.0807969942688942,0.09288345957411849
2024-02-14,0.08299147672902561,0.0918047109723,0.10699044601592521,0.10737275612221622,0.10711773592837635,0.08331146616312997,0.08535620553873259,0.08791731297969818,0.07950399816036224,0.09393856012977723
2024-02-15,0.08279760528071087,0.0711944477497,0.10228770288684083,0.10266524844795219,0.10262834570986668,0.08850953025816072,0.08571546516417466,0.08782293647527695,0.0798831582069397,0.09278748387845881
2024-02-16,0.08128107262605974,0.0930782090263,0.1126101850418352,0.1116288214699421,0.11231992169067295,0.09226321737744886,0.11643980041166808,0.09149056673049927,0.08592285215854645,0.10323933784008756
2024-02-20,0.08307639567182244,0.0990764541344,0.11659457074671445,0.11589477112876236,0.11620959206818289,0.10040078977813353,0.1215681999645155,0.0953960120677948,0.08634622395038605,0.10748716567206994
2024-02-21,0.08228446907968963,0.0801948882669,0.1098034204612581,0.11027027652465968,0.10979488867567791,0.08397188758758828,0.09218536870276871,0.09551303833723068,0.08498622477054596,0.09807501500853276
2024-02-22,0.08147957989055908,0.0796370146572,0.10877615637878908,0.10922606252133842,0.10869898601596678,0.08472791998020571,0.09254462832821078,0.09512269496917725,0.08404205739498138,0.09759121508409563
2024-02-23,0.08044459422790819,0.0705343349862,0.1058207198782603,0.1050825056196925,0.10574909489053713,0.07638997299440509,0.08571546516417466,0.09366369247436523,0.08198483288288116,0.09348661198633088
2024-02-26,0.08004232975633781,0.0544338651359,0.09833342680048773,0.09779860180139,0.09880068860471267,0.069117262453598,0.08515556365780688,0.08982531726360321,0.07704632729291916,0.08801102683921681
2024-02-27,0.08069022812412764,0.0483632732636,0.09314938463679914,0.09343062626535628,0.09395232352749967,0.06770028384261392,0.08479630403236481,0.08538436889648438,0.07151646167039871,0.08427567898164527
2024-02-28,0.08054410714099548,0.054646302465,0.09340351940336894,0.0937543776148515,0.09427501099229159,0.07389871096774835,0.08515556365780688,0.08263081312179565,0.07404440641403198,0.08530891459598498
2024-02-29,0.08004345415865159,0.0822669921533,0.10205736479034158,0.10091077495566224,0.10243775532917371,0.08356835745089833,0.09218536870276871,0.0841720923781395,0.07652752101421356,0.0916941763744568
2024-03-01,0.08003623894242756,0.0611275109843,0.09481575426462446,0.09525648349175833,0.09553536635384272,0.07532159681272463,0.08741722857401801,0.08279597759246826,0.07869401574134827,0.08711948897582637
2024-03-04,0.08156909993678195,0.0498412641191,0.09128302579134946,0.09161216319948505,0.09239760340180676,0.08159619936185064,0.08685732706765023,0.0805094987154007,0.08119720220565796,0.08649328853474296
2024-03-05,0.08444654973782838,0.0881112470424,0.10588129117323285,0.10569201731601766,0.10631672085446242,0.08275989818903863,0.09218536870276871,0.08423347771167755,0.08184586465358734,0.09413066265725502
2024-03-06,0.08426990048443109,0.118281333053,0.11949117858360865,0.11828486920432593,0.11905616349408316,0.10085140263653661,0.09967277823053859,0.09171142429113388,0.08905375003814697,0.10544593806833912
2024-03-07,0.0843352669229565,0.0625901725849,0.10101735647412045,0.1012230214239063,0.10172008214197616,0.09158414627826741,0.09424639173805413,0.08991578966379166,0.09205549955368042,0.09596604103911378
2024-03-08,0.08447041309369287,0.116861072193,0.12141510493850842,0.12087175039862874,0.12085660585550095,0.10193082305358778,0.09967277823053859,0.09615390002727509,0.09614215791225433,0.1081490172023277
2024-03-11,0.08832735540658013,0.0892004720719,0.11541487769031653,0.11581472981006424,0.11521513627533794,0.10065085247784927,0.09424639173805413,0.09792539477348328,0.10120519995689392,0.1057817975317142
2024-03-12,0.08754995261482625,0.109833923289,0.12241108815758664,0.12304229274840672,0.12133971324497188,0.08228951509343822,0.08921659881113034,0.1013716384768486,0.09611904621124268,0.10511284182051786
2024-03-13,0.0896501580261224,0.0629751802342,0.10408197833529073,0.10367306978282585,0.104120478853441,0.08680286155754952,0.08621558440849601,0.0949440523982048,0.09005753695964813,0.09569936604220801
2024-03-14,0.0914871103826081,0.110973380237,0.12204265993733274,0.12147935755441322,0.12099178211672162,0.09455477798131376,0.09152873844361492,0.10002578794956207,0.09160473942756653,0.10603254905864642
2024-03-15,0.09657665046404705,0.0802274224191,0.1101005930872802,0.1103783428465176,0.10996618327975524,0.09525744153515055,0.0904617569490952,0.09711257368326187,0.09135216474533081,0.10066129373234164
2024-03-18,0.10100233656360193,0.0662847813006,0.10433370694140337,0.1037770051223571,0.10460133322398793,0.08360004498841227,0.0904617569490952,0.09272192418575287,0.08630017936229706,0.09511370725332939
2024-03-19,0.10403292610492854,0.0586353891693,0.09856240020357743,0.09888275855052836,0.0991344324788602,0.0678513681841746,0.0904617569490952,0.08796785771846771,0.08354823291301727,0.08948697242824581
2024-03-20,0.1043552358327627,0.126541351052,0.1237542015322039,0.12450408850161658,0.12247851568421514,0.08660176012787682,0.09001893830009267,0.09745492041110992,0.07469742000102997,0.10278712065116358
2024-03-21,0.1058354148385422,0.0606728367241,0.10010571800794744,0.09997962514187525,0.10031005586450882,0.06848169171588667,0.08621558440849601,0.09127702564001083,0.06952644884586334,0.08798516423208404
2024-03-22,0.10642075504333316,0.0597829736569,0.09852952139829933,0.09818451376770054,0.0988697055376507,0.07400376713246926,0.08621558440849601,0.08728460222482681,0.07097845524549484,0.08772373567356251
2024-03-25,0.10817445128348153,0.0381538889277,0.09009022133803622,0.09013747511919182,0.0910738068860697,0.07215926320446935,0.08411387369413814,0.08115226030349731,0.06837724149227142,0.08244344886252485
2024-03-26,0.11030080180357531,0.0400914421361,0.08955558134666292,0.08867110426808464,0.09061661596136522,0.07426193985405163,0.08411387369413814,0.07777763158082962,0.06742455065250397,0.08177447105109088
2024-03-27,0.11067706017411559,0.0672748972552,0.0939356853820193,0.09449203066726457,0.09468640884378546,0.07646046926466919,0.08545716454820149,0.07889504730701447,0.0725855678319931,0.08521605340642109
2024-03-28,0.1118300707933765,0.0499145696349,0.08782737987108713,0.08803715158381926,0.08903064281087432,0.06494147397751701,0.08411387369413814,0.07681173831224442,0.0721614882349968,0.08041767835495386
2024-04-01,0.11356250305660227,0.0712705165313,0.09515428469893228,0.09495600065171916,0.09603976810664833,0.07600184907540934,0.08544362080935812,0.07924550026655197,0.07419577240943909,0.08586239943115118
2024-04-02,0.11892483314820836,0.0609287895625,0.09356502537041161,0.09385478616869193,0.09476378889397256,0.06909358282539799,0.09283842239360451,0.07952746003866196,0.07803862541913986,0.0859545273014115
2024-04-03,0.12023775592790643,0.0876712070088,0.10495454799887005,0.10554881005859808,0.10535869830885257,0.08469710234900793,0.09126410787178092,0.08483060449361801,0.07872229069471359,0.09362516596792017
2024-04-04,0.1183712894524783,0.133399128618,0.12326035576935475,0.12000654116856595,0.1229232339963404,0.10180422296586239,0.10305094500972879,0.09646907448768616,0.08674556016921997,0.1077514190809655
2024-04-05,0.11608566368908817,0.115605352014,0.12207019702393845,0.12284818800555401,0.12151207373394662,0.09873642865749835,0.09664177628520117,0.10163988918066025,0.08938345313072205,0.10754742943107443
2024-04-08,0.11591854819660433,0.0644125237025,0.10595236471319042,0.10605152767014805,0.10626355441443405,0.09601860011988102,0.09126410787178092,0.09600549191236496,0.08578076958656311,0.09819091661262322
2024-04-09,0.1133769523166593,0.118893197705,0.12652223417737887,0.1268872672084982,0.12547645747718325,0.08866744106238861,0.09664177628520117,0.10267409682273865,0.08330060541629791,0.10716712549281238
2024-04-10,0.10929314409773212,0.148164151335,0.139547028041158,0.14010384034399284,0.13779879859775368,0.09368474149260297,0.09735402708805778,0.11248432844877243,0.09186308085918427,0.11611940641021742
2024-04-11,0.1081813726906515,0.0958760292749,0.12038572689783533,0.1207351168341853,0.11961615073366488,0.09228378751042642,0.08860374453910413,0.1092754602432251,0.08411426842212677,0.10500203645436686
2024-04-12,0.10595510499843298,0.108541064035,0.12382650238162554,0.12383939405435536,0.12345332754301172,0.11533143164072773,0.10060709615230037,0.10806773602962494,0.08960224688053131,0.11210396209745387
2024-04-15,0.10267023889965661,0.138933949394,0.13797778054570037,0.136137468648799,0.13716671360786625,0.11374716646351005,0.10378618595077142,0.11499051749706268,0.0969298779964447,0.12010510153002206
2024-04-16,0.09694621822223165,0.162901069151,0.1481687912418282,0.14818085990082797,0.1464361998475108,0.12473318224611647,0.10057955183954423,0.12438525259494781,0.09988649934530258,0.12748147671658258
2024-04-17,0.09272610821994935,0.150852730627,0.1443706814879622,0.1436650328634596,0.14278664625891674,0.1120957199344897,0.09633416690230855,0.12687203288078308,0.10511496663093567,0.1244627495655508
2024-04-18,0.08906894043085367,0.12840187319,0.1394055688008239,0.13934966236581425,0.13797122090683603,0.11787415937842234,0.10170901153097033,0.12410309910774231,0.1042717918753624,0.12352635913799594
2024-04-19,0.08486545648519378,0.131996930619,0.14183476106289072,0.14123487267851997,0.1403528047173359,0.10780534225216415,0.11019285163484105,0.1236361563205719,0.10366808623075485,0.1241035535567255
2024-04-22,0.08242508506363364,0.101067841924,0.12981135268574945,0.12995568941827637,0.12854665344630029,0.11160793304362482,0.10344760710885684,0.11621534824371338,0.09869930148124695,0.11689769791825258
2024-04-23,0.08243159887085802,0.0786326103353,0.1171186648622077,0.11746071244330186,0.11636787591980785,0.09069878421080307,0.09555921728132266,0.10623862594366074,0.09238150715827942,0.10511791254562618
2024-04-24,0.08271649471087154,0.096740633534,0.11892267674817798,0.1186894258119483,0.11809983193228683,0.09115963087031606,0.09657546213424464,0.1038612574338913,0.09068620204925537,0.10542778385430293
2024-04-25,0.08109292189466624,0.106597270421,0.12024585410479544,0.12096077748255565,0.1194479990128277,0.09122380544926417,0.10846156704102664,0.10464844852685928,0.08958645164966583,0.10779641475242782
2024-04-26,0.0807975753230333,0.0791956562977,0.10806821948762545,0.10851315679272752,0.10768724103735727,0.0772271704064937,0.09968974948285832,0.09935774654150009,0.08624444901943207,0.09811253325257063
2024-04-29,0.07977153814337065,0.0887641765806,0.1101152313818327,0.10901627011879593,0.109546379169496,0.08425683257260821,0.10090378758434748,0.09870348125696182,0.08145151287317276,0.0991419278510307
2024-04-30,0.0775488795458222,0.115236761626,0.12053136166539961,0.11740152026029377,0.11963483676210207,0.08907190816867203,0.1114800620318349,0.10458764433860779,0.082685187458992,0.10648464581227175
2024-05-01,0.07203926606918507,0.172894383985,0.14312437446625392,0.1434661919638725,0.14055761007855033,0.0953605419859409,0.11389915476174604,0.12039908766746521,0.07915879040956497,0.11942367876191341
2024-05-02,0.07063072381171837,0.119500137132,0.12728455702150784,0.12771158732803398,0.12543278342967765,0.09854993915729843,0.1113892541760446,0.118599072098732,0.0772111564874649,0.11231119281410848
2024-05-03,0.07124342730370038,0.0918850153909,0.11959374282187381,0.11937139622012274,0.11780421038797328,0.07675216281114586,0.10724162815429808,0.11235712468624115,0.07566410303115845,0.10411205258754476
2024-05-06,0.07206016246520652,0.0459467029474,0.10282331954526074,0.10285679993630156,0.1021531983931612,0.081212862541018,0.10061696514107296,0.09967775642871857,0.06845182180404663,0.09397038911279709
2024-05-07,0.07213566665953784,0.0577474826208,0.10279503774119644,0.10249304291844247,0.10218620318219612,0.07702513420704613,0.10197251819087418,0.09460744261741638,0.06680037826299667,0.09255425101716692
2024-05-08,0.07418715457804269,0.0435578462868,0.08974568507128382,0.09008807180151379,0.09008899815947394,0.06478179524169497,0.10139659595621192,0.08756591379642487,0.06774735450744629,0.08448777350486424
2024-05-09,0.07428943556487423,0.0534456207186,0.08857504975345198,0.08904102683777725,0.08905610625795804,0.07478914075024352,0.09747784811617247,0.08509230613708496,0.06319917738437653,0.08389009360529497
2024-05-10,0.07472921453563125,0.0641466448796,0.0903851384028621,0.09027294932417068,0.09086606312604587,0.08154360189727282,0.09321137135191868,0.08425313234329224,0.067127525806427,0.08537996889314135
2024-05-13,0.07757070702033005,0.0420705956659,0.08352117175763808,0.0832914521635162,0.08467037075933005,0.07694367181561017,0.0925312056201589,0.08003867417573929,0.07020767778158188,0.08160060343908208
2024-05-14,0.07788183657305907,0.0700800227197,0.09311298892375289,0.09374472300667391,0.09360466055640837,0.09181001894571994,0.09051885913052217,0.0820295661687851,0.07655686885118484,0.08876824079757817
2024-05-15,0.07890146303565909,0.0504180031347,0.08784128767080274,0.08831269556851834,0.08847595089192592,0.07146461292937575,0.08552908320939968,0.08089719712734222,0.08084043860435486,0.08333732371453137
2024-05-16,0.07859340296817971,0.0771190418516,0.09796560492697073,0.09728962464984281,0.09799759015569896,0.07739490611881905,0.08606450136527925,0.08453545719385147,0.0806657150387764,0.08884477134989124
2024-05-17,0.07859240899040745,0.0502502350204,0.08911759331825284,0.08921089730871784,0.08973085709121587,0.0748835845467744,0.08697209707844714,0.08259531110525131,0.08202770352363586,0.08493400628175647
2024-05-20,0.081117615315482,0.0454912117576,0.08818077979936743,0.08848228073826861,0.08899873515719348,0.08256008542193383,0.08552908320939968,0.08061502128839493,0.07856609672307968,0.08470458319109109
2024-05-21,0.08227115247775249,0.0405146452611,0.084980720650371,0.08535999934484818,0.08606184153235018,0.07376177400565444,0.08552908320939968,0.07785358279943466,0.07718657702207565,0.08153336836630483
2024-05-22,0.08313574685543156,0.078775872867,0.09875206159775357,0.09912039980218046,0.09908117348284377,0.07643362881874971,0.08606450136527925,0.08222144097089767,0.07707103341817856,0.08839203420798329
2024-05-23,0.08114653198511197,0.101719222757,0.1073922142709383,0.10636754449188032,0.10718603644951115,0.09660067703820144,0.09102929915384236,0.08902885764837265,0.08239972591400146,0.09714347928096397
2024-05-24,0.08093286658819394,0.0760124412747,0.10129315848676501,0.10169088027459344,0.10123120814595299,0.08178329176840297,0.08606450136527925,0.09023623168468475,0.08178392052650452,0.09201188460745471
2024-05-28,0.08095387862195363,0.0725800393114,0.10218740857215436,0.1025800421454152,0.10219759882861529,0.08851085832396192,0.08606450136527925,0.09092078357934952,0.08035483956336975,0.0932594331968779
2024-05-29,0.0825161595754771,0.0664780532001,0.10210764919542092,0.10238650832445463,0.1023638040174175,0.07558652528384749,0.09051885913052217,0.0909249410033226,0.0810457170009613,0.09213342913656379
2024-05-30,0.08390451614552343,0.0770483619044,0.10528657346953917,0.10525374040033603,0.10550113197040405,0.07504793075287554,0.09051885913052217,0.09225244075059891,0.07919391989707947,0.09329351376733648
2024-05-31,0.08113736498657077,0.112182163867,0.11681820145937255,0.11766850137332194,0.11604615009357075,0.09287677930366542,0.09548365691908528,0.09841424226760864,0.08348801732063293,0.10297079267675106
2024-06-03,0.07859429739716846,0.100300507838,0.11506088618822019,0.11518852812067747,0.11455444185275067,0.09684556360441983,0.16230748629312225,0.10095805674791336,0.0854291319847107,0.1129062992559735
2024-06-04,0.07626221432591476,0.101332712376,0.11738489392985843,0.11777915145532732,0.11674759416809762,0.08220941126306261,0.16148600563610724,0.10322479158639908,0.08535583317279816,0.11202681160166436
2024-06-05,0.07530420685388114,0.0675940988768,0.10716243328173303,0.1075118740485364,0.10702472359938617,0.08765861958355892,0.1579532091579703,0.09946928173303604,0.08385096490383148,0.10723301518686461
2024-06-06,0.0749208185588038,0.0596942789306,0.10350994836587576,0.1033585712704747,0.10359804000485813,0.08235510660309722,0.1561590733976731,0.09540612250566483,0.08241721242666245,0.10382915351061517
2024-06-07,0.07298988015761884,0.0905596790659,0.1114330297834656,0.11185504203867952,0.11097465700063389,0.07833959884202403,0.14179655102800082,0.09688040614128113,0.07615112513303757,0.10391862999530321
2024-06-10,0.07527122110694073,0.056350220491,0.09789017690319728,0.09822324777148542,0.09840158507281918,0.07995478838692352,0.1579532091579703,0.09187834709882736,0.07515841722488403,0.09992282451658673
2024-06-11,0.07555616218060549,0.0741015026107,0.10080122462598315,0.10132600721919854,0.101181458510279,0.09078735874935576,0.1530298901560391,0.08668166399002075,0.07368066906929016,0.10106975318859521
2024-06-12,0.07471215219307739,0.104201131244,0.11241142356878395,0.11184839320803311,0.11156950980425173,0.07798313455012269,0.14355224967263325,0.09246307611465454,0.07133887708187103,0.10302380914290718
2024-06-13,0.0744921265411262,0.0769863174333,0.10503334117999946,0.10541304997034959,0.10460847769753615,0.0754638197772577,0.14936700155431465,0.09172213822603226,0.07007569819688797,0.10024050380033968
2024-06-14,0.07470586920809609,0.0768052307122,0.10403834937466022,0.10456096328233401,0.1037996131850998,0.07563812188892238,0.14704004419315705,0.09090740978717804,0.07484300434589386,0.10011821515103504
2024-06-17,0.07972514071271346,0.0702030708451,0.10285409447905833,0.1034396900523651,0.10276679840586861,0.09941066130892437,0.1480911035397575,0.0896369144320488,0.07696462422609329,0.10330912663487371
2024-06-18,0.0831528399505222,0.0502175775635,0.09517434387495094,0.09534542526491652,0.09565808477353928,0.08880714500661444,0.14227143246445645,0.0849643126130104,0.07739897817373276,0.09708853173874583
2024-06-20,0.08354184953172607,0.102658493958,0.11110788986396622,0.11144292139820139,0.11066635596143737,0.0942196322313668,0.15321867712934018,0.09118125587701797,0.08448287844657898,0.10804565870112984
2024-06-21,0.08387205405020173,0.0748292176032,0.10226259923827802,0.10240612264962597,0.1023251436367314,0.08545784207799346,0.14178477643281642,0.09012579917907715,0.08490408957004547,0.10132376754065255
2024-06-24,0.08386550592330533,0.0959627298748,0.10988671014725081,0.11024484808520377,0.10944499592164517,0.0959827361322784,0.13752218984783318,0.09359647333621979,0.08533370494842529,0.10600166548840805
2024-06-25,0.08950913297408908,0.0590267099405,0.0977895537439474,0.09822824323309413,0.09810492851094968,0.08854758426458752,0.14178477643281642,0.0889742374420166,0.08481945842504501,0.09974982600749382
2024-06-26,0.09383329997906478,0.07106789211,0.10300398899530305,0.1035043881434427,0.10285957909829986,0.08526347007550035,0.14178477643281642,0.08874621987342834,0.08213691413402557,0.10104276239325947
2024-06-27,0.09521905503087058,0.0730704801634,0.10166142989721369,0.10225151989178305,0.10160612868241609,0.08337086791484845,0.14178477643281642,0.08830663561820984,0.0808534026145935,0.09997639443598301
2024-06-28,0.09642935290036722,0.0989062193564,0.11116454935813436,0.11102062854517727,0.11043213748892937,0.08359235057793775,0.1430202126341227,0.09305627644062042,0.08423841744661331,0.1052177960702193
2024-07-01,0.09724995484778366,0.103867829867,0.1130999067319064,0.11326359657209069,0.11206050355818924,0.09496697258080147,0.10782280823871324,0.09688910841941833,0.08821801841259003,0.10376013064481562
2024-07-02,0.10195316879982869,0.0547195157526,0.09769372070571247,0.09809100428725306,0.09764576038811672,0.06408794897845714,0.0851189364371212,0.09049542993307114,0.0786534994840622,0.08739804288768485
2024-07-03,0.10912221665908826,0.0391128519392,0.0909845066939119,0.09127101652041528,0.09155533278263953,0.07500284960455883,0.085500361284313,0.0832815170288086,0.07655200362205505,0.08487822679095745
2024-07-05,0.12835096758374281,0.0518113439187,0.09365606201063435,0.09387861852969125,0.09419189478117496,0.07594468135736672,0.085500361284313,0.08085928112268448,0.0768786147236824,0.08584421625850673
2024-07-08,0.13490579574492062,0.038983652458,0.08590652038890167,0.08579053271513798,0.08722674092410974,0.057853943406521904,0.08211300713190443,0.07612736523151398,0.07225071638822556,0.07818126088375932
2024-07-09,0.14070098452606636,0.0485172350124,0.08522956801483796,0.08522939810629793,0.08675889892908778,0.07430751606009758,0.085500361284313,0.07397035509347916,0.07054919749498367,0.08022075642615671
2024-07-10,0.14468019135842197,0.0469395362405,0.08426615597951936,0.08473635811194025,0.085961957481971,0.07469284409242781,0.08771895949773356,0.07253912836313248,0.06994359940290451,0.07997985756137557
2024-07-11,0.14614957588051358,0.101381773022,0.10520957158580513,0.10478334004029789,0.10538520832986287,0.08342778610065181,0.09032268608207249,0.0823177844285965,0.0767066478729248,0.0925932892057445
2024-07-12,0.14859568477863683,0.0799596644336,0.0999511100059292,0.10015623281871536,0.10019776138555475,0.07862612152591367,0.08556715923115908,0.09058500826358795,0.07988283038139343,0.0907094605160362
2024-07-15,0.1482027968648959,0.0905234148256,0.10660164636711779,0.10642383268732333,0.10647112239511004,0.08118357677343817,0.08415557112602248,0.09246475994586945,0.07986815273761749,0.09388123743321411
2024-07-16,0.1492591780066231,0.0723704976435,0.1026896876072849,0.10325132920285132,0.10284090203451497,0.08298299749076549,0.08556715923115908,0.09302078187465668,0.07990683615207672,0.09289424194190131
2024-07-17,0.14888245987079607,0.0810477204654,0.10763387393505588,0.10746617422951511,0.10773552610315401,0.07476797541801489,0.08678268731325878,0.09430654346942902,0.08293423801660538,0.09451814549786186
2024-07-18,0.14609872139527164,0.145623575269,0.13031188787125142,0.12982707272425265,0.12898801347975408,0.09472061909385951,0.09261691994699049,0.0991688072681427,0.08993065357208252,0.1093662819937619
2024-07-19,0.14466759449842526,0.119356761141,0.12466864029426174,0.1244407254630098,0.12384300069325203,0.09711242465334215,0.0859251859402722,0.10161903500556946,0.09801497310400009,0.10794628359338677
2024-07-22,0.14361641537061842,0.109089545054,0.12254562230500626,0.12280510585687142,0.1214163434665019,0.10737003189118803,0.09669921566779778,0.10314446687698364,0.10173746943473816,0.11081689364272675
2024-07-23,0.144196615858122,0.0822210993779,0.11496971201991359,0.11408802428046609,0.11436356355660036,0.10856908540557843,0.09061633094015963,0.10284832119941711,0.09957516193389893,0.10643288561943344
2024-07-24,0.14489040354399046,0.0958424739958,0.12009692062056568,0.11874020485987624,0.1201706559982929,0.10310075164709616,0.09692894619880695,0.10357159376144409,0.10410957038402557,0.10953123478144393
2024-07-25,0.14442121748359693,0.155022096259,0.13881365427455794,0.13835388348375546,0.13767540419910246,0.11878827537101772,0.09903312783672523,0.107302725315094,0.10819411277770996,0.1211658833225661
2024-07-26,0.14177054170873724,0.147307550967,0.13801031363520835,0.1374468467314427,0.13615096802364138,0.11654029428387144,0.10919793036702988,0.1099182665348053,0.11619557440280914,0.12335145628268687
2024-07-29,0.1406593518933327,0.104119548825,0.12423047924886023,0.12419051880436581,0.12339008413734219,0.09590177582968758,0.10083637176237603,0.10942763090133667,0.11471331119537354,0.11324145312562028
2024-07-30,0.14017288553551288,0.121051332431,0.13189737867422233,0.13103478290187415,0.13069864611356202,0.10218755704293217,0.10083637176237603,0.11061370372772217,0.11116176843643188,0.11691860123701725
2024-07-31,0.13975034355378022,0.118853405675,0.1326898898923754,0.13312488430208272,0.13092704776739106,0.10072649297962857,0.09954866396485995,0.1115669310092926,0.11312803626060486,0.11738742088231931
2024-08-01,0.1374812010858241,0.150562340986,0.14203579772516745,0.14076566880907584,0.14028153452534112,0.11738142636068452,0.10457548651744959,0.11386914551258087,0.10784243047237396,0.12382164141752476
2024-08-02,0.1340358131586301,0.182502645275,0.15383751605639562,0.15421819860460462,0.15266202696456346,0.13370842932541913,0.13807171098197574,0.11783996224403381,0.11431282758712769,0.13780723882344573
2024-08-05,0.11751518801774008,0.313969715564,0.20756590189280044,0.21006127242695385,0.20826057850068422,0.2114712291810639,0.3374853349313264,0.13091880083084106,0.149653822183609,0.2079167057067541
2024-08-06,0.11305830558023766,0.194312595893,0.175032123417314,0.1754599849721224,0.1727467727450514,0.20053880117198672,0.20744667324206706,0.1344379335641861,0.1784549504518509,0.17773103422351122
2024-08-07,0.11039882116836935,0.189459710321,0.17775865784051542,0.176030099275901,0.17550783857137686,0.176824176020514,0.15911403300607266,0.13796253502368927,0.19555804133415222,0.17125076872460307
2024-08-08,0.10694146581627727,0.161402370755,0.16944935491761456,0.170082975430061,0.16558434930766103,0.13893454411768358,0.17240290137127123,0.13907045125961304,0.1900077611207962,0.16364747678924293
2024-08-09,0.10543743867417303,0.138753089445,0.1592347374341792,0.15931493356148435,0.15495613430361332,0.12115968108896336,0.14802635992546534,0.13819624483585358,0.17398372292518616,0.15069597343924931
2024-08-12,0.104660038710247,0.146745040927,0.15035578797193178,0.14836212613448052,0.1469348309384137,0.11870527605437203,0.1338461166686753,0.1411447823047638,0.17019325494766235,0.14422031071718563
2024-08-13,0.10640253354392083,0.0758004575866,0.12061400299542668,0.12086356769656234,0.11858955659774559,0.11266284163080789,0.1131493725344308,0.12693572044372559,0.1492098569869995,0.12314641698367121
2024-08-14,0.10508589696605154,0.108795158727,0.12534494707449867,0.12461022622680486,0.12256516157109718,0.11062276321901635,0.10947365481261997,0.11917523294687271,0.13659808039665222,0.12119858089250883
2024-08-15,0.10573800109208988,0.0648853634491,0.10540859108054361,0.10577292068544697,0.10382651921254835,0.0953989946277437,0.10442011074053922,0.1077561303973198,0.12778636813163757,0.10719566212511132
2024-08-16,0.10702983583952466,0.0629449436677,0.0998162886171998,0.100224358515739,0.09872625497296217,0.09101951580295994,0.10442011074053922,0.09884444624185562,0.12072566896677017,0.101968091979718
2024-08-19,0.11266166156580684,0.0742121487844,0.09868133244168616,0.09933095605471928,0.09777728667962729,0.09392971475417494,0.10442011074053922,0.09310663491487503,0.11247354745864868,0.0999599404348958
2024-08-20,0.11340223701533228,0.0744091931478,0.09879267405476161,0.09891006719585345,0.09820128622057228,0.09656036517732924,0.10497194688089535,0.08972541242837906,0.10072536766529083,0.09826958851758312
2024-08-21,0.11242872698147391,0.101326618736,0.10661249244587645,0.106155158159469,0.10562670336900695,0.10311280028259398,0.10630408106091836,0.09048998355865479,0.09742731600999832,0.10224693355521684
2024-08-22,0.1103940763116373,0.115748197048,0.11433835353010993,0.11314466830043461,0.11298293793855092,0.10854504529270378,0.1138786821817948,0.09389512985944748,0.09926532208919525,0.10800716274174811
2024-08-23,0.10666978649491711,0.145537932357,0.1288619683751659,0.12931384064534576,0.1257172700592229,0.10954927823121206,0.10931990860019217,0.10114066302776337,0.10013113915920258,0.11486200972830067
2024-08-26,0.10594280540982288,0.0759531549557,0.10779229827367075,0.10664585240968819,0.10630122847950718,0.09897183529615025,0.10784307228655773,0.09904960542917252,0.1021319180727005,0.10410511574963531
2024-08-27,0.1060888636132483,0.0651949599238,0.10412569081644503,0.10450194896759045,0.10290552273107847,0.09379353588548037,0.10497194688089535,0.09615328162908554,0.08925481140613556,0.09938667690238726
2024-08-28,0.1042935466540936,0.108556441235,0.11795230350451319,0.1178053159314745,0.11613836149352276,0.10641392595556974,0.11163551852027188,0.09854136407375336,0.09071280062198639,0.10845708430015598
2024-08-29,0.10325070443068948,0.107899334593,0.11726872032587021,0.11666510937883036,0.11524725295770638,0.09969049864922258,0.11163551852027188,0.0998760387301445,0.09225541353225708,0.107519793156329
2024-08-30,0.1048881927423044,0.0972542195683,0.11084016547976142,0.11137335797154604,0.10903107479229766,0.08809017301276925,0.10497194688089535,0.09874200075864792,0.08902634680271149,0.10172500938551846
2024-09-03,0.10447254693999951,0.116885008583,0.11972338859583581,0.11793571163603102,0.11883740413340096,0.10546112345136076,0.1162411283767495,0.10065656900405884,0.09765423089265823,0.11092993658429931
2024-09-04,0.10545583264119629,0.106327826143,0.11945515119204927,0.11952266050244222,0.11879792077628927,0.11093478316662851,0.11285565216658604,0.10156857222318649,0.10162334144115448,0.11210829735261947
2024-09-05,0.10467778065959937,0.127188705808,0.127719500250965,0.12795908079859197,0.12655942893787425,0.12430065522094288,0.10582999972581056,0.1043848767876625,0.10964111238718033,0.11805637915843249
2024-09-06,0.10061858883443954,0.153019888196,0.1388164030305295,0.13608269620218483,0.13776323670649526,0.11734737815549715,0.13859387660135555,0.10980642586946487,0.1107298880815506,0.12701998637815398
2024-09-09,0.09905896257692991,0.101345205079,0.12344999171457366,0.12360949117626893,0.1229257328184457,0.1180632666927866,0.10545798672148904,0.1082393005490303,0.10897236317396164,0.11581687612093654
2024-09-10,0.0969083759840046,0.112002336843,0.1265654239278558,0.1260671075904341,0.1257075594706207,0.11475016137539042,0.10472264809987177,0.10803057998418808,0.10720430314540863,0.1161496833705385
2024-09-11,0.09348174033240074,0.134551781254,0.13527731124110431,0.13592867841571027,0.1331341615497032,0.11343242684139086,0.1061969190683802,0.11968296021223068,0.11921165883541107,0.12326630230913295
2024-09-12,0.09089225262547738,0.116055993584,0.12897120663371403,0.12938854896751556,0.12693500734028706,0.11606510169693568,0.1137341323460803,0.11932145804166794,0.11875878274440765,0.12188203396722974
2024-09-13,0.0901006729915665,0.0773877580177,0.11214870358607908,0.1123533871856171,0.11136650211491735,0.09549703663501939,0.09591900990861409,0.11645843833684921,0.11337131261825562,0.10815919862647884
2024-09-16,0.08971418889717277,0.084244716152,0.11320024442501288,0.11347378799898075,0.11259029233000868,0.10154603025663309,0.09591900990861409,0.11457935720682144,0.11234202980995178,0.10909296456228897
2024-09-17,0.08801036576715268,0.0986617682585,0.11663924288442004,0.11632651382959908,0.11582626748211539,0.10710539272700896,0.09904221292039753,0.11378038674592972,0.10516005754470825,0.11055429630488271
2024-09-18,0.08084221325387128,0.177454196323,0.14325516081130218,0.14409260973393145,0.140362244530126,0.11630734827996786,0.1030379469370735,0.11758246272802353,0.11349038779735565,0.12544688011682575
2024-09-19,0.07900233128983472,0.0951445892549,0.11659763646027985,0.11697115874451347,0.11499704182189803,0.10655641277472694,0.09442992388388571,0.11617880314588547,0.11205242574214935,0.11111191465333412
2024-09-20,0.07857089801572335,0.0751682164679,0.1103285834546475,0.11039301706236011,0.10911066144990335,0.10428401019140149,0.09591900990861409,0.1143561378121376,0.10403747856616974,0.10691841406360483
2024-09-23,0.07825369072124586,0.0622651365892,0.10504870523911622,0.10527049921492673,0.10426479066041514,0.10260926602042744,0.09591900990861409,0.11224623769521713,0.09742371737957001,0.10325460373118382
2024-09-24,0.07931782476100564,0.0648437070531,0.1037704289505914,0.10399759983270178,0.10307025884523126,0.09087035881511674,0.09442992388388571,0.1103905513882637,0.09715993702411652,0.1005270083914153
2024-09-25,0.08050481137383529,0.0502295705697,0.09122088026668854,0.09141123984571412,0.09195653179953997,0.09039264655141288,0.09257665290411184,0.10678539425134659,0.10242253541946411,0.095252268719754
2024-09-26,0.08160522100372254,0.0700052216414,0.0956464637562864,0.09559146324105679,0.09622965117353117,0.08714616885132792,0.09257665290411184,0.10491170734167099,0.10274958610534668,0.09640738476761881
2024-09-27,0.08160697081027576,0.0620704087585,0.0923640056390287,0.09249774599990539,0.09358344737423174,0.09291617923615703,0.09184068239015031,0.10312982648611069,0.0990186482667923,0.09505007648462516
2024-09-30,0.08126498092236532,0.0842443608335,0.10067583140201952,0.10125853352968475,0.1012759934607785,0.09654650687093505,0.09184068239015031,0.10308540612459183,0.09962157905101776,0.09918636183273967
2024-10-01,0.07793227741282042,0.128901933505,0.11850485839202612,0.11889814584834665,0.1184351109725797,0.11149445044422396,0.10628610775189871,0.1057838425040245,0.10827460885047913,0.11252530353765411
2024-10-02,0.07859133323383184,0.108787347915,0.11615433538341033,0.11677459316757821,0.11604301762555047,0.1142572991549545,0.10609545845579112,0.10730702430009842,0.11342355608940125,0.11286504059668348
2024-10-03,0.07739319602566365,0.125061655453,0.12473374456564493,0.12478564343644503,0.12424793587169287,0.11690263870991466,0.11361435836351709,0.10990100353956223,0.11694295704364777,0.1187326116472035
2024-10-04,0.07587028883999586,0.112887441845,0.12432262097776198,0.12434349725042665,0.12309061497370449,0.10609119295397988,0.1105614399661511,0.11175928264856339,0.11528067290782928,0.11649276023977383
2024-10-07,0.07604689459268406,0.0769090498121,0.11296834792675703,0.11238975941659518,0.11396996655268365,0.10424675047924589,0.12350317864330612,0.11126793175935745,0.11733941733837128,0.11366933601661665
2024-10-08,0.07738019077549241,0.0610817582907,0.10394010237213314,0.10418122747748898,0.10524640325516701,0.10476139176638191,0.10939817783227627,0.10929075628519058,0.10815417766571045,0.10642460523633547
2024-10-09,0.07735575348192274,0.0607798001663,0.1008156719614744,0.10111042227141695,0.10227819793184134,0.09729841610443268,0.1059899526598299,0.10729987174272537,0.1092471182346344,0.103434235843765
2024-10-10,0.07668505285902227,0.0663613823892,0.09866097714307027,0.09894287734960705,0.10057337271138629,0.09912860223880501,0.10426969969411516,0.10516402870416641,0.11203324794769287,0.10268182939840616
2024-10-11,0.07648453788189244,0.0586760231587,0.09297781389774654,0.09341072285373626,0.09544321290256147,0.09625538854457831,0.10426969969411516,0.10306726396083832,0.10944704711437225,0.09926730699542119
2024-10-14,0.077045153756136,0.0545911027658,0.09044651303204418,0.09091732332778873,0.0932127782751583,0.09547475669729932,0.09927500887002301,0.101079061627388,0.11347933113574982,0.09769782470935019
2024-10-15,0.0772089680055979,0.0750850513376,0.09764922826802935,0.09717532675644014,0.10007040447082226,0.09491245802057108,0.10426969969411516,0.10040593892335892,0.1138199120759964,0.10118613831561905
2024-10-16,0.07960428086696243,0.05809568976,0.09234762629528771,0.09283477788677882,0.09495916685822611,0.09368813015863771,0.10463736149551572,0.09928271919488907,0.11486232280731201,0.0989445863852353
2024-10-17,0.08000520275806718,0.077925669586,0.09924213569129081,0.09903339405843317,0.10109320350522037,0.09619148253559966,0.09954277814941483,0.09920810163021088,0.11481761932373047,0.10130410212770002
2024-10-18,0.08086205428187092,0.0536329738017,0.091841090434795,0.09221443033951637,0.09421319069049673,0.08777586473560273,0.09718533924773079,0.09804322570562363,0.11369039118289948,0.09642336176238067
2024-10-21,0.08104758877699349,0.0649817801241,0.09608906986724876,0.09615854451649256,0.09835881359017558,0.09625168282965439,0.09954277814941483,0.09768040478229523,0.11058886349201202,0.09923859388961333
2024-10-22,0.0838325714589827,0.0532192001157,0.09111753610595971,0.09149697980154606,0.09389352487262216,0.09154947604300143,0.09418042552392211,0.0968005433678627,0.10646183043718338,0.09507147373601395
2024-10-23,0.08759785035309851,0.0878972572049,0.10361754942926342,0.10311226889560897,0.1058612936274377,0.10623261670623552,0.10426969969411516,0.09765307605266571,0.10621917247772217,0.10385223955472124
2024-10-24,0.0881367923902058,0.0806651329851,0.10153473772199054,0.10193550646387409,0.10377501903025926,0.10806406784833705,0.10426969969411516,0.0980474203824997,0.10773882269859314,0.10362361054852413
2024-10-25,0.08759974692637554,0.0929885332305,0.1077630854531916,0.10779740713251501,0.10965076821280248,0.10382479267176373,0.10426969969411516,0.0992174819111824,0.11051814258098602,0.10614876823665091
2024-10-28,0.08746042936179219,0.062118701117,0.09814355647922775,0.09828276329624858,0.10068441646145106,0.1107345899921929,0.10426969969411516,0.09899434447288513,0.10917361080646515,0.10289756874322653
2024-10-29,0.08674981551355969,0.0769896133345,0.10421313526242681,0.10469649755971278,0.10618212571265072,0.09980720849548527,0.10426969969411516,0.09958809614181519,0.11168836057186127,0.10434930334829531
2024-10-30,0.08562573307141352,0.0739865255881,0.10241146460190419,0.1027218520188736,0.10479020228478293,0.10582512301136882,0.10463736149551572,0.09975694119930267,0.11153563857078552,0.10452551188321905
2024-10-31,0.08215926700907573,0.118325824728,0.11849458588692785,0.11614741384050314,0.12063857968948234,0.11480173381849386,0.1323882786873295,0.10163868963718414,0.1147051602602005,0.11697349168858875
2024-11-01,0.0792145639728958,0.108239130762,0.11640713686379023,0.11661644417879127,0.11828523689017784,0.11344531412604542,0.12484529891902528,0.10275311022996902,0.11601555347442627,0.11548115638317505
2024-11-04,0.07729733172371062,0.0885553342028,0.11222153128031034,0.11267054247741315,0.11444198533665734,0.11876032580154373,0.11928908290377335,0.1030520498752594,0.11573037505149841,0.11373798467520797
2024-11-05,0.0760477506218689,0.0804886349869,0.11007721835629544,0.11055057178044103,0.11173871188973772,0.10428090418659053,0.09927500887002301,0.10297828912734985,0.11344800889492035,0.10747838758647972
2024-11-06,0.07416033136398785,0.0895925213863,0.11385148998767758,0.113824508543452,0.11350657082965263,0.10497287726480611,0.09319877112958844,0.10334234684705734,0.11194121837615967,0.10780539756834195
2024-11-07,0.07376056388995735,0.0601230091283,0.10100989999617895,0.10135144063149942,0.10153854561886755,0.09692905695665971,0.09444263482404505,0.10207225382328033,0.1255192756652832,0.10326615821654488
2024-11-08,0.07386185119518628,0.0472674572253,0.09262895408236246,0.0929099581567914,0.09387645728248223,0.09594368455149979,0.0918101761690655,0.09767338633537292,0.11653219908475876,0.09733925938033329
2024-11-11,0.07337437901216855,0.052895245127,0.09204817585734204,0.09226346761735653,0.09350315841381913,0.0877739854834771,0.0918101761690655,0.09591812640428543,0.11246632784605026,0.09511191682734228
2024-11-12,0.07275184755531752,0.0691930872955,0.09626451691472442,0.09598538555663243,0.09737653141786323,0.09856634456635922,0.09167586571574235,0.09520697593688965,0.09758532047271729,0.09609442008298978
2024-11-13,0.07225462929344638,0.0785392540148,0.09832908301139905,0.09831200623287488,0.09910383309867199,0.09148522881491257,0.09167586571574235,0.09502106159925461,0.09914666414260864,0.09615339180220915
2024-11-14,0.06908236108170768,0.106127573221,0.10970688899139963,0.10961971298186106,0.10938596802648018,0.09926485025850115,0.09607199041948777,0.09652125835418701,0.10039791464805603,0.10299551195428183
2024-11-15,0.06771927703290874,0.0861174757916,0.10605143140261264,0.10612676882836977,0.10646239822630521,0.09413852592510225,0.09167586571574235,0.09724895656108856,0.09859530627727509,0.10004275041949941
2024-11-18,0.08202277637306261,0.0759679032201,0.10446608442141578,0.10492210545398999,0.10481112478835172,0.09652419858389719,0.0918101761690655,0.09765412658452988,0.10098154097795486,0.10016705099702927
2024-11-19,0.087683472123539,0.0696668360814,0.1025210498890984,0.10293317502070189,0.10310642920380508,0.10478811524005355,0.09310631800507232,0.09774746745824814,0.10147016495466232,0.10081038853880596
2024-11-20,0.092263298283232,0.111692611524,0.11742828446494705,0.11762124472700419,0.1169935554523387,0.10630301779389456,0.09661323123619582,0.0999777615070343,0.10448090732097626,0.10848828607177012
2024-11-21,0.08903085596041319,0.145880355615,0.13023454794438794,0.1303162900125229,0.12829287117020793,0.11469193433727086,0.09829576845205598,0.10361701995134354,0.10284004360437393,0.11546978221030901
2024-11-22,0.08767517902679549,0.0921726108607,0.11417752797662123,0.11448171754101369,0.11303491983396205,0.1128671721818191,0.09362646214556807,0.10407429188489914,0.10167498886585236,0.10770529720424794
2024-11-25,0.08790178373038081,0.0816389525639,0.11132249405233904,0.11089759181932539,0.11017066102494663,0.09778476375351239,0.09167586571574235,0.10408169776201248,0.09522035717964172,0.10302191875821716
2024-11-26,0.0918625949012994,0.0578495023549,0.1033662242399299,0.10349700566853136,0.10275758057670534,0.08870224792829705,0.09167586571574235,0.10286194831132889,0.08961932361125946,0.09749717086454204
2024-11-27,0.09483739799212039,0.0576860476948,0.0997803631581032,0.09981799460693347,0.09956256770755056,0.08784533856263647,0.09167586571574235,0.10138779878616333,0.08975066244602203,0.09568865585473592
2024-11-29,0.09937708530671002,0.0374827305379,0.08658837787352076,0.08683798724298952,0.08766715813002196,0.08983953048071194,0.0918101761690655,0.09822983294725418,0.08798880875110626,0.08985169594209573
2024-12-02,0.10746183009843578,0.0422724451399,0.08486892609151023,0.08505392772232033,0.08623403010333713,0.0771224734431119,0.09167586571574235,0.09562663733959198,0.08352725207805634,0.08630130178481003
2024-12-03,0.10910121403551144,0.0416719476024,0.08228409751688165,0.08252324988081869,0.08397599495454294,0.07908512006752155,0.09167586571574235,0.09318239241838455,0.08207076787948608,0.08497106977619684
2024-12-04,0.1101642671700689,0.0392502800721,0.08052330595562479,0.08091395285932358,0.08244709478364408,0.08744865356329948,0.09167586571574235,0.09102708846330643,0.08349983394145966,0.08536225646891435
2024-12-05,0.11406174787609262,0.0495425161442,0.08325376294882537,0.08320066097974493,0.08503783710134954,0.09124543127108165,0.0918101761690655,0.08970280736684799,0.08648810535669327,0.08724839731337261
2024-12-06,0.11824232006705553,0.0455324250302,0.08265779414671925,0.08285291029292069,0.08444108657609743,0.08520322064843208,0.09167586571574235,0.08857835829257965,0.08426995575428009,0.08566845591811023
2024-12-09,0.12298838262913943,0.0487130681742,0.08417490618201098,0.08392733467324101,0.08621969017935081,0.09032855186402394,0.09167586571574235,0.08798034489154816,0.08422033488750458,0.0869324326276317
2024-12-10,0.12567898379610332,0.0504798011235,0.0849206443272475,0.08517831172624987,0.0867137771222362,0.09266086212156975,0.09254742867605698,0.0768144428730011,0.08086882531642914,0.0856720417375415
2024-12-11,0.12884907370745233,0.0359257854377,0.08027634892724578,0.08061896031103082,0.08225977912566868,0.07993420209891935,0.09254742867605698,0.07567655295133591,0.08532308042049408,0.08237662178725023
2024-12-12,0.12974644786732345,0.0536409517308,0.08596983949968459,0.0862264620231035,0.08761576442947516,0.08920362187753816,0.09269147947740317,0.07641512900590897,0.08825704455375671,0.0866256201238386
2024-12-13,0.13050385737264814,0.0682225562792,0.09193018620591162,0.09201467570894742,0.09305069722893702,0.08615482050753288,0.09254742867605698,0.07852018624544144,0.0907885730266571,0.08928665251421207
2024-12-16,0.13093851521273334,0.0429828584646,0.08392338208207861,0.08429007898953068,0.08590395763418503,0.08915101559415921,0.09254742867605698,0.07779284566640854,0.08995134383440018,0.08622286463954561
2024-12-17,0.13153948233953333,0.0591633745713,0.08958344795404877,0.09004622674552928,0.09139409470786215,0.0925999605878644,0.09293334971312095,0.07866443693637848,0.08901339769363403,0.08917641633406258
2024-12-18,0.12234138737794646,0.225276862823,0.15251417609549128,0.1467914537957411,0.1513734632420086,0.13756896232792834,0.11826941130458028,0.0963737741112709,0.10549645125865936,0.12976967030509712
2024-12-19,0.11784854217637111,0.15819997561,0.1386063401525187,0.1383020755141134,0.13825040873029187,0.12167074148078631,0.11595809679427008,0.10510032624006271,0.10966424643993378,0.12393603362171098
2024-12-20,0.11230253352323767,0.172574224393,0.14957521227176318,0.15051866758234142,0.14665727969256767,0.12921949155680781,0.10356072405410968,0.11449243873357773,0.11185166239738464,0.129410782326936
2024-12-23,0.11369046504997822,0.0947343512998,0.12918151372722625,0.12909569576794383,0.12724661094337192,0.1060588319154634,0.09324120485993757,0.11508361250162125,0.10650177299976349,0.11520132038790395
2024-12-24,0.11477902347302106,0.0588651678325,0.11842176931623888,0.11833619442604404,0.11652324692302107,0.09704546129827182,0.09299933462421979,0.11210411041975021,0.09547875821590424,0.10727269646049287
2024-12-26,0.11675958742411485,0.0866050602064,0.11782116261576425,0.11792371603190482,0.1164223247814049,0.09965667950492203,0.09299933462421979,0.10980724543333054,0.08763259649276733,0.10603757992633053
2024-12-27,0.11686046270376443,0.13527317865,0.13106966585181812,0.13069964558184205,0.1291360447603251,0.11085076178308892,0.10296476730460068,0.11186697334051132,0.08234624564647675,0.11413344346695185
2024-12-30,0.11678591709053589,0.122437698986,0.12365999437327754,0.12362581258607977,0.12285642100597322,0.1173709550533424,0.09890983427065099,0.11137322336435318,0.0815669521689415,0.1113375989746598
2024-12-31,0.11895804852299284,0.141138544124,0.13220109125072227,0.13192542137149216,0.1305241859192921,0.1327632336351565,0.1091463245872365,0.11363143473863602,0.08709407597780228,0.11961225249719111
2025-01-02,0.11264625839456328,0.192104128907,0.15612986264559378,0.15510979336220346,0.15250860177263495,0.1442353711952833,0.10722596454316898,0.12214759737253189,0.0906815230846405,0.1325769591394367
2025-01-03,0.11186261995599388,0.0958758609413,0.1271117878840563,0.12730385720499904,0.12496096085457559,0.11022933116539307,0.09324120485993757,0.11973264068365097,0.09007149189710617,0.11323589636424554
2025-01-06,0.11165344053685725,0.0802215213315,0.11858952116238641,0.11857710931402882,0.11714918333574427,0.11866481831146047,0.10199963113884114,0.1159653291106224,0.09032252430915833,0.11160973095460598
2025-01-07,0.11304278283392319,0.144245307799,0.13933575926550967,0.1376153818695277,0.13679763500001763,0.12433448475945827,0.09848004709119458,0.11928724497556686,0.0976659506559372,0.12193092908817314
2025-01-08,0.10867848645475517,0.149892108469,0.14135605715351923,0.14149526874097276,0.13837775238887973,0.11825735864360332,0.09862409789254077,0.1224442794919014,0.10552778840065002,0.12372608610172389
2025-01-10,0.10338724865145799,0.162529317834,0.14295146157276184,0.14135088755314557,0.14047670009729538,0.12834538278122878,0.09999416657805525,0.12548723816871643,0.11046136915683746,0.1270096008440058
2025-01-13,0.1016878548642698,0.128835434386,0.1344531471663689,0.13512316857893333,0.13232954492749105,0.11904034367686554,0.10345695478513942,0.11583725363016129,0.10768026113510132,0.12113152484286584
2025-01-14,0.09872156521775777,0.135037311257,0.13970910839171558,0.13894129160108837,0.13690345979989935,0.12271840030901016,0.1008420357263047,0.1171848401427269,0.10656948387622833,0.12326694569242477
2025-01-15,0.09743605327758982,0.0880371933896,0.12152728994639155,0.12172310512518009,0.1190516453770866,0.10189161613999174,0.1001411074881275,0.11621905118227005,0.10545520484447479,0.11228700287193176
2025-01-16,0.0964381834526974,0.0937750198041,0.11949039182178119,0.11949579565593507,0.11723681162684274,0.10718256312364233,0.1016248368023751,0.11532726138830185,0.10523717105388641,0.11222783306753781
2025-01-17,0.09613815705405071,0.065068607164,0.10434242252108843,0.10462097526570613,0.10338327151783602,0.0946742093994819,0.10048267512092073,0.11277521401643753,0.10486886650323868,0.10359251919210134
2025-01-21,0.09600218667745918,0.0825400417946,0.10653446573204944,0.10672640158121603,0.10514955274709537,0.09639027833275732,0.10658417237567759,0.11132780462503433,0.10411956906318665,0.10526174920814525
2025-01-22,0.09754778013451541,0.041352600922,0.0878625673495994,0.0880289283162059,0.08806307986526464,0.09095968281891526,0.10067417427037928,0.10808692127466202,0.10253694653511047,0.09517318577573386
2025-01-23,0.10043558591094791,0.0486350970124,0.08798782854324164,0.08823340506192565,0.08840552881026575,0.08198172065330181,0.09301245976173325,0.10528670251369476,0.09850285947322845,0.09191578640248446
2025-01-24,0.10497595828015575,0.0545623122696,0.08751137699717548,0.08727485425405515,0.0881693048795832,0.0845841846467051,0.09301245976173325,0.10289125889539719,0.09828156977891922,0.09167500131622408
2025-01-27,0.10430035481529965,0.124745806641,0.11298906276312887,0.11386886038311266,0.11266967225260814,0.09870389612720203,0.10206915473778776,0.10383578389883041,0.1034647673368454,0.10680017107135932
2025-01-28,0.10905884581628855,0.0932086803516,0.10406130534953714,0.10477754014325408,0.10386384635783855,0.10555073538450596,0.09246635840253777,0.10354053229093552,0.09839241206645966,0.10180753285643838
2025-01-29,0.11353959148554041,0.130883742306,0.12123953564724052,0.12165231774219024,0.11957838872098464,0.11059189414690114,0.09751209404346649,0.10553223639726639,0.11312127113342285,0.11274681969021032
2025-01-30,0.11739073462084731,0.13709022251,0.12879581439254148,0.1285361645924882,0.12606994781054626,0.1064729966459346,0.09715749183372956,0.10808783024549484,0.11182020604610443,0.11527720736669134
2025-01-31,0.12317632885346519,0.12093480296,0.12825280720333898,0.12624585132436478,0.12570194707409707,0.10125415637387947,0.09829965351518392,0.1099754348397255,0.11089703440666199,0.1143752692481788
2025-02-03,0.1257054745801033,0.175138496824,0.14796584955613237,0.14868858136216262,0.14437192006131605,0.11831103386577821,0.09741926804811012,0.11373233050107956,0.11776100099086761,0.12689285491220664
2025-02-04,0.13287671592748296,0.0787743803717,0.11776107382075508,0.11799236842097413,0.11604226634793585,0.10993950545580253,0.10149863267620886,0.11292345076799393,0.12342129647731781,0.11422551342385545
2025-02-05,0.14255328928038455,0.0741456080079,0.11295111300552818,0.11320300195604047,0.11155254100545534,0.09666484344878203,0.09396312229372906,0.11157924681901932,0.11965285241603851,0.10850953156351327
2025-02-06,0.14854618284268029,0.0738487530769,0.10877463171545937,0.10854499664607614,0.10765919743791971,0.09058005109662268,0.09301245976173325,0.10994791239500046,0.11229360103607178,0.10440183572698335
2025-02-07,0.1556948786309267,0.165416106022,0.1394218058703413,0.13690018872259685,0.1360202146552365,0.11055049760583185,0.09829965351518392,0.11230794340372086,0.10631373524665833,0.1199734341456528
2025-02-10,0.15980661410783384,0.0463340068812,0.0948781457262988,0.09510620309034945,0.0950604485251206,0.08909611529782104,0.09265785755199632,0.10856249183416367,0.09766817092895508,0.09614706185067214
2025-02-11,0.16423056970281788,0.0534030358101,0.09563826336103724,0.09595638753707689,0.0959260848151255,0.105011708422055,0.09583812256004201,0.10586913675069809,0.08552342653274536,0.09710901856839715
2025-02-12,0.165202421437581,0.0963327496769,0.11039157399597807,0.11116742093785595,0.10962939082313933,0.10465357402218778,0.09405397149381921,0.1072104275226593,0.10710437595844269,0.10631581925058319
2025-02-13,0.16656703187655267,0.0758363717921,0.1044706759498455,0.10503394196122653,0.10389252232744783,0.0978696919920037,0.09405397149381921,0.10573241114616394,0.10369298607110977,0.10210660013451664
2025-02-14,0.16863851077358813,0.0495492204234,0.08918117963620212,0.08932668056805682,0.0901645135757147,0.08982514583037093,0.09405397149381921,0.10234647989273071,0.10509838908910751,0.0942851942980003
2025-02-18,0.17096536230660642,0.0687827600163,0.0965056912056122,0.09707184631017232,0.09691891546959852,0.09160639951941135,0.09405397149381921,0.10078886896371841,0.10089196264743805,0.09683395080139572
2025-02-19,0.17330683429603808,0.05495985748,0.0925347083003191,0.09302797412324308,0.09331295083792357,0.0813282234496561,0.09405397149381921,0.09919406473636627,0.10077276825904846,0.09346066588576797
2025-02-20,0.17450109363287325,0.0791468584761,0.09867728204746559,0.09860989473959648,0.09900482613298975,0.09526977196679032,0.09405397149381921,0.09886699914932251,0.1021471917629242,0.09808999104184402
2025-02-21,0.17426868179250452,0.0893989843996,0.10264146133679355,0.10073845361226214,0.10364059690155432,0.0960895752888039,0.0976427403343163,0.09917762130498886,0.1089184582233429,0.10126412957172315
2025-02-24,0.17280942935695495,0.119882694045,0.1162393803012719,0.11554371579213238,0.11632828255475244,0.10796009570145829,0.10244665471495577,0.10134001076221466,0.11296813189983368,0.11040375310380272
2025-02-25,0.17101433436671443,0.150208484484,0.13045498422937207,0.13009192240222622,0.12927854059499586,0.11947671743791648,0.10244665471495577,0.10528606176376343,0.1106797307729721,0.11824494455945742
2025-02-26,0.17178336250453013,0.112215740552,0.12257759385383578,0.12261187733759227,0.12189318215317196,0.11745578760257638,0.10180162484224403,0.10741233825683594,0.11225852370262146,0.11514441824983969
2025-02-27,0.16973694527240674,0.173229566335,0.1470237162528686,0.14538149156875407,0.14503615900536976,0.12015347671494692,0.1158986073512498,0.11239790916442871,0.11684282124042511,0.12896202589972042
2025-02-28,0.16940267607338438,0.195130983348,0.16028388788732986,0.1616385780915589,0.15572499686265923,0.12668405714815237,0.10442189185280953,0.11817853152751923,0.11928369104862213,0.13517366205980733
2025-03-03,0.1674223487582778,0.193571665412,0.16446776737799956,0.16129085296496906,0.1611308191767816,0.1400994561015526,0.12421486327764086,0.12330570816993713,0.1221734881401062,0.14238327931556957
2025-03-04,0.16500766859816668,0.209412316452,0.1729331508233068,0.1721027352271396,0.16916228535233097,0.14280570857460712,0.12527721690217383,0.1284669041633606,0.12387098371982574,0.14780271210896354
2025-03-05,0.16296240510828994,0.209504459168,0.17909129732450188,0.1799712843482526,0.17376619074733596,0.1461321492352188,0.1338061888622198,0.13348528742790222,0.13105064630508423,0.15390043489293076
2025-03-06,0.1846418398806901,0.212477914675,0.18245798106891936,0.18165546944745897,0.1786191000620236,0.15712015547780733,0.14135050281251058,0.13776254653930664,0.13470439612865448,0.15909573593381157
2025-03-07,0.28395476173370715,0.247925720359,0.19617305401341606,0.19692501734570816,0.18962416979430025,0.1584633261577245,0.15709905506090452,0.14329762756824493,0.13441060483455658,0.16799897925355073
2025-03-10,0.29769010131037676,0.205155379001,0.18367720128104256,0.18277747733782948,0.1807835389619633,0.16107643976125238,0.2473788906928827,0.14594346284866333,0.132812961935997,0.1763499961170901
2025-03-11,0.3311073463322528,0.270251643513,0.2067990057177888,0.20719190052499964,0.2015937450382666,0.18043884510954475,0.28717710325303863,0.15172888338565826,0.13309188187122345,0.19543162355721716
2025-03-12,0.34962148154800554,0.171432997082,0.17445904307297244,0.17323551159941963,0.17043670681559636,0.16264912517066232,0.15927055087331457,0.15145185589790344,0.1452992707490921,0.1624002948827087
2025-03-13,0.35350797310253473,0.181537689178,0.17513652074851677,0.1733870390404447,0.17152287238734734,0.15530991144037007,0.15559221487064984,0.1516682505607605,0.14500068128108978,0.16108821290416842
2025-03-14,0.3555095292522174,0.126504383967,0.15053705690683916,0.1509465533064353,0.14712024622268952,0.1279342760537138,0.1508015968030395,0.151044100522995,0.16321584582328796,0.1487999536627143
2025-03-17,0.3563642250088743,0.123525756555,0.1442181837058042,0.1442814771254505,0.14081632249537002,0.1265750163294688,0.13930051805673235,0.14591537415981293,0.15271717309951782,0.1419748664245938
2025-03-18,0.3581723562440781,0.130525555382,0.1370016562740115,0.13637911454792423,0.13514509403078478,0.12473058093280812,0.1403421160446016,0.140925794839859,0.14394447207450867,0.13692411839207114
2025-03-19,0.35884134027427944,0.146032296846,0.1397274027216308,0.14076955189416912,0.13649247508166895,0.1193078988351658,0.13029400034714533,0.13820788264274597,0.14105495810508728,0.13512202423251618
2025-03-20,0.3587973018925209,0.141240092541,0.1354625580876915,0.13560961943633537,0.13246935317096553,0.12306601930962038,0.13260786769304217,0.13565349578857422,0.1335490643978119,0.13263113969772017
2025-03-21,0.35990080895587717,0.122421629539,0.12939014120293474,0.13020116969849618,0.12655207474343644,0.12145010365934239,0.13397056375954106,0.1328485757112503,0.1265801191329956,0.1287132497011424
2025-03-24,0.36237595018620095,0.0793092408166,0.1135861993132816,0.11391163653558421,0.11136523492393158,0.10587610370071993,0.11585332856397208,0.1279025673866272,0.1179831400513649,0.11521117292506879
2025-03-25,0.36315190969804195,0.0611219614554,0.1036608702624984,0.10382345954934774,0.10221506481207873,0.10859379644576891,0.11269233393904518,0.12243209034204483,0.10628142207860947,0.10852843391848475
2025-03-26,0.3639485406743816,0.0979870714915,0.11159544164607141,0.11068961771079852,0.11027845276299217,0.1092612778458262,0.11399908105562519,0.12030944973230362,0.10426940023899078,0.11148610299894399
2025-03-27,0.3640980462342884,0.134641802541,0.12217120186907542,0.1225732537053766,0.12011252673763251,0.12366949228263789,0.11729793646283779,0.12084580212831497,0.10854780673980713,0.1193168599893832
2025-03-28,0.3643101395654455,0.123821358217,0.1189952931935286,0.11707930874989583,0.11875468551161228,0.1254242710014917,0.14207543514820112,0.1207461729645729,0.11617808789014816,0.12275046492277865
2025-03-31,0.36410802372149176,0.188932416861,0.14563461573087744,0.1473254508965679,0.14272275166244977,0.1407861809566941,0.1435215896818391,0.1260717809200287,0.12626275420188904,0.13890358915004944
2025-04-01,0.36410830314918446,0.153174703889,0.14108364181445426,0.14188578076316444,0.13828285873113297,0.13435125379618237,0.13598512828665937,0.1287871152162552,0.12066518515348434,0.13443442339447614
2025-04-02,0.3631558805547453,0.164306307742,0.14884270536653782,0.14995782235046845,0.14505093481058576,0.13210478794848768,0.1345873396423434,0.13221809267997742,0.11814488470554352,0.13727236678627772
2025-04-03,0.3616402172044918,0.172643067753,0.15392600376326607,0.1517176631344051,0.15473978867393728,0.1535740414136514,0.2435399772427744,0.13552731275558472,0.13147875666618347,0.1606433633785432
2025-04-04,0.3495602020746172,0.450998890129,0.2580788505389573,0.25810043245598113,0.25979549098822563,0.2363755898431426,0.286993668468115,0.1597900092601776,0.1761091649532318,0.23360617235826162
2025-04-07,0.27338255900826447,1.01919517955,0.48053675257519607,0.4889037258186807,0.46356454910879197,0.3736377864433193,0.32253577491294966,0.22633694112300873,0.23372656106948853,0.36989172729306213
2025-04-08,0.2562136074607483,0.458104369526,0.3321055827398195,0.33123071910016855,0.33128859560639823,0.2830786145240156,0.37269051923310004,0.2412923276424408,0.2655732333660126,0.30817994174456503
2025-04-09,0.20401501516753712,0.71714865735,0.4445972340046974,0.44576303743742407,0.41333198518699066,0.2882774783393971,0.2895239632705059,0.2776685059070587,0.2640787959098816,0.3461772857222793
2025-04-10,0.16780654059429387,0.542267912886,0.4158269610999543,0.41540263432223923,0.39605806617725864,0.2756297574871447,0.2895239632705059,0.2969483435153961,0.2785063683986664,0.3382708706101664
2025-04-11,0.15547063111971085,0.300570745456,0.3332945812210804,0.332578810547085,0.31726445931417835,0.21693528077739133,0.28862115205420963,0.2938237488269806,0.2672094404697418,0.2928182104586667
2025-04-14,0.14963667031908187,0.214021644575,0.258451536153589,0.25682714632012926,0.24760476608214618,0.1829635671493136,0.17800945810193575,0.47221291065216064,0.24650438129901886,0.2632248236797562
2025-04-15,0.1464408555010097,0.167438817335,0.22449329220718894,0.22326925870163333,0.215771321990135,0.1652370242874623,0.1536208793380161,0.36098727583885193,0.20506225526332855,0.2212059010895166
2025-04-16,0.13986571760611105,0.210162829121,0.2019713356220284,0.2015182805114443,0.19760416988264976,0.16692075137194606,0.25699064289602885,0.27107128500938416,0.18711455166339874,0.21188443099384005
2025-04-17,0.13545986511563934,0.177196265995,0.16690783937666076,0.16738484482605923,0.16422643886991858,0.15734211962124278,0.1536208793380161,0.21340078115463257,0.17345529794692993,0.17090545730478
2025-04-21,0.13341546785366531,0.138870757205,0.1444316201947609,0.1436754144835261,0.14632033533355365,0.15813602462390908,0.24934560217296817,0.18057692050933838,0.16742071509361267,0.16998666177309557
2025-04-22,0.13250953224099918,0.177881737836,0.1533930127431744,0.154109382905658,0.15256808813844308,0.16055771529706486,0.25039448987608115,0.1715986579656601,0.15462781488895416,0.1710355945450051
2025-04-23,0.1266220432824696,0.209361965004,0.1653383234801126,0.16525457949802858,0.16213447401506553,0.16584432863383153,0.14702472631806832,0.17510849237442017,0.14916154742240906,0.16140949596313364
2025-04-24,0.12598964796217665,0.124733633378,0.13421989203415025,0.13445287768876113,0.13188716462119746,0.1507944243492274,0.14327295280781752,0.16291329264640808,0.14166969060897827,0.14274432782236288
2025-04-25,0.12249656487665114,0.147530714615,0.13866231644205268,0.13913430418916484,0.13497759635992332,0.1462360085691568,0.14327295280781752,0.15975956618785858,0.13082613050937653,0.14183841072362144
2025-04-28,0.12005302355016971,0.142878277762,0.13741674235556384,0.13763592196596994,0.13392600910377306,0.14784967084148265,0.14432184051093055,0.15776939690113068,0.12125830352306366,0.14002541217170203
2025-04-29,0.11990062072855671,0.136293909037,0.13259528169380538,0.133178083855888,0.12900251994664855,0.1478026552445307,0.13751969742479295,0.15515193343162537,0.11573556065559387,0.13585510460755498
2025-04-30,0.11648389486265473,0.180565047151,0.14355827785997194,0.1444279590373022,0.13964655636186038,0.14987374445409316,0.14327295280781752,0.1610216647386551,0.1217917799949646,0.143370419322095
2025-05-01,0.11360257403346634,0.153188651902,0.13751432083353704,0.137366986524982,0.13348620361997682,0.14727788506768985,0.1364708097216799,0.15981553494930267,0.11681713163852692,0.13839269605081359
2025-05-02,0.11169868062157225,0.111582449826,0.12283463692500304,0.123226340079893,0.1189054276902701,0.1286129729020937,0.13064863099966723,0.15153595805168152,0.10117483139038086,0.1252769711484271
2025-05-05,0.11105645726377553,0.0820740173607,0.11015873854953942,0.11047584219558296,0.1077784245490527,0.12597277794472486,0.12892258630847922,0.1417262703180313,0.0905361920595169,0.11651011884641818
2025-05-06,0.11032288652648642,0.151599639072,0.13189296861111738,0.13246705755090793,0.12863003020925795,0.1360317841758669,0.13699304808277443,0.14899872243404388,0.08145919442176819,0.12806754364081954
2025-05-07,0.1025269069156385,0.205470865651,0.1503579230840614,0.15114093735544515,0.14561163214942763,0.14547463466241203,0.1364880042111799,0.16217263042926788,0.07759591937065125,0.1384059544660636
2025-05-08,0.0986098104734753,0.137531029297,0.13192846847477133,0.1324300414912564,0.12910405159579746,0.13227555745378347,0.13288456426115391,0.15608128905296326,0.07267934083938599,0.12676904473844455
2025-05-09,0.09726299078055291,0.0990615254256,0.12079751066751784,0.12026814568080205,0.11909920672786725,0.1291887652593612,0.12899416026562086,0.1456628441810608,0.06859938055276871,0.11894428761928552
2025-05-12,0.09707445966933383,0.106440457753,0.12659741855618195,0.1269236773067529,0.12331388066008746,0.12231311124658717,0.11196036616650706,0.14147596061229706,0.061206258833408356,0.11625581048311742
2025-05-13,0.09677723320934485,0.0812188191824,0.11573269130864086,0.11594865920303771,0.1138091579487465,0.11489109520453779,0.10423632590355834,0.1327645480632782,0.06620299816131592,0.10908363939901647
2025-05-14,0.09741132563203686,0.0917910648053,0.11774274871629603,0.11834859217725854,0.1158442602820338,0.11589273651874077,0.17020533274692998,0.14233824610710144,0.15643639862537384,0.13382975931053348
2025-05-15,0.09635244812183612,0.0903624353352,0.11471350117786473,0.11373266869277304,0.11305436229251399,0.11451534802668024,0.13212122016540342,0.13716667890548706,0.15172062814235687,0.12528920105758276
2025-05-16,0.09679344213423924,0.0680867503841,0.10670328432768554,0.10536144602376064,0.10596958242021577,0.11489051421550603,0.13251910928271457,0.1316569447517395,0.1482561230659485,0.12076528629822436
2025-05-19,0.09827742525809027,0.0769713887868,0.10749489643726004,0.10522086014430745,0.10739582265387226,0.1135662299948764,0.13251910928271457,0.12778151035308838,0.14350014925003052,0.11963979687373567
2025-05-20,0.09929186740793185,0.0879865860317,0.11084483118226685,0.11130667147973441,0.11044194438652816,0.11998155614559324,0.1367794411071933,0.12557750940322876,0.13811367750167847,0.12186366160088903
2025-05-21,0.09583722700148789,0.163042274181,0.13572948263402468,0.13759395449885867,0.13411104701617999,0.13271455609533214,0.15948873403685754,0.12960216403007507,0.1404111534357071,0.13852158453529073
2025-05-22,0.09353534594185622,0.108600701225,0.12130093268678427,0.12172095976288547,0.12103986748052992,0.12449747021157564,0.12579711725222073,0.12938156723976135,0.14051640033721924,0.1263220449958538
2025-05-23,0.09106020744188495,0.110470447707,0.1239433976603958,0.12372429470218443,0.1245620238192324,0.1353628323686792,0.12432012189254774,0.1299399733543396,0.13884545862674713,0.1286711574891609
2025-05-27,0.09073455363866005,0.0594783071934,0.10860800950187474,0.10584912129375379,0.10873508110707109,0.11991189993076647,0.1157694839168169,0.12686467170715332,0.1398611217737198,0.11794276989016517
2025-05-28,0.09007242214760121,0.0892632256446,0.116982615202947,0.11810453187319989,0.11664531357445482,0.11383454297386346,0.12125856418131156,0.12650221586227417,0.14163099229335785,0.12213696799448696
2025-05-29,0.08641955785462038,0.133446872497,0.12783718526825308,0.12943983060273395,0.12628181905044766,0.12127907173453997,0.1093716802003824,0.12842467427253723,0.14245550334453583,0.12644139492477574
2025-05-30,0.08372404471765611,0.125071393171,0.12633632389209948,0.12658561356083325,0.1250144161918785,0.13298751048823237,0.13056339397328728,0.1294630467891693,0.148030623793602,0.13128298981272887
2025-06-02,0.08147721112558087,0.0976972437133,0.1178700713497571,0.11727298368628683,0.1173294571003986,0.12051944633797457,0.1225483282220683,0.12825563549995422,0.15015913546085358,0.12485072252247045
2025-06-03,0.08087902943259866,0.0586745434256,0.10674509972292694,0.10552337356881697,0.10713169078912693,0.10867987746042594,0.11785587690077155,0.12486865371465683,0.1528986543416977,0.1176718894997747
2025-06-04,0.08152327278136691,0.0610893994137,0.10588188249394559,0.10637897796187808,0.10653253388402573,0.10992196666071247,0.11577267384486171,0.12212464958429337,0.15383599698543549,0.1172069544878789
2025-06-05,0.07716534758030161,0.13990033949,0.12844964079957052,0.13009419448180287,0.1269596095018979,0.11912748703501928,0.12117974748661453,0.12498309463262558,0.15452450513839722,0.12933118272513255
2025-06-06,0.07585430128731238,0.085857154533,0.11111202616454438,0.11184288789433175,0.1108232847499457,0.11437617593160562,0.1153747847275506,0.12307596951723099,0.15492023527622223,0.12021790918020446
2025-06-09,0.07565898132585133,0.0486772400419,0.09789392069648371,0.09771918545033899,0.0996245787389502,0.11342514510676913,0.12063419635396962,0.11861216276884079,0.14928601682186127,0.11388502941960196
2025-06-10,0.07544486984067983,0.0653702803487,0.10285643452386424,0.1026677845407589,0.1039409797935932,0.10586309743575817,0.1151941245890979,0.11652680486440659,0.1473759114742279,0.1134893053173867
2025-06-11,0.07324736053675326,0.102762635629,0.11556935190604523,0.11669828189627006,0.11541850604119908,0.11046627072636049,0.09681496171589445,0.11779119819402695,0.15361949801445007,0.11805400978489233
2025-06-12,0.07311779397184191,0.0733929266906,0.1037705091939739,0.10198025338848847,0.10522532741562436,0.11135346586756995,0.10168882088965417,0.11585135012865067,0.1521877497434616,0.11315106808963186
2025-06-13,0.07494800717206242,0.104935232151,0.11375506918122644,0.11379735962398967,0.11567854503736921,0.12288715584263471,0.10672474811608226,0.12156753242015839,0.1535799205303192,0.12114147582168285
2025-06-16,0.07451439308702179,0.0621027823129,0.10193826303434371,0.1013768928112215,0.10412292417472029,0.12274178592124643,0.10256628231722949,0.12081430852413177,0.15023155510425568,0.1148274302695927
2025-06-17,0.07309646804308427,0.0801530123043,0.10796371946342964,0.10830789094992421,0.1109262570060555,0.12461657741776092,0.10840504204423775,0.1208508163690567,0.138818621635437,0.11712698926941453
2025-06-18,0.06966374078591962,0.109561462523,0.11690947137145019,0.1177505742860547,0.11815186862876781,0.12659178193820833,0.10495763556559502,0.12161652743816376,0.13905222713947296,0.1207185837668161
2025-06-20,0.06718538778150648,0.109318407871,0.11870064363458926,0.1199764825081286,0.11975865535885769,0.12645095113327748,0.10495763556559502,0.12236890196800232,0.12834754586219788,0.12008011657580689
2025-06-23,0.06386046534271889,0.111474953401,0.11967480338435338,0.11748378192857589,0.11978605037963397,0.12372572605177021,0.1022822873801171,0.12306007742881775,0.12329980731010437,0.11847321912333895
2025-06-24,0.06375441517152111,0.0513803113094,0.1015489773329966,0.10118102475743375,0.10306502429247506,0.11118455924649528,0.09291218981252818,0.1219826489686966,0.11816650629043579,0.10714870438586589
2025-07-03,0.07046066445588346,0.0374594834255,0.0952629599231379,0.09421088690677737,0.09751024443702473,0.10382221980149886,0.11079688332921331,0.11934809386730194,0.13707205653190613,0.10828904925669432
2025-07-07,0.07045241302319318,0.0770004765197,0.10511206865924375,0.10590857166149655,0.1072256658669758,0.11311903376235737,0.11522523883543864,0.11840720474720001,0.1444854885339737,0.11564046743809797
2025-07-08,0.07104571863722262,0.0710597572164,0.10141095457856375,0.10130112466603172,0.1035366895753064,0.11317501716550366,0.11079688332921331,0.1176227480173111,0.1506236344575882,0.11406672168421687
2025-07-09,0.07342919893805869,0.056200696375,0.0942156430519082,0.09437420539032747,0.09690019869845592,0.10916231423917364,0.0938330484005544,0.11647289991378784,0.15239989757537842,0.10819402960994084
2025-07-10,0.07407867574952404,0.0418091946725,0.08949220971239791,0.08898280099962305,0.09281872500263007,0.1061522155127654,0.0938330484005544,0.11533580720424652,0.15052969753742218,0.10530635776709137
2025-07-11,0.07440923151671115,0.0599488038506,0.09592244946997504,0.09570169761042045,0.09878969807194803,0.10797913911744089,0.11079688332921331,0.11511628329753876,0.15212605893611908,0.1109188871189508
2025-07-14,0.07463593993180712,0.0608141063263,0.09532848967595706,0.09506055077885239,0.09889319662404691,0.11863169246545535,0.11766884156896375,0.11483444273471832,0.15002848207950592,0.11292081370392852
2025-07-15,0.07415149971244492,0.0706277357139,0.09817389059777622,0.0989858359050607,0.10162740507245402,0.11566878790555761,0.11417960735950303,0.11480949819087982,0.15769198536872864,0.11444814434285143
2025-07-16,0.06990901045655502,0.129237125492,0.11906276742491675,0.12046542119947783,0.11932746339440367,0.12084968253816292,0.1279663282474229,0.11663864552974701,0.16059879958629608,0.1264155868457753
2025-07-17,0.0706187618170486,0.0499576473659,0.09631844215752633,0.09555231304699832,0.09915355988760717,0.10922493152327412,0.11079688332921331,0.11610928177833557,0.1620679348707199,0.11274619237052497
2025-07-18,0.07087830181635985,0.0450464372578,0.09410372198620126,0.09424013620931627,0.09724983106487652,0.1067101924601262,0.11079688332921331,0.11562620103359222,0.16000406444072723,0.11124729007486471
2025-07-21,0.07227735599185156,0.0413826051432,0.09203084666548292,0.09190294092234286,0.09557571061679043,0.10903404343691225,0.11079688332921331,0.1149960309267044,0.15857329964637756,0.1104156793634034
2025-07-22,0.07442214950071006,0.0694848535419,0.10017367455790575,0.10058246670377027,0.1026344112025743,0.112109091193665,0.09835258208771683,0.11509533226490021,0.15450254082679749,0.1119214426910471
2025-07-23,0.07644252522973871,0.0572416106243,0.09287584013569522,0.09217767748821554,0.09597432427616931,0.10391531440816773,0.0938330484005544,0.11430396139621735,0.1562136560678482,0.10704197459612397
2025-07-24,0.08131539321838369,0.0485358755131,0.08984258504539837,0.0897472547059686,0.09326057563067836,0.10429909702531028,0.09446271085415514,0.11291749775409698,0.15005603432655334,0.1049408221917373
2025-07-25,0.08154559883415267,0.0303488797858,0.08376810453548059,0.08330783218913032,0.08785000458946525,0.09764124975255634,0.10162467555789481,0.11187565326690674,0.151809960603714,0.10255392578502114
2025-07-28,0.08201487053732291,0.0391585294399,0.08620753932483342,0.08639000782856568,0.09004695933956247,0.10346975049636102,0.09446271085415514,0.11134180426597595,0.14984136819839478,0.10310859147254978
2025-07-29,0.08168003933144548,0.0549957297942,0.09004890752406032,0.09034264655932306,0.09381966477044182,0.10037669517272285,0.09882292314006352,0.11121785640716553,0.15047605335712433,0.10501496384727162
2025-07-30,0.08003087732414334,0.0926904699208,0.10285635830262374,0.1037561419774902,0.10499329545512716,0.10989078592063503,0.09446271085415514,0.11214357614517212,0.16118577122688293,0.11275551998315518
2025-07-31,0.07818162388045978,0.108887807386,0.11071860530079439,0.11196263069521081,0.11208493203527067,0.1134398803729199,0.10105632506520767,0.11355651915073395,0.15521681308746338,0.11686224367251441
2025-08-01,0.07622390112446673,0.115336411038,0.1170345381447577,0.11781606886464126,0.11935225507155822,0.12194610600811824,0.10886878135696079,0.115239217877388,0.16051028668880463,0.12296675057317555
2025-08-04,0.07674249296760224,0.058851570046,0.1016423050021893,0.10080088408746385,0.10405155158684237,0.11716603728547288,0.11150091222845522,0.11532586812973022,0.1600569188594818,0.11579206816851938
2025-08-05,0.07583864989593683,0.0768417591809,0.10802416495107177,0.10881939711323697,0.10995248571953381,0.11428737281158131,0.10052853898948706,0.11601777374744415,0.15251366794109344,0.11573477161049264
2025-08-06,0.07725701561593536,0.0825377092565,0.1091512393562443,0.10896152956141794,0.11018955293249041,0.10991908731654139,0.09756228246327411,0.11653158068656921,0.15316930413246155,0.11506922520699983
2025-08-07,0.07495223446523046,0.101931024684,0.11443416081634535,0.115111442698396,0.11487624008940239,0.11511533239137627,0.09979568438841827,0.11728958785533905,0.152397021651268,0.11843135284150648
2025-08-08,0.07462378741865411,0.0613177836003,0.09980505256055108,0.09877644316886944,0.10145925017669967,0.10762457458291161,0.09320207017736573,0.11658310890197754,0.15417389571666718,0.11023205646929175
2025-08-11,0.07441271348068204,0.0680045094043,0.1022339874420022,0.10245602096287189,0.10391717995248413,0.10611377731986694,0.09756228246327411,0.11639484763145447,0.15041525661945343,0.1112990503416296
2025-08-12,0.07383777303168941,0.0663923279816,0.10122095473522298,0.10164953762619779,0.10236118549628755,0.10161733096254154,0.09808386559935095,0.11615946888923645,0.1510884016752243,0.11031153499772309
2025-08-13,0.07346029424252233,0.0589459585906,0.09782294407387501,0.0980776635862313,0.0992606555425812,0.10836410850939515,0.09929264799434867,0.11567582190036774,0.1498570442199707,0.10976441226096711
2025-08-14,0.07281094314525613,0.0621896784602,0.09668771020463694,0.09645786237888077,0.0984620169178534,0.10642157126356713,0.09320207017736573,0.11515389382839203,0.14984402060508728,0.10803273505368331
2025-08-15,0.07177959633915254,0.0677517664645,0.0986255447755282,0.09925722453050716,0.10040761672350283,0.1018946746326,0.09410884815255505,0.11486488580703735,0.14888451993465424,0.10829190207948355
2025-08-18,0.0784295091464895,0.0529186981452,0.09352544848930092,0.09364830522524435,0.09602559588370005,0.10105103886022575,0.09808386559935095,0.11427351832389832,0.1457514762878418,0.10605132123850888
2025-08-19,0.07822090283551629,0.0769314821467,0.10106577973606501,0.1011202298731768,0.10281817031440711,0.10608924059006233,0.10244407788525933,0.11450682580471039,0.1419360339641571,0.10999719402397687
2025-08-20,0.0753662433892177,0.106937308558,0.11231368626766294,0.11328888873142515,0.11280520865440363,0.11280103616253545,0.09979568438841827,0.11568456888198853,0.14058856666088104,0.11532537710675929
2025-08-21,0.07266029024101817,0.0983741422221,0.11172161651361494,0.11200732570057412,0.11269087698983152,0.11761934900880701,0.10052853898948706,0.11654423177242279,0.14108462631702423,0.11602808075596595
2025-08-22,0.06752368491987533,0.136011525018,0.12578300881351742,0.11707619986981267,0.12315135859524864,0.11488050658620726,0.10284804364518378,0.11048883199691772,0.14198598265647888,0.11945913316619519
2025-08-25,0.0681987091123634,0.0413325092199,0.09765946477171862,0.09798131004779913,0.09869840724222326,0.1044967703289125,0.09264351023355359,0.10886164009571075,0.14003746211528778,0.10576836640502939
2025-08-26,0.07079517317957744,0.0560823566603,0.10085679996323325,0.1003707131660091,0.1013981621405897,0.10023639389083902,0.09264351023355359,0.10831569135189056,0.13840313255786896,0.10603205761485489
2025-08-27,0.07255616100965734,0.0432841408622,0.09379106673055379,0.09348126768581948,0.09544535071158392,0.10218066647415432,0.09264351023355359,0.10665205121040344,0.14040856063365936,0.10351463909710398
2025-08-28,0.07260197454667827,0.054690819302,0.09480783274368829,0.09492671218811694,0.09620061961820929,0.09767272151850083,0.09264351023355359,0.10550370812416077,0.142570361495018,0.10347506656017824
2025-08-29,0.07259654003114832,0.0755809455541,0.09769421947002378,0.0982219128606937,0.09934184763236398,0.10333386660180484,0.09688025798520743,0.10487130284309387,0.14339062571525574,0.1062477190154919
