date,target,persistence,har,shar,har_rv_iv,har_x_lasso,hgb,lstm,lstm_x,combination
2022-10-12,0.2034991408650405,0.172205243508,0.1631756028645218,0.1638107229958279,0.1636468357080198,0.19298310406347519,0.15988423971272603,0.17775480449199677,0.19544686377048492,0.17381459622957893
2022-10-13,0.19533649263621686,0.301046489396,0.21215642574047977,0.21147875557138554,0.21191031779778913,0.2061214251236737,0.16062626658139292,0.19083285331726074,0.2149227112531662,0.20114982219787828
2022-10-14,0.18649232735675858,0.299432320538,0.220026645529517,0.21623558019867511,0.21961722428930608,0.21667178024852124,0.16062626658139292,0.20236806571483612,0.21238668262958527,0.20684746359883338
2022-10-17,0.18889165231905936,0.169466832096,0.17422373331873375,0.17466355815536216,0.17426377063277831,0.1903842724244637,0.16339449984103344,0.1979353427886963,0.20700539648532867,0.1831243676637709
2022-10-18,0.18472033384993544,0.212358224511,0.18981116703239637,0.18819215047708732,0.18960738472243766,0.20749392582991635,0.16978299371258826,0.19895434379577637,0.20047645270824432,0.19204548832549237
2022-10-19,0.1829281996700793,0.176343023448,0.17780992452905162,0.17716823197798423,0.17776519276161407,0.20329388617916566,0.17325945763681935,0.19606822729110718,0.19553710520267487,0.18584314651120243
2022-10-20,0.18052243856139435,0.199325348505,0.1785945680018434,0.17872405762397897,0.17850560766444312,0.1975381825822477,0.17325945763681935,0.19422198832035065,0.1913393884897232,0.18459760718848664
2022-10-21,0.1757573514203716,0.213652013516,0.17889523423504972,0.17981474985886992,0.17883197944015647,0.19566326385838614,0.17325945763681935,0.1923653483390808,0.18749947845935822,0.18376135883253153
2022-10-24,0.16984213441553306,0.221448542328,0.18477866548143088,0.1851745586740019,0.18464910741834578,0.1995142517161521,0.17325945763681935,0.1927214115858078,0.18336643278598785,0.18620912647122081
2022-10-25,0.169437907810734,0.132051873527,0.14988022642040602,0.15008000520434836,0.15001556687774853,0.16904814791624795,0.16339449984103344,0.18354657292366028,0.1845294088125229,0.16435634685656678
2022-10-26,0.16565937843894188,0.168870974825,0.16202716915726495,0.1623926879570578,0.16196376612654034,0.17669304782920997,0.17325945763681935,0.18040817975997925,0.18291716277599335,0.17138021017755214
2022-10-27,0.16167243931097522,0.187673550394,0.16782067806273832,0.16668300105627398,0.1676645830390044,0.18099875705192206,0.17325945763681935,0.17961323261260986,0.1820829063653946,0.17401751654639463
2022-10-28,0.162051338017978,0.109464676769,0.1352720785413476,0.13463611630710087,0.1354135791958933,0.1556016596097658,0.16339449984103344,0.17044787108898163,0.18199522793293,0.15382300464529325
2022-10-31,0.16408635652025355,0.150188753629,0.14458128164836961,0.1441981992493242,0.1446398645469919,0.15776882323593056,0.15870722393178116,0.16673141717910767,0.177655890583992,0.15632610005364242
2022-11-01,0.16347494962519046,0.158321349353,0.14922709714948001,0.1460818290662127,0.14922914462538273,0.15640584059714785,0.1610794411187252,0.16538119316101074,0.1754038780927658,0.15754406054438932
2022-11-02,0.1513530685242627,0.308059695022,0.20762752292788453,0.20690230459812006,0.2069430448244481,0.178814623731412,0.18402302668240225,0.1805655062198639,0.17363537847995758,0.1912159153520126
2022-11-03,0.14783949599577156,0.183412364473,0.1653647101887333,0.16611527165035228,0.1650874512861425,0.15802193796724187,0.1686567198833852,0.1801331639289856,0.17472995817661285,0.16830131615449337
2022-11-04,0.13853339260508188,0.2702769426,0.20441128250614482,0.20501935866483428,0.2035775536643215,0.18334712919900759,0.15795463028781248,0.1906762272119522,0.17559023201465607,0.18865377336410413
2022-11-07,0.13950562777406708,0.126554177814,0.1550996118924744,0.15515502580389023,0.1548111149105664,0.15578492708962882,0.1636010972907004,0.1844019591808319,0.1768312305212021,0.16366928095561345
2022-11-08,0.1367995526478554,0.178614656221,0.1737615996816391,0.17377068983387484,0.17333692364007725,0.16133213774718896,0.1587917620875993,0.1850312203168869,0.17901040613651276,0.17214781992053987
2022-11-09,0.13421320288393895,0.166829290479,0.16086631664564804,0.16070279235452595,0.16068639295507306,0.16372877265840177,0.16518025595915412,0.18158096075057983,0.17895950376987457,0.16738642787046532
2022-11-10,0.13032597690777292,0.178631264173,0.16548373597688967,0.16616398757338657,0.16478552934707255,0.158492074049263,0.15410311841609298,0.1885344684123993,0.19720414280891418,0.17068100808343117
2022-11-11,0.13847987233710232,0.149205677683,0.14789187081019298,0.1485692074842742,0.14734858103262463,0.14435099655718542,0.1527776078257636,0.18318836390972137,0.19225218892097473,0.15948268807724814
2022-11-14,0.1505309586634808,0.136907317339,0.14539619924038416,0.14502684994747256,0.14506348654896356,0.1404338429457348,0.1534080237177303,0.17841513454914093,0.1870235800743103,0.15639530243196237
2022-11-15,0.14699729966666245,0.218249944769,0.17534567081219896,0.17586844486579123,0.1745086373008155,0.15792029276179875,0.1534080237177303,0.18235161900520325,0.18247509002685547,0.17169682549862766
2022-11-16,0.14924877067116954,0.111213620459,0.13660062229316866,0.13566552041211177,0.1364826262447899,0.14659946581065564,0.16378978382583725,0.17530585825443268,0.18068727850914001,0.1535901650500194
2022-11-17,0.14905388609978393,0.131379132109,0.14058918778271692,0.14114280763070391,0.14042511864430127,0.14911004138411732,0.16130641943353125,0.1715286523103714,0.17885279655456543,0.15470786053432967
2022-11-18,0.14850313145990748,0.146180405454,0.14544676369877643,0.1452627756956144,0.14513901411767618,0.1552956585035517,0.15972708400087393,0.16996073722839355,0.1745690107345581,0.15648586342563492
2022-11-21,0.14909586873184702,0.0999769659304,0.12827085420533554,0.12859730972605526,0.12824933936654262,0.14000170452564722,0.148992710707334,0.16468407213687897,0.17141079902648926,0.14431525567061182
2022-11-22,0.151527857698235,0.0781616391448,0.11254922647552779,0.11292049801244798,0.11275077335798958,0.12665344364768932,0.1451626348804299,0.15694984793663025,0.16910788416862488,0.13372775835419137
2022-11-23,0.15335659846294505,0.120655007735,0.12776754165504978,0.1285403123458346,0.12761137900988162,0.13168886132703092,0.1458952070383475,0.15510931611061096,0.16648399829864502,0.14044237368362864
2022-11-25,0.15491553082063658,0.0439059498229,0.09709702486717507,0.09732563340680878,0.09752138641591367,0.10980620422850332,0.13953345533889386,0.14641939103603363,0.16672274470329285,0.1220608342852316
2022-11-28,0.15648393739188185,0.0884040092142,0.10843405852969284,0.1074835806290512,0.10897153304963063,0.12670795226877218,0.14640250222505866,0.14310617744922638,0.164311945438385,0.12934539279854526
2022-11-29,0.15541219947077384,0.120657964486,0.12082549052287145,0.12075592207299564,0.12114968864610617,0.13201416675101765,0.14923847980279764,0.14369477331638336,0.1649356186389923,0.13608773425016632
2022-11-30,0.15315891822041966,0.191034768596,0.1511001742420516,0.15102249890964325,0.15064276600722937,0.14924366253237756,0.14664444297142493,0.1516536921262741,0.1646694540977478,0.15213952726953553
2022-12-01,0.15564827968787706,0.144429607758,0.13728979192917884,0.13648634372772145,0.13702242331987757,0.14139364956207337,0.14664444297142493,0.1541661024093628,0.16199654340744019,0.14499989961815415
2022-12-02,0.15903368234861445,0.121483792454,0.13501967200337794,0.13566540664680438,0.13467657699922128,0.1316410054564716,0.14317431912352505,0.15538667142391205,0.16034066677093506,0.1422720454891782
2022-12-05,0.16054418999325137,0.107536808384,0.1327548478316519,0.13071022039956087,0.13269997117416865,0.15497472802810622,0.14667392146741184,0.15511080622673035,0.16016525030136108,0.14472710648985584
2022-12-06,0.16257901191499224,0.130706908002,0.14136395616852532,0.1396808902588565,0.14138505404456353,0.15421779334228972,0.1510532805741677,0.15682296454906464,0.16002166271209717,0.1492208002356521
2022-12-07,0.1614218162707259,0.14728430166,0.1446243542099086,0.14467672205375473,0.1447276185325754,0.16612376166512127,0.16105669984193707,0.1584222912788391,0.15914183855056763,0.1541104694475291
2022-12-08,0.16171925202122842,0.127284882532,0.13687664902439906,0.13742115682199216,0.13702583416585462,0.15845868033364044,0.1515789686934788,0.15762470662593842,0.15721291303634644,0.14802841552880713
2022-12-09,0.16102864981695028,0.114509400749,0.13253911087922535,0.1325486607426368,0.13284636851973913,0.1578076487777565,0.15972612551573376,0.15593640506267548,0.15688073635101318,0.1468978651212543
2022-12-12,0.1647312198111639,0.101559507386,0.12823789704788446,0.1288462460963718,0.12914154024153496,0.162586018669724,0.16103805616359718,0.14912188053131104,0.14985999464988708,0.14411880477147293
2022-12-13,0.15588630876535758,0.261324405192,0.1881745619853586,0.18542675186036642,0.18695004570772616,0.17496312358136218,0.15333025371734346,0.16018791496753693,0.16676265001296997,0.17368504311895197
2022-12-14,0.1426985757443248,0.303124392762,0.21132492450587442,0.20733508190497635,0.20912420038512747,0.16936487367858555,0.14791462829414592,0.17320013046264648,0.16291555762290955,0.18302562812203796
2022-12-15,0.14038641609640728,0.159857457904,0.16712801923927648,0.16498719447312807,0.1662026970881731,0.15222488201865952,0.14754737735588347,0.17330336570739746,0.15909042954444885,0.16149770934670957
2022-12-16,0.13839494176973377,0.162404579875,0.1714832871598806,0.1709446607359375,0.170498344590287,0.15171829102335788,0.14754737735588347,0.17428719997406006,0.15750473737716675,0.16342627117379618
2022-12-19,0.1376117668042061,0.126647740051,0.16154154845015511,0.16055573026214026,0.16082769108207068,0.14798840710677807,0.15288429115459676,0.17275837063789368,0.15733525156974792,0.1591273271804832
2022-12-20,0.13719147636990425,0.133892538514,0.15528376245864028,0.1554377170205425,0.15468829871409828,0.15067523295244234,0.15288429115459676,0.17018941044807434,0.15477505326271057,0.15627625228730072
2022-12-21,0.1376670361294424,0.117045940238,0.13746964075557835,0.13815539617266903,0.13721369743389641,0.1378708620641933,0.14517528207114824,0.16438941657543182,0.1519683301448822,0.14460608931682847
2022-12-22,0.13669551141915523,0.14650128714,0.14582651845056793,0.14611710338922565,0.1456798141464731,0.14388513267146127,0.1455584476757304,0.1621801257133484,0.1528223156929016,0.14886706539138692
2022-12-23,0.13617881219313818,0.162068745275,0.15037038103117212,0.151481957359603,0.1499199211579095,0.14847310359890736,0.14726597090081653,0.16178803145885468,0.15131327509880066,0.15151609151515194
2022-12-27,0.13624705979153753,0.109634920411,0.13235258437024763,0.13276086714005383,0.1325690114070297,0.14656408772339508,0.1535169416311312,0.15779541432857513,0.1506383717060089,0.14374246832949164
2022-12-28,0.13540114314028076,0.134430983266,0.13989917696033288,0.1377522208209227,0.14002110922121425,0.1524926147240287,0.1637921598686694,0.15666019916534424,0.1511724293231964,0.14882713001195835
2022-12-29,0.13598572474570264,0.0868254290518,0.12249908503976864,0.12293441606546213,0.1228951591413945,0.1415440380456594,0.15324726562716953,0.15222322940826416,0.15240657329559326,0.1382499666604731
2022-12-30,0.14103111206431154,0.147962951515,0.14219064686028995,0.14252479457662365,0.14208562450779344,0.14555407125800743,0.15417283051480393,0.1535125970840454,0.15311720967292786,0.14759396778207026
2023-01-03,0.13840502680568506,0.192362416088,0.1585617079814183,0.15795545066948824,0.15820695204491853,0.15487644495802627,0.15945248564884237,0.1577780544757843,0.1536324918270111,0.1572090839436413
2023-01-04,0.1368236700141697,0.192691826531,0.16399763744485107,0.16407155943060597,0.16326842475377942,0.15588736519787305,0.16058225887645422,0.1621677279472351,0.15889421105384827,0.16126702638637816
2023-01-05,0.1348254892657364,0.147313904168,0.15006977906819258,0.15078765462872643,0.14977042504156488,0.15681455358779833,0.16324758828090932,0.1624980866909027,0.16141954064369202,0.15637251827739806
2023-01-06,0.13700941816342846,0.175760511684,0.16487188545235895,0.16536272677691322,0.16381387253577415,0.15553912377271856,0.15284356430898022,0.16609427332878113,0.16175591945648193,0.16146876651885833
2023-01-09,0.13813640950916453,0.117554609548,0.14409953621237875,0.14360698631010216,0.14376259503946737,0.14645079330460706,0.16062600812422181,0.1641072928905487,0.16570556163787842,0.15262268193131487
2023-01-10,0.1383675774386341,0.134980847348,0.14592941059657893,0.1463699207216046,0.1453816824345714,0.14634097815883884,0.15469570662892995,0.16301532089710236,0.16538599133491516,0.15244557296750588
2023-01-11,0.13917635047966734,0.0918243115886,0.12539342874802556,0.12567808353060342,0.12550192492260775,0.12610861845363305,0.15242671487217527,0.1578426957130432,0.1693410575389862,0.14032750339701064
2023-01-12,0.1343158423045264,0.188794747361,0.15936423683421883,0.15974711580141554,0.15798027407322124,0.1320844684534252,0.14711800916277862,0.156660258769989,0.1852106899023056,0.15688072185676488
2023-01-13,0.13905115522868552,0.093476953466,0.12333284977732857,0.12377997426592975,0.12283381385258049,0.11000912490134745,0.1334473763363719,0.14836876094341278,0.18346403539180756,0.13503370506696835
2023-01-17,0.13979043208342695,0.0958831837486,0.12352732542216806,0.12396858245975802,0.12326029028030303,0.12378140173233465,0.13697471838727435,0.1423805058002472,0.17751483619213104,0.13591538003917375
2023-01-18,0.13989126981307448,0.108669753157,0.12689258462336467,0.12426735175433223,0.12683917635538802,0.1365750763752934,0.14922951688494454,0.13906140625476837,0.17215321958065033,0.13928833311839167
2023-01-19,0.1400116514144648,0.121310936475,0.1331250673600783,0.1333311466638029,0.13296135010261673,0.12625964833734404,0.14711800916277862,0.1390758454799652,0.1706816703081131,0.14036467677352843
2023-01-20,0.13938702172905626,0.107239254129,0.12344099835452614,0.12399263780532659,0.12344522796794935,0.13150187374626107,0.15050393084898267,0.1362205445766449,0.16857795417308807,0.13681188106753983
2023-01-23,0.13953246876927106,0.124506109115,0.13106740971566824,0.13184387570399245,0.13082883903705445,0.13442920375920617,0.15028811606764858,0.13708697259426117,0.1661256104707718,0.1402385753355147
2023-01-24,0.1390837153270533,0.128236877444,0.13446113692783096,0.13451012954735564,0.1340611409433689,0.12517818566390634,0.14469497293881733,0.1389819234609604,0.16485406458377838,0.13953450772371687
2023-01-25,0.13893470706555078,0.125956648291,0.1348411055251915,0.13559652002257783,0.1343767940091439,0.13809062153442897,0.14469497293881733,0.14061042666435242,0.1638237088918686,0.14171916422662578
2023-01-26,0.1365824943298972,0.152661079543,0.14547104507366587,0.14510645730402985,0.14459662057867997,0.14653223178199232,0.14469497293881733,0.14533475041389465,0.16165144741535187,0.1476267893580617
2023-01-27,0.13560774993333088,0.111401330401,0.13278893546251108,0.1331783342261152,0.13222966681912163,0.13998969526382676,0.14551080189940063,0.14428606629371643,0.15875579416751862,0.14096275630460148
2023-01-30,0.1357841165491443,0.115091540788,0.13331249345922708,0.13356716338630575,0.13307050454744343,0.14857837650121214,0.16026908284927968,0.14359667897224426,0.16015763580799103,0.1446502765033862
2023-01-31,0.13588973624118195,0.104260530976,0.12839298160092313,0.12866878502980883,0.12813622479871348,0.13398256866603517,0.15033456633256562,0.14125189185142517,0.161733940243721,0.13892870836045607
2023-02-01,0.12808325570076365,0.226371016179,0.17353427738115199,0.1744218835147095,0.17165469494883395,0.14646897355187943,0.1351599309678251,0.15513476729393005,0.16246531903743744,0.15983426381368107
2023-02-02,0.1251858652265758,0.146945614083,0.14769095173848218,0.14844774000819072,0.14651121693748567,0.13523283839706893,0.1351599309678251,0.15619394183158875,0.16211898624897003,0.14733651516137306
2023-02-03,0.12490444138850469,0.167302749123,0.15809578209553002,0.15857319336384468,0.15665808412697224,0.14663480038086282,0.13636287749974998,0.16015060245990753,0.16187550127506256,0.15405012017170425
2023-02-06,0.12547453064322975,0.101501230696,0.13656989047567739,0.1364898397460346,0.1359866956903721,0.1411784548349465,0.13884914653056168,0.1550082266330719,0.16380099952220917,0.14398332191898192
2023-02-07,0.12119324029606932,0.208227730554,0.1774325659719087,0.178451091911564,0.17545604098052955,0.147422412995811,0.14469497293881733,0.16517911851406097,0.1640571802854538,0.16467048337116363
2023-02-08,0.12649797790899583,0.142586508915,0.1509483672248098,0.15063463099623442,0.15000855906547128,0.14858295070563346,0.14899243730606596,0.1631881296634674,0.1625628024339676,0.15355969677080714
2023-02-09,0.13954915997556416,0.139864667046,0.14948328034834676,0.14761241774023243,0.14881498784263192,0.16025430002208182,0.15463203069981424,0.16122564673423767,0.16206367313861847,0.15486947664656617
2023-02-10,0.14214044539483617,0.114654154645,0.13798029128095984,0.13848266876962828,0.13766275928826976,0.14927541193514346,0.15473445294950205,0.15569670498371124,0.1626788228750229,0.14807301601174824
2023-02-13,0.1475871224748528,0.087908616273,0.12851079459291256,0.12902689360256056,0.12834455396531566,0.14643950611367842,0.15044201338872948,0.14995086193084717,0.14119508862495422,0.1391299588884283
2023-02-14,0.14613864885325578,0.189530959568,0.15930979196067077,0.158519370835649,0.15770040961142473,0.15635868602696743,0.14671036682448224,0.15277503430843353,0.14304250478744507,0.15348802347929613
2023-02-15,0.1488238667168731,0.116286494015,0.1343063655381993,0.13478681135186965,0.13350053514491117,0.14026961996604487,0.14671036682448224,0.15027965605258942,0.14080598950386047,0.1400941920545653
2023-02-16,0.14945484169113024,0.111361425439,0.13074884123346395,0.1309341642198734,0.13045774184684397,0.13867148667064358,0.15263243064492352,0.14819934964179993,0.14074841141700745,0.13891320366779367
2023-02-17,0.14838286464074213,0.124193162888,0.13536009505543534,0.13567491436674456,0.1348360431486378,0.14054418680929898,0.15139603133791002,0.14754289388656616,0.14042475819587708,0.14082556040006713
2023-02-21,0.15475005869573685,0.0885173588325,0.12431565773771247,0.12212692781451229,0.12497074109118503,0.16338051675541884,0.16076926455585547,0.1452251672744751,0.14133507013320923,0.14030333505176693
2023-02-22,0.15643032285616748,0.127881583929,0.1324694188940851,0.1321355580289608,0.13270624189523003,0.16866583863256823,0.1668646637740189,0.1448661834001541,0.14428433775901794,0.14599889176914788
2023-02-23,0.15816820919187016,0.117554529183,0.12933279495752742,0.12916854408878561,0.12938261091355244,0.14902575067905768,0.16049576338185023,0.14414779841899872,0.14407005906105042,0.14080333164297462
2023-02-24,0.15759764068475138,0.122454519603,0.1316573496913053,0.13173048835825862,0.131802550546908,0.14970663779674379,0.16221998902026816,0.1440713256597519,0.14398187398910522,0.14216717358033443
2023-02-27,0.15729615157821503,0.0984673993604,0.12249675811513772,0.12182508912101911,0.12290045070695545,0.15009250005233932,0.157060956341103,0.1424420028924942,0.14012205600738525,0.13670568760520485
2023-02-28,0.15699363578050546,0.0826959623667,0.11749265821372457,0.11745952336333847,0.11807293552471557,0.13555893321721335,0.157060956341103,0.1403457522392273,0.13744866847991943,0.13191991819703452
2023-03-01,0.155558871225978,0.119378459225,0.12845158521056507,0.12881869320109415,0.1287220045147158,0.1538662008614328,0.16315635555926644,0.14059782028198242,0.13786891102790833,0.140211652950995
2023-03-02,0.15457924225445793,0.107111318736,0.12391814023393606,0.12497049438565909,0.12414115322426703,0.14457721501707976,0.16218618615535862,0.1400497704744339,0.13499882817268372,0.1364059696662026
2023-03-03,0.15424830641172307,0.0892700198578,0.11612834547890816,0.117012703164984,0.11633935757808517,0.12023271404249518,0.139644798202411,0.1383509486913681,0.13217714428901672,0.12569800163532405
2023-03-06,0.15479560975863235,0.0786308030744,0.11220368890390067,0.11205568631894414,0.1127239903039185,0.129586403448183,0.1439607702205262,0.13610774278640747,0.12844136357307434,0.12501137793642206
2023-03-07,0.1518726088277027,0.162825676757,0.14409182543469568,0.14065599748548047,0.14366003035240416,0.1563501455515315,0.16315635555926644,0.13996659219264984,0.13081404566764832,0.14552785603481094
2023-03-08,0.15039503181426572,0.11532564947,0.12910214930226901,0.1301045571706663,0.1290880407211492,0.14266159816946866,0.16315635555926644,0.1399078220129013,0.13210651278495789,0.13801814796009698
2023-03-09,0.1479944001909518,0.145539013641,0.14099783948125255,0.13781632740739988,0.14128988547620153,0.167957303698396,0.1668646637740189,0.14209811389446259,0.13988745212554932,0.1481302265510401
2023-03-10,0.140635552882962,0.218914567533,0.17283960762033165,0.1739766973328429,0.1722269332412805,0.18849434780403776,0.16833808769373307,0.14907439053058624,0.15293890237808228,0.1682698523715563
2023-03-13,0.12666372296511894,0.304103514316,0.21408681508889343,0.21668332923495476,0.21230931114486037,0.21668373907439828,0.17205853193251552,0.16166041791439056,0.17177024483680725,0.19503605560383147
2023-03-14,0.12207990424551947,0.168743227087,0.17162621383556526,0.17211624675039658,0.1704002679323975,0.17315041891180366,0.19954656323196657,0.16331370174884796,0.18504118919372559,0.17645637165781472
2023-03-15,0.11661046499014573,0.202155948183,0.18737080283813073,0.18857590437168076,0.185671941403121,0.19040837626470603,0.13144684037143153,0.1686408668756485,0.20508861541748047,0.17960047822031414
2023-03-16,0.11187737512235438,0.164278574282,0.17642935953158975,0.1771880024393947,0.1742520099666071,0.17087805511997817,0.1318778394499106,0.1700672209262848,0.1980179250240326,0.17124434463682828
2023-03-17,0.10685316349437858,0.173652986223,0.17636435176041404,0.17554505203044107,0.1751222056544705,0.18816346592085356,0.13837186224740633,0.17102457582950592,0.19461700320243835,0.17417264523507567
2023-03-20,0.10387444083637515,0.127881591652,0.15006192522637443,0.1505544852586325,0.14962981230663275,0.16447636892321046,0.1406976794564646,0.16691701114177704,0.18265914916992188,0.15785663306900194
2023-03-21,0.10321204566173273,0.0933764574384,0.13427324880209396,0.1342454601758262,0.13391314852345068,0.1457896075541491,0.13286112153761184,0.16095326840877533,0.16966253519058228,0.1445283414560699
2023-03-22,0.09363974824795718,0.219926241974,0.17447004088724374,0.17224158957621968,0.172795394246441,0.16453661853836848,0.1482028581517263,0.16415253281593323,0.1683025062084198,0.16638593434633603
2023-03-23,0.0874345822788512,0.165329578726,0.15710899555320904,0.15632706896357973,0.15610006329439344,0.15249780519418907,0.14274659001888315,0.16333337128162384,0.16521859169006348,0.1561903551422774
2023-03-24,0.08239104010516435,0.159061414627,0.15400156450060556,0.15512171163337576,0.15283882529292264,0.15519050357270392,0.14166470802897752,0.16229327023029327,0.1633172333240509,0.15491825951184707
2023-03-27,0.0811893758527161,0.105884948555,0.1359769131402949,0.13533602286522944,0.13535268155511038,0.1497375655460433,0.13143556155928451,0.15819676220417023,0.15604111552238464,0.14315380319893103
2023-03-28,0.08059521084637226,0.0877618979229,0.1301205422215275,0.12900859474949708,0.12964115783568142,0.14151110561116845,0.12496026619566532,0.15445004403591156,0.15194591879844666,0.13737680420684256
2023-03-29,0.08288515204598951,0.0695844239131,0.11439385098362664,0.11474941970642177,0.11444630378266708,0.12478895046048012,0.12255722030412997,0.1488570272922516,0.14598360657691956,0.12653948272949953
2023-03-30,0.08303687810633056,0.0695269163622,0.10794145674118796,0.10787454953447659,0.1082785106823828,0.12069729025066751,0.11889319016200481,0.1437947005033493,0.13982589542865753,0.12104365618610378
2023-03-31,0.08445113157594988,0.071362516053,0.10281000755033208,0.10341097963413218,0.1034242330175251,0.1153242543072066,0.11934652502089563,0.1391899734735489,0.13514918088912964,0.11695073627039573
2023-04-03,0.08623723780090362,0.0763078779603,0.10250482920072648,0.10311081627240619,0.10308193849514063,0.1065114404163164,0.11049523856537671,0.13593044877052307,0.12858706712722778,0.1128888255496739
2023-04-04,0.08877615292198238,0.0986648841028,0.11017205458178234,0.10966337769038116,0.1105133368759968,0.113947477445416,0.1134813092225885,0.13506725430488586,0.12894777953624725,0.117398941379614
2023-04-05,0.08826814822955786,0.0876811254178,0.10792642642857658,0.1080775030022294,0.10836671603841741,0.10948379004634658,0.1134813092225885,0.13399149477481842,0.1268952190876007,0.11546035122865395
2023-04-06,0.08845309112819742,0.0626171490381,0.10015529193253621,0.1007645708566128,0.10084564768620344,0.11099134239691143,0.1129668618107487,0.13180221617221832,0.12146623432636261,0.11128459502594193
2023-04-10,0.08793568246782191,0.0783506174469,0.10572995461717412,0.10646509409903002,0.10630273319783606,0.13781889147399573,0.12495142486645622,0.1311744898557663,0.11888991296291351,0.118761785867596
2023-04-11,0.09158041134059838,0.057618825582,0.09844747110619276,0.09835813470260431,0.09944573403065807,0.11895102134383297,0.11882840007075349,0.12932728230953217,0.11677607893943787,0.11144773178614452
2023-04-12,0.09031663984942088,0.118537281113,0.11932306783084448,0.11730010178797776,0.11950101697252132,0.13164005699947529,0.11618194358997515,0.13130693137645721,0.12244713306427002,0.12252860737450302
2023-04-13,0.0914220065422653,0.0673065160077,0.10317993137981131,0.10373578590231991,0.10386351190721449,0.10953438552944526,0.10563400870368027,0.12929962575435638,0.11892499029636383,0.11059603421045593
2023-04-14,0.08917241385953618,0.115980495786,0.12242235677489174,0.12145476575506722,0.12213926542802094,0.10487331923643066,0.1098435590514374,0.12833796441555023,0.11195433884859085,0.11728936707285557
2023-04-17,0.09007948903117512,0.0653982176222,0.10675777548497056,0.10698242212109996,0.1072180803344509,0.12133024998922307,0.10211464213766029,0.12649667263031006,0.10665259510278702,0.11107891968578598
2023-04-18,0.08997304736078243,0.0841275269962,0.1146926937320486,0.1140600906695435,0.11476334106261189,0.11931827855252904,0.09655435842627606,0.12626884877681732,0.10460733622312546,0.11289499249185027
2023-04-19,0.09213423574494771,0.0563206942425,0.10253380572484597,0.10287889741541667,0.10327967425839044,0.09742240853835908,0.09372413483679212,0.12376575171947479,0.1041228398680687,0.10396107319447825
2023-04-20,0.09305509518349009,0.0764102606105,0.10955404060405834,0.10986064575714517,0.11018790644622171,0.1177561016150839,0.1101600991469479,0.12298475205898285,0.10512588173151016,0.11223277533713572
2023-04-21,0.0929225341345661,0.0937909890999,0.11335221976907989,0.11340938561144079,0.11370988267838367,0.11376958412267435,0.1040952526722828,0.12299536168575287,0.10467825084924698,0.11228713391269449
2023-04-24,0.09475435707847107,0.0611420301826,0.10387368082753681,0.10385909477593122,0.1048099261986589,0.11414674824719141,0.1040952526722828,0.12107633054256439,0.1011066809296608,0.10756681631340377
2023-04-25,0.09512604916063319,0.0855193379369,0.1118204041654196,0.11012644386307863,0.11324520233966905,0.13811288704805505,0.12374664058007752,0.12078790366649628,0.10479391366243362,0.11751905647503283
2023-04-26,0.09602714834432605,0.0841645936667,0.11367981698534613,0.11301605174568605,0.11494733604896369,0.13396959575867334,0.12464565885123091,0.12057913839817047,0.10751020163297653,0.11833539991729244
2023-04-27,0.09623694551236338,0.0753889195268,0.11107956852499096,0.11125132395568697,0.11181010525657384,0.11174909606692673,0.1040952526722828,0.1200122982263565,0.10621940344572067,0.11088814973550551
2023-04-28,0.09539238675728164,0.112710074243,0.12365561969415577,0.12429089266072932,0.12348287358392881,0.10574924642412567,0.10426076397994088,0.12157618999481201,0.1040576919913292,0.11529618261843166
2023-05-01,0.09559577953865117,0.073230189908,0.11239171879828869,0.11219177278604309,0.11279784786654223,0.11235346583214023,0.09372413483679212,0.12099461257457733,0.10225407034158707,0.10952966043371011
2023-05-02,0.09487618251075873,0.100333888455,0.12153471704380886,0.12034812617987979,0.12192757576017685,0.11745600553671663,0.1101600991469479,0.12211902439594269,0.10553357750177383,0.11701130365217807
2023-05-03,0.09376389463647934,0.110567223802,0.12626838870541857,0.12445001740354765,0.12663053159562312,0.1280225418105886,0.12075760680266096,0.12378156185150146,0.11555338650941849,0.12363771923982268
2023-05-04,0.09155771135594425,0.138079637822,0.13864729050527247,0.13882695309890014,0.13872306291520156,0.1525011197767064,0.12623781271393875,0.12706707417964935,0.12083432823419571,0.13469109163198062
2023-05-05,0.09136297016880963,0.076152831226,0.1173332239167647,0.11774581680135233,0.11756635711352195,0.12861219667999196,0.1040952526722828,0.1259351372718811,0.11798090487718582,0.1184669841904258
2023-05-08,0.09176783803386676,0.0678767814283,0.11453679348887227,0.11433958148066392,0.11491853740330846,0.12361683552353395,0.1040952526722828,0.12476062774658203,0.11642888933420181,0.11609950252134933
2023-05-09,0.09153051733265796,0.0649788626727,0.11122738649840543,0.11131709628836517,0.11201290373276823,0.1166400216162192,0.1040952526722828,0.12335099279880524,0.11736928671598434,0.11371613433183292
2023-05-10,0.08874737570268318,0.130613806147,0.13240023622451128,0.1320141504494062,0.13187928233283333,0.12982021839722035,0.10658642480614398,0.12578049302101135,0.12227857857942581,0.12582276911579318
2023-05-11,0.08700302551271652,0.0960400153765,0.11877034006855719,0.11895284370018229,0.11885102373942155,0.12755323476918723,0.1017695918460797,0.12539342045783997,0.12045646458864212,0.11882098845284429
2023-05-12,0.08600065558520353,0.0935350836537,0.1193151321486059,0.11914817110184382,0.11933628520813803,0.11803208724283575,0.1017695918460797,0.12517352402210236,0.11711763590574265,0.11712748963933547
2023-05-15,0.09024044694967773,0.0701422396459,0.11156366461375908,0.11164056845583559,0.111898246898366,0.11431395032009048,0.09091168292085819,0.1226460337638855,0.11025870591402054,0.1104618361266879
2023-05-16,0.09046551165265358,0.0877007458941,0.11866208956127465,0.1186896321390099,0.11893957384102719,0.12144994196968427,0.10400468766931649,0.12278765439987183,0.11147456616163254,0.11657259224883099
2023-05-17,0.09099246696700558,0.0817005131632,0.1134570075603181,0.11393625320439496,0.11375590443078698,0.1188018359731955,0.10133712076267644,0.12242962419986725,0.11186929792165756,0.11365529200755668
2023-05-18,0.08937837749086744,0.106943684448,0.12189740179590047,0.12262751377581163,0.12150608443817501,0.12250015398404109,0.10398593367986532,0.12286132574081421,0.1103106215596199,0.11795557642488966
2023-05-19,0.08859617777661292,0.0970552839154,0.11886697029090693,0.1185889229346654,0.11874489826978343,0.12216745743648443,0.0950602199965187,0.12300385534763336,0.11047082394361496,0.11527187831708674
2023-05-22,0.08830104798220914,0.0909891666866,0.1183065141539861,0.11858295279200405,0.11827332453102002,0.12245852606116388,0.10441160198020828,0.12313756346702576,0.1104607954621315,0.11651875406393422
2023-05-23,0.08649591132367818,0.10468025314,0.12363026505609391,0.12245748709208507,0.12370606295943294,0.1300121343761723,0.10918296561675259,0.12366822361946106,0.11363121122121811,0.120898335705888
2023-05-24,0.08560226976975085,0.0937852604402,0.12089928837139916,0.12115857573104823,0.12151027249661708,0.13266442898511954,0.11942447478859057,0.12385793030261993,0.11746057122945786,0.1224250774149789
2023-05-25,0.08359860325778178,0.103445089888,0.1235719237126048,0.12380400690579768,0.12361892997561263,0.13060739888976364,0.11694905501050186,0.12423203885555267,0.11812614649534225,0.12298707140645367
2023-05-26,0.08424499689262502,0.0808118487473,0.11548841834929521,0.11579733799907425,0.11561531452200188,0.12193207280670844,0.10478473420731395,0.12385682761669159,0.1213313564658165,0.11697229456670026
2023-05-30,0.08305285973061735,0.0964617748109,0.12060119523761065,0.12023962966558659,0.12036972704408017,0.12438179681658633,0.10530072848334142,0.12405775487422943,0.12105601280927658,0.11942954927581588
2023-05-31,0.08280823805618376,0.0786029173462,0.1134923966708374,0.11337968197935265,0.11370099481227437,0.12076812728792598,0.10960048556206013,0.12355384230613708,0.11916594952344894,0.11623735402029092
2023-06-01,0.08104348146380953,0.0847854053416,0.114751249432197,0.11532486174370285,0.1144802495570667,0.11718891040043898,0.08276951966165448,0.12334072589874268,0.1165136769413948,0.11205274194788536
2023-06-02,0.07940879990229849,0.0884242472436,0.11493508813655554,0.11541081343098147,0.11448665427073279,0.11638018875569012,0.07544475772623069,0.12315300107002258,0.10923833400011063,0.10986411962718912
2023-06-05,0.07748502302450248,0.102372185574,0.1207380548439915,0.12004686350755042,0.12004368311006275,0.12067251372968077,0.08865073912198897,0.12346796691417694,0.10655712336301804,0.11431099208435277
2023-06-06,0.0775122961902799,0.071071708152,0.10967032486177794,0.11014834566632589,0.10948458835530477,0.11307107387629446,0.0759634024187017,0.12270630896091461,0.10582569986581802,0.10669567771501963
2023-06-07,0.07703806618408902,0.0785129086411,0.11195929391871966,0.11176794672072045,0.11162865753013035,0.11429971091522478,0.0775455977761359,0.12239603698253632,0.10354749113321304,0.10759210499666863
2023-06-08,0.07811131113065048,0.0575216673566,0.10368357326225865,0.10406187627431956,0.10374902915276492,0.10937493592598818,0.07791202512449555,0.12152236700057983,0.10264726728200912,0.1032787248603451
2023-06-09,0.07748920814382401,0.0807678727331,0.11030060218468929,0.11022502219803862,0.11000809840554424,0.11377309698365773,0.0834333209692245,0.12145814299583435,0.10478172451257706,0.10771142974993797
2023-06-12,0.07745522201344775,0.0527798199393,0.09869732995793085,0.09909990656892229,0.09936296156365561,0.11220242253860084,0.09799225364088085,0.1203620433807373,0.10722962766885757,0.10499236361708363
2023-06-13,0.07716373781717471,0.0714641479428,0.10463600514694688,0.10504789881169593,0.10496558441192481,0.11471433804806946,0.09672165240509883,0.1200508177280426,0.11660530418157578,0.1089630858190506
2023-06-14,0.07125853911373037,0.143567647397,0.13048912230110993,0.130932404140982,0.1292423750971985,0.11046283512436035,0.08756054335016378,0.11160297691822052,0.0832071527838707,0.11192820138798654
2023-06-15,0.06961711140210458,0.0924418845613,0.11692503632390319,0.11768351419178656,0.11639171223995773,0.10573179036564237,0.0882691429226299,0.11204342544078827,0.0797300711274147,0.10525352751601753
2023-06-16,0.06812493933152117,0.0931826111492,0.11795979770642825,0.11740778495421977,0.1172704201316123,0.10591682790856727,0.07549395899280682,0.11256322264671326,0.0734325721859932,0.10286351207519155
2023-06-20,0.06801424665143208,0.0729597376956,0.11310568309792278,0.1128099918157863,0.11279995860196271,0.10575073372392095,0.08344226284105072,0.11238747835159302,0.07457628101110458,0.10212462706333444
2023-06-21,0.0678701367816497,0.0805995258307,0.116205305355839,0.11608917896246757,0.11562201022093097,0.09652575163776941,0.07740545920043572,0.11259350180625916,0.07631868869066238,0.10153712798205204
2023-06-22,0.0670005080202131,0.0847506222696,0.11360434961571877,0.11427060365914961,0.11315213187292292,0.10369691614158932,0.07969875072632314,0.11230511963367462,0.07682345062494278,0.10193590318204589
2023-06-23,0.06628402523656209,0.0658162215385,0.10608973635690241,0.1063775550393568,0.10615437205485243,0.10078600467993135,0.07969875072632314,0.11119315028190613,0.08035493642091751,0.09866492936574141
2023-06-26,0.06834195353323755,0.0746056249237,0.10770483405174353,0.10743478874828746,0.1078314307911061,0.10514113220584265,0.08183087072844929,0.11049830913543701,0.08525290340185165,0.10081346700895967
2023-06-27,0.07041761802253184,0.0598449833925,0.10242771745596797,0.10292464085282513,0.1027784239593151,0.09488157264452286,0.084532648547663,0.1093539148569107,0.08391592651605606,0.0972592635476087
2023-06-28,0.06992298687759269,0.0938557863345,0.11387170932353552,0.11443735696928078,0.11357307468698949,0.10639358121610312,0.09083930251346052,0.10980090498924255,0.08823774009943008,0.105307667114006
2023-06-29,0.06988397891996706,0.0715303583633,0.10613155181172412,0.10654655256350731,0.10625724849491303,0.0988257781541874,0.0882691429226299,0.10913175344467163,0.08100546151399612,0.09945249841508993
2023-06-30,0.06919858022220976,0.0729820594845,0.10717327459473648,0.10737067246530438,0.10718508117434532,0.09658800359584954,0.09056243444851732,0.10880374908447266,0.0779694989323616,0.0993789591850839
2023-07-03,0.07094787341298653,0.0334101558341,0.09240119068612487,0.09267657522661985,0.09335797083676685,0.09775162338771337,0.08219014147249905,0.10681034624576569,0.07607606798410416,0.0916091308342277
2023-07-05,0.0725282078573676,0.0480706916708,0.09631837323211392,0.0966113912230864,0.09725633330006771,0.1042770383246413,0.08219014147249905,0.10581234097480774,0.07881570607423782,0.09446876065735056
2023-07-06,0.0753087087574068,0.0643557417333,0.09948854779325278,0.0997074552457614,0.10052895482818992,0.10652577072013641,0.0819597808316486,0.10533888638019562,0.08416221290826797,0.09681594410106467
2023-07-07,0.07557857379464315,0.0716935165748,0.10191422529245633,0.10209041731383543,0.1027620572224035,0.11408354273291928,0.08688201399342572,0.10519304871559143,0.08743578940629959,0.10005158495384733
2023-07-10,0.0763121944198273,0.0680083525596,0.10045682087142577,0.10077433502032718,0.10145276281147798,0.11111499011583224,0.08479412104895687,0.10493393242359161,0.09256226569414139,0.099441318283679
2023-07-11,0.07675935473315237,0.082495582936,0.10820462891728912,0.10868798038469016,0.10869818980436216,0.12000432530345298,0.09033903037712865,0.10567906498908997,0.09747117012739182,0.10558348427191498
2023-07-12,0.08010004096955955,0.0670123776789,0.10464448219367647,0.10459653842543551,0.10501229639730887,0.11249108110079964,0.08529890884512101,0.10585823655128479,0.09715308994054794,0.10215066192202489
2023-07-13,0.08185301166226884,0.0517216028284,0.09921226258476876,0.09958906377620491,0.09991959045401282,0.10312408420001637,0.08665671575084967,0.10530726611614227,0.10247523337602615,0.09946917375114585
2023-07-14,0.08205429332178495,0.0645033006384,0.10262348669622225,0.10239176527221967,0.10310964280208651,0.1061616928208525,0.08431762021708944,0.10534060001373291,0.1104493960738182,0.10205631484228879
2023-07-17,0.08377215171951452,0.0469674950982,0.09514374611437325,0.09556102412345252,0.09611543554988773,0.09209637518213698,0.07684021616319381,0.10313312709331512,0.09246692806482315,0.09305097889874037
2023-07-18,0.08574470776109602,0.0607414264863,0.0983469338291292,0.09887066647451262,0.09925467743877267,0.09618900108274026,0.07866310872877798,0.10271397233009338,0.0906176045536995,0.09495085206253222
2023-07-19,0.08709966967943426,0.0660815205525,0.10006436983034171,0.10026152839567236,0.10098469664911279,0.10319614605807806,0.08223570134741863,0.10249312222003937,0.08927854150533676,0.09693058657228568
2023-07-20,0.08814920602820969,0.0707577662593,0.10289453600097301,0.10276254617100367,0.10367067816018162,0.11261828810182417,0.08509928781839651,0.10258936882019043,0.08879018574953079,0.09977498440315717
2023-07-21,0.08849788593851132,0.0780067668046,0.10602404932461768,0.10573367646932268,0.10653932045470378,0.09494070059820556,0.0789382241463457,0.10300713777542114,0.0913088396191597,0.0980702783411109
2023-07-24,0.08962788108815782,0.0686995833133,0.10464752139824199,0.1047228219793691,0.10522797563388228,0.10477354449744734,0.08223570134741863,0.10316349565982819,0.09394071251153946,0.09981596757538957
2023-07-25,0.09016313213537558,0.0482323281222,0.09763089658726233,0.09767974698941279,0.09866345724105818,0.09954091801828895,0.08013769336426674,0.10241387784481049,0.09419742971658707,0.09575200282309806
2023-07-26,0.09009710377021672,0.106696120384,0.11829681216534754,0.11885648110997488,0.11801432453879108,0.11396310062370621,0.09179256740555031,0.10425819456577301,0.09809248894453049,0.10903913847909621
2023-07-27,0.09421655018554649,0.0981315782866,0.1173630028772877,0.11532684696255385,0.11727682158919739,0.10558915664980006,0.0789382241463457,0.10552684962749481,0.09922442585229874,0.10560647538642545
2023-07-28,0.09397668340862216,0.0857388774869,0.11391525650472778,0.11449851085036267,0.11377690456902469,0.1039470418244576,0.08223570134741863,0.10614478588104248,0.09875745326280594,0.10475366489140568
2023-07-31,0.09453288634795617,0.0707252917946,0.10950128725805652,0.10996833486829537,0.10967093923932394,0.10504279650534351,0.08138291576211179,0.1060919538140297,0.09623763710260391,0.10255655207853782
2023-08-01,0.09576157336564599,0.0576585978267,0.10614362236908728,0.10588850251395976,0.10655957364536792,0.10368175478263311,0.1019903128001188,0.1056777760386467,0.09526588767766953,0.10360106140392615
2023-08-02,0.09542834984551918,0.0791488502192,0.11093706483797469,0.11044570452732316,0.11156045969891987,0.10948668448348436,0.09869283559904587,0.10584858059883118,0.09689684957265854,0.10626688275974824
2023-08-03,0.09537841823851767,0.0840971786353,0.11129565486341832,0.11168055952250916,0.11191957967727512,0.11219386924888047,0.1019903128001188,0.10607217997312546,0.10074401646852493,0.10798516750769317
2023-08-04,0.09312971472392687,0.113021837571,0.1217925199035654,0.12017904286166158,0.12188461430675426,0.12777811734863956,0.11615808481784176,0.10755391418933868,0.09993978589773178,0.11646943990364757
2023-08-07,0.09354951097495058,0.0774277958066,0.11113798455257529,0.11152029789790927,0.11148674783187032,0.11575440291652175,0.10226922201992107,0.10750380158424377,0.10054760426282883,0.10860286586655289
2023-08-08,0.09362687102086024,0.08345759537,0.11468124261039539,0.11468456357223512,0.11490982625586488,0.11935201721583147,0.10312200760522791,0.10798966884613037,0.10185138136148453,0.1109415296381671
2023-08-09,0.09283779926251806,0.0907905235332,0.11762928824827729,0.11658851321336676,0.11779004096420068,0.1257298604832824,0.1059855940762058,0.1086575835943222,0.10209401696920395,0.1134964139355513
2023-08-10,0.08988785823727696,0.124479063589,0.13058846509999517,0.13008717891401717,0.12991904233428508,0.12656058706330853,0.1098152871923817,0.11069609224796295,0.11017916351556778,0.1211208309096455
2023-08-11,0.08890099876696775,0.0929354735888,0.11933660672793922,0.11991971847981855,0.11908430774377446,0.12195017940226986,0.10987611854680247,0.11094123125076294,0.10969086736440659,0.11582843278796773
2023-08-14,0.08937448342294796,0.069667051141,0.11151456834312205,0.11196537142632519,0.11158065004677985,0.10495972435050095,0.09709714183172391,0.11036184430122375,0.10514727979898453,0.10751808287123718
2023-08-15,0.08810349075868901,0.0904883361024,0.11753539827682827,0.11645384608044329,0.11760709069492697,0.10662455413474985,0.10501466101299604,0.10285314172506332,0.11861535161733627,0.11210057764890628
2023-08-16,0.08656917489637983,0.103496533774,0.12217128048632822,0.12203042158000597,0.12218726205155936,0.13371222504585906,0.13013412580759845,0.10650847107172012,0.12408284097909927,0.12297523243173862
2023-08-17,0.0849077712083152,0.0963582684174,0.11790213042430961,0.11770198915745975,0.11838872380646602,0.1245975973384836,0.10653118239417737,0.10641644150018692,0.1295679807662964,0.11730086362676852
2023-08-18,0.0837663627383522,0.0941763922323,0.11718138407757778,0.11765727917493118,0.11746402559590977,0.1231252974371459,0.10440850181517224,0.1059742420911789,0.12269286066293716,0.1155005129792647
2023-08-21,0.084720584641368,0.085898281724,0.11563654446974117,0.11601761832462887,0.11585911603112267,0.13392927642395736,0.12093957374450906,0.10433083027601242,0.11689493805170059,0.11765827104595317
2023-08-22,0.08435523277512308,0.0945861462136,0.11853324749497636,0.11794539624414253,0.11859349667921745,0.11984709341141724,0.1063564518267555,0.10542479902505875,0.11450635641813278,0.1144581201571001
2023-08-23,0.08619678028959783,0.0659337346611,0.10712624963918652,0.10755897715531462,0.10752474102551966,0.1179366417110725,0.11862669407042388,0.0994228944182396,0.10576155036687851,0.10913682119809076
2023-08-24,0.08658816374536418,0.10551831141,0.11976700394773501,0.11812706537462563,0.11981456650276592,0.11742509485029651,0.12172859052084883,0.1048094779253006,0.10214485973119736,0.11483095126468142
2023-08-25,0.08198517424810416,0.159920234179,0.14083277120782958,0.14195359645371936,0.13928183057953042,0.1281752626361253,0.12053864098886007,0.12064067274332047,0.10152440518140793,0.12756388282725614
2023-08-28,0.0848083688930096,0.0800199207742,0.11572506288363288,0.11570919159518817,0.11538310265635247,0.10491285297340211,0.10888743954672078,0.11218871921300888,0.09531710296869278,0.10973192454814258
2023-08-29,0.08789440226237391,0.0848758388002,0.11658222718153693,0.11691824830404618,0.11599762991727935,0.1078338850139259,0.11223130914925857,0.10793604701757431,0.09144807606935501,0.10984963180756804
2023-08-30,0.09031507310048528,0.0907445473806,0.11998271468140614,0.12029761895199183,0.11901705447928161,0.10625367266540978,0.09030675028475085,0.10748887062072754,0.09004592150449753,0.10762751474115219
2023-08-31,0.09402458394050144,0.0701901127459,0.11116976387062182,0.11062166497168616,0.11066142655253597,0.1006675338347117,0.10467712805606252,0.10242072492837906,0.0878564789891243,0.1040106744575888
2023-09-01,0.09617594755827676,0.0828991097341,0.10991230073703977,0.1086663592839329,0.10946410957836694,0.08881573092133657,0.10580403821065956,0.1007172018289566,0.08815506845712662,0.10164782985963128
2023-09-05,0.09976438294304435,0.0622258695746,0.10239846496187463,0.10227059378801846,0.10257519912308743,0.10203504908256789,0.12063880441401298,0.09569146484136581,0.09035714715719223,0.10228096048115994
2023-09-06,0.10112501012998515,0.0874115300427,0.11050051883871136,0.10993102502012551,0.11038970042590653,0.10945358879274639,0.11757072743670685,0.0985705703496933,0.09743756800889969,0.10769338555325567
2023-09-07,0.10352320885776291,0.0852598948424,0.10942820937607231,0.11014076273841167,0.10943372935066699,0.11542294559570614,0.11826476956337213,0.09983201324939728,0.10220926254987717,0.1092473846319291
2023-09-08,0.10463817791037457,0.071785131143,0.10540703564476378,0.10564576451490434,0.1054803900731517,0.10226657373197884,0.11757072743670685,0.09821238368749619,0.10449386388063431,0.10558239128137657
2023-09-11,0.105523038372255,0.0646174054731,0.10207078077283548,0.10204898990749056,0.10231697419584405,0.10973038913140792,0.11253321593759347,0.09591565281152725,0.1031944677233696,0.10397292435429548
2023-09-12,0.10607404840275494,0.0702265849949,0.10459554673847507,0.10465136642784119,0.10485733782812662,0.10522984117615533,0.10990075343799531,0.09592195600271225,0.10522431880235672,0.10434016005909465
2023-09-13,0.10689042673187342,0.0814010001605,0.10771076611403826,0.10775712178942408,0.10766338465427865,0.09703479050080274,0.11311408599726254,0.09814427047967911,0.09895313531160355,0.10433965069244129
2023-09-14,0.10980861812381758,0.0587460781864,0.0985305260470639,0.09902222100390128,0.0987601691510746,0.0809112913903973,0.09134812282230877,0.08690253645181656,0.09079750627279282,0.0923246247341936
2023-09-15,0.11061962954348564,0.0712984475927,0.10247203963004861,0.10126665070021634,0.10274032993050175,0.09424490821622437,0.09308721723048435,0.0866578221321106,0.08935020118951797,0.09568845271844342
2023-09-18,0.11237375502587958,0.0574645529713,0.09790398131380813,0.09803542842492315,0.09856098368438412,0.10176082141290184,0.09430198882715074,0.0846506729722023,0.08778329938650131,0.0947138822888388
2023-09-19,0.11528833452885509,0.0694704618219,0.10169158285983083,0.10186428978211719,0.10222212410657365,0.1059627227077744,0.09639378188833678,0.0847669243812561,0.0883713886141777,0.09732468776286667
2023-09-20,0.12023820076789074,0.103705194903,0.11376121165900861,0.10996005435942756,0.11386233904763365,0.10132202458174662,0.10643982615670722,0.08967746794223785,0.09851860255002975,0.10479164661382732
2023-09-21,0.12236049283647563,0.08746041151,0.11065097905041621,0.11081605786196537,0.11138643238029058,0.12461529438742505,0.11308609880579924,0.09174565970897675,0.09817082434892654,0.10863876379197138
2023-09-22,0.12412363937583687,0.104608459109,0.11816288012969622,0.11845767965288366,0.11845490133333553,0.12383830114141955,0.11332255739368621,0.09598135948181152,0.10311057418584824,0.11304689333124014
2023-09-25,0.12384591292421725,0.112045716479,0.12393839457718643,0.12479956092429635,0.12380487428314432,0.13708924344434986,0.11448391297984054,0.10098067671060562,0.10245995968580246,0.11822237465788936
2023-09-26,0.12449358505451115,0.096331271711,0.12091475127821255,0.12028361193544108,0.12147832342970401,0.15947757016979094,0.12600003131122353,0.10280654579401016,0.10702920705080032,0.12257000585274036
2023-09-27,0.12574733655786433,0.127639692551,0.13236946164634483,0.13268406347582246,0.13217846474525644,0.13403439439292705,0.1162440955339113,0.1082112193107605,0.11384180933237076,0.12422335834819906
2023-09-28,0.12532100665257204,0.13563260973,0.13784463176641615,0.1384970323588863,0.13699590520669236,0.13235495785974816,0.11528817470781834,0.11384931206703186,0.1151413545012474,0.12713876692397724
2023-09-29,0.12419146086289347,0.131505471221,0.13817131942607191,0.13757733925596927,0.13731575165568427,0.1388454356239478,0.11989892746973113,0.11758172512054443,0.11528443545103073,0.12923927628613993
2023-10-02,0.12260838406269613,0.1388764235,0.1420507552831321,0.14270944740391295,0.14102010951863767,0.13956878817409255,0.09816316654245257,0.12139548361301422,0.11507871001958847,0.1285694943649758
2023-10-03,0.12252661174799538,0.124359410457,0.13920035958289098,0.13709102912692284,0.13883620271616887,0.1551572399413256,0.11135706779044718,0.12248709797859192,0.1150345429778099,0.13130907715916534
2023-10-04,0.11986896715579892,0.136519457826,0.14333267833195135,0.14368765997274807,0.1423006868242844,0.13870505333311622,0.11282011048437605,0.12475773692131042,0.11633441597223282,0.13170547740571706
2023-10-05,0.11853826426220691,0.115675505401,0.1352965593491074,0.1353115433765328,0.13458026904437964,0.12921410401264918,0.09751959028002503,0.12288078665733337,0.1185830757021904,0.1247694183460311
2023-10-06,0.11582224656447827,0.132573672859,0.14040886335035863,0.14127970651064853,0.1391369825848801,0.14671530345811054,0.09573157248387217,0.12363612651824951,0.11605233699083328,0.12899441312813612
2023-10-09,0.11462856319650701,0.100135251741,0.12768383810987485,0.12798876737324244,0.1271221533982311,0.1314769126622634,0.08815798467184412,0.11892640590667725,0.11214036494493484,0.11907091815243828
2023-10-10,0.11421155860907074,0.0898923770916,0.12211159800761362,0.12160590105535754,0.12162636408268154,0.1108314519519911,0.08709222676558252,0.11354309320449829,0.10826124995946884,0.1121531264324562
2023-10-11,0.11545147944292788,0.0859081352493,0.11737930097364216,0.11719024540253485,0.11697861191359066,0.11274393262147077,0.08851637490741145,0.10834777355194092,0.10222534090280533,0.10905451146762801
2023-10-12,0.11465064267635659,0.101376397928,0.12107582136281003,0.1209441278113749,0.1205672294203602,0.11662165777452638,0.09474478569352628,0.10674810409545898,0.09993184357881546,0.11151908139098175
2023-10-13,0.11189905972364737,0.129347813033,0.1289295309568837,0.12885934044300748,0.12845810878049085,0.1317141877207257,0.10151969173365216,0.1121601089835167,0.10574027895927429,0.11962589251107869
2023-10-16,0.11113555201769235,0.0940086962824,0.1174237582032111,0.11769570105892113,0.11708839103409244,0.1251463250057784,0.09003414998430027,0.10880515724420547,0.10253244638442993,0.11124656127356268
2023-10-17,0.10968167017964123,0.107314960709,0.12256330291518928,0.12320087589324526,0.12201223562668174,0.12376237225206453,0.10824470827327426,0.10965394228696823,0.10048264265060425,0.11570286855686107
2023-10-18,0.1067751435661259,0.13696886333,0.13484245257211697,0.134623286068432,0.1340376496446453,0.1418711492629419,0.12905973364305334,0.11676847189664841,0.09991128742694855,0.1273020043592552
2023-10-19,0.09923738121295624,0.187715447432,0.15586110075754805,0.15514020796828915,0.1541188599520582,0.15855366341077226,0.14475324488983468,0.13238054513931274,0.0991130918264389,0.14284581627775056
2023-10-20,0.09558402418625196,0.135873082435,0.14010743914676307,0.13984129605888823,0.1393289159536253,0.14021951522399212,0.1331187728509519,0.1322399079799652,0.09956283867359161,0.1320598122696825
2023-10-23,0.09120674451697966,0.141666051883,0.14487494273539114,0.14565209862142636,0.14362382481027286,0.14105248934553155,0.12945031205661528,0.13389520347118378,0.1000601053237915,0.13408699662345894
2023-10-24,0.09041267824861732,0.105394595687,0.1335089419206094,0.1336555700344973,0.13241603796525214,0.1305168610526232,0.13221315087449328,0.1277347356081009,0.10192477703094482,0.1274242963552173
2023-10-25,0.08730548437964776,0.112505146171,0.13406518180286453,0.1336474377132229,0.13345220055978468,0.14714444981206423,0.1412399977795241,0.12441941350698471,0.10312235355377197,0.13101300496117388
2023-10-26,0.08142899362835697,0.151262783525,0.1433866885198098,0.14264910854360513,0.14249623236649975,0.1484179304923575,0.14040634318018344,0.12849539518356323,0.1022711992263794,0.1354461282160569
2023-10-27,0.07792801471679489,0.127076386554,0.13530715020794504,0.13494543024919398,0.13492816651269057,0.16163686634199068,0.14954483002054622,0.12631431221961975,0.1025366336107254,0.13503048416610167
2023-10-30,0.07578196186964416,0.106654292276,0.12675195094546088,0.12722111152427862,0.12643773243255493,0.13605747064761367,0.13706790351927045,0.12036580592393875,0.10224851965904236,0.12516435637887996
2023-10-31,0.07555057528888975,0.105270583353,0.12642606115747732,0.12713086926264414,0.12566945043370045,0.12055233679468538,0.11870509445784247,0.11665049940347672,0.1022275984287262,0.11962312999122181
2023-11-01,0.07296323113987072,0.122655259132,0.1325610037234407,0.13342950017116634,0.13109761655240834,0.12988492439508165,0.1140375504356624,0.11799309402704239,0.09954915940761566,0.1226504069589168
2023-11-02,0.07241530713525283,0.0714796130145,0.1115735011034434,0.11197745966166553,0.11096395135048068,0.10590347917240837,0.09137907126348502,0.1080421581864357,0.09692221879959106,0.10525169136250138
2023-11-03,0.07321932781725192,0.0819670025262,0.112020879816048,0.11259659543694443,0.11130833751555427,0.11308915480721426,0.08188554809367363,0.10312772542238235,0.09294430911540985,0.10385322145817526
2023-11-06,0.07377009823146367,0.0648745369093,0.1041343979483052,0.10449506516728713,0.10390628528549,0.10591620602435578,0.08188554809367363,0.09668367356061935,0.09326981008052826,0.09861299802289421
2023-11-07,0.0737440853568759,0.0651941513298,0.10182521268742104,0.10221601978098044,0.10181254252533677,0.08425291859754122,0.07365243312749666,0.09239860624074936,0.09322597086429596,0.09276910054626021
2023-11-08,0.07438133551314469,0.0779529631698,0.10286648144095553,0.10288632346789889,0.1028047989240468,0.09425696180168994,0.08105189349433295,0.09142712503671646,0.09209083020687103,0.09534063062464451
2023-11-09,0.07101982466910631,0.115586553719,0.11737736104271876,0.11669405845601773,0.11669183899708076,0.11012857482986141,0.08979886391345326,0.09872057288885117,0.0905863493680954,0.10571394564229693
2023-11-10,0.0696671068614542,0.0800463305112,0.10626593505722205,0.10689637046866077,0.10585795294585275,0.09238205723566775,0.07921109197274935,0.09707015752792358,0.09099844098091125,0.09695457231271251
2023-11-13,0.07278484484147563,0.0603330792853,0.10000990270470184,0.10049464244550124,0.1001282893152181,0.09817975060802737,0.08656908075277096,0.09236279875040054,0.0888604000210762,0.09522926637109948
2023-11-14,0.07401366889430952,0.072536704066,0.10451936163600124,0.10486872012496201,0.1041957593332281,0.09458950390252036,0.08328950187028582,0.09211527556180954,0.10239117592573166,0.09799561405064838
2023-11-15,0.07471834991204825,0.0690985938027,0.10296530668119425,0.10289678041618316,0.10277215845159471,0.08359910387574057,0.08328950187028582,0.09129133075475693,0.09945108741521835,0.09518075278071055
2023-11-16,0.07368268470775505,0.0744888061092,0.10202765635012606,0.10235551550641854,0.10189123699417342,0.09497094645655116,0.08328950187028582,0.09090333431959152,0.09447068721055984,0.09570126838681518
2023-11-17,0.07338139486550715,0.0512517968451,0.09325550500032985,0.09351329423483665,0.09366906586959936,0.08135341350747913,0.07678896656341647,0.08591081202030182,0.09000556915998459,0.08778523233656399
2023-11-20,0.07599997523831623,0.0592849000404,0.09620842175403428,0.09673747852704172,0.09653539965913424,0.08040852519231795,0.07792499997891993,0.08465448766946793,0.08735386282205582,0.0885461679432817
2023-11-21,0.07864405879542001,0.053841676579,0.09361224167525663,0.09354342464792292,0.09418668090789947,0.09532229512526588,0.07678896656341647,0.08271825313568115,0.08497483283281326,0.08873524212689368
2023-11-22,0.07769033678536012,0.0898857374488,0.10639018980305864,0.1056980146804183,0.10622212779522719,0.07789931244823062,0.07792499997891993,0.08866002410650253,0.08230962604284286,0.09215775640788572
2023-11-24,0.0778322663740246,0.0325746438693,0.0861241397288031,0.08618959470569885,0.08710401075020717,0.08463561146874363,0.07678896656341647,0.08075032383203506,0.08127932995557785,0.08326742528635458
2023-11-27,0.07862112196745757,0.0453600164401,0.08997288904897496,0.0903035615393873,0.09085546137754519,0.08208030885817366,0.08010368063671809,0.07861784100532532,0.08017415553331375,0.08458684257134833
2023-11-28,0.07799349432006467,0.0665762118279,0.09738869605772874,0.09802658528848304,0.09792974551848155,0.08503240205649762,0.07792499997891993,0.08143795281648636,0.08031757920980453,0.08829399441805741
2023-11-29,0.07794551083219842,0.0666923809007,0.09853330477639373,0.09778379719538682,0.09913407123897452,0.0908996290740122,0.07792499997891993,0.08333087712526321,0.07864857465028763,0.08946503629131973
2023-11-30,0.07658771381186645,0.101718007425,0.11020323480199931,0.1110157813101404,0.11017067469091743,0.09461242014386784,0.08518643509725626,0.09086699783802032,0.07996707409620285,0.09743180256834348
2023-12-01,0.076682056503513,0.0835160445808,0.10805248048578478,0.10873915181990298,0.10807361684885516,0.08698115066696714,0.09098386454723902,0.09268826246261597,0.08127378672361374,0.09668461622213984
2023-12-04,0.07712137707891088,0.0586221022166,0.10148565930358021,0.10130003777354127,0.10199762344897594,0.10444614231018653,0.09098386454723902,0.08910912275314331,0.0791684165596962,0.09549869524233749
2023-12-05,0.07757344360636029,0.0957995194769,0.11486297990135666,0.11539474461012822,0.1145910541078083,0.10813749676154638,0.09098386454723902,0.09449241310358047,0.07798395305871964,0.10234950087005411
2023-12-06,0.07737198642141974,0.0768687941082,0.10969458219389114,0.10836068826546091,0.10973820634223017,0.08612557014401277,0.09098386454723902,0.09411522001028061,0.07755275815725327,0.09665298423719541
2023-12-07,0.07799762148178341,0.064573173536,0.10340287785465484,0.10382456058959927,0.10383670480440224,0.09455380338976686,0.09098386454723902,0.09063555300235748,0.0797550305724144,0.09528462782291916
2023-12-08,0.07709930239448837,0.0897714674408,0.11153116897487177,0.11226908797712573,0.11135268704616808,0.10008165713863339,0.09098386454723902,0.09345720708370209,0.07671060413122177,0.09948375384270883
2023-12-11,0.08057679950445513,0.0556428997281,0.10084358996028417,0.10123598737903156,0.10128653925283428,0.0938532098425414,0.09098386454723902,0.08863268792629242,0.07959175854921341,0.09377537677963375
2023-12-12,0.08191887190308275,0.0491010280851,0.0959720223394877,0.09627085260046112,0.09662423541497837,0.08162643557333048,0.08984783113173556,0.08366992324590683,0.09589356929063797,0.091414981370934
2023-12-13,0.0805920349880463,0.113871706404,0.11770939419468196,0.11793672943121844,0.11701464124527022,0.09701312871954232,0.08703046938180295,0.09292960166931152,0.0798800140619278,0.10135913981482217
2023-12-14,0.0796731213127042,0.0951301943304,0.1137998994649573,0.1136621217214367,0.11322784512242154,0.0924733381366455,0.08213986042393816,0.09593795984983444,0.08143159747123718,0.09895323174149584
2023-12-15,0.07953458487750144,0.0835200389341,0.10973648512017378,0.10992514617403809,0.10945031619208842,0.0804828764303009,0.0813210647875319,0.09485470503568649,0.0782344788312912,0.09485786751015868
2023-12-18,0.0802396931129084,0.0481768895945,0.09836542820016753,0.09856847310415695,0.09887066265617259,0.0868618900397056,0.07930060620608533,0.08691087365150452,0.07612733542919159,0.08928646704099773
2023-12-19,0.08123333554647304,0.0411856710497,0.09580578291216031,0.09605292021158018,0.09653000447082227,0.06791412936407551,0.07467366934511589,0.08126983046531677,0.07749426364898682,0.08424865720257968
2023-12-20,0.07839136170515575,0.108301472626,0.11600593688733683,0.11346417213456542,0.11575180900722404,0.07409177588342056,0.06818358043479288,0.09159047156572342,0.08332714438438416,0.09463069861392104
2023-12-21,0.07687527556476503,0.107171138075,0.11626337738193634,0.1167638494851267,0.11590197776083075,0.09884041653499265,0.08818441507521708,0.09731114655733109,0.08853808045387268,0.10311475189275819
2023-12-22,0.0772318927368646,0.0703445460772,0.10389559169874805,0.10402224240089633,0.10419508900288532,0.08959292852237831,0.08329380611735229,0.09250098466873169,0.08679315447807312,0.09489911384129501
2023-12-26,0.07798621921358927,0.0390467138719,0.09379104618497199,0.09390466954718432,0.0947229116532046,0.0896554541387696,0.07865883394975733,0.08339394629001617,0.08226951956748962,0.08805662590448482
2023-12-27,0.07780424150980973,0.0681860163967,0.10448524756921189,0.10472933388123784,0.10455488444427889,0.08673347816757959,0.08213986042393816,0.0851065143942833,0.08270828425884247,0.09292251473419602
2023-12-28,0.0777026345901952,0.0486639810829,0.09442773353336029,0.09417518870395201,0.09521068707876515,0.0776716678469025,0.07667489493515332,0.08112911134958267,0.08280012011528015,0.08601277193757087
2023-12-29,0.08062890665094871,0.0655037497065,0.09686465191529461,0.0968612215772471,0.09757576430648958,0.07751812807087022,0.07951414915300616,0.08153315633535385,0.08340762555599213,0.08761067098775052
2024-01-02,0.08216167115519134,0.0770729086207,0.10085896597218556,0.10150946851739961,0.10146761404736263,0.09037191297911124,0.09636202986825719,0.0842902883887291,0.08626613020896912,0.09444662999743063
2024-01-03,0.08369391926153177,0.0853146367202,0.10657850296750168,0.10691444235711056,0.10696083294990157,0.09205942159245278,0.09427697629462836,0.08841458708047867,0.09105584025382996,0.09803722907084336
2024-01-04,0.0844192923623611,0.0696814189008,0.10188880478920756,0.10221307511204919,0.10259191749835059,0.0901114425207718,0.09427697629462836,0.087456114590168,0.09308615326881409,0.09594635486771279
2024-01-05,0.08301980698575372,0.103180072157,0.11573908051062642,0.11648990566656867,0.11535988679883427,0.09807707584516548,0.10085932308389067,0.09470032900571823,0.09012405574321747,0.10447852237914589
2024-01-08,0.08273668411116679,0.0724796470359,0.10678389260801671,0.10711486906974486,0.10682951572112208,0.08987277111979947,0.09636202986825719,0.09244180470705032,0.08672113716602325,0.0980180028942877
2024-01-09,0.08159217076766961,0.0788098527782,0.10885474602463296,0.10938810369122966,0.10870791720787086,0.0876489051449145,0.09450802994253191,0.09233243018388748,0.08797858655452728,0.09848838839279925
2024-01-10,0.08054439665460063,0.0716453717793,0.10568941341634362,0.10584839178924925,0.10573386183461056,0.05999699857500895,0.07895697992893025,0.09046512097120285,0.08641523122787476,0.09044371396331718
2024-01-11,0.07747298163601063,0.120875201146,0.12425029342444799,0.12373179800834722,0.12299980917869584,0.10215810000253059,0.10240658451953612,0.10048132389783859,0.08485853672027588,0.10869806367881031
2024-01-12,0.07801133853300327,0.0836098739645,0.11127113301430072,0.11080847043133676,0.11080820748703796,0.09584849068773074,0.09751597556167133,0.09781142324209213,0.09000232815742493,0.10200943265451352
2024-01-16,0.07800812596528928,0.0918620195822,0.1144645409601762,0.11466349906381751,0.11396770032955028,0.10398029218212337,0.0949761728931146,0.09924105554819107,0.09053754061460495,0.10454725737022542
2024-01-17,0.07773648536222898,0.0771821686235,0.10994944519112396,0.11034094569993488,0.10993698166420056,0.09064974346783256,0.0999556822876824,0.09749015420675278,0.09268612414598465,0.10157272523764453
2024-01-18,0.07839257672808082,0.080699563035,0.1117091843991411,0.11187498777126947,0.11145475813511824,0.10186147400399603,0.09796368883945511,0.09698574990034103,0.09684666246175766,0.10409950078729693
2024-01-19,0.07993527963495993,0.0684604559916,0.10444576019533773,0.10490228743152782,0.10451347023096817,0.08758089527906242,0.09443485689422663,0.09366624057292938,0.09388237446546555,0.09763226929564539
2024-01-22,0.08034100317807366,0.071173274591,0.10435680367063814,0.1041095507106091,0.10441198684920003,0.08264748936965667,0.0927177744584391,0.0917506292462349,0.08881094306707382,0.0955435967674074
2024-01-23,0.08155853616524858,0.0469316042618,0.09378728490233014,0.09410441995454466,0.09439894137959627,0.07056405840728067,0.08947480592047218,0.08621513843536377,0.08233291655778885,0.08726822365105379
2024-01-24,0.08109972707336419,0.0808845059505,0.1046848326174605,0.10403550069251649,0.10476341695173554,0.0893193834822565,0.09545520613581508,0.08759207278490067,0.08342219144105911,0.09561037201510628
2024-01-25,0.08017275049360449,0.0781182288367,0.10377142342078395,0.10416205289275762,0.10397628270626987,0.0884926289195487,0.09545520613581508,0.08816119283437729,0.08469916135072708,0.09553113546575423
2024-01-26,0.07968289561659214,0.0631144486306,0.09878522054313613,0.09879021055258667,0.0992726541393711,0.0808385141066588,0.09545520613581508,0.08649440854787827,0.08323342353105545,0.09183851965092879
2024-01-29,0.07936320506091674,0.0636708303343,0.09835242837698932,0.09878759543578272,0.09894015733071332,0.08547942182891859,0.09410408050885022,0.08542566001415253,0.08114331215620041,0.09174752223594387
2024-01-30,0.08077021247233167,0.0451261674308,0.09257033211082143,0.092407996686489,0.09348410178190684,0.06904404141729098,0.08995383916317266,0.08221005648374557,0.08129993826150894,0.0858529008435622
2024-01-31,0.07767957952475284,0.118408131902,0.11755133253097853,0.1160070537669908,0.11715201961615497,0.08771609304095179,0.10526982002273819,0.09131632000207901,0.0817713811993599,0.10239771716846473
2024-02-01,0.07496680692105433,0.105736205948,0.11531288309761922,0.11608411566180522,0.11476715619661651,0.09764806050109115,0.08934269431606233,0.09615946561098099,0.07858347147703171,0.1011282638373153
2024-02-02,0.0734097110982889,0.112318108246,0.12052218750791777,0.12076645990200806,0.11949088484653168,0.09359173056221437,0.08924303725242073,0.10126399993896484,0.07738334685564041,0.10318023526652828
2024-02-05,0.0755118508924145,0.0861181802742,0.11389888518432925,0.11302440238721613,0.11319627221917315,0.09432702313687161,0.08234061802709981,0.1011003628373146,0.07491543143987656,0.0989718564616973
2024-02-06,0.07493970100914894,0.0756652317728,0.11268554764492014,0.11273021532851621,0.11190754247941616,0.07942359492179885,0.08008221959242431,0.0999140739440918,0.07571680098772049,0.096065713556984
2024-02-07,0.07786553245450159,0.0653282534237,0.10606078366677979,0.10643409666622095,0.10576661052737724,0.08042609371608517,0.08234061802709981,0.0962061956524849,0.07461411505937576,0.09312121618791766
2024-02-08,0.0795879876272235,0.0475540217559,0.09673191808956322,0.09694969597952721,0.09707103507204443,0.07144369643208416,0.0768392510544574,0.08989443629980087,0.07449439913034439,0.08620349029397453
2024-02-09,0.08266892291482936,0.0395667390207,0.08951835092570311,0.08982838463820432,0.0904477603573279,0.06875075888582072,0.07613438166045154,0.08313976973295212,0.07365456968545914,0.08163913941227412
2024-02-12,0.0825383899521453,0.0664735911895,0.09656747134583825,0.09584927475364105,0.09729656655074552,0.08663518724798648,0.08321271041136419,0.08233603090047836,0.07799521833658218,0.08855606564951943
2024-02-13,0.08356091449375361,0.0935330861419,0.10627869544076064,0.10696999027069792,0.10667654398114385,0.08704522299524145,0.08143334521938918,0.08620613813400269,0.08668860048055649,0.09447121950311317
2024-02-14,0.08299147672902561,0.0918047109723,0.10687789230494746,0.10726491511331465,0.1070084445510598,0.08336951728483924,0.08886375283812822,0.09344055503606796,0.09127598255872726,0.0968715799552978
2024-02-15,0.08279760528071087,0.0711944477497,0.10218211282798399,0.10256862877378559,0.10252778795001516,0.09114066570008399,0.08920677288455625,0.0932275652885437,0.08783409744501114,0.09552680440999713
2024-02-16,0.08128107262605974,0.0930782090263,0.11249957590860955,0.11148741147734002,0.11220835270585632,0.09235872367073103,0.12732620607895062,0.09510556608438492,0.09806766360998154,0.10700764279083629
2024-02-20,0.08307639567182244,0.0990764541344,0.11648371221591643,0.11575764785757683,0.11609685093365554,0.10781058969323411,0.1348983427818475,0.09721391648054123,0.10029906779527664,0.11265144682257833
2024-02-21,0.08228446907968963,0.0801948882669,0.10969894608147768,0.11018813458386673,0.10969197627061536,0.09188443358453777,0.09701209316363157,0.09740258008241653,0.09561396390199661,0.10164173252407747
2024-02-22,0.08147957989055908,0.0796370146572,0.108671788638637,0.10915257866288539,0.10859552084768924,0.08730745470553292,0.0973551132100596,0.09736930578947067,0.08951788395643234,0.0997099494015296
2024-02-23,0.08044459422790819,0.0705343349862,0.10572030216330525,0.10495824536537937,0.10564949634294345,0.085082304157493,0.08920677288455625,0.09684060513973236,0.08461944013834,0.09601102374167854
2024-02-26,0.08004232975633781,0.0544338651359,0.09823616576213831,0.09768355689059995,0.09870939384928018,0.07761948180627712,0.0897296213484931,0.09498047083616257,0.08077109605073929,0.09110425522052723
2024-02-27,0.08069022812412764,0.0483632732636,0.09305136561242207,0.09334024318239902,0.09386359383137118,0.06905403108143993,0.08772726171433051,0.09260886907577515,0.0789196565747261,0.08693786015320913
2024-02-28,0.08054410714099548,0.054646302465,0.09330220932645088,0.09366224252193499,0.0941838042313326,0.07614065047563373,0.08807028176075854,0.09097587317228317,0.07975960522890091,0.08801352381675641
2024-02-29,0.08004345415865159,0.0822669921533,0.10194751373322336,0.10077007667687021,0.1023335638986284,0.07405208732046614,0.09701209316363157,0.09153355658054352,0.07922596484422684,0.09241069374537002
2024-03-01,0.08003623894242756,0.0611275109843,0.0947133425704462,0.09518252680766061,0.09544165317692513,0.07581102947116135,0.08920677288455625,0.09062884002923965,0.07726018875837326,0.08832062195690893
2024-03-04,0.08156909993678195,0.0498412641191,0.09118167355724012,0.09151947775979705,0.09230871114033178,0.08642206211265173,0.08807028176075854,0.08921001106500626,0.07780932635068893,0.08807450624949634
2024-03-05,0.08444654973782838,0.0881112470424,0.10576765421333789,0.10556544639040183,0.10620935263912709,0.086568511509251,0.09701209316363157,0.09094858914613724,0.08336436003446579,0.09649085815662176
2024-03-06,0.08426990048443109,0.118281333053,0.11936968074293562,0.1181257687416291,0.11893269766613883,0.10089769864529166,0.10225379794066446,0.09474926441907883,0.0884266272187233,0.10610793362492311
2024-03-07,0.0843352669229565,0.0625901725849,0.1009131335721823,0.10112092970151293,0.10162431502665853,0.08926655018699475,0.0973551132100596,0.09381113946437836,0.08707138150930405,0.09588036609587007
2024-03-08,0.08447041309369287,0.116861072193,0.1212959521630651,0.1207282151902424,0.12073417295309453,0.11408011340083948,0.10225379794066446,0.09719092398881912,0.08878716081380844,0.10929576235007622
2024-03-11,0.08832735540658013,0.0892004720719,0.11530728231014671,0.11571816017490627,0.11510729695891724,0.11757431318302985,0.0973551132100596,0.09840455651283264,0.08747587352991104,0.1067060851256862
2024-03-12,0.08754995261482625,0.109833923289,0.12291035978994012,0.12353323346552933,0.12185483942062278,0.0924852911922544,0.09237527692913759,0.10086634010076523,0.08832531422376633,0.10605009358885939
2024-03-13,0.0896501580261224,0.0629751802342,0.10459558845905997,0.1041941880421437,0.10463301074477695,0.08714161667742412,0.08920677288455625,0.09905343502759933,0.08831847459077835,0.0967347266323341
2024-03-14,0.0914871103826081,0.110973380237,0.12252964035423569,0.1219768185036413,0.12149429831516759,0.09945781156141689,0.09403461651687216,0.10134004801511765,0.094228096306324,0.10786590422468219
2024-03-15,0.09657665046404705,0.0802274224191,0.11006535993216854,0.11034229102925591,0.10992936213256009,0.1085418378053176,0.09678504179428545,0.09906262904405594,0.09160474687814713,0.10376160980225581
2024-03-18,0.10100233656360193,0.0662847813006,0.10429958721724436,0.10374572067265156,0.10456416160767469,0.09153021357085468,0.09501941978336961,0.09462336450815201,0.08767836540937424,0.09735154753847444
2024-03-19,0.10403292610492854,0.0586353891693,0.09852512763319443,0.09884177750859277,0.09909295218817255,0.08301026202444922,0.09501941978336961,0.08952523022890091,0.08547446876764297,0.09278417687633178
2024-03-20,0.1043552358327627,0.126541351052,0.12370672655735918,0.12444773125237382,0.1224334895052341,0.0906631578346614,0.09442176835940434,0.09772074222564697,0.08325480669736862,0.10523548891886406
2024-03-21,0.1058354148385422,0.0606728367241,0.10006924021329203,0.0999442870158721,0.1002706580354272,0.07322397962792503,0.08717178366232092,0.09233938902616501,0.07701814919710159,0.09000535525401485
2024-03-22,0.10642075504333316,0.0597829736569,0.0984912443765823,0.09814816055386238,0.09882800254528701,0.07695438339451618,0.08893740567323676,0.08840923011302948,0.07572896033525467,0.0893567695702527
2024-03-25,0.10817445128348153,0.0381538889277,0.09005439265690385,0.09010187248755333,0.09103222607979668,0.08236325836810922,0.08812219954279484,0.0822133719921112,0.07342321425676346,0.08533007648343323
2024-03-26,0.11030080180357531,0.0400914421361,0.08951744376109667,0.0886362256493524,0.09057243101596431,0.08358030964474793,0.08939419015121475,0.07830522209405899,0.0730699971318245,0.08472511706403707
2024-03-27,0.11067706017411559,0.0672748972552,0.09388520538305078,0.09443873278196008,0.09463093130051532,0.07987338907548147,0.08893740567323676,0.07849778980016708,0.07383783906698227,0.0863001847259134
2024-03-28,0.1118300707933765,0.0499145696349,0.08778005428979437,0.08798923285421584,0.0889766967158747,0.07031892754057459,0.08638856229565267,0.07634038478136063,0.07349266856908798,0.08161236100665155
2024-04-01,0.11356250305660227,0.0712705165313,0.09510292809533613,0.0949058118066815,0.0959829689633779,0.09024406185422097,0.09037761493974082,0.07843175530433655,0.07527079433202744,0.08861656218510304
2024-04-02,0.11892483314820836,0.0609287895625,0.09351836903144659,0.09380717312187767,0.09471061989695762,0.08870300906291968,0.09649161381364735,0.07894492894411087,0.07826883345842361,0.08920636390419763
2024-04-03,0.12023775592790643,0.0876712070088,0.1049060857954803,0.10549751198117512,0.10530661457388975,0.09924144526097524,0.09649161381364735,0.08421071618795395,0.08038053661584854,0.09657636060413861
2024-04-04,0.1183712894524783,0.133399128618,0.12320736117483011,0.11996440561786945,0.12286942635618506,0.11906241109770635,0.10457303462118041,0.09587313234806061,0.08685246855020523,0.11034317710943388
2024-04-05,0.11608566368908817,0.115605352014,0.12202794148019663,0.12280050407700384,0.12146982175065425,0.11650305396146256,0.10197597649981494,0.10220105946063995,0.09195823222398758,0.11127665563625137
2024-04-08,0.11591854819660433,0.0644125237025,0.10592177290422695,0.10602105549943508,0.10622980714249078,0.10904282505696969,0.09649161381364735,0.09819541871547699,0.09034108370542526,0.10174908240538173
2024-04-09,0.1133769523166593,0.118893197705,0.12648416730693487,0.12684818874625853,0.12544016218955656,0.11839139807048733,0.10498160435537701,0.10450325906276703,0.09141681343317032,0.1140093704520788
2024-04-10,0.10929314409773212,0.148164151335,0.13950780717956252,0.14006263294826726,0.13776395546726733,0.12054920105791783,0.10176737086206901,0.11405105143785477,0.09617417305707932,0.12141088457285971
2024-04-11,0.1081813726906515,0.0958760292749,0.12076659315011352,0.12110298008254536,0.11999826173731595,0.10823977998070529,0.10129572184803771,0.11129636317491531,0.09556055814027786,0.11118003687341586
2024-04-12,0.10595510499843298,0.108541064035,0.12421511145250133,0.12424184284896234,0.12384409371651445,0.12997230829610218,0.10515226068697178,0.11079012602567673,0.09786241501569748,0.1165825940060609
2024-04-15,0.10267023889965661,0.138933949394,0.1383647250323417,0.1366189258967511,0.13755344227819066,0.1386265884496402,0.10337307615263829,0.11662251502275467,0.10388756543397903,0.12500669118089938
2024-04-16,0.09694621822223165,0.162901069151,0.1480830980698089,0.14809364476993542,0.14633759745402863,0.14056540005769583,0.10336861741489359,0.11322478204965591,0.11282362043857574,0.13035668003637058
2024-04-17,0.09272610821994935,0.150852730627,0.14428764184196452,0.14357838015826052,0.14269186784668872,0.12818567901801478,0.10041947173042531,0.11592001467943192,0.11219663918018341,0.1267542420649956
2024-04-18,0.08906894043085367,0.12840187319,0.1393231622261955,0.13926631113149313,0.13787820909500498,0.1412744455510208,0.10652484267912984,0.11654550582170486,0.11134302616119385,0.12745078609510616
2024-04-19,0.08486545648519378,0.131996930619,0.14175341316694343,0.14115068944734804,0.14026039523300857,0.14574350632389224,0.11637258872603747,0.11768562346696854,0.11147315800189972,0.130634196338014
2024-04-22,0.08242508506363364,0.101067841924,0.12973222206721266,0.12987714402726244,0.12845818101921103,0.1327679899033553,0.1007746961780592,0.11535239964723587,0.10741288959980011,0.12062507463459095
2024-04-23,0.08243159887085802,0.0786326103353,0.11704615881415593,0.1173911147625159,0.11629037768489842,0.11818995109909478,0.09622805264886687,0.11061800271272659,0.10370399057865143,0.11135252118584428
2024-04-24,0.08271649471087154,0.096740633534,0.11885463300935774,0.11862000434038476,0.11802621370417224,0.1161581756237055,0.09511484560438589,0.10794235020875931,0.1031036227941513,0.11111712075498811
2024-04-25,0.08109292189466624,0.106597270421,0.12018149604670317,0.12090009005959096,0.11937827827590225,0.11910149635565086,0.10614203864838925,0.10668667405843735,0.10188354551792145,0.11346765985179932
2024-04-26,0.0807975753230333,0.0791956562977,0.10800931645413132,0.10845608040306573,0.10762642449305014,0.09026974036423661,0.09567000164414406,0.10301070660352707,0.09710079431533813,0.10144900918249901
2024-04-29,0.07977153814337065,0.0887641765806,0.11005769818044808,0.1089551674139023,0.10948529930727495,0.10663532437476239,0.10027295939225636,0.10114670544862747,0.09409713745117188,0.1043786130812062
2024-04-30,0.0775488795458222,0.115236761626,0.12047323762743814,0.11733550600910465,0.11957039291544164,0.11547867373263551,0.10614203864838925,0.10261327773332596,0.09750352799892426,0.1113023792378942
2024-05-01,0.07203926606918507,0.172894383985,0.14306372026655398,0.14340461023809137,0.14047612109658417,0.11627088648064984,0.11141803558951015,0.10948105901479721,0.09678246080875397,0.12298527049927724
2024-05-02,0.07063072381171837,0.119500137132,0.12722636315077565,0.12765423392683578,0.12535969458041002,0.1271584609723873,0.1116582872789063,0.11040256172418594,0.09226925671100616,0.11738983690635817
2024-05-03,0.07124342730370038,0.0918850153909,0.11953548358470809,0.11931193546327092,0.11773142025389277,0.10665689191481612,0.10554895633337724,0.10915074497461319,0.09092487394809723,0.10983718663896794
2024-05-06,0.07206016246520652,0.0459467029474,0.10276567961947151,0.10280234748849292,0.10209072830516479,0.09662225789625917,0.09420379418762583,0.1039453074336052,0.08847428858280182,0.09870062907334588
2024-05-07,0.07213566665953784,0.0577474826208,0.10273877665250664,0.10243583354409869,0.10212576264138028,0.09166634806955015,0.09716952176122261,0.10029185563325882,0.08795970678329468,0.09776968644075883
2024-05-08,0.07418715457804269,0.0435578462868,0.0896973890586419,0.09004241184633166,0.09004484138812281,0.0901394486220373,0.09386578888198105,0.09465475380420685,0.08683757483959198,0.09075460120584479
2024-05-09,0.07428943556487423,0.0534456207186,0.08852845608366484,0.08899840895306452,0.0890149719489117,0.09252432144077419,0.09032514692268195,0.09051650017499924,0.08644884824752808,0.08947952196737494
2024-05-10,0.07472921453563125,0.0641466448796,0.09026460009356044,0.09014133794051526,0.09073602967965191,0.08630985330878843,0.09232602351369598,0.0880591943860054,0.08632741868495941,0.08916635108673955
2024-05-13,0.07757070702033005,0.0420705956659,0.0833756658634529,0.08313470570517015,0.08449736702030752,0.08377067491992436,0.09380838611785468,0.08472654968500137,0.08531202375888824,0.08551791043865704
2024-05-14,0.07788183657305907,0.0700800227197,0.093001064542607,0.09365246201734331,0.09348236344779229,0.09384418050857524,0.09321623219683736,0.08476458489894867,0.08775375783443451,0.09138780649236264
2024-05-15,0.07890146303565909,0.0504180031347,0.08780877428104068,0.08830494008610032,0.08844805863767634,0.07172464774043216,0.08681689420622217,0.08656516671180725,0.08773338049650192,0.08534312316568297
2024-05-16,0.07859340296817971,0.0771190418516,0.09792594714537521,0.09722750476098496,0.0979593076132223,0.07718094202303671,0.08977426859442571,0.08829392492771149,0.0891667976975441,0.0910755275374715
2024-05-17,0.07859240899040745,0.0502502350204,0.0890768199158426,0.08916796308595072,0.08969485197176377,0.08149772499469023,0.0877918324246831,0.08691112697124481,0.0872356966137886,0.08733943085399483
2024-05-20,0.081117615315482,0.0454912117576,0.08813666982271166,0.08844512278667976,0.08896066711189024,0.08439566552256965,0.08673215328864245,0.08561535179615021,0.0855058953166008,0.08682736080646354
2024-05-21,0.08227115247775249,0.0405146452611,0.08493630971198755,0.08533512719637892,0.08602495459490705,0.07467197045201554,0.08673215328864245,0.08373117446899414,0.08313124626874924,0.083508990854525
2024-05-22,0.08313574685543156,0.078775872867,0.09870190656105451,0.09907641817188098,0.09903437126599249,0.0935560192535657,0.08977426859442571,0.08609625697135925,0.08646506816148758,0.09324347271139519
2024-05-23,0.08114653198511197,0.101719222757,0.1073392639082099,0.1062832161440375,0.10713345058607547,0.1035005348665776,0.09459831304175143,0.09003613144159317,0.09015186876058578,0.09986325410697584
2024-05-24,0.08093286658819394,0.0760124412747,0.10123811081346785,0.10164460698976194,0.10117752579620408,0.087044158424826,0.08977426859442571,0.0909489095211029,0.08945473283529282,0.09446890185358305
2024-05-28,0.08095387862195363,0.0725800393114,0.10212845336396512,0.10253118120160842,0.10214057031739439,0.08755857172333024,0.08812540711924076,0.09169280529022217,0.09017590433359146,0.09490755619276466
2024-05-29,0.0825161595754771,0.0664780532001,0.1020458708266705,0.10233048070612352,0.1023054636931436,0.10514362811944192,0.097500897450412,0.09203064441680908,0.09381475299596786,0.09931024831550979
2024-05-30,0.08390451614552343,0.0770483619044,0.10522396497461609,0.10518387941572695,0.10544170891764265,0.09947771033783263,0.09682165085206901,0.09306298941373825,0.09568595141172409,0.10012826504619281
2024-05-31,0.08113736498657077,0.112182163867,0.11675258409619227,0.11765006414599395,0.11597814684093714,0.10696943003166015,0.10146069491264288,0.09682624042034149,0.09454642981290817,0.10716908432295372
2024-06-03,0.07859429739716846,0.100300507838,0.11499057984051972,0.1151150661412594,0.114483452454817,0.11376874957912736,0.17257655950913942,0.09863197803497314,0.09269534796476364,0.11746596193208567
2024-06-04,0.07626221432591476,0.101332712376,0.1173108973047962,0.1177134246382914,0.11667231456669841,0.10003764521565126,0.1625002702705436,0.10036765038967133,0.09308522194623947,0.1153839177616988
2024-06-05,0.07530420685388114,0.0675940988768,0.10708912696117505,0.10746289060483896,0.10695305330678963,0.10282888364798454,0.16158678963119655,0.09859922528266907,0.09092888981103897,0.11077840846367039
2024-06-06,0.0749208185588038,0.0596942789306,0.10343935577932055,0.10327816950721629,0.1035302831872501,0.10553228092853205,0.15734230818001596,0.09641788899898529,0.08951862901449203,0.1084369879422589
2024-06-07,0.07298988015761884,0.0905596790659,0.11136431667213699,0.11179667625437431,0.11090551414529162,0.09875176360939975,0.12810888312442892,0.09719640016555786,0.09022101014852524,0.10690636630281639
2024-06-10,0.07527122110694073,0.056350220491,0.09782821450929823,0.09818800446929288,0.09834452359655649,0.10037006628957001,0.17756130385664512,0.09412529319524765,0.08689721673727036,0.1076163746648401
2024-06-11,0.07555616218060549,0.0741015026107,0.10138228169220818,0.10186133502475948,0.10170796593589883,0.09396234580023678,0.18574021883236114,0.09318354725837708,0.08801884204149246,0.1094080766550477
2024-06-12,0.07471215219307739,0.104201131244,0.11297125577975281,0.11248145106927979,0.11220135460917871,0.08669397407917631,0.16302786676091327,0.09577041864395142,0.08554687350988388,0.10981331349316233
2024-06-13,0.0744921265411262,0.0769863174333,0.10563780036483154,0.10599152329671246,0.10524147347857254,0.07871065139955045,0.1748591673727291,0.09556353092193604,0.07866647094488144,0.10638151682560194
2024-06-14,0.07470586920809609,0.0768052307122,0.10400936365036798,0.10453093237251336,0.10376923575349867,0.08934888438338623,0.1714147009423176,0.08944636583328247,0.07737565785646439,0.10569930582740437
2024-06-17,0.07972514071271346,0.0702030708451,0.10282797105429652,0.10341211023268085,0.10273900059818504,0.09034415474602431,0.17576428529697802,0.08856375515460968,0.07838285714387894,0.10600487631809333
2024-06-18,0.0831528399505222,0.0502175775635,0.09514899830720654,0.09531997409723408,0.09562950521808218,0.08908331703241826,0.17743719271394492,0.08476148545742035,0.07966559380292892,0.10243515237560505
2024-06-20,0.08354184953172607,0.102658493958,0.11107159787113743,0.11140581599162118,0.11062896106613421,0.10008511253737717,0.18125908125323428,0.08929014950990677,0.08391674607992172,0.11252249490133326
2024-06-21,0.08387205405020173,0.0748292176032,0.10223064740274113,0.1023739181463566,0.1022908333913314,0.09093115177361616,0.1781672160248742,0.08858812600374222,0.08499964326620102,0.10708307657269467
2024-06-24,0.08386550592330533,0.0959627298748,0.1098525668117676,0.11020993126709742,0.10940980657976526,0.09773062420318214,0.1764656130958147,0.09148246794939041,0.08623480051755905,0.11162654434636808
2024-06-25,0.08950913297408908,0.0590267099405,0.09776104385986903,0.09819889486594943,0.09807348316616399,0.08705447498830797,0.17702201978916854,0.08811406046152115,0.08475648611783981,0.10442578046411713
2024-06-26,0.09383329997906478,0.07106789211,0.1029767931449671,0.10347621709479723,0.10283079225582312,0.09392751776903455,0.17503426198604874,0.08789295703172684,0.08239739388227463,0.10693370473781032
2024-06-27,0.09521905503087058,0.0730704801634,0.10162965855109463,0.10221846719641685,0.1015723008933354,0.09374831499198111,0.17503426198604874,0.08734481781721115,0.08330705016851425,0.10640783880065745
2024-06-28,0.09642935290036722,0.0989062193564,0.11113094847011915,0.110987125904743,0.11039829531837274,0.09406382543759793,0.16220279094087933,0.09102869778871536,0.08464366942644119,0.10920790761240982
2024-07-01,0.09724995484778366,0.103867829867,0.11306583758791684,0.11322908587243777,0.11202698604042283,0.09499869063004389,0.09542148607076822,0.0943458154797554,0.08242758363485336,0.10078792647374261
2024-07-02,0.10195316879982869,0.0547195157526,0.09766859528739463,0.09806470361213951,0.09761879176257675,0.07098168255909457,0.08505570345194957,0.08976364880800247,0.08101340383291245,0.08859521847343856
2024-07-03,0.10912221665908826,0.0391128519392,0.09095902320108104,0.09124496889110817,0.09152629920973787,0.08662512173795936,0.0874640753455213,0.08381860703229904,0.0806659683585167,0.08747200911088905
2024-07-05,0.12835096758374281,0.0518113439187,0.09362603787801219,0.09384829921301971,0.09415825718016,0.08445943241976026,0.08893124460831867,0.08112291991710663,0.08131695538759232,0.08820902094342427
2024-07-08,0.13490579574492062,0.038983652458,0.08587140231164236,0.08575565113665638,0.08718563341222384,0.05696991091903786,0.06682522683692774,0.0764038935303688,0.07644221931695938,0.07649341963768806
2024-07-09,0.14070098452606636,0.0485172350124,0.08518505950370198,0.08518469143145435,0.08670741655454038,0.0770210361382063,0.0874640753455213,0.07354950159788132,0.07409738749265671,0.08131559543770892
2024-07-10,0.14468019135842197,0.0469395362405,0.08422105461472398,0.08468926224539323,0.08590941212481719,0.08128082466520187,0.08842873876002369,0.07153226435184479,0.07232493907213211,0.08119807083344811
2024-07-11,0.14614957588051358,0.101381773022,0.105163087071383,0.10473703064678878,0.10533548891333774,0.08241813759965415,0.08913798507258008,0.07886732369661331,0.07475679367780685,0.09148797809688057
2024-07-12,0.14859568477863683,0.0799596644336,0.10034464649607674,0.10055241829546094,0.10059220535761457,0.09797333314103158,0.0908800679801491,0.08163422346115112,0.07926397770643234,0.09303441034827377
2024-07-15,0.1482027968648959,0.0905234148256,0.10699471412242835,0.10680533964519928,0.1068664053955212,0.09103162868842564,0.08847713725225292,0.0860067829489708,0.080215685069561,0.09519967044605131
2024-07-16,0.1492591780066231,0.0723704976435,0.10308621546998334,0.10367827626300788,0.10323902704425011,0.08641633958541509,0.0908800679801491,0.0868215337395668,0.07982336729764938,0.09342068962571738
2024-07-17,0.14888245987079607,0.0810477204654,0.10754449920150831,0.10737460790054874,0.10764733545501926,0.09686276798051632,0.09456615195628724,0.09255697578191757,0.08421490341424942,0.09868103452714956
2024-07-18,0.14609872139527164,0.145623575269,0.13020785678763433,0.12971834540092755,0.12888075768573765,0.11593022219368664,0.0969543908926302,0.1018446683883667,0.09490983933210373,0.11406372581158382
2024-07-19,0.14466759449842526,0.119356761141,0.12457641766509187,0.12434538361359339,0.12374897614694266,0.10837449227509544,0.09195140321151277,0.1064220517873764,0.10158530622720718,0.1115720044181171
2024-07-22,0.14361641537061842,0.109089545054,0.12245922692501948,0.12271818513976766,0.12132701384241722,0.11064951023324399,0.09896050145257243,0.10886147618293762,0.10032478719949722,0.1121858144250651
2024-07-23,0.144196615858122,0.0822210993779,0.11489154562412913,0.1140054542737555,0.11428402238203937,0.10828231150317572,0.0960186359310051,0.10761360824108124,0.09731889516115189,0.10748778187376258
2024-07-24,0.14489040354399046,0.0958424739958,0.12001619793203999,0.11865352532124054,0.12009091330031955,0.12346278613169201,0.10397730870557759,0.10823093354701996,0.10221967846155167,0.11380733477134876
2024-07-25,0.14442121748359693,0.155022096259,0.13871727759550326,0.1382528149737926,0.13757632686793256,0.13819070477525147,0.10174815087829683,0.11505027115345001,0.1100459173321724,0.12565449479662844
2024-07-26,0.14177054170873724,0.147307550967,0.13792037515606,0.137352056493222,0.13605579231301468,0.13864812625655518,0.10862613665018181,0.11969344317913055,0.11532076448202133,0.1276595277900265
2024-07-29,0.1406593518933327,0.104119548825,0.12415400555983569,0.12411226055358551,0.12331148886787212,0.1245095075329771,0.10850008703062455,0.11815668642520905,0.11034327000379562,0.11901247228198565
2024-07-30,0.14017288553551288,0.121051332431,0.13181966876363857,0.13095185771873347,0.13061766645917072,0.1292462372149959,0.10850008703062455,0.11954978108406067,0.10851778835058212,0.12274329808882942
2024-07-31,0.13975034355378022,0.118853405675,0.1326149086485036,0.13305095920156085,0.13084685061684895,0.12154136777490174,0.10665142228873234,0.12058266997337341,0.10638415068387985,0.12166747559825726
2024-08-01,0.1374812010858241,0.150562340986,0.14195215999346714,0.1406749246530755,0.14019292765559757,0.14340318454739104,0.11338636974411587,0.1245831698179245,0.10805528610944748,0.1303211460744313
2024-08-02,0.1340358131586301,0.182502645275,0.15374988983530538,0.15412922233829474,0.15257152151665002,0.17281362870017364,0.14028194641309535,0.1317557841539383,0.12516364455223083,0.1472093767870983
2024-08-05,0.11751518801774008,0.313969715564,0.20745998077062977,0.20997396541467547,0.2081586379933251,0.2692279860022667,0.3775650315797431,0.15627868473529816,0.19296929240226746,0.23166193984260083
2024-08-06,0.11305830558023766,0.194312595893,0.1749707155107018,0.17539857860071634,0.17267835611224208,0.18990412477964608,0.13996666228052282,0.16185475885868073,0.22220277786254883,0.17671085342929407
2024-08-07,0.11039882116836935,0.189459710321,0.17770729600501603,0.17596960676558254,0.1754494168547956,0.19318342325184118,0.13507219581680757,0.1664532572031021,0.21736595034599304,0.17731444946330543
2024-08-08,0.10694146581627727,0.161402370755,0.16940999433810328,0.17005346852123987,0.16553226524459339,0.17950806953736587,0.16507862432088305,0.16603924334049225,0.18900972604751587,0.17209019876431336
2024-08-09,0.10543743867417303,0.138753089445,0.15920150570840255,0.15928150484038217,0.15490866465178135,0.16630709213499478,0.14518069454696203,0.16158656775951385,0.16150879859924316,0.15828211832018282
2024-08-12,0.104660038710247,0.146745040927,0.15034726875623736,0.14835404748971903,0.147035863610518,0.14881170313011055,0.12987481271769016,0.15525491535663605,0.14557316899299622,0.1464645400077011
2024-08-13,0.10640253354392083,0.0758004575866,0.12054746376428585,0.12079676554479861,0.11859160573965548,0.1220779719844556,0.11968538376404092,0.14001552760601044,0.12735781073570251,0.12415321844842134
2024-08-14,0.10508589696605154,0.108795158727,0.12528060264693863,0.1245477035741801,0.12259135850791283,0.11068922300438985,0.11789070103012489,0.13130269944667816,0.11644365638494492,0.12124942065645276
2024-08-15,0.10573800109208988,0.0648853634491,0.10547584867525206,0.10584148933223618,0.10389163411784628,0.10397166937311965,0.10551997092185408,0.12503767013549805,0.1294964849948883,0.11131925250724209
2024-08-16,0.10702983583952466,0.0629449436677,0.0998918447499692,0.10030132465687495,0.09880027069023753,0.1007834863759949,0.09261356100296124,0.11967719346284866,0.12409362196922302,0.10516590041544423
2024-08-19,0.11266166156580684,0.0742121487844,0.09877115978447036,0.09942465456488511,0.09786578935259743,0.10004565275206512,0.10821091626122054,0.11528327316045761,0.11648263037204742,0.10515486803539195
2024-08-20,0.11340223701533228,0.0744091931478,0.09888414627440333,0.09900069495278402,0.09829182211965552,0.1037587768399381,0.11154309683363864,0.11230874806642532,0.11019584536552429,0.10485473292176704
2024-08-21,0.11242872698147391,0.101326618736,0.10671451635674437,0.10625356676425474,0.10572729305017488,0.11092588297696543,0.11009175301329387,0.11148770898580551,0.10458841919898987,0.10796987719231839
2024-08-22,0.1103940763116373,0.115748197048,0.11443875307076393,0.1132377742272359,0.11308144939673946,0.11950929434057223,0.12297335282204136,0.11235872656106949,0.10365542769432068,0.11417925401610615
2024-08-23,0.10666978649491711,0.145537932357,0.12896212370972732,0.12941568186593017,0.12581331240673332,0.1184378409895121,0.11608049405318006,0.11559603363275528,0.10215920209884644,0.11949495553666924
2024-08-26,0.10594280540982288,0.0759531549557,0.10787025936190225,0.10671572930153628,0.10637714852037966,0.10594455005891928,0.11170652867528061,0.11438309401273727,0.10000553727149963,0.10757183531460786
2024-08-27,0.1060888636132483,0.0651949599238,0.10420348228291709,0.1045810010802406,0.1029816073001835,0.10174298271017114,0.10898201482363394,0.112925224006176,0.09818296134471893,0.10479989622114874
2024-08-28,0.1042935466540936,0.108556441235,0.11804442046917057,0.11789474321617822,0.11622802547873709,0.11599430264130015,0.11915216151662378,0.1140463724732399,0.09707656502723694,0.11406237011749809
2024-08-29,0.10325070443068948,0.107899334593,0.1173618924369573,0.11675312896999629,0.11533771068334042,0.11260687354878991,0.11868468980950402,0.11469311267137527,0.09734302759170532,0.1132543479588098
2024-08-30,0.1048881927423044,0.0972542195683,0.11093562843074646,0.11147104849924107,0.10912408118620662,0.10463918278153979,0.10898201482363394,0.11403810232877731,0.09703731536865234,0.10803248191697108
2024-09-03,0.10447254693999951,0.116885008583,0.11982228789470377,0.11802416490114237,0.11893500382312386,0.12697041823856717,0.12154026085124178,0.11495616286993027,0.09722819924354553,0.11678235683175067
2024-09-04,0.10545583264119629,0.106327826143,0.11954817890527841,0.11961415179668441,0.11888993877566546,0.1254305057059375,0.12057595349800253,0.11538303643465042,0.10049661993980408,0.11713405500800325
2024-09-05,0.10467778065959937,0.127188705808,0.12782371199581272,0.12806305737757867,0.1266619928861649,0.13157033781514926,0.12025011119493494,0.11652027815580368,0.1032036691904068,0.12201330837369298
2024-09-06,0.10061858883443954,0.153019888196,0.13892601044470163,0.13617716716395678,0.13787133217103045,0.14195173999262595,0.13843830513461802,0.11896561831235886,0.10297873616218567,0.13075841562592536
2024-09-09,0.09905896257692991,0.101345205079,0.12354373643572232,0.12370202792192408,0.12301862890628629,0.12596688876603496,0.11416426359078433,0.1179225966334343,0.10665181279182434,0.11928142214943008
2024-09-10,0.0969083759840046,0.112002336843,0.12666502465425625,0.12616141016195037,0.12580588975503412,0.12622217582935563,0.11712389957887948,0.11767727881669998,0.1058306097984314,0.12078375551351532
2024-09-11,0.09348174033240074,0.134551781254,0.13551144907200582,0.13641886309523824,0.13344671884078796,0.12453059608954013,0.1017270159616502,0.11890088766813278,0.11926302313804626,0.12425693626648592
2024-09-12,0.09089225262547738,0.116055993584,0.1291648463261773,0.1296632072698571,0.12719888545590985,0.11887626047913533,0.10579463408905844,0.11856143921613693,0.11339132487773895,0.1203786568162877
2024-09-13,0.0901006729915665,0.0773877580177,0.11220098554632445,0.11242337641968392,0.11142997546828744,0.10751010321964827,0.08585430542221682,0.11555121093988419,0.10701759159564972,0.10742679265881354
2024-09-16,0.08971418889717277,0.084244716152,0.11313020253073464,0.1134126844554614,0.11251678426572424,0.11008156091001316,0.08427668805234978,0.11313796788454056,0.10562003403902054,0.1074537031625492
2024-09-17,0.08801036576715268,0.0986617682585,0.11658653675356238,0.11624421369769378,0.11576434117593867,0.11439875286687881,0.0901748882150151,0.11195381730794907,0.10251083225011826,0.10966191175245087
2024-09-18,0.08084221325387128,0.177454196323,0.1432642023319511,0.14413588057948007,0.14031615804219078,0.13223567082667453,0.10149604099254615,0.12009992450475693,0.10184570401906967,0.1261990830423813
2024-09-19,0.07900233128983472,0.0951445892549,0.11653759800914637,0.11692642396247535,0.11491409978882572,0.10800607793380121,0.09024556549065296,0.11716324836015701,0.10218242555856705,0.10942506272908939
2024-09-20,0.07857089801572335,0.0751682164679,0.11025092844750917,0.11030859679986257,0.10901928934734603,0.10331013335585058,0.09130468865905055,0.11316662281751633,0.10213785618543625,0.10564258794465307
2024-09-23,0.07825369072124586,0.0622651365892,0.10496477564251808,0.10519898912043081,0.10417597045393909,0.09988219008771639,0.0861103970208391,0.10863038152456284,0.10114965587854385,0.1014446228183643
2024-09-24,0.07931782476100564,0.0648437070531,0.10369745999895376,0.1039324483512558,0.10299272548199574,0.09889272888277607,0.08355979348201564,0.10504692047834396,0.09970802813768387,0.09969001497328926
2024-09-25,0.08050481137383529,0.0502295705697,0.09116833066317148,0.09136150011974856,0.09192391990272783,0.09470763528523694,0.0870489307059421,0.09869632869958878,0.09918013960123062,0.09344096928252091
2024-09-26,0.08160522100372254,0.0700052216414,0.0956188287852828,0.09555047488640665,0.09621624673897564,0.09838430996558045,0.08569711567321453,0.09593010693788528,0.09726569801568985,0.09495182585757646
2024-09-27,0.08160697081027576,0.0620704087585,0.09233269774945994,0.09246338391119874,0.0935786201675745,0.1006293468825598,0.08431244304655595,0.0931929275393486,0.09801333397626877,0.0935032504675666
2024-09-30,0.08126498092236532,0.0842443608335,0.10065834972297892,0.1012729199854363,0.10127179779531292,0.10646601515858545,0.08431244304655595,0.09401639550924301,0.097926564514637,0.09798921224753565
2024-10-01,0.07793227741282042,0.128901933505,0.11851076450829014,0.11890821470868486,0.11843891662213019,0.12522897806180203,0.10790758334430198,0.10032136738300323,0.099227674305439,0.11264907127623591
2024-10-02,0.07859133323383184,0.108787347915,0.11612586818744633,0.11678157858173564,0.1160155838755823,0.12043540069151167,0.10952487251824938,0.10396426171064377,0.10244273394346237,0.11218432850123307
2024-10-03,0.07739319602566365,0.125061655453,0.12470504953557238,0.12474246578801562,0.12421318990700536,0.1281845824307855,0.11252313077770772,0.10924302786588669,0.10394418984651566,0.11822223373592698
2024-10-04,0.07587028883999586,0.112887441845,0.12426886920364502,0.124275460088209,0.12301982512764059,0.12033676830931489,0.10701352035674135,0.112608902156353,0.10274297744035721,0.11632376038318015
2024-10-07,0.07604689459268406,0.0769090498121,0.11288304509676492,0.11226599688278979,0.1139126961214782,0.1259519183574463,0.1241837457261387,0.11102203279733658,0.10655059665441513,0.11525286166233852
2024-10-08,0.07738019077549241,0.0610817582907,0.10385775301572961,0.10412239609286868,0.10519754430411393,0.11619928099491074,0.11199312672296527,0.10677631944417953,0.10850489884614944,0.10809304563155961
2024-10-09,0.07735575348192274,0.0607798001663,0.10074572105145188,0.10106584849141281,0.10224328852143039,0.11308430813254644,0.10818408477718307,0.10271979123353958,0.10966784507036209,0.10538726961113233
2024-10-10,0.07668505285902227,0.0663613823892,0.09875745729217879,0.0990288733321012,0.10062163965072624,0.11426828394658556,0.10855992439896947,0.09925877302885056,0.12235920876264572,0.10612202291600822
2024-10-11,0.07648453788189244,0.0586760231587,0.09307651201029853,0.09343046959328422,0.09548322590460771,0.11174106716881535,0.10844401333071343,0.09508266299962997,0.1197439655661583,0.10242884522478679
2024-10-14,0.077045153756136,0.0545911027658,0.09054553269580734,0.09097098992075826,0.0932480154266543,0.1105745847456836,0.10141095853742638,0.09144683182239532,0.11510307341814041,0.09904285522383795
2024-10-15,0.0772089680055979,0.0750850513376,0.09759140811365508,0.09713531704215742,0.10004848034696119,0.11523866480211786,0.10655242792747582,0.09687788039445877,0.10815200209617615,0.10308516867471461
2024-10-16,0.07960428086696243,0.05809568976,0.09228332211211233,0.09275069547877668,0.0949336188989717,0.11042848268136979,0.10490476382708017,0.0953819528222084,0.10533426702022552,0.09943101469153494
2024-10-17,0.08000520275806718,0.077925669586,0.09918205342881398,0.09898538530372045,0.10106137970510648,0.1133450893754863,0.09882342705079557,0.0957573875784874,0.10112538933753967,0.1011828731114214
2024-10-18,0.08086205428187092,0.0536329738017,0.09176888812508419,0.09213102652878324,0.09417687172552472,0.10728062608469863,0.0977487295683273,0.09418661147356033,0.09973226487636566,0.0967178597689063
2024-10-21,0.08104758877699349,0.0649817801241,0.09601795119448203,0.09609085278566669,0.09832216743990461,0.11094494033097614,0.09751328251077433,0.09399103373289108,0.09793634712696075,0.09868808216023653
2024-10-22,0.0838325714589827,0.0532192001157,0.0910454162414048,0.091413543437975,0.0938627877193591,0.10872428431297418,0.09224211507726401,0.09277811646461487,0.09827034175395966,0.09547665785822167
2024-10-23,0.08759785035309851,0.0878972572049,0.10355327389609836,0.10306763929333312,0.10583086925957047,0.11869039750088717,0.11405607262807885,0.09462878853082657,0.09710784256458282,0.10527641195333962
2024-10-24,0.0881367923902058,0.0806651329851,0.10146795518975457,0.10186104723548516,0.10374213932589982,0.1164334834276131,0.1128409368262062,0.09549789875745773,0.09562744200229645,0.10392441468067329
2024-10-25,0.08759974692637554,0.0929885332305,0.10769507366535512,0.10773595811419065,0.10961194607909697,0.12063177400660337,0.11537169695386373,0.09756986051797867,0.09634178876876831,0.10785115687226525
2024-10-28,0.08746042936179219,0.062118701117,0.09806480444484722,0.09820458658350832,0.10064417836531389,0.1140789646752656,0.11086222079841572,0.09697941690683365,0.0987202376127243,0.10250777276955837
2024-10-29,0.08674981551355969,0.0769896133345,0.10413589544688903,0.10460291759078012,0.10613558114732458,0.11716604931630957,0.10885316285788399,0.09787783026695251,0.09858763217926025,0.10533700982934288
2024-10-30,0.08562573307141352,0.0739865255881,0.10233531271616533,0.10264026355046642,0.10475026401898443,0.11756449323358271,0.10885316285788399,0.09807685762643814,0.0987509936094284,0.10471019251613564
2024-10-31,0.08215926700907573,0.118325824728,0.1184270058588357,0.11613681100633959,0.12060372687338117,0.13162530314981263,0.1389720049432243,0.10153837502002716,0.09791997075080872,0.11788902822891846
2024-11-01,0.0792145639728958,0.108239130762,0.11633318726733434,0.1165441721681844,0.11824067395303223,0.12800184787395763,0.13287436381780646,0.10349380224943161,0.09930743277072906,0.11639935430006797
2024-11-04,0.07729733172371062,0.0885553342028,0.11213449647698467,0.11256984353612952,0.11438957694370396,0.12484600405921584,0.12952629746089245,0.10388170927762985,0.10192234814167023,0.11418146798517521
2024-11-05,0.0760477506218689,0.0804886349869,0.10998553105159986,0.1104332252241956,0.11167424872933933,0.11977488122943193,0.105851584617397,0.10362648218870163,0.1050645112991333,0.1094872091913998
2024-11-06,0.07416033136398785,0.0895925213863,0.11376066350975253,0.11374154031889354,0.11341563992964498,0.11157368136625738,0.08746824890708553,0.10420200973749161,0.10407902300357819,0.10689154382467196
2024-11-07,0.07376056388995735,0.0601230091283,0.10091910218678107,0.10124098394946104,0.1014594537735865,0.10336557505967085,0.08836744256045864,0.10184664279222488,0.10498486459255219,0.10031200927353359
2024-11-08,0.07386185119518628,0.0472674572253,0.09302823150090389,0.09331683812821079,0.0942517982498219,0.09937517862848573,0.08945502091269819,0.09850921481847763,0.10349501669406891,0.095918756990381
2024-11-11,0.07337437901216855,0.052895245127,0.0924610098701915,0.09267877010872377,0.09388705268364526,0.1005921760285356,0.09075663208764947,0.09607986360788345,0.10138148069381714,0.09540528358292089
2024-11-12,0.07275184755531752,0.0691930872955,0.09668874237397394,0.09640357512998562,0.09777704141366247,0.10352321100510162,0.09034761285478309,0.09527241438627243,0.10009799897670746,0.0971586565914981
2024-11-13,0.07225462929344638,0.0785392540148,0.09828396786658472,0.09826939819070296,0.09904437359345303,0.10315237553357316,0.0939441129762371,0.09153956919908524,0.1156749278306961,0.09998696074147605
2024-11-14,0.06908236108170768,0.106127573221,0.10966752938153407,0.10958481504650136,0.10934394321405791,0.10891393943585806,0.09821510252852654,0.09310417622327805,0.11082354187965393,0.10566472110134427
2024-11-15,0.06771927703290874,0.0861174757916,0.10601003176878561,0.10608703560640678,0.10641086388074289,0.1087574050538104,0.0939441129762371,0.09386320412158966,0.10508769750595093,0.10288005013050334
2024-11-18,0.08202277637306261,0.0759679032201,0.10442380162968996,0.10487103012739998,0.10475927463237111,0.10627643588331297,0.0939441129762371,0.09428083896636963,0.10152427852153778,0.10143996753384552
2024-11-19,0.087683472123539,0.0696668360814,0.10247773372874712,0.1028791611482972,0.10305102608573992,0.10564257094744198,0.09606115098182648,0.09437345713376999,0.10100270807743073,0.10078397258617906
2024-11-20,0.092263298283232,0.111692611524,0.1173925733890287,0.11758643838966681,0.1169569154165044,0.11638198249627237,0.10033214053411592,0.09664898365736008,0.09935906529426575,0.10923687131103056
2024-11-21,0.08903085596041319,0.145880355615,0.13020527289865313,0.13029095788984577,0.12827849257281534,0.12214579950317085,0.10086383366214799,0.10033724457025528,0.09832154214382172,0.11577759189153002
2024-11-22,0.08767517902679549,0.0921726108607,0.11413988056976182,0.11444157850939803,0.11300314496126639,0.10837190641499592,0.0939441129762371,0.10075081139802933,0.09722806513309479,0.10598278570896905
2024-11-25,0.08790178373038081,0.0816389525639,0.1112833455351039,0.1108663279681284,0.11013728352755925,0.1048011119615545,0.0939441129762371,0.10071714967489243,0.09422872960567474,0.10371115160702148
2024-11-26,0.0918625949012994,0.0578495023549,0.10332301425038146,0.10345246440759868,0.10271420817804905,0.09863585023745786,0.0939441129762371,0.09944658726453781,0.09326048195362091,0.09925381703826898
2024-11-27,0.09483739799212039,0.0576860476948,0.09973543712293997,0.09977407768309257,0.09951330455016325,0.09782181851390284,0.0939441129762371,0.09793034940958023,0.09407174587249756,0.09754154944691622
2024-11-29,0.09937708530671002,0.0374827305379,0.08653692906445747,0.08677921843352603,0.08759751484488085,0.09203384428036512,0.09370534728261637,0.09470569342374802,0.09367933869361877,0.0907196980033161
2024-12-02,0.10746183009843578,0.0422724451399,0.08481675598862676,0.08500010412809808,0.08616066834519173,0.09218832340741617,0.09370534728261637,0.09207182377576828,0.09296593070030212,0.08955842194685992
2024-12-03,0.10910121403551144,0.0416719476024,0.08223078732925411,0.0824674507086953,0.08389805933946598,0.09095547432119142,0.09370534728261637,0.08961241692304611,0.09235982596874237,0.08788990883900168
2024-12-04,0.1101642671700689,0.0392502800721,0.08046921776724968,0.08085300190919492,0.08236596441221739,0.08976263474569773,0.09370534728261637,0.08745843917131424,0.09245078265666962,0.08672362684927999
2024-12-05,0.11406174787609262,0.0495425161442,0.08320116639484446,0.0831495879303619,0.08495977524937379,0.09175702168524266,0.09370534728261637,0.08616509288549423,0.09298975765705109,0.08798967844071207
2024-12-06,0.11824232006705553,0.0455324250302,0.08260491111032789,0.08279840689523449,0.08436272379775471,0.09036651526171818,0.09370534728261637,0.08507747203111649,0.09089811146259308,0.08711621254876589
2024-12-09,0.12298838262913943,0.0487130681742,0.08412284747851863,0.0838787017472553,0.08613968725509673,0.09373472986418134,0.0939441129762371,0.08450967073440552,0.09470221400260925,0.08871885200832914
2024-12-10,0.12567898379610332,0.0504798011235,0.0852714294161702,0.08552784699363167,0.08720389814835554,0.09430071955177277,0.0939441129762371,0.08428119868040085,0.09462414681911469,0.08930762179795469
2024-12-11,0.12884907370745233,0.0359257854377,0.08062828129423054,0.08096552519497976,0.08276197402018752,0.08974160561496522,0.09370534728261637,0.08351118117570877,0.1097964197397232,0.08873004776034447
2024-12-12,0.12974644786732345,0.0536409517308,0.08632175689704148,0.08657718417113229,0.0880986056231879,0.09419745221285261,0.0939441129762371,0.08376828581094742,0.1058843731880188,0.09125596726848821
2024-12-13,0.13050385737264814,0.0682225562792,0.0918743538734586,0.09195878197160925,0.09298517675426146,0.09664124398545135,0.08841626721526295,0.082955002784729,0.09332248568534851,0.0911647588957316
2024-12-16,0.13093851521273334,0.0429828584646,0.08385968134106653,0.08422636821919674,0.08582503365595322,0.09266835398903336,0.07976319342009972,0.0819762647151947,0.09009821712970734,0.08548815892432167
2024-12-17,0.13153948233953333,0.0591633745713,0.08952380393879013,0.08998664664379959,0.09132049021903846,0.09748334532635977,0.08656244030389669,0.08284065127372742,0.08861550688743591,0.08947612637043544
2024-12-18,0.12234138737794646,0.225276862823,0.15250038683950173,0.14677351177298614,0.15136590320502474,0.1464856389406715,0.12189876074907033,0.10101350396871567,0.09139996767044067,0.1302053818780587
2024-12-19,0.11784854217637111,0.15819997561,0.13856994477172085,0.13826548902651192,0.1382141016089532,0.13428671966167224,0.11910563154463669,0.10764183104038239,0.09344527125358582,0.12421842698678044
2024-12-20,0.11230253352323767,0.172574224393,0.14954107769572167,0.15048442907775467,0.1466382630872195,0.13257637764994032,0.08831233603678987,0.11449092626571655,0.09393981099128723,0.12514046011491856
2024-12-23,0.11369046504997822,0.0947343512998,0.1291220148484658,0.12903602735364736,0.12719477790341244,0.11488431750577167,0.08478742910462306,0.11186380684375763,0.09382490813732147,0.1129590402424285
2024-12-24,0.11477902347302106,0.0588651678325,0.11835040631755911,0.1182643822033497,0.11645854748318253,0.10215996333148344,0.083039949754959,0.10660339891910553,0.09012816846370697,0.10500068806762089
2024-12-26,0.11675958742411485,0.0866050602064,0.1177625095133435,0.11786498941130027,0.11636833493395671,0.10689058789633964,0.08201709287579573,0.10345093160867691,0.08655086159706116,0.10441504397663913
2024-12-27,0.11686046270376443,0.13527317865,0.13102708388637674,0.13065680633950244,0.1291023272476703,0.11955497734559042,0.09325237365380631,0.10550443828105927,0.0848129391670227,0.11341584941728974
2024-12-30,0.11678591709053589,0.122437698986,0.12361588913672972,0.12358164488377449,0.12281450880198366,0.11916506628624918,0.08693379692366351,0.10485559701919556,0.08472861349582672,0.10938501664963184
2024-12-31,0.11895804852299284,0.141138544124,0.1321621589032693,0.13188630920827876,0.13049285751536038,0.12357164887964232,0.09074795077530327,0.10701154172420502,0.0848831981420517,0.1143936664497301
2025-01-02,0.11264625839456328,0.192104128907,0.1561039483759024,0.15508329106047766,0.15250242908218484,0.13782965735601307,0.0901526700290766,0.11520785093307495,0.08482295274734497,0.12738611422629634
2025-01-03,0.11186261995599388,0.0958758609413,0.12705713637790014,0.12724916220073498,0.12491554413681831,0.11480554118530199,0.08858265085087201,0.11154711246490479,0.08884747326374054,0.11185780292575324
2025-01-06,0.11165344053685725,0.0802215213315,0.11853234086378701,0.11851981778187809,0.11709694760575642,0.11077859076331348,0.08825689999270951,0.10702531039714813,0.09229874610900879,0.10750123621622877
2025-01-07,0.11304278283392319,0.144245307799,0.1392984836922442,0.13757696768579344,0.13677302101183364,0.12763410072059075,0.09447995571808146,0.11041344702243805,0.09378039836883545,0.11999376774568814
2025-01-08,0.10867848645475517,0.149892108469,0.1413214029941541,0.14146070258905435,0.13835848952562568,0.12821489136154765,0.09322701671752918,0.1130443662405014,0.09584967792034149,0.1216395067641077
2025-01-10,0.10338724865145799,0.162529317834,0.14292295333427277,0.14132137003630174,0.14046106511950202,0.13362365456428926,0.09726459665335613,0.11529357731342316,0.09610946476459503,0.12385666882653427
2025-01-13,0.1016878548642698,0.128835434386,0.13453083848842828,0.1351819925974601,0.13247851084949192,0.12698045331818644,0.0918776779120277,0.114033043384552,0.09860406816005707,0.11909808353002907
2025-01-14,0.09872156521775777,0.135037311257,0.13979423087605355,0.1390482521251356,0.13708113825094273,0.12891818051388726,0.09704386579303392,0.11469593644142151,0.09780099987983704,0.12205465769718737
2025-01-15,0.09743605327758982,0.0880371933896,0.121544292427126,0.12173892725932273,0.11915293743841605,0.11289784905303896,0.08393835873659172,0.10984468460083008,0.11139671504497528,0.11150196636575727
2025-01-16,0.0964381834526974,0.0937750198041,0.11957282334028752,0.11957305474564572,0.11727515864660044,0.11322480804071776,0.10769683431472225,0.11422546207904816,0.11824991554021835,0.11568829381532002
2025-01-17,0.09613815705405071,0.065068607164,0.10444427715306741,0.10472494649528033,0.10346353726566848,0.1053865912933698,0.10282961642568707,0.11175774037837982,0.11292422562837601,0.10650441923426127
2025-01-21,0.09600218667745918,0.0825400417946,0.10664230364647884,0.10683255214492812,0.10522788469081881,0.10661898411823527,0.10546424151910741,0.11039847135543823,0.10990532487630844,0.10729853747875931
2025-01-22,0.09754778013451541,0.041352600922,0.08799048443556583,0.08815562745344896,0.08818919823068143,0.09619472563762829,0.10282961642568707,0.10728774964809418,0.10903314501047134,0.09709722097736817
2025-01-23,0.10043558591094791,0.0486350970124,0.0881221697586015,0.08838098104934983,0.0885417154929133,0.0966594371592423,0.09498105392007991,0.10465866327285767,0.10767658799886703,0.09557437266455879
2025-01-24,0.10497595828015575,0.0545623122696,0.08765204960325447,0.08740918907875683,0.08831588581041205,0.09719521201514228,0.09498105392007991,0.10243654996156693,0.10571388155221939,0.09481483170591884
2025-01-27,0.10430035481529965,0.124745806641,0.11311267970500939,0.11400448465839622,0.11278232450702254,0.11824883442026543,0.10621864557346891,0.10348136723041534,0.10544987767934799,0.11047117339627512
2025-01-28,0.10905884581628855,0.0932086803516,0.1041862930064959,0.1049219014742378,0.10398000097496479,0.1091325878298934,0.09498105392007991,0.10323755443096161,0.10579710453748703,0.10374807088201721
2025-01-29,0.11353959148554041,0.130883742306,0.12134535567016479,0.12175946730990689,0.11964982239299071,0.11902454828312643,0.09973081270432078,0.10521618276834488,0.10953143984079361,0.11375108985280688
2025-01-30,0.11739073462084731,0.13709022251,0.128885875882676,0.12861698545230735,0.1261071062727777,0.12037305320326652,0.09973081270432078,0.10768364369869232,0.10668259114027023,0.116868581193473
2025-01-31,0.12317632885346519,0.12093480296,0.12833328080481385,0.12629935007774085,0.12573306930232012,0.11939710697052769,0.10332111602478986,0.10945619642734528,0.10675708204507828,0.11704245737894513
2025-02-03,0.1257054745801033,0.175138496824,0.14803217924186937,0.14880058012113673,0.1443707149559496,0.13454328594061796,0.10420794762685608,0.1130562275648117,0.10970974713563919,0.12896009751241153
2025-02-04,0.13287671592748296,0.0787743803717,0.11783972194760609,0.1180734604823879,0.11608661886969067,0.11174177693058068,0.11673219462239816,0.11213600635528564,0.1128518357872963,0.11506594499932078
2025-02-05,0.14255328928038455,0.0741456080079,0.11304016544059219,0.11329458411638905,0.1116126284329814,0.10821592214079687,0.09716280937680459,0.11075542867183685,0.11090319603681564,0.10928353345945951
2025-02-06,0.14854618284268029,0.0738487530769,0.10887449591846643,0.10863670333083954,0.1077347428777349,0.10605998494156468,0.09498105392007991,0.10914722084999084,0.10745253413915634,0.1061266765682618
2025-02-07,0.1556948786309267,0.165416106022,0.13950467859292817,0.1369509713418718,0.13603832015448758,0.12707976621131278,0.10332111602478986,0.11148959398269653,0.10651502758264542,0.12298563912724746
2025-02-10,0.15980661410783384,0.0463340068812,0.09499511144229744,0.09522612661227287,0.09517574847937482,0.09925162475524282,0.09498105392007991,0.10780863463878632,0.10764434188604355,0.09929752024772824
2025-02-11,0.16423056970281788,0.0534030358101,0.09575907943714759,0.09608291714035616,0.0960469757976739,0.1002323265276177,0.09498105392007991,0.10523045063018799,0.10758877545595169,0.09941736841557357
2025-02-12,0.165202421437581,0.0963327496769,0.11049804505314324,0.11115370343857708,0.10976675306155104,0.10996665875758097,0.09498105392007991,0.10475581884384155,0.12214059382677078,0.10903751812879207
2025-02-13,0.16656703187655267,0.0758363717921,0.10451601948122724,0.10499332656932514,0.10395820103988583,0.10373797061964171,0.09498105392007991,0.10359612852334976,0.11792466789484024,0.10481533829262142
2025-02-14,0.16863851077358813,0.0495492204234,0.08914848467570093,0.08929893879564799,0.09006586243248414,0.09597746768059634,0.09498105392007991,0.10082957148551941,0.11116793006658554,0.09592418700808776
2025-02-18,0.17096536230660642,0.0687827600163,0.09645861828120528,0.09702674755206614,0.0968821867934943,0.1006359359866707,0.09503842007662307,0.10111219435930252,0.1052180603146553,0.09891030905200247
2025-02-19,0.17330683429603808,0.05495985748,0.09247587374982799,0.09297133757286938,0.09327125021803637,0.09779629742157825,0.09503842007662307,0.0993380919098854,0.10241352766752243,0.0961863998023347
2025-02-20,0.17450109363287325,0.0791468584761,0.09864131912982532,0.09857324609363567,0.09897681791201894,0.10268756104617927,0.09503842007662307,0.0992070659995079,0.09998781234025955,0.09901603465686425
2025-02-21,0.17426868179250452,0.0893989843996,0.10260926286131183,0.10069957739832293,0.10362638958069326,0.1102007445444982,0.10137929810547842,0.0998273566365242,0.10205421596765518,0.10291383501349771
2025-02-24,0.17280942935695495,0.119882694045,0.11621178619834183,0.11551309895841563,0.11630397587726324,0.11964753054000415,0.10718569300221613,0.10275819897651672,0.10584553331136703,0.1119236881234464
2025-02-25,0.17101433436671443,0.150208484484,0.13042949791216624,0.13006442509582772,0.12923635275916065,0.12803543720042887,0.10718569300221613,0.10778657346963882,0.10796163231134415,0.12009994453582608
2025-02-26,0.17178336250453013,0.112215740552,0.1225102601824671,0.12254423601885919,0.12182076178083658,0.12143894155627312,0.10752210357649195,0.11016678065061569,0.10967313498258591,0.11652517410687564
2025-02-27,0.16973694527240674,0.173229566335,0.14697522651630418,0.1453266091869802,0.14496032032400175,0.13909916560765334,0.1207893898086477,0.11633514612913132,0.11188273876905441,0.13219551376311042
2025-02-28,0.16940267607338438,0.195130983348,0.1602244813508362,0.16158448668309244,0.1555991820721273,0.14090114141499394,0.10885329034038449,0.12336524575948715,0.11295590549707413,0.1376405333025708
2025-03-03,0.1674223487582778,0.193571665412,0.16438831140920473,0.16119996639165507,0.1610057490361418,0.1485367388088338,0.12872181610987835,0.1293685883283615,0.11861985176801682,0.14454871740744174
2025-03-04,0.16500766859816668,0.209412316452,0.17285068886874294,0.17201656064326043,0.16902766593069007,0.15432122683650965,0.12832754694404208,0.13537517189979553,0.12382350116968155,0.1508203374703889
2025-03-05,0.16296240510828994,0.209504459168,0.17898411769865408,0.17986732862770127,0.17358494604460514,0.1535281578037178,0.14590650429788787,0.141063392162323,0.12921872735023499,0.15745045342644629
2025-03-06,0.1846418398806901,0.212477914675,0.18234300642671458,0.1815369687254333,0.17845383129176184,0.16083002406324753,0.1488692146262586,0.14580264687538147,0.13087940216064453,0.1612450134527774
2025-03-07,0.28395476173370715,0.247925720359,0.19607438813843625,0.19682871027378357,0.1894315033835406,0.164951199740309,0.1561982643566939,0.15217266976833344,0.131483256816864,0.16959142749685155
2025-03-10,0.29769010131037676,0.205155379001,0.18354880661021125,0.18264527470127198,0.1806208486555074,0.16488343575554465,0.2731874246449615,0.1546105295419693,0.13385748863220215,0.18190768693452403
2025-03-11,0.3311073463322528,0.270251643513,0.20670697461553056,0.20710061260840817,0.2014279433067897,0.17896373945217553,0.3314644632752756,0.1612585335969925,0.13896000385284424,0.20369746724400234
2025-03-12,0.34962148154800554,0.171432997082,0.17430670437524953,0.17307840111743428,0.17023492968793577,0.15390012786634527,0.1788081641403216,0.15981927514076233,0.15755659341812134,0.16681488510659576
2025-03-13,0.35350797310253473,0.181537689178,0.17500495900553636,0.1732488040878042,0.17134633947883382,0.15714972961722162,0.1657472420265742,0.15930001437664032,0.15300136804580688,0.16497120809120247
2025-03-14,0.3555095292522174,0.126504383967,0.15025936526479874,0.15068481284115448,0.14684218041730726,0.137984779718059,0.1602078230035452,0.15427742898464203,0.1482205092906952,0.1497824142171717
2025-03-17,0.3563642250088743,0.123525756555,0.1439752608377842,0.14403759420694637,0.1405721813777333,0.133898841279739,0.1436442516648042,0.14960026741027832,0.14289739727973938,0.1426608277224321
2025-03-18,0.3581723562440781,0.130525555382,0.1368593608668612,0.13621707943762223,0.13499523601994434,0.13552101303256045,0.14508207939862355,0.1449439525604248,0.13685014843940735,0.13863840996506344
2025-03-19,0.35884134027427944,0.146032296846,0.1398269074821799,0.14092853315699855,0.13659172593157942,0.13496096521501336,0.14027173207703253,0.14113765954971313,0.13588231801986694,0.13851426306176912
2025-03-20,0.3587973018925209,0.141240092541,0.13556777423494704,0.1357044358970121,0.13257431938046468,0.13293988355721081,0.14027173207703253,0.1380520761013031,0.13000360131263733,0.1350162603658011
2025-03-21,0.35990080895587717,0.122421629539,0.12950689347873967,0.13035540946644913,0.126668482563096,0.1280897951981032,0.14027173207703253,0.13464060425758362,0.12511637806892395,0.130664185015704
2025-03-24,0.36237595018620095,0.0793092408166,0.11373079165384369,0.11406451448960923,0.11150933571695348,0.11565143759439192,0.12232735840070402,0.1284748911857605,0.12165603786706924,0.118202052415476
2025-03-25,0.36315190969804195,0.0611219614554,0.10382027681566765,0.1039815733760934,0.10237400331212403,0.10978088615221097,0.1166193967839968,0.12180150300264359,0.11994103342294693,0.11118838183795478
2025-03-26,0.3639485406743816,0.0979870714915,0.11173637072887711,0.11079080202899112,0.11041915230122674,0.11896647989643822,0.11879993992917039,0.11944258958101273,0.1180625632405281,0.11545969967232063
2025-03-27,0.3640980462342884,0.134641802541,0.12229118175901749,0.12269276649346977,0.12023238941673317,0.12670283763306525,0.1239576039542557,0.12056431919336319,0.11680784076452255,0.12189270560206102
2025-03-28,0.3643101395654455,0.123821358217,0.1191215282415967,0.11714048864227931,0.11888097508978909,0.13008698168314053,0.14296605590183054,0.12074705213308334,0.11662296205759048,0.12365229196418714
2025-03-31,0.36410802372149176,0.188932416861,0.14571617220689542,0.14750010721229473,0.14280434593269298,0.14438499418963505,0.14773115831330658,0.12771055102348328,0.11910384148359299,0.1392787386231287
2025-04-01,0.36410830314918446,0.153174703889,0.1411799136679942,0.14200524617117805,0.13837896497399735,0.13833854437167742,0.13703311683770553,0.13116905093193054,0.12515094876289368,0.13617939795962525
2025-04-02,0.3631558805547453,0.164306307742,0.14892815850972754,0.15009900378560653,0.14513614240274464,0.14089538206404306,0.13703311683770553,0.1354331374168396,0.12812545895576477,0.14080719999606167
2025-04-03,0.3616402172044918,0.172643067753,0.15400401707594846,0.15171166839679445,0.15481819099895877,0.15757179677507727,0.2748521306740862,0.13949820399284363,0.13572508096694946,0.16688301269723688
2025-04-04,0.3495602020746172,0.450998890129,0.25797572569898947,0.257957299509785,0.2596942817490189,0.24018458931584308,0.3452788953394847,0.17002993822097778,0.15523549914360046,0.24090803271109992
2025-04-07,0.27338255900826447,1.01919517955,0.4800552076133312,0.48881600596021557,0.46308529322644754,0.3713281993450276,0.3583061703115108,0.2540390193462372,0.17342469096183777,0.36986494096637257
2025-04-08,0.2562136074607483,0.458104369526,0.3319316479494021,0.3309839408083849,0.33111579502609,0.27233263153683024,0.3583061703115108,0.27037307620048523,0.19108900427818298,0.29801889515869806
2025-04-09,0.20401501516753712,0.71714865735,0.44424047338230344,0.4460492285986072,0.41297363149056426,0.29687836290769887,0.3583061703115108,0.3123304545879364,0.18790706992149353,0.35124077017144495
2025-04-10,0.16780654059429387,0.542267912886,0.41554974273901363,0.41507602581339775,0.39577961373551024,0.2895007274425952,0.3583061703115108,0.3311280608177185,0.2093096673488617,0.3449500011726583
2025-04-11,0.15547063111971085,0.300570745456,0.33316792677718,0.3324675890800164,0.3171357328203363,0.23291994520776074,0.3583061703115108,0.3210233747959137,0.20400899648666382,0.2998613907827688
2025-04-14,0.14963667031908187,0.214021644575,0.2544385697376879,0.25158056212255236,0.2410269413690262,0.19006532038127832,0.1809524446467227,0.29365819692611694,0.1933063566684723,0.22928977026455097
2025-04-15,0.1464408555010097,0.167438817335,0.2213614847831294,0.219185278717165,0.2105972828729391,0.1741894887218111,0.16541038100746772,0.2652950584888458,0.18284183740615845,0.20555440171393094
2025-04-16,0.13986571760611105,0.210162829121,0.20065607987747971,0.1995918013212916,0.1952784737590102,0.18059094796262712,0.28890504014351587,0.24045398831367493,0.17573273181915283,0.21160129474239317
2025-04-17,0.13545986511563934,0.177196265995,0.16779233284404402,0.16824170620858264,0.1654816354967596,0.16785680843810272,0.16926773600080322,0.2209138125181198,0.2135658860206604,0.1818742739324389
2025-04-21,0.13341546785366531,0.138870757205,0.14522929920198613,0.1445266040751319,0.14687001001706015,0.16540486603357632,0.28321621523543383,0.18951015174388885,0.20535433292388916,0.18287306846156662
2025-04-22,0.13250953224099918,0.177881737836,0.15366182028670464,0.1543357175080125,0.15294980588308194,0.1662645031594971,0.28321621523543383,0.17835097014904022,0.19558757543563843,0.18348094395105838
2025-04-23,0.1266220432824696,0.209361965004,0.16539202596789992,0.1653336720447725,0.16262023919263302,0.1686842640527332,0.1641117813836396,0.1772807538509369,0.1872900128364563,0.1701018213327245
2025-04-24,0.12598964796217665,0.124733633378,0.13490683383728702,0.13510281459956455,0.13289527035989546,0.14700907299515764,0.15699507623923817,0.16743068397045135,0.17851969599723816,0.1504084925712618
2025-04-25,0.12249656487665114,0.147530714615,0.13900741470642047,0.13946087038600757,0.13582278298124728,0.1469274910792421,0.158518935609337,0.16426868736743927,0.17019766569137573,0.1506005496887242
2025-04-28,0.12005302355016971,0.142878277762,0.13781896150084336,0.13803757011680573,0.13480271075557426,0.1466468324185311,0.158518935609337,0.16205951571464539,0.16365492343902588,0.14879134993639467
2025-04-29,0.11990062072855671,0.136293909037,0.13294004045044266,0.133488476092319,0.1298348872011967,0.14241002845698258,0.15157387242890116,0.15900543332099915,0.15903007984161377,0.14404040254177927
2025-04-30,0.11648389486265473,0.180565047151,0.1433386874705053,0.14414896425577722,0.1399514711305792,0.15166449502963322,0.158518935609337,0.16198517382144928,0.1578107476234436,0.15105978213438928
2025-05-01,0.11360257403346634,0.153188651902,0.13767636135357625,0.13755313496572527,0.13419268486635963,0.14517490728744384,0.15157387242890116,0.16138330101966858,0.15618273615837097,0.14624814258286367
2025-05-02,0.11169868062157225,0.111582449826,0.12333304059351037,0.12370725093443419,0.11993856488950763,0.1322963278467405,0.1433580680427935,0.15513873100280762,0.14413172006607056,0.13455767191083776
2025-05-05,0.11105645726377553,0.0820740173607,0.11079303736124921,0.11109312712102788,0.10873959616870622,0.1275847390616699,0.13737167304334,0.14599785208702087,0.14120429754257202,0.12611204605508372
2025-05-06,0.11032288652648642,0.151599639072,0.13183744771501804,0.13239028252187382,0.12901315024162857,0.14317241998599714,0.14602579943509778,0.14858198165893555,0.1391848623752594,0.13860084913340145
2025-05-07,0.1025269069156385,0.205470865651,0.14983121360189405,0.15058651576690849,0.1457189967364499,0.1518597979183011,0.1493115206054305,0.15736867487430573,0.14224731922149658,0.14956057696068376
2025-05-08,0.0986098104734753,0.137531029297,0.13216576056557403,0.1326451572872038,0.1297243467179483,0.13723144434815543,0.1464309181735284,0.15386848151683807,0.13511747121810913,0.13816908283247958
2025-05-09,0.09726299078055291,0.0990615254256,0.12144191416386459,0.12094968573693171,0.11997899494934805,0.12957859663963123,0.13737167304334,0.1465088129043579,0.12871277332305908,0.1292203501086475
2025-05-12,0.09707445966933383,0.106440457753,0.1273002877458694,0.12760564609656716,0.12446725735199159,0.12367201982743616,0.12167056308257218,0.14234234392642975,0.12067369371652603,0.12681883024962745
2025-05-13,0.09677723320934485,0.0812188191824,0.11653525167528793,0.11673212148456591,0.11487963055338876,0.11751262141787872,0.11011059326138098,0.13478830456733704,0.12440992146730423,0.1192812063467348
2025-05-14,0.09741132563203686,0.0917910648053,0.11206327120976806,0.11208479755590292,0.11112125369389673,0.11756539195740928,0.1062803877380434,0.1287417858839035,0.11709805577993393,0.11499356340269397
2025-05-15,0.09635244812183612,0.0903624353352,0.10866641250534728,0.10906862459513854,0.10787272760746917,0.11476933535202571,0.10342994939725327,0.12383199483156204,0.11097823828458786,0.11123104036762628
2025-05-16,0.09679344213423924,0.0680867503841,0.1003954948281494,0.10064344681528599,0.1001671836918038,0.10935436023836029,0.10255190981912374,0.11761321872472763,0.1041039302945137,0.10497564920170922
2025-05-19,0.09827742525809027,0.0769713887868,0.10767122549587871,0.10564282663863077,0.1075314697772725,0.11606235448477302,0.1264115507552884,0.13163042068481445,0.1852962225675583,0.12574943862917373
2025-05-20,0.09929186740793185,0.0879865860317,0.11111702338474758,0.11155944784912963,0.1106341747523801,0.116779250795935,0.12415062023245661,0.12935739755630493,0.18016614019870758,0.12625200782423734
2025-05-21,0.09583722700148789,0.163042274181,0.13668064463330598,0.13835609585992345,0.1347735287131111,0.1364902743836137,0.14555625566618102,0.13339416682720184,0.17773155868053436,0.14328321782341022
2025-05-22,0.09353534594185622,0.108600701225,0.12145209744679339,0.12186864653130958,0.12114295236145742,0.12743142128882257,0.12509602749865997,0.13318580389022827,0.17763455212116241,0.13254450016263336
2025-05-23,0.09106020744188495,0.110470447707,0.12391833131633179,0.12377255974021464,0.12458652469655003,0.13273262803497227,0.12558623675419514,0.133757084608078,0.17969445884227753,0.13486397485608848
2025-05-27,0.09073455363866005,0.0594783071934,0.10798025911986128,0.10541406128483165,0.10822261923096088,0.1139792944935234,0.1020554238229972,0.13066625595092773,0.17980878055095673,0.12116095635057984
2025-05-28,0.09007242214760121,0.0892632256446,0.11672463909049034,0.11765913275033582,0.1164041500029869,0.11977806591760057,0.11757151565283294,0.13028724491596222,0.17765311896800995,0.12801112389974553
2025-05-29,0.08641955785462038,0.133446872497,0.1282774808022904,0.1296840678081762,0.1265265577684533,0.12506442585046562,0.10551870072340254,0.13221129775047302,0.17425636947155,0.1316484143106873
2025-05-30,0.08372404471765611,0.125071393171,0.12659544832932432,0.12688224023104058,0.12512684973728333,0.12452263463483385,0.12330576119859571,0.13325616717338562,0.17362721264362335,0.13333090199258382
2025-06-02,0.08147721112558087,0.0976972437133,0.11780998447418017,0.1173207032513383,0.11723708074627898,0.11916637654345319,0.109050364017589,0.13203652203083038,0.1673160344362259,0.1257052950714137
2025-06-03,0.08087902943259866,0.0586745434256,0.10616106856983486,0.10504828753253678,0.1066759785277101,0.11097469523310341,0.11589878723827243,0.12860937416553497,0.163931205868721,0.11961419959081622
2025-06-04,0.08152327278136691,0.0610893994137,0.10543821933313384,0.10584862951196963,0.10621340801038197,0.11115489650151104,0.11270271669302091,0.12581799924373627,0.1612154096364975,0.11834161127575017
2025-06-05,0.07716534758030161,0.13990033949,0.12901577211153348,0.1304721218202934,0.12731414944229663,0.12482412554248522,0.11465702725298078,0.12867990136146545,0.1600828617811203,0.13072085133031075
2025-06-06,0.07585430128731238,0.085857154533,0.11112784839174757,0.1117752319731963,0.11081335302546509,0.11187535143300736,0.10851575074073,0.12675678730010986,0.15964995324611664,0.12007346801576754
2025-06-09,0.07565898132585133,0.0486772400419,0.09760129429207608,0.09745087292911961,0.09951333036204976,0.10829825087718349,0.11081475471106246,0.12224230170249939,0.1607736498117447,0.11381349352653365
2025-06-10,0.07544486984067983,0.0653702803487,0.10273739832689577,0.10259311869799809,0.10392458793454909,0.10961840935430993,0.10851575074073,0.12010794878005981,0.1589680165052414,0.11520931861996916
2025-06-11,0.07324736053675326,0.102762635629,0.11576062207668314,0.11674923219523643,0.11556521857191925,0.11662337320017621,0.10034933935033744,0.12135922908782959,0.1723659783601761,0.12268185612033687
2025-06-12,0.07311779397184191,0.0733929266906,0.10385504007902305,0.10226981324143211,0.10540595975623185,0.11312304527809142,0.09994995527412556,0.11940130591392517,0.17231334745883942,0.11661692385738122
2025-06-13,0.07494800717206242,0.104935232151,0.11409079142347711,0.11414680182915203,0.1158320494797371,0.12481822911620546,0.10671377906201145,0.12031863629817963,0.1722097247838974,0.1240185731418086
2025-06-16,0.07451439308702179,0.0621027823129,0.10209893602810062,0.10155137721989345,0.10411060396509826,0.11333823369647154,0.09833685398583726,0.1185683012008667,0.17214499413967133,0.1157356143194199
2025-06-17,0.07309646804308427,0.0801530123043,0.10811087315109585,0.10844952549950476,0.11085044329876059,0.1236413752171225,0.11260985742372323,0.11871536076068878,0.17179112136363983,0.12202407953064794
2025-06-18,0.06966374078591962,0.109561462523,0.11688390188413247,0.11772807620025855,0.11813093707349265,0.12487329801627534,0.10507566907954298,0.12158150225877762,0.16322234272956848,0.1239279610345783
2025-06-20,0.06718538778150648,0.109318407871,0.1186771775249317,0.11995892216892785,0.1197393008820159,0.12510808554141228,0.10711495987310847,0.1227082833647728,0.1604255735874176,0.12481890042036951
2025-06-23,0.06386046534271889,0.111474953401,0.1196514132579212,0.11745394969055523,0.11976513110485729,0.12213630280797856,0.10585554617592245,0.12387465685606003,0.16090434789657593,0.12423447825569581
2025-06-24,0.06375441517152111,0.0513803113094,0.10152332560060677,0.1011553194277913,0.10304444880115844,0.1086781185867723,0.09116797449356018,0.12233727425336838,0.16139626502990723,0.11275753231330922
2025-06-25,0.06312095720275732,0.0510766975569,0.09991621729983179,0.09995051282969752,0.10160290166259779,0.10716598635348068,0.11674695304328,0.12079482525587082,0.15969976782798767,0.11512530918182089
2025-06-26,0.06283323607384614,0.047900143676,0.09578719806744468,0.09540985147499462,0.09822278834209192,0.10744648706940363,0.1195646033293966,0.11867394298315048,0.15902885794639587,0.11344767560183967
2025-06-27,0.06190584684701502,0.0738501564696,0.1015351936925362,0.10129170360944634,0.10331057052987734,0.11105273221219174,0.09116797449356018,0.11773843318223953,0.1566864252090454,0.11182614756127096
2025-06-30,0.0635464558497331,0.0653401981371,0.09666279783964225,0.09672582710125674,0.09953010434376786,0.1119800492127427,0.09962726193466045,0.11614144593477249,0.15498226881027222,0.11080710788244495
2025-07-01,0.0656998966853836,0.0775354290354,0.10155495747877728,0.10148623903913771,0.10386815473927694,0.11385398513957054,0.11809755353735238,0.11559475213289261,0.15046226978302002,0.11498827312143249
2025-07-02,0.0697609918113216,0.0418327273371,0.09063137700250012,0.08943401532801012,0.09436309437747617,0.10786854326923331,0.11809755353735238,0.11361243575811386,0.14918816089630127,0.10902788288128389
2025-07-03,0.07046066445588346,0.0374594834255,0.08879744629748265,0.08770454047426057,0.09273846284253201,0.10616373920855522,0.11809755353735238,0.11174312978982925,0.14767184853553772,0.10755953152650712
2025-07-07,0.07045241302319318,0.0770004765197,0.10050676142352216,0.10128087834855785,0.10386889637677146,0.11701173861420786,0.12231352861153505,0.11178455501794815,0.14985597133636475,0.1152317613898439
2025-07-08,0.07104571863722262,0.0710597572164,0.09907109428914407,0.09895358092763643,0.10202383650100877,0.11319084468561043,0.11809755353735238,0.11164777725934982,0.1490423083305359,0.11314671364723396
2025-07-09,0.07342919893805869,0.056200696375,0.09360708293890735,0.0937766342369732,0.0968895802287246,0.10799429763215058,0.08970092470151596,0.11076321452856064,0.14680317044258118,0.10564784352991621
2025-07-10,0.07407867574952404,0.0418091946725,0.08939172814254717,0.08889282950126377,0.093133297890535,0.10532158832753313,0.08970092470151596,0.10954704135656357,0.14669379591941833,0.10324017226276815
2025-07-11,0.07440923151671115,0.0599488038506,0.0958504636946561,0.09563657590799575,0.09898437817369163,0.10964291883698354,0.11809755353735238,0.10954726487398148,0.14642581343650818,0.11059785263730985
2025-07-14,0.07463593993180712,0.0608141063263,0.0952661892893392,0.09500318061601618,0.099036538034176,0.11284823809767847,0.1187170815445215,0.1093503013253212,0.147122323513031,0.11104912177429764
2025-07-15,0.07415149971244492,0.0706277357139,0.09809832178271256,0.09892344579372804,0.1018421689138301,0.11531630268014832,0.12231352861153505,0.1094926968216896,0.16116183996200562,0.11530690065223562
2025-07-16,0.06990901045655502,0.129237125492,0.11899186412739203,0.12040810137461593,0.11956429294901877,0.12310778760839569,0.13601597713567956,0.11243285983800888,0.15979096293449402,0.1271874065668007
2025-07-17,0.0706187618170486,0.0499576473659,0.09625568944415283,0.0954945771453379,0.09933584069799714,0.10930735664802543,0.11809755353735238,0.11181656271219254,0.15732982754707336,0.11251962967601879
2025-07-18,0.07087830181635985,0.0450464372578,0.0940478001988025,0.09419105664911982,0.09739377782793826,0.10798129875136817,0.11809755353735238,0.1111190989613533,0.15456685423851013,0.11105677716634922
2025-07-21,0.07227735599185156,0.0413826051432,0.09156548653506548,0.09145429906535753,0.09534953407090016,0.10735406403447638,0.10999299786945495,0.10613413900136948,0.1150720939040184,0.10241751635437749
2025-07-22,0.07442214950071006,0.0694848535419,0.09966473058660866,0.10007414199140796,0.10245491850823467,0.11109462760804244,0.09596326713958997,0.10636075586080551,0.1133960410952568,0.10414406896999229
2025-07-23,0.07644252522973871,0.0572416106243,0.09232609879968741,0.09166086093954622,0.09576638766665095,0.10631437293901091,0.09088238866657548,0.10505751520395279,0.11199719458818436,0.09914354554337258
2025-07-24,0.08131539321838369,0.0485358755131,0.08970490327246958,0.08961987965393607,0.09351667875115613,0.1043276024545445,0.09088238866657548,0.10363166034221649,0.11032072454690933,0.0974291196696868
2025-07-25,0.08154559883415267,0.0303488797858,0.08364374496516024,0.08319020083962758,0.08801224659611728,0.09960571974911939,0.09596326713958997,0.10159878432750702,0.11016476899385452,0.094596961801568
2025-07-28,0.08201487053732291,0.0391585294399,0.08608530209057233,0.08627718993885984,0.09019179174432417,0.10114578426559645,0.09088238866657548,0.1004808321595192,0.1060849204659462,0.0944497441901991
2025-07-29,0.08168003933144548,0.0549957297942,0.08993300099633567,0.09023404344857529,0.0939094601320624,0.10522515688782057,0.09761480725190295,0.1001792624592781,0.1053977832198143,0.09749907348511276
2025-07-30,0.08003087732414334,0.0926904699208,0.10275000836995098,0.10365798712929594,0.10503510739922806,0.11117923473997336,0.09088238866657548,0.10189900547266006,0.10808049887418747,0.10335489009312449
2025-07-31,0.07818162388045978,0.108887807386,0.11062680788158659,0.11187950584727684,0.11206224253689762,0.11640058591407079,0.1018360524573658,0.10467890650033951,0.11081155389547348,0.10975652214757295
2025-08-01,0.07622390112446673,0.115336411038,0.11695694255098885,0.11774090439574122,0.11927275453512,0.12746035966395505,0.09707873186031805,0.10800806432962418,0.1143936738371849,0.1144159187389903
2025-08-04,0.07674249296760224,0.058851570046,0.10157144193894511,0.10072709839835979,0.10395965145569065,0.11076349568456827,0.11281995824038787,0.1082569882273674,0.11962685734033585,0.10824649875509358
2025-08-05,0.07583864989593683,0.0768417591809,0.107954029072266,0.1087548148868126,0.10986461571766148,0.11576994257073585,0.09819261386916533,0.10957183688879013,0.1205858364701271,0.11009909849650835
2025-08-06,0.07725701561593536,0.0825377092565,0.10908013254697475,0.1088889271800648,0.1101065184138863,0.11251089050788755,0.09326317217733521,0.11065112799406052,0.12008737772703171,0.10922687807817726
2025-08-07,0.07495223446523046,0.101931024684,0.11436169425953062,0.11504124361515809,0.11479582425268865,0.1159194994934969,0.09442990907383773,0.11225206404924393,0.1166023388504982,0.1119146533706363
2025-08-08,0.07462378741865411,0.0613177836003,0.09973098018541639,0.09869817391695392,0.10136897035746208,0.10492300269991837,0.08785165245802826,0.1110512837767601,0.11505637317895889,0.102668633796214
2025-08-11,0.07441271348068204,0.0680045094043,0.10216030060999398,0.10238327903802084,0.10382716586449486,0.10859672880765968,0.09326317217733521,0.11067339032888412,0.11351484805345535,0.10491698355426345
2025-08-12,0.07383777303168941,0.0663923279816,0.10114665647137405,0.10157764005247585,0.10227406586999126,0.10426830170829142,0.09227208149803248,0.11018335074186325,0.12269959598779678,0.10491738461854645
2025-08-13,0.07346029424252233,0.0589459585906,0.09774739872350664,0.09800353891798289,0.09917024482551151,0.10152003736856749,0.087191203025018,0.1091797724366188,0.11885342746973038,0.10166651753813369
2025-08-14,0.07281094314525613,0.0621896784602,0.0966092306298067,0.09637757616362841,0.09836637937217337,0.10193203052827758,0.087191203025018,0.10810758918523788,0.11524642258882523,0.1005472044989953
2025-08-15,0.07177959633915254,0.0677517664645,0.09854698649438978,0.09918255884270806,0.1003118724575164,0.1035806202327656,0.09114546645062255,0.10748717933893204,0.11169607192277908,0.10170725081995909
2025-08-18,0.0784295091464895,0.0529186981452,0.09344662743014566,0.09356999880246031,0.09592479033016864,0.10186405924646953,0.09860226132323345,0.10630900412797928,0.10803533345460892,0.09967886781643798
2025-08-19,0.07822090283551629,0.0769314821467,0.1004347319186692,0.10048802349319175,0.10205678239355757,0.10631173273727107,0.09410701416618791,0.10752454400062561,0.0957365408539772,0.10095133850906861
2025-08-20,0.0753662433892177,0.106937308558,0.11170323693397369,0.11268444162185234,0.11212751853995351,0.11397721488332385,0.09650414825830934,0.11148703098297119,0.0973375216126442,0.10797444469043259
2025-08-21,0.07266029024101817,0.0983741422221,0.11113087347283948,0.1114164802625722,0.11201039006241835,0.11606180710106562,0.09635403798043313,0.11421862244606018,0.0997072234749794,0.10869991925719548
2025-08-22,0.06752368491987533,0.136011525018,0.1256890360432364,0.11690839681157708,0.12307830812116086,0.11403096572084906,0.10136441733971438,0.12053526937961578,0.10014844685792923,0.11453640575344039
2025-08-25,0.0681987091123634,0.0413325092199,0.09756554223552596,0.09789770214371195,0.09858368608742418,0.10052206359905827,0.08685459683186271,0.11700087785720825,0.09865394979715347,0.0995826312217064
2025-08-26,0.07079517317957744,0.0560823566603,0.10076122126050047,0.1002703507493252,0.10128727664664777,0.10191423083402028,0.091961049377648,0.11546628177165985,0.09906332939863205,0.10153196286263337
2025-08-27,0.07255616100965734,0.0432841408622,0.09369007546588601,0.09337781640338975,0.0953158036503732,0.1002549459328939,0.091961049377648,0.11221455037593842,0.0984848216176033,0.09789986611767608
2025-08-28,0.07260197454667827,0.054690819302,0.09470283011274389,0.0948235538741899,0.09606961805914987,0.09988139743201588,0.08685459683186271,0.1101195216178894,0.09673156589269638,0.09702615483150687
2025-08-29,0.07259654003114832,0.0755809455541,0.09758336257187833,0.09811740167948954,0.0992014002096314,0.10509509401595483,0.09338794481724697,0.1092575192451477,0.09685849398374557,0.09992874521758491
