date,target,persistence,har,shar,har_rv_iv,har_x_lasso,hgb,lstm,lstm_x,combination
2022-10-12,0.2388307300068331,0.172205243508,0.1729359517966589,0.17225622335649446,0.18445943239134271,0.23342969508980194,0.1803844117071166,0.18598255515098572,0.2142598032951355,0.19195829611250512
2022-10-13,0.21647272057088027,0.301046489396,0.23852378500343918,0.22394395626694558,0.23274233727159033,0.2457934933017746,0.2179922775370288,0.20257779955863953,0.22679269313812256,0.22690947743964865
2022-10-14,0.1950844238033227,0.299432320538,0.24982068988688316,0.25364559459478564,0.23999114958645876,0.2489171705216295,0.2179922775370288,0.21904069185256958,0.2336960732936859,0.2375862353247202
2022-10-17,0.20523650346433603,0.169466832096,0.18928220529875173,0.18752019684393295,0.19018047426535806,0.21714360755552542,0.1803844117071166,0.21640703082084656,0.2252771556377411,0.2008850117327532
2022-10-18,0.1912860651253263,0.212358224511,0.21005511661805037,0.212823082396993,0.20507456229254992,0.22538920182166192,0.1951649630823537,0.21905890107154846,0.21871355175971985,0.21232562557755388
2022-10-19,0.18993279747077957,0.176343023448,0.19439130384034603,0.1963734788608277,0.193222002936441,0.22601870972450022,0.1951649630823537,0.21629410982131958,0.21209341287612915,0.2047939973059882
2022-10-20,0.1875436507781998,0.199325348505,0.19532052418475487,0.1965331716869816,0.19315650031937012,0.22154138474148447,0.1951649630823537,0.21396836638450623,0.20617181062698364,0.20312238871806207
2022-10-21,0.168640705238473,0.213652013516,0.19465914044168478,0.191942838840668,0.1931853305152664,0.21801461488065932,0.1951649630823537,0.21113735437393188,0.20036563277244568,0.20063855355814425
2022-10-24,0.1521286574806186,0.221448542328,0.20266207929881597,0.20357884399300627,0.19956429131289147,0.22018165057460878,0.1951649630823537,0.21078753471374512,0.19521212577819824,0.20387878410765994
2022-10-25,0.15706278648574834,0.132051873527,0.1561879699976823,0.1531734886247392,0.15940785935628043,0.1902027764575743,0.1803844117071166,0.19864308834075928,0.1916847825050354,0.1756691967127411
2022-10-26,0.19479577205483434,0.168870974825,0.17196551634142318,0.17246185281561063,0.17040654834859215,0.19323742266281507,0.1951649630823537,0.19306349754333496,0.18663853406906128,0.18327690498045587
2022-10-27,0.1939823177385933,0.187673550394,0.17938491847780919,0.18165151802872667,0.17560357184479652,0.196433014275591,0.1951649630823537,0.1905023753643036,0.18586453795433044,0.18637212843255874
2022-10-28,0.2232544773200735,0.109464676769,0.135820995704398,0.13014340222329365,0.1391892480483981,0.16687892845816843,0.17769128838588838,0.17796441912651062,0.1790497899055481,0.15810543883602932
2022-10-31,0.2203052910953093,0.150188753629,0.14765199039555177,0.14918203726237517,0.1491053847395387,0.16864099759074025,0.1803844117071166,0.17162424325942993,0.17061945796012878,0.1624583604164116
2022-11-01,0.2233873999037896,0.158321349353,0.15370701791472177,0.15563120766807698,0.15378539171407912,0.17148697632112075,0.1803844117071166,0.168351948261261,0.16264748573303223,0.16371349133134405
2022-11-02,0.1910187889415793,0.308059695022,0.2317547008433328,0.23460828596354377,0.21531241118006303,0.2057947899798087,0.2387807349565915,0.18631216883659363,0.17773222923278809,0.21289933157038882
2022-11-03,0.1901104530224396,0.183412364473,0.17617492804496188,0.1752282473385251,0.16942747093435456,0.17836282195795633,0.17603911199117062,0.1871841847896576,0.1712610125541687,0.17623968251582783
2022-11-04,0.16119716516961907,0.2702769426,0.22854893991316882,0.22944461481968953,0.20831959017441704,0.19911790398248036,0.163509589309782,0.20147088170051575,0.17221269011497498,0.2003748871450041
2022-11-07,0.1628804984719011,0.126554177814,0.16317480310933802,0.16371768571289538,0.155981309675153,0.16671744346520703,0.1730160984611185,0.19583338499069214,0.1650664508342743,0.1690724537498112
2022-11-08,0.17226730791817865,0.178614656221,0.1879204311987531,0.18912627488970873,0.17749985263884757,0.17688683087504456,0.16145504525414156,0.19741791486740112,0.16595831513404846,0.17946638069399215
2022-11-09,0.16304391071149027,0.166829290479,0.17029385678476114,0.17173709655876904,0.16588515237383739,0.17984696619335813,0.18091073400582516,0.19354161620140076,0.16472169756889343,0.175276731383835
2022-11-10,0.1537972248866974,0.178631264173,0.1756636337454801,0.17130104223084913,0.16453185550264463,0.15920338897774017,0.15560405765869154,0.19341941177845,0.15907803177833557,0.16840020309602735
2022-11-11,0.15321508320018476,0.149205677683,0.15208276372466906,0.15160272893005458,0.14342114403311748,0.14227040098560412,0.1427454979229812,0.1884053647518158,0.15688061714172363,0.15391550249856656
2022-11-14,0.1473947684119132,0.136907317339,0.14815977706145234,0.14946824447434046,0.14284071178712412,0.14428737733296934,0.1511333737585822,0.18300946056842804,0.15236896276474,0.15303827253537666
2022-11-15,0.11584670234264215,0.218249944769,0.18734696427883085,0.1881631877454979,0.17408615352415743,0.16004472551732768,0.15206912846613013,0.18534111976623535,0.15093550086021423,0.17114096859405623
2022-11-16,0.11772124169770216,0.111213620459,0.13597415818551856,0.13739061759668214,0.13404904446846966,0.14645829370420638,0.16814259745206686,0.17723102867603302,0.1476377248764038,0.14955478070848294
2022-11-17,0.10388330935277737,0.131379132109,0.14075947414045847,0.13772612454856858,0.1381497866474372,0.14733354893120904,0.17003653894453535,0.1722692996263504,0.14550963044166565,0.1502549147543178
2022-11-18,0.08989468028404864,0.146180405454,0.1470195362275787,0.14823361641885602,0.14213667236065214,0.15044029320578198,0.1533850652325742,0.1689584106206894,0.14291366934776306,0.1504410376305565
2022-11-21,0.09483482313372003,0.0999769659304,0.12391173233084346,0.12391882833753126,0.12353846370348781,0.13298772288270172,0.13446213781543728,0.16277584433555603,0.137204110622406,0.13411412000399478
2022-11-22,0.12276258336553514,0.0781616391448,0.10228006819703353,0.10052864161856799,0.10548729984361525,0.11722004711601876,0.1306778649192577,0.15364879369735718,0.13031473755836487,0.12002249327860218
2022-11-23,0.12779322366903012,0.120655007735,0.12191981136775921,0.12050698239505551,0.11947150002477705,0.12067099957776024,0.1304137360400456,0.1497839391231537,0.1260213553905487,0.12696976055987144
2022-11-25,0.1374671738836588,0.0439059498229,0.08095980460506069,0.08073714326398149,0.08769637198592001,0.09941349097223821,0.1125178543999631,0.13957862555980682,0.12247443944215775,0.10333967574701829
2022-11-28,0.1401677678998718,0.0884040092142,0.09538641663347193,0.09635278514894594,0.10403759569590085,0.11824087344865168,0.12674120538498987,0.1341869980096817,0.1179099902510643,0.11326512351038662
2022-11-29,0.14195842151537813,0.120657964486,0.11147582812063717,0.11242591788908882,0.11676230533806556,0.12942857066715313,0.13277259693106438,0.13265381753444672,0.11949626356363297,0.12214504286344126
2022-11-30,0.1311177714105801,0.191034768596,0.15195968207187383,0.14184107300516766,0.14481909107014268,0.13989039876520618,0.13807408836532734,0.1385505199432373,0.12172804027795792,0.13955184192841613
2022-12-01,0.12751539485291088,0.144429607758,0.1338319680892045,0.13532120145440196,0.12963914881827993,0.1311454068490586,0.13745888834384093,0.1407822072505951,0.12043637782335281,0.1326593140898191
2022-12-02,0.126218042017215,0.121483792454,0.13091324229216006,0.12976680458281625,0.12543526136776884,0.12220254163778646,0.1251308130913946,0.14216625690460205,0.11348316818475723,0.12701401258018366
2022-12-05,0.1252239106850602,0.107536808384,0.12717052962857467,0.12849657633492237,0.12627162451600135,0.14056718930470363,0.13194444732297878,0.14202018082141876,0.11620209366083145,0.1303818059413473
2022-12-06,0.16100390553397248,0.130706908002,0.13831168162625812,0.13990382883425212,0.13866828204671094,0.144004740420216,0.15007665479119423,0.14379693567752838,0.11892356723546982,0.1390979558045185
2022-12-07,0.19990148571633223,0.14728430166,0.14197766713636142,0.14294440277674458,0.14369484668854188,0.15807424489685715,0.17246290085945193,0.14544960856437683,0.12225300818681717,0.14669381130130726
2022-12-08,0.20452676376663473,0.127284882532,0.13173830373090317,0.13160422252860546,0.13415985176616782,0.14628891875901215,0.14819620150289253,0.14481116831302643,0.12232787162065506,0.1370180768887518
2022-12-09,0.21091174940660468,0.114509400749,0.12575048182106913,0.12653825499567894,0.13068119011315552,0.14950783058429779,0.16562081489113356,0.14338243007659912,0.12247290462255478,0.137707701014927
2022-12-12,0.21360905725571136,0.101559507386,0.11970739630449358,0.11754974772565241,0.12968228536265833,0.15765390573020743,0.1800651168520419,0.14485768973827362,0.12205636501312256,0.13879607238949282
2022-12-13,0.18856347145142618,0.261324405192,0.20009546503160486,0.2030255985871418,0.18672165067895896,0.17374417465339093,0.15307999996185037,0.15139244496822357,0.13223618268966675,0.1714707880815482
2022-12-14,0.14113558620554723,0.303124392762,0.2316817417557578,0.23519885607638819,0.2075678051481472,0.1772971590438549,0.1678599854679364,0.15995241701602936,0.1488666832447052,0.18977494967897415
2022-12-15,0.13820599752121446,0.159857457904,0.17278398167190911,0.17492176278321359,0.16262007601795117,0.15203986507794748,0.14897016332755894,0.16151557862758636,0.14187487959861755,0.1592466153006835
2022-12-16,0.13812712940252228,0.162404579875,0.1783705866234461,0.17983226011576695,0.1675441717945913,0.1570581241220405,0.14030937997326842,0.16357272863388062,0.13911104202270508,0.1608283276122427
2022-12-19,0.1351855651304985,0.126647740051,0.1651688764219363,0.16672633284512228,0.15730202896301512,0.15102741868440409,0.1341063978392832,0.16406959295272827,0.13487213850021362,0.1533246837438147
2022-12-20,0.13529239630554354,0.133892538514,0.1568015381398503,0.15719453998121924,0.15025986099380026,0.1465395316437672,0.1341063978392832,0.16329413652420044,0.13016586005687714,0.14833740931128542
2022-12-21,0.13065914854632113,0.117045940238,0.13286180084531235,0.13098777511203452,0.13007216404921412,0.13050733790931315,0.12891009442980692,0.15975551307201385,0.12438419461250305,0.13392555429002828
2022-12-22,0.13098814708315046,0.14650128714,0.1442124557625199,0.14483177999751862,0.14264682671702272,0.1438304357352597,0.13954370615968872,0.1581188440322876,0.1257334053516388,0.14270249339370514
2022-12-23,0.1389435096071042,0.162068745275,0.15063369880609584,0.14902562601731406,0.14573509457169923,0.14260201985988236,0.14030937997326842,0.1576208621263504,0.12474431097507477,0.14438157033281215
2022-12-27,0.1559723171259111,0.109634920411,0.12653075131343405,0.12652632710818323,0.12894443860398022,0.14087090002116734,0.133791064267852,0.15487517416477203,0.12316784262657166,0.13352949972942293
2022-12-28,0.1582823525523553,0.134430983266,0.13698871963333709,0.13867540799856673,0.13837935737707097,0.15079016037557125,0.145982280674252,0.15348206460475922,0.12435832619667053,0.14123661669431825
2022-12-29,0.17240627481900564,0.0868254290518,0.11374788125892539,0.1115714138012015,0.11813134094391371,0.13483156178225417,0.12775325701118212,0.14993640780448914,0.12382745742797852,0.12568561714713494
2022-12-30,0.1676577878834696,0.147962951515,0.14015128255149542,0.14079728830650234,0.139055808342142,0.14166371105344583,0.14177073761116524,0.15026985108852386,0.12478330731391907,0.13978456946674195
2023-01-03,0.15605268291008578,0.192362416088,0.16201735610076146,0.16377920923880135,0.15819579967454755,0.15916537572089343,0.16184535117436086,0.15261058509349823,0.1272970288991928,0.15498724370029368
2023-01-04,0.13642856255491903,0.192691826531,0.1694942449696163,0.17071432881481546,0.16153981948129648,0.16120508260769356,0.15438878672920495,0.1556219905614853,0.1337478905916214,0.15810173482224762
2023-01-05,0.1462913761462927,0.147313904168,0.1510129517260829,0.1504933566469053,0.14776217813276546,0.16038847967540218,0.16659203322814187,0.1565040647983551,0.1373472809791565,0.1528714778838299
2023-01-06,0.13027050090934544,0.175760511684,0.17107898639850255,0.171428058605902,0.15948216041096555,0.15872401884856518,0.15307999996185037,0.15978308022022247,0.13699007034301758,0.15865233925557512
2023-01-09,0.12667005623720207,0.117554609548,0.14328725544150805,0.1444834127282877,0.1395974776840474,0.14832923276533047,0.15121975876441254,0.15950347483158112,0.13747653365135193,0.14627102083807417
2023-01-10,0.12150374630941391,0.134980847348,0.14566710282655151,0.14576386541944808,0.13967462807790496,0.1426136035754708,0.14351171547324712,0.15934927761554718,0.13485582172870636,0.144490859245268
2023-01-11,0.12657048703857474,0.0918243115886,0.11808309797972807,0.11815388887459413,0.11930192827772562,0.12771312012133898,0.14039180184578456,0.15633724629878998,0.1347597986459732,0.1306772688634192
2023-01-12,0.10578964215923416,0.188794747361,0.16332134482036703,0.16412853270508793,0.14961851285004296,0.1294224542665077,0.13287326803881175,0.14847935736179352,0.12862122058868408,0.14520924151875642
2023-01-13,0.11200095742308784,0.093476953466,0.11535184167675555,0.11376744189831559,0.11035192484770369,0.10766429991963167,0.11373039804940842,0.14189085364341736,0.09825064986944199,0.11442962998638204
2023-01-17,0.11829808462460555,0.0958831837486,0.11490250769020563,0.11477677109274728,0.11223728284667182,0.11806387769271896,0.11567379780816346,0.136307954788208,0.10705947130918503,0.1170030947468429
2023-01-18,0.12167838438024765,0.108669753157,0.11853546523292931,0.11894532665463313,0.11804099351369257,0.13179936910690518,0.13407786356135482,0.13219179213047028,0.11956105381250381,0.12473598057321274
2023-01-19,0.12854353972527102,0.121310936475,0.12669279531426894,0.127242326591314,0.12511266942898744,0.1271747366630775,0.1311662589480169,0.13075341284275055,0.12980902194976807,0.1282787459625976
2023-01-20,0.1292495313835968,0.107239254129,0.11349497635448197,0.1109677387252768,0.11358622328542743,0.12619100479974352,0.14078561910579548,0.12715747952461243,0.12148430198431015,0.12195247768280681
2023-01-23,0.12749235143210597,0.124506109115,0.12365287138064444,0.12302196199874837,0.1213392118026001,0.12933880383402913,0.14377601425142347,0.12658555805683136,0.11384759098291397,0.1259374303295987
2023-01-24,0.12304231788386699,0.128236877444,0.1281816743247197,0.1289169283201737,0.12425352026747231,0.1226894495236746,0.13026887454415587,0.1273394376039505,0.11670082062482834,0.12547867217271072
2023-01-25,0.14904752240032523,0.125956648291,0.12874811875668554,0.12782940017387123,0.12416898992479425,0.129857986832287,0.1331804791574938,0.12815767526626587,0.11565590649843216,0.12679979380140427
2023-01-26,0.14789417024305837,0.152661079543,0.14292602023236572,0.14399576060767785,0.13428368530239798,0.13627767579985084,0.13962622433796332,0.13180170953273773,0.11737427860498428,0.1351836220597111
2023-01-27,0.15807807021126521,0.111401330401,0.1258964797097434,0.12600513904728766,0.12033628897905647,0.12797893350650022,0.1331804791574938,0.13084252178668976,0.1101667657494545,0.12491522970517512
2023-01-30,0.156204877312201,0.115091540788,0.12659940686469867,0.1270038621655702,0.12422307644120295,0.1403539618530708,0.14924945381776425,0.13051237165927887,0.12189822643995285,0.13140576560593406
2023-01-31,0.17577732955819056,0.104260530976,0.11991227666475948,0.1168437656130866,0.11737377447630604,0.12487944244067732,0.13191994745314356,0.12875865399837494,0.12168668955564499,0.12305350717171328
2023-02-01,0.1572103199485477,0.226371016179,0.18053403477655877,0.17378751682707527,0.16194732507847223,0.14162190148813872,0.13726847401984837,0.13991421461105347,0.14394977688789368,0.15414617766986294
2023-02-02,0.15591313933175283,0.146945614083,0.14622744152503275,0.14565491622802249,0.13450616471780377,0.12701550213331647,0.13811942995447243,0.14141978323459625,0.13012558221817017,0.13758126000163062
2023-02-03,0.14608210047405265,0.167302749123,0.16001600536198096,0.16040879768911853,0.1457399679018082,0.1415959267302712,0.13309597493888026,0.14537003636360168,0.12021992355585098,0.14377809036307312
2023-02-06,0.14430892236912704,0.101501230696,0.13105893868178958,0.13162520578059406,0.12522433757233303,0.13092668790245193,0.1286706339702508,0.1420487016439438,0.10519730299711227,0.1278216869354965
2023-02-07,0.13906007496030315,0.208227730554,0.185687519575606,0.1850556998952141,0.16607616686232185,0.14504669215373345,0.13561740111086068,0.15067511796951294,0.11912889033555984,0.15532678398611557
2023-02-08,0.13407472424392247,0.142586508915,0.15028244525183926,0.15125802510659025,0.14094694357515994,0.13962087262901482,0.14544890352181433,0.1497640758752823,0.1289852261543274,0.14375807030200405
2023-02-09,0.1286230153536684,0.139864667046,0.1484187077550833,0.14951568173152197,0.14179675815364134,0.1483841242961299,0.14674719634302047,0.1486719399690628,0.14720845222473145,0.14724898006759873
2023-02-10,0.13038233540185148,0.114654154645,0.1329925987012463,0.13248382292710398,0.12984637145691885,0.13963222062415195,0.14377601425142347,0.14461232721805573,0.14892703294754028,0.13889576973234866
2023-02-13,0.1304646809859711,0.087908616273,0.12052162264986668,0.11847390634959118,0.11923678339555033,0.13384056804806765,0.12728108176138775,0.1466631442308426,0.13388949632644653,0.12855808610882183
2023-02-14,0.11448744891661204,0.189530959568,0.16179308928487585,0.16306591822217303,0.14924006425827496,0.14065650272765245,0.1422817136194299,0.15188448131084442,0.13201625645160675,0.14870543226783675
2023-02-15,0.11474615325880799,0.116286494015,0.1283655460466916,0.1284980231534621,0.12207786648853569,0.12214144765900524,0.13499094034314965,0.14737246930599213,0.12919391691684723,0.13037717284481193
2023-02-16,0.1169847346741723,0.111361425439,0.12364877760386583,0.12409714333214233,0.12142561497624194,0.1269505017053403,0.139107328823027,0.14312811195850372,0.13003146648406982,0.1297698492690273
2023-02-17,0.11198127322235488,0.124193162888,0.12989532479329002,0.13032079771612504,0.1258461071986956,0.12736182363886,0.139107328823027,0.14165917038917542,0.1305408775806427,0.13210449001997368
2023-02-21,0.11108764750373398,0.0885173588325,0.11496149219836277,0.115470113938245,0.12017652562673095,0.15238918672972118,0.17135597305574266,0.13677524030208588,0.13370466232299805,0.13497617059626948
2023-02-22,0.10917860977160505,0.127881583929,0.12594727649278498,0.12678565351017554,0.1279231488382474,0.15794510937887568,0.16786799686786866,0.13627082109451294,0.1389867663383484,0.14024668178868765
2023-02-23,0.10700804776101476,0.117554529183,0.12171605800638582,0.12243915759779847,0.12220378813183647,0.14282611520294605,0.15532596289646944,0.13498066365718842,0.13892939686775208,0.13406016319433953
2023-02-24,0.1002273799939219,0.122454519603,0.12481252307870892,0.12544371174251306,0.12605558364109049,0.14404084031673012,0.15711316855947244,0.1349431425333023,0.13894425332546234,0.1359076033138971
2023-02-27,0.09665879469304764,0.0984673993604,0.11241407723482424,0.1131577938085102,0.11567607906554861,0.14021400832945388,0.14086040674303923,0.13184864819049835,0.13355495035648346,0.12681799481833686
2023-02-28,0.11522863513645736,0.0826959623667,0.1054224692959746,0.10588428848005536,0.11006032047907084,0.13612038538773327,0.13969092884248066,0.12767134606838226,0.12897330522537231,0.12197472053986705
2023-03-01,0.11440015793332635,0.119378459225,0.1201381552462193,0.12057147132568719,0.12237493619952582,0.14670852967849315,0.15483617513065862,0.1283784955739975,0.12913256883621216,0.13173433314154195
2023-03-02,0.12259343421738578,0.107111318736,0.11402601199976249,0.11165709942865946,0.11587726404217408,0.13369545577198527,0.14301263500657296,0.12756891548633575,0.12442515790462494,0.12432321994858785
2023-03-03,0.15172356573646248,0.0892700198578,0.1035121630369739,0.1017249805669024,0.10525685166316787,0.11159313854774941,0.11658643219873582,0.12446270883083344,0.11886510252952576,0.11171448248198408
2023-03-06,0.2006969587342848,0.0786308030744,0.09764705709034036,0.09816263304178793,0.10182307469432214,0.11948711961524178,0.11486080206832631,0.12040653824806213,0.11341074109077454,0.10939970940697931
2023-03-07,0.20167222015061176,0.162825676757,0.14047970825099915,0.14125385680713728,0.1372169778063935,0.14900291593048215,0.15479151399716298,0.12823878228664398,0.11733576655387878,0.13833136023324255
2023-03-08,0.21490716314833716,0.11532564947,0.12017909982762345,0.11936480525219409,0.12015859127866355,0.13548464318131115,0.1485053592842389,0.12900875508785248,0.11922816932201385,0.12741848903341393
2023-03-09,0.2175919526723854,0.145539013641,0.13631514694689822,0.13703168020809356,0.1387359638697676,0.1694872473188728,0.18597551816296745,0.13387365639209747,0.13051700592041016,0.14741945983130103
2023-03-10,0.20926684452385286,0.218914567533,0.17908486383237832,0.17931688935055196,0.174415199392016,0.19933659012420415,0.19522441780244396,0.1483500748872757,0.1516079604625702,0.17533371369306286
2023-03-13,0.169019416132638,0.304103514316,0.23510840474952527,0.23307521940287557,0.22128625983448552,0.23135055403079752,0.19753705821405704,0.17417611181735992,0.1782315969467163,0.21010931499940244
2023-03-14,0.15689659095414588,0.168743227087,0.17832283173648225,0.17842803166625976,0.16869780932449036,0.18495581351661383,0.21109399637897971,0.1785239726305008,0.19184184074401855,0.18455204228533503
2023-03-15,0.16160645147290306,0.202155948183,0.19996629408390051,0.19765697167762383,0.1881913327090896,0.19681736764610902,0.17815783853771136,0.1620185375213623,0.19563965499401093,0.18834971388140107
2023-03-16,0.161820669521536,0.164278574282,0.18549686143651037,0.18289034194631762,0.17038427147683582,0.1741005050509365,0.16880892630509697,0.16520623862743378,0.19121967256069183,0.1768724024862604
2023-03-17,0.15879220347416484,0.173652986223,0.18537929423957605,0.18657385953433975,0.17676031165970119,0.18835591523625272,0.18196052654732892,0.1675909161567688,0.19039998948574066,0.182431544694244
2023-03-20,0.15552024965771863,0.127881591652,0.15006462918069663,0.14976415453378203,0.1470548839578781,0.15805713876697283,0.16105624842138128,0.16431830823421478,0.17867843806743622,0.15842768588033743
2023-03-21,0.15486492707601837,0.0933764574384,0.12874074272346522,0.12910685398604024,0.12621985392327648,0.13691493460292223,0.12575343530366045,0.15824487805366516,0.16330702602863312,0.1383268178030947
2023-03-22,0.12360434323580807,0.219926241974,0.18336839242191977,0.1849052952708397,0.17178807872922008,0.17353820843320955,0.15740089069273794,0.16130268573760986,0.17421723902225494,0.17236011290111314
2023-03-23,0.10381742708315367,0.165329578726,0.16025041484688357,0.16141379231555356,0.15326138550758278,0.1551910979867306,0.1539393117002163,0.1604038029909134,0.1673903912305832,0.15883574236835193
2023-03-24,0.08207602074309069,0.159061414627,0.15619517323226348,0.15481183250358,0.14813750595978512,0.1473269200342594,0.1455120580765348,0.15899932384490967,0.1614522784948349,0.1532050131637382
2023-03-27,0.07522451171448154,0.105884948555,0.13183807619273066,0.13265723442526267,0.12749200444697023,0.13289225017719855,0.13644652473621816,0.15415418148040771,0.15012966096401215,0.13794427606040002
2023-03-28,0.07787970780812374,0.0877618979229,0.1237968622280454,0.12456241509582375,0.12044740599449377,0.1288155067547055,0.12467988299230626,0.14980456233024597,0.14331834018230438,0.13077499651113214
2023-03-29,0.08145211126129569,0.0695844239131,0.1025701202256755,0.10229276164269588,0.10291158877508899,0.11246102022015997,0.11857281681685085,0.14313963055610657,0.1343023031949997,0.11660717734736821
2023-03-30,0.08032328105778007,0.0695269163622,0.09388215394296401,0.0943480218954153,0.09620434333091966,0.10513311506706771,0.11683970426944787,0.1368177831172943,0.1257750540971756,0.10985716796004064
2023-03-31,0.081615388201397,0.071362516053,0.08682839255748001,0.08472701134737835,0.09108015353279797,0.10304988741518019,0.11395911776260283,0.1307888776063919,0.11837226152420044,0.10411510024943309
2023-04-03,0.07848871865303556,0.0763078779603,0.08631360384391834,0.08628882124119483,0.09031246032950764,0.0981256939453077,0.11297203684810511,0.1262536197900772,0.11229871213436127,0.10179499259035316
2023-04-04,0.08380778297693556,0.0986648841028,0.09669138798860993,0.0973859835465265,0.09906430211114908,0.10817149561454736,0.11678887233624147,0.12435777485370636,0.11313533782958984,0.10794216489719578
2023-04-05,0.07995112229368997,0.0876811254178,0.09368360102158005,0.09417201305546294,0.09673672450700026,0.10514185616273841,0.11678887233624147,0.12225830554962158,0.1112431138753891,0.10571778378686199
2023-04-06,0.09109498101346095,0.0626171490381,0.08279163829683123,0.08217137300942887,0.08756812184717701,0.09896313686943031,0.10917188998779934,0.11926867067813873,0.1051812469959259,0.09787372538353305
2023-04-10,0.08902761980763549,0.0783506174469,0.09015892419377203,0.0883301250176477,0.0941268753357895,0.11866586723197771,0.11812186874573624,0.11796051263809204,0.10048289597034454,0.1039781527333371
2023-04-11,0.09315266735860231,0.057618825582,0.07998574773753367,0.0804016948625372,0.08689647879269105,0.10382711315012402,0.11267939185356675,0.11558897793292999,0.09815363585948944,0.09679043431269603
2023-04-12,0.08063253780761022,0.118537281113,0.1077346238274618,0.10832109389195319,0.10898335998348022,0.115544272562382,0.1285555140801533,0.11712449789047241,0.10159608721733093,0.11255134992189054
2023-04-13,0.08223915320081458,0.0673065160077,0.08499626172975602,0.08305973537837524,0.0897299011432714,0.09911267026645239,0.10690201086743521,0.11476008594036102,0.09756790101528168,0.09658979519156184
2023-04-14,0.07636971366909484,0.115980495786,0.11034065509352688,0.11119685582147608,0.10854346068971965,0.09893482681523105,0.11969123285302509,0.10499593615531921,0.10573668032884598,0.10849137825102055
2023-04-17,0.07566120117495367,0.0653982176222,0.08825792608603074,0.0884655716288816,0.09121066318336472,0.10746202186848368,0.10124509631483641,0.10267981886863708,0.10092591494321823,0.09717814469906465
2023-04-18,0.07597263083353802,0.0841275269962,0.0987605630452498,0.09943091784421337,0.0992423127477285,0.10867457572870798,0.10572066987314738,0.10256923735141754,0.10106969624757767,0.1022097104054346
2023-04-19,0.0809578426169567,0.0563206942425,0.08177065706974959,0.08162749584556644,0.08653940555892049,0.08726410444929136,0.08630842719044005,0.09908783435821533,0.10006729513406754,0.08895217422946441
2023-04-20,0.08076611005468327,0.0764102606105,0.09119576205353161,0.09139484281871643,0.09524902040411232,0.10059525365640287,0.1021516408060513,0.0979851633310318,0.10283536463975906,0.09734386395851505
2023-04-21,0.0854665242845914,0.0937909890999,0.0965121472013127,0.09706004380989978,0.09879424352579824,0.10156650812820193,0.10288627939464391,0.09811864793300629,0.10116814821958542,0.09944371688749262
2023-04-24,0.08734637568390122,0.0611420301826,0.08282700617739616,0.08322346418087877,0.0888074408226483,0.09513164285013806,0.09632541381818308,0.09543251991271973,0.09615359455347061,0.09112872604506209
2023-04-25,0.09044366062571865,0.0855193379369,0.0934418017320012,0.09381638834035436,0.1025185307128611,0.12291341478489348,0.10881607248727342,0.09509660303592682,0.10631538182497025,0.10327402755975437
2023-04-26,0.09596010722076842,0.0841645936667,0.09559306194585016,0.0962318489680282,0.10368513315823744,0.12458549179616,0.1092556731324444,0.09489300847053528,0.10887452214956284,0.10473124851725976
2023-04-27,0.10901762067002715,0.0753889195268,0.09189144878712989,0.08892121951040319,0.0965777234686884,0.10053887450007942,0.09879657015392164,0.0942188948392868,0.10231750458478928,0.09618031940632836
2023-04-28,0.10248892715856563,0.112710074243,0.1092427191843209,0.10916031877270592,0.10817777466055045,0.0947528108497662,0.10178979721146633,0.09667131304740906,0.09710780531167984,0.10241464843398553
2023-05-01,0.10174919920439203,0.073230189908,0.09369839754014264,0.09422784617774849,0.09633446549348039,0.09534533283959665,0.0819943256258587,0.0960616022348404,0.08615735918283463,0.09197418987064312
2023-05-02,0.09583304348230923,0.100333888455,0.10636064968715278,0.107080058461954,0.10890279305465932,0.0998075983629017,0.10822083448709785,0.09785866737365723,0.0917426273226738,0.10285331839287094
2023-05-03,0.10075188980106771,0.110567223802,0.11294055690627679,0.11360901448661653,0.11528995839143652,0.11779766706140238,0.11716220149890105,0.1005634069442749,0.11162395030260086,0.11271239365592987
2023-05-04,0.09045707784896044,0.138079637822,0.1300055036793968,0.13065109405395514,0.13054136940539005,0.13831294233409328,0.12366264827599692,0.10575708746910095,0.11102347820997238,0.1242791604897008
2023-05-05,0.09366106217123278,0.076152831226,0.10069572500081592,0.09987882721587392,0.10224980625525167,0.1096614163930346,0.10160789007566481,0.10446542501449585,0.09737243503332138,0.10227593214120831
2023-05-08,0.09399430744537804,0.0678767814283,0.09678374115441933,0.0972842956096951,0.09928508963415626,0.10002131131417263,0.09913673373992622,0.10280841588973999,0.08713581413030624,0.09749362878177369
2023-05-09,0.09761538546440357,0.0649788626727,0.09236837419435334,0.09265541379629202,0.09742345248612418,0.09584303718394613,0.09980191510902524,0.10059268772602081,0.08969006687402725,0.09548213533854129
2023-05-10,0.08632360614760305,0.130613806147,0.12166690677536707,0.12257313948690655,0.11839447177326869,0.10675409799695525,0.10995936488074466,0.10407638549804688,0.08210877329111099,0.10936187710034287
2023-05-11,0.08885053965104102,0.0960400153765,0.1032091739965117,0.10364776723354042,0.10375877766957295,0.10398272883721568,0.0966392664172151,0.10359358787536621,0.08995059877634048,0.1006831286865375
2023-05-12,0.08960246452326817,0.0935350836537,0.10379231511317549,0.10442595600013846,0.10397247840601886,0.09510380072511193,0.09401816162143675,0.10321664810180664,0.095989890396595,0.10007417862346901
2023-05-15,0.09327604506518794,0.0701422396459,0.09402654424819362,0.09435772991869772,0.09579437880954207,0.08712218342805406,0.09012062223627842,0.09865351766347885,0.09624215215444565,0.09375958977981291
2023-05-16,0.09671467053364433,0.0877007458941,0.10352954040763401,0.10399024180486788,0.10498809068396824,0.10792621560113781,0.10329021543721434,0.09876155108213425,0.10587457567453384,0.10405149009878434
2023-05-17,0.09888310139440698,0.0817005131632,0.09653460484495398,0.09637898122365057,0.0981092782257327,0.10281167453190389,0.09494355672330367,0.09785033017396927,0.10558076947927475,0.09888702788611269
2023-05-18,0.09813589932899097,0.106943684448,0.10804623511068565,0.10759986848534558,0.10586128047095344,0.09820528570431086,0.1053057825490209,0.098665751516819,0.09988486021757126,0.10336700915067239
2023-05-19,0.09514630885913679,0.0970552839154,0.10410332240961903,0.10474108617961014,0.10338540841384139,0.09349973186076388,0.08881659420132502,0.0990510806441307,0.0974704846739769,0.09872395834046672
2023-05-22,0.09621844520977094,0.0909891666866,0.1034071971511133,0.10369040497681448,0.10317321952758056,0.10056368693059248,0.09715526518535784,0.09937722235918045,0.09907335788011551,0.10092005057296495
2023-05-23,0.09111576066825547,0.10468025314,0.11065767330874395,0.11132569939055366,0.1110197850331002,0.10578397192377817,0.11837242856771439,0.10063997656106949,0.10825007408857346,0.10943565841050475
2023-05-24,0.08933453877854461,0.0937852604402,0.10709141407870965,0.10738633086551083,0.11037029677215893,0.12467462992666978,0.10980751240292136,0.10107599943876266,0.1183510348200798,0.11125103118640187
2023-05-25,0.08604796333733467,0.103445089888,0.11077559828058806,0.11118056067441026,0.11098103719868402,0.11147565522966055,0.11837242856771439,0.10203541815280914,0.1136111244559288,0.11120454607997074
2023-05-26,0.0905215658876209,0.0808118487473,0.09982007156495164,0.09751308434128841,0.10045810619639256,0.10041852489534106,0.10366864323253791,0.10129296034574509,0.10568591207265854,0.10126532894984504
2023-05-30,0.08569373740677302,0.0964617748109,0.10682078058602021,0.10747777389942742,0.10550720415274237,0.10017284292752002,0.09926161509199338,0.10176273435354233,0.09879941493272781,0.10282890942056765
2023-05-31,0.08567723310382386,0.0786029173462,0.09706302946978912,0.09756094539284317,0.09814610890609816,0.10235026717949486,0.09715526518535784,0.1006396934390068,0.09247689694166183,0.09791317235917882
2023-06-01,0.08102236557662836,0.0847854053416,0.09880810472888828,0.0975571584711173,0.09727727826280948,0.08326848758960909,0.08799135086744754,0.10006576031446457,0.08730699867010117,0.09318216270063392
2023-06-02,0.07940745605217794,0.0884242472436,0.099006620357562,0.0990142828187844,0.09650877245160222,0.09102147706118872,0.0867834579071497,0.09952091425657272,0.08083026856184006,0.09324082763067142
2023-06-05,0.06904109703220605,0.102372185574,0.10683355829001996,0.10753082418798104,0.10299656647259518,0.09042669939797222,0.10215579372800711,0.10015152394771576,0.07656144350767136,0.09809377279028038
2023-06-06,0.06912206903528807,0.071071708152,0.09159275521514135,0.09090890605978932,0.09052421248168145,0.07928210216152275,0.07978098170465636,0.09843356162309647,0.07596635073423386,0.08664126714001738
2023-06-07,0.08756334243769004,0.0785129086411,0.09469900490053024,0.09521975831178424,0.09284144283698216,0.08648045025105061,0.08525276909824087,0.09753555804491043,0.0768863782286644,0.08984505166745185
2023-06-08,0.09335250880406039,0.0575216673566,0.08345320219344654,0.0830806632063952,0.08375235581502859,0.07354200066976399,0.07517331948686486,0.09535574167966843,0.07715331763029099,0.08164437152592265
2023-06-09,0.09563786306147672,0.0807678727331,0.09246510330220353,0.09296569893290937,0.09081579495121278,0.08304054615674906,0.08064510688044936,0.09490614384412766,0.08243737369775772,0.08818225253791565
2023-06-12,0.09825519649017211,0.0527798199393,0.07645084878469158,0.07561019262260524,0.08002104795246776,0.08829812748747094,0.07949295090989958,0.09228204935789108,0.08682484179735184,0.08271143698748258
2023-06-13,0.09965899589055276,0.0714641479428,0.08439216576352834,0.08447208428892056,0.08613237773169782,0.0802783016210894,0.08014180381645884,0.0912528932094574,0.07688119262456894,0.08336440272224589
2023-06-14,0.08512411633100182,0.143567647397,0.12005593933493441,0.12061327736893912,0.11306816592970875,0.09701794177109607,0.10398834257184378,0.09788365662097931,0.0863187164068222,0.10556372000061766
2023-06-15,0.08002105835595784,0.0924418845613,0.10174168843344625,0.10016742124805889,0.09875246425495918,0.08986441394795765,0.08812066188345781,0.09894086420536041,0.08566319942474365,0.09475010191399769
2023-06-16,0.07602611281882884,0.0931826111492,0.1031635622350158,0.10378184974638113,0.09929849915567564,0.09316277375262808,0.08451488036137096,0.10007141530513763,0.070759117603302,0.09353601402278731
2023-06-20,0.07369959004545582,0.0729597376956,0.09654532733242652,0.09703586355752267,0.09483103216168627,0.09400380015655356,0.08308262229915835,0.09982763230800629,0.06556965410709381,0.09012799027463535
2023-06-21,0.07677339764354377,0.0805995258307,0.10064772113973738,0.10111903619293632,0.09737629586627271,0.0789487901770026,0.08451488036137096,0.1002822071313858,0.06960049271583557,0.09035563194064876
2023-06-22,0.07403336696537535,0.0847506222696,0.09708355394673251,0.09655361556889742,0.09454917748417842,0.08759706001847656,0.08451488036137096,0.09987875819206238,0.06788741052150726,0.08972349372760365
2023-06-23,0.07536485004317338,0.0658162215385,0.08680299960605817,0.08694527848481592,0.08716787672573031,0.08280517955651975,0.07385721110932947,0.09787723422050476,0.06858299672603607,0.08343411091842778
2023-06-26,0.06920916464277097,0.0746056249237,0.08888260716083056,0.08936531098876391,0.08959618038604493,0.0871635072523115,0.07771127764973164,0.09652236104011536,0.07517863810062408,0.08634569751120313
2023-06-27,0.06734821707100097,0.0598449833925,0.08160096679467121,0.0811874790709935,0.08357119014325565,0.07558965586956672,0.07511774265097441,0.09431622922420502,0.07632565498352051,0.08110127410531244
2023-06-28,0.060019437816076444,0.0938557863345,0.09708082055662459,0.09715515095072697,0.09540976658200354,0.08588335106308818,0.0846228120588031,0.09502752125263214,0.08005225658416748,0.09074738272114945
2023-06-29,0.06005835950154239,0.0715303583633,0.08655224220597037,0.08662349880799236,0.08726076459117736,0.07939660377311175,0.07934551663130271,0.09369879961013794,0.07909627258777618,0.08456767117249553
2023-06-30,0.058879177544084185,0.0729820594845,0.08787522569712018,0.08817600319089658,0.08794463023358165,0.07737858212324436,0.08131705917181849,0.09302468597888947,0.0757589191198349,0.08449644364505507
2023-07-03,0.06785730680247676,0.0334101558341,0.06768035722083028,0.06733797290555443,0.0730499957913703,0.0747486812013024,0.07533024959294342,0.08922348916530609,0.06603705883026123,0.07334397210108115
2023-07-05,0.07099709542917718,0.0480706916708,0.07285551424043618,0.07291776535300676,0.07812086350950223,0.08351559088245655,0.07533024959294342,0.08713659644126892,0.06902992725372314,0.07698664389619103
2023-07-06,0.06890050870928785,0.0643557417333,0.0770681277804175,0.07734975262651275,0.08291014418330034,0.08624460108615313,0.07584534003220438,0.08609883487224579,0.07948383688926697,0.08071437678144298
2023-07-07,0.06746423641661359,0.0716935165748,0.08024170616727161,0.08058522508122397,0.08500367739401712,0.10100667181140392,0.07908626841760184,0.08576767146587372,0.07687893509864807,0.08408145077657718
2023-07-10,0.06377762233623799,0.0680083525596,0.07825469221753245,0.07849208279233821,0.08384755342893413,0.08898236383240143,0.07721277359282981,0.08529511094093323,0.07749570906162262,0.081368612266656
2023-07-11,0.05868888351631817,0.082495582936,0.08876812944097476,0.0888936694748162,0.09154210901557991,0.1015513695732457,0.08300515945959117,0.08666861057281494,0.0827723890542984,0.08902877665590302
2023-07-12,0.05847740390668282,0.0670123776789,0.08397341050917682,0.08436467728160582,0.08604025779075171,0.09012508421180242,0.07721277359282981,0.0870717316865921,0.07055480778217316,0.08276324897927598
2023-07-13,0.062337101512996596,0.0517216028284,0.07649981935510577,0.0763762645517543,0.08047081566481987,0.08240412797240929,0.07584534003220438,0.08607442677021027,0.08113950490951538,0.0798300427508599
2023-07-14,0.06535128307730678,0.0645033006384,0.08117072766027272,0.08158343868764942,0.08390182518482463,0.08354663902516261,0.07533024959294342,0.08612534403800964,0.09415401518344879,0.08368746276747305
2023-07-17,0.06909072028989892,0.0469674950982,0.07167687865526111,0.071337585294537,0.0771003076099695,0.07378133088637741,0.07631138342130316,0.07314150035381317,0.08034570515155792,0.07481352733897419
2023-07-18,0.06708870953504682,0.0607414264863,0.0756821796489949,0.07411105026118464,0.08075233764861,0.0772249817347446,0.07528688603690654,0.07340222597122192,0.07641594111919403,0.07612508606012237
2023-07-19,0.07683979370331159,0.0660815205525,0.07790214500017789,0.07819165251542352,0.08304409885645227,0.08503681741441614,0.07614427392313666,0.07465551793575287,0.07664915919303894,0.07880338069119976
2023-07-20,0.08263766048582669,0.0707577662593,0.08165030496090236,0.08207161253340169,0.08598650577992571,0.09240121437025273,0.07708234144660954,0.076680988073349,0.07853563129901886,0.0820583712090657
2023-07-21,0.08415582463296976,0.0780067668046,0.08589750105563783,0.08637501938749954,0.08877622605946908,0.07981918929431428,0.08019779780784288,0.0795634314417839,0.07839009165763855,0.08271703667202658
2023-07-24,0.08449076665561109,0.0686995833133,0.08401326448079781,0.08435613688825748,0.08725339572106858,0.08834161585066852,0.07733396119287841,0.07932797819375992,0.08035384118556976,0.0829971705018572
2023-07-25,0.0856640002305828,0.0482323281222,0.07441182879973643,0.07466031725416164,0.08017547473280229,0.08152701193433148,0.07614427392313666,0.07425928860902786,0.07760068774223328,0.07696841185648995
2023-07-26,0.07946330356026744,0.106696120384,0.10245260475363463,0.1026209512359238,0.10087569400738876,0.09672034579248218,0.09594912753358004,0.08562410622835159,0.08543594181537628,0.0956683959095339
2023-07-27,0.0761769149558238,0.0981315782866,0.10129705010722007,0.1015619673816628,0.1008148137511368,0.09218596630100914,0.08365171241262151,0.09018831700086594,0.08152636885643005,0.09303231368727805
2023-07-28,0.08299083385060263,0.0857388774869,0.09674691640724065,0.0965004315023722,0.09596944982327368,0.08723331864835931,0.08139362731818904,0.08972620964050293,0.07325556874275208,0.08868936029752714
2023-07-31,0.08417884434957142,0.0707252917946,0.09071308389969314,0.09042723388965915,0.09165416611684402,0.08431124018038295,0.07788959682683387,0.08580377697944641,0.0690465122461319,0.0842636585912845
2023-08-01,0.08839801525117774,0.0576585978267,0.08614201757055365,0.08653064823218415,0.08845682054387709,0.08515307188225915,0.07669990955709212,0.08098359405994415,0.06949970126152039,0.08192368044391866
2023-08-02,0.09060841481247452,0.0791488502192,0.0926088995171081,0.09311995165410761,0.09609026678909206,0.0959605147556481,0.08250263495068803,0.08281964063644409,0.07729847729206085,0.0886286265135927
2023-08-03,0.09947072533333016,0.0840971786353,0.0932658304884637,0.09344195249355337,0.0967518748968772,0.10148525933239035,0.08390333215889038,0.08478794246912003,0.08517268300056458,0.09125841069140851
2023-08-04,0.09522099818315376,0.113021837571,0.10767266239432269,0.10821285225046728,0.10819101120199652,0.11313190639901075,0.10672428704030797,0.0931631326675415,0.08755871653556824,0.10352208121274499
2023-08-07,0.09401449561231806,0.0774277958066,0.09335804242925225,0.09342210429143057,0.09530236737638244,0.09660927843737217,0.08032207893259231,0.08942636847496033,0.0873069018125534,0.09082102025064907
2023-08-08,0.0953064485455456,0.08345759537,0.09819574894874133,0.09862715795837639,0.0994686648037878,0.10323827044168919,0.0854202288006938,0.08931861817836761,0.09124159812927246,0.09507289818013266
2023-08-09,0.09786236152031326,0.0907905235332,0.1022610115378597,0.1028156417882465,0.10315607599024938,0.10876932985697045,0.08567184854696268,0.09135358780622482,0.0958477109670639,0.09855360092765393
2023-08-10,0.09129631715693338,0.124479063589,0.1199139910065194,0.12068646790318624,0.11617370682800132,0.11118514101503826,0.10074212897310161,0.10122966021299362,0.09162552654743195,0.10879380321232464
2023-08-11,0.09155029026150954,0.0929354735888,0.1048220923547998,0.10454490903376243,0.10340704365411085,0.10161785292579893,0.08413086508408724,0.09851564466953278,0.09599719941616058,0.09900508673403609
2023-08-14,0.09426801687026672,0.069667051141,0.09433449711506829,0.09321488881602517,0.09469420074581957,0.08430658379628732,0.07955533420146826,0.0913948193192482,0.09104602038860321,0.08979233491178858
2023-08-15,0.09506912759485368,0.0904883361024,0.10341963660351122,0.10394987600656849,0.10376865375153035,0.10239328367179502,0.09394148105799244,0.0928325355052948,0.09926529228687286,0.0999386798405093
2023-08-16,0.08812084880585712,0.103496533774,0.10986199053136236,0.11044884950911418,0.10990395765839524,0.11943009784427434,0.1180156647279616,0.09564927220344543,0.10280384123325348,0.10944481052968667
2023-08-17,0.09019492016920339,0.0963582684174,0.10422303973440301,0.1047960662438163,0.10687875403489853,0.12103072726662725,0.08477077731201571,0.09557478874921799,0.11092521250247955,0.10402848083477978
2023-08-18,0.10712694018551305,0.0941763922323,0.10335068434169703,0.10338900935260273,0.10487370366349216,0.1177179931385887,0.08477077731201571,0.09516894817352295,0.11009636521339417,0.10276678302790192
2023-08-21,0.10621259763808363,0.085898281724,0.10133271563670801,0.10140157524408684,0.1025209450016211,0.11782445100464743,0.10485071079089675,0.09394921362400055,0.10319851338863373,0.10358258924151349
2023-08-22,0.1045590249013829,0.0945861462136,0.1052912710970009,0.10590622068167824,0.1055793027214297,0.11308739749774192,0.10485071079089675,0.09467838704586029,0.10271294414997101,0.10458660485493983
2023-08-23,0.10821299732895791,0.0659337346611,0.08990683682615028,0.0889191366293565,0.09207009173035156,0.10409281105037509,0.08297614416947217,0.0895409882068634,0.09563332796096802,0.09187704808193387
2023-08-24,0.1023159829539507,0.10551831141,0.1071244187727391,0.10759051723332225,0.10734464528899301,0.11323198995347146,0.1173721176782787,0.09298422932624817,0.09883676469326019,0.10635495470661613
2023-08-25,0.08202509729841234,0.159920234179,0.13569971323489044,0.1351715903400985,0.12704891426093648,0.11685675546828687,0.11082783829126996,0.10582715272903442,0.09719258546829224,0.118374935684687
2023-08-28,0.07887896304805135,0.0800199207742,0.10183875032389855,0.10225084859473094,0.09989166857514044,0.09459107260438415,0.08833042144997333,0.10063529759645462,0.0910571962594986,0.09694217934344009
2023-08-29,0.07943087766109556,0.0848758388002,0.1029840854693164,0.10047024739448408,0.09969016668085827,0.09876366672487152,0.08853075858834428,0.09777778387069702,0.08910910785198212,0.0967608309400791
2023-08-30,0.07820613584532361,0.0907445473806,0.10764420574730874,0.1077957341612988,0.10223454646862026,0.09771422992367162,0.08497165293745003,0.09749680012464523,0.08742862939834595,0.0978979712516201
2023-08-31,0.0784951610549237,0.0701901127459,0.09580547882508209,0.09629946539198447,0.092933712569921,0.08885173925757217,0.07900485002262946,0.093098483979702,0.08193314075469971,0.08970383868594156
2023-09-01,0.07498079519525151,0.0828991097341,0.09408281691047757,0.09447290697850858,0.09154801055633605,0.07964763536884129,0.07948572102179,0.09046335518360138,0.07529662549495697,0.0864281530735017
2023-09-05,0.0763810351281956,0.0622258695746,0.08388363470889804,0.08428031064854043,0.08481685498329893,0.08714532598432057,0.07829217634010503,0.08505657315254211,0.07445961236953735,0.08256206974103464
2023-09-06,0.07504086870364342,0.0874115300427,0.09470196157718748,0.09525019403580004,0.09404113534296202,0.0934716358706561,0.08364645362060619,0.0858088880777359,0.08061544597148895,0.08964795921377666
2023-09-07,0.0697674880051235,0.0852598948424,0.0932826240034573,0.09233979594512035,0.09326784601469988,0.09869534159534371,0.0849991502914083,0.08592203259468079,0.08527643978595734,0.09054046146152395
2023-09-08,0.0696676043633522,0.071785131143,0.0878306643555681,0.08808449311432456,0.08819062132258586,0.08543016965347328,0.07767965070578561,0.08396057784557343,0.08627799153327942,0.08535059550437005
2023-09-11,0.06840269182824847,0.0646174054731,0.08323938851345944,0.08361636672298922,0.08455823384049807,0.08690984693128052,0.07643948081358719,0.0811978355050087,0.08256052434444427,0.08264595381018106
2023-09-12,0.06824809605030467,0.0702265849949,0.08645474590923938,0.08682352728798912,0.08786012180703516,0.08754307041217571,0.07862191003646135,0.08057557046413422,0.08566612005233765,0.08479215228133895
2023-09-13,0.07405087129163149,0.0814010001605,0.09060462869662175,0.09103622413291652,0.09029428451463695,0.08329097418787434,0.08242422065608077,0.08186893165111542,0.07370255887508392,0.08474597467347567
2023-09-14,0.07951839985121388,0.0587460781864,0.07850960722268116,0.07819589668736707,0.07981982145778582,0.06964413775695405,0.07099405074417171,0.07847198098897934,0.07484094053506851,0.0757823479132868
2023-09-15,0.08657406154552397,0.0712984475927,0.08374587817090592,0.08400059029519548,0.08527593872473171,0.07873449909417704,0.07513422553230836,0.07916700094938278,0.07769874483346939,0.08053669680002438
2023-09-18,0.09667203152461756,0.0574645529713,0.07744522289139173,0.07771226643778449,0.08116932363480843,0.08300656690465943,0.07648417233315527,0.07611610740423203,0.08143322914838791,0.07905241267920275
2023-09-19,0.10117408486288103,0.0694704618219,0.08244885307799626,0.08275749840247738,0.08546027185479388,0.08784258832282922,0.07690455122068705,0.07736990600824356,0.08443243056535721,0.08245944277891207
2023-09-20,0.10650643257927368,0.103705194903,0.0987283414301761,0.09800728174149065,0.09931812645957593,0.09724925012474259,0.09954478641993951,0.08644888550043106,0.09806383401155472,0.09676578652684438
2023-09-21,0.11615935790494956,0.08746041151,0.09457439584175972,0.09496145526088602,0.09874425486447388,0.11238261459444446,0.10122925150588447,0.08751753717660904,0.09490669518709183,0.09775945777587848
2023-09-22,0.12150369655981175,0.104608459109,0.10473565987283573,0.10511733094569842,0.10640247648321405,0.11658834630930932,0.11669064468115481,0.09248418360948563,0.09722263365983963,0.10560589650879108
2023-09-25,0.12692372497792842,0.112045716479,0.11269855635557732,0.11073581162206089,0.11196168071569078,0.12081111950980213,0.11569110208110532,0.09766539186239243,0.09656596928834915,0.10944709020499686
2023-09-26,0.13170703008656634,0.096331271711,0.10862399979082638,0.10924125346150454,0.1118218306464559,0.13823596783483377,0.10700040784528927,0.0966440737247467,0.10769299417734146,0.11132293249728543
2023-09-27,0.13347612529712186,0.127639692551,0.12393965662354535,0.12436728195290273,0.12287922875124241,0.1289995560478379,0.12239553786822115,0.10367752611637115,0.11339005082845688,0.11994983402693964
2023-09-28,0.12966417997996307,0.13563260973,0.1315249247719064,0.13154474290407603,0.1267496009691575,0.12496963947787947,0.12695538877270804,0.10991913825273514,0.10981655865907669,0.12306857054393418
2023-09-29,0.12988155190294584,0.131505471221,0.13214016332991563,0.13294977294348614,0.12732502545489244,0.12779996144108222,0.1275405918103893,0.11233168095350266,0.10881908982992172,0.12412946939474145
2023-10-02,0.12254508987371697,0.1388764235,0.13753767498318165,0.1374757221130299,0.1317339157736268,0.13008980434508538,0.13142483691347917,0.11564905196428299,0.1105511263012886,0.12778030462771064
2023-10-03,0.11636311421643997,0.124359410457,0.1339065582602326,0.13452120700745787,0.13186453421713434,0.14162366066318938,0.1307700324474105,0.11416012793779373,0.11861474066972733,0.1293515516004208
2023-10-04,0.10624925137401096,0.136519457826,0.1396477686518382,0.13997031602816923,0.13383501525322072,0.137365845370912,0.12894913452994566,0.11663153022527695,0.12411800771951675,0.1315025168255542
2023-10-05,0.10328685162668833,0.115675505401,0.1290022941435815,0.12951378352735782,0.1249702465722362,0.127983845125654,0.12872889266972065,0.1121501550078392,0.12254766374826431,0.12498526868495052
2023-10-06,0.10246555186585163,0.132573672859,0.13602700063691447,0.1340737912002075,0.1288588981885406,0.13146138348425293,0.11988205445043622,0.11428352445363998,0.11387171596288681,0.12549405262526836
2023-10-09,0.10129808777195516,0.100135251741,0.11893363446042526,0.119072262019341,0.11577339212880176,0.1184032279126958,0.10857259603099446,0.10638796538114548,0.10745678097009659,0.11351426555764291
2023-10-10,0.10463495999343207,0.0898923770916,0.11147271567693467,0.11207638910131472,0.10874360959117398,0.10388480282523524,0.1063606050851324,0.0993729829788208,0.10016103833913803,0.10601030622824996
2023-10-11,0.11499794440257552,0.0859081352493,0.10513874837619346,0.10565512982896122,0.10288752474295074,0.09826262072073336,0.09260989519492126,0.0943344458937645,0.09260015934705734,0.09878407487208311
2023-10-12,0.13496855280529496,0.101376397928,0.1102009025042221,0.11077776294911124,0.10734224644250445,0.10072199846488276,0.1005179055057971,0.09599237889051437,0.08208388835191727,0.10109101187270705
2023-10-13,0.13624477166179,0.129347813033,0.12142122972631031,0.12211527912298052,0.11881293530989076,0.11796769696689727,0.11480420739131492,0.107152558863163,0.09988820552825928,0.11459458755840228
2023-10-16,0.1442531277340645,0.0940086962824,0.10602468120518485,0.10632909321587218,0.10416933195115666,0.10610982941243022,0.10270310003682594,0.10284605622291565,0.09713384509086609,0.10361656244789308
2023-10-17,0.1439696803589059,0.107314960709,0.11307301919195901,0.11294253443593441,0.11002184484885236,0.10883436834342454,0.12378145014791954,0.10361078381538391,0.10116778314113617,0.11049025484637286
2023-10-18,0.13966623264500755,0.13696886333,0.12989569147843336,0.13067169792503672,0.12543951606234574,0.13165457767952315,0.13458724844767783,0.11124294996261597,0.11345064640045166,0.12527747542229778
2023-10-19,0.13051944160258888,0.187715447432,0.1586344358004942,0.159755514904113,0.1489822267312427,0.1507504177269724,0.14706647479290216,0.1280757486820221,0.12545928359031677,0.14553201460400905
2023-10-20,0.12873502761117941,0.135873082435,0.1375085169908268,0.13828785237035418,0.13320150198320319,0.13481322533253454,0.1441930191256832,0.12701013684272766,0.12844355404376984,0.13477968666987133
2023-10-23,0.12179442062343156,0.141666051883,0.14412596040699255,0.14370189548009502,0.13719924196271596,0.13428225535367516,0.1438247289812428,0.12887239456176758,0.12797890603542328,0.1371407689688446
2023-10-24,0.12177296858864273,0.105394595687,0.128809870645525,0.12911438066111197,0.122759801023651,0.12866497881303554,0.13327179547970014,0.12225040793418884,0.12897345423698425,0.12769209839917098
2023-10-25,0.1237175687380104,0.112505146171,0.1295507402177684,0.13026324440997877,0.12616196545851488,0.14141055938269542,0.14558614045407028,0.11941346526145935,0.1333012878894806,0.1322410575819954
2023-10-26,0.10840580193817123,0.151262783525,0.1422726885766996,0.14322223718367913,0.1373424517985561,0.14621495457531755,0.1544881346734231,0.12498226761817932,0.1346970647573471,0.14045997131188598
2023-10-27,0.09932700635065979,0.127076386554,0.13137854724900014,0.13215180534399437,0.12928476675605916,0.14998141423238426,0.1460752653173015,0.1226867139339447,0.13851255178451538,0.13572443780245708
2023-10-30,0.09182901331413211,0.106654292276,0.11974201766805881,0.11977839878101444,0.1180052893428012,0.12755743150368107,0.13680800406829488,0.1162644624710083,0.12736470997333527,0.12364575911545628
2023-10-31,0.08406095416947973,0.105270583353,0.11921931693971005,0.11793493310667891,0.11502855513151133,0.11608085382231921,0.12447174239705015,0.1122850626707077,0.11877617239952087,0.11768523378107118
2023-11-01,0.07261345874367155,0.122655259132,0.12743993107479035,0.12620474057641995,0.1193293223070451,0.11845549269528109,0.12495251925436586,0.11379607021808624,0.11244112253189087,0.12037417123683992
2023-11-02,0.08320395216275205,0.0714796130145,0.09895382615297894,0.09863333887284992,0.09557481763119535,0.08948136590793355,0.0893175276620306,0.10230027884244919,0.09427762031555176,0.09550553934071275
2023-11-03,0.08282911783022738,0.0819670025262,0.09936436288196547,0.0989325433542751,0.09541230562463562,0.09141628072822094,0.09188889825565998,0.09713520109653473,0.08814975619316101,0.09461419259063611
2023-11-06,0.08213974521452237,0.0648745369093,0.08855680703720972,0.08855534157217945,0.08729011316456486,0.08328031861258181,0.08603665662034216,0.08998769521713257,0.08139979839324951,0.0864438186596086
2023-11-07,0.0833618435361014,0.0651941513298,0.08521366597036169,0.08524853344045993,0.08514083136392267,0.07378228853182701,0.07923273389429464,0.08535595238208771,0.08094526827335358,0.08213132483661532
2023-11-08,0.08178500594518051,0.0779529631698,0.08652771774768912,0.08697011006977837,0.08618090395882197,0.08000428360709227,0.08550769644758371,0.08445333689451218,0.07948148250579834,0.08416079017589657
2023-11-09,0.07159925533441706,0.115586553719,0.1061839835758916,0.10687349886562371,0.10237945287530809,0.09340728887174546,0.10256567706539653,0.09239134192466736,0.08319346606731415,0.09814210132084955
2023-11-10,0.06610839352724047,0.0800463305112,0.09118983349915767,0.08934334598247445,0.08892409503391545,0.07725002684974996,0.08587751643102795,0.08982859551906586,0.08159691095352173,0.0862871891812733
2023-11-13,0.06591846082927005,0.0603330792853,0.08250845680568902,0.08201886027653267,0.0832002425723605,0.07813929319970081,0.08421986940125502,0.08471077680587769,0.08192198723554611,0.08238849804242311
2023-11-14,0.06223113383279796,0.072536704066,0.08841346730295703,0.08856465797667801,0.08670853806164142,0.07594794409577246,0.08034711936386853,0.08449368178844452,0.07113806158304214,0.08223049573891486
2023-11-15,0.06733260758617336,0.0690985938027,0.08623559844869122,0.08666919120637237,0.0852383706337727,0.07312433517710631,0.08040339881381973,0.08360446989536285,0.07724972814321518,0.08178929890262006
2023-11-16,0.06030078840182336,0.0744888061092,0.08484015170827235,0.08508755327466128,0.0841513624386249,0.07610420760194986,0.08385108657422932,0.0833066999912262,0.08006555587053299,0.08248665963707098
2023-11-17,0.05934932151424724,0.0512517968451,0.07273282942079837,0.07290056399223348,0.07502671021940298,0.06630905537904878,0.07892286914311653,0.07787531614303589,0.07750732451677322,0.07446780983062988
2023-11-20,0.06087594340883541,0.0592849000404,0.0763117961506476,0.07511937613280088,0.07813755719730564,0.06587875203490304,0.07810604420816374,0.07641887664794922,0.07428016513586044,0.07489322392966151
2023-11-21,0.06336931428214362,0.053841676579,0.07254502566181074,0.07288762543933879,0.07571359367986308,0.07494738348503985,0.07866989436364037,0.07417166233062744,0.0760306790471077,0.07499512342963256
2023-11-22,0.06685126356432024,0.0898857374488,0.08961674385316795,0.09015658904726698,0.08876017697620947,0.06857473754506915,0.08231775753183358,0.08047482371330261,0.07356495410203934,0.08192368325269843
2023-11-24,0.07517882611471469,0.0325746438693,0.06205263540210442,0.06224781728915174,0.06742002975623632,0.06111739509104615,0.07727457837318522,0.0717589408159256,0.06932864338159561,0.06731429144417787
2023-11-27,0.07699129724426788,0.0453600164401,0.06702560355476175,0.06706632000316014,0.0718667014575401,0.061567013878164295,0.07727457837318522,0.06964980065822601,0.06770322471857071,0.0688790346633726
2023-11-28,0.08292581649572496,0.0665762118279,0.07676006287025848,0.07629257981888113,0.07975062048559746,0.06981268288518885,0.07527423623359049,0.07271614670753479,0.07110785692930222,0.07453059799005048
2023-11-29,0.08466923059158488,0.0666923809007,0.07812407235375933,0.07848330207347178,0.08143915652568601,0.07164889855621223,0.07727457837318522,0.07459275424480438,0.0728926733136177,0.0763507764915338
2023-11-30,0.07702926035067045,0.101718007425,0.0938418498698139,0.09361139568625607,0.0937237256796493,0.08426981300745856,0.0937177611755665,0.08265268802642822,0.07969566434621811,0.08878755682734152
2023-12-01,0.07842387572024129,0.0835160445808,0.09091343300355839,0.08930711780649342,0.09108530585152005,0.07741858019267948,0.0836944460140253,0.08430367708206177,0.08029069751501083,0.0852876082093356
2023-12-04,0.07798859254634263,0.0586221022166,0.08187574692885098,0.08225649150117689,0.08470912934142344,0.08075126555665353,0.07919116753023693,0.08037681877613068,0.07850194722414017,0.08109465240837323
2023-12-05,0.06876694825830958,0.0957995194769,0.0999977427779372,0.1000128339736274,0.09858097414193409,0.08798473534741062,0.0842343466888853,0.08630327880382538,0.08227639645338058,0.09134147259814293
2023-12-06,0.0783612402599764,0.0768687941082,0.09302524581252092,0.0933869108540969,0.09331901209440326,0.07500413859178026,0.08658971811394517,0.08581273257732391,0.08038199692964554,0.08678853642481656
2023-12-07,0.08435932551680002,0.064573173536,0.0845195219634057,0.0843447985284678,0.08692933651847978,0.07971610763605119,0.07919116753023693,0.08234819769859314,0.08080592006444931,0.08255072141995483
2023-12-08,0.08306522683449667,0.0897714674408,0.0955528188641228,0.09475685400155717,0.09464233104160219,0.08033387856796437,0.0836944460140253,0.08562615513801575,0.07587773352861404,0.08721203102227167
2023-12-11,0.08212677997603934,0.0556428997281,0.0810804845426552,0.08067578121976177,0.08353896964834083,0.07508400634971432,0.07919116753023693,0.08043983578681946,0.07373980432748795,0.07910714991500235
2023-12-12,0.08125193965311678,0.0491010280851,0.0742756425582419,0.07285441853354341,0.07786937418131658,0.0665530573271964,0.07827935040937424,0.07537634670734406,0.0616079643368721,0.0724023077219841
2023-12-13,0.07971427970027334,0.113871706404,0.10434264323972378,0.09904791023992479,0.10091385600516761,0.08788281586391938,0.09229092392562262,0.08676231652498245,0.08045946806669235,0.09309999055229043
2023-12-14,0.08271363962928853,0.0951301943304,0.09923165246349111,0.09979219657542482,0.0964027115242404,0.07958351509501246,0.07807044201108436,0.08980109542608261,0.07369749993085861,0.08808273043231349
2023-12-15,0.08022529421931646,0.0835200389341,0.09379380748115915,0.0941260945393303,0.09236638578259079,0.07643358815614991,0.07682830382903467,0.0894816592335701,0.06786521524190903,0.08441357918053484
2023-12-18,0.07922641268677467,0.0481768895945,0.07843229889510984,0.07845881051083631,0.08088426233158298,0.07005292139743183,0.07044543922392459,0.08284410089254379,0.06288240104913712,0.07485717632865237
2023-12-19,0.0828700134769013,0.0411856710497,0.07487935810251557,0.07452855256249223,0.07840511936368225,0.0638221029643001,0.07097814038055923,0.07746175676584244,0.06434459239244461,0.07205994607597664
2023-12-20,0.07067696902130641,0.108301472626,0.10220458043278663,0.10237251961375425,0.10093763503852878,0.07738860218373289,0.09471549173869673,0.08590070903301239,0.07044626027345657,0.09056654261628118
2023-12-21,0.059634315858434955,0.107171138075,0.10271192898789841,0.10291288884056021,0.10091841059876636,0.09611521794783635,0.09722455531700859,0.09113077074289322,0.07638181000947952,0.09534222606349181
2023-12-22,0.06127501321085183,0.0703445460772,0.08611684047176751,0.08643549467840886,0.08756195367487037,0.08056829044146625,0.07312575650980634,0.087493397295475,0.07408872991800308,0.08219863756997106
2023-12-26,0.07003867159568374,0.0390467138719,0.07236496607838547,0.07248548914023459,0.07690946044209487,0.07463285084771826,0.07208198188399038,0.0795302614569664,0.07026643306016922,0.07403877755850845
2023-12-27,0.07033241770679602,0.0681860163967,0.08688633156193934,0.08706389770957774,0.0872031053696091,0.07205758340196489,0.07273135203179022,0.0804724469780922,0.0680236741900444,0.07920548446328828
2023-12-28,0.08125415575589036,0.0486639810829,0.07329731061665086,0.07363972112686294,0.07711206348909103,0.06572217579768624,0.07168757740597427,0.07637869566679001,0.06530170887708664,0.07187703614002028
2023-12-29,0.08243027010369292,0.0655037497065,0.07651673054711626,0.07689354065718326,0.0799809259465285,0.06802771789860128,0.07168757740597427,0.07599560171365738,0.06564285606145859,0.07353499289007422
2024-01-02,0.08275808939129523,0.0770729086207,0.08192728819503117,0.0816408445474562,0.08489018604869336,0.07722467515273018,0.07824977595132852,0.07794445008039474,0.06706554442644119,0.0784203949145822
2024-01-03,0.08012362804716727,0.0853146367202,0.08962686677732255,0.08988876843941672,0.09148036751113445,0.08478257620574606,0.08221633584769142,0.08156488090753555,0.07298853248357773,0.08464976116748921
2024-01-04,0.09149239637183283,0.0696814189008,0.08328146788955852,0.0834327830654149,0.08670726453562737,0.08201687599395169,0.07687724586839728,0.08105050027370453,0.07540600746870041,0.08125316358505066
2024-01-05,0.08740569398296665,0.103180072157,0.10210882663046872,0.10170376136573946,0.10022750606721054,0.08773130002683556,0.09392472263125994,0.08784984052181244,0.0751827135682106,0.09267552440164817
2024-01-08,0.09097703898290958,0.0724796470359,0.0900067424362278,0.08768681210226315,0.0902063163035611,0.08050045656789753,0.07436515073742754,0.08664853125810623,0.07255164533853531,0.08313795067771694
2024-01-09,0.090697521872438,0.0788098527782,0.09279912100892095,0.09245560766305388,0.09205500840880809,0.07942838174376948,0.07970424071672168,0.08704597502946854,0.07246693223714828,0.08513646668684156
2024-01-10,0.09220581602658917,0.0716453717793,0.08854727078068596,0.088834857231152,0.08874090095731046,0.06853292611347157,0.07365794274276287,0.08566337078809738,0.07263768464326859,0.08094499332239269
2024-01-11,0.08072865950588756,0.120875201146,0.11366275137091088,0.11443701344672537,0.10750780071142722,0.09235832829212767,0.09836767558420788,0.0946662500500679,0.06260541826486588,0.09765789110290468
2024-01-12,0.07830786208260937,0.0836098739645,0.09627231471138513,0.09684428372983434,0.09397755318608303,0.08574003392735038,0.08454159814768576,0.0930345430970192,0.07031875103712082,0.08867558254806839
2024-01-16,0.06989213282855622,0.0918620195822,0.10118084914214637,0.10153881540782506,0.09869549492027747,0.09106639572843983,0.08853407174296447,0.09433650225400925,0.0826013833284378,0.09399335893201433
2024-01-17,0.0707244898264559,0.0771821686235,0.09502539620365578,0.09490971085273428,0.0949433404213979,0.08815915504505792,0.08684102834468327,0.09182292222976685,0.08627772331237793,0.0911398966299534
2024-01-18,0.07014243438690039,0.080699563035,0.09735077460893252,0.09765069903831958,0.09606652538429211,0.09825989360253504,0.08768607390228719,0.09117383509874344,0.0925898402929306,0.09439680598972008
2024-01-19,0.06913234423911506,0.0684604559916,0.08750505869505536,0.08687607735395567,0.08782099868613352,0.08376731517315081,0.0791621463713784,0.08714290708303452,0.08605529367923737,0.08547568529170653
2024-01-22,0.06765315176610522,0.071173274591,0.08743631234224922,0.08791693051439771,0.08769149561553476,0.07986962769789632,0.0791621463713784,0.08539889007806778,0.07701420783996582,0.08349851577992715
2024-01-23,0.06740703261209348,0.0469316042618,0.07324012132070365,0.0730460844732348,0.0762564911030978,0.06932324727559305,0.07878306963419598,0.07856689393520355,0.0694119781255722,0.07408969798108588
2024-01-24,0.07771321975759796,0.0808845059505,0.08774728851235897,0.08826581310692264,0.0881236110594137,0.08524052015557441,0.08299472960515486,0.08136770874261856,0.07200601696968079,0.08367795545024628
2024-01-25,0.08399334520918948,0.0781182288367,0.08643347745774489,0.08656427472904112,0.08743666921203852,0.08348629957354872,0.08214968404755094,0.08216293156147003,0.07386277616024017,0.0831565875345192
2024-01-26,0.09370841372158849,0.0631144486306,0.07973058354748641,0.08009706205487752,0.08213418843360899,0.07701121856090203,0.07878306963419598,0.07972107827663422,0.07167918980121613,0.07845091290127447
2024-01-29,0.09723034541681025,0.0636708303343,0.0792140989372531,0.07781870633812447,0.08211687625813127,0.07840656117682668,0.07878306963419598,0.07838660478591919,0.07064718008041382,0.07791044245869494
2024-01-30,0.10095301546917244,0.0451261674308,0.07140379844543235,0.07172353521681835,0.07592176514555603,0.07193355802272974,0.07878306963419598,0.0741269662976265,0.07011912763118744,0.07343026005622091
2024-01-31,0.0907797903241624,0.118408131902,0.10510274391410825,0.10570465424320785,0.10311375104498685,0.09656848490670095,0.09902639541660317,0.08642678707838058,0.08739344775676727,0.0976194663372507
2024-02-01,0.08035681849524658,0.105736205948,0.10227023460474746,0.1016845340757625,0.09954853027258423,0.09235267190759763,0.09514093193710628,0.09180666506290436,0.07850410044193268,0.09447252404323359
2024-02-02,0.06517094565871925,0.112318108246,0.1094228296180114,0.10988121023028176,0.10428711257146211,0.0898283116692308,0.09844798918612703,0.09741982072591782,0.07244101166725159,0.09738975509546895
2024-02-05,0.06039645377363061,0.0861181802742,0.10059552780031243,0.10118637657222682,0.09708480646642992,0.08643190386591199,0.08787149074290965,0.09614042937755585,0.06599736213684082,0.09075827099459821
2024-02-06,0.06521022779619758,0.0756652317728,0.09903624501223734,0.09938771569837718,0.09514620532388825,0.07592907795541422,0.08545674129657169,0.0938289612531662,0.06799212098121643,0.08811100964583875
2024-02-07,0.07130524988737294,0.0653282534237,0.0899756046092258,0.08916939863723075,0.08848998962890835,0.0751617079413647,0.08209012688321674,0.08894287049770355,0.06838525831699371,0.08317356521637766
2024-02-08,0.0751391478694401,0.0475540217559,0.07732724248924337,0.0773286650604657,0.07898708103439867,0.06612898253391704,0.07806136358613923,0.08138895779848099,0.06860995292663574,0.07540460648989725
2024-02-09,0.08405650941069163,0.0395667390207,0.06744447222879554,0.06696212272050951,0.07203958021340748,0.06390102509494874,0.07806136358613923,0.07425343245267868,0.06728535890579224,0.06999247931461021
2024-02-12,0.09024953108991232,0.0664735911895,0.07683275739699391,0.07720789661267173,0.0804410319742373,0.0800638566519132,0.0791621463713784,0.07521089911460876,0.07306201756000519,0.07742580081168693
2024-02-13,0.08764436229519985,0.0935330861419,0.08977407310699745,0.08956580683762294,0.09174277744713363,0.0888953897528261,0.08450530844588697,0.08075648546218872,0.07204720377922058,0.08532672069026806
2024-02-14,0.085231004168036,0.0918047109723,0.09117804747236777,0.09144197134362209,0.09183233272298018,0.08653753633713979,0.08441853336177309,0.0820440798997879,0.08158502727746964,0.08700536120216291
2024-02-15,0.08512116467601562,0.0711944477497,0.08483890278402267,0.08485410484416793,0.08655636543940681,0.08311516589083766,0.07882449656773266,0.08110557496547699,0.07992943376302719,0.0827462920363817
2024-02-16,0.07813777070927894,0.0930782090263,0.09877748250459036,0.0992947115749736,0.09734144615689913,0.10490001488634212,0.12481116660193586,0.08546873927116394,0.0964437797665596,0.1010053343946378
2024-02-20,0.06789759715043325,0.0990764541344,0.10420627755025727,0.10482869106103175,0.10229674914299883,0.10926210677928663,0.12580605746662898,0.08984877169132233,0.0987439975142479,0.10499895017225337
2024-02-21,0.0626185543796051,0.0801948882669,0.09512447697714094,0.09450178684287064,0.09509493341427015,0.09395680541894523,0.0871605314071368,0.08892941474914551,0.0888943150639534,0.09195175198192325
2024-02-22,0.0632948981473158,0.0796370146572,0.09375972588657096,0.09263404415062379,0.09338683646321339,0.08967369398317894,0.08616564054244367,0.08794966340065002,0.08059187978506088,0.0891659263159631
2024-02-23,0.06130693410144828,0.0705343349862,0.08986730568536944,0.09029972683575849,0.08952025236298992,0.08602013360835527,0.08143952618240975,0.08575683832168579,0.0748034194111824,0.08538674320110728
2024-02-26,0.060520751449328274,0.0544338651359,0.07971335940212883,0.08006348466896684,0.08206031338443327,0.07773026173509395,0.07882449656773266,0.08080759644508362,0.0709400549530983,0.07859136673664821
2024-02-27,0.06890339967601293,0.0483632732636,0.07262406611202973,0.07258782054591964,0.07665051345867581,0.07186158515395827,0.07882449656773266,0.07573267817497253,0.06908539682626724,0.07390950811993655
2024-02-28,0.08335784043527122,0.054646302465,0.07291284881643434,0.07288040267538823,0.07728404422516474,0.07591052435784325,0.07882449656773266,0.07329216599464417,0.07047579437494278,0.07451146814459288
2024-02-29,0.07986528597132886,0.0822669921533,0.08456929532017914,0.08487716009185947,0.08648853552961634,0.08124396583667001,0.08403109602547859,0.07663099467754364,0.06986663490533829,0.08110109748381222
2024-03-01,0.09144644018373584,0.0611275109843,0.0749004387996214,0.07389849655775849,0.07851287644147961,0.07385884508740798,0.07882449656773266,0.07496479153633118,0.06788303703069687,0.07469185457443259
2024-03-04,0.09724693282592643,0.0498412641191,0.06995870759337104,0.0699269839634439,0.07554565540897736,0.07847463546682593,0.07882449656773266,0.07199278473854065,0.07056059688329697,0.07361198008888407
2024-03-05,0.10157236688184208,0.0881112470424,0.08951499912436217,0.09004108928330781,0.09171074490989631,0.08898773670731924,0.08441853336177309,0.07748666405677795,0.0773521289229393,0.08564455662376799
2024-03-06,0.09117031111796083,0.118281333053,0.10784116239515143,0.1084579850609814,0.10568641689938771,0.10237689599553347,0.09803380665387865,0.08728349208831787,0.08555594831705093,0.0993193867729002
2024-03-07,0.0999576806090326,0.0625901725849,0.08299033774359293,0.08316985812675129,0.08651778882109197,0.08832646510343962,0.07921193390402716,0.08320695161819458,0.0832124873995781,0.08380511753095367
2024-03-08,0.09245281897008015,0.116861072193,0.11050983283806705,0.11122994260583935,0.1077361713510635,0.10263944197241318,0.10164372713324885,0.09126070141792297,0.08299336582422256,0.10114474044896822
2024-03-11,0.08851504583039388,0.0892004720719,0.1025793545522489,0.10250863481136017,0.10159437769399224,0.10188150175590847,0.08923723308529259,0.09217041730880737,0.08649005740880966,0.09663736808805992
2024-03-12,0.07816544613803371,0.109833923289,0.1129813907357784,0.1125694745489512,0.10775957147449161,0.09109222022317626,0.10011281071862636,0.09681868553161621,0.07616151124238968,0.0996422377821471
2024-03-13,0.09229953959825592,0.0629751802342,0.08842448340764411,0.08886584172366724,0.08861248478592523,0.08081628100053695,0.08282185438339737,0.09017772972583771,0.07965437322854996,0.08562472117936551
2024-03-14,0.08241617201160856,0.110973380237,0.1126611555989846,0.11337100243951685,0.10753923765769441,0.09774363955763321,0.10164372713324885,0.09554968774318695,0.08969307690858841,0.10260021814840761
2024-03-15,0.07886658567034388,0.0802274224191,0.0964741111654059,0.09664004058804335,0.09578315786669307,0.09244132983651487,0.08634948305232144,0.0925435870885849,0.09004946053028107,0.09289731001826351
2024-03-18,0.07504896892659785,0.0662847813006,0.08865335282509063,0.08907344076413148,0.0899242848241263,0.08540949022783159,0.08336067681627826,0.08704326301813126,0.08518259227275848,0.08694958582119257
2024-03-19,0.07256852424329596,0.0586353891693,0.08083164530837492,0.07969235792600031,0.08358832443050859,0.08242543795224014,0.07999318995086747,0.0815066248178482,0.08220028877258301,0.08146255273691752
2024-03-20,0.05448697427636512,0.126541351052,0.11474169176241578,0.11210194604400689,0.1084818033246801,0.09529811423416733,0.1000693675401765,0.09429439157247543,0.08650200068950653,0.10164133073820407
2024-03-21,0.0522578663449758,0.0606728367241,0.0829000151402175,0.08327332575739327,0.08386067098109622,0.07601014535688996,0.07939166022063834,0.08589518070220947,0.0715487152338028,0.08041138762746394
2024-03-22,0.0550634280843915,0.0597829736569,0.0807102062909002,0.08109066403981258,0.08233423482704727,0.07650158324628036,0.07939166022063834,0.08102978020906448,0.06536120176315308,0.07805990437098519
2024-03-25,0.05901949460861957,0.0381538889277,0.06925974540367152,0.06945863395302806,0.0740236329993407,0.06748480039063272,0.07939166022063834,0.07352520525455475,0.060396403074264526,0.07050572589944723
2024-03-26,0.06854986582790552,0.0400914421361,0.06843981663188492,0.06848837525395357,0.07358216917020867,0.06756490082870502,0.07939166022063834,0.06987821310758591,0.06061983108520508,0.06970928089974023
2024-03-27,0.08574944459348627,0.0672748972552,0.0742789231023029,0.07409397722300158,0.07790901510434384,0.07181497655616134,0.07804169394609997,0.07239329069852829,0.06313130259513855,0.07309473988936807
2024-03-28,0.09760939441774204,0.0499145696349,0.06608826809578192,0.06629998439072826,0.07192663049100011,0.0688853329150157,0.07804169394609997,0.07009206712245941,0.06551893055438995,0.0695504153593536
2024-04-01,0.09665139013598517,0.0712705165313,0.07596217585287303,0.07637133256750445,0.08025129625373255,0.07745019667117244,0.07999318995086747,0.07356800138950348,0.07162584364414215,0.0764602909042565
2024-04-02,0.10689315332513384,0.0609287895625,0.07379911185297586,0.0739889328742554,0.07961727471731407,0.08176266034244625,0.07999318995086747,0.07370200008153915,0.0772026926279068,0.07715226606390072
2024-04-03,0.11949653245290999,0.0876712070088,0.08918200221786482,0.0890690219735531,0.09112236030272254,0.08964172965898011,0.08382629484317525,0.08024783432483673,0.08291447162628174,0.08657195927820203
2024-04-04,0.11206604464763487,0.133399128618,0.11400724893765893,0.11384187250418275,0.11233349898063438,0.11165771410928972,0.10890927656771696,0.0945914015173912,0.09577567875385284,0.1073023844815324
2024-04-05,0.11064407528850125,0.115605352014,0.11255941571911689,0.11153212327246016,0.10980375615271112,0.10498553685768168,0.10138416185315248,0.09971364587545395,0.10009527206420898,0.10572484454211219
2024-04-08,0.12358335330192659,0.0644125237025,0.09081107875030464,0.09104579773302166,0.09229466422925647,0.08915837472473156,0.08392249048169786,0.09125262498855591,0.0977955162525177,0.09089722102286939
2024-04-09,0.13324067842586185,0.118893197705,0.11858580057454396,0.11889787313064831,0.11344845696271263,0.1036552210590298,0.10333290225183325,0.09963495284318924,0.09843845665454865,0.10799909478235799
2024-04-10,0.13384268566769456,0.148164151335,0.13618650541075017,0.13642630981685988,0.1276220624264074,0.11718106305800174,0.11719735480753578,0.11159010231494904,0.09647154808044434,0.1203821351307069
2024-04-11,0.13918631440108503,0.0958760292749,0.11104463600271507,0.11111856327884725,0.10725571026322152,0.09787758283848423,0.09202090454158607,0.10569901019334793,0.09576629102230072,0.10296895687721468
2024-04-12,0.14318252525633765,0.108541064035,0.1156584325594684,0.1161821123601652,0.1138189520646134,0.11159906261346646,0.12005355865088013,0.10508988797664642,0.1036299467086792,0.11229027899055989
2024-04-15,0.13668814438045315,0.138933949394,0.13490388251623892,0.13560988777153793,0.13091007405218658,0.1314868158649813,0.12556221387975214,0.11314849555492401,0.11594735085964203,0.1267955314998947
2024-04-16,0.12088388904100898,0.162901069151,0.14860167314712022,0.1493974873276857,0.1400349808788445,0.13726364969820545,0.13155071106088276,0.11881357431411743,0.13540180027484894,0.137294839528815
2024-04-17,0.10923989837729293,0.150852730627,0.14369560275881993,0.1446591650642603,0.13585948770995965,0.1312918105415106,0.13155071106088276,0.12280435860157013,0.1324205845594406,0.13461167432806342
2024-04-18,0.10444396967749632,0.12840187319,0.13721625753453304,0.13784069505743624,0.13011249245004652,0.1297169763640453,0.12155542022270856,0.12208642065525055,0.12802660465240479,0.129507838133775
2024-04-19,0.0931573682469672,0.131996930619,0.14068313560973042,0.1415431524354398,0.1333444477231683,0.13341467867784823,0.12419576878512709,0.1227509081363678,0.12651683390140533,0.13177841789558384
2024-04-22,0.09061550272040392,0.101067841924,0.12446426981448955,0.12470887220299126,0.1181908483727568,0.11569648826645945,0.11607612903587813,0.11666396260261536,0.11719876527786255,0.11899990508186473
2024-04-23,0.09813487707055638,0.0786326103353,0.1074397206306125,0.10681132450813227,0.10370209471441669,0.10364552776608815,0.09879648610157862,0.10682851076126099,0.10988879203796387,0.10530177950286472
2024-04-24,0.1172057919431193,0.096740633534,0.10993121869420419,0.11053029165836004,0.10584385058098714,0.1074004400223184,0.09886466138704039,0.10247444361448288,0.10673788189888,0.10596896969375329
2024-04-25,0.11966895423503161,0.106597270421,0.11187802749927361,0.11112291685126031,0.10791757695098596,0.10528777016504329,0.11145979658304402,0.1010308563709259,0.10593973100185394,0.1078052393460553
2024-04-26,0.12146949997054111,0.0791956562977,0.095616939104008,0.09550553370089174,0.09371019469361414,0.08634937882469308,0.08693337291346735,0.09437109529972076,0.09748198091983795,0.09285264220803328
2024-04-29,0.11662436930861897,0.0887641765806,0.09841446279898994,0.09891946016043651,0.09558177502601865,0.09125622046973288,0.08869320533701876,0.09165849536657333,0.09486417472362518,0.09419825626891361
2024-04-30,0.10776036200957506,0.115236761626,0.1125825429593511,0.11250682730900684,0.10813697906391155,0.10794163273949162,0.1157501341273596,0.09538482129573822,0.10411050915718079,0.10805906380743424
2024-05-01,0.07754520753977577,0.172894383985,0.1432051496292236,0.14394374817921446,0.13051606399557486,0.1168184833796354,0.1307489824058349,0.10944412648677826,0.11505116522312164,0.12710395989991188
2024-05-02,0.06106135874890518,0.119500137132,0.12211592265486351,0.12236854713354758,0.11294539131270914,0.10504222423423658,0.11131699736316103,0.10953396558761597,0.10203488171100616,0.11219398999959143
2024-05-03,0.05350585698266031,0.0918850153909,0.11181496173455488,0.11239354603346483,0.10294315614360744,0.08870455388102166,0.09655622773825487,0.10506248474121094,0.09202274680137634,0.10135681101049872
2024-05-06,0.052864390973864694,0.0459467029474,0.08905920973348731,0.08798808881774771,0.08570987150644449,0.082515805088434,0.09230192169962459,0.09330394864082336,0.08747901022434235,0.08833683653012911
2024-05-07,0.05576675891699236,0.0577474826208,0.08883765293026565,0.08926435119002249,0.08579636023495561,0.07864137644038967,0.08772859246053684,0.08664242923259735,0.08452212810516357,0.0859189843705616
2024-05-08,0.05691106406924505,0.0435578462868,0.07120808733737755,0.07062673686352595,0.07287349529269588,0.07585485732486527,0.08506520500291431,0.07742782682180405,0.08487635850906372,0.07684750959317811
2024-05-09,0.06210516614511063,0.0534456207186,0.06942924404263986,0.06822841620269224,0.07178038116587014,0.07283018864839637,0.08010266687170493,0.07209660112857819,0.08456191420555115,0.07414705889506183
2024-05-10,0.059490423397142125,0.0641466448796,0.07152231767616699,0.07192109445609274,0.07380297687765369,0.07210793419088854,0.08010266687170493,0.07011789828538895,0.08396092057228088,0.0747908298471681
2024-05-13,0.059991778949031696,0.0420705956659,0.062135633849037517,0.06240143587539176,0.06759759851192643,0.06796301167441311,0.08033427901786198,0.06556668132543564,0.08341360092163086,0.06991603445367105
2024-05-14,0.05426839707156705,0.0700800227197,0.07495732859794715,0.07471656943194835,0.07728774282801176,0.08003551057064523,0.08008555882522975,0.06775426864624023,0.0886773020029068,0.07764489727184705
2024-05-15,0.06064479814374508,0.0504180031347,0.06746233797912041,0.06678285225242413,0.07058029158701726,0.06358480432580979,0.07886298972659336,0.06347304582595825,0.07554801553487778,0.069470619604543
2024-05-16,0.06751060860599604,0.0771190418516,0.0808795907472769,0.0812522150902491,0.08109955407198041,0.07050685079201964,0.08117203358579421,0.06753447651863098,0.07959898561239243,0.07743481520262052
2024-05-17,0.07216815985003072,0.0502502350204,0.06867319593172759,0.06894146099748341,0.07169563712310292,0.06530811489630206,0.07767082490685297,0.0652383416891098,0.08021023124456406,0.07110540096987754
2024-05-20,0.07647173103829227,0.0454912117576,0.0671821454461147,0.06723206737910326,0.07119384357894876,0.06622558211881505,0.07886298972659336,0.06326179206371307,0.08111382275819778,0.07072460615306943
2024-05-21,0.08002190114788532,0.0405146452611,0.06262773709096112,0.06210460021197785,0.06790705330870056,0.06023201513187698,0.07767082490685297,0.0607188381254673,0.07591933757066727,0.06674005804950058
2024-05-22,0.07968479810202252,0.078775872867,0.08113665167151259,0.08138778107529296,0.08279666923574229,0.07638497127463527,0.08232619599674991,0.06596748530864716,0.08176187425851822,0.0788230898315855
2024-05-23,0.08244558551464845,0.101719222757,0.09284721000197242,0.09328631594001646,0.09193023204945264,0.0831999578543306,0.08981341278572362,0.07358089089393616,0.08593534678220749,0.08722762375823422
2024-05-24,0.0874856256745521,0.0760124412747,0.08455077768169193,0.08468278276473659,0.08433281604607039,0.07189108826226004,0.07997986876605381,0.074488565325737,0.08442876487970352,0.08062209481803619
2024-05-28,0.09302594260666307,0.0725800393114,0.08565354418519576,0.08569518789717745,0.08578725822218593,0.07155604518443351,0.07925308806093659,0.07506519556045532,0.08358047157526016,0.08094154152652067
2024-05-29,0.09318665208598585,0.0664780532001,0.08550052750475998,0.0856053670638608,0.08682231819530489,0.08656178927965923,0.08053250715922003,0.07495801150798798,0.09072866290807724,0.08438702623126716
2024-05-30,0.09060432384808934,0.0770483619044,0.08975861723402193,0.09016682682854657,0.09087993110324655,0.08781100656563225,0.08310593057006016,0.07659772038459778,0.09216659516096115,0.08721237540672377
2024-05-31,0.08562935837961798,0.112182163867,0.10530532307237464,0.10403097060858214,0.10167495261271103,0.0874517371696296,0.09758637026405156,0.08368897438049316,0.08798495680093765,0.09538904070125427
2024-06-03,0.07717135551394709,0.100300507838,0.10272658583145067,0.10316888505378012,0.10038099508244985,0.0895614779461876,0.08195217164670006,0.08636464178562164,0.0858011469244957,0.09285084346724082
2024-06-04,0.07071040185301518,0.101332712376,0.10580092929259394,0.10598102789655693,0.10282881804367176,0.0890701051645712,0.09180498178634791,0.08881665766239166,0.08718758076429367,0.09592715723006102
2024-06-05,0.07910590142429129,0.0675940988768,0.09194143054740557,0.09113016359727302,0.09137756995025734,0.08414871707072297,0.07797766245257588,0.08452679216861725,0.0863967016339302,0.08678557677439747
2024-06-06,0.08203926417958764,0.0596942789306,0.08705783721292842,0.08740263250981684,0.08757939795601793,0.08404848684302704,0.07758756411823266,0.08025044202804565,0.08820090442895889,0.08458960929957535
2024-06-07,0.07918357446828383,0.0905596790659,0.09784654710406723,0.09793985964322274,0.09573168411772569,0.08403923303681499,0.08082720247381539,0.08243511617183685,0.08284977823495865,0.08880991725463451
2024-06-10,0.08136745803397284,0.056350220491,0.07962655919530115,0.07866109925574333,0.08217833655653337,0.0768593066151218,0.07454594678064475,0.07697345316410065,0.07920969277620316,0.07829348490623546
2024-06-11,0.07763258148705458,0.0741015026107,0.0844859241092922,0.08444196730619137,0.0861213086453593,0.08062714465854183,0.07685499063984559,0.07612733542919159,0.08298071473836899,0.08166276936097012
2024-06-12,0.0772204366355395,0.104201131244,0.10022146994419825,0.10080649208071599,0.09661112298495131,0.08305756172406437,0.09271461553430795,0.08154331147670746,0.07844284921884537,0.09048534613768437
2024-06-13,0.07679517941395757,0.0769863174333,0.09041305360879122,0.0905218506252471,0.08859302566660032,0.07475396035861492,0.0756628258201052,0.08064912259578705,0.07232298702001572,0.08184526081359451
2024-06-14,0.08099049322776009,0.0768052307122,0.08895411455967088,0.08885507598153175,0.08791142879953695,0.07854340412762612,0.07684685726669507,0.08521664142608643,0.07551461458206177,0.08312030524902984
2024-06-17,0.07918709654570555,0.0702030708451,0.08743449711355224,0.08663826446131481,0.08704160307679312,0.07890408071651332,0.0747202564164348,0.0850035548210144,0.07408656179904938,0.08197554548638172
2024-06-18,0.08231867526789198,0.0502175775635,0.07703390880537478,0.07717133764376637,0.0790898230381947,0.07421673111237681,0.0747202564164348,0.08337028324604034,0.0727851390838623,0.07691249704943573
2024-06-20,0.075739487955467,0.102658493958,0.09852576786451694,0.09890107587997764,0.09661458546446862,0.09058115634757968,0.08735010707292808,0.08519633114337921,0.07726755738258362,0.09063379730791911
2024-06-21,0.08107450721285656,0.0748292176032,0.08672994350330636,0.08705986187744162,0.08697939483082853,0.08277907812613478,0.07684685726669507,0.08507482707500458,0.07947202026844025,0.08356314042112159
2024-06-24,0.08300007127139646,0.0959627298748,0.0971169029970606,0.09742499933927581,0.09520395791148686,0.08850428354733639,0.08007347698695867,0.08653657138347626,0.08101344108581543,0.08941051903591571
2024-06-25,0.08240768419641854,0.0590267099405,0.08082866113823035,0.08059638334964656,0.0821617421743426,0.07841040237227373,0.0747202564164348,0.08546935021877289,0.07947821915149689,0.08023785926017113
2024-06-26,0.07801833370555233,0.07106789211,0.08778066009892234,0.08758120623025645,0.08714209924083052,0.07809273295414476,0.0747202564164348,0.08552591502666473,0.07631799578666687,0.08245155225056007
2024-06-27,0.07453780551950777,0.0730704801634,0.08592757022138373,0.08563615285316709,0.08567074833477747,0.07770865834173252,0.07731542414993037,0.08516525477170944,0.07876431941986084,0.08231258972750878
2024-06-28,0.06247672717085903,0.0989062193564,0.09877244948650162,0.09931601905014498,0.0956120895076728,0.08519407186389366,0.08007347698695867,0.08674512803554535,0.08209998905658722,0.08968760342675774
2024-07-01,0.04707887679605378,0.103867829867,0.10146957686271488,0.10193643122471087,0.09699160395052464,0.08130844527749526,0.09409336445179578,0.08838915824890137,0.08127056062221527,0.09220844866262258
2024-07-02,0.045367825295413965,0.0547195157526,0.08074790291543335,0.07970356553338143,0.08052102246649352,0.07057049217130838,0.07806306464537364,0.08682569861412048,0.08165788650512695,0.07972709040731969
2024-07-03,0.061708421750006626,0.0391128519392,0.07152611503123735,0.07105626378645483,0.07395374444017914,0.0686698298742537,0.07806306464537364,0.08425561338663101,0.07989466190338135,0.07534561329535872
2024-07-05,0.06745187788645866,0.0518113439187,0.07496036128895538,0.07509883565085043,0.07723894037659922,0.07296194135847198,0.07806306464537364,0.08249514549970627,0.07829144597053528,0.07701567639864175
2024-07-08,0.07671185387509116,0.038983652458,0.06432597642997667,0.06456897346187777,0.06996927466048597,0.06859881449854996,0.07853163152860894,0.07954995334148407,0.07568284869194031,0.07160392465898911
2024-07-09,0.08038297016246415,0.0485172350124,0.06328733956044011,0.06355928749733716,0.06982772089857114,0.07325050730177936,0.07853163152860894,0.07706351578235626,0.07292783260345459,0.07120683359607823
2024-07-10,0.08564172159742803,0.0469395362405,0.061952814828797165,0.06046289053020103,0.06920761840143896,0.0733428470147419,0.07853163152860894,0.07510697841644287,0.07139846682548523,0.0700004639351023
2024-07-11,0.09757098355958461,0.101381773022,0.09016225992002153,0.09071661922979138,0.09089875493133946,0.08782357471398114,0.08808842614864751,0.07746464759111404,0.06489719450473785,0.08429306814851899
2024-07-12,0.10531189169091974,0.0799596644336,0.08378966551934147,0.08413722403944869,0.08484679018714011,0.08063271997887081,0.08195886229543631,0.07852551341056824,0.07305042445659637,0.08099159998391456
2024-07-15,0.10877408962246189,0.0905234148256,0.09281989743841129,0.09332579944558379,0.09226058476383302,0.08471603666567727,0.08342161836351969,0.08064001053571701,0.07876129448413849,0.08656360595669722
2024-07-16,0.11016517881772483,0.0723704976435,0.08752876595318236,0.08700977640746164,0.08817742808607944,0.08262880663156358,0.07853163152860894,0.0814691111445427,0.08017711341381073,0.0836460904521785
2024-07-17,0.11251566997419518,0.0810477204654,0.0939900635550235,0.0944519795191701,0.0944226959730239,0.09217566547261277,0.0869826009750061,0.08323480188846588,0.0809253677725792,0.08945473930798306
2024-07-18,0.11499956921921896,0.145623575269,0.1246070015881879,0.12542989820601216,0.11892582748156834,0.11941274934518281,0.11513242966500903,0.09813836961984634,0.09573661535978317,0.11391184160936997
2024-07-19,0.12130785856234315,0.119356761141,0.11722103896794665,0.11787865068155766,0.1136736927499498,0.11668858095904228,0.10067181999699007,0.10178283601999283,0.10058101266622543,0.10978537600595782
2024-07-22,0.12043117067634945,0.109089545054,0.11454141274194343,0.11488088780228246,0.10968535879910055,0.10876308021852372,0.10087276139243773,0.1019580066204071,0.09736163169145584,0.10686616275230724
2024-07-23,0.12681596922540414,0.0822210993779,0.10435840362653874,0.10488655601800302,0.1017441914906889,0.09932510019026648,0.0906920769468252,0.09649666398763657,0.09147318452596664,0.09842516811227509
2024-07-24,0.13065358967275906,0.0958424739958,0.11130068459459325,0.11183052076967014,0.11161226220886027,0.11840278154201275,0.10642939039237902,0.09659447520971298,0.09907140582799911,0.10789164579217536
2024-07-25,0.12960630437343737,0.155022096259,0.1365317476291576,0.13741066065607613,0.13164747189706108,0.13910399462124198,0.13101653629062515,0.10917343944311142,0.11074178665876389,0.1279465195994339
2024-07-26,0.1382726810524937,0.147307550967,0.13570314597232838,0.13656641151848925,0.12771575130014506,0.1333249001444851,0.16395100147950756,0.11528220027685165,0.1169530525803566,0.13278520903888053
2024-07-29,0.19148512917260788,0.104119548825,0.11730673868176517,0.11780333059174157,0.11368913586779401,0.11627848251221808,0.11702689015672782,0.10936964303255081,0.10798489302396774,0.11420844483810931
2024-07-30,0.20319288044143183,0.121051332431,0.12775248482809104,0.12851967304437048,0.12259718029001836,0.12390320543559571,0.12011674732769324,0.11051193624734879,0.10633867233991623,0.11996284278757627
2024-07-31,0.2136378164580262,0.118853405675,0.12889695968783788,0.12894395641773768,0.12131506980180162,0.11940104792967265,0.11882060520168587,0.11120831221342087,0.10969967395067215,0.11975508931468982
2024-08-01,0.21521491113165186,0.150562340986,0.14152080446947957,0.14243068303866008,0.13398395855202083,0.13637570549551173,0.13101653629062515,0.1182556077837944,0.1110215112566948,0.13065782955525523
2024-08-02,0.20858211532394838,0.182502645275,0.15768525858361532,0.1583222636712511,0.1526433308818736,0.16364173780021254,0.15716555539812432,0.1300881952047348,0.1343991756439209,0.1505636453119618
2024-08-05,0.16762435318901467,0.313969715564,0.23064696344130037,0.22667788792036564,0.23367049989857105,0.2761194908742465,0.40886696763111974,0.17175240814685822,0.22596731781959534,0.25338593367600815
2024-08-06,0.14729422484124846,0.194312595893,0.18749719336294987,0.1878810595838061,0.1776761397039521,0.23082354861286855,0.21730945349501893,0.17106874287128448,0.24092039465904236,0.20188236175556035
2024-08-07,0.12993794525501415,0.189459710321,0.19160964942227687,0.19285582409806268,0.18193311456801017,0.21722911963553876,0.21360070531276384,0.1715894490480423,0.20966333150863647,0.1969258847990473
2024-08-08,0.11187379781693162,0.161402370755,0.18075273961823013,0.17825236388905874,0.164129040677586,0.17579383519026337,0.18960348320813006,0.16582077741622925,0.15735608339309692,0.17310118905608493
2024-08-09,0.09725058281859995,0.138753089445,0.16720746387671395,0.16747110962731881,0.14880145218994023,0.15072697000423504,0.16193387221413827,0.15640729665756226,0.12070126086473465,0.1533213464906633
2024-08-12,0.07907175890709002,0.146745040927,0.15519881636895425,0.15609282324754997,0.14100494713511336,0.14708268322146412,0.1394752659898823,0.14873860776424408,0.10821863263845444,0.14225882519509464
2024-08-13,0.07880702245088728,0.0758004575866,0.11505225789681756,0.11439213656138811,0.10665435614279045,0.11408337562838301,0.10747983549928126,0.12532460689544678,0.09116481989622116,0.11059305550290406
2024-08-14,0.07678988350019611,0.108795158727,0.12132855481377541,0.1220627427635928,0.10979816133875926,0.11195920721194094,0.10493867701276796,0.1175880953669548,0.07468269020318985,0.10890830410156871
2024-08-15,0.08794426163189416,0.0648853634491,0.09469340001237844,0.09433833609887872,0.08820452436590083,0.08341504711952241,0.08674178255694241,0.10722437500953674,0.13380083441734314,0.09834547136864324
2024-08-16,0.10572624044329283,0.0629449436677,0.0869827829495208,0.08681806032693534,0.08250497243558463,0.07592571033367283,0.08480735471027039,0.09645232558250427,0.12446875125169754,0.09113713679859799
2024-08-19,0.10597323087638241,0.0742121487844,0.08511268465232663,0.08473371252627915,0.08139083855434724,0.0731034043893343,0.08277461266746615,0.09163425862789154,0.11255089193582535,0.08732862905049577
2024-08-20,0.10475235852853572,0.0744091931478,0.08516321226345334,0.08558785160069737,0.08272905158686077,0.0825402679192539,0.08470904051413818,0.08944539725780487,0.1059991791844368,0.08802485718952076
2024-08-21,0.10619105457208197,0.101326618736,0.09555098937241294,0.09627365568322896,0.09149460970063354,0.09346377113780864,0.08812130364032514,0.09388667345046997,0.10185714811086655,0.09437830729939224
2024-08-22,0.10452494596155662,0.115748197048,0.10606685550289306,0.10688058868232388,0.10049798025073445,0.09997406999514004,0.10570352890298625,0.10058516263961792,0.10274297744035721,0.1032073090591504
2024-08-23,0.09263305577425895,0.145537932357,0.1257701607237733,0.1263139469718742,0.11285585720817107,0.09955990416570584,0.10899183774239471,0.11229832470417023,0.10224223881959915,0.11257603861938406
2024-08-26,0.10079448258119851,0.0759531549557,0.09751980728303289,0.09810548734914042,0.09140831511520107,0.08708506159334839,0.08864593299408517,0.10432970523834229,0.10021982342004776,0.09533059042759971
2024-08-27,0.10756659556469383,0.0651949599238,0.09243349824972943,0.09216103983355492,0.08743820288949986,0.08323959551358717,0.08480735471027039,0.09751585125923157,0.0978269949555397,0.09077464820163043
2024-08-28,0.1115753811180589,0.108556441235,0.11089713219550625,0.11159406372368737,0.10346205466300773,0.10393009972445436,0.10570352890298625,0.1028285026550293,0.10002053529024124,0.10549084530784465
2024-08-29,0.12167016736739739,0.107899334593,0.10993581414138864,0.1107417866115434,0.10164660640269552,0.09473428100284882,0.10063557614084917,0.10533428192138672,0.10035159438848495,0.1033399915155996
2024-08-30,0.12233610710221349,0.0972542195683,0.10118183113986917,0.10126885300045006,0.09375841426335149,0.08147029654919626,0.08890736309935487,0.10339035093784332,0.09802038222551346,0.09542821303079695
2024-09-03,0.12141913665615915,0.116885008583,0.11307181079443168,0.11383124232980091,0.10945360691127747,0.11676748982684242,0.11987859448092496,0.10711680352687836,0.10279437154531479,0.11184484563078152
2024-09-04,0.12689492421517518,0.106327826143,0.11267282073628475,0.11322171659980967,0.11000594720646732,0.1209041934957853,0.12680174284120785,0.10768713057041168,0.10905731469392776,0.11433583802055634
2024-09-05,0.12474264364653176,0.127188705808,0.1233539024296417,0.12387341502459563,0.11863202561360923,0.12448626553757536,0.12383648523108318,0.11227937042713165,0.1137567088007927,0.12003116758063279
2024-09-06,0.10988850224400118,0.153019888196,0.13819124503097754,0.13909803811296462,0.13391939008039344,0.14583700738139577,0.14357869187506042,0.12112320959568024,0.11454815417528152,0.1337565337502505
2024-09-09,0.10696142878091265,0.101345205079,0.11753231016763484,0.11787330842556883,0.11543936555119838,0.12401574165825813,0.11475194019419148,0.11519406735897064,0.11646103113889694,0.11732396635638845
2024-09-10,0.10430086988301147,0.112002336843,0.1215685903477697,0.12237039926196491,0.11810556939817143,0.12644109693865502,0.12281528688818306,0.1140836626291275,0.11543308943510056,0.12011681355699602
2024-09-11,0.11642952138182382,0.134551781254,0.13342812172453225,0.13238332017654397,0.1250191639045839,0.11970562584447798,0.12234994523082343,0.11889421939849854,0.11490308493375778,0.12381192588760255
2024-09-12,0.11257234692740277,0.116055993584,0.12487654911726168,0.12481622151622324,0.11687242506188313,0.11360350382563093,0.11093270903831863,0.11742733418941498,0.1127549335360527,0.11732623946925504
2024-09-13,0.11227115581456143,0.0773877580177,0.10205404278429911,0.102164498824536,0.09894371470086066,0.09684820745102059,0.09312932375377934,0.10696829855442047,0.1060652956366539,0.1008819116722243
2024-09-16,0.10936529355752679,0.084244716152,0.10311008795341364,0.10319986694273725,0.10077043137449623,0.09881280162703862,0.0961878986213921,0.09703219681978226,0.10059363394975662,0.09995813104123097
2024-09-17,0.10418675443943194,0.0986617682585,0.1078327041686224,0.10850741872981357,0.10468988837422646,0.10393196639991169,0.0961878986213921,0.09931527078151703,0.09744877368211746,0.10255913153680009
2024-09-18,0.0711441030162507,0.177454196323,0.14417245383944977,0.1442488148220331,0.1327781718291509,0.12762586717625685,0.13026548109198824,0.12415001541376114,0.10066131502389908,0.12912887417093413
2024-09-19,0.06504714469136867,0.0951445892549,0.10808341905143934,0.10809356591488503,0.10182170023779738,0.0963924855865914,0.08995409718533974,0.11173232644796371,0.09957366436719894,0.1022358941130308
2024-09-20,0.062222391530646355,0.0751682164679,0.09958934619080803,0.09994253204868671,0.09484638275496257,0.08936426648921506,0.08735751984815612,0.10042617470026016,0.098715640604496,0.09574883751951209
2024-09-23,0.06719865346380931,0.0622651365892,0.09233567344697069,0.09219769317095998,0.0893151370749193,0.08359927464712394,0.08429677606617163,0.09157269448041916,0.09644810110330582,0.08996647856998151
2024-09-24,0.08365320944682572,0.0648437070531,0.09046988547275725,0.09051804090193266,0.08778311604748117,0.08069605532105632,0.08350449682314723,0.08831989765167236,0.09466280788183212,0.08799347144283988
2024-09-25,0.09412860836177325,0.0502295705697,0.07316960145634425,0.0733508776100542,0.07618619193649848,0.07624230878521904,0.0789276749432931,0.08058348298072815,0.09362127631902695,0.07886877343302345
2024-09-26,0.10491964655691675,0.0700052216414,0.0791350486624672,0.07958009290789617,0.08154830543481233,0.08324458898490726,0.08015754426904247,0.08265595138072968,0.09219668060541153,0.08264545889218096
2024-09-27,0.113076522807276,0.0620704087585,0.07467140787868408,0.07500489494153097,0.07960849144701433,0.08616333827855638,0.08222583902870094,0.08171415328979492,0.09232545644044876,0.08167336875781862
2024-09-30,0.11202623769605123,0.0842443608335,0.08589686889865356,0.085616050902341,0.08837407272753492,0.09377659152951606,0.08778078773155623,0.08797784894704819,0.09230393916368484,0.08881802284290496
2024-10-01,0.09986457069061885,0.128901933505,0.11014518507991176,0.11065344951463399,0.10995655049691247,0.11821781734159545,0.11440022126284975,0.10430648177862167,0.09453856199979782,0.10888832392490326
2024-10-02,0.09135005138246836,0.108787347915,0.10702736799666947,0.10667907718474354,0.10666937042361609,0.1140288348978234,0.11781966471890731,0.10734925419092178,0.0965970978140831,0.10802438103239496
2024-10-03,0.0780865863588999,0.125061655453,0.118709067757421,0.11938811854690894,0.11685922584265375,0.12361585665952315,0.12248346890093331,0.11350277811288834,0.09903382509946823,0.11622747727425667
2024-10-04,0.06509512426200668,0.112887441845,0.11820272533303067,0.11880898557686274,0.11339084921717846,0.11299972467951812,0.1218788920946449,0.11332675069570541,0.09887898713350296,0.11392670210434905
2024-10-07,0.06041864376437534,0.0769090498121,0.10270511550828368,0.10328960416243749,0.10674812570586002,0.12055440225086647,0.13061245606581506,0.10226501524448395,0.10203317552804947,0.10974398492368517
2024-10-08,0.06349621454879222,0.0610817582907,0.0902259641775918,0.08970845130318758,0.09548253198136814,0.1098887518956949,0.10491263381360229,0.09081374853849411,0.10288561135530472,0.09770252758074907
2024-10-09,0.06299170004149952,0.0607798001663,0.0858707878555495,0.08536934007101085,0.0917506854203855,0.10671263081189569,0.10439966552554283,0.08467501401901245,0.10401704162359238,0.09468502361814132
2024-10-10,0.06558711501264994,0.0663613823892,0.08300843931587501,0.08316293008090242,0.09032856254991842,0.1065837091662687,0.100715292484509,0.08251475542783737,0.11729561537504196,0.0948013292000504
2024-10-11,0.064717800431592,0.0586760231587,0.0750996783637424,0.0738367076479445,0.08453789142300185,0.10289478051403442,0.100715292484509,0.07844310253858566,0.11373826116323471,0.08989510201929322
2024-10-14,0.06660992675334759,0.0545911027658,0.07152004508399326,0.07110216066961622,0.08211050516965458,0.10178606750540713,0.09506413240646658,0.0753258690237999,0.10991663485765457,0.08668934495951318
2024-10-15,0.062255811033211754,0.0750850513376,0.08112133612742684,0.08159494507906562,0.09050358235035566,0.11009511838589937,0.10016654404021512,0.07827070355415344,0.10389143228530884,0.09223480883177497
2024-10-16,0.06889085380869372,0.05809568976,0.07388739836186484,0.07342003379951914,0.08400338610578534,0.10259902683268263,0.09798559637550208,0.07534623146057129,0.10114188492298126,0.08691193683698664
2024-10-17,0.06951863403654426,0.077925669586,0.08318121826058077,0.08367021192006802,0.09036164621255457,0.10519402312770824,0.10191363560289259,0.07996995747089386,0.09700261056423187,0.09161332902270426
2024-10-18,0.07737515599349555,0.0536329738017,0.07288994237230796,0.07276433273027125,0.08208208146525178,0.09665299910097838,0.096862582337246,0.0740136206150055,0.0955381989479065,0.08440053679556676
2024-10-21,0.07690341358540237,0.0649817801241,0.07858071539640565,0.07891696392610886,0.0873793201455833,0.1025466215889005,0.09879232216095044,0.07476863265037537,0.09375262260437012,0.08781959978181346
2024-10-22,0.08082795606209729,0.0532192001157,0.07178713768177625,0.07166541248179509,0.08254029136855501,0.09992532119026433,0.09601074586462884,0.0710219293832779,0.09405174851417542,0.08385751235492468
2024-10-23,0.07799214133530076,0.0878972572049,0.0887831108328514,0.08933778688213057,0.09748419575385794,0.11587573049163154,0.10316594871456798,0.08032257854938507,0.09305067360401154,0.09543143211834801
2024-10-24,0.08707239248859865,0.0806651329851,0.08600149320607124,0.08614506366835692,0.09468815742479723,0.11202713507921264,0.10233463922028742,0.08180883526802063,0.09170174598693848,0.09352958140766922
2024-10-25,0.09052828263493133,0.0929885332305,0.09455567506541071,0.09505237585864859,0.10188162695305819,0.11938178573741623,0.10529546279805017,0.08656628429889679,0.09254376590251923,0.09932528237342855
2024-10-28,0.09482632964684572,0.062118701117,0.08151845312324169,0.08176714466975357,0.09136452122830645,0.1097910917002928,0.09879232216095044,0.07878918945789337,0.09483519196510315,0.09097970204364879
2024-10-29,0.09540564320008252,0.0769896133345,0.08978406927730098,0.08951919425960615,0.09742252120762479,0.11335835808288616,0.10016654404021512,0.08054199814796448,0.09477554261684418,0.09508117537606313
2024-10-30,0.09804488532490295,0.0739865255881,0.08731219471818377,0.08744969348884535,0.09653341562813388,0.11514471403246203,0.1036465081981999,0.08009235560894012,0.09500488638877869,0.09502625258050625
2024-10-31,0.08680757238960074,0.118325824728,0.10908388914729465,0.10942892525232734,0.1174043858400223,0.1373735254214335,0.1492506965034982,0.09390966594219208,0.09440897405147552,0.11583715173689194
2024-11-01,0.07509497480569348,0.108239130762,0.10627019290566136,0.10672062007300473,0.11356231187103623,0.13124721753435342,0.1296874264942288,0.09630586206912994,0.09557417035102844,0.111338257328349
2024-11-04,0.06804724233445099,0.0885553342028,0.10054730621309663,0.10039554846342659,0.1091608021452534,0.12703481953060716,0.11649478537020815,0.09098684787750244,0.09812518954277039,0.10610647130612354
2024-11-05,0.06551549269304947,0.0804886349869,0.09757724630203676,0.09675698116985819,0.1040303678984826,0.11871398329056278,0.1068979438429618,0.08593353629112244,0.10116927325725555,0.1015827617217543
2024-11-06,0.06261468429518094,0.0895925213863,0.10272523213315951,0.10319421022781827,0.10142677675629708,0.09774122071665567,0.0907808075827356,0.08726786077022552,0.09992428123950958,0.09758005563234305
2024-11-07,0.07382584780141208,0.0601230091283,0.08529819106915175,0.08463417137760054,0.08737048213330612,0.0890025066083173,0.08491474274000266,0.0778166651725769,0.10178162157535553,0.0872597686680444
2024-11-08,0.0805397866177323,0.0472674572253,0.074532791615702,0.07407504422098232,0.07920824263236394,0.08216189515814686,0.0818933083177678,0.0691976249217987,0.09963288903236389,0.08010025655701794
2024-11-11,0.0841504622741271,0.052895245127,0.07369598663393445,0.07382737676522184,0.07914489305089709,0.08260869671863685,0.0818933083177678,0.06732180714607239,0.09720964729785919,0.0793859594186271
2024-11-12,0.0842286011101332,0.0691930872955,0.07941997578813786,0.07986165359068828,0.08358437262696579,0.08675653320159803,0.08270003410321615,0.07190024852752686,0.09568752348423004,0.08284433447462328
2024-11-13,0.09141018682036577,0.0785392540148,0.08208406027827966,0.08253211478006324,0.08478573687755897,0.08724620643734604,0.08407169305949692,0.07892228662967682,0.09299568086862564,0.08466253984729247
2024-11-14,0.10178126313751826,0.106127573221,0.09758847999515224,0.09820228814866758,0.09626258704814865,0.09471853437989183,0.09582568898715545,0.0903639942407608,0.09041649848222733,0.09476829589742912
2024-11-15,0.10283647036485223,0.0861174757916,0.09271790989110748,0.09315388044417439,0.09408983327038825,0.09598840808450071,0.08763802076899539,0.08902435004711151,0.08760679513216019,0.09145988537691971
2024-11-18,0.1037019714774851,0.0759679032201,0.09057815443749752,0.09011867976150542,0.09170940367223793,0.09265634232988765,0.08512445322502124,0.08529628813266754,0.08538755029439926,0.0886958388361738
2024-11-19,0.10223853609545636,0.0696668360814,0.08797844059415563,0.08720942281748124,0.08999460153159206,0.09208398259869663,0.08270659668222982,0.08193725347518921,0.0851808711886406,0.08672730984114074
2024-11-20,0.09286122112520044,0.111692611524,0.10829130948540712,0.10877428956431408,0.10655733423523238,0.10698249605496364,0.10208640966892658,0.09511314332485199,0.08582455664873123,0.10194707699748957
2024-11-21,0.06817610854034303,0.145880355615,0.1258614793575083,0.12660540556959904,0.11858690539956762,0.11393736446026055,0.1144002969114659,0.11239407956600189,0.08635533601045609,0.11402012389640848
2024-11-22,0.057499701397075824,0.0921726108607,0.10412244532998825,0.10428184692032386,0.09978897718462967,0.09475697372698733,0.08990189775712602,0.10104067623615265,0.08514177054166794,0.09700494109955368
2024-11-25,0.04817200627962305,0.0816389525639,0.10025998487472809,0.10083771430618951,0.09589297570098677,0.08951418706566677,0.0890645181916945,0.09265506267547607,0.08179955929517746,0.09286057172998845
2024-11-26,0.044264501596751264,0.0578495023549,0.08939950721229303,0.08947417016313916,0.08702969433773816,0.08093291938710287,0.08245951291536109,0.08204266428947449,0.07944456487894058,0.0843975761691499
2024-11-27,0.04224573662584895,0.0576860476948,0.0845040447011828,0.08478201393602414,0.08356769943590012,0.07962797023798238,0.08245951291536109,0.07759924232959747,0.07978152483701706,0.08176028691329502
2024-11-29,0.043798990755168715,0.0374827305379,0.06649099949572652,0.06596971125263015,0.07031579444993628,0.07150950283019514,0.07706455760734711,0.0679301917552948,0.07771282643079758,0.07099908340313252
2024-12-02,0.04511709509419314,0.0422724451399,0.06406668412852046,0.06422307322950738,0.06894010958713398,0.07132337101746487,0.07583906281301422,0.06548221409320831,0.07529991120100021,0.06931063229569277
2024-12-03,0.046881596502634876,0.0416719476024,0.06037758216822589,0.060504146099285866,0.06644853190762186,0.0692543945810582,0.07583906281301422,0.06406815350055695,0.07389944046735764,0.06719875879101724
2024-12-04,0.04634543780514647,0.0392502800721,0.05783260547280071,0.05758278762273973,0.06475390020297248,0.067346125781025,0.07583906281301422,0.06260167062282562,0.07317084819078445,0.06558957152945175
2024-12-05,0.04724910332155584,0.0495425161442,0.061442307695816364,0.0617293742981774,0.06784792488678112,0.06988115948644352,0.07583906281301422,0.064933180809021,0.07307685166597366,0.06782140880788962
2024-12-06,0.052428054092404336,0.0455324250302,0.060563193328086656,0.060752074347630775,0.0669659161857128,0.06778642462845635,0.07583906281301422,0.0647844672203064,0.0692191943526268,0.066558618982262
2024-12-09,0.051416081901335994,0.0487130681742,0.06253282414310972,0.06281358560627044,0.06989782839410272,0.07331422349028663,0.07715684382559648,0.06545616686344147,0.07148224860429764,0.06895053156101502
2024-12-10,0.05323563084932732,0.0504798011235,0.0640715901461494,0.06422693536411123,0.07112324775811506,0.07413192712611068,0.07715684382559648,0.0662064254283905,0.07131674140691757,0.06974767300791299
2024-12-11,0.11280883371771214,0.0359257854377,0.05775862860611083,0.05747016860759311,0.06555881091193015,0.06743605509262317,0.07583906281301422,0.06200927123427391,0.07793793827295303,0.06628713364835692
2024-12-12,0.13098018583306603,0.0536409517308,0.06547101839178254,0.06564765170626699,0.0719437631164824,0.07361428791786825,0.07715684382559648,0.06558190286159515,0.07651985436677933,0.0708479031694816
2024-12-13,0.1489339391433556,0.0682225562792,0.07330201614997255,0.07364902215005684,0.07768908815090604,0.07703484093681684,0.0697046677068649,0.07180917263031006,0.0925045982003212,0.07652762941789262
2024-12-16,0.15364482571057972,0.0429828584646,0.062348712049103125,0.06209699008242041,0.07012074185418629,0.07316002453599753,0.06890708248397791,0.06652757525444031,0.08918178826570511,0.07033470207511867
2024-12-17,0.1536219160350778,0.0591633745713,0.0699361175798971,0.06972942745387395,0.07704223949250055,0.08006845937624216,0.07161053388953334,0.06859135627746582,0.08855041116476059,0.07507550646203907
2024-12-18,0.12226956854537997,0.225276862823,0.15570249867248948,0.15535675209485975,0.15121424871369155,0.1507827637206874,0.14983378789158658,0.12268085777759552,0.09400220960378647,0.13993901692495667
2024-12-19,0.11663690457165472,0.15819997561,0.13696887317548928,0.13788737337160328,0.13556216884405048,0.13514915891236454,0.14417131385251108,0.12746496498584747,0.09652300924062729,0.13053240891178478
2024-12-20,0.10317942115406159,0.172574224393,0.15207636099820404,0.14961364947716732,0.14057575341536122,0.1283405839470675,0.12428724487578396,0.1345299929380417,0.09730284661054611,0.1323894903231674
2024-12-23,0.11329206156637989,0.0947343512998,0.12432603960705021,0.12472620580778768,0.11668531939988698,0.10482932538427639,0.09161726786874945,0.1128082126379013,0.09619640558958054,0.11016982518503322
2024-12-24,0.13972426019054648,0.0588651678325,0.10952133842636516,0.108728195159667,0.10201686429758361,0.0847485941336324,0.0719505224071895,0.09158237278461456,0.09205538779497147,0.09437189642914624
2024-12-26,0.14092983267346687,0.0866050602064,0.10871402438830854,0.1089733937950517,0.1031815378770405,0.09160630807000981,0.08523202082568672,0.08851280808448792,0.08896578103303909,0.09645512486766061
2024-12-27,0.13224428026158536,0.13527317865,0.12683161837202844,0.1276525139372526,0.11920053145589178,0.10981783087425401,0.10150017245168103,0.1029437780380249,0.0870506688952446,0.1107138734320539
2024-12-30,0.13657120267362813,0.122437698986,0.11691127484037259,0.11756107978847126,0.11373030709483217,0.11201183400811235,0.10320456831589095,0.10434159636497498,0.08628647774457932,0.10772101973674766
2024-12-31,0.1384240026457097,0.141138544124,0.12868728980503014,0.1295200150031552,0.1220684794086981,0.11734085988385141,0.10874344840163044,0.11178699135780334,0.08670922368764877,0.11497947250683105
2025-01-02,0.1306275662751544,0.192104128907,0.16150845837915656,0.1627307904280288,0.14723870373757542,0.13678787932639136,0.12494665234108118,0.13468442857265472,0.08687002211809158,0.13639527641471136
2025-01-03,0.13617943589041076,0.0958758609413,0.1221992294135749,0.12222318068389809,0.11370523322527093,0.10559009528580182,0.09203319356299808,0.11401757597923279,0.08988238126039505,0.10852155563016738
2025-01-06,0.14458476873025516,0.0802215213315,0.11071214895292382,0.11103651863355068,0.10501383063786915,0.10074568523110139,0.09127513281373771,0.09874922037124634,0.09257379919290543,0.10144376226190492
2025-01-07,0.13525355103794445,0.144245307799,0.1391195942791553,0.1399755254469074,0.12910753844252568,0.12419270506544103,0.1293120589834743,0.11423991620540619,0.09474242478609085,0.1243842518870001
2025-01-08,0.12473469886113525,0.149892108469,0.1420785595692301,0.1427377664473557,0.13033223447186248,0.12433276985492092,0.12287893318662825,0.12385149300098419,0.09703422337770462,0.1261779971298123
2025-01-10,0.10546266636348624,0.162529317834,0.14450173446437198,0.14549180871682488,0.13474158724642746,0.13307768486437552,0.13698248883428799,0.13127703964710236,0.0996895357966423,0.13225169708143322
2025-01-13,0.09573521747861072,0.128835434386,0.13328165297064848,0.13231794581891718,0.12514147965104944,0.12500979380152774,0.12202396558414706,0.12440969049930573,0.10021857172250748,0.12320044286401473
2025-01-14,0.07655210186518724,0.135037311257,0.14060425883927308,0.14154049493264279,0.12984625896454496,0.12757439686469565,0.12747551452740394,0.12502305209636688,0.09982215613126755,0.12741230462231354
2025-01-15,0.0691606054649425,0.0880371933896,0.11594682579887353,0.1160144253909505,0.1064558089143078,0.10342795603851829,0.0930224278641194,0.10970495641231537,0.11310573667287827,0.10823973387028045
2025-01-16,0.060165169861523655,0.0937750198041,0.11361163527830206,0.11404573342831487,0.10493068505578648,0.10456770455980635,0.10253597637910414,0.11064291000366211,0.11160147935152054,0.10884801772235665
2025-01-17,0.07671614035995238,0.065068607164,0.09306398624514509,0.09297160805624931,0.08935992608392138,0.09424778364887733,0.08852025875369965,0.09972310066223145,0.10679858177900314,0.09495503503273248
2025-01-21,0.07912247538097979,0.0825400417946,0.09601246310792418,0.09634917613694224,0.0906496740430229,0.09462189615731077,0.09265767967856486,0.09949754178524017,0.10422899574041367,0.09628820380705982
2025-01-22,0.09666679569431358,0.041352600922,0.07070182479354194,0.07085417758582253,0.07144160319658899,0.08062561803590253,0.08382121103548613,0.08768850564956665,0.1032569631934166,0.08119855764147506
2025-01-23,0.11238389866468279,0.0486350970124,0.07046462289427027,0.06910126989617536,0.07204653027745701,0.08100493001520925,0.08312021780764635,0.08398737013339996,0.10225095599889755,0.08028227100329367
2025-01-24,0.12231016641487139,0.0545623122696,0.06955884941905639,0.06987178804616939,0.07206703885252753,0.08138436481199914,0.08312021780764635,0.08347494900226593,0.09952517598867416,0.07985748341833412
2025-01-27,0.13409762178151294,0.124745806641,0.10384293560117391,0.10374058071642983,0.10259857712350413,0.1120530611395848,0.11128221479477876,0.10232996940612793,0.09891171008348465,0.10496557840929772
2025-01-28,0.13223343431019258,0.0932086803516,0.09184648870613232,0.09054365464028923,0.09107293139257373,0.0987244254901401,0.08948580344940428,0.10273443162441254,0.09931644052267075,0.09481773940366042
2025-01-29,0.12312223433175541,0.130883742306,0.11524511485235825,0.11571617066592672,0.1088346431534779,0.11195933858698898,0.10431645631923624,0.11420869827270508,0.10306914895772934,0.11047851011548893
2025-01-30,0.11176343960123565,0.13709022251,0.12565529485007307,0.12642420684028732,0.11514817295532216,0.11270596094311068,0.11266516260843319,0.12255892157554626,0.10072682052850723,0.11655493432875429
2025-01-31,0.12263163843149619,0.12093480296,0.12500731498876277,0.12540934530531955,0.11519301578922897,0.11258120088177544,0.11266516260843319,0.12279991805553436,0.10073889046907425,0.1163421211568755
2025-02-03,0.09660842700918852,0.175138496824,0.15171402895602165,0.1474953732727236,0.13788217463861124,0.1340854890734429,0.12649742280216958,0.13786578178405762,0.10366208106279373,0.13417176451283147
2025-02-04,0.09307246862176433,0.0787743803717,0.11093303661034723,0.11069385125233272,0.1043410145976295,0.10367903150138735,0.12975579597192313,0.1176755428314209,0.10670433193445206,0.11196894352849898
2025-02-05,0.0970513776823222,0.0741456080079,0.10414036316925182,0.10393724626981621,0.09877926260745658,0.09776014175232278,0.098307077458716,0.10526548326015472,0.10462073236703873,0.10183004384067955
2025-02-06,0.09735745118455283,0.0738487530769,0.09837397928751851,0.09881499322950582,0.09409283098769432,0.0939683773396162,0.09076702917912206,0.0987071841955185,0.10105878859758377,0.0965404546880799
2025-02-07,0.06705968031367442,0.165416106022,0.13984403447303856,0.14036060787546595,0.12673947908204874,0.12106179925967044,0.11529849364233676,0.12179246544837952,0.09925832599401474,0.12347931511070782
2025-02-10,0.07080851855623668,0.0463340068812,0.07951343834438067,0.0792239700920334,0.080226099104932,0.08518435550500147,0.08537134612875363,0.09764161705970764,0.10038460046052933,0.08679220381361974
2025-02-11,0.07104636964846181,0.0534030358101,0.0803080715621553,0.07986193521395457,0.08142937157685791,0.0861559178081153,0.08537134612875363,0.08791151642799377,0.10022767633199692,0.08589511929283249
2025-02-12,0.06666657295448712,0.0963327496769,0.10005751218783845,0.09955919719757858,0.0973214196027902,0.09874946139330101,0.09108201390494716,0.09563931822776794,0.11393912881612778,0.09947829304719302
2025-02-13,0.06994738432932711,0.0758363717921,0.09190809781065958,0.09144778287322063,0.08983293288458546,0.08949453539767263,0.08745423614138423,0.09419941902160645,0.10994745045900345,0.09346920779830463
2025-02-14,0.08529937626922116,0.0495492204234,0.07084556924894032,0.07105231445692155,0.07434989833388035,0.07893957367335556,0.08127100064507593,0.08397305011749268,0.10336551815271378,0.08054241780405431
2025-02-18,0.10412630666179268,0.0687827600163,0.0807279686628777,0.08059106476179273,0.08229510055437242,0.08513085533677092,0.08413675493474468,0.09119649231433868,0.0985150933265686,0.08608476141306654
2025-02-19,0.11294531879493656,0.05495985748,0.07524687855561897,0.0745469775481428,0.07813996900679027,0.08174742149906077,0.08271757263537426,0.08911697566509247,0.09567555785179138,0.08245590753741014
2025-02-20,0.13230833884116425,0.0791468584761,0.0836355332726692,0.08403530176067597,0.0848917828762349,0.08813174688115083,0.08623699716050137,0.08841376006603241,0.09335637092590332,0.08695735613473829
2025-02-21,0.15336975248411613,0.0893989843996,0.08904549068290322,0.08894590703517888,0.0927430751768493,0.10142639280534808,0.09302499778851478,0.0884745642542839,0.09557199478149414,0.09274748893208175
2025-02-24,0.16775549719985408,0.119882694045,0.10771037914747975,0.1082850762548154,0.1081048248243175,0.11519236856483418,0.11365231843599116,0.09053078293800354,0.09956350922584534,0.1061484656273267
2025-02-25,0.1800002575968977,0.150208484484,0.12726123028334588,0.12802006177916886,0.12306241212587328,0.1264273531434738,0.11769654076977691,0.09480611979961395,0.10200649499893188,0.11704003041431207
2025-02-26,0.19662157036212075,0.112215740552,0.11665166078151977,0.1171329394280184,0.11423954106285472,0.11861266169989984,0.11991126381132887,0.09742423892021179,0.10399866104125977,0.11256728096358473
2025-02-27,0.20417570434803062,0.173229566335,0.15002583485285365,0.15078077313279126,0.14288669257323902,0.14342258157497614,0.13063757639400903,0.10305184125900269,0.10646423697471619,0.13246707668022686
2025-02-28,0.21532749633209597,0.195130983348,0.16827734487727286,0.16747171162713065,0.1518003487105299,0.14246157332006168,0.12563910382175422,0.1097688376903534,0.10773968696594238,0.13902265814472073
2025-03-03,0.21746190161312395,0.193571665412,0.17409650009825756,0.17458289672124655,0.16206142728974926,0.15723794743415717,0.14523083337176096,0.11605373024940491,0.11416301131248474,0.1490609066395802
2025-03-04,0.23049113900785342,0.209412316452,0.1857623183684458,0.18681745272773986,0.17215329228410015,0.16573160443515578,0.14799333058763647,0.12246210873126984,0.11988140642642975,0.1572573590801111
2025-03-05,0.22411067796210515,0.209504459168,0.1943199198298836,0.1942222806074626,0.17506677986873975,0.16356948588871068,0.1692425263765216,0.12885890901088715,0.1257375031709671,0.16443105782188178
2025-03-06,0.2186033157345826,0.212477914675,0.19897648782375565,0.20002567406906302,0.18512467378930866,0.17702234730508795,0.18844376381397032,0.1345001608133316,0.12760616838932037,0.17309989657197677
2025-03-07,0.1967095547237242,0.247925720359,0.21797690367122363,0.2183900788309845,0.19428088577970712,0.17912040170166899,0.146928762114033,0.14150750637054443,0.1281145215034485,0.17518843713880144
2025-03-10,0.18256129250061026,0.205155379001,0.20122217106893273,0.20224727844916737,0.19080219656410025,0.18527397164784679,0.28305283470792897,0.14553676545619965,0.13086475431919098,0.19128571031619526
2025-03-11,0.1487575862829104,0.270251643513,0.2330808574044822,0.23394264882035928,0.21426622005998375,0.2026776033472683,0.31301013478562756,0.15278267860412598,0.13632838428020477,0.21229836104315028
2025-03-12,0.14323425331745562,0.171432997082,0.18906855270093154,0.1899616525778604,0.17454312548649953,0.16782109892445235,0.18844376381397032,0.15373508632183075,0.15446725487709045,0.17400579067180505
2025-03-13,0.13384549881559504,0.181537689178,0.1902533249380738,0.1911758889687773,0.17720993205108876,0.17289046078250742,0.20107630650577116,0.15485920011997223,0.15066775679588318,0.17687612430886768
2025-03-14,0.13308402156704016,0.126504383967,0.15671106807046373,0.1559059905365608,0.1445189443845053,0.14400111832527485,0.16672848211847693,0.15189969539642334,0.1468888521194458,0.15237916442159297
2025-03-17,0.1261650721307282,0.123525756555,0.1481776840995399,0.14848239605028068,0.1360386857410872,0.13719691059509528,0.13139644176126505,0.14851118624210358,0.14133673906326294,0.14159143479323352
2025-03-18,0.11514087084366668,0.130525555382,0.13853047643784652,0.1392350437826387,0.13190589568049288,0.14082061940166693,0.1384131146105259,0.1445038765668869,0.13378863036632538,0.1381710938351976
2025-03-19,0.1044635200925315,0.146032296846,0.14271271765019283,0.1412776976038632,0.13137651512931522,0.13770338087761658,0.13478489517604297,0.1349763572216034,0.15183745324611664,0.13923843098639296
2025-03-20,0.10270616963071465,0.141240092541,0.13705828781377383,0.1377195539886464,0.12654561420335717,0.13469101483943205,0.1293553117586923,0.1356305629014969,0.13498543202877045,0.13371225393345273
2025-03-21,0.10304121483432234,0.122421629539,0.12878164894285113,0.12804506374663496,0.11878411052155012,0.12739700581235913,0.1269813783530369,0.1313878297805786,0.12309779226779938,0.1263535470606872
2025-03-24,0.1284468467770681,0.0793092408166,0.1069993787120852,0.10692618557596198,0.09910903765061033,0.10920490282202988,0.1073118665239986,0.11667989939451218,0.11156921088695526,0.10825721165230763
2025-03-25,0.1429822072666059,0.0611219614554,0.0933866424664714,0.09353959009876242,0.08818358979555989,0.10068038074739424,0.10479906492790039,0.10574664175510406,0.10530716180801392,0.09880615308560091
2025-03-26,0.154670394425242,0.0979870714915,0.1044865753575695,0.10512640550706945,0.0997661959768257,0.11435763016118672,0.10324207196400915,0.11239301413297653,0.10443702340126038,0.10625841664298534
2025-03-27,0.16204435714332027,0.134641802541,0.11913917355761919,0.11972468073534828,0.11185043737241189,0.12533824658947282,0.12101004395216441,0.12662045657634735,0.10554726421833038,0.1184614718573849
2025-03-28,0.2527291588070354,0.123821358217,0.11475413943932855,0.11530761021090796,0.11385095884208986,0.13353819171540474,0.1323419120333691,0.12950499355793,0.11100678145885468,0.12147208389398355
2025-03-31,0.5142807588160604,0.188932416861,0.15139859956837276,0.1493650229101986,0.1412038172821027,0.15204126497717643,0.14783988933441916,0.14867337048053741,0.12077946960926056,0.14447163345172395
2025-04-01,0.5493306140948826,0.153174703889,0.14473703947930722,0.14469740128853095,0.13492717003534382,0.14365005639943534,0.14641544937919823,0.14956609904766083,0.12703117728233337,0.1415749132731157
2025-04-02,0.6318427418091233,0.164306307742,0.15524365400360346,0.1540911587513949,0.1419842007797041,0.14652865190439418,0.14641544937919823,0.15330810844898224,0.12724095582962036,0.14640173987098537
2025-04-03,0.6723652448464593,0.172643067753,0.16210884785759985,0.16313530595483544,0.1650858979013808,0.177705747982839,0.2754356658054602,0.15737910568714142,0.14432133734226227,0.1778817012187884
2025-04-04,0.655334706316402,0.450998890129,0.3060262323607218,0.30830996041254877,0.3125855618312249,0.30205240236884495,0.3777195184186156,0.24033500254154205,0.22096450626850128,0.29542759774314276
2025-04-07,0.480492317697932,1.01919517955,0.6135948654214355,0.607308219777292,0.5552199613568403,0.4766895160733367,0.42278918520353903,0.4694581925868988,0.3298832178115845,0.49642045117584666
2025-04-08,0.4410307202464073,0.458104369526,0.40730582740332866,0.4095421716682899,0.40521806253109266,0.35211494897151036,0.42278918520353903,0.44379666447639465,0.390897274017334,0.40452344775306986
2025-04-09,0.3169879174387579,0.71714865735,0.5626474173493607,0.5344908970301394,0.4538186715000022,0.3548809579258505,0.3034282304907003,0.542807936668396,0.3804662823677063,0.4475057704760222
2025-04-10,0.21897521610786916,0.542267912886,0.5221998079052523,0.5237454060548488,0.453723389196202,0.3609273270693839,0.42278918520353903,0.5921231508255005,0.3906152844429016,0.46658907867108973
2025-04-11,0.1836807232836781,0.300570745456,0.4084596363246898,0.406212386117067,0.3527970265338424,0.28251284252846937,0.40194354855574993,0.5917150974273682,0.3651881814002991,0.4012612455553551
2025-04-14,0.17580084689185976,0.214021644575,0.3015860329668064,0.30330801298093074,0.2547742368826782,0.2173394407785462,0.21326292481026773,0.6004175543785095,0.2987462282180786,0.31277634728797393
2025-04-15,0.18456779983489188,0.167438817335,0.25659344442986226,0.25795842954653925,0.2189435540947387,0.1951190609021345,0.22065838378520672,0.6108161807060242,0.24234424531459808,0.2860618998255862
2025-04-16,0.1683546424848983,0.210162829121,0.22953051349790238,0.2309104595642017,0.21070667454134798,0.20859183843367146,0.3192767108739901,0.6052214503288269,0.21187280118465424,0.28801577834637065
2025-04-17,0.16253198042428474,0.177196265995,0.18711196169069683,0.18592201429817978,0.17478656108027074,0.19891583767690177,0.2103611927901367,0.6392039060592651,0.2820431888103485,0.2683349517722571
2025-04-21,0.16322520537760263,0.138870757205,0.1580439703655387,0.16136773065872373,0.1658003715432582,0.21072224776336143,0.3416722250680909,0.6257719993591309,0.27325278520584106,0.27666161856627786
2025-04-22,0.1550138415353651,0.177881737836,0.1717133034382354,0.16941848909797264,0.16794479658410827,0.20510067398993492,0.26656556739979437,0.6221137642860413,0.19163548946380615,0.2563560120371276
2025-04-23,0.14759251959380895,0.209361965004,0.1883984301308298,0.1917814077231793,0.17438739503288642,0.20108787944164294,0.21323577488128015,0.5367933511734009,0.17244750261306763,0.23973310585661248
2025-04-24,0.1528568238423583,0.124733633378,0.1457784745899571,0.14075445997609065,0.13438703817400657,0.16525932589110476,0.18536686432129768,0.16542421281337738,0.15199723839759827,0.15556680202334747
2025-04-25,0.14663654000990886,0.147530714615,0.1531049495166918,0.15301194629946338,0.1360204840032322,0.15941376101343324,0.18239578298957823,0.17012403905391693,0.14593467116355896,0.15714366200569638
2025-04-28,0.13699147155919275,0.142878277762,0.1514632547555259,0.15257304570776278,0.1351580575268301,0.15867528374068535,0.1888066505897696,0.16957814991474152,0.1500709354877472,0.15804648253186607
2025-04-29,0.14017113634829903,0.136293909037,0.14537458225177827,0.1433205064483079,0.12854916770656807,0.14993899674277097,0.17044405140907481,0.1673852801322937,0.15082746744155884,0.15083429316176464
2025-04-30,0.14687019963517936,0.180565047151,0.16186012290866697,0.15746418992945355,0.14433695540398994,0.16598418274775412,0.19364522233098003,0.17722506821155548,0.15959617495536804,0.16573027378396685
2025-05-01,0.14373746808164944,0.153188651902,0.15251039970153482,0.1550106783242131,0.13399865421620138,0.15543752625459578,0.18962259945080318,0.1741083860397339,0.16133397817611694,0.160288888880457
2025-05-02,0.1418906912824305,0.111582449826,0.13202086973440177,0.1314486848198368,0.11332834787768524,0.1293312870661904,0.15612844496978132,0.1616646647453308,0.1585364043712616,0.14035124336921256
2025-05-05,0.14509187991335448,0.0820740173607,0.11467428618166256,0.11360007020444884,0.10254772509566107,0.12684917918336744,0.15322404254747748,0.14953376352787018,0.14756444096565247,0.12971335824373428
2025-05-06,0.13332090166708144,0.151599639072,0.14533845914927493,0.1453544226027857,0.13036537905911078,0.15253987741010308,0.1649122770008002,0.163383349776268,0.16024860739707947,0.15173462462791745
2025-05-07,0.10495678830205733,0.205470865651,0.17007517882244066,0.17053240181008816,0.1493533949615194,0.16181334392745622,0.17258872284762095,0.18183767795562744,0.1742018461227417,0.1686289380639278
2025-05-08,0.09415967582090032,0.137531029297,0.13982573392397543,0.13943302912437175,0.1268872239369449,0.13819082741827654,0.17406848551430457,0.16864383220672607,0.15702012181282043,0.14915275056248853
2025-05-09,0.0884904995032868,0.0990615254256,0.12244321547174772,0.12464625250425909,0.1140482457372857,0.12712736069109853,0.1676001382909115,0.1521984189748764,0.14043864607810974,0.13550032539261267
2025-05-12,0.08215578635351109,0.106440457753,0.12734754189593242,0.126151768177231,0.11209048930422016,0.10839718735430079,0.140106476378825,0.14671514928340912,0.12216402590274811,0.12613894832809522
2025-05-13,0.08353802593903066,0.0812188191824,0.11096112026662625,0.10927961210838688,0.10160369906819519,0.10324060770081765,0.13270833092183792,0.13178794085979462,0.1168665885925293,0.11520684278831254
2025-05-14,0.10300504112028537,0.0917910648053,0.1063678259477128,0.10743073163401667,0.10109300901860241,0.10658398777989135,0.11827090507945953,0.12596233189105988,0.109255850315094,0.11070923452369096
2025-05-15,0.1064696530170204,0.0903624353352,0.10198883858927246,0.10016197331944932,0.09755244511818109,0.10080577455902755,0.11417130992361928,0.12159618735313416,0.11178451776504517,0.10686586380396128
2025-05-16,0.11335506103078627,0.0680867503841,0.09006878917243868,0.087658788521752,0.08825868114520974,0.09170272406440243,0.10966330862407983,0.11066210269927979,0.10768675804138184,0.0979573074669349
2025-05-19,0.1112294238421478,0.0769713887868,0.09309176978353456,0.08944411616781754,0.09317461647505737,0.09747354467725845,0.09958685156596359,0.12458182126283646,0.12543439865112305,0.10325530265479872
2025-05-20,0.11143267722910727,0.0879865860317,0.09846796591213729,0.09922844794547933,0.09747187758422383,0.09957307210883323,0.10230077922695743,0.12115239351987839,0.12638023495674133,0.10636782446489298
2025-05-21,0.10325840632260136,0.163042274181,0.13778094458724488,0.14074987655671295,0.1324710477251138,0.13449292190288975,0.12251385979954132,0.125270813703537,0.14056017994880676,0.1334056634605495
2025-05-22,0.10692074959007611,0.108600701225,0.11340346861995693,0.1140906737772532,0.11280149151843874,0.1180151860406375,0.11381712315146333,0.125038743019104,0.1424557864665985,0.11994606751335032
2025-05-23,0.10440427680625425,0.110470447707,0.11665889532054446,0.11631895371607469,0.11890739370556859,0.12700018407120844,0.14263270733365752,0.12578070163726807,0.14864006638526917,0.127991271738513
2025-05-27,0.10431327633318435,0.0594783071934,0.09173207266232429,0.08729018978641595,0.09261766984539173,0.09346226761562046,0.09850280240016852,0.12229109555482864,0.13687565922737122,0.10325310815601726
2025-05-28,0.10017014461911572,0.0892632256446,0.10557402426331655,0.10737447004625024,0.1047632449344415,0.10434471075809622,0.10377586757052704,0.12178461998701096,0.13449028134346008,0.11172960270044323
2025-05-29,0.10191597183480712,0.133446872497,0.12434228999007155,0.12689772165334498,0.11929667085724557,0.11451134798396156,0.1124409018584848,0.12398224323987961,0.1338353455066681,0.12218664586995087
2025-05-30,0.09344830032695212,0.125071393171,0.12141822141095582,0.12182418750673518,0.11718616542783526,0.11304881233166678,0.1124409018584848,0.1253197342157364,0.13466554880142212,0.12084336736469091
2025-06-02,0.08542557747994674,0.0976972437133,0.10774426647200576,0.10679780127578373,0.10616911187317005,0.10286950867618483,0.10377586757052704,0.12405440956354141,0.12196656316518784,0.11048250408520009
2025-06-03,0.08639238154555796,0.0586745434256,0.08934861639806373,0.08740278960813855,0.09097296706701621,0.08844750058325093,0.0968562617828237,0.12007615715265274,0.11140722781419754,0.09778736005802048
2025-06-04,0.09396431504173818,0.0610893994137,0.08867503494781781,0.08949174550934326,0.09110990918560691,0.08904327264014725,0.09573812180615825,0.11660618335008621,0.1075829342007637,0.09689245737713191
2025-06-05,0.07740914571952894,0.13990033949,0.125875710752081,0.1284950865856273,0.1209284898153665,0.11412239918801781,0.11074299589954974,0.1195724681019783,0.11575473099946976,0.11935598304887006
2025-06-06,0.08197662004153565,0.085857154533,0.09821204222339111,0.0993946464989013,0.09742442890089657,0.0916009373420133,0.09708074480022916,0.11731583625078201,0.11131425946950912,0.10176327078367466
2025-06-09,0.08377125167988074,0.0486772400419,0.07764139458492707,0.07738866320765408,0.08354984008152044,0.0851509918132081,0.09231720137784892,0.11189240962266922,0.10404834896326065,0.09028412137872692
2025-06-10,0.08630103692152302,0.0653702803487,0.08568878021660423,0.08540732148982576,0.0893775113708889,0.08747873734200187,0.089820605973588,0.10907598584890366,0.1043691411614418,0.09303115477189346
2025-06-11,0.08795783041595921,0.102762635629,0.10563292623280633,0.10743958981783702,0.10511964263464982,0.10008650081416624,0.1031825337241888,0.11019093543291092,0.10330917686223984,0.1049944722169713
2025-06-12,0.09512822112140772,0.0733929266906,0.08786782105813763,0.08499568134479207,0.09269316754646899,0.09408432701223077,0.09810132720902125,0.10774529725313187,0.11128125339746475,0.09668126783160676
2025-06-13,0.09660450771861777,0.104935232151,0.10375623761061356,0.10373729703546847,0.10918241054320807,0.11538426543250412,0.10954124129081382,0.10860712081193924,0.12741026282310486,0.11108840507823602
2025-06-16,0.09533659882442545,0.0621027823129,0.08456660102419035,0.08356793273282961,0.09072020314230937,0.09498350455258148,0.09475007622352109,0.10655271261930466,0.12302955240011215,0.09688151181354983
2025-06-17,0.09124654407584673,0.0801530123043,0.09384922609221522,0.09443999558771252,0.1022046619963838,0.11377148222524272,0.11293532065716101,0.10664387792348862,0.12864074110984802,0.10749790079886457
2025-06-18,0.07990039890122622,0.109561462523,0.10789312230059325,0.10930332300471708,0.11143436968936349,0.11683459065653186,0.11081258618524961,0.11372485756874084,0.13391989469528198,0.1148461063000683
2025-06-20,0.07130736292142707,0.109318407871,0.11002785887224711,0.1122667554734975,0.11304262849062499,0.11699889394655322,0.11021515537546503,0.11451798677444458,0.12460009008646011,0.11452419557418465
2025-06-23,0.05876457485754111,0.111474953401,0.11146984697537496,0.10766128329294863,0.1118011118576065,0.11167869524748267,0.10963346442844345,0.11528736352920532,0.10883504897356033,0.11090954490066027
2025-06-24,0.06424668498275589,0.0513803113094,0.08271210756676461,0.08212421262376676,0.08700316377717522,0.08803584483092683,0.09178754825345661,0.11422362923622131,0.09157188981771469,0.09106548515800372
2025-06-25,0.0628956766391703,0.0510766975569,0.0806959902975612,0.08079551894180231,0.08545778844846058,0.0849688859785535,0.08455108137237971,0.11317324638366699,0.08883152157068253,0.08835343328472955
2025-06-26,0.06146237846652906,0.047900143676,0.0753506705589013,0.0747207781034291,0.08223583835620338,0.08539545996603874,0.08425381942500221,0.1117306649684906,0.09043223410844803,0.08630278078378763
2025-06-27,0.06223077632090392,0.0738501564696,0.08526418110993801,0.08480017417106318,0.09029443245973125,0.09227430104352835,0.08781203905041952,0.11106865108013153,0.09349826723337173,0.09214457802116909
2025-06-30,0.06347203354325474,0.0653401981371,0.07845782128018904,0.07852747826112841,0.08657887755060711,0.09419281355888598,0.09185179364770357,0.10997608304023743,0.09635885804891586,0.09084910362680963
2025-07-01,0.058805222094519945,0.0775354290354,0.0856148537255087,0.08543974872508758,0.09216989443602239,0.09770132744170382,0.09541001327312089,0.1096019446849823,0.09501511603593826,0.09442184261748054
2025-07-02,0.05880187481813104,0.0418327273371,0.06832427974747843,0.06629593076827543,0.07888006994384245,0.08677238291536365,0.09185179364770357,0.10828515887260437,0.09067890793085098,0.08444121768944556
2025-07-03,0.062416261655506865,0.0374594834255,0.06554950315246616,0.06370329203665887,0.07669650911033694,0.08395527835805178,0.08461532676662667,0.10707296431064606,0.09108186513185501,0.08181067698094878
2025-07-07,0.05873368835557712,0.0770004765197,0.08413487359501345,0.08547436884083892,0.09365890118506368,0.1031748271151457,0.09808592117378684,0.10713906586170197,0.09491712599992752,0.09522644053878258
2025-07-08,0.05862937607659744,0.0710597572164,0.08174279250679656,0.08149297659255997,0.09010550962148275,0.09651993354767281,0.09270807802639411,0.10707780718803406,0.09393715113401413,0.0919406069452792
2025-07-09,0.07839736606288744,0.056200696375,0.07339302602789621,0.07367075081639746,0.08268462439139847,0.08764563894928104,0.08425381942500221,0.10646410286426544,0.08813417702913284,0.08517801992905338
2025-07-10,0.07934543817909746,0.0418091946725,0.06663024243470297,0.06577478529436258,0.07721512654440937,0.08260885013257882,0.08425381942500221,0.10564427077770233,0.08551696687936783,0.08109200878401801
2025-07-11,0.07734832283337154,0.0599488038506,0.07644418518616755,0.07605096841454015,0.08531453816404061,0.08985006514367422,0.08461532676662667,0.10565778613090515,0.09127213805913925,0.0870292868378705
2025-07-14,0.07473684460269042,0.0608141063263,0.0758512299783589,0.07536547588181682,0.086524405964963,0.09645173451431105,0.09452770154836952,0.1055266261100769,0.09502487629652023,0.08989600718491664
2025-07-15,0.0745222752276304,0.0706277357139,0.08032433103169903,0.08181605380312323,0.09092619042139574,0.10061021469165185,0.09538398592706006,0.10560359060764313,0.088739313185215,0.09191481138111257
2025-07-16,0.0535578470571943,0.129237125492,0.11209081971046633,0.11448102885445877,0.11373436744486175,0.11384863708475246,0.10941447897017921,0.10757145285606384,0.09655819088220596,0.10967128225756975
2025-07-17,0.05329574014589211,0.0499576473659,0.07567632308581865,0.0743921018690138,0.08438455411849312,0.0896120141681348,0.08461532676662667,0.10713091492652893,0.09401386231184006,0.087117871035208
2025-07-18,0.051174315008839115,0.0450464372578,0.07245699858790006,0.07273891459704473,0.08191684489795491,0.08711829344627094,0.08461532676662667,0.10665509104728699,0.09096931666135788,0.08521011228634888
2025-07-21,0.05082307153759371,0.0413826051432,0.06929353909348152,0.06911908645928092,0.07985641660320437,0.08604362459154916,0.0785168277163949,0.07994218170642853,0.08956531435251236,0.0789052843604074
2025-07-22,0.0471408706462425,0.0694848535419,0.08218442918994978,0.08290477904467328,0.08995284776928981,0.09386301794302028,0.08431758647578053,0.08042684197425842,0.08882332593202591,0.08606754690414256
2025-07-23,0.05731706491731906,0.0572416106243,0.07200492185274764,0.07079289993323488,0.08159938011430642,0.08572782974820423,0.08125834689331748,0.07851366698741913,0.08114754408597946,0.0787206556593156
2025-07-24,0.07200979522137632,0.0485358755131,0.06776672414814375,0.06759934374852948,0.07840539487447595,0.08243631817962171,0.0799629457919386,0.07632680237293243,0.07737470418214798,0.0756960333282557
2025-07-25,0.08753112160362338,0.0303488797858,0.05839428416087047,0.05760407731617884,0.07059678792834215,0.07381226497280736,0.08008398898786451,0.07304280996322632,0.07412949949502945,0.06966624468918844
2025-07-28,0.0897090888538342,0.0391585294399,0.06232233901017731,0.06269050483720655,0.07378839301298788,0.07613325446621513,0.07655182240387094,0.0712471604347229,0.07525389641523361,0.0711410529400592
2025-07-29,0.09286412522965669,0.0549957297942,0.06879311866525022,0.06931637639498507,0.07989607492797215,0.08451344403222139,0.08099554883360105,0.0708867758512497,0.08211689442396164,0.07664546187560588
2025-07-30,0.09092819035760473,0.0926904699208,0.08847919765531244,0.09007674724156069,0.09482619600132856,0.09483518705423158,0.08662620382626379,0.07403074204921722,0.09661360830068588,0.08935541173265715
2025-07-31,0.08930068107740545,0.108887807386,0.0997643454881935,0.10201791899765426,0.10372335642926526,0.10377023752468671,0.09744140304159246,0.07896123826503754,0.09676975756883621,0.09749260818789514
2025-08-01,0.07788509623672092,0.115336411038,0.10802598209289377,0.10935545692947565,0.11447103189071016,0.12340323759581438,0.11995643612755826,0.08476094901561737,0.11536259204149246,0.11076224081336601
2025-08-04,0.07936188894103365,0.058851570046,0.08306581874447196,0.08160316053263794,0.08970214467733832,0.09476188207777839,0.07199697237995957,0.08520650863647461,0.08956830948591232,0.08512925664779616
2025-08-05,0.07745299521934372,0.0768417591809,0.09281772202637568,0.09431569322416519,0.0981135131174671,0.10279305948359481,0.09712620340128998,0.08725462853908539,0.09310359507799149,0.09507491640999567
2025-08-06,0.07301641586258147,0.0825377092565,0.09484785631813629,0.09448508018907395,0.09765288286195503,0.09614134303959612,0.0908592335166871,0.08895404636859894,0.09417147189378738,0.0938731305982621
2025-08-07,0.06345802902850986,0.101931024684,0.10347191572546688,0.10464748553317756,0.10461256164965901,0.10182906156046698,0.09393481940045376,0.0915604829788208,0.10018665343523026,0.10003471146903932
2025-08-08,0.06475343776871341,0.0613177836003,0.08133877035953022,0.07952426377050566,0.08586034564904631,0.08209693912567684,0.08079243124172557,0.08941124379634857,0.09209566563367844,0.08444566565378737
2025-08-11,0.061872148545869005,0.0680045094043,0.08504753535030223,0.08544222098084066,0.08965265915491712,0.08859272793444645,0.07995632956667215,0.08845146000385284,0.09567258507013321,0.0875450740087378
2025-08-12,0.06426713866179573,0.0663923279816,0.08367179290659157,0.08445562907055627,0.08675593070120109,0.0808248200274168,0.07697325017242272,0.0873357504606247,0.08320315927267075,0.08331719037306914
2025-08-13,0.07564692655520276,0.0589459585906,0.07877074414916267,0.07923691569283899,0.08268478987210931,0.07665978478212833,0.07988750510279825,0.08541698753833771,0.07909930497407913,0.08025086173020776
2025-08-14,0.08297252947474122,0.0621896784602,0.07782703654172882,0.07738689910392524,0.08268244864521458,0.0776276919805978,0.07967014272789759,0.08348998427391052,0.08349417895078659,0.08031119746058016
2025-08-15,0.0983168717117525,0.0677517664645,0.08068947259371735,0.08185761043859074,0.0855677372497707,0.08017395744395939,0.07767737988731223,0.08245867490768433,0.08652370423078537,0.08213550525026002
2025-08-18,0.09719981895143656,0.0529186981452,0.07289205973894267,0.07311043891089702,0.07977634265427103,0.07683399741779398,0.0756106921246065,0.08048123121261597,0.08748175948858261,0.0780266459353871
2025-08-19,0.09430355433840004,0.0769314821467,0.08450904957541887,0.08454848682673169,0.08913383288544463,0.08502174521578186,0.08217967327238149,0.0857783854007721,0.08988495916128159,0.08586516176254459
2025-08-20,0.08355085959212877,0.106937308558,0.10146592053449249,0.10314097678490028,0.10260581139376863,0.09868080948469948,0.0928816277466196,0.08924129605293274,0.0951954647898674,0.09760170096961152
2025-08-21,0.07512302516660319,0.0983741422221,0.09977225826378114,0.10020930546576964,0.1022378101296897,0.10266581892179966,0.08949350423724622,0.09186314046382904,0.09964830428361893,0.09798430596653349
2025-08-22,0.05555301781893488,0.136011525018,0.12152914172461174,0.10663143406851998,0.11382733973499057,0.09708123484478987,0.09463440290336554,0.09792128205299377,0.09188415855169296,0.10335842769728062
2025-08-25,0.06430684711225056,0.0413325092199,0.07696862466930593,0.0776408217611129,0.07982757066762383,0.07369031039929898,0.07859803574313359,0.0954674780368805,0.08351603895425797,0.08081555431880195
2025-08-26,0.06732161481296633,0.0560823566603,0.08256973653609916,0.08173878355333031,0.08399834636752658,0.07616515895610157,0.07903675120259139,0.09443822503089905,0.08684182912111282,0.08354126153823728
2025-08-27,0.0689870141740296,0.0432841408622,0.07275307026097941,0.07223266691945099,0.07738684743234531,0.0744457863551214,0.07761800834706627,0.09165172278881073,0.08685360103845596,0.07899167187746145
2025-08-28,0.08022155181412138,0.054690819302,0.07535823695866212,0.07556481890646201,0.07924040216737022,0.07382668229935413,0.07728257891210784,0.0896349847316742,0.08299078792333603,0.07912835598556664
2025-08-29,0.07679577087065616,0.0755809455541,0.0812966442646567,0.08219284560732348,0.08591652476816716,0.08398756363159915,0.08217967327238149,0.08852680027484894,0.08745377510786057,0.08450768956097679
