date,target,persistence,har,shar,har_rv_iv,har_x_lasso,hgb,lstm,lstm_x,combination
2022-10-13,0.29943232053816765,0.301046489396,0.24489795864493824,0.2114690316862819,0.23874907833857228,0.26797220315642123,0.2384190737778923,0.2293853461742401,0.26647114753723145,0.2424805484736539
2022-10-14,0.16946683209678523,0.299432320538,0.2562968598108748,0.27084451953890076,0.24589498711003355,0.2566700802436729,0.2384190737778923,0.2592625021934509,0.23674297332763672,0.2520187137146374
2022-10-17,0.21235822451122538,0.169466832096,0.18943045524587393,0.1849270451518788,0.1903125210222406,0.21649627867796983,0.19131932173143018,0.21720770001411438,0.207248717546463,0.19956314848428153
2022-10-18,0.17634302344767713,0.212358224511,0.21234678289279207,0.22145371419422732,0.2070462193162191,0.2224189874469157,0.19506372947931216,0.20968526601791382,0.19828692078590393,0.20947166001904058
2022-10-19,0.19932534850533187,0.176343023448,0.19499082361360062,0.20092177489820606,0.19369864750739565,0.21984106725016891,0.19651835762902617,0.19568610191345215,0.19811135530471802,0.19996687544522396
2022-10-20,0.21365201351602564,0.199325348505,0.19713119950055008,0.1997444585244827,0.19478807249805194,0.2180213921800735,0.19557046460010785,0.1968916654586792,0.20091599225997925,0.2004376064317035
2022-10-21,0.22144854232728647,0.213652013516,0.19685889273944235,0.18887270324948835,0.19524054197933502,0.21557709659274712,0.19557046460010785,0.20200717449188232,0.20513653755187988,0.199894773029269
2022-10-24,0.13205187352658349,0.221448542328,0.20526915370189946,0.20658816863975416,0.20194447130815274,0.21769948665427166,0.19651835762902617,0.21010243892669678,0.20619627833366394,0.2063311935990664
2022-10-25,0.16887097482514868,0.132051873527,0.15437405342932548,0.14733595494387894,0.15769379888882012,0.1872812535396118,0.16316704837234933,0.1761026680469513,0.19943702220916748,0.16934168563287205
2022-10-26,0.18767355039394337,0.168870974825,0.17185600982385751,0.17246564079197446,0.17015012444648026,0.18906748875484808,0.1898032212055481,0.17205387353897095,0.19261977076530457,0.17971658990385483
2022-10-27,0.10946467676845714,0.187673550394,0.1801173209334354,0.18713882260356862,0.17607422145720927,0.19386648403620602,0.1898032212055481,0.17904651165008545,0.19460877776145935,0.18580790852107315
2022-10-28,0.15018875362858966,0.109464676769,0.13263308022366396,0.12074668615039937,0.13610814253562417,0.1604808499085783,0.16316704837234933,0.15053796768188477,0.17908617854118347,0.1489657076305262
2022-10-31,0.1583213493529625,0.150188753629,0.14636189605834826,0.15045933684389534,0.14782020901703571,0.16500785664404966,0.17982001036581036,0.14950132369995117,0.16756823658943176,0.15807698131693176
2022-11-01,0.30805969502233166,0.158321349353,0.1527488754510735,0.16221577221965838,0.15276251474278002,0.16825484702273621,0.18120375347310197,0.15496733784675598,0.16527849435806274,0.16249022787345266
2022-11-02,0.18341236447267126,0.308059695022,0.23830527641554217,0.24525406965675828,0.22094512053787815,0.20912612674892644,0.2651224616146459,0.219682514667511,0.18273398280143738,0.22588136463467134
2022-11-03,0.2702769425998748,0.183412364473,0.1767305685786587,0.17324086430060429,0.1695684460909426,0.1773481645523436,0.1698971030057986,0.20336505770683289,0.18961364030838013,0.17996626350622297
2022-11-04,0.12655417781392284,0.2702769426,0.23346651342510802,0.2341511103203509,0.21212984078162084,0.193268963422779,0.1773029062540543,0.22771617770195007,0.1944105625152588,0.2103494392030174
2022-11-07,0.17861465622080402,0.126554177814,0.16099661128423048,0.16263064960784374,0.1533723402027638,0.1583199389177586,0.15410558598101307,0.18235111236572266,0.18082374334335327,0.16465714024324082
2022-11-08,0.16682929047955578,0.178614656221,0.1883010425029503,0.19124897282220393,0.17728190237890387,0.17673597220330578,0.1637906196282953,0.17909884452819824,0.18266922235488892,0.17987522520267804
2022-11-09,0.1786312641726078,0.166829290479,0.17004176826279183,0.1737078120561954,0.16533986600658498,0.1758276866211389,0.1684424748560846,0.1724030077457428,0.18046313524246216,0.17231796439871436
2022-11-10,0.14920567768271153,0.178631264173,0.17542521449465337,0.16402895265843148,0.16394332694147615,0.16771312692478932,0.15801852857259766,0.17592906951904297,0.18469452857971191,0.169964678241529
2022-11-11,0.13690731733850314,0.149205677683,0.150601632024645,0.14885822449651331,0.14152973894500506,0.13664949635047033,0.13344626706003804,0.17418871819972992,0.13371875882148743,0.14557040512826985
2022-11-14,0.21824994476857032,0.136907317339,0.1458562517107165,0.14898084511917536,0.14029873001396356,0.14235864314713845,0.14422106909606786,0.16919206082820892,0.1326063573360443,0.14621627960733072
2022-11-15,0.1112136204586075,0.218249944769,0.18875120026820907,0.18942308025509358,0.17484875196344984,0.16215036799881097,0.15516797126201826,0.1711834818124771,0.15003690123558044,0.17022310782794844
2022-11-16,0.13137913210882768,0.111213620459,0.13224856779589161,0.13638923375860226,0.13025648178183188,0.1414486718032419,0.15665357140541422,0.1634988933801651,0.14458328485488892,0.14358267211143372
2022-11-17,0.14618040545404162,0.131379132109,0.13784300885588308,0.131235143676111,0.13513350407592262,0.1420230524596148,0.15572583913205254,0.15867199003696442,0.14118456840515137,0.14311672952024285
2022-11-18,0.09997696593033617,0.146180405454,0.14475122956191191,0.14734266413001035,0.13965079981452047,0.14302976913356066,0.15635428545096852,0.1553119719028473,0.1390852928161621,0.1465037161157116
2022-11-21,0.07816163914478765,0.0999769659304,0.11931272166817043,0.11914531044811177,0.11894815140073824,0.12297795733926646,0.1225303753451496,0.14941424131393433,0.12768679857254028,0.1257165080125587
2022-11-22,0.12065500773458017,0.0781616391448,0.09640792772197315,0.09265626194594606,0.09980601009499879,0.10612606840715931,0.11350724809536236,0.14069730043411255,0.11261222511529922,0.10883043454497877
2022-11-23,0.04390594982287663,0.120655007735,0.11789270832079127,0.11410547771680152,0.11534333256699511,0.11030913202355011,0.12052432511264465,0.13682955503463745,0.10842933505773544,0.11763340940473652
2022-11-25,0.0884040092141776,0.0439059498229,0.07316925775720144,0.07273098515601571,0.08027210218748268,0.08706798249970969,0.10463572850965566,0.12719741463661194,0.09907498210668564,0.09202120755048039
2022-11-28,0.12065796448556058,0.0884040092142,0.089544597585141,0.09250940612729644,0.09867380466450615,0.10661842273276337,0.10734181848151841,0.1219305545091629,0.10318649560213089,0.10282929995750274
2022-11-29,0.19103476859639973,0.120657964486,0.1070530738837844,0.10879104483070101,0.11264561374075513,0.12109957862383278,0.1169328515381393,0.12021180987358093,0.11531943827867508,0.11457905868135265
2022-11-30,0.1444296077580549,0.191034768596,0.15099931286928034,0.13050730021154205,0.14352316978571697,0.13230018515505823,0.13511194809583382,0.12529370188713074,0.1265200972557068,0.13489367360860985
2022-12-01,0.12148379245411957,0.144429607758,0.13068277782967014,0.13437916795976987,0.12629928758269376,0.12108674335437687,0.13159160424875,0.12713104486465454,0.11714676767587662,0.12690248478797025
2022-12-02,0.10753680838439274,0.121483792454,0.12665568654814247,0.12366463625083257,0.12091226231651708,0.10312634907716003,0.11535537748150165,0.1282883882522583,0.0990653857588768,0.11672401224075557
2022-12-05,0.13070690800155133,0.107536808384,0.12196090290414034,0.12714196247454707,0.12103313234657913,0.12466368809884407,0.1242718761458578,0.12803027033805847,0.10883309692144394,0.12227641846135297
2022-12-06,0.14728430165967044,0.130706908002,0.1341130407454902,0.13927553405410112,0.13451263938360497,0.13104796293052223,0.14310954518343527,0.12951888144016266,0.12215996533632278,0.13339108129623417
2022-12-07,0.1272848825321719,0.14728430166,0.13835725506131,0.14009765484951736,0.1401917774997942,0.14475878273443907,0.17000196174120116,0.13083255290985107,0.13405972719192505,0.1426142445697197
2022-12-08,0.11450940074886429,0.127284882532,0.1271748488865809,0.12625262842042267,0.1297460563948838,0.13187925077169182,0.1391665957977947,0.13007812201976776,0.12982547283172607,0.13058899644612396
2022-12-09,0.10155950738608376,0.114509400749,0.12048815734781103,0.12209150926064596,0.12569762269256685,0.1354806511560721,0.14659909090160028,0.12865349650382996,0.12837648391723633,0.1296267159685375
2022-12-12,0.26132440519206773,0.101559507386,0.11380884738863037,0.1092118920500719,0.12404058161226608,0.14686566320077638,0.15208940988480948,0.12623918056488037,0.13385459780693054,0.12944431035833787
2022-12-13,0.30312439276211345,0.261324405192,0.20211605130522106,0.21008715572628983,0.18814368157309486,0.18452849326710757,0.15387519089580515,0.1694054752588272,0.15932457149028778,0.18106865993094765
2022-12-14,0.1598574579039339,0.303124392762,0.23599559825476885,0.246391022045423,0.210826022974468,0.1778785048259584,0.23687086300330842,0.2174486666917801,0.14783139526844025,0.21046315329487816
2022-12-15,0.16240457987498996,0.159857457904,0.17011597914499985,0.17671805225909354,0.15947952615110428,0.14643534637919298,0.13661846141698625,0.19150544703006744,0.14548538625240326,0.16090831409054965
2022-12-16,0.12664774005129661,0.162404579875,0.1757428024950369,0.17935193674910294,0.16441542356376274,0.15196717142431854,0.13454135303839188,0.17753416299819946,0.13958640396595,0.16044846489068035
2022-12-19,0.13389253851385147,0.126647740051,0.16081432898630657,0.1653298629844428,0.15256956234119345,0.14294838377800875,0.11894191512416107,0.15910033881664276,0.13189725577831268,0.14737166397272403
2022-12-20,0.11704594023823808,0.133892538514,0.15280035791672592,0.1536439741562977,0.14593904767324933,0.1347619128337008,0.12274827070088473,0.14933569729328156,0.12573884427547455,0.14070972926423067
2022-12-21,0.14650128714028557,0.117045940238,0.12798211111846527,0.12377016062583529,0.1250329859869491,0.11701803316101725,0.11777151492422902,0.13420839607715607,0.11728572845458984,0.12329556147832026
2022-12-22,0.1620687452752936,0.14650128714,0.1408474179021355,0.1416552591365285,0.13917800554587395,0.13520119449674667,0.13410237029801578,0.13748839497566223,0.12881170213222504,0.13675490635531254
2022-12-23,0.1096349204106812,0.162068745275,0.1481614684371229,0.14371474476977558,0.1430177751181246,0.13122122370189584,0.13952967626998772,0.1455257534980774,0.13102780282497406,0.14031406351713688
2022-12-27,0.13443098326614739,0.109634920411,0.12147188913994664,0.12114397643728028,0.12394870306024022,0.12649098976135087,0.128676767742548,0.1312256008386612,0.12905709445476532,0.12600214591925607
2022-12-28,0.08682542905174728,0.134430983266,0.13328509029089897,0.13883418802706013,0.13469761165009186,0.13910789404232266,0.14675037741550256,0.13216979801654816,0.13479618728160858,0.13709159238914756
2022-12-29,0.14796295151455177,0.0868254290518,0.10770824256610803,0.1032801510448341,0.11223709147198457,0.12014653587724111,0.11473115080490873,0.11608944833278656,0.1279851347208023,0.1145968221169522
2022-12-30,0.19236241608853846,0.147962951515,0.13714927528392312,0.13788856741102706,0.13597062746359578,0.13171605394994002,0.13258417772028552,0.12869630753993988,0.13059356808662415,0.13351408249361935
2023-01-03,0.19269182653109082,0.192362416088,0.1611939011317218,0.16487749508953875,0.15717676818325169,0.15601992381405547,0.1697293957704649,0.15138183534145355,0.14327780902385712,0.15766530405062046
2023-01-04,0.1473139041683262,0.192691826531,0.16876535021261918,0.17076968015989272,0.1604376678901842,0.1593516109577496,0.1586528493045212,0.16537000238895416,0.15548093616962433,0.16268972815479218
2023-01-05,0.17576051168368848,0.147313904168,0.14810154492830574,0.14634729494799986,0.1446744246778859,0.1551414633933629,0.16220013289442686,0.15633216500282288,0.15303100645542145,0.1522611474714608
2023-01-06,0.1175546095478931,0.175760511684,0.16967085655795391,0.16977244436282013,0.15754221887918468,0.1478265953740238,0.15542868452406453,0.16337674856185913,0.14045141637325287,0.15772413780473699
2023-01-09,0.13498084734771226,0.117554609548,0.13900582966079134,0.14209829301736682,0.1351174287687018,0.1429510059438162,0.14169415806406122,0.14602066576480865,0.1402476578950882,0.14101929130209062
2023-01-10,0.09182431158857876,0.134980847348,0.1422178689028384,0.14201715655326524,0.13593013568548024,0.13572713813809031,0.13802573045673425,0.1412442922592163,0.1306150108575821,0.13796819040760097
2023-01-11,0.18879474736122295,0.0918243115886,0.11246023418559385,0.11250357939601457,0.11368910812330721,0.12388944809895795,0.12738829186194403,0.12191805243492126,0.12305869162082672,0.11927248653165223
2023-01-12,0.09347695346603033,0.188794747361,0.16263955463168528,0.16363544939157848,0.14859992588074156,0.14015695573456197,0.1421813942276254,0.14703242480754852,0.12548653781414032,0.14710460606969736
2023-01-13,0.09588318374865532,0.093476953466,0.10966712422836364,0.10567979132965977,0.10451338077165809,0.10538186810923944,0.10779407880150321,0.1338149905204773,0.08676500618457794,0.1076594628493542
2023-01-17,0.10866975315670317,0.0958831837486,0.10911871313373411,0.1083348253793681,0.1063664720058139,0.1133125450933205,0.10613162696857173,0.12542256712913513,0.09213598072528839,0.1086889614907474
2023-01-18,0.12131093647530053,0.108669753157,0.11318740506629515,0.11796562258637111,0.11266794289035977,0.12579540947649212,0.12355630159273806,0.12059009820222855,0.10773669183254242,0.11735706737814675
2023-01-19,0.10723925412912941,0.121310936475,0.1219488508015863,0.12285198076830883,0.12031345735202939,0.125475913813621,0.12410400904569496,0.12018079310655594,0.11791256070137024,0.12182679508416668
2023-01-20,0.12450610911452498,0.107239254129,0.10798392930701442,0.10154003686782005,0.1080653517407548,0.12149151316484977,0.12001908806552392,0.11634702235460281,0.11340080201625824,0.11269253478811771
2023-01-23,0.1282368774440036,0.124506109115,0.11905694270017894,0.11641833926298682,0.11666512974473861,0.1266552922430848,0.12688293663259112,0.11733781546354294,0.11112697422504425,0.1191633471817382
2023-01-24,0.12595664829148004,0.128236877444,0.12374458766313357,0.12522081384170103,0.11969270580043363,0.1225559060122346,0.10900961853595045,0.11971492320299149,0.10761882364749908,0.11822248267199198
2023-01-25,0.1526610795425265,0.125956648291,0.12417799230796793,0.12099144504382232,0.1194568608601215,0.1255982172608894,0.10978952177394849,0.12181971222162247,0.10936184227466583,0.11874222739186256
2023-01-26,0.1114013304007506,0.152661079543,0.13980594116993006,0.14253502939639806,0.1309054250095653,0.132392454871811,0.1327053448626466,0.12810564041137695,0.11374194920063019,0.1314559692746226
2023-01-27,0.11509154078766692,0.111401330401,0.12040864892594273,0.1201833586615215,0.11467909745421426,0.12231753880435915,0.11703391778748995,0.12679815292358398,0.10721257328987122,0.1183761839781404
2023-01-30,0.1042605309756439,0.115091540788,0.12133563818919404,0.121925752677463,0.1188817710666713,0.1350711767936625,0.13048867207092266,0.1259719729423523,0.12059618532657623,0.12489588129526315
2023-01-31,0.22637101617925384,0.104260530976,0.11403070020308453,0.10692791046121118,0.11140903888652581,0.12096360632367252,0.12183375279632902,0.12294531613588333,0.11602328717708588,0.11630480171197033
2023-02-01,0.14694561408264623,0.226371016179,0.18150843424417412,0.16468207510021612,0.16237912104010332,0.14035421946340682,0.13159115248962733,0.14138811826705933,0.1321912705898285,0.15058491302777366
2023-02-02,0.16730274912335422,0.146945614083,0.14281103782313787,0.14038373628450257,0.13074465841259933,0.12732858927828927,0.13318934248789363,0.14308011531829834,0.13581688702106476,0.13619348094654082
2023-02-03,0.10150123069642851,0.167302749123,0.15762014161838012,0.15768668646432588,0.14292720415228788,0.13142142356864767,0.13842617333613408,0.14838480949401855,0.11594909429550171,0.141773647561328
2023-02-06,0.20822773055423718,0.101501230696,0.1248950168073626,0.12658142981426418,0.11888648157255259,0.12512331610676097,0.1079699520293923,0.14162465929985046,0.10728220641613007,0.12176615172090188
2023-02-07,0.14258650891514246,0.208227730554,0.18540108269713285,0.18226031533632228,0.16522199012694727,0.14956076550051006,0.13688341861250594,0.15504315495491028,0.12171490490436554,0.15658366173324204
2023-02-08,0.13986466704609565,0.142586508915,0.14641161580475942,0.14910331831173995,0.13680205798807651,0.13523235897083125,0.14765060709466,0.15284621715545654,0.12297019362449646,0.14157376699286
2023-02-09,0.11465415464506815,0.139864667046,0.1444405521668759,0.14968768584814504,0.13762277433388526,0.14046292876561586,0.13630944513274648,0.15041661262512207,0.13141845166683197,0.14147977864846037
2023-02-10,0.08790861627296381,0.114654154645,0.12765052277849925,0.12595745699757738,0.12440695242076294,0.13198154742898896,0.13533361738494784,0.14319798350334167,0.12601645290851593,0.13064921906037627
2023-02-13,0.18953095956835128,0.087908616273,0.11358374407061436,0.10894389915327647,0.11220147055697566,0.12342293389683966,0.12545172625893525,0.13336604833602905,0.11634467542171478,0.11904492824205504
2023-02-14,0.11628649401457421,0.189530959568,0.1603936884866709,0.16361964521890066,0.1474289712352542,0.14746813366246336,0.14536407304863577,0.1466120332479477,0.1306488811969757,0.1487907751566926
2023-02-15,0.11136142543917979,0.116286494015,0.12319254887313735,0.12295435354695937,0.11669516589306382,0.11097760700676468,0.1154003702957139,0.14257316291332245,0.10073523223400116,0.11893263439470896
2023-02-16,0.1241931628884199,0.111361425439,0.11825756356023685,0.11900936345769549,0.11596180098596087,0.12042300350819599,0.13294092860316029,0.1390478014945984,0.11375181376934052,0.12277032505416977
2023-02-17,0.08851735883248438,0.124193162888,0.12519275760616572,0.1256779860218798,0.12101054690214971,0.12067164944884289,0.12428114760869398,0.13771437108516693,0.12306205928325653,0.12537293113659367
2023-02-21,0.1278815839290912,0.0885173588325,0.10834608896685213,0.11225756310046253,0.11374130792654516,0.14083605656109793,0.1387874154926862,0.1337433010339737,0.13840052485466003,0.12658746541946825
2023-02-22,0.11755452918327562,0.127881583929,0.121450413453216,0.1234637252592409,0.1234976651126113,0.14776473723265116,0.13434802293900855,0.13291503489017487,0.1484634429216385,0.13312900597264873
2023-02-23,0.12245451960343971,0.117554529183,0.11666883827961733,0.11830382673326655,0.11717534273281818,0.13817405368353392,0.13424626421790722,0.13165725767612457,0.1386253833770752,0.12783585238576328
2023-02-24,0.0984673993603751,0.122454519603,0.12000629551538401,0.12115215195082837,0.12129555148269751,0.13888848191517922,0.1334314478438305,0.13143202662467957,0.13411398231983185,0.1286171339503473
2023-02-27,0.08269596236666939,0.0984673993604,0.10632701658795363,0.1087149058605691,0.10969972726061936,0.13074911641379994,0.12789174267797995,0.12877394258975983,0.12405730783939362,0.11945910846143935
2023-02-28,0.11937845922504613,0.0826959623667,0.09840735574771899,0.09953383059250609,0.10320128217202465,0.13387396206312235,0.12190261367377633,0.12525014579296112,0.11444273591041565,0.1138017037075036
2023-03-01,0.10711131873577881,0.119378459225,0.1150542427630746,0.11541372471436688,0.11736979701586706,0.13835870964748534,0.13590239079599217,0.12544357776641846,0.1205730140209198,0.12401649381773204
2023-03-02,0.08927001985785149,0.107111318736,0.10829503605021976,0.10221874203545697,0.11020939951984934,0.12393104377497517,0.13492057321075407,0.12455013394355774,0.11683684587478638,0.11728025348708562
2023-03-03,0.07863080307442624,0.0892700198578,0.09684429966887548,0.09220944062520475,0.09864396657596122,0.1059853746100017,0.10470480470279236,0.12180747091770172,0.10437865555286407,0.10351057323620018
2023-03-06,0.1628256767565853,0.0786308030744,0.09020627055542055,0.09152171216763119,0.09451992905243824,0.11068725580431121,0.10023660716457691,0.11810730397701263,0.09860895574092865,0.10055543349461706
2023-03-07,0.11532564947028047,0.162825676757,0.1374155462126399,0.14287512670404634,0.1340523783833276,0.14353397104602023,0.15417409147605526,0.12417468428611755,0.11997519433498383,0.13660014177759866
2023-03-08,0.14553901364077607,0.11532564947,0.11455783230043115,0.11167045295265302,0.1145412524498923,0.12937290390139855,0.13113100016040904,0.12433578073978424,0.12432213127613068,0.12141876482581414
2023-03-09,0.21891456753330055,0.145539013641,0.13231854926439152,0.13749401438272474,0.13483352708343774,0.16729735474257587,0.1862299727169996,0.12802380323410034,0.15001963078975677,0.14803097888771236
2023-03-10,0.3041035143156882,0.218914567533,0.1788662918737566,0.17753829686453426,0.1740658010013168,0.19433658593024616,0.20874194005208044,0.13952714204788208,0.17716862261295319,0.17860638291182424
2023-03-13,0.16874322708680192,0.304103514316,0.23946703644430242,0.2315696987539425,0.22522349129843425,0.24179740245816095,0.21096449732712572,0.1604350209236145,0.2263151854276657,0.21939604751903513
2023-03-14,0.20215594818280266,0.168743227087,0.17565858180937632,0.1754306829225173,0.16573500455232493,0.20537819954066286,0.19718112367638768,0.16436882317066193,0.22038553655147552,0.18630542174620093
2023-03-15,0.16427857428194342,0.202155948183,0.1992486090168602,0.19290420017014515,0.18712894619824522,0.20258616139707364,0.15597388562511644,0.17211373150348663,0.17657436430454254,0.18378998545935282
2023-03-16,0.1736529862232032,0.164278574282,0.18314881149938828,0.17693068405559575,0.16755769450982427,0.17800516186528947,0.09096441441859374,0.19126509130001068,0.14757506549358368,0.1622067033060408
2023-03-17,0.12788159165176669,0.173652986223,0.18348219756758335,0.1873007386655755,0.1745973010557686,0.18597462092433872,0.18349146684982687,0.18800511956214905,0.1852576583623886,0.1840155861410901
2023-03-20,0.09337645743838005,0.127881591652,0.1458358982209464,0.14476853079407778,0.1427089908441726,0.15248453717538132,0.14851847591032974,0.16979609429836273,0.16598837077617645,0.152871556859921
2023-03-21,0.2199262419740855,0.0933764574384,0.12272008276212734,0.12385520208171083,0.12007456693428459,0.12905189656912416,0.12168557241226367,0.14822039008140564,0.1266017109155655,0.12745848882235453
2023-03-22,0.16532957872619164,0.219926241974,0.183941451166311,0.18985257052185017,0.1720537015892577,0.17422092246490156,0.15679159982674962,0.1640411913394928,0.16004978120326996,0.17156445973026185
2023-03-23,0.15906141462701756,0.165329578726,0.1581521053196155,0.16161488128502202,0.15095358096865957,0.15454934036658952,0.1580134164175955,0.16327068209648132,0.17865611612796783,0.16074430322599018
2023-03-24,0.10588494855493863,0.159061414627,0.15382160193798025,0.14936591751073733,0.14551665742420675,0.13996977172184744,0.14489815162796146,0.16101637482643127,0.12424635887145996,0.14554783341723207
2023-03-27,0.08776189792300756,0.105884948555,0.12673431537263832,0.12955493503931795,0.12221534465472556,0.11940652519374277,0.12434697644036091,0.14706997573375702,0.10895106196403503,0.12546844777122537
2023-03-28,0.06958442391310574,0.0877618979229,0.1177179036484767,0.12115264113998746,0.11421285225762497,0.11745161809709445,0.1174189657092582,0.13404645025730133,0.11470015347003937,0.1195286549399689
2023-03-29,0.06952691636217156,0.0695844239131,0.09550948046302035,0.09468627574363302,0.09580547641479194,0.10187405735220173,0.09754496079906574,0.11791062355041504,0.10445502400398254,0.1011122711895872
2023-03-30,0.07136251605303445,0.0695269163622,0.08679126518213598,0.0879912908911119,0.08913577570334286,0.09297378550219285,0.09591043314408645,0.10577178001403809,0.09047269821166992,0.092721004092654
2023-03-31,0.0763078779602185,0.071362516053,0.07975354243609235,0.07452955302254076,0.08409531297034747,0.09302858164556002,0.09049217563334806,0.0968843474984169,0.09463655948638916,0.08763143895609925
2023-04-03,0.09866488410286206,0.0763078779603,0.07944339782612855,0.07852926131129975,0.08353064760292653,0.09328562874525712,0.09495468427583456,0.09235547482967377,0.09441651403903961,0.08807365837573712
2023-04-04,0.08768112541783209,0.0986648841028,0.09097573506296211,0.09297426392336798,0.09340356867037745,0.10452568825168435,0.11008267633380511,0.09524040669202805,0.10766470432281494,0.09926672046529142
2023-04-05,0.06261714903806784,0.0876811254178,0.08742267377555035,0.08817666285948836,0.09054180703666156,0.1020559173913132,0.10519781162409611,0.09588921815156937,0.10503481328487396,0.09633127201765042
2023-04-06,0.07835061744688168,0.0626171490381,0.07510577840155046,0.07303512383870578,0.07998360116088869,0.09072766799518475,0.09574362377964192,0.09080718457698822,0.0882376879453659,0.08480580967118938
2023-04-10,0.057618825581964093,0.0783506174469,0.08322182040864243,0.07835988247685881,0.08727863995086173,0.09870907340413941,0.09936855546879622,0.09106271713972092,0.08163754642009735,0.08851974789558813
2023-04-11,0.11853728111273684,0.057618825582,0.07186155738481373,0.0729354438955478,0.07893847161580989,0.09453376163918849,0.10026500863971197,0.08640479296445847,0.11156894266605377,0.08807256840079773
2023-04-12,0.06730651600770017,0.118537281113,0.10257145818082261,0.1063149007295056,0.10385919989777889,0.12007783303171447,0.12346439461108681,0.09639312326908112,0.12072150409221649,0.11048605911602942
2023-04-13,0.11598049578600188,0.0673065160077,0.07687329131002078,0.0720806891101525,0.08171781130991898,0.09325992562954186,0.09500568623412169,0.09105698019266129,0.08822840452194214,0.08546039832976561
2023-04-14,0.06539821762217989,0.115980495786,0.10477918796909068,0.10781993203848458,0.10292760555626483,0.09848851275868169,0.10805185977632843,0.09908031672239304,0.08952051401138306,0.10152398983323233
2023-04-17,0.08412752699617647,0.0653982176222,0.07978095513661144,0.08003096227496906,0.08273051716067852,0.09464670188495748,0.08376529716425758,0.08940254151821136,0.08379358798265457,0.08487865187462
2023-04-18,0.05632069424258192,0.0841275269962,0.09113581722282604,0.09344536522903793,0.09156932648668939,0.09925273027681054,0.09136739800748855,0.09052877128124237,0.08463028818368912,0.09170424238396913
2023-04-19,0.0764102606104154,0.0563206942425,0.07253452177518685,0.07190216145646586,0.0773363629361344,0.08026495770328552,0.0827617486751121,0.07996230572462082,0.08143913000822067,0.07802874118271803
2023-04-20,0.09379098909985543,0.0764102606105,0.08291978248990087,0.08295530440683796,0.08699578285229106,0.08723683253345765,0.08403654023898133,0.08246171474456787,0.09074877947568893,0.08533639096310366
2023-04-21,0.06114203018255446,0.0937909890999,0.08912586270399098,0.09010507630591946,0.09139617461059774,0.09174640605529155,0.09135905079413284,0.08961508423089981,0.09054013341665268,0.09055539830249786
2023-04-24,0.08551933793682924,0.0611420301826,0.07353198539350828,0.07447592182080653,0.07957271378404922,0.07980646706861752,0.08376529716425758,0.08137869089841843,0.08512688428163528,0.07966542291589897
2023-04-25,0.08416459366670048,0.0855193379369,0.08528486836380626,0.08832676765074363,0.09448980822870566,0.10601945561254517,0.10022806153349625,0.08539541810750961,0.1094917580485344,0.09560516250647728
2023-04-26,0.07538891952679784,0.0841645936667,0.08726374897281447,0.08950546681604513,0.09546613662354617,0.11200579145370088,0.09695423482402583,0.08767031878232956,0.10741467028856277,0.09661148110871783
2023-04-27,0.11271007424337187,0.0753889195268,0.08306672281646557,0.07667113371770698,0.08779292206339138,0.0904420335601805,0.08244654572068648,0.08568824082612991,0.08211103826761246,0.08403123385316762
2023-04-28,0.07323018990803724,0.112710074243,0.10237637590691887,0.10120809954977364,0.10124063189303247,0.08728567248947866,0.08706594040417785,0.09798664599657059,0.07728985697031021,0.09349331760146604
2023-05-01,0.10033388845494029,0.073230189908,0.08481017162734014,0.08629182495936746,0.08744529119336027,0.08326788802281782,0.06933337702571588,0.09078478813171387,0.07701990753412247,0.08270760692777683
2023-05-02,0.11056722380202372,0.100333888455,0.09891321103213367,0.10199395535691433,0.1014570478131157,0.09085074383795858,0.10157611199189981,0.09667698293924332,0.10336361080408096,0.09926166625362091
2023-05-03,0.13807963782209454,0.110567223802,0.10608108290464247,0.1098842798311281,0.10843068403404074,0.1057705013477872,0.1110193698153551,0.10395901650190353,0.13999783992767334,0.11216325348036149
2023-05-04,0.07615283122606539,0.138079637822,0.12466207189010489,0.12562637221853185,0.1251678673981356,0.1270050277955908,0.12264525713962203,0.11862681061029434,0.15581876039505005,0.12850745249247567
2023-05-05,0.06787678142836179,0.076152831226,0.09212902995371086,0.09002266752261572,0.09366262784974107,0.08302133691478714,0.08641418084251287,0.1023574247956276,0.08854658156633377,0.09087912134933272
2023-05-08,0.06497886267259531,0.0678767814283,0.08776191235821564,0.08928071787931195,0.09026077029677827,0.08244291219034541,0.08614293776778913,0.09100570529699326,0.06398915499448776,0.08441201582627449
2023-05-09,0.13061380614739165,0.0649788626727,0.08319397851221295,0.08385083847177742,0.08829629903822808,0.0822584122001682,0.08951847297391187,0.08433068543672562,0.0787288174033165,0.08431107200519151
2023-05-10,0.09604001537647107,0.130613806147,0.11594612857787756,0.11819617251069373,0.11256182498416759,0.10543924399509683,0.10239559480754898,0.10531584173440933,0.07324067503213882,0.10472792594884754
2023-05-11,0.0935350836536687,0.0960400153765,0.09575825785298538,0.09640196713153601,0.09626586424854303,0.0877268775516108,0.08833039742671381,0.10263702273368835,0.0832277163863182,0.09290687190448509
2023-05-12,0.07014223964585961,0.0935350836537,0.0961799348225621,0.09774145496927206,0.09631139290044347,0.08169725794987219,0.08692043190858267,0.10010508447885513,0.08497752994298935,0.09199044099608243
2023-05-15,0.08770074589399568,0.0701422396459,0.0853279742842448,0.08607753833873534,0.0871574489524489,0.07421663430901446,0.08109378502163381,0.09079122543334961,0.08777233213186264,0.08463384835304136
2023-05-16,0.08170051316313992,0.0877007458941,0.09562091205594081,0.09663037443517844,0.09707373426407626,0.09642239515761665,0.09966921530901135,0.09248845279216766,0.09268290549516678,0.095798284215594
2023-05-17,0.10694368444787378,0.0817005131632,0.0883316383331818,0.08733564324435891,0.08990397277196402,0.09153080228551022,0.08600723168899257,0.0907403826713562,0.09158005565404892,0.08934710380705894
2023-05-18,0.09705528391545923,0.106943684448,0.1011681722440798,0.09905841433882395,0.09889786917505775,0.09117177442756143,0.09200638039082885,0.09891121089458466,0.08713110536336899,0.09547784669061507
2023-05-19,0.0909891666866688,0.0970552839154,0.09677972062014556,0.0985147486242535,0.09600873179894684,0.08943385806092909,0.08269007840343989,0.10011044144630432,0.08661723881959915,0.09287925968194546
2023-05-22,0.10468025314024226,0.0909891666866,0.09579959695478257,0.09603182512215006,0.09552166469170034,0.09082086696770031,0.09986197255263406,0.09861231595277786,0.08710353821516037,0.09482168292241508
2023-05-23,0.09378526044025468,0.10468025314,0.10376908388551241,0.10685054320586551,0.10410408994833431,0.10017690611144527,0.11350435481018485,0.10249407589435577,0.09690257161855698,0.10397166078203644
2023-05-24,0.10344508988807928,0.0937852604402,0.0996961835549041,0.09999587471228864,0.10301388382839692,0.11398013072768955,0.1052579295150166,0.1009882241487503,0.11131500452756882,0.10489246157351641
2023-05-25,0.08081184874727468,0.103445089888,0.10389885269291291,0.1044181720216556,0.10407303316873477,0.1064308389671382,0.11350435481018485,0.10316956043243408,0.10635913163423538,0.1059791348181851
2023-05-26,0.09646177481091461,0.0808118487473,0.09177857803889315,0.08642128814473413,0.09239061416936306,0.09919705881728899,0.10074619284880974,0.09619904309511185,0.09988335520029068,0.09523087575921307
2023-05-30,0.07860291734630974,0.0964617748109,0.09961037741185971,0.10154860263302962,0.09822839660514047,0.09767544118873016,0.10215479446014618,0.09828310459852219,0.09118983894586563,0.09838436512047057
2023-05-31,0.08478540534165535,0.0786029173462,0.08888511612794742,0.09019117681542452,0.08995298760256207,0.10052353244724069,0.09672555358090651,0.09294653683900833,0.08477006107568741,0.09199928064125384
2023-06-01,0.08842424724357455,0.0847854053416,0.09096058200257329,0.08745469173821677,0.0893546801859812,0.07973099718717785,0.08128147679210346,0.09238523244857788,0.07880892604589462,0.08571094091436073
2023-06-02,0.10237218557386767,0.0884242472436,0.09132430959568569,0.09064597507317218,0.08872999735289308,0.08141404590839249,0.07798383071791562,0.09325624257326126,0.06593490391969681,0.08418418644871672
2023-06-05,0.07107170815199253,0.102372185574,0.09985691304610497,0.10228885712414984,0.09589430691993704,0.08886700295586156,0.0911654793785981,0.09914889931678772,0.07437146455049515,0.09308470332741921
2023-06-06,0.0785129086410687,0.071071708152,0.0829146812830454,0.08082873150744832,0.08177898850294905,0.0803059128418547,0.07018011722030552,0.09044605493545532,0.07361336797475815,0.0800096934665452
2023-06-07,0.05752166735655356,0.0785129086411,0.08640442269091064,0.08784224601738203,0.08446291405919804,0.08256760044383822,0.07540180472179901,0.08823332190513611,0.07297109812498093,0.08255477256617784
2023-06-08,0.08076787273304652,0.0575216673566,0.07406508936764963,0.0728376096056745,0.0743271904707881,0.07181268145096328,0.06960645515695525,0.0800538957118988,0.07095108181238174,0.07337914336804448
2023-06-09,0.052779819939348036,0.0807678727331,0.08428544164451246,0.08546042039815685,0.08255917541260044,0.08353028619432884,0.07597546678514928,0.08411815762519836,0.07653339952230453,0.08178033536889297
2023-06-12,0.07146414794276358,0.0527798199393,0.06671772855462776,0.06440244100640102,0.07032922301786922,0.0891046944992798,0.07746829079446901,0.07606542110443115,0.08042428642511368,0.0749302979145988
2023-06-13,0.14356764739657052,0.0714641479428,0.07557811113503451,0.07514177174868542,0.0773208586847892,0.09455006907220863,0.07454326529023758,0.07826954126358032,0.07945819944143295,0.07926597380513838
2023-06-14,0.09244188456126368,0.143567647397,0.11534528560697113,0.11560435527736561,0.10816733123734562,0.10171574656138982,0.10754490895896941,0.10570615530014038,0.0941486582159996,0.10689034873688308
2023-06-15,0.09318261114923534,0.0924418845613,0.09438521163565411,0.09009326114155847,0.0912900358414644,0.09296767950056734,0.08592795044559234,0.10278737545013428,0.10064923763275146,0.09401439309253178
2023-06-16,0.07295973769561401,0.0931826111492,0.09585383837000261,0.09788347204216855,0.09186176012673442,0.09428541309390026,0.08183324810538535,0.0985102653503418,0.0867147147655487,0.09242038740772594
2023-06-20,0.08059952583073675,0.0729597376956,0.08818693625291454,0.08974256472898327,0.08639484055888466,0.09299607922155348,0.07884487242163384,0.08899913728237152,0.07662996649742126,0.08597062813768037
2023-06-21,0.08475062226963057,0.0805995258307,0.09264546618317177,0.09389361775500404,0.08925958031079761,0.07773186446550792,0.08214989973505885,0.08773906528949738,0.07297413051128387,0.08519908917861733
2023-06-22,0.06581622153851131,0.0847506222696,0.08927216890149836,0.08730467188788123,0.08664195370514968,0.08390986951002952,0.07491901069431907,0.08803200721740723,0.0738258808851242,0.08341508040020132
2023-06-23,0.0746056249237147,0.0658162215385,0.07798211445003997,0.07799045330223525,0.07831883837870791,0.0772153051789564,0.0699432633377652,0.08177642524242401,0.07312890887260437,0.07662218696610472
2023-06-26,0.05984498339249164,0.0746056249237,0.08046929099411401,0.0818595341527113,0.08116422327063678,0.08284671125981982,0.07417864107926768,0.08162236213684082,0.07570785284042358,0.07969265939054486
2023-06-27,0.09385578633449725,0.0598449833925,0.0723813086199807,0.07095064189004245,0.07436144517951362,0.07626307028846452,0.07208874263266869,0.07687477767467499,0.07432031631469727,0.07389147180000603
2023-06-28,0.07153035836322086,0.0938557863345,0.08959487169053217,0.08892426653774976,0.08785001323016861,0.08368929628072605,0.08208742754712887,0.08700637519359589,0.07841023802757263,0.08536606978678199
2023-06-29,0.07298205948455277,0.0715303583633,0.07790607979422755,0.07753349778521963,0.07859550931441052,0.07958041235301062,0.07525852896491389,0.08382177352905273,0.07671913504600525,0.07848784811240574
2023-06-30,0.03341015583409991,0.0729820594845,0.07927136381843536,0.07966735997223306,0.07930639153049907,0.08248564695855179,0.07478192776473712,0.08220323920249939,0.07259948551654816,0.07861648782335771
2023-07-03,0.04807069167080956,0.0334101558341,0.05697830061107781,0.0560952599480557,0.062436668357067085,0.06978570169575765,0.07246581284621531,0.06636513769626617,0.06135380268096924,0.06364009769077271
2023-07-05,0.0643557417332968,0.0480706916708,0.06285372351752071,0.06270074585634446,0.06820704766022181,0.07878217937506399,0.07697563561106642,0.06393150985240936,0.06343142688274384,0.06812603839362437
2023-07-06,0.07169351657482007,0.0643557417333,0.06786617117566902,0.06814854781666055,0.0738121208474424,0.08340273746394014,0.08017606254603941,0.06910428404808044,0.07157699763774872,0.07344098879079726
2023-07-07,0.06800835255954374,0.0716935165748,0.07137355327372866,0.07180360863057836,0.07621429745839062,0.08501048491922278,0.07952813471085467,0.07486860454082489,0.06702464818954468,0.07511761881759209
2023-07-10,0.08249558293598028,0.0680083525596,0.06919264782045977,0.06922815483756868,0.07488386948686529,0.08035079296354311,0.08060514539351672,0.0759146511554718,0.07577811181545258,0.07513619621041114
2023-07-11,0.06701237767891242,0.082495582936,0.08045956774532798,0.08002081383040077,0.08326544827476831,0.09451678149658323,0.08799523768971947,0.08198446035385132,0.07905972003936768,0.08390028991857411
2023-07-12,0.051721602828388835,0.0670123776789,0.07488488949895088,0.0758091301496421,0.0769646928066153,0.09302353562142664,0.07521101061221443,0.07950447499752045,0.079282745718956,0.07924006848647511
2023-07-13,0.06450330063845106,0.0517216028284,0.06658462660426392,0.06594037606642478,0.07061264883827297,0.08061027673032393,0.07369630642659071,0.07163858413696289,0.06246945261955261,0.07022175306034169
2023-07-14,0.04696749509819062,0.0645033006384,0.07192748075531107,0.07313112620340614,0.07468734007752106,0.07796517570988945,0.07521101061221443,0.07229429483413696,0.06723445653915405,0.07320726924737617
2023-07-17,0.060741426486278706,0.0469674950982,0.061801591026547475,0.06063158333974269,0.06731932846864871,0.07175079054657496,0.07341753633783815,0.06685829162597656,0.07014843821525574,0.06741822279436918
2023-07-18,0.06608152055263257,0.0607414264863,0.06615546414698299,0.06218446623736851,0.0712806976051654,0.07109225558567635,0.07466319125607705,0.06524790078401566,0.0608426034450531,0.06735236843719129
2023-07-19,0.07075776625939516,0.0660815205525,0.06861510043623367,0.06894118394360844,0.07381413522715388,0.0785073284744581,0.0773390811293116,0.06666924059391022,0.06335549056529999,0.07103450862428227
2023-07-20,0.07800676680453818,0.0707577662593,0.072574170089379,0.07360938068945921,0.07695022215222741,0.08121342929456365,0.07691002964912376,0.06907068938016891,0.06430615484714508,0.07351915372886672
2023-07-21,0.06869958331338262,0.0780067668046,0.0772033979547484,0.07854272068428236,0.08009078553235568,0.07758356683575895,0.07547218058890627,0.07251342386007309,0.06739981472492218,0.07554369859729242
2023-07-24,0.048232328122247634,0.0686995833133,0.07482138471804786,0.07546940313953485,0.07807721339787646,0.08151753302530115,0.0755362004360707,0.07266278564929962,0.06849248707294464,0.07522528677701076
2023-07-25,0.10669612038399522,0.0482323281222,0.06411058629293616,0.0646912835224701,0.06994304065670512,0.0732824359043522,0.07529351435561095,0.06728696823120117,0.06583082675933838,0.06863409367465916
2023-07-26,0.09813157828668405,0.106696120384,0.09523230907785651,0.09470535340382251,0.09356932788003011,0.08812471904892036,0.09132394221587582,0.07965803891420364,0.0846073180437088,0.08960300122634539
2023-07-27,0.0857388774869347,0.0981315782866,0.09366653056812407,0.09685223414585223,0.09312163841385453,0.09127105392011502,0.08947786709231,0.08543702960014343,0.08743853867053986,0.09103784177299132
2023-07-28,0.0707252917945285,0.0857388774869,0.08851132504017845,0.08723402516327686,0.0876635900032921,0.08143411652386032,0.08095853896631894,0.08546367287635803,0.07652856409549713,0.0839705475241117
2023-07-31,0.05765859782681157,0.0707252917946,0.0816688659962926,0.08054540517573414,0.08257579872196598,0.07526203672722383,0.07393596719268354,0.08135739713907242,0.06767122447490692,0.07757381363255421
2023-08-01,0.07914885021922681,0.0576585978267,0.07640275479006936,0.07772647512803348,0.0787122298918421,0.07583886373834532,0.07778954032006728,0.07597504556179047,0.06513457000255585,0.07536849706181484
2023-08-02,0.08409717863527646,0.0791488502192,0.08398959942363748,0.08573701070608096,0.08749338611040229,0.09033406021154197,0.08404045651838747,0.07765721529722214,0.07159633934497833,0.08297829537317868
2023-08-03,0.1130218375707863,0.0840971786353,0.08497265691673535,0.08481575562430674,0.08848189478369262,0.09648130605690801,0.08589803109722038,0.07981009036302567,0.080569788813591,0.0858613605222114
2023-08-04,0.07742779580665073,0.113021837571,0.100965811806318,0.10409110402797339,0.10144555948849325,0.1051942390706446,0.10240282884146581,0.08917591720819473,0.08041004836559296,0.09766935840124039
2023-08-07,0.0834575953700105,0.0774277958066,0.08482825328032867,0.0845114072543709,0.08676172683328626,0.08666151393633155,0.07975496999452848,0.08557344973087311,0.08215411007404327,0.08432077587196603
2023-08-08,0.09079052353321683,0.08345759537,0.08999431385977787,0.09094473586295865,0.09124242994499296,0.09425921589758776,0.08590453258817025,0.08546267449855804,0.08413101732730865,0.08884841713990774
2023-08-09,0.1244790635888638,0.0907905235332,0.09447052161074729,0.097034127343721,0.09533340271443291,0.09848096803001373,0.08590453258817025,0.0875411182641983,0.08671973645687103,0.09221205814402207
2023-08-10,0.09293547358874328,0.124479063589,0.11392447826754262,0.11609655107862607,0.11005402263442761,0.111053349965519,0.10143479485333172,0.09838894009590149,0.09898947179317474,0.10713451552693189
2023-08-11,0.06966705114104084,0.0929354735888,0.09723680139255189,0.09592035016001002,0.09573943532728899,0.09047415232911594,0.08759302233698127,0.09581206738948822,0.08100669085979462,0.0919689313993187
2023-08-14,0.09048833610236848,0.069667051141,0.08557047683938121,0.08277980441552543,0.08588450116151722,0.07680412621630725,0.08096828650631377,0.08795639872550964,0.07275670766830444,0.08181718593326558
2023-08-15,0.10349653377420134,0.0904883361024,0.09596297347876243,0.0986418332543432,0.09633962661616931,0.10070129458582192,0.09792666086454743,0.08902910351753235,0.08233830332756042,0.09441997080639102
2023-08-16,0.09635826841737455,0.103496533774,0.10311145427199442,0.10453579018162772,0.1031288171550084,0.1110018211163018,0.10878340457190445,0.09515690803527832,0.09255851805210114,0.10261095905488804
2023-08-17,0.09417639223234452,0.0963582684174,0.09715438856860861,0.09863539626431335,0.09985281934055461,0.11821125001257585,0.09801720944322605,0.09515008330345154,0.1072927862405777,0.10204484759618682
2023-08-18,0.08589828172390644,0.0941763922323,0.09620739595248126,0.09563366890654955,0.09774335998613251,0.11468081265208913,0.10145030306800522,0.094023197889328,0.10871119797229767,0.10120713377526905
2023-08-21,0.0945861462136163,0.085898281724,0.09378132520088854,0.09346787833786484,0.09497246549671476,0.10906381027287713,0.10145030306800522,0.0908842608332634,0.09884153306484222,0.09749451089635087
2023-08-22,0.06593373466113686,0.0945861462136,0.09821062626392224,0.10034692527170078,0.0984792802414548,0.11022973534824777,0.10145030306800522,0.0927182212471962,0.09566272795200348,0.0995854027703615
2023-08-23,0.10551831140951792,0.0659337346611,0.08134592194529147,0.07878118572587584,0.08353515102558152,0.09651386794793188,0.08124464562813985,0.082393117249012,0.08838824927806854,0.08460030554284302
2023-08-24,0.15992023417881804,0.10551831141,0.10068432360252105,0.10385121566172256,0.10088521587522005,0.11065261150695777,0.10816503243572577,0.09240514039993286,0.0908384621143341,0.10106885737091631
2023-08-25,0.08001992077423221,0.159920234179,0.132135681763038,0.12916781554549778,0.12324142478379713,0.11284660999514362,0.11989249140725294,0.11908683180809021,0.08960413932800293,0.11799642780440323
2023-08-28,0.08487583880019331,0.0800199207742,0.094125232407616,0.09515968165898243,0.09209825704062279,0.08870424690634077,0.08902071184121986,0.10121086984872818,0.08081752061843872,0.09159093147456411
2023-08-29,0.09074454738060243,0.0848758388002,0.09552085018287984,0.08980006442923819,0.09211280216780739,0.09365292320402108,0.09207033038593186,0.09287357330322266,0.0806313008069992,0.09095169206858575
2023-08-30,0.07019011274600148,0.0907445473806,0.10050925624235689,0.10049212836586888,0.09493093554702997,0.09402990662182857,0.08896854831874507,0.09261488169431686,0.08140994608402252,0.09327937183916697
2023-08-31,0.08289910973413647,0.0701901127459,0.08762895027717618,0.08959798188044119,0.08465216055125312,0.0825540411741057,0.08031275637099555,0.08500378578901291,0.07571719586849213,0.0836381245587824
2023-09-01,0.06222586957466806,0.0828991097341,0.08657339297406666,0.08911595815315144,0.08394500567314842,0.07680779309211141,0.07612638057231931,0.08445146679878235,0.06594927608966827,0.08042418190760683
2023-09-05,0.08741153004276266,0.0622258695746,0.0752785027609824,0.07639444521747218,0.07620574233967572,0.07935239303837276,0.0790634080736701,0.07699975371360779,0.07256719470024109,0.07655163426343171
2023-09-06,0.08525989484239821,0.0874115300427,0.08736226822329146,0.08927117773920148,0.08665740501295965,0.08670112572184191,0.08633846395528538,0.08282749354839325,0.07685939967632294,0.08514533341104229
2023-09-07,0.07178513114289337,0.0852598948424,0.08584287827926418,0.0828200135406864,0.08580063294919354,0.09014872161423644,0.08633846395528538,0.08496059477329254,0.08000043034553528,0.08513024792249911
2023-09-08,0.06461740547315097,0.071785131143,0.07967924368873419,0.07993368833350864,0.08001964042226653,0.07900853758447696,0.0790634080736701,0.08081041276454926,0.0775003731250763,0.07943075771318313
2023-09-11,0.07022658499482656,0.0646174054731,0.07468376985797223,0.07557719160361648,0.07600725770254556,0.07582859723954995,0.0790634080736701,0.07550841569900513,0.07115288078784943,0.07540307442345841
2023-09-12,0.08140100016050664,0.0702265849949,0.0781145386255557,0.07886422668036881,0.07952749176182401,0.07980497335115333,0.0790634080736701,0.07543807476758957,0.07272624969482422,0.07764842327928367
2023-09-13,0.05874607818633342,0.0814010001605,0.0828261809673606,0.08365365770571356,0.0824804012757956,0.08345632292559539,0.08556001122170072,0.07951626926660538,0.076113760471344,0.08194380054773075
2023-09-14,0.07129844759263697,0.0587460781864,0.06979300176027198,0.068526365920878,0.07108490436048123,0.0647633017260355,0.06964586989049462,0.07274192571640015,0.06006611883640289,0.06808878403013777
2023-09-15,0.05746455297129179,0.0712984475927,0.07553775972932239,0.07775219285100854,0.0770716836903591,0.0723114992290978,0.0716528091292766,0.07020917534828186,0.060686953365802765,0.07217458190616415
2023-09-18,0.06947046182185634,0.0574645529713,0.06846201546333658,0.06891600165155173,0.07224283822597613,0.07317754915933261,0.07446575102540098,0.06674687564373016,0.060699425637722015,0.06924435097243574
2023-09-19,0.10370519490325256,0.0694704618219,0.07405125179896072,0.0744712980083727,0.0771029837433066,0.07904888440628093,0.07343351727096863,0.06775780022144318,0.06336278468370438,0.07274693144757673
2023-09-20,0.08746041151008609,0.103705194903,0.09211267154614672,0.09568104550562313,0.09268626302102544,0.09363591759566349,0.09530905393012849,0.07762689888477325,0.09160179644823074,0.09123623527594162
2023-09-21,0.10460845910858835,0.08746041151,0.08712059316540673,0.08768080857762788,0.09136096999748765,0.10609005874547295,0.09702113343249927,0.08003051578998566,0.09639475494623184,0.09224269066495885
2023-09-22,0.1120457164787338,0.104608459109,0.09818097295990319,0.09849466021223666,0.09985792734379109,0.11277300395140825,0.11139967077613053,0.08643452823162079,0.09976159781217575,0.10098605161246661
2023-09-25,0.09633127171103888,0.112045716479,0.10658775617236184,0.10111269996382234,0.10580197432186753,0.11141602018566998,0.11071845757586644,0.0934668481349945,0.09721044450998306,0.10375917155208081
2023-09-26,0.12763969255106813,0.096331271711,0.10168849073603656,0.10393354923840803,0.1049329604803125,0.12405402188457482,0.10215283636316072,0.09392330050468445,0.10425917059183121,0.10499204711414403
2023-09-27,0.13563260972991562,0.127639692551,0.11858025922389825,0.11896365542981711,0.11746414786037136,0.12534616365933673,0.11560018503421193,0.10235047340393066,0.10828366130590439,0.1152269351310672
2023-09-28,0.13150547122122486,0.13563260973,0.12665061301627906,0.12570235496641216,0.12172822301410954,0.12167799546895589,0.12013605980229379,0.11060063540935516,0.10504186898469925,0.11879110723744356
2023-09-29,0.1388764234998252,0.131505471221,0.12711294512590784,0.12964080114211313,0.12214918746427224,0.12260551587660987,0.11845344337611265,0.1148519366979599,0.10384897142648697,0.11980897158706608
2023-10-02,0.12435941045703136,0.1388764235,0.13295391588464578,0.1318642998334486,0.126977702698598,0.1253861613714425,0.1251423280735956,0.11969564855098724,0.10427247732877731,0.12375607624878501
2023-10-03,0.13651945782589966,0.124359410457,0.12864259417031343,0.1329571403856691,0.12651956395444083,0.13277700267523163,0.12851780283331646,0.11932890117168427,0.1088910773396492,0.12537629750432927
2023-10-04,0.115675505401377,0.136519457826,0.13508223473844727,0.13529128769379714,0.1290964161635327,0.13271703724761053,0.13169820921135925,0.1223665326833725,0.11274547129869461,0.128428169862402
2023-10-05,0.13257367285899263,0.115675505401,0.1234291722105613,0.12460396274797894,0.11926615084631992,0.12550611407295395,0.12162555430120157,0.11798560619354248,0.11333083361387253,0.12082105628377582
2023-10-06,0.10013525174134033,0.132573672859,0.13138632446870813,0.1259971304554622,0.12401143654855853,0.12234762603574739,0.1189280234598283,0.11985954642295837,0.10500151664018631,0.12107594343306417
2023-10-09,0.0898923770915799,0.100135251741,0.11263592905839698,0.1126473436198068,0.10936499307190616,0.11071586305560618,0.11507822052004313,0.11130739748477936,0.10560707002878189,0.11105097383418863
2023-10-10,0.0859081352493767,0.0898923770916,0.1046695608746422,0.10681772385338499,0.10183962126605632,0.10028440235896033,0.10234694474486201,0.10279478132724762,0.09689772874116898,0.10223582330947464
2023-10-11,0.1013763979284271,0.0859081352493,0.09815805497719512,0.09964043843161072,0.09581778330751657,0.09142305691912947,0.09903993293496528,0.09574761986732483,0.0861564502120018,0.0951404766642491
2023-10-12,0.12934781303301265,0.101376397928,0.10406066510384024,0.10548999957164701,0.10109967344905002,0.10183550110294627,0.10922045230534988,0.09578540921211243,0.09125935286283493,0.10125015051539725
2023-10-13,0.09400869628235252,0.129347813033,0.11681003682480275,0.11825080205603483,0.11411149582546104,0.11536296609050584,0.11303878763232364,0.10337312519550323,0.0886252298951149,0.10993892050282088
2023-10-16,0.1073149607092916,0.0940086962824,0.0996840781544083,0.09999150373898348,0.09777198960862558,0.09641496994805163,0.10082507842768215,0.10100269317626953,0.08793583512306213,0.09766087831101185
2023-10-17,0.13696886333024305,0.107314960709,0.10746524319663421,0.1062692602297639,0.10432985043068842,0.1044509264513347,0.11138590400825646,0.10227805376052856,0.0924927294254303,0.1040959953575195
2023-10-18,0.187715447432096,0.13696886333,0.12592118148483733,0.12778118023903504,0.12134916242067675,0.1283620152481925,0.11848096298042848,0.11305694282054901,0.10906241834163666,0.1205734090764794
2023-10-19,0.13587308243545224,0.187715447432,0.1574322024521534,0.1605662004123845,0.14754544520488394,0.14988289995042056,0.15293862297336785,0.1360921561717987,0.12511444091796875,0.14708170972613968
2023-10-20,0.14166605188309161,0.135873082435,0.13367687452851523,0.13571876986082615,0.12925956905670055,0.13430936714579825,0.13753056691692916,0.13324317336082458,0.12855955958366394,0.13318541149332255
2023-10-23,0.10539459568669922,0.141666051883,0.140665847632152,0.13867027888618721,0.13356933466379917,0.13301958427375854,0.14972677289578512,0.13379411399364471,0.1281251609325409,0.1367958704682668
2023-10-24,0.11250514617117743,0.105394595687,0.12348192250405586,0.12413465029665843,0.1172825976795851,0.12706957324790316,0.1255862618003861,0.1231374740600586,0.1292201578617096,0.12427323392147956
2023-10-25,0.15126278352470973,0.112505146171,0.12458754645814088,0.12684650621344695,0.1211102760284343,0.13689532375601796,0.13441026353540722,0.11856992542743683,0.13459137082099915,0.12814445889141188
2023-10-26,0.12707638655355605,0.151262783525,0.13937283352838192,0.1423404890308646,0.1343164291490201,0.1439425041825942,0.14498234212382344,0.1266416758298874,0.1359522044658661,0.1382212111872054
2023-10-27,0.10665429227590421,0.127076386554,0.1272311445397319,0.12940947900064814,0.12507681528004236,0.142564960759184,0.1343152376463799,0.12407006323337555,0.1388501524925232,0.131645407564555
2023-10-30,0.10527058335275245,0.106654292276,0.1145025809532996,0.11399419096007074,0.11271275857084329,0.12042133797720408,0.1214461071227013,0.11547788977622986,0.12502267956733704,0.11765393498966943
2023-10-31,0.12265525913211713,0.105270583353,0.11387524493696391,0.11019822588717995,0.10957473004199647,0.11232482408947587,0.11998261760043451,0.1105087548494339,0.11431840062141418,0.11296897114669982
2023-11-01,0.07147961301456242,0.122655259132,0.12297178060166682,0.11908991391029881,0.11466092315555573,0.11005865994711038,0.1181190434030639,0.11343736946582794,0.12014599144458771,0.11692624027544447
2023-11-02,0.0819670025262532,0.0714796130145,0.09177493318443448,0.09069977165031087,0.08830337827831836,0.08313352484196312,0.08340955970603328,0.09834785759449005,0.10110434889793396,0.09096762487906916
2023-11-03,0.0648745369092466,0.0819670025262,0.09265247013563885,0.09098915183013569,0.08859335588986719,0.08167350357273817,0.08813741794754867,0.09202148020267487,0.08323347568511963,0.08818583646624616
2023-11-06,0.06519415132978111,0.0648745369093,0.08089609179109084,0.08050697995479478,0.07958363588773251,0.0738442508227477,0.0792833922277487,0.08338858187198639,0.08133506774902344,0.07983400004358919
2023-11-07,0.07795296316974999,0.0651941513298,0.07748026266335754,0.07708105185113812,0.07738843902048044,0.0709063386926604,0.07792146870530893,0.07827434688806534,0.07710887491703033,0.07659439753400586
2023-11-08,0.1155865537189547,0.0779529631698,0.07941950514116926,0.08030047580715463,0.07904588305318264,0.07444247301589797,0.07712627122686323,0.07840381562709808,0.07548251748085022,0.0777458487646023
2023-11-09,0.08004633051114586,0.115586553719,0.10105115081372507,0.10330271599898348,0.09714071271712556,0.08863140580732146,0.09361682843392305,0.09068761765956879,0.08022630214691162,0.09352239051107987
2023-11-10,0.06033307928536385,0.0800463305112,0.08421838997613604,0.07934672341302217,0.08188266557854637,0.07197624919952303,0.079008190940547,0.08749080449342728,0.0773160457611084,0.08017700990890146
2023-11-13,0.07253670406604094,0.0603330792853,0.07461234470178373,0.07303158066603903,0.0752343273339059,0.07066304069278909,0.0772341893305241,0.07978746294975281,0.07417158782482147,0.07496207621423087
2023-11-14,0.06909859380279168,0.072536704066,0.0809976724214286,0.08089110850881484,0.07923639820948353,0.07592244917487108,0.07438359628806102,0.07793477922677994,0.07763074338436127,0.07814239245911432
2023-11-15,0.07448880610920006,0.0690985938027,0.0786103728907614,0.07969020021680275,0.07757045568435099,0.0688102626065344,0.07519275199124772,0.0767742469906807,0.06538678705692291,0.07457643963390012
2023-11-16,0.051251796845055105,0.0744888061092,0.07743474186404911,0.07749495187963436,0.07671128058560263,0.06828333424789514,0.0700806746625828,0.07718534767627716,0.06779247522354126,0.07356897230565464
2023-11-17,0.059284900040327305,0.0512517968451,0.06402484166473646,0.06410877858368877,0.06634017526365255,0.060236593797529686,0.06520771988017993,0.06921414285898209,0.06822958588600159,0.06533740541925301
2023-11-20,0.053841676579044234,0.0592849000404,0.067856068022977,0.06462748422691356,0.06969479155608299,0.059481754551045374,0.0700806746625828,0.06781750172376633,0.06788712739944458,0.06677791459183037
2023-11-21,0.08988573744879218,0.053841676579,0.06370372616955895,0.06457982641951983,0.06691126255893454,0.06462739050058124,0.06941023569079782,0.06539179384708405,0.06733794510364532,0.0659945971843031
2023-11-22,0.032574643869324495,0.0898857374488,0.08256039540802357,0.08454284709380133,0.08166772619238782,0.06588643070021484,0.0718495518743884,0.07616105675697327,0.07004493474960327,0.07610184896791321
2023-11-24,0.045360016440108133,0.0325746438693,0.05196448140706647,0.05243825470733786,0.05741143429604461,0.04927576773361711,0.06042305900584251,0.06243821978569031,0.06137320399284363,0.05647491727549179
2023-11-27,0.06657621182797051,0.0453600164401,0.057505835773202535,0.05721035073073396,0.06241787650898757,0.05058189906720047,0.06313403391805775,0.05917138606309891,0.05771884322166443,0.05824860361184937
2023-11-28,0.06669238090073858,0.0665762118279,0.06822259772346352,0.0663160964667448,0.0712501035933927,0.061448505259315014,0.06247301259973295,0.06493065506219864,0.06228336691856384,0.06527490537477307
2023-11-29,0.10171800742493338,0.0666923809007,0.0695231827396094,0.0713049986941962,0.07288101737480951,0.06281698412694835,0.06468085324027964,0.0683974027633667,0.0653679370880127,0.0678531965753175
2023-11-30,0.08351604458075586,0.101718007425,0.0870280785630057,0.08522414535090168,0.08688958874538086,0.07870857216934854,0.0812169395469233,0.08098223060369492,0.07512088119983673,0.08216720516844168
2023-12-01,0.058622102216573574,0.0835160445808,0.08316218672689858,0.07876128003795535,0.08331518093633988,0.07163510305794495,0.07104039617120167,0.08238080143928528,0.07627196609973907,0.07808098778133783
2023-12-04,0.0957995194768742,0.0586221022166,0.07277945062821739,0.07396857743621588,0.07564226585646623,0.06686970264959696,0.06941023569079782,0.07418237626552582,0.06897391378879547,0.07168950318794508
2023-12-05,0.07686879410821273,0.0957995194769,0.09284078909484816,0.09209206273111997,0.09137409500544676,0.0773070709785592,0.07359829243836385,0.08279315382242203,0.07329337298870087,0.0833284052942087
2023-12-06,0.0645731735359259,0.0768687941082,0.08489897829184506,0.08757370464685973,0.08517352620326388,0.06952894727415551,0.07571641520376773,0.08166944980621338,0.07476979494094849,0.07990440233815053
2023-12-07,0.0897714674408144,0.064573173536,0.07575120744069083,0.07488988192607339,0.07818293542974218,0.06956039884901488,0.07505403525984598,0.0757463350892067,0.07344304025173187,0.0746611191780437
2023-12-08,0.05564289972825284,0.0897714674408,0.08810388750705006,0.08535116225419541,0.08715332118947816,0.06961179530672651,0.07104039617120167,0.08165236562490463,0.06223362684249878,0.07787807927086503
2023-12-11,0.049101028085039924,0.0556428997281,0.0718600821200853,0.07060203741948556,0.07434009509267389,0.0627699480467459,0.0679091884792268,0.07385200262069702,0.06365245580673218,0.06928368708366381
2023-12-12,0.1138717064035417,0.0491010280851,0.06462229150481974,0.061310216709713664,0.06826025088781192,0.0645073150623549,0.06082839305627722,0.0665389820933342,0.05934306979179382,0.06363007415801507
2023-12-13,0.09513019433039754,0.113871706404,0.0983168191053485,0.08660771519706698,0.09481824174552894,0.07944412474703541,0.0849445712169648,0.08522585779428482,0.080205038189888,0.08708033828515964
2023-12-14,0.08352003893415041,0.0951301943304,0.09217999675173524,0.09350887311187081,0.08925725832240014,0.07430276666965518,0.06955276670897317,0.08637043088674545,0.08801741898059845,0.08474135877599691
2023-12-15,0.04817688959449707,0.0835200389341,0.08616515596706438,0.08662624494618716,0.08467060174470768,0.06949510660635425,0.06732883981716722,0.08375284820795059,0.07287010550498962,0.07870127182777441
2023-12-18,0.041185671049682314,0.0481768895945,0.06898102013271176,0.06896315869489009,0.0714386671895467,0.05766462001966792,0.062100427642141916,0.07032977789640427,0.05971531569957733,0.06559899818213429
2023-12-19,0.1083014726259657,0.0411856710497,0.06502992852851122,0.06418514844274531,0.0685820393067765,0.057443946897724765,0.060043976571630304,0.061475567519664764,0.06092798709869385,0.06252694205224953
2023-12-20,0.10717113807500227,0.108301472626,0.09583466500619771,0.09947861325402008,0.0945086075338192,0.07643329185957355,0.08683626895084584,0.07965990900993347,0.07826991379261017,0.08728875277242858
2023-12-21,0.07034454607730724,0.107171138075,0.09634661258104117,0.0959653368143927,0.09448299463761739,0.09173560592368667,0.09300315831669798,0.08894103765487671,0.08358132839202881,0.09200801061719163
2023-12-22,0.03904671387193242,0.0703445460772,0.07789947842115835,0.07845951392271178,0.07933433220463938,0.07322373324702916,0.06682340826315027,0.08039155602455139,0.07324334979057312,0.07562505312483049
2023-12-26,0.06818601639666304,0.0390467138719,0.06249268819369544,0.06281529108339667,0.06708451607582487,0.06244551011511076,0.06286764948675634,0.065204918384552,0.060927197337150574,0.06340539581092666
2023-12-27,0.04866398108290484,0.0681860163967,0.0785432506418681,0.07867988069213788,0.07882599070112667,0.06343580062537876,0.06312218036310265,0.06858193874359131,0.06163087487220764,0.07040284523420186
2023-12-28,0.06550374970652902,0.0486639810829,0.06395680004442002,0.06515038437978042,0.06780666443983499,0.057272949588251215,0.06314610100653205,0.06281417608261108,0.06181597709655762,0.06313757894828391
2023-12-29,0.07707290862070018,0.0655037497065,0.06802322427946618,0.06881036121435756,0.07151930492872116,0.061530108701516026,0.06416785372749277,0.06454642117023468,0.06582134962081909,0.06634551766322964
2024-01-02,0.08531463672012206,0.0770729086207,0.07403554050937595,0.07247981004049997,0.0770220029434362,0.0696518029629547,0.06901488241239356,0.06958726048469543,0.07039298117160797,0.07174061150356625
2024-01-03,0.06968141890075144,0.0853146367202,0.08214094207419252,0.0821799881238095,0.08399570215664151,0.07917657737640307,0.0785743605688132,0.07585116475820541,0.07940442860126495,0.08018902337990431
2024-01-04,0.10318007215753244,0.0696814189008,0.07498441238245498,0.07489400915716679,0.0784406251339956,0.07619873768398976,0.07436770111474862,0.07345617562532425,0.07863354682922363,0.07585360113241481
2024-01-05,0.07247964703585415,0.103180072157,0.09557821119972706,0.09361270510139147,0.0936241358469436,0.08093582155995732,0.09039033581968024,0.08452873677015305,0.06926518678665161,0.0868478761549292
2024-01-08,0.07880985277808861,0.0724796470359,0.08188873148870474,0.07662087210197632,0.08205228411933457,0.0731664527851015,0.06946047427858543,0.07975966483354568,0.07314932346343994,0.07658540043866975
2024-01-09,0.07164537177935781,0.0788098527782,0.08500535957805597,0.0836097188083543,0.08420711410478302,0.07459103181935373,0.06835028670930254,0.07921826839447021,0.0720943957567215,0.07815373931014877
2024-01-10,0.12087520114614411,0.0716453717793,0.08039617671367907,0.08086418846337765,0.08055384828365328,0.07075642688913635,0.06870453074745782,0.07632839679718018,0.07603965699672699,0.07623474641303019
2024-01-11,0.08360987396444752,0.120875201146,0.10805970935572834,0.11026062427608237,0.10174720311911996,0.09528011836783636,0.08878418021045383,0.09271340072154999,0.0797259658575058,0.0966530288440395
2024-01-12,0.0918620195821494,0.0836098739645,0.08880823314836651,0.09068730934908094,0.08642850224866383,0.07932254972099356,0.07367260595715719,0.0878371149301529,0.06543214619159698,0.08174120879228743
2024-01-16,0.07718216862346898,0.0918620195822,0.09438554264060224,0.09488254050625575,0.09184061105562992,0.08455501160837789,0.0816450247945058,0.08836629986763,0.07812681794166565,0.08768597834495247
2024-01-17,0.0806995630350103,0.0771821686235,0.0873326287431909,0.08663318236997722,0.08722829493173216,0.0882591832192311,0.08122524300039935,0.08516013622283936,0.09025289863348007,0.08658450958869289
2024-01-18,0.06846045599148752,0.080699563035,0.08982107482241049,0.0903250439149696,0.0884897966380415,0.09498241142063883,0.0870907924916629,0.08418862521648407,0.09276460856199265,0.08966605043802857
2024-01-19,0.07117327459101484,0.0684604559916,0.07932719726474477,0.07742758113505435,0.07962865075283418,0.08265748347961126,0.07513698516962208,0.07850711047649384,0.08145248144865036,0.07916249853243011
2024-01-22,0.04693160426183064,0.071173274591,0.07942582802941318,0.08087116833506793,0.07966580918667582,0.07910678735922004,0.0741456114854484,0.07637763023376465,0.07294171303510666,0.07750493538067095
2024-01-23,0.08088450595052923,0.0469316042618,0.06399080514251698,0.06327600124912214,0.0670467992634422,0.06879588848822732,0.0724674402714424,0.06708577275276184,0.06541510671377182,0.06686825912589782
2024-01-24,0.07811822883669599,0.0808845059505,0.08020805354194074,0.08219047626085281,0.08057395759706557,0.0830105630647782,0.07878445967178449,0.07273134589195251,0.07002291828393936,0.07821739633033054
2024-01-25,0.06311444863053785,0.0781182288367,0.07871636433082124,0.07842101598054928,0.07972197138775117,0.08157493851408995,0.07458511938582106,0.07495416700839996,0.0728442594408989,0.07725969086404737
2024-01-26,0.06367083033437526,0.0631144486306,0.07123390220804177,0.07206743945436925,0.07366705220036263,0.07450357677783759,0.0741456114854484,0.07147912681102753,0.06975951045751572,0.07240803134208613
2024-01-29,0.045126167430770366,0.0636708303343,0.07077614703588037,0.06719561504625107,0.07371906556532001,0.07321239920037172,0.0741456114854484,0.06970173120498657,0.06748763471841812,0.07089117203666803
2024-01-30,0.11840813190184869,0.0451261674308,0.06198501507967473,0.06304500554277834,0.06657419304985895,0.07143355652113775,0.07290848763078238,0.06336607038974762,0.06829643994569778,0.06680125259423965
2024-01-31,0.10573620594795899,0.118408131902,0.09953415753440575,0.10275491462245395,0.09749055502492429,0.0984557366206391,0.09586231855930691,0.08327755331993103,0.10286610573530197,0.09717733448813758
2024-02-01,0.11231810824559145,0.105736205948,0.09610091451190159,0.0936266812492071,0.09330671576765448,0.09114510466287479,0.09221849894551139,0.09072431921958923,0.09920894354581833,0.09376159684322241
2024-02-02,0.08611818027424871,0.112318108246,0.10363590749005967,0.10417237251227084,0.09837722159655456,0.08903635952313932,0.09224675247465772,0.09744769334793091,0.07396747916936874,0.09412625515914026
2024-02-05,0.07566523177274752,0.0861181802742,0.09346447224410034,0.09603351466657312,0.08986040360816892,0.08004674996673833,0.08162877201964892,0.09298309683799744,0.06628619879484177,0.08575760116258126
2024-02-06,0.06532825342365431,0.0756652317728,0.09137632575840648,0.09224156017548078,0.08738285348921322,0.07578856912423376,0.07694606133982286,0.08803638815879822,0.06843682378530502,0.08288694026160862
2024-02-07,0.04755402175594362,0.0653282534237,0.08173714870670103,0.07964153218158193,0.08019786553708702,0.0711569831382301,0.07490377053271102,0.08058826625347137,0.06841390579938889,0.07666278173559592
2024-02-08,0.03956673902076187,0.0475540217559,0.06814409437391236,0.06803856121561519,0.06981445091286337,0.06386571205848801,0.0698433821976733,0.06998997926712036,0.06555604189634323,0.06789317456028797
2024-02-09,0.06647359118959047,0.0395667390207,0.05780135552264341,0.05648031596232603,0.0624685599224041,0.06090170814297112,0.06594093158076779,0.06052133068442345,0.06350519508123398,0.06108848527096712
2024-02-12,0.09353308614192092,0.0664735911895,0.06856476044803152,0.07035060846585964,0.07222895628831813,0.07536644156249829,0.07362982836685805,0.06377647817134857,0.07033514231443405,0.0706074593739069
2024-02-13,0.09180471097241578,0.0935330861419,0.08286250310711031,0.08128340680717538,0.08485674741768054,0.09278293875644866,0.08324241642686522,0.07439443469047546,0.0911637619137764,0.08436945844564743
2024-02-14,0.07119444774973116,0.0918047109723,0.0844709512451591,0.08436033374503547,0.08510053257850464,0.08910674211944128,0.08375819954545557,0.08018389344215393,0.07500020414590836,0.08314012240309405
2024-02-15,0.09307820902637523,0.0711944477497,0.07692050329580633,0.07639359172793801,0.07862858600256888,0.07868856010268399,0.07430040080709525,0.07890360057353973,0.07247607409954071,0.07661590237273898
2024-02-16,0.09907645413435828,0.0930782090263,0.09201919415280879,0.09470396627141034,0.09051990521515327,0.10746645143724645,0.1298292837833523,0.08484683930873871,0.09597148001194,0.09933673145437856
2024-02-20,0.08019488826694629,0.0990764541344,0.09777745649486003,0.10026696446938241,0.09579693572939205,0.10749807573544418,0.1369090031530693,0.09074059128761292,0.09955549240112305,0.10407778846726913
2024-02-21,0.07963701465729614,0.0801948882669,0.08771546810724246,0.08563021004648878,0.08764647256500023,0.09304577334549444,0.08489417409313436,0.08489938080310822,0.0900343507528305,0.0876951185304713
2024-02-22,0.07053433498614133,0.0796370146572,0.08633487559888832,0.0831169064469709,0.08591632715944887,0.08706615490839822,0.0839427787317946,0.08153979480266571,0.07997003197669983,0.08398383851783807
2024-02-23,0.05443386513586923,0.0705343349862,0.08198963345049652,0.08423328212289996,0.08159642364664281,0.08106787649040811,0.07630965927233799,0.07733401656150818,0.07173380255699158,0.07918067058589788
2024-02-26,0.04836327326361358,0.0544338651359,0.07096435069448687,0.07274687505675867,0.07331145084536138,0.07325230090995678,0.07430040080709525,0.06879271566867828,0.0687108188867569,0.07172555898129916
2024-02-27,0.05464630246497196,0.0483632732636,0.06353348209097712,0.06313191997647535,0.06758930996304606,0.06962285588227408,0.07390336368743099,0.06222127750515938,0.06653514504432678,0.06664819344995568
2024-02-28,0.08226699215337827,0.054646302465,0.06415174412051304,0.06358369424459834,0.06855910258843967,0.07306845508447486,0.07430040080709525,0.06244836375117302,0.06800684332847595,0.06773122913211002
2024-02-29,0.061127510984321946,0.0822669921533,0.0772896315955834,0.07968660735618663,0.07920422602866117,0.08090929190374635,0.07854922258422037,0.07430213689804077,0.07106541097164154,0.07728664676258289
2024-03-01,0.049841264119103564,0.0611275109843,0.06652517558196695,0.06355922315299695,0.07016093881018953,0.07021258877308681,0.07430040080709525,0.07080817222595215,0.06744687259197235,0.06900191027760857
2024-03-04,0.08811124704245196,0.0498412641191,0.06090641095496915,0.060388519120299626,0.06655067252070769,0.07035191673870582,0.07390336368743099,0.06338995695114136,0.06521537899971008,0.06581517413899496
2024-03-05,0.11828133305256583,0.0881112470424,0.08245302420438846,0.08385152589413669,0.08464967328708035,0.08877405511199118,0.08290066341679246,0.0759865790605545,0.080827996134758,0.08277764530138595
2024-03-06,0.06259017258495138,0.118281333053,0.10236251005778678,0.1054659021185744,0.10013431202173663,0.1012070628549708,0.09600981060573185,0.09511961042881012,0.09388560056686401,0.09916925837921066
2024-03-07,0.1168610721930772,0.0625901725849,0.07454553553339366,0.07473408944031393,0.07809499419856579,0.08236333136766552,0.07939435579914374,0.07919637858867645,0.08306291699409485,0.07877022884597913
2024-03-08,0.08920047207192124,0.116861072193,0.10496665186304657,0.10732000240231875,0.10210840736567608,0.0960387453121962,0.09781018786911122,0.09390069544315338,0.07693041861057281,0.0970107298380107
2024-03-11,0.10983392328885644,0.0892004720719,0.09559101830195585,0.09486850020076429,0.09455052588123722,0.09008142768053867,0.0862846867456169,0.09093005955219269,0.08774374425411224,0.09143570894520256
2024-03-12,0.06297518023414621,0.109833923289,0.10715168037093434,0.10524382109431421,0.10180097241186126,0.08928095781914014,0.09905999657886462,0.09789241850376129,0.09247259795665741,0.09898606353364761
2024-03-13,0.11097338023675768,0.0629751802342,0.08016189070403208,0.08193915897176943,0.08031252894200235,0.07455806220579987,0.08066110010491008,0.08059997856616974,0.06585393846035004,0.07772666542214766
2024-03-14,0.08022742241902578,0.110973380237,0.10697469645577629,0.1093753537978393,0.10172584696777716,0.09918094160578804,0.09792961226682154,0.09401655197143555,0.08801107108592987,0.09960201059305253
2024-03-15,0.06628478130057608,0.0802274224191,0.08926724331581318,0.0892929969108836,0.0885618637034598,0.08632358368710281,0.084685292891271,0.0874856561422348,0.09102602303028107,0.08809180852586375
2024-03-18,0.058635389169238064,0.0662847813006,0.08063698579940881,0.08257428250957896,0.08191605843147992,0.07762847274098553,0.08112307469125823,0.07885619252920151,0.079461470246315,0.08031379099260401
2024-03-19,0.12654135105167796,0.0586353891693,0.07240365277047592,0.06943906211540653,0.07519612343280821,0.07491073819679582,0.07964398642968856,0.07084304094314575,0.07371793687343597,0.07373636296596524
2024-03-20,0.060672836724165125,0.126541351052,0.10984935288554393,0.10251643153743226,0.10346244701767696,0.0899167234996503,0.09338975598700036,0.09428493678569794,0.0937248021364212,0.09816349283563185
2024-03-21,0.05978297365683644,0.0606728367241,0.07457200089779356,0.07572448437729665,0.07553440806798528,0.06802090345977632,0.07361773579975764,0.08082301914691925,0.07878711819648743,0.07529709570657372
2024-03-22,0.03815388892765716,0.0597829736569,0.07231124494062421,0.07379863270576856,0.07394981816560268,0.06907879340532189,0.07098588708023462,0.07182791829109192,0.06543679535388947,0.07105558427750476
2024-03-25,0.04009144213607088,0.0381538889277,0.05969822571386892,0.06025907214924799,0.06453387565903952,0.05790015831272756,0.06566265577528256,0.05977693200111389,0.053398966789245605,0.06017569805721801
2024-03-26,0.0672748972552259,0.0400914421361,0.05894122892647853,0.06056795841469348,0.06416316325998923,0.05811608019282566,0.06937756816657116,0.05563060939311981,0.05250008404254913,0.05989952748517529
2024-03-27,0.04991456963490319,0.0672748972552,0.0661890360600312,0.06483445917849079,0.06987411523290091,0.06354910606009598,0.06941265390923095,0.06262178719043732,0.05840052664279938,0.06498309775342664
2024-03-28,0.07127051653125575,0.0499145696349,0.057106622588641756,0.05727038777290967,0.06303964693380178,0.059965751655487,0.0704377991554038,0.06049760431051254,0.06272538006305695,0.06157759892568764
2024-04-01,0.06092878956260004,0.0712705165313,0.06809895760546483,0.06923156285297935,0.07245610978074818,0.06928786773406286,0.07352998824597483,0.06675198674201965,0.06786446273326874,0.06960299081350264
2024-04-02,0.08767120700882816,0.0609287895625,0.06538085144316255,0.06535108409988558,0.07129471109989695,0.07407421084804741,0.07964398642968856,0.06645519286394119,0.07608062028884888,0.07118295101049586
2024-04-03,0.1333991286179891,0.0876712070088,0.08217327690185944,0.08089334024698702,0.08413874491599782,0.0829690414900151,0.08374840980630326,0.07641249895095825,0.08356775343418121,0.08198615224947173
2024-04-04,0.11560535201439594,0.133399128618,0.10945204142065115,0.11381368556881544,0.10774014402201923,0.10700736204970406,0.10036346053384222,0.09891580045223236,0.10097745060920715,0.10546713495092452
2024-04-05,0.06441252370255648,0.115605352014,0.10712574814175373,0.10349204794715727,0.10430809181146199,0.09984438337954224,0.09850440773748508,0.10413798689842224,0.09660398960113525,0.1020023793595654
2024-04-08,0.11889319770459705,0.0644125237025,0.08268157243319624,0.08323680551678973,0.08417698480239788,0.08184980216321236,0.08355139326521602,0.08532915264368057,0.0919361412525177,0.08468026458243007
2024-04-09,0.14816415133485833,0.118893197705,0.1133276765505139,0.11340641581342499,0.10808300975786206,0.09793921731841386,0.09850440773748508,0.09715864062309265,0.09238718450069427,0.10297236461449812
2024-04-10,0.09587602927489436,0.148164151335,0.13247440303741895,0.13199999670902487,0.12374091026665499,0.1133914650761389,0.12180110333773246,0.11672993004322052,0.11076618731021881,0.12155771368291564
2024-04-11,0.10854106403468505,0.0958760292749,0.1046485835970843,0.10438873320688559,0.10077432178647913,0.09122772827505027,0.09419874332912857,0.1052626371383667,0.08354060351848602,0.09772019297878295
2024-04-12,0.13893394939408726,0.108541064035,0.10991170678706236,0.1110700792970876,0.10802600830900358,0.1063469303218246,0.11237934668710642,0.1027175784111023,0.09533937275409698,0.10654157465246913
2024-04-15,0.16290106915118757,0.138933949394,0.13081379250408653,0.1350481623094346,0.1267361267334186,0.12858832017844699,0.1208657879668364,0.11595618724822998,0.11902181804180145,0.1252900278546078
2024-04-16,0.15085273062681231,0.162901069151,0.14595676423324266,0.14751220203743312,0.13726230629037525,0.1351060547028356,0.1398969607400854,0.13307958841323853,0.1311659961938858,0.13856855323015663
2024-04-17,0.12840187318961666,0.150852730627,0.14051463216800592,0.1435820610021944,0.132566380174821,0.1300427674003598,0.13978188992544185,0.1280992180109024,0.13351215422153473,0.13544272898618
2024-04-18,0.13199693061924583,0.12840187319,0.13297127187351987,0.13450724640189632,0.12576159879240967,0.12221880714421615,0.1246087460855212,0.12432722747325897,0.11800263822078705,0.12605679085594418
2024-04-19,0.10106784192406602,0.131996930619,0.13670990648495507,0.13956740846896115,0.1292616784487693,0.12395840979449314,0.12708205111332851,0.12390287220478058,0.11969563364982605,0.1285968514521591
2024-04-22,0.07863261033525976,0.101067841924,0.11887178882808822,0.11941601741918481,0.112498980840501,0.10563480970351458,0.12193234463514438,0.11378081142902374,0.1043456494808197,0.11378291461946806
2024-04-23,0.09674063353409053,0.0786326103353,0.1006884828663697,0.09904559169889411,0.09688451631382322,0.09453127275019503,0.097841325855119,0.10000897943973541,0.09354697167873383,0.09750673437183861
2024-04-24,0.10659727042079829,0.096740633534,0.10412031997273341,0.10585019627130296,0.09996380231696488,0.10010495605998716,0.09722424680975345,0.09681382775306702,0.09478068351745605,0.09983686181446641
2024-04-25,0.07919565629779451,0.106597270421,0.10663409129232736,0.10390742770712473,0.10260718924650446,0.10065907489989967,0.10781066041728124,0.09807871282100677,0.1020689308643341,0.10310944103549691
2024-04-26,0.08876417658064767,0.0791956562977,0.08899682181533018,0.08817390338982481,0.08704842205540916,0.08635841635212715,0.08862372495233929,0.09026522934436798,0.09312227368354797,0.08894125594184951
2024-04-29,0.11523676162598982,0.0887641765806,0.09230004370097802,0.09502554495862012,0.089413117069056,0.0862430755274233,0.08785666082329774,0.08872100710868835,0.0867891013622284,0.08947836436432742
2024-04-30,0.17289438398450077,0.115236761626,0.10790258320181481,0.11221657425313616,0.10338292363712842,0.10471214904241631,0.10781066041728124,0.09646616876125336,0.10509611666202545,0.10536959656786511
2024-05-01,0.11950013713224934,0.172894383985,0.14160428155642774,0.14238198011279019,0.1287267109535375,0.11967816583183712,0.12437228537712561,0.11879995465278625,0.12463265657424927,0.12859943357982195
2024-05-02,0.09188501539083727,0.119500137132,0.1178621440307421,0.11776638091088995,0.1085454504838291,0.09987814666066816,0.10499362438490656,0.11610059440135956,0.11503659188747406,0.11145470467998135
2024-05-03,0.045946702947433346,0.0918850153909,0.10616354946097792,0.10791142579077977,0.09714483931674803,0.08485185725680522,0.09559645469839682,0.10664914548397064,0.08264720439910889,0.09728063948668389
2024-05-06,0.05774748262091431,0.0459467029474,0.08095492738447602,0.07891087449500446,0.07753424248893172,0.07457987468946517,0.08934317104231111,0.08748205006122589,0.0748877227306366,0.08052755184172157
2024-05-07,0.0435578462867617,0.0577474826208,0.08124892031741617,0.08285671367812718,0.07814346344737354,0.07336367635432484,0.0838792990994691,0.07959327101707458,0.06649847328662872,0.07794054531434488
2024-05-08,0.05344562071867442,0.0435578462868,0.06282054833087897,0.06118755223222739,0.0644894111718794,0.06843876207512425,0.07959557206061656,0.06930561363697052,0.06815822422504425,0.06771366910467733
2024-05-09,0.06414664487957573,0.0534456207186,0.06144807432233907,0.058134038257998316,0.06381522210106222,0.06602427987637731,0.07341818135436629,0.06539404392242432,0.06895823776721954,0.06531315394311243
2024-05-10,0.04207059566589615,0.0641466448796,0.06398476103562253,0.06496112998438644,0.06628329952414251,0.06798386169496203,0.0732692872667495,0.06577840447425842,0.07303117215633392,0.06789884516235077
2024-05-13,0.07008002271970522,0.0420705956659,0.053413534436352335,0.054394061197162474,0.05893799295874675,0.06406892010910781,0.07959557206061656,0.06068133935332298,0.07689855992794037,0.06399856857760704
2024-05-14,0.05041800313459469,0.0700800227197,0.06762642758395006,0.06604403453316372,0.0699779419284963,0.07456186399586234,0.07496392034553429,0.06551142036914825,0.08230866491794586,0.07157061052487156
2024-05-15,0.07711904185150902,0.0504180031347,0.05920184757594083,0.05690330025872491,0.06224310368752806,0.06374635450558959,0.07269931308982798,0.06322923302650452,0.08118546009063721,0.06560123031925044
2024-05-16,0.05025023502038174,0.0771190418516,0.0737989941918992,0.07569390642190332,0.07397615331966284,0.06584937163157523,0.07222503678093425,0.07076273113489151,0.06510911881923676,0.07105933032858616
2024-05-17,0.045491211757597315,0.0502502350204,0.0600665476787792,0.060587060857585036,0.06306387300344056,0.056734977161521385,0.06899312971609042,0.06287160515785217,0.06200021505355835,0.062045344089832435
2024-05-20,0.040514645261106756,0.0454912117576,0.058237951495208426,0.0579381066764504,0.062231814137678934,0.05675706289329438,0.07131297144124149,0.05698292702436447,0.06397709250450134,0.061062560881819924
2024-05-21,0.07877587286708793,0.0405146452611,0.05331900077406014,0.05154562019987783,0.058588613761794105,0.0520269713701539,0.06899312971609042,0.05218944698572159,0.06403937935829163,0.05724316602371281
2024-05-22,0.10171922275743557,0.078775872867,0.0738287147054906,0.07369835646441941,0.07545793013459898,0.06821316387201598,0.0771571879900603,0.0667632669210434,0.07415634393692017,0.07275356628922126
2024-05-23,0.07601244127471239,0.101719222757,0.08677886469094717,0.08928872806402198,0.08581556840988352,0.07524632859538628,0.08569907418410475,0.08332335203886032,0.08137096464633942,0.08393184008993478
2024-05-24,0.07258003931137817,0.0760124412747,0.07710946317518111,0.07673012957330895,0.07684893506001568,0.06456063396592868,0.06990519505578319,0.07947107404470444,0.07452788949012756,0.07416476005214993
2024-05-28,0.06647805320012312,0.0725800393114,0.07800073362802118,0.0774730462991869,0.07809525711148395,0.06478848801940432,0.07222503678093425,0.07465822994709015,0.07839949429035187,0.07480575515378181
2024-05-29,0.07704836190447141,0.0664780532001,0.07751753949331906,0.0773937639547237,0.07880900562896098,0.08076726514385568,0.07430687262125298,0.0704944059252739,0.08610521256923676,0.07791343790523186
2024-05-30,0.11218216386682153,0.0770483619044,0.08232065582764175,0.08335892390561417,0.08341117015420976,0.08406785358233607,0.07871454770205567,0.0734882652759552,0.09203919768333435,0.08248580201873527
2024-05-31,0.10030050783826969,0.112182163867,0.09971984700725317,0.09517153502886225,0.09602853938793934,0.080440761369141,0.09298311695760673,0.08968926966190338,0.08706866204738617,0.09158596163715602
2024-06-03,0.10133271237558383,0.100300507838,0.09644274135001979,0.09720609798258992,0.09404562182553806,0.08130648055295002,0.08687719009136925,0.09240526705980301,0.0869758129119873,0.09075131596775106
2024-06-04,0.06759409887675404,0.101332712376,0.09955812420201568,0.0992974685231332,0.09653128189574377,0.08505232064838467,0.09043682113047007,0.09294604510068893,0.09203536808490753,0.09369391851219198
2024-06-05,0.05969427893053739,0.0675940988768,0.08389329450105054,0.08158590375905017,0.08328899692075584,0.07719981122119002,0.07512510949071545,0.07889124006032944,0.07990364730358124,0.07998400046523894
2024-06-06,0.0905596790659088,0.0596942789306,0.07860393654564928,0.07985260564938194,0.07909133902855141,0.07562004010635429,0.07393769942637342,0.06941777467727661,0.07176235318183899,0.07546939265934656
2024-06-07,0.05635022049104688,0.0905596790659,0.09105129741851106,0.09055661672041254,0.08888534017236878,0.07432394623734029,0.07922324470171443,0.07903313636779785,0.06725691258907318,0.08147578488674545
2024-06-10,0.07410150261072444,0.056350220491,0.07103121663250232,0.06835083606405867,0.07356027385242588,0.06747707197261871,0.07332063378290622,0.0704975500702858,0.07270348072052002,0.07099158044218823
2024-06-11,0.10420113124450424,0.0741015026107,0.07684345917408802,0.07596225165959752,0.0784500917187047,0.07518064371325237,0.07332063378290622,0.07288377732038498,0.08108460903167725,0.07624649520008729
2024-06-12,0.07698631743322445,0.104201131244,0.09421635903778497,0.09622168448873786,0.09054380624452517,0.0896169915788157,0.09188751995563477,0.08749258518218994,0.10390979051589966,0.09341267671479829
2024-06-13,0.07680523071217742,0.0769863174333,0.08301222063557989,0.08273300813840082,0.08114063257394072,0.07247331067843978,0.06990519505578319,0.08314966410398483,0.07998503744602203,0.07891415266173589
2024-06-14,0.07020307084501361,0.0768052307122,0.08167036151318754,0.08071102493446641,0.08060276038082148,0.07035132334597921,0.06990519505578319,0.07875575870275497,0.07105693221092224,0.07615047944913071
2024-06-17,0.05021757756340304,0.0702030708451,0.07977441916740007,0.07726757605906844,0.07935363899220552,0.07288685414963135,0.07350126935389023,0.07533442974090576,0.0697866678237915,0.07541497932669897
2024-06-18,0.1026584939585147,0.0502175775635,0.06828329072026616,0.06850972222017283,0.07032939336142435,0.06739794678766864,0.0719657556154068,0.06610102951526642,0.06802363693714142,0.06865868216533523
2024-06-20,0.07482921760329984,0.102658493958,0.09262033192764085,0.09282636662741663,0.09067343732328446,0.0857494728692639,0.086194139598526,0.0813516303896904,0.0836755782365799,0.08758442242462887
2024-06-21,0.09596272987478212,0.0748292176032,0.0793758585916545,0.0799152115158574,0.07960378124247208,0.07711082718285678,0.07350126935389023,0.07902500033378601,0.08147528767585754,0.07857246227091065
2024-06-24,0.0590267099403753,0.0959627298748,0.0909451559724059,0.09102648113407022,0.0889951912704145,0.0830374628598332,0.07982454609221092,0.08533588796854019,0.08335676789283752,0.08607449902718749
2024-06-25,0.07106789210990573,0.0590267099405,0.07267188642618813,0.07165051999397529,0.07399012919190393,0.07176086493735971,0.07350126935389023,0.07417095452547073,0.076285719871521,0.07343304918575844
2024-06-26,0.07307048016339293,0.07106789211,0.08023053445507372,0.0791498661068655,0.07956206603562171,0.07150873657086876,0.07350126935389023,0.07355459034442902,0.07211139798164368,0.07565978012119894
2024-06-27,0.09890621935640852,0.0730704801634,0.07848223321754474,0.07702209653836867,0.07819943353940079,0.07121709516382718,0.07350126935389023,0.0737350806593895,0.07340332865715027,0.07508007673279592
2024-06-28,0.1038678298669381,0.0989062193564,0.09272817606288794,0.0940414776013886,0.08952077502342373,0.07966854078874773,0.0825530390010239,0.08435747027397156,0.08034101128578186,0.08617292714817504
2024-07-01,0.054719515752462575,0.103867829867,0.09572877240069144,0.09640871257855654,0.09119329008432323,0.07541010576954116,0.09175054404430666,0.09125284105539322,0.07787899672985077,0.088517608951809
2024-07-02,0.039112851939184394,0.0547195157526,0.07236946699566561,0.06967501540208124,0.07211385118587314,0.06378235213430873,0.06999841905362353,0.07548993080854416,0.07338464260101318,0.07097338259730138
2024-07-03,0.05181134391881762,0.0391128519392,0.062241070468426155,0.06101956637253893,0.06466053813014576,0.06175674070162048,0.0675667122277933,0.060983821749687195,0.06463809311389923,0.06326664896630158
2024-07-05,0.038983652458023474,0.0518113439187,0.0662998866346074,0.06640767539348683,0.0685712010578138,0.06675408763740368,0.06959728594539413,0.05967143177986145,0.05871419608592987,0.06514510921921389
2024-07-08,0.04851723501238998,0.038983652458,0.054919499027375175,0.055748025369225684,0.060582836130574705,0.061175790933059034,0.06993518189780597,0.05462421476840973,0.07225631177425385,0.06132026570010059
2024-07-09,0.04693953624046535,0.0485172350124,0.05437018431435399,0.054972110573562286,0.060940289992160154,0.06663788456505668,0.0719657556154068,0.05475890636444092,0.06853711605072021,0.061740321067957286
2024-07-10,0.10138177302170248,0.0469395362405,0.05293849065661717,0.048996127182360114,0.0602288935393575,0.06662319774913278,0.07321582252341068,0.05475395917892456,0.06563474237918854,0.06034160474414162
2024-07-11,0.07995966443363303,0.101381773022,0.08405203645324456,0.0856538802598521,0.08477628538866183,0.08291033064138198,0.086194139598526,0.07506731152534485,0.07190816104412079,0.08150887784444745
2024-07-12,0.09052341482559084,0.0799596644336,0.07656397850557073,0.07695127998554877,0.07760811448677268,0.07529616235537351,0.07446792082894145,0.07753384113311768,0.06306999921798706,0.07449875664475883
2024-07-15,0.07237049764357573,0.0905234148256,0.08617111858080438,0.087483814658808,0.08558595756667946,0.0792479953706876,0.07783067249717057,0.08214503526687622,0.07458402216434479,0.081864088015053
2024-07-16,0.0810477204653456,0.0723704976435,0.07987934597151461,0.07794691667571371,0.08050939381534114,0.07693469490256286,0.07350126935389023,0.07734379917383194,0.07829339802265167,0.07777268827364374
2024-07-17,0.14562357526887876,0.0810477204654,0.08703305352349028,0.08834701257550949,0.08744949862803178,0.08745940960719938,0.08639831451375092,0.07887986302375793,0.0908808708190918,0.08663543181297594
2024-07-18,0.11935676114077325,0.145623575269,0.12109447620990932,0.12335204329591504,0.11534338181018268,0.11927040284551908,0.11993663652915415,0.10747364163398743,0.11378753930330276,0.11717973166113864
2024-07-19,0.10908954505388131,0.119356761141,0.11233857520206378,0.11405559306079291,0.10873522660758789,0.11347514061086476,0.10268902410402642,0.11000789701938629,0.11923829466104507,0.11150567875225245
2024-07-22,0.08222109937788719,0.109089545054,0.10916400273549956,0.1095497514378037,0.10424222504302669,0.10875591436118902,0.10421505277734598,0.10487590730190277,0.10073564201593399,0.10593407081038596
2024-07-23,0.09584247399578331,0.0822210993779,0.09751274611251025,0.10014416085898818,0.0948471337130323,0.09844933270634931,0.09374966138648194,0.09092859923839569,0.08734337240457535,0.09471071520290472
2024-07-24,0.15502209625859922,0.0958424739958,0.10520617892173802,0.10847248252268687,0.10548810499270118,0.12068990729888776,0.10757887463663628,0.09176076948642731,0.11552640050649643,0.10781753119508197
2024-07-25,0.14730755096699286,0.155022096259,0.13367904619228824,0.13607676227139018,0.12873211501743292,0.14569146501327257,0.1338978118931961,0.11831891536712646,0.13344138860702515,0.1328339291945331
2024-07-26,0.10411954882506742,0.147307550967,0.13252131283960655,0.1351111008341634,0.12444908957617867,0.1377395472390595,0.1502442432476239,0.12822189927101135,0.11842135339975357,0.1323869352010567
2024-07-29,0.1210513324314177,0.104119548825,0.11183785136333166,0.11309803014803138,0.10816357905388961,0.11849332575467035,0.11548368218492985,0.11190606653690338,0.10247652977705002,0.11163700925982946
2024-07-30,0.11885340567534276,0.121051332431,0.1232356126791912,0.12623919678064946,0.11801425816270317,0.12965069653268455,0.117593370040188,0.11138583719730377,0.11314628273248672,0.11989503630360099
2024-07-31,0.15056234098612575,0.118853405675,0.12427765844463504,0.12384448898380779,0.11661266258683706,0.12108556477313545,0.11770605941444465,0.1120719462633133,0.11955329030752182,0.1193073815390993
2024-08-01,0.18250264527511922,0.150562340986,0.13865618118664252,0.14241847854401685,0.1310384593582073,0.14217948342966932,0.14072567649018253,0.1258874386548996,0.1444491147994995,0.1379078332090168
2024-08-02,0.3139697155643582,0.182502645275,0.15666347998766628,0.15727451658520786,0.15156071271802343,0.16919777682320503,0.1612004174051435,0.1467776894569397,0.17916589975357056,0.1602629275328223
2024-08-05,0.1943125958928036,0.313969715564,0.2369353598833604,0.2238103792412262,0.2399658557885246,0.3133923188182925,0.518305470933962,0.21712176501750946,0.3341943323612213,0.29767506886344236
2024-08-06,0.1894597103211234,0.194312595893,0.1874832052382942,0.18773380445073815,0.1775714273772666,0.26274000364749006,0.22765326906540365,0.19512499868869781,0.2657444477081299,0.21486445088228862
2024-08-07,0.1614023707554508,0.189459710321,0.1914758577226787,0.19687717125609708,0.18171009524576298,0.24116730304917527,0.2390645805137208,0.1767147332429886,0.18906405568122864,0.20229625667309317
2024-08-08,0.13875308944472697,0.161402370755,0.1792251273322954,0.17310105279302984,0.1624612980901008,0.19221439898216897,0.17730500079811606,0.15714667737483978,0.11658360809087753,0.16543388049448976
2024-08-09,0.14674504092703508,0.138753089445,0.1645667349336994,0.16541113512121394,0.14600595801563754,0.1629100759515696,0.1505398797943756,0.14206059277057648,0.09332295507192612,0.1464024759512855
2024-08-12,0.0758004575866373,0.146745040927,0.15307110377487923,0.15805732039730616,0.13875073560804851,0.1478336382931415,0.1444676008282478,0.13943709433078766,0.1182362511754036,0.14283624920111634
2024-08-13,0.10879515872739007,0.0758004575866,0.10913067959905133,0.10770481725397221,0.1006414284681824,0.11135975034624265,0.10798065132967538,0.1095145046710968,0.09494822472333908,0.10589715091307998
2024-08-14,0.06488536344911076,0.108795158727,0.11721770200203632,0.11999324133394396,0.10557484698998434,0.11386961945079355,0.10794532537867,0.11095711588859558,0.09510686248540878,0.11009495907563323
2024-08-15,0.06294494366765928,0.0648853634491,0.08792246628589721,0.08700337700519367,0.08128196423221029,0.08115703045572502,0.08768195286002796,0.09433091431856155,0.06738352030515671,0.08382303220896749
2024-08-16,0.07421214878438166,0.0629449436677,0.08011897808098753,0.07941447014912804,0.0755735677609655,0.0721773245020484,0.07794111271863695,0.0849248394370079,0.06877375394105911,0.07698914951283335
2024-08-19,0.07440919314783624,0.0742121487844,0.07895363335014262,0.07736725086248358,0.07513393319393512,0.06886809896336499,0.07617784177870685,0.08337918668985367,0.07517006248235703,0.07643571533154912
2024-08-20,0.10132661873620968,0.0744091931478,0.07896665890514701,0.07967545414980319,0.07645863480034798,0.07812088310481266,0.08123208862661706,0.08377734571695328,0.08498436957597733,0.08045934783995122
2024-08-21,0.11574819704837738,0.101326618736,0.09095902264614661,0.09282230881506012,0.08676381794402106,0.08966315793919474,0.09235120587877674,0.09392307698726654,0.09175200015306473,0.09117637005193294
2024-08-22,0.1455379323571501,0.115748197048,0.10228987777767527,0.10521996431879449,0.09655923512872942,0.09703397016929459,0.10301455740609758,0.10522580146789551,0.10455409437417984,0.10198535723466669
2024-08-23,0.07595315495570674,0.145537932357,0.12369024198117437,0.12398952808280715,0.11048184805631422,0.09831969275803243,0.10868480100243992,0.12318705022335052,0.09854099899530411,0.1124134515856318
2024-08-26,0.06519495992384074,0.0759531549557,0.09120647839408227,0.09393636479727765,0.08501156153324138,0.08137554172199822,0.08307300871492716,0.10072161257266998,0.08492458611726761,0.0886070219787806
2024-08-27,0.1085564412354845,0.0651949599238,0.08540084076618207,0.08456417944877448,0.08035437399253867,0.07655397876050053,0.07727486564988284,0.08337190002202988,0.07788888365030289,0.08077271747003019
2024-08-28,0.10789933459306966,0.108556441235,0.1064378710567093,0.10799381007149488,0.09885813366825937,0.09966633110796022,0.09601801624381526,0.09501258283853531,0.09325075894594193,0.09960535770467374
2024-08-29,0.09725421956834367,0.107899334593,0.10543496809582674,0.10776687083508765,0.096983591280141,0.08891728661051121,0.09491691992808698,0.10260030627250671,0.09064918011426926,0.09818130330520423
2024-08-30,0.1168850085827879,0.0972542195683,0.09610021054220061,0.0955717396794358,0.08852207236171923,0.07706430142402172,0.07669654648857532,0.09996899962425232,0.08221710473299026,0.08802013926474217
2024-09-03,0.10632782614304498,0.116885008583,0.10905408234454994,0.1126810216897472,0.10534521970238835,0.11401863240187467,0.10950662745270584,0.10697755217552185,0.11823678761720657,0.11083141762628491
2024-09-04,0.1271887058076369,0.106327826143,0.10787390999196599,0.10891409699389629,0.10516804646641743,0.12257956077458897,0.12423540261117068,0.10667484998703003,0.12992849946022034,0.11505348089789853
2024-09-05,0.15301988819587864,0.127188705808,0.11955251106340042,0.12023637880471047,0.11474544015438976,0.1222247724564048,0.11548282235332984,0.11368885636329651,0.12371007353067398,0.11852012210374367
2024-09-06,0.10134520507856502,0.153019888196,0.13580722860986744,0.14083083034593258,0.13144885033588502,0.14325324906888387,0.14074124607846192,0.12849189341068268,0.143553227186203,0.13773236071941664
2024-09-09,0.11200233684353375,0.101345205079,0.1119663692638282,0.1125908639908575,0.1098944030831756,0.12006509602497967,0.11510297388412416,0.11324518918991089,0.10952059179544449,0.11319792674747438
2024-09-10,0.13455178125370768,0.112002336843,0.11658798796545136,0.11889694208300576,0.11310820850942366,0.12204785451437795,0.11863809554234822,0.10899306833744049,0.10078664869070053,0.11415125794896398
2024-09-11,0.11605599358402133,0.134551781254,0.12973915266077918,0.12646600291410526,0.12121039380704082,0.12538738862613422,0.11833638820165929,0.11877179145812988,0.10081472247838974,0.12010369144946262
2024-09-12,0.07738775801766323,0.116055993584,0.12006982345237452,0.119396951297135,0.11197191354709864,0.10811755233058042,0.10462620518083078,0.1163831353187561,0.08221917599439621,0.10896925101731024
2024-09-13,0.08424471615204362,0.0773877580177,0.0950695713121142,0.09520351154010487,0.09196583350407044,0.08959605895091502,0.08040114118458021,0.09684732556343079,0.07878617197275162,0.08969565914685244
2024-09-16,0.09866176825855899,0.084244716152,0.09677793342794119,0.09668882310916149,0.09435534096905875,0.09354445574167575,0.09297056663765903,0.09086757898330688,0.09177196770906448,0.09385380951112395
2024-09-17,0.1774541963234006,0.0986617682585,0.10230932553218852,0.1043480524178976,0.09914693059520899,0.09958470179162612,0.09881939959936063,0.09685131907463074,0.1066802442073822,0.10110571045975639
2024-09-18,0.09514458925492926,0.177454196323,0.1431376829168038,0.1416272886788798,0.13169285455869267,0.12669376078504868,0.11859291322241561,0.1385369896888733,0.13439199328422546,0.13352478330499135
2024-09-19,0.07516821646793544,0.0951445892549,0.10249805902355283,0.10200856159726053,0.09620475450649466,0.09237858810377891,0.08764210093912425,0.11388827115297318,0.10962961614131927,0.10060713592350053
2024-09-20,0.06226513658919251,0.0751682164679,0.09289548679310586,0.0937761257589621,0.08812671580863207,0.08471101657495751,0.07929150032218307,0.09140221029520035,0.08864276111125946,0.08840654523775722
2024-09-23,0.06484370705317517,0.0622651365892,0.08488620531969457,0.08445864627436278,0.08184591037717166,0.07752473351442218,0.07355178058961036,0.07850426435470581,0.08153136074542999,0.08032898588219962
2024-09-24,0.050229570569595754,0.0648437070531,0.0831122488202588,0.0830426678385045,0.08040605989744573,0.07410804512274127,0.07032236298204694,0.0772966668009758,0.07584913074970245,0.0777338831730965
2024-09-25,0.07000522164134615,0.0502295705697,0.0649013445077549,0.06511959949178853,0.0679157958406183,0.06876975929686624,0.06727399744219444,0.06793146580457687,0.07329316437244415,0.06788644667946334
2024-09-26,0.06207040875841241,0.0700052216414,0.07195775617750667,0.07300846276880363,0.07436547950709296,0.07612962845510023,0.0738057138464909,0.07359223067760468,0.07775571942329407,0.07437357012227044
2024-09-27,0.0842443608335371,0.0620704087585,0.06704987221002302,0.06758459296138558,0.07199045324709258,0.07968245801773499,0.07196555919921573,0.07269740849733353,0.0851985514163971,0.07373841364988322
2024-09-30,0.12890193350537765,0.0842443608335,0.0794838080284544,0.07782959007519957,0.0819561912765383,0.08803039272937074,0.08096712909328804,0.08230713754892349,0.088123619556427,0.0826711240440288
2024-10-01,0.10878734791534353,0.128901933505,0.10623521892129639,0.10648302366997912,0.10603373357944967,0.11560223392467497,0.10766502935434896,0.10726302117109299,0.11566908657550812,0.10927876388519289
2024-10-02,0.12506165545272138,0.108787347915,0.102014689569802,0.10015922767322341,0.10164562987560319,0.11124721481521697,0.11149114282029521,0.10790235549211502,0.1135503351688385,0.10685865648787062
2024-10-03,0.11288744184459491,0.125061655453,0.11461062345368754,0.11593920116361806,0.11274610734674534,0.12219348057915524,0.11348806505079262,0.11431398242712021,0.12139958143234253,0.11638443449335166
2024-10-04,0.07690904981203447,0.112887441845,0.11343720553265624,0.11478309796907776,0.10860164685521637,0.11099144411859896,0.11283017644119737,0.11164221912622452,0.10796859860420227,0.11146491266388193
2024-10-07,0.06108175829060588,0.0769090498121,0.09589255013710705,0.09832130454353347,0.09994554186376944,0.11905415510369136,0.11430011760726978,0.0930202454328537,0.11843070387840271,0.10556637408094678
2024-10-08,0.060779800166206537,0.0610817582907,0.08244158733221131,0.08111158125792764,0.08771095738899239,0.10818883970898133,0.1084147949293551,0.07702568918466568,0.11193981766700745,0.09383332392416299
2024-10-09,0.06636138238920886,0.0607798001663,0.07802771660487483,0.07659402724731777,0.08392120496194716,0.104804525426452,0.09998672534963562,0.07223793119192123,0.10389673709869385,0.08849555255440607
2024-10-10,0.058676023158677,0.0663613823892,0.07542786801787542,0.0754229524059474,0.08276499416669522,0.10417908730258305,0.09815124892523852,0.07346834987401962,0.09587353467941284,0.08646971933882457
2024-10-11,0.0545911027658537,0.0586760231587,0.06701569482517067,0.06371286125405985,0.07647744078870879,0.0998754204942979,0.09846821963386877,0.06976804882287979,0.08977492153644562,0.08072751533649018
2024-10-14,0.07508505133760515,0.0545911027658,0.06314816729397058,0.06161717978509054,0.07376618299298766,0.09763785215914114,0.09715143496499366,0.06610403209924698,0.09322178363800049,0.07894951899049016
2024-10-15,0.058095689760119036,0.0750850513376,0.07405395791671185,0.07569416748614471,0.08334633503278009,0.10951025437502211,0.09846821963386877,0.07436440140008926,0.10788628458976746,0.0890462314906263
2024-10-16,0.07792566958601255,0.05809568976,0.06576751198938724,0.06410993757247249,0.07577180989348087,0.09842349803946987,0.09092210539280338,0.06960376352071762,0.09257412701845169,0.07959610763239759
2024-10-17,0.05363297380177236,0.077925669586,0.07618156872937878,0.0774850981519162,0.08327024754394825,0.10164266576458128,0.09159936066529338,0.07566721737384796,0.08948724716901779,0.08504762934256908
2024-10-18,0.06498178012417634,0.0536329738017,0.06437512213154935,0.06365610099832374,0.07345851798771207,0.09173020311312842,0.08984578654561867,0.06727756559848785,0.08196202665567398,0.07604361757578486
2024-10-21,0.053219200115691326,0.0649817801241,0.07068886204027627,0.071351091501216,0.07938393022797972,0.09803206415339757,0.09154907650057889,0.06854801625013351,0.08395866304636002,0.08050167195999171
2024-10-22,0.08789725720489348,0.0532192001157,0.06320213401047325,0.06247365781534326,0.07383911140999197,0.09465695172239175,0.09050386564237076,0.06397303938865662,0.08863223344087601,0.07675442763287195
2024-10-23,0.08066513298513305,0.0878972572049,0.08221316197528408,0.0840438041511087,0.09081807987476342,0.11242962905329187,0.10070244848156647,0.07764182239770889,0.10333522409200668,0.09302631000367574
2024-10-24,0.09298853323058494,0.0806651329851,0.07902909221771343,0.07873255315103674,0.08761740738551724,0.10826399628051386,0.09787169964719356,0.08020702749490738,0.10090073198080063,0.09037464402252612
2024-10-25,0.06211870111693579,0.0929885332305,0.08832413192091026,0.08928723355772292,0.09556146275354406,0.11737893114540075,0.10070244848156647,0.08672033250331879,0.1062399372458458,0.09774492537261557
2024-10-28,0.07698961333451676,0.062118701117,0.07350150617401927,0.07394420544275888,0.08323749449937294,0.10581543010019515,0.09426643013799252,0.07502297312021255,0.09616153687238693,0.08599279662099117
2024-10-29,0.07398652558803663,0.0769896133345,0.08263228496781802,0.08142220968316155,0.090175430854274,0.10938344315585241,0.09430119310828154,0.07710974663496017,0.09208711236715317,0.08958734582450013
2024-10-30,0.11832582472826632,0.0739865255881,0.07998106521659318,0.07988787259127277,0.08909868831171922,0.11182412538783526,0.10063170995427857,0.07695896178483963,0.10087483376264572,0.09132246528702634
2024-10-31,0.10823913076185894,0.118325824728,0.10428846031416025,0.10819607077126671,0.11252270749380183,0.1367436795680188,0.12954102814972107,0.09723932296037674,0.13056036829948425,0.11701309107954709
2024-11-01,0.08855533420278193,0.108239130762,0.10088939405198546,0.1014925575159651,0.1080968780254635,0.12965165663448078,0.12194895075288202,0.10091733187437057,0.1242283508181572,0.11246073138190067
2024-11-04,0.08048863498683774,0.0885553342028,0.09399158698691928,0.0930904867218476,0.10250772990501104,0.12449313209745268,0.11169943627373445,0.09229318052530289,0.11965247243642807,0.105389717849528
2024-11-05,0.0895925213862675,0.0804886349869,0.09052536327749582,0.08818974020423856,0.09688893940933,0.11641932796387051,0.1075958946125364,0.08436019718647003,0.10651635378599167,0.09864225949141898
2024-11-06,0.06012300912825638,0.0895925213863,0.09620608805185277,0.097339480390621,0.09485771625674552,0.09378967118467353,0.09062130137634354,0.08671531826257706,0.07433467358350754,0.09055203558661727
2024-11-07,0.04726745722526906,0.0601230091283,0.07709419813091563,0.07534420954839152,0.07909225490658235,0.08538753324116326,0.07998626375465853,0.07401439547538757,0.08540915697813034,0.07947543029074702
2024-11-08,0.05289524512699795,0.0472674572253,0.0655900524340809,0.06434009404581945,0.07017574469335494,0.07730083099688131,0.07750499281870596,0.06259643286466599,0.08397268503904343,0.07164011898465028
2024-11-11,0.06919308729556732,0.052895245127,0.06507341754079628,0.0651456557292397,0.07043109047134297,0.07687110920262671,0.07750499281870596,0.06140940636396408,0.059903569519519806,0.06804846309231363
2024-11-12,0.07853925401485298,0.0691930872955,0.07174909234915013,0.07312452507400989,0.07583354573057467,0.08170470903669508,0.07795434055811515,0.06911971420049667,0.06324414163827896,0.07324715265533151
2024-11-13,0.10612757322061407,0.0785392540148,0.07515218364041645,0.07608897493381435,0.07798351875102483,0.08202704267699362,0.0803159162251371,0.07602843642234802,0.05251782387495041,0.0743019852178121
2024-11-14,0.0861174757915349,0.106127573221,0.09218970382089571,0.09347890689321045,0.09082651538152817,0.09043239727211552,0.0926715684524659,0.0929088220000267,0.0580829381942749,0.08722726457350248
2024-11-15,0.07596790321999417,0.0861174757916,0.08618106028108533,0.08700685237408781,0.08752241367309044,0.09098752084162137,0.08552072147089695,0.09077701717615128,0.07478247582912445,0.08611115166372252
2024-11-18,0.06966683608141826,0.0759679032201,0.08344792538264828,0.08183754288160185,0.08454549340226888,0.08731263061452682,0.0809888773052492,0.08348309993743896,0.07770630717277527,0.08276026809950132
2024-11-19,0.11169261152390877,0.0696668360814,0.08050016464955152,0.07830946753556853,0.08248512803287153,0.08648162828008057,0.08034116098502908,0.07700400054454803,0.08090317249298096,0.08086067464580433
2024-11-20,0.14588035561503682,0.111692611524,0.10326667992833959,0.1039442788259857,0.10149326285913257,0.1036455882975357,0.09898474592996306,0.09254604578018188,0.09325942397117615,0.09959143222747353
2024-11-21,0.0921726108606434,0.145880355615,0.12287998717459143,0.12414058581888437,0.11554922964840365,0.11209456462135521,0.1112886520407741,0.11580541729927063,0.09706731140613556,0.114117964001345
2024-11-22,0.08163895256384908,0.0921726108607,0.09805015928517767,0.09802165412087416,0.09366295164992583,0.09003009871893103,0.08297343047297516,0.10351847857236862,0.0759391337633133,0.09174227236908084
2024-11-25,0.05784950235498314,0.0816389525639,0.09358025888239357,0.09560261606537612,0.08915747388939074,0.08416324060899441,0.08126507304320224,0.0900014191865921,0.06425057351589203,0.08543152217026304
2024-11-26,0.05768604769472424,0.0578495023549,0.08132060701811916,0.08155213809555081,0.07889904015822514,0.07429909048878777,0.07247212020796075,0.0747152790427208,0.05677318572998047,0.074290208677335
2024-11-27,0.037482730537887976,0.0576860476948,0.07642811167112226,0.07717581765942647,0.07544664878192366,0.07291244828649328,0.07059804829501592,0.06901998072862625,0.05862802267074585,0.07145843972762196
2024-11-29,0.042272445139935305,0.0374827305379,0.05724787270295752,0.05591155423424929,0.06104491316396049,0.06361354596497135,0.06481836286061364,0.0596696138381958,0.05238914489746094,0.05924214395177272
2024-12-02,0.04167194760241234,0.0422724451399,0.05508504973025656,0.055244266986394105,0.059936531318760894,0.06337635422053231,0.06627683349102102,0.05854089558124542,0.05020527541637421,0.05838074382065493
2024-12-03,0.039250280072159485,0.0416719476024,0.051302045279096944,0.05127296679091857,0.05735624969791917,0.06106866772245758,0.06638254469771541,0.05858460068702698,0.049033209681510925,0.0564286120795208
2024-12-04,0.049542516144186706,0.0392502800721,0.048558907158922,0.04747451326191138,0.055466598786544946,0.05882592444606734,0.06365221067283755,0.057708851993083954,0.04685847461223602,0.05407792584737188
2024-12-05,0.04553242503018832,0.0495425161442,0.0527273989599524,0.05340170716472096,0.059119167395785356,0.06178116192770759,0.06687940361617759,0.06048322468996048,0.05095846951007843,0.057907219037768964
2024-12-06,0.04871306817420147,0.0455324250302,0.05158226255738504,0.051713881243042166,0.057970212196664206,0.05938166276814343,0.065254405267113,0.06007920205593109,0.034513190388679504,0.0543564023538512
2024-12-09,0.050479801123471155,0.0487130681742,0.05369493647233375,0.05466460194265067,0.061049342781020435,0.0653752688883131,0.06760516104788086,0.060418419539928436,0.0627986341714859,0.0608009092633733
2024-12-10,0.035925785437720355,0.0504798011235,0.05532375120978032,0.055280934975186824,0.06236368413478681,0.0663089039497937,0.06760516104788086,0.06097038835287094,0.0625447928905487,0.06148537379440688
2024-12-11,0.053640951730919165,0.0359257854377,0.04816308118887702,0.04710127229872497,0.05595206506287158,0.05860114758345078,0.06399174741135608,0.05562470853328705,0.039555057883262634,0.052712725708832876
2024-12-12,0.06822255627909878,0.0536409517308,0.056895098040865524,0.05688373240597069,0.06335430923935889,0.06574458500887634,0.06724983466262863,0.05959516763687134,0.0488448441028595,0.05979536729963299
2024-12-13,0.0429828584646075,0.0682225562792,0.06580761259259618,0.06638016162811,0.07019441366190307,0.07013358257220006,0.06815065640239806,0.06781353056430817,0.055924803018569946,0.0663435372057265
2024-12-16,0.05916337457135115,0.0429828584646,0.05328546003269355,0.0522386017854828,0.06099553049420291,0.060794543430371044,0.06078692121686942,0.05874304473400116,0.06683526933193207,0.059097053003650424
2024-12-17,0.22527686282314924,0.0591633745713,0.06175968761405064,0.06059081282022599,0.06880531509251711,0.0701945096660898,0.06879279985430713,0.06118395924568176,0.07650978863239288,0.06683383898932362
2024-12-18,0.15819997561052024,0.225276862823,0.1571517548721639,0.16417979948349498,0.1526201854194557,0.1606933465388366,0.12775376271407637,0.13529682159423828,0.17545467615127563,0.1533071923962202
2024-12-19,0.17257422439262476,0.15819997561,0.13461978196159358,0.13688381088715812,0.13317049946819282,0.14130757789058485,0.13435871939443744,0.14167529344558716,0.17463555932044983,0.14237874890971483
2024-12-20,0.09473435129970965,0.172574224393,0.15062368615468502,0.1435598245560497,0.1390821365600841,0.13172119446638014,0.13374271031532384,0.14396712183952332,0.1160603016614914,0.13696528222193394
2024-12-23,0.058865167832432105,0.0947343512998,0.11838020262917402,0.11971126376103843,0.11069635729928265,0.09983864589520415,0.10089369274146336,0.10804487019777298,0.07902668416500092,0.1052273880984195
2024-12-24,0.08660506020645907,0.0588651678325,0.10144054270745334,0.10032556386946045,0.09389016928676207,0.07044197216051212,0.07969498712253312,0.07657746225595474,0.053393661975860596,0.08225205133979092
2024-12-26,0.1352731786500517,0.0866050602064,0.10224532789040688,0.10286348181868883,0.0966635329755321,0.07851889440010716,0.07839782348758104,0.0762433260679245,0.06746377050876617,0.08605659387842954
2024-12-27,0.12243769898550691,0.13527317865,0.12320787245894495,0.12547346776311918,0.1155293825970993,0.10173213562112202,0.10101635786400277,0.10291016101837158,0.09271921217441559,0.10894122707101077
2024-12-30,0.14113854412435606,0.122437698986,0.11261527458375922,0.11400944545188421,0.10938537345551161,0.10707599138799004,0.10783778116472095,0.10923277586698532,0.10569398105144501,0.10940723185175663
2024-12-31,0.19210412890699669,0.141138544124,0.1255293513667157,0.12763754381091227,0.1188637459464311,0.11324722946995079,0.11666332858952519,0.1194329485297203,0.11037330329418182,0.11882106442963389
2025-01-02,0.09587586094134226,0.192104128907,0.16138776967893326,0.16533946417391276,0.14707816172827637,0.13545270832196282,0.13581050471053607,0.14869287610054016,0.1265682578086853,0.14576139178897812
2025-01-03,0.0802215213315953,0.0958758609413,0.11659813144316095,0.11663313194710707,0.10805938883446359,0.10024849988537826,0.10294254662765,0.11578262597322464,0.10504043102264404,0.1093292508190898
2025-01-06,0.14424530779872183,0.0802215213315,0.10425521779619663,0.10528214911847326,0.09850947830135981,0.09527175767947824,0.0927058989317552,0.08988519012928009,0.09281234443187714,0.09696029091263147
2025-01-07,0.14989210846883835,0.144245307799,0.13642606220553993,0.1408406126401991,0.12637083170848362,0.12374462393168444,0.13338861253862727,0.11160155385732651,0.11329640448093414,0.12652410019468502
2025-01-08,0.16252931783425414,0.149892108469,0.13979475469081476,0.14097643806083937,0.12800529336704639,0.12404142739966732,0.12898131790098427,0.12800946831703186,0.1200440376996994,0.12997896249086907
2025-01-10,0.12883543438645598,0.162529317834,0.1430501451191915,0.14744775983258018,0.1332472482545719,0.13672807009197518,0.13271562380714005,0.13826662302017212,0.1258324682712555,0.13675541977098377
2025-01-13,0.13503731125696333,0.128835434386,0.12995915414143488,0.12688861081960096,0.12177568584113707,0.12285827076571997,0.1199322243265507,0.12656664848327637,0.12334847450256348,0.12447558126861191
2025-01-14,0.0880371933895578,0.135037311257,0.13770164397744772,0.14096091626840543,0.1269022242623639,0.12598095190111855,0.1199322243265507,0.1243399903178215,0.12034417688846588,0.12802316113459625
2025-01-15,0.09377501980407789,0.0880371933896,0.1104005133964691,0.11052400060548384,0.10086215498032294,0.09555558907436315,0.09898042876838463,0.10224568843841553,0.09470513463020325,0.10189621569909178
2025-01-16,0.06506860716395887,0.0937750198041,0.10809187337648032,0.10928313859078445,0.09940508624089407,0.09705327694148402,0.09524119448143474,0.09557188302278519,0.07993766665458679,0.09779773132977851
2025-01-17,0.08254004179458113,0.065068607164,0.08587293433257936,0.08544806890521545,0.08216820134851568,0.08876933364257994,0.08443952937483497,0.08719432353973389,0.08221610635519028,0.08515835678552137
2025-01-21,0.0413526009220165,0.0825400417946,0.09006324737525899,0.09058804460290254,0.08469562193814867,0.0898457989334058,0.08680667731077717,0.09011299908161163,0.08386518806219101,0.08799679675775654
2025-01-22,0.04863509701242057,0.041352600922,0.062257060949960294,0.06253734507471348,0.0629862842147887,0.07330327337844116,0.07807994921607718,0.07417561113834381,0.07837232202291489,0.07024454942789136
2025-01-23,0.05456231226953271,0.0486350970124,0.06238000968955623,0.05892445076782126,0.06395194854941234,0.07412318192853551,0.07615543346125872,0.06947697699069977,0.07513544708490372,0.06859249263888394
2025-01-24,0.1247458066412142,0.0545623122696,0.06181999198163683,0.0629227602111898,0.0643175378573707,0.0746665245091174,0.07423614907984862,0.06999222934246063,0.07307485491037369,0.06871857827028537
2025-01-27,0.09320868035156596,0.124745806641,0.10045421922397275,0.09844588823774081,0.09920488930396756,0.1100939327250182,0.10914903519752706,0.10007275640964508,0.10598138719797134,0.10334315832797755
2025-01-28,0.13088374230582497,0.0932086803516,0.08641412918965298,0.0821066385539983,0.08563585083359124,0.09468607555729627,0.08463268425801063,0.09923955798149109,0.10109277814626694,0.09054395921718676
2025-01-29,0.13709022250964947,0.130883742306,0.11214438329218487,0.11230235439711586,0.10573371762162237,0.11013646472757796,0.10133692233317587,0.11310762166976929,0.11282501369714737,0.10965521110551338
2025-01-30,0.12093480296009582,0.13709022251,0.12284762159014531,0.12484248348207025,0.11234487618119104,0.11088930442590193,0.11445195753199369,0.1219986081123352,0.1162542775273323,0.1176613041215671
2025-01-31,0.17513849682376514,0.12093480296,0.12103211345341153,0.125145768003242,0.11122714010673299,0.11015419742496049,0.10761647441837789,0.11824169754981995,0.09703662246465683,0.11292200191731451
2025-02-03,0.07877438037161574,0.175138496824,0.15118043491963257,0.1399692931861149,0.1373607258496376,0.13520906460828036,0.13896717335095218,0.13895538449287415,0.11791954189538956,0.13708023118612592
2025-02-04,0.07414560800786517,0.0787743803717,0.1041800265723763,0.10359137335618733,0.09760012017269008,0.09935797873003926,0.12882883189385438,0.10639640688896179,0.10227637737989426,0.10603301642771477
2025-02-05,0.07384875307696129,0.0741456080079,0.09707237662387894,0.0964899133183035,0.0917215384194111,0.09272009243275522,0.08945980813012044,0.08813950419425964,0.08083667606115341,0.09091998702569747
2025-02-06,0.16541610602195905,0.0738487530769,0.09137616111798902,0.09296360580931069,0.08710132959182519,0.08861768221256675,0.08419067024292505,0.08301852643489838,0.07490142434835434,0.08602419996540991
2025-02-07,0.046334006881236595,0.165416106022,0.13872784021982343,0.14357439666697905,0.12563087941293052,0.1205698257542156,0.1188511663180034,0.12440422177314758,0.09487379342317581,0.12380458908118219
2025-02-10,0.053403035810054844,0.0463340068812,0.07088590947018496,0.07011971790667362,0.0715997498622002,0.07825404849076545,0.07954991018178513,0.08957155048847198,0.08787017315626144,0.07826443707947754
2025-02-11,0.09633274967680099,0.0534030358101,0.07208235310467208,0.07073127158159248,0.07320492466002872,0.07949674805088663,0.07856481262154452,0.0746367871761322,0.07810912281274796,0.07526086000108637
2025-02-12,0.07583637179217635,0.0963327496769,0.09448097093040393,0.09224077199837952,0.09174877160654607,0.09439407950971143,0.09126064122092026,0.08860816061496735,0.08142406493425369,0.09059392297359747
2025-02-13,0.04954922042339435,0.0758363717921,0.08496013794655137,0.08322623122854494,0.08288967213823131,0.08374276355171484,0.07924673015952888,0.08798222243785858,0.07372618466615677,0.08225342030408381
2025-02-14,0.06878276001625698,0.0495492204234,0.062329468726421984,0.06265903569934898,0.065832509794776,0.07151575077842393,0.06918090214067416,0.07285934686660767,0.07041115313768387,0.06782688102056236
2025-02-18,0.0549598574799353,0.0687827600163,0.07345871009060627,0.0722241259041167,0.07492396167146008,0.07886616486222439,0.07259022725440788,0.07518172264099121,0.07958515733480453,0.07526143853694445
2025-02-19,0.07914685847614926,0.05495985748,0.06703240834454285,0.0646692650756253,0.06987237324935694,0.07483109881725088,0.07181830638296104,0.06919717788696289,0.07865084707736969,0.07086735383343852
2025-02-20,0.08939898439968096,0.0791468584761,0.07696224851373107,0.07794088729748719,0.07818282361676904,0.08251523335675207,0.08138851090158429,0.07718829810619354,0.08216248452663422,0.07947721233130735
2025-02-21,0.11988269404540423,0.0893989843996,0.08300839666110005,0.0857980034785931,0.0866497309965914,0.09720766559389145,0.09435344557884859,0.08506070077419281,0.10092796385288239,0.09042941527658567
2025-02-24,0.15020848448403837,0.119882694045,0.10358938116443994,0.10587566548024951,0.10395968871682934,0.11310712496821156,0.10865589120057706,0.10138736665248871,0.11450320482254028,0.10729690328647663
2025-02-25,0.11221574055156255,0.150208484484,0.12505681575063946,0.1271455695814648,0.12087726225928389,0.1260740326012106,0.12024287063396837,0.12147091329097748,0.12113149464130402,0.12314270839412123
2025-02-26,0.17322956633535744,0.112215740552,0.11206924086656844,0.1131487583888032,0.10965555654706043,0.1166120037109738,0.11494130936674264,0.1130901426076889,0.1149006187915802,0.11348823289705966
2025-02-27,0.19513098334797577,0.173229566335,0.1492247675378354,0.1534663594748477,0.14213218266297648,0.14503844243524397,0.14483223667094194,0.13362081348896027,0.1332346349954605,0.14307849103803802
2025-02-28,0.19357166541165058,0.195130983348,0.1688449148953121,0.16447460537575806,0.15249874894542073,0.1445741417760481,0.13134782859269462,0.15439140796661377,0.1292046159505844,0.14933375192891882
2025-03-03,0.2094123164522278,0.193571665412,0.17455743087578723,0.18080135216369678,0.16261290971131617,0.16047654455384108,0.15536699219296735,0.1622404158115387,0.15528087317943573,0.164476645498369
2025-03-04,0.20950445916762728,0.209412316452,0.18722671854975714,0.19091346904030143,0.17372342901924062,0.1700602055708897,0.1663497453467872,0.1708090454339981,0.1682395190000534,0.17533173313728967
2025-03-05,0.21247791467462213,0.209504459168,0.19578319737124011,0.19405938332005182,0.17668487796490595,0.16798738911633163,0.18081979247602836,0.17633746564388275,0.16258536279201508,0.17917963838349366
2025-03-06,0.24792572035898172,0.212477914675,0.20062453918217066,0.20440260281580586,0.18687962094003316,0.18236008720469557,0.19970182843931458,0.1801513433456421,0.17292974889278412,0.18957853868863514
2025-03-07,0.2051553790008344,0.247925720359,0.22194498751021446,0.22151254744788507,0.19844656422635548,0.18559599701856294,0.1725384241802484,0.20010952651500702,0.16617749631404877,0.195189363316046
2025-03-10,0.270251643513219,0.205155379001,0.2026154502889661,0.20661243334793367,0.19227012724370202,0.1908195543841263,0.2504224340278179,0.19100292026996613,0.1875912994146347,0.20304774556816382
2025-03-11,0.17143299708225368,0.270251643513,0.23866706232337398,0.23982802663073635,0.2200082662576744,0.21134424578876937,0.3189257940217886,0.21792323887348175,0.20316354930400848,0.23569431188569043
2025-03-12,0.18153768917795557,0.171432997082,0.18850551239517224,0.19295027245698246,0.17408673170467498,0.1707671424501525,0.19970182843931458,0.18523278832435608,0.18134842813014984,0.18465610055725754
2025-03-13,0.12650438396664837,0.181537689178,0.19046597625727463,0.19574282267439042,0.1775173456454523,0.1763704954924036,0.215600020417628,0.17333737015724182,0.13523851335048676,0.18061036342783962
2025-03-14,0.12352575655471047,0.126504383967,0.15364502213270192,0.1514493477594087,0.141534657875977,0.1435335226643332,0.17281659288120022,0.1451938897371292,0.11771781742572784,0.146555835782354
2025-03-17,0.1305255553817596,0.123525756555,0.14501844203158704,0.14593876466550643,0.1329610503072557,0.1361555473349155,0.13292838316684313,0.1346452385187149,0.11015908420085907,0.13397235860366882
2025-03-18,0.146032296845806,0.130525555382,0.13597620388147558,0.1387716957201871,0.12938628636619398,0.14027314058142248,0.14592341913393042,0.13466371595859528,0.12305618822574615,0.13543580712393585
2025-03-19,0.14124009254104872,0.146032296846,0.14101138738785546,0.13645570729771161,0.12954710757663027,0.13642642320308043,0.13766749418684437,0.14415481686592102,0.14355352520942688,0.13840235167535284
2025-03-20,0.12242162953941595,0.141240092541,0.13523546535419373,0.13639758914160824,0.12480474223168073,0.13349556847300176,0.13308410407432625,0.14398296177387238,0.1465742588043213,0.13622495569328635
2025-03-21,0.07930924081650763,0.122421629539,0.12585692002391624,0.12308124028443443,0.11595168073118764,0.1249711442025864,0.12257861179481308,0.13407549262046814,0.1084556132555008,0.12213867184470097
2025-03-24,0.0611219614553329,0.0793092408166,0.1014365389558752,0.10101036594824604,0.09364525737854573,0.10420715087986664,0.10454438291766432,0.10897651314735413,0.0846315324306488,0.09977882023688585
2025-03-25,0.09798707149152688,0.0611219614554,0.08671049271888523,0.08703993592730411,0.08157425974180112,0.0944523446540406,0.0979556485958004,0.08909203112125397,0.07806818187236786,0.08784184209020761
2025-03-26,0.1346418025408751,0.0979870714915,0.10008759251972965,0.10279249615804853,0.09537485339402646,0.11001516146209456,0.10879341517612262,0.09741340577602386,0.09788531064987183,0.10176603359084536
2025-03-27,0.1238213582169296,0.134641802541,0.11699057492156974,0.11745553091895525,0.10969395031697898,0.12319144227558701,0.11502313459035104,0.11852426826953888,0.1148766577243805,0.11653650843105164
2025-03-28,0.1889324168613846,0.123821358217,0.11194737498526873,0.11579455049396051,0.11098982127128512,0.131657497060393,0.13167013044470122,0.12264226377010345,0.1344727873802185,0.12273920362941863
2025-03-31,0.15317470388886803,0.188932416861,0.15256970851980028,0.14523859329497962,0.1423815304054246,0.15391522193809645,0.16413264984273923,0.15197502076625824,0.1511954963207245,0.15162974586971756
2025-04-01,0.16430630774146196,0.153174703889,0.14362528998404642,0.14226299985793595,0.1338915679301199,0.14377971874847573,0.15624714020438588,0.15019993484020233,0.15238389372825623,0.14605579218477466
2025-04-02,0.17264306775285243,0.164306307742,0.1547631604785715,0.15051939926353114,0.14162665476649478,0.1473560247181563,0.15180140066632047,0.15188615024089813,0.14515531063079834,0.14901544296639582
2025-04-03,0.45099889012866096,0.172643067753,0.1620940199295624,0.1674857020725372,0.16505567623821482,0.1808946230814361,0.2534164666080653,0.15635643899440765,0.1957666575908661,0.1830099406450128
2025-04-04,1.0191951795542598,0.450998890129,0.3232290398287173,0.3269550321813857,0.32958311280087266,0.3242548319093708,0.3956663686045372,0.2931307256221771,0.37485116720199585,0.33823861116415094
2025-04-07,0.4581043695258014,1.01919517955,0.6661321074095237,0.6366819261196315,0.6078676298525545,0.5292122819220004,0.4271776950559992,0.6399127244949341,0.5518523454666138,0.5798338157601796
2025-04-08,0.7171486573498412,0.458104369526,0.4252776600428886,0.43142424398629203,0.42346594689049216,0.37909243084139244,0.4271776950559992,0.5723716616630554,0.5243089199066162,0.4547312226266766
2025-04-09,0.5422679128862042,0.71714865735,0.5967692032092989,0.5325374990715789,0.48911783524851987,0.38901876550376757,0.3349376036215022,0.6137094497680664,0.31626248359680176,0.4674789771456479
2025-04-10,0.30057074545622703,0.542267912886,0.5455951043084896,0.5501277187626311,0.47824308673992527,0.38960714485078896,0.4304701675370447,0.5629130601882935,0.4343644082546234,0.4844743843773995
2025-04-11,0.21402164457425327,0.300570745456,0.4171279290425596,0.4149236480685898,0.3626525414278809,0.2981430394558353,0.38713218328002963,0.4115826189517975,0.2705569863319397,0.3660169923655189
2025-04-14,0.1674388173342848,0.214021644575,0.30531593191428874,0.31432768101937714,0.25938233454375487,0.22453041033193236,0.22160776719233605,0.2811882793903351,0.186824232339859,0.25616809096169757
2025-04-15,0.21016282912104128,0.167438817335,0.2576192324868476,0.2648159432372209,0.22069665489996962,0.19890346234176204,0.22484061648112477,0.23057718575000763,0.15969836711883545,0.2224502089022526
2025-04-16,0.17719626599507113,0.210162829121,0.23349781839148528,0.23834639969438728,0.21498835580165615,0.21413163177265807,0.2875732992856262,0.24105079472064972,0.18177363276481628,0.23019456177589698
2025-04-17,0.13887075720520717,0.177196265995,0.18576740852467327,0.18480733081389442,0.17438259210007825,0.18747546526956252,0.19332929002966284,0.2320132702589035,0.16925209760665894,0.1895753506576334
2025-04-21,0.17788173783631642,0.138870757205,0.1544645826029279,0.16005957754966216,0.16273407002406265,0.2100808672301688,0.17820304229919068,0.2323448359966278,0.20410287380218506,0.1859985499292607
2025-04-22,0.20936196500389462,0.177881737836,0.17260477220558046,0.1686693423922066,0.16751542363267374,0.20507576329029328,0.22199070610924862,0.2207692265510559,0.19811856746673584,0.19353482880682776
2025-04-23,0.12473363337843567,0.209361965004,0.19220423257695518,0.1971924579802772,0.17576324529650217,0.20101200893960292,0.20732632539098486,0.22702881693840027,0.18722742795944214,0.1982506450117378
2025-04-24,0.1475307146146415,0.124733633378,0.1416690852409041,0.13401600542473502,0.12880642071161214,0.15924793612021626,0.17612498994076983,0.17712758481502533,0.1504787802696228,0.1524958289318408
2025-04-25,0.14287827776240167,0.147530714615,0.15174344687507738,0.1513943327327944,0.13210180504142344,0.15274246734778074,0.1711659819202408,0.158512681722641,0.13638871908187866,0.15057849067454804
2025-04-28,0.13629390903713048,0.142878277762,0.14960721730075394,0.15124533460676667,0.13088183973191875,0.15067697318286633,0.1621714458968722,0.15141695737838745,0.1390625238418579,0.1478660417056319
2025-04-29,0.18056504715137978,0.136293909037,0.14326255522324657,0.13988050257452317,0.12379583572793729,0.14118767630115467,0.13428099884476158,0.14578181505203247,0.13975554704666138,0.13827784725290246
2025-04-30,0.1531886519015374,0.180565047151,0.16470644834335688,0.15731563307225416,0.143544227431069,0.1595252828805462,0.17603392440913818,0.1610855907201767,0.15211361646652222,0.15918924618900904
2025-05-01,0.11158244982624284,0.153188651902,0.15218003904516875,0.15600849147648294,0.13060329256544376,0.1510642317287122,0.1489622702054696,0.1571018397808075,0.16357263922691345,0.15135611486128545
2025-05-02,0.08207401736071898,0.111582449826,0.12769046313653024,0.12677369823004125,0.10636605560751047,0.11978791905278512,0.1177590263213485,0.13454662263393402,0.1419641375541687,0.12498398893375975
2025-05-05,0.15159963907187643,0.0820740173607,0.10783388004011163,0.10628891005896657,0.09372158398580023,0.1164011228784844,0.10823657026457423,0.11084825545549393,0.14503154158592224,0.11262312346705047
2025-05-06,0.20547086565082653,0.151599639072,0.1455797314999163,0.14520791487055418,0.12739280639814138,0.14639065054872274,0.14323514148863675,0.13245029747486115,0.15696290135383606,0.14245992051923836
2025-05-07,0.13753102929753416,0.205470865651,0.17550342149865972,0.17543262030977813,0.15056078210436963,0.15764195662581296,0.1440652822645074,0.1666836142539978,0.18509957194328308,0.16499817842862982
2025-05-08,0.0990615254255657,0.137531029297,0.137690311272599,0.1368255232101242,0.12270404917542355,0.12913871646093728,0.13871315231608905,0.1475699096918106,0.16954305768013,0.14031210282958767
2025-05-09,0.1064404577529334,0.0990615254256,0.11616391980630827,0.11994665028397256,0.106849386418185,0.11555364958712683,0.12915964530430937,0.11722970753908157,0.13492849469184875,0.11997592194726177
2025-05-12,0.0812188191824087,0.106440457753,0.12114587308821317,0.11932735409694009,0.104842937964291,0.09633125421742589,0.10207537766761507,0.1077808365225792,0.10852094739675522,0.10857494013625994
2025-05-13,0.0917910648053306,0.0812188191824,0.10252254707773761,0.10008532627162761,0.0928164498938172,0.09271919130769421,0.09157734160100531,0.09573125094175339,0.10834049433469772,0.09768465734690471
2025-05-14,0.09036243533520995,0.0917910648053,0.10005703017404535,0.10174446480712206,0.09395525514748863,0.09776718283290962,0.09748505523911258,0.09536899626255035,0.09941389411687851,0.09797026836858673
2025-05-15,0.06808675038405637,0.0903624353352,0.09592736605438626,0.09295864797421065,0.0905122953840677,0.09107320065811059,0.0818875036131151,0.09729155898094177,0.10890468209981918,0.09407932210923588
2025-05-16,0.07697138878678753,0.0680867503841,0.08193135851917523,0.07823457195494632,0.07956541748749962,0.0791560648587002,0.0815266119020627,0.09022287279367447,0.10870831459760666,0.08562074458766646
2025-05-19,0.08798658603171736,0.0769713887868,0.08445921928268463,0.0782183304692437,0.084015386722339,0.0861705365060999,0.07893491916120782,0.08993243426084518,0.11484929174184799,0.08808287402060976
2025-05-20,0.1630422741809743,0.0879865860317,0.0904049393468824,0.09153239904068655,0.08943798187428378,0.08921713514634118,0.09407229388544525,0.08623766899108887,0.11021660268306732,0.09301700299539932
2025-05-21,0.10860070122506207,0.163042274181,0.13493579704348518,0.13969918705733414,0.12973194325330842,0.12890312316930908,0.1257287868017986,0.12032876908779144,0.132829487323761,0.13030815624811254
2025-05-22,0.11047044770663149,0.108600701225,0.10747036073849486,0.10836868230267536,0.1068829594650291,0.1092964703836806,0.11415899050829259,0.11172005534172058,0.1309574544429779,0.112693567597553
2025-05-23,0.05947830719330536,0.110470447707,0.1113348858104766,0.11044990957850644,0.11353379839893893,0.11944180896924522,0.13350686050024047,0.10620853304862976,0.13406126201152802,0.11836243690250935
2025-05-27,0.08926322564453963,0.0594783071934,0.08319898655848165,0.07646873093220599,0.08407379720426791,0.08204817044349672,0.08760656823322194,0.08251945674419403,0.10931317508220673,0.0864612693140107
2025-05-28,0.13344687249721965,0.0892632256446,0.09893664950712934,0.1024663023172444,0.09814409348219483,0.09457722248906142,0.09785614993540695,0.08594214916229248,0.10701325535774231,0.09784797460729597
2025-05-29,0.12507139317076787,0.133446872497,0.12014569614481434,0.12452672912670984,0.11520019553435165,0.10729644803853775,0.11195442618085528,0.10657665133476257,0.11336599290370941,0.11415230560910583
2025-05-30,0.09769724371326757,0.125071393171,0.11687251596363026,0.11709856508265139,0.11272445104858589,0.10367761324609107,0.11063741091692415,0.11266064643859863,0.11778560280799866,0.11306525792921143
2025-06-02,0.05867454342568675,0.0976972437133,0.10149606367201928,0.09964208325067413,0.09995186950632945,0.09191931731488895,0.09943711667575758,0.1012810617685318,0.0969635397195816,0.0986701502725404
2025-06-03,0.061089399413682244,0.0586745434256,0.0808077971432154,0.07779722328811248,0.08240049663996457,0.07572562586611761,0.08487489915041449,0.07969556748867035,0.08301103115081787,0.08061609153247326
2025-06-04,0.13990033948987543,0.0610893994137,0.08007757211824197,0.08180020712340555,0.0824620509204938,0.07635681589803107,0.08315307085453202,0.07223281264305115,0.08311480283737183,0.07988533319930391
2025-06-05,0.08585715453293337,0.13990033949,0.12209534112873838,0.12647531087861794,0.11724113931297445,0.10635205323496966,0.11144822517944782,0.10345592349767685,0.10344246029853821,0.1129300647901376
2025-06-06,0.04867724004193664,0.085857154533,0.0908372784095616,0.09290714889737245,0.0900635212961224,0.08090912899040995,0.08181135108212136,0.09428772330284119,0.08888119459152222,0.08852819236713587
2025-06-09,0.06537028034869669,0.0486772400419,0.06771116723524716,0.06738549850592002,0.07349439118649427,0.0730956401425373,0.08668470205387697,0.07131235301494598,0.09443728625774384,0.07630300548525223
2025-06-10,0.10276263562926556,0.0653702803487,0.07691819724951857,0.07637349551148452,0.08052437876179097,0.07633815234883021,0.0873374307927937,0.06928502768278122,0.09446308016777039,0.08017710893070995
2025-06-11,0.07339292669054423,0.102762635629,0.0995274556579758,0.10268046516180979,0.09901386645886898,0.09085496115311037,0.10547469775465866,0.08639630675315857,0.09719713032245636,0.09730641189457694
2025-06-12,0.1049352321507281,0.0733929266906,0.07939152597919931,0.07448386324262166,0.08410780149243441,0.08486593600207205,0.0845525778023096,0.08015041053295135,0.09169794619083405,0.08275000874891748
2025-06-13,0.06210278231285938,0.104935232151,0.09735857110601479,0.09682997808574695,0.10265645949854209,0.1100698697774406,0.1035645695031396,0.08954793214797974,0.11553636193275452,0.10222339172165976
2025-06-16,0.08015301230426715,0.0621027823129,0.07570438359132603,0.07399071076632144,0.08172229260882041,0.08741104552542625,0.08381842947721391,0.07676661759614944,0.10805878043174744,0.0839246085710007
2025-06-17,0.10956146252326135,0.0801530123043,0.08623745173264374,0.08716880868013374,0.09440570058714792,0.10948437199565786,0.09930125586457046,0.07838835567235947,0.1163085550069809,0.09589921421992773
2025-06-18,0.10931840787080463,0.109561462523,0.10223770878426956,0.10449419415664905,0.10565240279027474,0.11215966671176525,0.11410363865838216,0.09183116257190704,0.1350690722465515,0.10936397798854276
2025-06-20,0.11147495340071867,0.109318407871,0.10458638032528117,0.10880376993741035,0.10748713660551643,0.1124060675273936,0.10822176817800779,0.10103075951337814,0.13251382112503052,0.11072138617314542
2025-06-23,0.05138031130952011,0.111474953401,0.10619450248460648,0.09941211335026626,0.10647619108476213,0.10750914350044205,0.1052758015616449,0.10298582166433334,0.11389777064323425,0.10596447775561277
2025-06-24,0.051076697556987766,0.0513803113094,0.07381868005611432,0.07299749882531009,0.07796100510091344,0.07951146989891375,0.08454024643319136,0.07774834334850311,0.09032590687274933,0.07955759293367078
2025-06-25,0.047900143676028364,0.0510766975569,0.07157755725646701,0.07193885136134599,0.07617898254642946,0.07498756179260181,0.07722635776800421,0.06595290452241898,0.08099900186061859,0.07412303101541229
2025-06-26,0.07385015646952145,0.047900143676,0.06554133804981421,0.06450612380177811,0.0722144112186884,0.075080559730749,0.07294395788296211,0.061495788395404816,0.08019691705703735,0.07028272801949056
2025-06-27,0.06534019813705495,0.0738501564696,0.0766858558092362,0.07557510694532524,0.08154984714605162,0.08310593445920876,0.07771861306638811,0.07220372557640076,0.08425095677375793,0.07872714853948123
2025-06-30,0.07753542903533069,0.0653401981371,0.06896833335757994,0.0688395137059396,0.07684809099345434,0.08481799146698166,0.08546009092300383,0.07349471747875214,0.08876295387744904,0.07817024168616579
2025-07-01,0.04183272733705035,0.0775354290354,0.07715848511354963,0.07648911000230837,0.08351076149501954,0.0893757133755836,0.08890165252703036,0.07874297350645065,0.08812874555587769,0.08318677736797427
2025-07-02,0.037459483425470244,0.0418327273371,0.05770938917838522,0.0543512398997668,0.06796403141042145,0.07621806980872217,0.07647837483987349,0.0656215250492096,0.08349989354610443,0.06883464624749759
2025-07-03,0.07700047651976187,0.0374594834255,0.054636302574481585,0.0516052084104833,0.06546754359387205,0.07323279857833931,0.06377932766516659,0.05735189467668533,0.0722646415233612,0.06261967386034134
2025-07-07,0.07105975721643018,0.0770004765197,0.07562288748498486,0.07808201848198573,0.08487279444473868,0.09482758132196872,0.09031102958107656,0.07037702947854996,0.08899776637554169,0.08329872959554947
2025-07-08,0.05620069637505927,0.0710597572164,0.07291357469241048,0.07216597293557506,0.08102960551541372,0.0875081312475244,0.0843880632258925,0.07504770904779434,0.09001955389976501,0.08043894436633936
2025-07-09,0.04180919467249614,0.056200696375,0.06355591394644475,0.06394188222552197,0.07257726070033906,0.07804159773579208,0.08259719048799276,0.06903830915689468,0.08400584757328033,0.07339400026089508
2025-07-10,0.05994880385054234,0.0418091946725,0.05596752815122943,0.054453283532667436,0.06625017167989745,0.07216657914868559,0.07909363232842605,0.06007235497236252,0.07987040281295776,0.06683913608946089
2025-07-11,0.0608141063263878,0.0599488038506,0.06707212383891645,0.06619996806301906,0.07568276692999379,0.08040256520547825,0.08019953257768622,0.06452447921037674,0.08334967494010925,0.07391873010936854
2025-07-14,0.07062773571383413,0.0608141063263,0.06638845728870207,0.06530996135426251,0.07675868353766122,0.088279785152028,0.09281058520201846,0.06728274375200272,0.089002326130867,0.07797607748822029
2025-07-15,0.12923712549177965,0.0706277357139,0.07148383569231609,0.07467036319653861,0.08178510263768503,0.09223957356219413,0.10037910072775283,0.07194641977548599,0.09377363324165344,0.08375400411908944
2025-07-16,0.049957647365900644,0.129237125492,0.10740404555153742,0.11142191590430375,0.10896622179657553,0.10852235430340831,0.10869450482637699,0.09832624346017838,0.09331421554088593,0.10523564305475232
2025-07-17,0.04504643725782584,0.0499576473659,0.06632569293552218,0.06419333786315845,0.07477803101691687,0.08044874483956559,0.07785226229322253,0.07705815136432648,0.08892643451690674,0.07565466497565984
2025-07-18,0.0413826051431439,0.0450464372578,0.06269079432599894,0.06335898421542355,0.07187625160019834,0.07745097501223869,0.07677268341537752,0.062364622950553894,0.0862366259098053,0.07153584820422802
2025-07-21,0.06948485354192811,0.0413826051432,0.05937646542929784,0.05915868853523382,0.06983279032245072,0.07676926862996211,0.07669503106724675,0.056167490780353546,0.08509775996208191,0.06901392781808953
2025-07-22,0.05724161062438408,0.0694848535419,0.0738522554989296,0.07506148807101179,0.08138368467787029,0.08632619016839496,0.07549184059928672,0.07148631662130356,0.08096373081207275,0.07779507234983853
2025-07-23,0.04853587551305611,0.0572416106243,0.062336327108210104,0.059985892502100895,0.07165108232801798,0.07698033261178436,0.07519645317000107,0.06978211551904678,0.07637649774551392,0.07032981442638216
2025-07-24,0.030348879785758814,0.0485358755131,0.057619790217455086,0.05719909204859224,0.0679535841800649,0.07371452634192621,0.06991427672696623,0.06494051963090897,0.07190760970115662,0.06617848554958147
2025-07-25,0.039158529439838774,0.0303488797858,0.04703195315258779,0.04568447414428343,0.05889181293442979,0.06372583441046731,0.0646736657710651,0.055186428129673004,0.0672084242105484,0.057486084679007836
2025-07-28,0.054995729794186744,0.0391585294399,0.051487255163702304,0.05226198777854247,0.06262835107966494,0.06628066924380341,0.07397968674632284,0.05601189285516739,0.06604783236980438,0.06124252503385825
2025-07-29,0.09269046992072917,0.0549957297942,0.058783213377052085,0.05961580171793588,0.06957180366800712,0.07736728314617132,0.07225065988371596,0.06352218985557556,0.07421498000621796,0.06790370452209656
2025-07-30,0.10888780738567932,0.0926904699208,0.08105790365459838,0.0837782036859416,0.08720247220482814,0.08822769320554531,0.0803644798281272,0.08295347541570663,0.10084865987300873,0.08634755540967942
2025-07-31,0.11533641103775165,0.108887807386,0.09382394785802185,0.09795609821598486,0.09763638984036657,0.0996721558543798,0.09274408460265846,0.0972086563706398,0.10477212071418762,0.09768763620803414
2025-08-01,0.05885157004596224,0.115336411038,0.10320072355398752,0.10517632202821538,0.10944437925332864,0.12247137888477921,0.10928892943194432,0.1045149639248848,0.10722146928310394,0.10875973805146341
2025-08-04,0.07684175918090631,0.058851570046,0.0749683960441769,0.07255296065943329,0.08139078289077323,0.09115112763547202,0.07756616597359073,0.08048471063375473,0.09727436304092407,0.08219835812544643
2025-08-05,0.08253770925657436,0.0768417591809,0.08596933308640292,0.08902266427835534,0.09108404347489742,0.09864178469584153,0.0907316744735875,0.07905566692352295,0.09212784469127655,0.0895190016605549
2025-08-06,0.10193102468414215,0.0825377092565,0.08824897557108288,0.08744578728992453,0.09092959886594676,0.09131758759740574,0.08341414692522593,0.08294596523046494,0.08675025403499603,0.08729318793072095
2025-08-07,0.0613177836002183,0.101931024684,0.09795782711848236,0.09983771629234736,0.0990144655858805,0.09672990497163786,0.09404875312053788,0.0937836617231369,0.0886080265045166,0.09571147933093423
2025-08-08,0.06800450940417996,0.0613177836003,0.07286832176671332,0.06973433338714556,0.0772245990788027,0.07374513839594822,0.07311630230500246,0.07882597297430038,0.08055387437343597,0.07515264889733551
2025-08-11,0.06639232798155222,0.0680045094043,0.07703897244661226,0.07770138811865909,0.08147808422713224,0.08174027818739207,0.07356985320378129,0.07620885968208313,0.081828773021698,0.07850945841247972
2025-08-12,0.05894595859065827,0.0663923279816,0.07546519685529719,0.07692893345134455,0.07841723363052863,0.07277345590675577,0.07210424048895323,0.07560945302248001,0.0798363983631134,0.07587641595978183
2025-08-13,0.062189678460239685,0.0589459585906,0.06990230198484759,0.07076212092868918,0.07366469292268052,0.06888421098316888,0.06674227836958843,0.07245903462171555,0.06530831754207611,0.06967470819325232
2025-08-14,0.06775176646450187,0.0621896784602,0.06880810016098289,0.06783667965215688,0.07349141268169175,0.07034935300751832,0.06610888964755259,0.07201769202947617,0.06969638168811798,0.06975835840964237
2025-08-15,0.05291869814517738,0.0677517664645,0.07212789058711624,0.07439185065726783,0.07683380459073894,0.07278379567845725,0.07038611767293682,0.07480283826589584,0.07540594041347504,0.07381889112369829
2025-08-18,0.07693148214659587,0.0529186981452,0.06329123423340642,0.06364358418783717,0.06995620296017992,0.06808944206946177,0.07594919383971134,0.06928624957799911,0.07751113176345825,0.06967529123315057
2025-08-19,0.10693730855758621,0.0769314821467,0.07665172903361517,0.07639608936626503,0.08128049508717848,0.0776051002009617,0.0735794813468665,0.07755725830793381,0.08344337344169617,0.0780733609692167
2025-08-20,0.09837414222208395,0.106937308558,0.09574614349958821,0.09858517654099269,0.0968211799256982,0.0918923402262076,0.09152189160761302,0.08838052302598953,0.09806926548480988,0.0944309314729856
2025-08-21,0.13601152501829541,0.0983741422221,0.09381179683585425,0.09421576665810763,0.09618483627626748,0.09622238579456227,0.09225409330857659,0.09248539060354233,0.10376700758934021,0.09556303958089298
2025-08-22,0.041332509219918406,0.136011525018,0.11841056978893623,0.09456601998125687,0.11082433254331217,0.0916841157176129,0.10109561553414698,0.10902800410985947,0.09576357901096344,0.10305317666944114
2025-08-25,0.05608235666044714,0.0413325092199,0.06790922033315239,0.0697058210087111,0.07066150379812486,0.064086827425357,0.06779285620022336,0.08019613474607468,0.07970219850540161,0.07143636600243498
2025-08-26,0.04328414086222158,0.0560823566603,0.07421030127423187,0.07285148928447141,0.07556286437818459,0.06724559552222195,0.07312276635095913,0.07147455215454102,0.07913412153720856,0.07337167007168836
2025-08-27,0.05469081930199254,0.0432841408622,0.06303842457300547,0.06223433585628912,0.06753094056529974,0.06555064346514483,0.06581136227056729,0.06361747533082962,0.07941237092018127,0.0667422218544739
2025-08-28,0.07558094555406408,0.054690819302,0.06596358139281716,0.06630705818045969,0.06972114614051104,0.06519785264714757,0.0637109681825249,0.06464347243309021,0.0770830363035202,0.0675181593257244
2025-08-29,0.08339388647887805,0.0755809455541,0.07267787700675742,0.07410197192021215,0.07716099477422977,0.07702309888483833,0.07187635729874485,0.07143479585647583,0.08412322402000427,0.07548547425160894
2025-09-02,0.07161966843070973,0.0833938864789,0.07970308220477118,0.07530976640456752,0.08243608104206704,0.08484554430937719,0.07860036561687347,0.0785747841000557,0.08927121758460999,0.08124869160890315
2025-09-03,0.05485032696613941,0.0716196684307,0.07457625484855586,0.07240617759343815,0.07828268301954595,0.08046066177114779,0.07187635729874485,0.07716511934995651,0.08949679136276245,0.07775200646345024
2025-09-04,0.10664207410779857,0.0548503269661,0.06658333912694409,0.06380954452212083,0.07165288820437539,0.06961027348155932,0.07114127242130305,0.07025665789842606,0.08162496984004974,0.07066842078496836
2025-09-05,0.05498131111213337,0.106642074108,0.09742608085713114,0.10080592880473953,0.09587160951087752,0.08564531963637156,0.0850690300315945,0.08653552085161209,0.0796060711145401,0.09013708011526664
