date,target,persistence,har,shar,har_rv_iv,har_x_lasso,hgb,lstm,lstm_x,combination
2022-10-13,0.21647272057088027,0.301046489396,0.23851773070274399,0.22379496893587336,0.24006670523553025,0.2502761286038051,0.2259141526071499,0.20493412017822266,0.19487471878528595,0.2254826464355159
2022-10-14,0.1950844238033227,0.299432320538,0.24982797752086294,0.25374526221259225,0.2473541666398017,0.2417442582160348,0.2313940795549065,0.22105123102664948,0.2141924649477005,0.23704420573122117
2022-10-17,0.20523650346433603,0.169466832096,0.1893706208673931,0.1875899500182609,0.18866774828189617,0.1980832398474281,0.18142969008190368,0.2188165783882141,0.2128269225358963,0.19668353571728464
2022-10-18,0.1912860651253263,0.212358224511,0.2101181088065301,0.21294145928772418,0.20788791078076835,0.21184092800216375,0.18906149682127907,0.22174812853336334,0.2071065753698349,0.2086720868002377
2022-10-19,0.18993279747077957,0.176343023448,0.19447847364032225,0.19649615078368582,0.19177148285235185,0.20298074794379065,0.19649978453868774,0.21942244470119476,0.20094503462314606,0.20037058844045416
2022-10-20,0.1875436507781998,0.199325348505,0.19538631397809936,0.19661146700257273,0.19446765204489666,0.2103759974384323,0.19913810687999828,0.21739576756954193,0.19551296532154083,0.201269752890726
2022-10-21,0.168640705238473,0.213652013516,0.19470600481671763,0.1919480183637105,0.19482190171012387,0.21139842313234247,0.19913810687999828,0.21481283009052277,0.19071544706821442,0.1996486760088043
2022-10-24,0.1521286574806186,0.221448542328,0.20270808075523322,0.20362786466274793,0.20147617200742152,0.21415236379378835,0.19913810687999828,0.2145744115114212,0.18702156841754913,0.20324265257545138
2022-10-25,0.15706278648574834,0.132051873527,0.15628487902439536,0.15324330303482703,0.15760620905984782,0.17491056240106373,0.1917522519870975,0.20284341275691986,0.18334104120731354,0.17428309421020924
2022-10-26,0.19479577205483434,0.168870974825,0.17203719284542152,0.17253595911099381,0.17154240292761563,0.1794680484627004,0.18965222511424584,0.19739998877048492,0.1839538961648941,0.18094138762805093
2022-10-27,0.1939823177385933,0.187673550394,0.17944282061244896,0.18175109695666203,0.17809206262782507,0.18825813465334357,0.19913810687999828,0.19460934400558472,0.18211905658245087,0.1862015174740448
2022-10-28,0.2232544773200735,0.109464676769,0.1359203468778068,0.1302018922747979,0.1367966370715859,0.1533675054702073,0.1866920308886623,0.18207845091819763,0.1815677434206009,0.15808922956026553
2022-10-31,0.2203052910953093,0.150188753629,0.14771888685655518,0.14927220884111297,0.14833790453062842,0.1594823408768007,0.1872867060093724,0.17565475404262543,0.18064497411251068,0.1640568250385151
2022-11-01,0.2233873999037896,0.158321349353,0.15376993740828654,0.15576367984114867,0.153801833299485,0.1620259962098882,0.1830015861488794,0.17216342687606812,0.17631064355373383,0.1652624433339271
2022-11-02,0.1910187889415793,0.308059695022,0.23173381252510772,0.23461830504723222,0.22748681672909848,0.22501770010515929,0.26130140454598894,0.18934346735477448,0.1734388917684555,0.22042005686797378
2022-11-03,0.1901104530224396,0.183412364473,0.1762348474111261,0.1752685386410806,0.17341627433093085,0.1774624397492714,0.19185356474698703,0.19006389379501343,0.17343299090862274,0.1796760785118617
2022-11-04,0.16119716516961907,0.2702769426,0.22856625765539443,0.2294579939222002,0.22148709248144283,0.2143595293935545,0.19176848003803998,0.20391102135181427,0.17439620196819305,0.20913522525866274
2022-11-07,0.1628804984719011,0.126554177814,0.16328193140904276,0.16383763271072163,0.15738226816503273,0.16288405339147907,0.16108311497749098,0.19853255152702332,0.17640452086925507,0.1690580104357208
2022-11-08,0.17226730791817865,0.178614656221,0.18799577603063267,0.18921771959725828,0.18109728389117574,0.1774221094327357,0.1779548516361442,0.20028208196163177,0.17672620713710785,0.18438514709809803
2022-11-09,0.16304391071149027,0.166829290479,0.17036566670515196,0.17182905548469984,0.16687744521162903,0.16351774711159922,0.17511485058611007,0.19659586250782013,0.17845498025417328,0.17467937255159763
2022-11-10,0.1537972248866974,0.178631264173,0.1751865828706768,0.17054310652333793,0.17238277242926775,0.17651964605695777,0.19185356474698703,0.19449612498283386,0.17818917334079742,0.17988156727869406
2022-11-11,0.15321508320018476,0.149205677683,0.15215916721405856,0.15167372188840098,0.14897524320284927,0.14498460908016267,0.16405598942046298,0.18789909780025482,0.1836298555135727,0.1619110977313946
2022-11-14,0.1473947684119132,0.136907317339,0.14824142932637074,0.1495672373732649,0.14380122920837796,0.145053300001083,0.14348639709305044,0.18358255922794342,0.17906029522418976,0.1561132067791829
2022-11-15,0.11584670234264215,0.218249944769,0.18737793677826942,0.1881938001249679,0.18246012268944023,0.17600510258819962,0.16475095246353927,0.18512864410877228,0.1734437197446823,0.1796228969282673
2022-11-16,0.11772124169770216,0.111213620459,0.13606831952013523,0.13751014778775206,0.13330207554309656,0.1319642339364493,0.15117522220664018,0.1783890724182129,0.1701071709394455,0.1483594631931045
2022-11-17,0.10388330935277737,0.131379132109,0.1408360906334934,0.13778304680575781,0.13905178721836592,0.1449799753087306,0.1684745322731996,0.17410488426685333,0.16785196959972382,0.15329746944373207
2022-11-18,0.08989468028404864,0.146180405454,0.14708594889063983,0.14831323036132527,0.14506367824287134,0.15073729505580394,0.17197878453093549,0.1710147261619568,0.16606609523296356,0.15717996549664232
2022-11-21,0.09483482313372003,0.0999769659304,0.12400309640160312,0.12401341205210394,0.12275120372736968,0.13482338666507948,0.14198819702375315,0.16577665507793427,0.16228221356868744,0.13937688064521872
2022-11-22,0.12276258336553514,0.0781616391448,0.102373345748066,0.10061360947525229,0.10368611585600497,0.11555329274106678,0.12363751353447941,0.1580716371536255,0.15882159769535065,0.1232510160291208
2022-11-23,0.12779322366903012,0.120655007735,0.12198471217127267,0.1205585143428302,0.12177928270790232,0.12854165929580308,0.13652990210199056,0.15447454154491425,0.15613298118114471,0.13428594190655113
2022-11-25,0.1374671738836588,0.0439059498229,0.08106594733230005,0.08084734332201629,0.08238237630852815,0.09312124603245006,0.09969940608238437,0.14593663811683655,0.15407411754131317,0.10530386781940408
2022-11-28,0.1401677678998718,0.0884040092142,0.09545886522698342,0.09644495314920173,0.09747342508205017,0.1033116264651393,0.10844122054127013,0.14111585915088654,0.15364675223827362,0.11369895740768642
2022-11-29,0.14195842151537813,0.120657964486,0.11152781969068368,0.11248630541695909,0.11490338351513224,0.12611865505179,0.1313860363147701,0.1392999291419983,0.1511782556772232,0.12670005497265094
2022-11-30,0.1311177714105801,0.191034768596,0.15197603107658153,0.14179341148688962,0.152334778445687,0.1579303814569368,0.1550384166085956,0.1433478444814682,0.1519491821527481,0.15062429224412957
2022-12-01,0.12751539485291088,0.144429607758,0.13387939310655092,0.13538784543566165,0.13278825964786656,0.14116961019760244,0.13668178089804983,0.14472831785678864,0.15252433717250824,0.13959422061643262
2022-12-02,0.126218042017215,0.121483792454,0.13097965093938288,0.12982356162701836,0.1286091887336367,0.13480627070694504,0.1263710906934328,0.1456495076417923,0.1503971368074417,0.13523377244994997
2022-12-05,0.1252239106850602,0.107536808384,0.12724309470803052,0.12860363099517294,0.12436090246542894,0.12876225356107765,0.11979408511056473,0.1453397274017334,0.14702807366847992,0.13159025255864115
2022-12-06,0.16100390553397248,0.130706908002,0.13836914270123815,0.1399921125660682,0.1366720885298157,0.1519984299759802,0.13177180096360963,0.14652782678604126,0.14711995422840118,0.14177876510730777
2022-12-07,0.19990148571633223,0.14728430166,0.1420192629359176,0.14299324134063746,0.14272941924261323,0.1531328113089781,0.1535218659200281,0.1475076526403427,0.14699716866016388,0.1469859174355259
2022-12-08,0.20452676376663473,0.127284882532,0.13179148959470094,0.13165396644269833,0.13363365835928492,0.1528880186917506,0.15763656377778765,0.14674152433872223,0.14669598639011383,0.14300588679929407
2022-12-09,0.21091174940660468,0.114509400749,0.12581005524103106,0.12660640787959798,0.12733636845070673,0.14376987546493467,0.1399207677841691,0.14543338119983673,0.1451083868741989,0.13628360612778218
2022-12-12,0.21360905725571136,0.101559507386,0.1198457911035028,0.11771380984418328,0.12222248359503024,0.1414174213155106,0.15128638134372996,0.1432780921459198,0.14495103061199188,0.13438785856569552
2022-12-13,0.18856347145142618,0.261324405192,0.20005437817317978,0.2030319635588369,0.19985099643075158,0.21086482239658094,0.1994218239197766,0.14329470694065094,0.12807345390319824,0.18351316361756784
2022-12-14,0.14113558620554723,0.303124392762,0.23162759199172933,0.23520993603916424,0.22502962704328108,0.21400123644309482,0.19978905709654762,0.15396925806999207,0.13943880796432495,0.19986650209259058
2022-12-15,0.13820599752121446,0.159857457904,0.17282540402183033,0.17500531338165648,0.16599584763217173,0.16223113643674356,0.15257111035056006,0.15595664083957672,0.15080037713050842,0.16219797568472108
2022-12-16,0.13812712940252228,0.162404579875,0.17841355497959166,0.17989405274398193,0.17191976583665883,0.16304435233533238,0.15944958317793728,0.15844790637493134,0.14463365077972412,0.16511469517545105
2022-12-19,0.1351855651304985,0.126647740051,0.16523714542543394,0.1668215755276102,0.15896236848735645,0.14997442159489344,0.13708495545803517,0.15895609557628632,0.14199894666671753,0.15414792981947614
2022-12-20,0.13529239630554354,0.133892538514,0.15685504927263558,0.15725187648643757,0.1530440897963606,0.1478893184723576,0.13708495545803517,0.15791870653629303,0.1373734176158905,0.1496310590911443
2022-12-21,0.13065914854632113,0.117045940238,0.13291116453994747,0.13101789790486854,0.13208520831435014,0.1377492280262163,0.13708495545803517,0.15353231132030487,0.13127177953720093,0.13652179215727478
2022-12-22,0.13098814708315046,0.14650128714,0.14424219235411545,0.14486291449064823,0.14196920136858532,0.14539690679426262,0.14392809409219687,0.15146608650684357,0.1269802749156952,0.1426922386460496
2022-12-23,0.1389435096071042,0.162068745275,0.15065423133899017,0.14902123224572095,0.1498207781437504,0.15247916098540765,0.1560253618795734,0.15079477429389954,0.12903156876564026,0.14826101537899744
2022-12-27,0.1559723171259111,0.109634920411,0.12658376154312292,0.12657686428168421,0.125860797538659,0.13366755008147987,0.1304360994423747,0.14734993875026703,0.12693879008293152,0.13105911453150274
2022-12-28,0.1582823525523553,0.134430983266,0.1370266918267134,0.13875148954129746,0.13692848711056077,0.147625663787947,0.13708495545803517,0.14551807940006256,0.12632200121879578,0.13846533833477315
2022-12-29,0.17240627481900564,0.0868254290518,0.11381426053816429,0.11162058051112524,0.1155398751937721,0.13061473630837916,0.12318592681379292,0.14107872545719147,0.12627550959587097,0.12316137348832802
2022-12-30,0.1676577878834696,0.147962951515,0.1401784925058847,0.14082517155513463,0.14015816477164889,0.15104013231573227,0.1530360606128804,0.1414228081703186,0.1274738609790802,0.14201924155866852
2023-01-03,0.15605268291008578,0.192362416088,0.16201823757226985,0.1637974823660973,0.1609423737410768,0.16548665939235901,0.16006122174323797,0.14430290460586548,0.12945878505706787,0.15515252349685346
2023-01-04,0.13642856255491903,0.192691826531,0.16950201060724007,0.170728395070935,0.1677818295353732,0.1700109204965159,0.1565187589341212,0.14800776541233063,0.13236188888549805,0.1592730812774306
2023-01-05,0.1462913761462927,0.147313904168,0.15105139100707832,0.15052084085409376,0.148682783647265,0.15124855172086088,0.15361474334009714,0.14906026422977448,0.13737446069717407,0.14879329078519193
2023-01-06,0.13027050090934544,0.175760511684,0.17110678768737897,0.1714529542764221,0.16722963181400913,0.17114822532136,0.17360604021168796,0.15298700332641602,0.142317533493042,0.16426402516147373
2023-01-09,0.12667005623720207,0.117554609548,0.1433501870111241,0.14456398172970095,0.13908225710676528,0.14481248593419363,0.13384033688276006,0.15255282819271088,0.13870587944984436,0.14241542232958562
2023-01-10,0.12150374630941391,0.134980847348,0.14571407567507616,0.145808241153244,0.14327352055374215,0.1453135498071792,0.14655714886247648,0.15228231251239777,0.1390320360660553,0.145425840661453
2023-01-11,0.12657048703857474,0.0918243115886,0.11814963775689541,0.11822100315659846,0.11698276309596634,0.12307253373543145,0.11874044773968788,0.14853475987911224,0.13481548428535461,0.12550237566414948
2023-01-12,0.10578964215923416,0.188794747361,0.16340254065095325,0.1642870057547992,0.16057892853502326,0.15331913603597544,0.16931203020173569,0.15110540390014648,0.13762012124061584,0.15708930947417846
2023-01-13,0.11200095742308784,0.093476953466,0.11541148554761993,0.113804160496985,0.11270938232116426,0.09770546156766627,0.11599906954840715,0.1458302140235901,0.11433760821819305,0.1165424831033751
2023-01-17,0.11829808462460555,0.0958831837486,0.11495717147556234,0.11482555537059912,0.11200019309376792,0.10339909627263658,0.1119071902901738,0.1417096108198166,0.1140432357788086,0.116120293300195
2023-01-18,0.12167838438024765,0.108669753157,0.11857775433268677,0.11904238900913183,0.1170527505632429,0.11791643164067712,0.12113087575121034,0.1381814330816269,0.11781167984008789,0.12138761631695195
2023-01-19,0.12854353972527102,0.121310936475,0.12672876685661105,0.12728282426571366,0.1255266190025865,0.13330859998170413,0.1269494453206423,0.1364346742630005,0.12481340765953064,0.1287206196213984
2023-01-20,0.1292495313835968,0.107239254129,0.11353317354686826,0.11096732319024492,0.11449619681782253,0.11381586377368892,0.12025017433030843,0.13319522142410278,0.12238550186157227,0.11837763642065831
2023-01-23,0.12749235143210597,0.124506109115,0.12368225477862074,0.12303045539065376,0.1228862994881462,0.12821856675699247,0.13095835490254282,0.1320497840642929,0.12234015762805939,0.12616655328704404
2023-01-24,0.12304231788386699,0.128236877444,0.12821108530276862,0.12895514795376412,0.12673879706172947,0.1296959747658643,0.13095835490254282,0.13206133246421814,0.11948223412036896,0.12801470379589378
2023-01-25,0.14904752240032523,0.125956648291,0.12878044077275624,0.1278383401356729,0.12676639956247582,0.12026413365769455,0.12363161297247993,0.13225345313549042,0.11756876111030579,0.12530044876383936
2023-01-26,0.14789417024305837,0.152661079543,0.14294352209007602,0.14403238487202707,0.13981498604899956,0.1411976552645191,0.1485297455870289,0.13459235429763794,0.12128046154975891,0.13891301567286393
2023-01-27,0.15807807021126521,0.111401330401,0.12594052027265595,0.12604631344833594,0.12292047654163203,0.12802221905192773,0.12282733488890973,0.13369587063789368,0.11775150895118713,0.1253148919703632
2023-01-30,0.156204877312201,0.115091540788,0.1266403832352479,0.1270475466875224,0.12341766157943554,0.12857519645248688,0.12282733488890973,0.13348257541656494,0.1146305501461029,0.12523160691518148
2023-01-31,0.17577732955819056,0.104260530976,0.11995810042574309,0.11685084904106136,0.1190253131853344,0.13011842870992688,0.1455558107460797,0.1322765350341797,0.12000806629657745,0.12625615763412895
2023-02-01,0.1572103199485477,0.226371016179,0.18050993759278758,0.17366168596878534,0.17496306828519217,0.1685909731686029,0.15996030376166856,0.14002661406993866,0.13830451667308807,0.16228815707429475
2023-02-02,0.15591313933175283,0.146945614083,0.1462543843964547,0.14566233697470327,0.1407563566462866,0.13820603964274294,0.14683328644932947,0.14128290116786957,0.1331367790699005,0.14173315490675528
2023-02-03,0.14608210047405265,0.167302749123,0.16003381609239206,0.16042291467659014,0.15311648041033543,0.14289714897897013,0.15039581199221128,0.1443541795015335,0.12592916190624237,0.1481642162226107
2023-02-06,0.14430892236912704,0.101501230696,0.13111739760838786,0.13169695978355622,0.1257698765680584,0.12887092829490102,0.12282733488890973,0.14238141477108002,0.11373919248580933,0.12805758634295752
2023-02-07,0.13906007496030315,0.208227730554,0.1856854788065648,0.1850260080803101,0.17790133995433033,0.17141984684168304,0.1520922711299107,0.14858096837997437,0.1226099282503128,0.16333083449186944
2023-02-08,0.13407472424392247,0.142586508915,0.15031612278872092,0.15131128924954276,0.14431295498201988,0.13335832379143436,0.12699249684867586,0.14818450808525085,0.12089306116104126,0.13933839384381227
2023-02-09,0.1286230153536684,0.139864667046,0.1484538363476136,0.14960020614111497,0.14363412306449994,0.14224455008963524,0.1292618957648434,0.1476440131664276,0.1246018260717392,0.14077720723512485
2023-02-10,0.13038233540185148,0.114654154645,0.13303978016361473,0.13251933656647208,0.13074912960705062,0.1400145985019555,0.13713510953135916,0.14504897594451904,0.1285681575536728,0.135296441124092
2023-02-13,0.1304646809859711,0.087908616273,0.12045937410939349,0.11830465035558548,0.11864942818011845,0.12599515463870406,0.12566706818356854,0.14124514162540436,0.12718330323696136,0.12535773147567653
2023-02-14,0.11448744891661204,0.189530959568,0.161788185813054,0.1630848857479259,0.15866994820659233,0.16413873743813018,0.16095646489823573,0.14934781193733215,0.15495799481868744,0.1589920041228511
2023-02-15,0.11474615325880799,0.116286494015,0.12842603640681416,0.1285534758810279,0.12522996223780367,0.1252882297464741,0.12799631960916918,0.14517758786678314,0.13754449784755707,0.13117372994223273
2023-02-16,0.1169847346741723,0.111361425439,0.12370948096670335,0.12416078280950153,0.1206901392803359,0.12542587639436745,0.12799631960916918,0.14136825501918793,0.1458919793367386,0.1298918333451434
2023-02-17,0.11198127322235488,0.124193162888,0.12994546888875422,0.13037102927817895,0.12802010113603746,0.13032131411334186,0.1361179585601439,0.13969378173351288,0.1521054059267044,0.13522500851952482
2023-02-21,0.11108764750373398,0.0885173588325,0.11504537905765726,0.11559745029790655,0.11341734994077704,0.11669698690937866,0.12421213193209735,0.13547445833683014,0.1472713202238083,0.12395929667120789
2023-02-22,0.10917860977160505,0.127881583929,0.12598412004731877,0.12683667817038566,0.1280142132590536,0.15056689578669502,0.17234886963787807,0.13422290980815887,0.15601564943790436,0.1419984765924849
2023-02-23,0.10700804776101476,0.117554529183,0.12176285758046776,0.12249669730338447,0.12323110261575212,0.14857592469395556,0.16489957818789994,0.1327536553144455,0.15876980125904083,0.13892708813642088
2023-02-24,0.1002273799939219,0.122454519603,0.12485641211287424,0.12549340541121187,0.1248743432226982,0.13729642052028207,0.14705648118523962,0.13238109648227692,0.1531330794095993,0.1350130340491689
2023-02-27,0.09665879469304764,0.0984673993604,0.11247645519497475,0.11324015873047028,0.11406111377529918,0.12746598559804312,0.14483494246377698,0.12963107228279114,0.14695985615253448,0.12695279774255572
2023-02-28,0.11522863513645736,0.0826959623667,0.105498478311183,0.10596770222837201,0.10709470776599427,0.12544696645878758,0.14024162670143703,0.12593011558055878,0.14055471122264862,0.12153347260985448
2023-03-01,0.11440015793332635,0.119378459225,0.12017806720675948,0.1206102589215284,0.12126309227712306,0.13072777479714393,0.14835942410813446,0.12583933770656586,0.13772907853126526,0.1292438619355029
2023-03-02,0.12259343421738578,0.107111318736,0.11407584641036433,0.11166745842645265,0.11583433036412169,0.1352163530754471,0.1485724161249901,0.12487734109163284,0.13642753660678864,0.12666732601425676
2023-03-03,0.15172356573646248,0.0892700198578,0.1035735397171729,0.10175593218811774,0.10532419383092835,0.12135604845494477,0.12218517629206108,0.12204625457525253,0.13142400979995728,0.1153807364083478
2023-03-06,0.2006969587342848,0.0786308030744,0.09771452182761234,0.09823953863351097,0.09896908207660737,0.10209600973343552,0.1131275623183445,0.11817548424005508,0.12357322871685028,0.10741363250663086
2023-03-07,0.20167222015061176,0.162825676757,0.1404801981905939,0.14131688668800643,0.13937625505339604,0.145008275107798,0.16117565323319397,0.12414497882127762,0.13062134385108948,0.14030337013505076
2023-03-08,0.21490716314833716,0.11532564947,0.12022369338833677,0.11938577199522736,0.12095646326116347,0.13614934433967937,0.1473059016221816,0.12463811784982681,0.1338694840669632,0.12893268236048266
2023-03-09,0.2175919526723854,0.145539013641,0.13633746655474413,0.1371128191793651,0.13527335892163922,0.1431478776423979,0.157753468391132,0.12863238155841827,0.13944445550441742,0.13967168967887342
2023-03-10,0.20926684452385286,0.218914567533,0.1790583351404081,0.17927135999382487,0.1777604917636636,0.19182594967522182,0.17663141941901864,0.14071854948997498,0.16423822939395905,0.17278633355372444
2023-03-13,0.169019416132638,0.304103514316,0.2350379617556515,0.2329373542454869,0.22952450571402244,0.23982028851776688,0.21261599938570253,0.1628633290529251,0.1961238831281662,0.2155604745428174
2023-03-14,0.15689659095414588,0.168743227087,0.17838185957985073,0.17848129702687685,0.17681200716653372,0.19127362689326408,0.17239532330326288,0.1686255931854248,0.20453788340091705,0.18150108436516144
2023-03-15,0.16160645147290306,0.202155948183,0.2001211560407924,0.19775796447295896,0.1926117315941825,0.181940682482024,0.19118983858507765,0.17756451666355133,0.19196005165576935,0.19044942021347946
2023-03-16,0.161820669521536,0.164278574282,0.1855898729302714,0.18304157120713752,0.1796685558494142,0.18059730425864423,0.16316442580099444,0.16600261628627777,0.18041273951530457,0.17692529797829204
2023-03-17,0.15879220347416484,0.173652986223,0.18546929730862577,0.186631698857286,0.17735900919320008,0.17297622143024752,0.1532887939931188,0.16854682564735413,0.16945871710777283,0.17339008050537214
2023-03-20,0.15552024965771863,0.127881591652,0.15018020696199208,0.14989707069272268,0.14906200809140674,0.1623471224446847,0.16124885307640877,0.16647610068321228,0.1618165671825409,0.1572897041618526
2023-03-21,0.15486492707601837,0.0933764574384,0.12887330230747188,0.12923716586682765,0.12809684603552637,0.13633917634908221,0.14034607080084127,0.16193054616451263,0.1452917754650116,0.1385878404270391
2023-03-22,0.12360434323580807,0.219926241974,0.183447206999592,0.18491611016234927,0.17820908411572417,0.17671913569642897,0.15579017226292213,0.164489284157753,0.15089020133018494,0.17063731353213635
2023-03-23,0.10381742708315367,0.165329578726,0.1603545021533205,0.1614859594784236,0.15707394916002443,0.16583037428006678,0.16158774135910633,0.1638992726802826,0.14980897307395935,0.1600058245978834
2023-03-24,0.08207602074309069,0.159061414627,0.1563030594892983,0.1549645342302753,0.15336577507571925,0.1518820411925997,0.15475508662437004,0.1628345549106598,0.14047282934188843,0.1535111258378301
2023-03-27,0.07522451171448154,0.105884948555,0.13196956149300787,0.13276698280402205,0.12918008680242654,0.13267299010060138,0.13782658517060017,0.15893146395683289,0.12413240969181061,0.1353542971456145
2023-03-28,0.07787970780812374,0.0877618979229,0.12393572046034451,0.12467186348198932,0.12074486800388876,0.1275236820910407,0.11959345292946173,0.15546941757202148,0.11526592075824738,0.12674356075671342
2023-03-29,0.08145211126129569,0.0695844239131,0.10272093581638257,0.10245874246281843,0.10226861062469542,0.11172466821277009,0.11597038661528694,0.1499767154455185,0.10742561519145966,0.1132208106241331
2023-03-30,0.08032328105778007,0.0695269163622,0.09403567452364997,0.09449638750081374,0.09441490808077191,0.10089074576053764,0.1104209087721424,0.14464683830738068,0.10309547185897827,0.10600013354346781
2023-03-31,0.081615388201397,0.071362516053,0.08698285050845277,0.08492860287027057,0.08879948909039753,0.09717979234647636,0.10523515850292767,0.13942809402942657,0.1014237254858017,0.10056824469053616
2023-04-03,0.07848871865303556,0.0763078779603,0.08646620290386482,0.08645601398525649,0.08863131160548901,0.09676726394661528,0.10908919126002214,0.1353912502527237,0.10338437557220459,0.10088365850373944
2023-04-04,0.08380778297693556,0.0986648841028,0.0968341039058252,0.09750963656068339,0.098124620361527,0.10059983673804704,0.11033212670451835,0.13349364697933197,0.11294698715209961,0.10712013691457609
2023-04-05,0.07995112229368997,0.0876811254178,0.09383072442000745,0.09431664154222724,0.09522751293841583,0.09999796396362069,0.11033212670451835,0.13141591846942902,0.11693114042282104,0.10600743263729138
2023-04-06,0.09109498101346095,0.0626171490381,0.08294789138833839,0.08235216656901706,0.0851189906401609,0.08908905965863485,0.10126376896052615,0.12867265939712524,0.11312033236026764,0.09750926699629574
2023-04-10,0.08902761980763549,0.0783506174469,0.09030737466006972,0.08852376289345015,0.09170586593076,0.09849002016991194,0.11120226390123364,0.1273014396429062,0.11081932485103607,0.10262143600705254
2023-04-11,0.09315266735860231,0.057618825582,0.08014204805591128,0.0805529321811497,0.0826609589633278,0.1124896228567562,0.1034655751121167,0.1251094490289688,0.10830773413181305,0.09896118861857765
2023-04-12,0.08063253780761022,0.118537281113,0.10786178637971713,0.10840066246952068,0.1096042217651014,0.11997437479720648,0.12062552622117514,0.12599225342273712,0.11760769784450531,0.11572378898570904
2023-04-13,0.08223915320081458,0.0673065160077,0.08514164030341495,0.08324866842938541,0.0883426170326,0.09543705172962687,0.10599047011987273,0.1237095296382904,0.10335657000541687,0.09788950675122961
2023-04-14,0.07636971366909484,0.115980495786,0.1106145329783923,0.1113639074227213,0.11106807225116276,0.11325953332467478,0.12114268662402852,0.12446711957454681,0.11548882722854614,0.11534352562915322
2023-04-17,0.07566120117495367,0.0653982176222,0.08832161111529795,0.0885315147800838,0.08949018908691658,0.08391043156053182,0.09091439493089941,0.10996542870998383,0.10898292809724808,0.09430235689728021
2023-04-18,0.07597263083353802,0.0841275269962,0.09881171860084731,0.09949902147762421,0.09906542816848303,0.11089564200008803,0.10065267612262757,0.1092248409986496,0.10579114407300949,0.10342006734876133
2023-04-19,0.0809578426169567,0.0563206942425,0.08183511300261323,0.08168975216823307,0.08374462137745359,0.0942629412961763,0.08546602000804375,0.10644450783729553,0.1012398824095726,0.09066897687134115
2023-04-20,0.08076611005468327,0.0764102606105,0.09124626487709991,0.09144526459624716,0.09266367940381082,0.0884741772250949,0.0830479673517118,0.1050647646188736,0.10187628120183945,0.0934026284678111
2023-04-21,0.0854665242845914,0.0937909890999,0.09654963175606732,0.09710246636771452,0.09876486388071716,0.10571486928153015,0.09715211260545636,0.10447239875793457,0.10510154813528061,0.10069398439781439
2023-04-24,0.08734637568390122,0.0611420301826,0.08288365900606881,0.08328675921271353,0.08553579834866494,0.09209974630401464,0.08683453511467447,0.10222861170768738,0.10118158906698227,0.09057867125154373
2023-04-25,0.09044366062571865,0.0855193379369,0.09348068102010768,0.0938833713785702,0.09600421584187782,0.10339306735574962,0.09588644398897664,0.10133033990859985,0.09997037798166275,0.09770692821079208
2023-04-26,0.09596010722076842,0.0841645936667,0.0956331712595749,0.09628827404254711,0.10037488902787231,0.1198912738006816,0.1064346423717335,0.10052227973937988,0.10707958787679672,0.10374630258836944
2023-04-27,0.10901762067002715,0.0753889195268,0.09193692366009636,0.08894202728782524,0.09655353901290958,0.11352599674098207,0.1042459256970324,0.09961657226085663,0.10790251940488815,0.10038907200922721
2023-04-28,0.10248892715856563,0.112710074243,0.1092644291255816,0.10917267393678587,0.110733030729777,0.11176698331043594,0.11488885839859142,0.1005372554063797,0.10699190944433212,0.10905073433598338
2023-05-01,0.10174919920439203,0.073230189908,0.09374757936476834,0.09428699463745346,0.0945435335630147,0.08901768193545685,0.08684558937364417,0.09997241199016571,0.10084366053342819,0.09417963591399021
2023-05-02,0.09583304348230923,0.100333888455,0.1063928487333503,0.10713587028893286,0.10674341695397067,0.10621336213842317,0.09134892413013801,0.10085773468017578,0.0948067381978035,0.10192841358897062
2023-05-03,0.10075188980106771,0.110567223802,0.11296799303344181,0.11366800060954066,0.11404337962539181,0.10833594786668016,0.11475962004244833,0.10240650177001953,0.09954733401536942,0.1093898252804131
2023-05-04,0.09045707784896044,0.138079637822,0.1300189245151807,0.13066703141430447,0.13017677245524822,0.1336620786733708,0.11475962004244833,0.10549233853816986,0.11235455423593521,0.12244733141066537
2023-05-05,0.09366106217123278,0.076152831226,0.10074860535520647,0.09992252417164194,0.10380934454125457,0.11851880749210027,0.1070311223328761,0.10496281087398529,0.10521606355905533,0.10574418261801713
2023-05-08,0.09399430744537804,0.0678767814283,0.09684158389869438,0.09735280816550046,0.09727661351481869,0.10910458581741522,0.09214207245504404,0.10427127778530121,0.09727127104997635,0.09918003038382148
2023-05-09,0.09761538546440357,0.0649788626727,0.09242621014838316,0.0927180365670037,0.093588007524674,0.09950639008053261,0.09138084274325199,0.1031750738620758,0.09209448844194412,0.09498414990969506
2023-05-10,0.08632360614760305,0.130613806147,0.12168233927348993,0.12260105435987248,0.12217702750832868,0.11903519063074736,0.11475962004244833,0.10522602498531342,0.10051383823156357,0.11514215643310911
2023-05-11,0.08885053965104102,0.0960400153765,0.10324627180377433,0.10368747064204434,0.10404365570116778,0.10081119671136769,0.09936226151866062,0.10505999624729156,0.08939189463853836,0.10080039246612067
2023-05-12,0.08960246452326817,0.0935350836537,0.10383167237596047,0.10447468394432505,0.10423880405457633,0.11175447675342431,0.09203106691934274,0.10492178797721863,0.10076235979795456,0.10314497883182887
2023-05-15,0.09327604506518794,0.0701422396459,0.09419373435476396,0.09454086086405186,0.09474046687071973,0.09444876746818998,0.08374038775683264,0.10400903224945068,0.10258529335260391,0.09546550613094469
2023-05-16,0.09671467053364433,0.0877007458941,0.10356311884487644,0.10402899191005394,0.10327720471540093,0.09795736151729859,0.09132592208813606,0.1010335311293602,0.10254208743572235,0.10053260252012121
2023-05-17,0.09888310139440698,0.0817005131632,0.0965686546339988,0.0964047441993486,0.09819351733203205,0.10480917598623962,0.09957837411915867,0.0998661071062088,0.10804757475852966,0.10049544973364519
2023-05-18,0.09813589932899097,0.106943684448,0.10806636429539321,0.10760366308000859,0.10823861935765575,0.11326625200103434,0.1146498567739134,0.10103242844343185,0.11232087016105652,0.10931115058749909
2023-05-19,0.09514630885913679,0.0970552839154,0.10413002735723531,0.10477884612105613,0.1036848449781696,0.10059452905565625,0.09230280023112376,0.10149606317281723,0.10542507469654083,0.10177316937322844
2023-05-22,0.09621844520977094,0.0909891666866,0.1034390608832185,0.10372148357982054,0.1030591564206795,0.09359175049711221,0.09132592208813606,0.10181758552789688,0.10156211256980896,0.09978815308095323
2023-05-23,0.09111576066825547,0.10468025314,0.11068270964486124,0.1113761439321542,0.11005790949359937,0.10966627017068345,0.1146498567739134,0.1033833920955658,0.10542652010917664,0.10932040031713629
2023-05-24,0.08933453877854461,0.0937852604402,0.10712409671608192,0.10741874049666753,0.10751991359322259,0.10264771267305411,0.09860149597617096,0.10383954644203186,0.10876971483230591,0.10513160296136213
2023-05-25,0.08604796333733467,0.103445089888,0.1108025517323703,0.1112082805760989,0.11233833772124227,0.12493478873566868,0.11644451069248248,0.1049802154302597,0.11527450382709503,0.11371188410217391
2023-05-26,0.0905215658876209,0.0808118487473,0.09985928049566833,0.09752540222124648,0.10085821805418818,0.10142859458734131,0.09860149597617096,0.1038518100976944,0.10632823407649994,0.10120757650125853
2023-05-30,0.08569373740677302,0.0964617748109,0.10685135688660305,0.10752128353115804,0.10644881035219891,0.09843031823063308,0.09860149597617096,0.10435280203819275,0.1013386994600296,0.10336353806785521
2023-05-31,0.08567723310382386,0.0786029173462,0.09710200765357825,0.09760798126675602,0.0973463837976109,0.09091290347411024,0.09132592208813606,0.10280504822731018,0.09380784630775452,0.09584401325932232
2023-06-01,0.08102236557662836,0.0847854053416,0.09884296459409858,0.09757119234776725,0.09914778458276124,0.09729574221383178,0.09230280023112376,0.10201655328273773,0.09008747339248657,0.09675207294925814
2023-06-02,0.07940745605217794,0.0884242472436,0.09903817898397062,0.0990389776239975,0.09845265913725289,0.08540909851570794,0.09132592208813606,0.10134170204401016,0.08672930300235748,0.09447654877077609
2023-06-05,0.06904109703220605,0.102372185574,0.10685821327434239,0.10757346194851494,0.1051237669980947,0.0999131023057333,0.11387914903434095,0.1022377759218216,0.07987210154533386,0.10220822443259739
2023-06-06,0.06912206903528807,0.071071708152,0.09163340806641654,0.09093646332770391,0.09118215844566466,0.08256619897415934,0.08319945137123941,0.10004487633705139,0.07503192126750946,0.08779921111282067
2023-06-07,0.08756334243769004,0.0785129086411,0.09473528022391305,0.09526530061030514,0.0936947801985252,0.0781605226263399,0.0905552143485636,0.09896910190582275,0.07664501667022705,0.08971788808338524
2023-06-08,0.09335250880406039,0.0575216673566,0.08349993967834915,0.08311946567068294,0.08322660728061493,0.07874035051993321,0.07669064728008705,0.09618902951478958,0.07686837017536163,0.08261920144568835
2023-06-09,0.09563786306147672,0.0807678727331,0.09249777366259511,0.09300520450632063,0.0917925638987265,0.07789076586202356,0.0858978014590591,0.09574667364358902,0.08116346597671509,0.08828489271557559
2023-06-12,0.09825519649017211,0.0527798199393,0.07649580735041023,0.07564182672935081,0.07728456282290799,0.06887982664149259,0.07669064728008705,0.09246211498975754,0.08003312349319458,0.07821255847245726
2023-06-13,0.09965899589055276,0.0714641479428,0.08442580489315116,0.08450062895442026,0.08558824470348073,0.08292002222843523,0.07873574300604266,0.09135258197784424,0.08711935579776764,0.0849489116515917
2023-06-14,0.08512411633100182,0.143567647397,0.1203848730410562,0.12094371215154409,0.11910071845688087,0.0966069504191095,0.10977121699537275,0.09702979028224945,0.08065126836299896,0.10635550424417313
2023-06-15,0.08002105835595784,0.0924418845613,0.10176545854177917,0.10016723120455692,0.10020319675682055,0.09009894153213738,0.08651572673390823,0.0982280746102333,0.08514624834060669,0.09458926824572032
2023-06-16,0.07602611281882884,0.0931826111492,0.10318788070895146,0.10381977456381625,0.10160959357948585,0.08891665944186017,0.08602847392624972,0.09903589636087418,0.08063742518424988,0.09474795768078392
2023-06-20,0.07369959004545582,0.0729597376956,0.09658327709256195,0.09708399543857979,0.09465210551949171,0.08596990119079329,0.07968788132291967,0.09898589551448822,0.06941644847393036,0.08891135779325213
2023-06-21,0.07677339764354377,0.0805995258307,0.10068141770500111,0.10115991328847113,0.09897732851892158,0.09313124437524839,0.08651572673390823,0.0993923470377922,0.07002060115337372,0.0928397969732452
2023-06-22,0.07403336696537535,0.0847506222696,0.0971101868504383,0.09656693771831383,0.09616441414274415,0.07949360176433692,0.08602847392624972,0.09912580996751785,0.07393515110015869,0.08977493935282278
2023-06-23,0.07536485004317338,0.0658162215385,0.08683878039359805,0.08697965654181018,0.08644201805122909,0.08148757017246913,0.0733995885265464,0.09778440743684769,0.0697745829820633,0.08324380058636625
2023-06-26,0.06920916464277097,0.0746056249237,0.08891131903664354,0.08940273599899068,0.08904175308398228,0.08456835010952603,0.07912294237498252,0.09677321463823318,0.07219831645488739,0.08571694738532079
2023-06-27,0.06734821707100097,0.0598449833925,0.08163720915599379,0.08121453110192373,0.08255474725157048,0.08057569401171724,0.07355440278897,0.09519638866186142,0.07448747754096985,0.08131720721614379
2023-06-28,0.060019437816076444,0.0938557863345,0.09709737865076636,0.09716413529118431,0.09706258012025018,0.08271270303304218,0.08260278877786968,0.09548159688711166,0.08069378137588501,0.09040213773372992
2023-06-29,0.06005835950154239,0.0715303583633,0.08658119455407594,0.08664801547141207,0.08696065254746257,0.08036794911020828,0.07552124614618673,0.09438642114400864,0.07897847890853882,0.0842062796974133
2023-06-30,0.058879177544084185,0.0729820594845,0.08790355298197133,0.08820493084612782,0.08817695509993621,0.07743580405427508,0.07934681825335198,0.09376951307058334,0.07981188595294952,0.08494992289417076
2023-07-03,0.06785730680247676,0.0334101558341,0.06772897518705676,0.0673821758974561,0.06921371641906429,0.05561525326805458,0.07355440278897,0.09108179062604904,0.07170633971691132,0.07089752198622316
2023-07-05,0.07099709542917718,0.0480706916708,0.07289394307452421,0.0729541631384018,0.0747616602006603,0.07135903778463196,0.07355440278897,0.08947999775409698,0.06875559687614441,0.0748226859453471
2023-07-06,0.06890050870928785,0.0643557417333,0.07709421082207991,0.07737559356837265,0.07976989937974174,0.0802510128102219,0.07355440278897,0.0884999930858612,0.07264527678489685,0.07845576989144917
2023-07-07,0.06746423641661359,0.0716935165748,0.0802629941461359,0.0806070126134548,0.08349303426688355,0.08207000587452566,0.07720276212714283,0.08798674494028091,0.07983431220054626,0.0816366951669957
2023-07-10,0.06377762233623799,0.0680083525596,0.07827779845722294,0.07851293236790577,0.08138241664214466,0.09728630562568949,0.07552124614618673,0.08744349330663681,0.07158690690994263,0.08143015706510415
2023-07-11,0.05868888351631817,0.082495582936,0.08878620204720244,0.08890590067546275,0.0909122544973241,0.09440064473377441,0.08309004158552818,0.08819825202226639,0.08014979958534241,0.0877775850209858
2023-07-12,0.05847740390668282,0.0670123776789,0.08400237694892611,0.08439856665283493,0.08583544801600139,0.09596157545593355,0.07720276212714283,0.08842159062623978,0.084409698843956,0.08574743123871922
2023-07-13,0.062337101512996596,0.0517216028284,0.07653673199264839,0.07640834800976554,0.07808976622400304,0.07898197192791742,0.07355440278897,0.08771057426929474,0.07541222870349884,0.07809914627372828
2023-07-14,0.06535128307730678,0.0645033006384,0.08119951652802264,0.0816198420922028,0.08275334308632477,0.07827281146895755,0.07523591876992611,0.0877077504992485,0.0915258377790451,0.0826164314605325
2023-07-17,0.06909072028989892,0.0469674950982,0.07201863427553981,0.07167057193312881,0.07413500828758093,0.07393227285679609,0.07355440278897,0.08667714148759842,0.09485647082328796,0.07812064320755743
2023-07-18,0.06708870953504682,0.0607414264863,0.0756967139692299,0.07410255004178115,0.07848922469292698,0.07258759476081239,0.07288716096545737,0.0693054348230362,0.08533386141061783,0.07548607723769454
2023-07-19,0.07683979370331159,0.0660815205525,0.07791262537769611,0.07820239987705166,0.08069595108153228,0.07610446014938266,0.07454210399853843,0.07083967328071594,0.08159042149782181,0.07712680503753412
2023-07-20,0.08263766048582669,0.0707577662593,0.08165938052921756,0.08208739195734344,0.08427336820569557,0.08323614522325665,0.07606909793367697,0.07314059138298035,0.08109400421380997,0.08022285420656865
2023-07-21,0.08415582463296976,0.0780067668046,0.08590314240478317,0.08639014380118464,0.08816798266048555,0.0927320321865501,0.08070015533701907,0.07629168033599854,0.08273505419492722,0.08470288441727833
2023-07-24,0.08449076665561109,0.0686995833133,0.08402745828278776,0.08437350071826205,0.0857886980280641,0.07566323234585723,0.07441415490059591,0.07579545676708221,0.08065610378980637,0.08010265783320794
2023-07-25,0.0856640002305828,0.0482323281222,0.07443821611549203,0.07469042631509148,0.07683156521966729,0.07569070892034137,0.07454210399853843,0.06990330666303635,0.07924080640077591,0.07504816194756327
2023-07-26,0.07946330356026744,0.106696120384,0.10244394366233674,0.10260414126781425,0.1033136721446999,0.09824987249253758,0.1061535814741566,0.08284544944763184,0.0828247144818306,0.0969193392815725
2023-07-27,0.0761769149558238,0.0981315782866,0.10129745756031862,0.10159697076900989,0.10122377202065264,0.10014383291352971,0.08338191591838554,0.08752058446407318,0.08293210715055466,0.09401380582807488
2023-07-28,0.08299083385060263,0.0857388774869,0.09675691797535303,0.09649943594290919,0.09723236570914993,0.08812838346520513,0.08338191591838554,0.08648774027824402,0.0765371099114418,0.08928912417152694
2023-07-31,0.08417884434957142,0.0707252917946,0.09073327892573312,0.0904387868889305,0.09085327512464939,0.08340860246413118,0.07713860136515417,0.08173849433660507,0.06887572258710861,0.08331239452747315
2023-08-01,0.08839801525117774,0.0576585978267,0.0861719827476751,0.08657094731865225,0.08648643860031503,0.08110131996838386,0.07561160743001563,0.07626985013484955,0.06691732257604599,0.07987563839656249
2023-08-02,0.09060841481247452,0.0791488502192,0.09262130404499777,0.0931460495443851,0.09340542118978437,0.08933631267677469,0.08188713458679682,0.07851891219615936,0.06932161003351212,0.08546239203891573
2023-08-03,0.09947072533333016,0.0840971786353,0.09327394116611938,0.09344615510747466,0.09536711409903531,0.09278978957186074,0.08354207761987788,0.0807824432849884,0.07628493756055832,0.0879266369157021
2023-08-04,0.09522099818315376,0.113021837571,0.10766473167288107,0.10823476242969712,0.10883477425843063,0.10674059297442871,0.10764836280574534,0.09017858654260635,0.0854392871260643,0.10210587111569336
2023-08-07,0.09401449561231806,0.0774277958066,0.09337527926543618,0.09343514653567828,0.09514115414156128,0.10100557025174937,0.08513791052715663,0.08559878170490265,0.08507967740297318,0.09125335997563679
2023-08-08,0.0953064485455456,0.08345759537,0.09821178633177037,0.09864856251240636,0.09859285452261601,0.09876295423377957,0.08576576322010526,0.0854077935218811,0.08784721046686172,0.09331956068706006
2023-08-09,0.09786236152031326,0.0907905235332,0.10227356495539176,0.10285096151691865,0.10259348147476666,0.10386732705436372,0.08576576322010526,0.08764734864234924,0.09288723021745682,0.09684081101162174
2023-08-10,0.09129631715693338,0.124479063589,0.11990839275929827,0.12069574128258623,0.11925336407783824,0.12153702381537275,0.1121679882997129,0.0986095741391182,0.10195855051279068,0.11344723355524532
2023-08-11,0.09155029026150954,0.0929354735888,0.10483616355420457,0.10454796477025916,0.10472340504190589,0.10276239512378393,0.08576576322010526,0.09503991156816483,0.08804986625909805,0.0979607813625031
2023-08-14,0.09426801687026672,0.069667051141,0.09436382361749074,0.09322821886054342,0.0941885394327935,0.09594670171860063,0.07789296487281187,0.08685823529958725,0.09956606477499008,0.09172064979668823
2023-08-15,0.09506912759485368,0.0904883361024,0.103630130675777,0.10420519194252487,0.10276865977226135,0.09427807762704729,0.08576576322010526,0.0885501354932785,0.09946081787347794,0.09695125380063889
2023-08-16,0.08812084880585712,0.103496533774,0.10988308224704318,0.11047788971126847,0.10957386110988102,0.10272384070956289,0.10498744075945188,0.09300895035266876,0.10102298855781555,0.10452543620681311
2023-08-17,0.09019492016920339,0.0963582684174,0.10424691537847171,0.10482878935374385,0.10521912704065342,0.11167302111228344,0.09334793698730187,0.09296104311943054,0.10464851558208466,0.1024179069391385
2023-08-18,0.10712694018551305,0.0941763922323,0.10337634526078981,0.10340815508945797,0.10498513905446005,0.10878041391155946,0.0693199816030908,0.09251496195793152,0.10899531841278076,0.09876861647001005
2023-08-21,0.10621259763808363,0.085898281724,0.10136484696449781,0.10142955248274413,0.10211840289191684,0.10505626763982917,0.06968125009830271,0.09072692692279816,0.10741786658763885,0.09682787336967537
2023-08-22,0.1045590249013829,0.0945861462136,0.10531856273393245,0.10594900614833208,0.10555245779800998,0.11337594536471308,0.09334793698730187,0.09208932518959045,0.10469081997871399,0.10290343631437057
2023-08-23,0.10821299732895791,0.0659337346611,0.08994898217745358,0.08894684478746512,0.09131135317016206,0.0933810071008411,0.07998953188704648,0.08528922498226166,0.09825068712234497,0.0895882330325107
2023-08-24,0.1023159829539507,0.10551831141,0.10714358934721852,0.10763891364101488,0.10683262867447452,0.1103011224022275,0.0997341985564189,0.09185284376144409,0.09791460633277893,0.10305970038793963
2023-08-25,0.08202509729841234,0.159920234179,0.13569087445061906,0.13513789361066214,0.13431482093748034,0.13124707320841597,0.13141955245302803,0.10936568677425385,0.10448019206523895,0.12595087049995693
2023-08-28,0.07887896304805135,0.0800199207742,0.10187842818854764,0.10229646658990561,0.10060469751215606,0.09913287589071998,0.08778961887549724,0.09826637804508209,0.0957828164100647,0.09796446878742475
2023-08-29,0.07943087766109556,0.0848758388002,0.10302005439098633,0.10047798635607673,0.10157878281834742,0.09540553286496009,0.08414816645952919,0.09374977648258209,0.09084269404411316,0.09560328477379929
2023-08-30,0.07820613584532361,0.0907445473806,0.10767862681356871,0.10782808395432625,0.10502426828081891,0.09989805943085292,0.08410273010106292,0.09367634356021881,0.09198696911334991,0.09859929732202835
2023-08-31,0.0784951610549237,0.0701901127459,0.09585012472735127,0.09635931475849911,0.09368684086130134,0.08838257600071375,0.07484725086539622,0.08829177916049957,0.08885528147220612,0.08946759540656678
2023-09-01,0.07498079519525151,0.0828991097341,0.09411405933494241,0.09452753180429888,0.09319563142774255,0.08957891375568988,0.08329426676013342,0.08729764819145203,0.08463607728481293,0.08952058979415314
2023-09-05,0.0763810351281956,0.0622258695746,0.08392602575642684,0.08433005841544675,0.08335337240643731,0.07475489644416847,0.07070000637573236,0.081809401512146,0.07219669222831726,0.07872435044838214
2023-09-06,0.07504086870364342,0.0874115300427,0.0947287172492075,0.09529114390782842,0.09439509418338143,0.09371397837218579,0.08558647640672759,0.08519963920116425,0.07830379903316498,0.08960269262195142
2023-09-07,0.0697674880051235,0.0852598948424,0.09331040109143876,0.09234779487412807,0.09340422386143714,0.0937028503889329,0.08353119506987249,0.08627547323703766,0.08414368331432343,0.08953080311959578
2023-09-08,0.0696676043633522,0.071785131143,0.08786670462730248,0.0881203640088597,0.08829911761140281,0.09254790082148368,0.07250250303870276,0.08374448120594025,0.08831824362277985,0.08591418784806737
2023-09-11,0.06840269182824847,0.0646174054731,0.08327817620561548,0.08366036054093029,0.08379944913890877,0.08214340178484293,0.07334015832418544,0.08057492971420288,0.08749119937419891,0.0820410964404121
2023-09-12,0.06824809605030467,0.0702265849949,0.08648998693295554,0.0868624631840151,0.08676491286439827,0.08948869058322242,0.07250250303870276,0.0804160088300705,0.08701927959918976,0.0842205492903649
2023-09-13,0.07405087129163149,0.0814010001605,0.09063240895264155,0.09106777727624796,0.09121408602823573,0.09077647685882875,0.08422544171058452,0.08279737830162048,0.08945925533771515,0.08859611778083917
2023-09-14,0.07951839985121388,0.0587460781864,0.07879360837756959,0.0784635101332359,0.07972838320641723,0.07470468958506149,0.07314198108447233,0.07824301719665527,0.07639475166797638,0.07706713446448402
2023-09-15,0.08657406154552397,0.0712984475927,0.08375458822583567,0.08404416704139717,0.08399458473747795,0.07561689574277339,0.07834556209320097,0.07937360554933548,0.08137717097997665,0.08092951062428533
2023-09-18,0.09667203152461756,0.0574645529713,0.0774621267860878,0.07773291047272934,0.07876392801660996,0.07513539939473433,0.07785790358044223,0.07697219401597977,0.08264962583780289,0.07808201258634091
2023-09-19,0.10117408486288103,0.0694704618219,0.08245709115533201,0.08276852512140176,0.08398791063956813,0.08518372874665373,0.07834556209320097,0.07754088193178177,0.08487693220376968,0.0821658045559583
2023-09-20,0.10650643257927368,0.103705194903,0.09871563663018895,0.09807434302677326,0.09946308812440113,0.0997524548023795,0.10589224418810766,0.08408088982105255,0.091548852622509,0.0967896441736303
2023-09-21,0.11615935790494956,0.08746041151,0.0945761727112865,0.09496696074349385,0.09560685736779564,0.09320176898985241,0.08458815117637952,0.08592664450407028,0.08718542009592056,0.09086456794125697
2023-09-22,0.12150369655981175,0.104608459109,0.10472952711567077,0.10511113407040187,0.10636598664838882,0.11162174918015455,0.11750547176250901,0.09063167124986649,0.0857214704155922,0.10309814434894052
2023-09-25,0.12692372497792842,0.112045716479,0.11269403905800623,0.11068023627606424,0.11303494820830784,0.11471626184097788,0.11065591649352494,0.09593404084444046,0.08797279745340347,0.10652689145353215
2023-09-26,0.13170703008656634,0.096331271711,0.108633265142925,0.10927749231490866,0.10862254318197384,0.11459618537227716,0.09716041284229349,0.09696560353040695,0.08843246847391129,0.10338399583695664
2023-09-27,0.13347612529712186,0.127639692551,0.12392970474733574,0.12435722792688746,0.12478163266433792,0.14049038087593782,0.12097940255313655,0.10335873067378998,0.1037161573767662,0.12023046240259881
2023-09-28,0.12966417997996307,0.13563260973,0.1315155839693673,0.13152069338510397,0.13069969639469375,0.13000441854042022,0.1282384549347259,0.10974099487066269,0.10988666862249374,0.12451521581678107
2023-09-29,0.12988155190294584,0.131505471221,0.13213726063685605,0.13297506111303806,0.12997626854485989,0.12575530094689893,0.1282384549347259,0.11354099959135056,0.10849977284669876,0.12444615980206117
2023-10-02,0.12254508987371697,0.1388764235,0.13753329663350025,0.1374554740528994,0.13489963182247722,0.13238042168168543,0.13010961622915895,0.11776883155107498,0.11056508868932724,0.12867319438001765
2023-10-03,0.11636311421643997,0.124359410457,0.13391599241318583,0.13459279956713432,0.13109154070785062,0.12726170816271876,0.1282384549347259,0.11839545518159866,0.11232595890760422,0.12654598712497406
2023-10-04,0.10624925137401096,0.136519457826,0.1396504455360744,0.13997099001969104,0.1381460411347954,0.1419253036449998,0.13098777139771745,0.1211208775639534,0.12178001552820206,0.1333687778322048
2023-10-05,0.10328685162668833,0.115675505401,0.12901767134545533,0.12953923034377784,0.12689990717451094,0.12580820656056965,0.12954366718513735,0.11856012791395187,0.12504154443740845,0.12634433642297307
2023-10-06,0.10246555186585163,0.132573672859,0.1360313696603372,0.13402744525404953,0.13336539027476885,0.12856955295313646,0.1282384549347259,0.11996031552553177,0.1250859498977661,0.12932549692861656
2023-10-09,0.10129808777195516,0.100135251741,0.11895611505140494,0.11909240180333683,0.11669851598647661,0.12056427081361161,0.10508538874523474,0.11401381343603134,0.11160594969987869,0.11514520793371068
2023-10-10,0.10463495999343207,0.0898923770916,0.11149853639088321,0.11212694214107016,0.11008218449771587,0.11087014335038728,0.10508538874523474,0.10771434754133224,0.10837817937135696,0.10939367457685435
2023-10-11,0.11499794440257552,0.0859081352493,0.10516179438771311,0.10569371895185328,0.1040563221524886,0.098366600967147,0.09670236468447345,0.10199246555566788,0.10303113609552383,0.10214348611355244
2023-10-12,0.13496855280529496,0.101376397928,0.11021201617269186,0.11080309946536827,0.10851771216904482,0.10442287229547195,0.10878475519909186,0.10095687955617905,0.10134313255548477,0.10643435248761894
2023-10-13,0.13624477166179,0.129347813033,0.12143371524885511,0.12214303033396623,0.11959001039216774,0.11318897305068601,0.11030314606355612,0.10524163395166397,0.09065950661897659,0.11179428795141025
2023-10-16,0.1442531277340645,0.0940086962824,0.10603535505885678,0.1063404115591546,0.10614317795462938,0.10798644644716195,0.0991335538142052,0.09858974069356918,0.0993315652012825,0.10336575010412279
2023-10-17,0.1439696803589059,0.107314960709,0.11307700941828583,0.11292357962153857,0.11133593293676594,0.11366469296691839,0.1186323097561777,0.09971641004085541,0.09806410223245621,0.10963057671042829
2023-10-18,0.13966623264500755,0.13696886333,0.1298849023874956,0.1306888343235565,0.12687569485216704,0.12414578340947933,0.12595462696546003,0.10786181688308716,0.10411377996206284,0.12136077696904406
2023-10-19,0.13051944160258888,0.187715447432,0.1585978065159138,0.15977126596901836,0.1544603424243623,0.15432693425746238,0.1606928893952829,0.12518778443336487,0.11883572489023209,0.14741039255509097
2023-10-20,0.12873502761117941,0.135873082435,0.13750396741424004,0.13831385368174043,0.1349290944542601,0.13868694296618628,0.1452145129128663,0.12340840697288513,0.1237809881567955,0.1345482523655677
2023-10-23,0.12179442062343156,0.141666051883,0.14412011560355606,0.14366155665225847,0.14093972433067797,0.13772538637270423,0.1398980572624386,0.12478488683700562,0.12640956044197083,0.13679132678580166
2023-10-24,0.12177296858864273,0.105394595687,0.12882574250457035,0.12913672411749832,0.12584220410252311,0.12269086055096609,0.13841420543393954,0.11743122339248657,0.12264095991849899,0.12642598857435472
2023-10-25,0.1237175687380104,0.112505146171,0.12956209202093327,0.13030993932150056,0.12573432419911723,0.12311049500354508,0.13465902124285165,0.11441133916378021,0.12315595895051956,0.12584902427174965
2023-10-26,0.10840580193817123,0.151262783525,0.1422620795895538,0.14326173936384673,0.13988945899985333,0.14530890069854505,0.16323758710414724,0.12037928402423859,0.12902015447616577,0.1404798863223358
2023-10-27,0.09932700635065979,0.127076386554,0.13138230141134,0.13218929014539016,0.13007542437465175,0.1345475028174921,0.13959027480680405,0.11801262199878693,0.12801170349121094,0.130544159863668
2023-10-30,0.09182901331413211,0.106654292276,0.1197567284053144,0.11978071384462469,0.11970548161238706,0.1336690719143317,0.14110192495882748,0.1114111989736557,0.12921234965324402,0.12494820990891216
2023-10-31,0.08406095416947973,0.105270583353,0.11923406419743213,0.11789725009976132,0.11795969648971943,0.12246904203784154,0.1373467407677396,0.10755051672458649,0.11960779875516891,0.12029501558174992
2023-11-01,0.07261345874367155,0.122655259132,0.12744389679073737,0.12615119182489704,0.12439462099295458,0.12100370065466681,0.1252238252316804,0.1094834953546524,0.11435049027204514,0.12115017444594768
2023-11-02,0.08320395216275205,0.0714796130145,0.09898593263320823,0.09864747227572129,0.09718734420754202,0.10230162091812678,0.09815152624915251,0.09794022887945175,0.09907955676317215,0.09889909741805354
2023-11-03,0.08282911783022738,0.0819670025262,0.09938803638866153,0.09892872214048452,0.09734042133479337,0.09391642401605745,0.09536066324472414,0.0931912437081337,0.08511865884065628,0.09474916709621585
2023-11-06,0.08213974521452237,0.0648745369093,0.08858870960453187,0.08857791734246023,0.08714931209344262,0.08879604809519903,0.08796360685239075,0.08643196523189545,0.07768736034631729,0.08645641708089102
2023-11-07,0.0833618435361014,0.0651941513298,0.08524289323727897,0.08526788089450499,0.08466119966948728,0.08546093933810221,0.0831922175384245,0.08229169249534607,0.07548633962869644,0.08308616611454864
2023-11-08,0.08178500594518051,0.0779529631698,0.08654813213387452,0.08700236719008943,0.08667325931731835,0.0794077633430835,0.08659028101092107,0.0820222795009613,0.0777352973818779,0.08371133998258944
2023-11-09,0.07159925533441706,0.115586553719,0.10618314137369045,0.1069137371411968,0.1046574349421638,0.09991298276071153,0.11250378970352977,0.0907386988401413,0.08104123920202255,0.10027871770906517
2023-11-10,0.06610839352724047,0.0800463305112,0.09121006988280997,0.08929924950903406,0.09080871363343623,0.08997682556617467,0.09058927393075789,0.0880967527627945,0.08286907523870468,0.08897856578910171
2023-11-13,0.06591846082927005,0.0603330792853,0.08268269808016435,0.08220363552508758,0.08184506158664873,0.07664189755911521,0.08172904401064998,0.082680344581604,0.08021106570959091,0.0811419638646944
2023-11-14,0.06223113383279796,0.072536704066,0.08844853831179217,0.08859767900662746,0.0879051935359973,0.08510709697755064,0.0777473976388715,0.08381933718919754,0.08772747218608856,0.08562181640658931
2023-11-15,0.06733260758617336,0.0690985938027,0.08627168554145653,0.08671233245220661,0.08532156796358367,0.07933241981906879,0.07683135079396991,0.08285483717918396,0.07833963632583618,0.08223769001075795
2023-11-16,0.06030078840182336,0.0744888061092,0.08486997695724391,0.08511592977692917,0.08477899733361462,0.07789447274936484,0.08215878758923172,0.08244920521974564,0.08670657873153687,0.08342484976538096
2023-11-17,0.05934932151424724,0.0512517968451,0.07277259841316835,0.07294020341761803,0.07351886617344017,0.07313564378346603,0.07673947825081484,0.07706659287214279,0.08339087665081024,0.07565203708020864
2023-11-20,0.06087594340883541,0.0592849000404,0.07634569079230699,0.07513542060985208,0.07718991885470532,0.07162975930401158,0.07673947825081484,0.07555390149354935,0.08190646767616272,0.07635723385448613
2023-11-21,0.06336931428214362,0.053841676579,0.0725797503579798,0.07292842025734367,0.07391559270611167,0.06791677879351038,0.07673947825081484,0.07329111546278,0.07833090424537659,0.07367172001055956
2023-11-22,0.06685126356432024,0.0898857374488,0.08963241127513646,0.09018769668862822,0.09021191105128397,0.08989834337901724,0.08588009224956474,0.07934821397066116,0.08191433548927307,0.08672471487193782
2023-11-24,0.07517882611471469,0.0325746438693,0.06209635061919992,0.062295160873810124,0.064208254016243,0.054899593525851914,0.07673947825081484,0.07086767256259918,0.07515889406204224,0.06660934341579447
2023-11-27,0.07699129724426788,0.0453600164401,0.06706110367073756,0.06709915673435952,0.06910788926666567,0.06707273376029875,0.07624593179429368,0.06870899349451065,0.07161062955856323,0.06955806261134702
2023-11-28,0.08292581649572496,0.0665762118279,0.07678342639917321,0.07630258287992195,0.07870018479594414,0.07397294152457133,0.07624593179429368,0.07162678241729736,0.07329845428466797,0.07527575772798138
2023-11-29,0.08466923059158488,0.0666923809007,0.07814765559467796,0.07852245691997295,0.07990137796843934,0.07469499564968335,0.07624593179429368,0.07347265630960464,0.07599027454853058,0.07671076411217179
2023-11-30,0.07702926035067045,0.101718007425,0.09384679267701934,0.09360084997990217,0.09515098505171293,0.08975056346959864,0.10430464423580789,0.08132877200841904,0.08199438452720642,0.09142528456423805
2023-12-01,0.07842387572024129,0.0835160445808,0.09093187607636286,0.0893002567240889,0.0915051238120936,0.08554660591257678,0.08588009224956474,0.08317527920007706,0.08444182574748993,0.08725443710317912
2023-12-04,0.07798859254634263,0.0586221022166,0.08190827620959598,0.08229760143760521,0.08267547671235759,0.07327782885796628,0.07863275125052473,0.0796307697892189,0.0809219628572464,0.07990638101635929
2023-12-05,0.06876694825830958,0.0957995194769,0.10001198284851211,0.10001949839072016,0.09993845649236394,0.09700111028664767,0.08574669804355604,0.08555237203836441,0.08535723388195038,0.09337533599744496
2023-12-06,0.0783612402599764,0.0768687941082,0.09305066019071162,0.09343730732673355,0.09301536029732055,0.08864618063012687,0.08798891938549952,0.08532831817865372,0.08635355532169342,0.0896886144758199
2023-12-07,0.08435932551680002,0.064573173536,0.08454910815867643,0.08436816129594304,0.08556405026590852,0.07347665300176538,0.07863275125052473,0.08204587548971176,0.08350488543510437,0.08173449784251918
2023-12-08,0.08306522683449667,0.0897714674408,0.09556912800556189,0.09475478747167171,0.09607164158030854,0.09027306068810562,0.08574669804355604,0.08528786897659302,0.08473113179206848,0.09034775950826647
2023-12-11,0.08212677997603934,0.0556428997281,0.08111528229321013,0.080703127502855,0.08175974643301928,0.07600401475792573,0.07863275125052473,0.08037302643060684,0.07693392038345337,0.07936026700737073
2023-12-12,0.08125193965311678,0.0491010280851,0.07431004724071327,0.07287282452299708,0.07620556008048365,0.07272883908235353,0.07863275125052473,0.07538533210754395,0.07060880959033966,0.07439202341070798
2023-12-13,0.07971427970027334,0.113871706404,0.10460852450737652,0.09931928502435429,0.10432625572480175,0.09201354964095862,0.10812923106760795,0.0859554260969162,0.07060098648071289,0.09499332264896118
2023-12-14,0.08271363962928853,0.0951301943304,0.09923355651214263,0.09979761758384412,0.0984552006878056,0.09219632392545438,0.08430484947907137,0.08503604680299759,0.0805782899260521,0.09137169784533826
2023-12-15,0.08022529421931646,0.0835200389341,0.0938019207432349,0.09413458432676902,0.09322369476396204,0.08272390259173831,0.08430484947907137,0.08500715345144272,0.07590685039758682,0.08701470796482931
2023-12-18,0.07922641268677467,0.0481768895945,0.07845890124103697,0.07848577835544746,0.0786641403115272,0.06755380361966484,0.07801171295579983,0.0788174644112587,0.06955061107873917,0.0756489159962106
2023-12-19,0.0828700134769013,0.0411856710497,0.07490873029525195,0.07455648521366587,0.07566741590879089,0.06868405928026088,0.07801171295579983,0.07351192086935043,0.06600051373243332,0.07304869117936474
2023-12-20,0.07067696902130641,0.108301472626,0.10219812763093675,0.10238609282466701,0.10211159261460911,0.08660379503594262,0.10411619065536987,0.08131397515535355,0.07301684468984604,0.0931066598009607
2023-12-21,0.059634315858434955,0.107171138075,0.10270762722878912,0.1029048416357761,0.10294232910419812,0.08574175395970793,0.10411619065536987,0.08640112727880478,0.07841794937849045,0.09474740274873376
2023-12-22,0.06127501321085183,0.0703445460772,0.08613223968135421,0.08645214454298997,0.0870184742857634,0.08305795070217717,0.07801171295579983,0.08318386226892471,0.08053051680326462,0.08348384303432484
2023-12-26,0.07003867159568374,0.0390467138719,0.07239599798365487,0.07251825832523794,0.07381131038197268,0.0682611422363268,0.07801171295579983,0.07558989524841309,0.07682321220636368,0.07391593276253841
2023-12-27,0.07033241770679602,0.0681860163967,0.08690356308367653,0.08708103357372864,0.08724079673829968,0.08262369708134809,0.07801171295579983,0.07627326995134354,0.07710384577512741,0.08217684559418911
2023-12-28,0.08125415575589036,0.0486639810829,0.07332210975195508,0.07366951549389864,0.07471615751939337,0.06744116552900722,0.07801171295579983,0.07210326939821243,0.07380833476781845,0.07329603791658358
2023-12-29,0.08243027010369292,0.0655037497065,0.07653013036895878,0.07690908993918467,0.07860864656283094,0.07096797674293792,0.07801171295579983,0.07139448076486588,0.0725637748837471,0.07499797317404644
2024-01-02,0.08275808939129523,0.0770729086207,0.08193492793560761,0.08164204219229108,0.08370584905630613,0.07514424740822312,0.08222020174164747,0.07303750514984131,0.07317162305116653,0.07869377093358332
2024-01-03,0.08012362804716727,0.0853146367202,0.08963214048868667,0.08989250753865502,0.0907964484757609,0.08492638335026101,0.08430484947907137,0.07649040222167969,0.076278917491436,0.08461737843507866
2024-01-04,0.09149239637183283,0.0696814189008,0.08329508644156791,0.08344514732521893,0.08509840417182346,0.08007532750392427,0.07801171295579983,0.0761292576789856,0.07938546687364578,0.08077720042156654
2024-01-05,0.08740569398296665,0.103180072157,0.10210788493453794,0.10169465608274494,0.10236202067800641,0.09463482185852899,0.10484974847782144,0.08286039531230927,0.08486361056566238,0.09619616255851592
2024-01-08,0.09097703898290958,0.0724796470359,0.0900224734228624,0.08769050684478968,0.09025652899817217,0.0834610921263758,0.07801171295579983,0.08209600299596786,0.07836698740720749,0.08427218639302504
2024-01-09,0.090697521872438,0.0788098527782,0.09281152757132549,0.09246295683103879,0.09263360267593139,0.08473244421513915,0.08430484947907137,0.08272126317024231,0.0797199234366417,0.08705522391134145
2024-01-10,0.09220581602658917,0.0716453717793,0.08856299765401039,0.08885152934705273,0.08856956382487657,0.07846458056938582,0.07801171295579983,0.08152195066213608,0.07968156784772873,0.08338055755157003
2024-01-11,0.08072865950588756,0.120875201146,0.11365491045113255,0.11443589955889992,0.11189167438210205,0.08886787489300627,0.11206427649699906,0.09024710953235626,0.08387491852045059,0.10214809483356381
2024-01-12,0.07830786208260937,0.0836098739645,0.09628429271122335,0.09686313174253106,0.0951173604139857,0.08561806534997646,0.09014325398567966,0.08899817615747452,0.06986921280622482,0.0889847847381565
2024-01-16,0.06989213282855622,0.0918620195822,0.10138295888224857,0.1017365119901491,0.09967499129242119,0.09204973097506565,0.09014325398567966,0.09008357673883438,0.08306006342172623,0.09401872675516068
2024-01-17,0.0707244898264559,0.0771821686235,0.095059993241428,0.09494278023273182,0.09430245943814188,0.08910761283949015,0.08833721085972773,0.08563698828220367,0.0852431207895279,0.09037573795475017
2024-01-18,0.07014243438690039,0.080699563035,0.09738372827534077,0.09768825621130955,0.0969030755239443,0.0872101663699606,0.09072211664306873,0.08501698821783066,0.08757475018501282,0.09178558306092391
2024-01-19,0.06913234423911506,0.0684604559916,0.08754138930248352,0.08690596694899805,0.08794653875420455,0.08577888170084916,0.0784198964500365,0.08117794990539551,0.08840104937553406,0.08516738177678589
2024-01-22,0.06765315176610522,0.071173274591,0.08747026710305991,0.08796203140346669,0.08752393983869554,0.08046851160704901,0.07888692961207688,0.07949396967887878,0.08298042416572571,0.08354086762985036
2024-01-23,0.06740703261209348,0.0469316042618,0.07328569026276258,0.07309123264257063,0.07450632114632638,0.06749118887067512,0.07822922381354608,0.07320638746023178,0.07344675064086914,0.07332239926242597
2024-01-24,0.07771321975759796,0.0808845059505,0.08777182117635347,0.08830569041888109,0.08821917535082414,0.077712995206843,0.0839205969331288,0.07631865888834,0.07181774079799652,0.08200952553890957
2024-01-25,0.08399334520918948,0.0781182288367,0.08645919680331045,0.08658896567450684,0.08725729075887129,0.08292882933872167,0.08218722436981554,0.07748249918222427,0.07258699834346771,0.08221300063870253
2024-01-26,0.09370841372158849,0.0631144486306,0.07976509604053963,0.08013846770175438,0.08098554992078398,0.07651092712420886,0.07822922381354608,0.07535267621278763,0.07280382513999939,0.07768368085051715
2024-01-29,0.09723034541681025,0.0636708303343,0.07924796762546421,0.07783962691813834,0.08049858231158397,0.07428686896528297,0.07822922381354608,0.07423244416713715,0.07155907154083252,0.07655625504885502
2024-01-30,0.10095301546917244,0.0451261674308,0.07144874558380274,0.07177836723056824,0.07325619628270313,0.06972814040469633,0.07822922381354608,0.07025236636400223,0.06980568170547485,0.07207124591211336
2024-01-31,0.0907797903241624,0.118408131902,0.10510600770917178,0.10573299292409566,0.10495469383019373,0.09326578527708679,0.10385458229480464,0.08268454670906067,0.07610912621021271,0.09595824785066086
2024-02-01,0.08035681849524658,0.105736205948,0.10228391571157511,0.10168512634996937,0.10233594220631503,0.09510835382264311,0.10204255481842292,0.08774378150701523,0.08166280388832092,0.0961232111863231
2024-02-02,0.06517094565871925,0.112318108246,0.10943661519832437,0.10989728808144851,0.10784548479041262,0.10061552352399859,0.10848854671608349,0.09273777902126312,0.07566098868846893,0.10066888943142852
2024-02-05,0.06039645377363061,0.0861181802742,0.10062726170791492,0.10123822229883725,0.09875149559323868,0.08890588281881445,0.09101812205081711,0.09072068333625793,0.06775788962841034,0.09128850820489867
2024-02-06,0.06521022779619758,0.0756652317728,0.099076862096743,0.09943585158297888,0.09666665451298552,0.08762780675024288,0.08833721085972773,0.08808786422014236,0.06533262133598328,0.08922355305125766
2024-02-07,0.07130524988737294,0.0653282534237,0.09001811389963221,0.08920592812023828,0.08866285778319755,0.07411145187355729,0.08437921030345825,0.08337151259183884,0.0677291750907898,0.08249689280895889
2024-02-08,0.0751391478694401,0.0475540217559,0.07737599999210094,0.07738040805311235,0.07741302637708761,0.06827066759728831,0.07822922381354608,0.07618122547864914,0.06716379523277283,0.0745734780777939
2024-02-09,0.08405650941069163,0.0395667390207,0.06749214041751277,0.06700726877107663,0.06911199410868601,0.05968857311335651,0.07822922381354608,0.06934851408004761,0.06730715930461884,0.06831212480126349
2024-02-12,0.09024953108991232,0.0664735911895,0.07686220600272031,0.07725271061230456,0.07857238607551037,0.0700802957298731,0.07888692961207688,0.07045683264732361,0.06894522905349731,0.0744366556761866
2024-02-13,0.08764436229519985,0.0935330861419,0.08978784096696409,0.08957029820265296,0.09128718972359384,0.08856092109289507,0.08486813556090492,0.07656384259462357,0.07556848227977753,0.08517238720305885
2024-02-14,0.085231004168036,0.0918047109723,0.09147763400645703,0.0917348193392178,0.09304922420972367,0.08581930343573736,0.0839205969331288,0.08031664788722992,0.06880402565002441,0.08501746449450272
2024-02-15,0.08512116467601562,0.0711944477497,0.08484892153708783,0.08485848806355593,0.08590085863835298,0.07810774339101256,0.07913207771491476,0.0804114118218422,0.08072353154420853,0.08199757610156781
2024-02-16,0.07813777070927894,0.0930782090263,0.09878032116205415,0.0993261447020111,0.09831817599035189,0.09189976201983865,0.08854262126834125,0.08504577726125717,0.0844433382153511,0.09233659151702933
2024-02-20,0.06789759715043325,0.0990764541344,0.10420779104712924,0.10485453485760018,0.10314427626869897,0.09694173622446364,0.11223301432157284,0.08963367342948914,0.09099652618169785,0.10028736461866454
2024-02-21,0.0626185543796051,0.0801948882669,0.09513335803994755,0.09449445954983623,0.09510145749042223,0.09421234872518722,0.11223301432157284,0.08855117112398148,0.08878625184297562,0.0955017230134176
2024-02-22,0.0632948981473158,0.0796370146572,0.09376875157241896,0.09261995456582961,0.09390283781243394,0.08757919236610828,0.08882161287979301,0.08754441887140274,0.08329140394926071,0.0896468817167496
2024-02-23,0.06130693410144828,0.0705343349862,0.08988036072615635,0.09033670073272412,0.08973073030361953,0.08259318758725892,0.08313733784617607,0.0852576270699501,0.07799667865037918,0.08556180327375204
2024-02-26,0.060520751449328274,0.0544338651359,0.07973141433347725,0.08010068253733627,0.08026563456638207,0.07476412621903082,0.07865495108909142,0.080020971596241,0.07183139771223068,0.07790988257911279
2024-02-27,0.06890339967601293,0.0483632732636,0.07264288139468911,0.07260334002237807,0.07439519605114264,0.06863061523444446,0.07865495108909142,0.07471224665641785,0.06905906647443771,0.07295689956037162
2024-02-28,0.08335784043527122,0.054646302465,0.07292851793943436,0.07289068771573459,0.07493532329746765,0.06719074290802865,0.07865495108909142,0.07224868983030319,0.06824756413698196,0.0724423538452917
2024-02-29,0.07986528597132886,0.0822669921533,0.08457456812954275,0.08491082859998184,0.08620709134361271,0.08065465973938564,0.08453736113707995,0.07594630867242813,0.07183554023504257,0.08123805112243908
2024-03-01,0.09144644018373584,0.0611275109843,0.07491412895818067,0.07389069614556656,0.0770626413331487,0.069951293572142,0.07865495108909142,0.07408829033374786,0.06904266029596329,0.07394352310397721
2024-03-04,0.09724693282592643,0.0498412641191,0.06997534683834536,0.06993886883573748,0.07231788418329554,0.06738213900795294,0.07865495108909142,0.070853091776371,0.06579438596963882,0.0707023811000618
2024-03-05,0.10157236688184208,0.0881112470424,0.08951708502631961,0.09005500381590144,0.09088919702413029,0.08848163393472129,0.08453736113707995,0.07679131627082825,0.07299128919839859,0.08475184091533992
2024-03-06,0.09117031111796083,0.118281333053,0.10783282432873845,0.1084824574591647,0.10805699881071926,0.09958513164358124,0.10527314113105016,0.0871572494506836,0.08308421820402145,0.09992457443256555
2024-03-07,0.0999576806090326,0.0625901725849,0.08300295414695497,0.0831834695351887,0.08448268721265523,0.0815061018935942,0.07865495108909142,0.08251217007637024,0.08183378726243973,0.0821680173166135
2024-03-08,0.09245281897008015,0.116861072193,0.11050313184781503,0.11124446217713663,0.11008061024595259,0.10321427481727685,0.1100791874529465,0.09120231121778488,0.08715829998254776,0.1033546111059229
2024-03-11,0.08851504583039388,0.0892004720719,0.10258476489473049,0.10250696271200949,0.10180601838726719,0.09878857893469134,0.08934340745897629,0.09200280904769897,0.07977607101202011,0.09525837320677057
2024-03-12,0.07816544613803371,0.109833923289,0.1129804066371345,0.11255137343586519,0.11160708897778189,0.11094649460915675,0.10625725489697153,0.09695995599031448,0.09017861634492874,0.10592588441316472
2024-03-13,0.09229953959825592,0.0629751802342,0.08844122223624053,0.0889001092677994,0.0879453660927473,0.07665775464424529,0.08346099741098775,0.08977784961462021,0.0741460993885994,0.0841899140936057
2024-03-14,0.08241617201160856,0.110973380237,0.11266095399730493,0.11339259369422507,0.11033607946737911,0.09937008043136446,0.10625725489697153,0.09570721536874771,0.0908578410744667,0.10408314556149421
2024-03-15,0.07886658567034388,0.0802274224191,0.09659494949077063,0.09675560135043987,0.09570340938857988,0.08714361313740157,0.08934340745897629,0.09239018708467484,0.0955691710114479,0.09335719127461299
2024-03-18,0.07504896892659785,0.0662847813006,0.08867781298054807,0.08910639709346911,0.0888142759793197,0.08764556438035959,0.0819262510566389,0.0812222808599472,0.09520682692527771,0.08751420132508005
2024-03-19,0.07256852424329596,0.0586353891693,0.0808565755020115,0.07971000506440878,0.0821530269900263,0.0776084714122464,0.08369787598751931,0.07521520555019379,0.09187144041061401,0.08158751441671716
2024-03-20,0.05448697427636512,0.126541351052,0.11471948271380747,0.11205793421485949,0.1134005561286376,0.10428512816545606,0.10941814568785069,0.09270337224006653,0.09899026155471802,0.10651069724362798
2024-03-21,0.0522578663449758,0.0606728367241,0.08292462736545317,0.08330213799752022,0.08303993595592957,0.07669465886531285,0.07598197498874318,0.08147907257080078,0.09321166574954987,0.08237629621332995
2024-03-22,0.0550634280843915,0.0597829736569,0.08073298363543954,0.08111953402361947,0.08121106253820555,0.0704955346215178,0.07426668155464816,0.07590173184871674,0.07662516832351685,0.0771932423636663
2024-03-25,0.05901949460861957,0.0381538889277,0.06929612948779883,0.06949754253836751,0.07069455683481214,0.06535529781120494,0.0767458405130382,0.0672890692949295,0.06423811614513397,0.06901665037504072
2024-03-26,0.06854986582790552,0.0400914421361,0.06847211241296905,0.06853078337728086,0.07042957594359103,0.06709933461366155,0.08036216123802115,0.06416928768157959,0.06250451505184174,0.06879539575984929
2024-03-27,0.08574944459348627,0.0672748972552,0.07428334074802921,0.07409182330003891,0.07701345196792246,0.07504655897377499,0.08211593385271265,0.06897643208503723,0.06652902066707611,0.0740080802277988
2024-03-28,0.09760939441774204,0.0499145696349,0.06610550741221222,0.06631668347901815,0.0689265165986796,0.06563877128694667,0.0759120388783536,0.06692054867744446,0.06679582595825195,0.06808798461298667
2024-04-01,0.09665139013598517,0.0712705165313,0.07596379991497414,0.0763760391092878,0.07841998786531544,0.07377645610595535,0.07849961312772971,0.07198679447174072,0.07119160890579224,0.07517347135725648
2024-04-02,0.10689315332513384,0.0609287895625,0.07381106160929528,0.0739992118816345,0.07637779659189878,0.07579246151524738,0.07881707984298558,0.07201507687568665,0.07593445479869843,0.07524959187363522
2024-04-03,0.11949653245290999,0.0876712070088,0.08917802986469044,0.08905804383471515,0.09096492330135977,0.08802138660434732,0.08333618472757656,0.08002129197120667,0.08524356782436371,0.0865462040183228
2024-04-04,0.11206604464763487,0.133399128618,0.11397513902962886,0.11383623414432935,0.11358858644831607,0.11017164259839062,0.1053737416387705,0.0973847508430481,0.09631340205669403,0.10723478525131107
2024-04-05,0.11064407528850125,0.115605352014,0.11254907536962536,0.11150844799653493,0.11237232399240472,0.11183986550214262,0.10902921226314982,0.10141873359680176,0.10949362814426422,0.1097444695521319
2024-04-08,0.12358335330192659,0.0644125237025,0.09084010703403617,0.0910767811065128,0.09121757299575708,0.09104002029476209,0.08031123355121375,0.08841504156589508,0.09897363185882568,0.09026776977242894
2024-04-09,0.13324067842586185,0.118893197705,0.11857829416972832,0.118887692801631,0.11654427968924835,0.11280464892692418,0.11396854397618811,0.09829629957675934,0.10283882915973663,0.11170265547145942
2024-04-10,0.13384268566769456,0.148164151335,0.13616250678779312,0.13639645390405655,0.13248047964161264,0.12471848623332796,0.14796407356695046,0.11201775074005127,0.11311984062194824,0.1289799416422486
2024-04-11,0.13918631440108503,0.0958760292749,0.11105874864595293,0.11113069859254404,0.109331851940261,0.10224974690623748,0.09572680644436402,0.10250437259674072,0.09758149087429047,0.10422624514291297
2024-04-12,0.14318252525633765,0.108541064035,0.11566160437948164,0.11618756190426045,0.11343659150966348,0.10553613556338727,0.12038909545431566,0.10093480348587036,0.10515455901622772,0.11104290733045807
2024-04-15,0.13668814438045315,0.138933949394,0.1348919779078531,0.13561667886107948,0.13207689053732677,0.1286683357684246,0.13179177391073385,0.11050985753536224,0.12267974019050598,0.12803360781589798
2024-04-16,0.12088388904100898,0.162901069151,0.14872527740733288,0.14950339781139282,0.14610434143504322,0.14314791392986387,0.15176503858616675,0.12260666489601135,0.13858170807361603,0.14291919173420384
2024-04-17,0.10923989837729293,0.150852730627,0.1437191345896517,0.1447002186544392,0.14050679946693495,0.13699387058645027,0.15349347782923498,0.12276254594326019,0.14318186044692993,0.1407654153595573
2024-04-18,0.10444396967749632,0.12840187319,0.1372547503781023,0.13788625903152296,0.13353110619233566,0.12647586535176694,0.12400468824059614,0.12128868699073792,0.13693442940711975,0.13105368365602596
2024-04-19,0.0931573682469672,0.131996930619,0.1407218813491412,0.14159854979247766,0.13623301893103357,0.13337444801493054,0.1265775929318613,0.12165585160255432,0.13439175486564636,0.13350758535537785
2024-04-22,0.09061550272040392,0.101067841924,0.12451662876400393,0.12476348841785245,0.12181094710882098,0.12289252927542205,0.12632582872237677,0.11483964323997498,0.12765702605247498,0.12325801308298945
2024-04-23,0.09813487707055638,0.0786326103353,0.10749770632315306,0.10686158076512386,0.10527810239245199,0.10590479032219154,0.11080924650261931,0.10457039624452591,0.116572804749012,0.10821351818558253
2024-04-24,0.1172057919431193,0.096740633534,0.10997539595095435,0.11058404887118979,0.1076178688756455,0.10706643502626458,0.10175030032266603,0.10083578526973724,0.11209095269441605,0.10713154100155335
2024-04-25,0.11966895423503161,0.106597270421,0.11191552489914085,0.1111444154756384,0.10966354980990714,0.10989021090375337,0.10845320314593211,0.10019061714410782,0.11160305887460709,0.10898008289329811
2024-04-26,0.12146949997054111,0.0791956562977,0.0956653020753119,0.09554819967921553,0.09511616733774825,0.09639830502485588,0.09271189420027108,0.09367857128381729,0.1074724867939949,0.09665584662788783
2024-04-29,0.11662436930861897,0.0887641765806,0.09845680908529401,0.09898211763749576,0.09708136282206109,0.09032543571849355,0.09013087156131791,0.09158892184495926,0.10251929610967636,0.09558354496847113
2024-04-30,0.10776036200957506,0.115236761626,0.11261378061885072,0.11258012008040212,0.10981268984937753,0.10713729569252181,0.11426815362424166,0.09629275649785995,0.1057293489575386,0.1083477350458275
2024-05-01,0.07754520753977577,0.172894383985,0.1432117123433419,0.14394971095217304,0.13891213186540813,0.13546509571394474,0.16359774055878293,0.11176060140132904,0.12194117158651352,0.1369768806316419
2024-05-02,0.06106135874890518,0.119500137132,0.12215259861889344,0.12240201370895296,0.11787108289202251,0.11280492702926992,0.13312196907210602,0.11109362542629242,0.11446592956781387,0.11913030661647873
2024-05-03,0.05350585698266031,0.0918850153909,0.11186755165879533,0.11245620732095962,0.10733109882478672,0.1060799351337575,0.10788904678216983,0.1056942343711853,0.10129830986261368,0.10751662627918114
2024-05-06,0.052864390973864694,0.0459467029474,0.08913281942817292,0.08805566864815167,0.08534465831627484,0.08026927225469938,0.10014111005558109,0.09282347559928894,0.08322089165449142,0.0884268422795229
2024-05-07,0.05576675891699236,0.0577474826208,0.0889001240795712,0.08933744774239732,0.08620014700712328,0.08401230869321819,0.07885032853953935,0.08632615953683853,0.0832846537232399,0.08527302418884683
2024-05-08,0.05691106406924505,0.0435578462868,0.07126802843082337,0.07067917892254358,0.07120949310170986,0.0704426208548703,0.08209667701104585,0.07740573585033417,0.08138518780469894,0.0749267031394323
2024-05-09,0.06210516614511063,0.0534456207186,0.06947837349794098,0.06826180182513177,0.07065731605084435,0.07482705256096037,0.07384773605616454,0.07290932536125183,0.08302611857652664,0.07328681770411723
2024-05-10,0.059490423397142125,0.0641466448796,0.0715630919505246,0.0719674490147998,0.0730862602951365,0.07771176029829417,0.07445704134876131,0.0718119889497757,0.0857531949877739,0.07519296954929514
2024-05-13,0.059991778949031696,0.0420705956659,0.06218775300588085,0.06246064583984114,0.0640967609931496,0.06632730244476236,0.07384773605616454,0.06748566776514053,0.08404240757226944,0.06863546766817263
2024-05-14,0.05426839707156705,0.0700800227197,0.07499510194685186,0.0747434617947777,0.07683243873933608,0.07762727748228268,0.08067452113855146,0.0704236552119255,0.08924508839845657,0.0777916492445974
2024-05-15,0.06064479814374508,0.0504180031347,0.06767564898715138,0.06693682178772041,0.06961570931788758,0.07425845822195942,0.07384773605616454,0.0689137727022171,0.09029082208871841,0.07307699559454554
2024-05-16,0.06751060860599604,0.0771190418516,0.08089047606813154,0.08128006117576617,0.08160003402773058,0.074532843015395,0.07934262743785445,0.07094425708055496,0.0754399523139,0.07771860730276181
2024-05-17,0.07216815985003072,0.0502502350204,0.06869423618173917,0.06896595685192296,0.07022553938244928,0.0647833383465635,0.07485543340460608,0.06880152225494385,0.08154132217168808,0.07112390694198756
2024-05-20,0.07647173103829227,0.0454912117576,0.0672049038659527,0.06725226076624594,0.06870554084030993,0.06583258150289423,0.07219329029385955,0.06681478023529053,0.08077272027730942,0.06982515396883747
2024-05-21,0.08002190114788532,0.0405146452611,0.06264988729645518,0.062115933873028925,0.06523047098817032,0.06454477785422658,0.07260756234794304,0.06425593048334122,0.07885589450597763,0.06718006533559183
2024-05-22,0.07968479810202252,0.078775872867,0.08114367993907577,0.08139147866268129,0.08245548847594455,0.0758247626573602,0.08288856901075183,0.06926440447568893,0.0783989205956459,0.07876675768816407
2024-05-23,0.08244558551464845,0.101719222757,0.0928459935627379,0.09330764984672953,0.0935662469967868,0.09055048603668484,0.09525351196917936,0.07684720307588577,0.08432275801897049,0.08952769278671067
2024-05-24,0.0874856256745521,0.0760124412747,0.08456264881318978,0.08469002568871008,0.08529927161502007,0.08354811005685858,0.07681220310396342,0.07803768664598465,0.08557596057653427,0.08264655807146583
2024-05-28,0.09302594260666307,0.0725800393114,0.08566861218256218,0.08570508836376756,0.0854450490664131,0.07801966538595342,0.07742647187536396,0.07879579067230225,0.08479674905538559,0.08226534665739257
2024-05-29,0.09318665208598585,0.0664780532001,0.08552006032410567,0.0856231076769461,0.08522229411490759,0.07598029074986926,0.0750814461439012,0.07881801575422287,0.0843999907374382,0.08152074364305584
2024-05-30,0.09060432384808934,0.0770483619044,0.08977324638187412,0.09018818520980923,0.09009229181490631,0.08927663528054006,0.0869686440944008,0.08048845082521439,0.09056008607149124,0.08819250566831946
2024-05-31,0.08562935837961798,0.112182163867,0.10530508727899845,0.10399974691483183,0.10527919627737956,0.10048628585499253,0.10223641648920488,0.08753081411123276,0.09510423988103867,0.09999168382966839
2024-06-03,0.07717135551394709,0.100300507838,0.1027327989805154,0.10317834560871658,0.10185471363430171,0.09499500126493635,0.0887235764078287,0.09045853465795517,0.09216884523630142,0.09630168797007933
2024-06-04,0.07071040185301518,0.101332712376,0.1058085991613395,0.10598429218804353,0.10467854422205924,0.09977536315591319,0.09722999689631709,0.09310916066169739,0.09102455526590347,0.09965864450732477
2024-06-05,0.07910590142429129,0.0675940988768,0.09196396328951462,0.09113920742143843,0.09144252079570589,0.08195606722081823,0.0764743894801797,0.08909963816404343,0.0884213075041771,0.08721387055369677
2024-06-06,0.08203926417958764,0.0596942789306,0.08708274089977214,0.08743704298339487,0.0866226519631923,0.08154638879754375,0.07562523173370178,0.0848405584692955,0.08730506151914597,0.08435138233800663
2024-06-07,0.07918357446828383,0.0905596790659,0.09785646307606809,0.09794410893065875,0.09731072409948183,0.09535067924224797,0.08127637360686453,0.0867924913764,0.090971939265728,0.09250039708534986
2024-06-10,0.08136745803397284,0.056350220491,0.07964861209785104,0.07866798472651071,0.08029365526460146,0.07530928659844353,0.07171971147714783,0.08138494938611984,0.08288422971963882,0.07855834703861618
2024-06-11,0.07763258148705458,0.0741015026107,0.0844983138169011,0.08444656214446093,0.08562079415045779,0.08425174040835946,0.07255542738389319,0.08032599836587906,0.08324559777975082,0.08213491914995749
2024-06-12,0.0772204366355395,0.104201131244,0.10022342813536059,0.10082337644984293,0.10007152682256591,0.09416613636361626,0.10040004692653998,0.08551096171140671,0.08830972760915756,0.09564360057406998
2024-06-13,0.07679517941395757,0.0769863174333,0.09042859134970387,0.09053391224236007,0.08950134820966037,0.08107905227664454,0.08266263546226123,0.08475114405155182,0.07691637426614761,0.08512472255118994
2024-06-14,0.08099049322776009,0.0768052307122,0.08909108209236065,0.0889885515249364,0.08841271645762971,0.07748475218166781,0.07810630740369692,0.08393163233995438,0.0754791870713234,0.08307060415308133
2024-06-17,0.07918709654570555,0.0702030708451,0.08744721360402861,0.08663581024412795,0.08673404443601258,0.08148788652645914,0.07357277236255169,0.08202451467514038,0.07539449632167816,0.0818995340242855
2024-06-18,0.08231867526789198,0.0502175775635,0.07705677636852644,0.0771952261546165,0.07745973753253896,0.07389729807643594,0.07314364471621847,0.07737337052822113,0.07315361499786377,0.07561138119634589
2024-06-20,0.075739487955467,0.102658493958,0.09851748551623082,0.09889058222097671,0.09802877464343587,0.09375663116291014,0.09577365540558815,0.08298373222351074,0.07648642361164093,0.09206246925489904
2024-06-21,0.08107450721285656,0.0748292176032,0.08673918617252532,0.08707094530523811,0.08710830928282459,0.08473604657609698,0.07572406694099608,0.08202134072780609,0.07800211012363434,0.08305742930416023
2024-06-24,0.08300007127139646,0.0959627298748,0.09711557902412268,0.0974210470549006,0.09649965690050272,0.09263487070439752,0.080588908558266,0.08536584675312042,0.08174319565296173,0.09019558637832452
2024-06-25,0.08240768419641854,0.0590267099405,0.08084884339932835,0.08060951342511424,0.08129421776992785,0.0788861401821358,0.07314364471621847,0.08114740252494812,0.08053623139858246,0.07949514191660789
2024-06-26,0.07801833370555233,0.07106789211,0.0877941700155861,0.08758657231654551,0.08745261666888697,0.08349414086889319,0.07357277236255169,0.08081524074077606,0.08042539656162262,0.08302012993355175
2024-06-27,0.07453780551950777,0.0730704801634,0.08593788568980149,0.08563564105721895,0.0859727966710101,0.08206973924726954,0.07572406694099608,0.08020789921283722,0.07834431529045105,0.08198462058708349
2024-06-28,0.06247672717085903,0.0989062193564,0.09876902907645943,0.09931971432744674,0.09773136716229933,0.09325467915073418,0.080588908558266,0.08466024696826935,0.08257904648780823,0.0909861416758976
2024-07-01,0.04707887679605378,0.103867829867,0.10146440101639646,0.10193277755597144,0.10021781107875094,0.09548905281900605,0.09923952549988574,0.08857066929340363,0.08513620495796204,0.09600720603162517
2024-07-02,0.045367825295413965,0.0547195157526,0.08077210655100522,0.07971395141652471,0.08008427486560477,0.07512380079588751,0.07892159351621475,0.08285917341709137,0.08121094107627869,0.07981226309122957
2024-07-03,0.061708421750006626,0.0391128519392,0.07155630803673363,0.07108041685963108,0.07171291273392102,0.06735944688442942,0.07892159351621475,0.07582934200763702,0.07775530219078064,0.07345933174704965
2024-07-05,0.06745187788645866,0.0518113439187,0.07498039614099258,0.07511870517459307,0.07555002045980413,0.07164254825497435,0.07892159351621475,0.07297573983669281,0.07899607717990875,0.07545501150902578
2024-07-08,0.07671185387509116,0.038983652458,0.06434871834772993,0.06459776895901917,0.06660778277406139,0.06489563140009305,0.07892159351621475,0.06790867447853088,0.075253427028656,0.06893337092918646
2024-07-09,0.08038297016246415,0.0485172350124,0.06330027714184683,0.0635756505276019,0.06677214001983892,0.0676186675608905,0.07892159351621475,0.06508639454841614,0.07487288117408752,0.06859251492698522
2024-07-10,0.08564172159742803,0.0469395362405,0.06196595337856066,0.060455315187903355,0.0657189182419611,0.06688396067722688,0.07892159351621475,0.06304286420345306,0.07302270829677582,0.06714447335744224
2024-07-11,0.09757098355958461,0.101381773022,0.09014626979748855,0.09071075767329573,0.09198080313090906,0.09121198296924168,0.09242879667020645,0.07159407436847687,0.07586672902107239,0.08627705909009867
2024-07-12,0.10531189169091974,0.0799596644336,0.08378910723393095,0.08413674384744592,0.08538211372088134,0.0832012739015929,0.08453940729907015,0.074435293674469,0.06975780427455902,0.08074882056456419
2024-07-15,0.10877408962246189,0.0905234148256,0.09281652630107215,0.09333000589314082,0.09276028811788076,0.0880965460824426,0.08504178501808915,0.07908277213573456,0.07840962707996368,0.08707679294690339
2024-07-16,0.11016517881772483,0.0723704976435,0.08753739580654714,0.08700553943531021,0.08776386553220936,0.08364093005836679,0.07935072116254797,0.07969589531421661,0.07925860583782196,0.08346470759243142
2024-07-17,0.11251566997419518,0.0810477204654,0.09422386696931309,0.09468745638634893,0.0936666569555453,0.08775754089393886,0.0884912077096602,0.08225642144680023,0.079764723777771,0.0886925534484825
2024-07-18,0.11499956921921896,0.145623575269,0.12461766269776173,0.12544172625536765,0.12288686345843955,0.1174595352481431,0.1271277691442039,0.09736362844705582,0.0902635008096695,0.11502295515152018
2024-07-19,0.12130785856234315,0.119356761141,0.11724881884787798,0.11790862264959825,0.11560147437095872,0.11239634873900672,0.10860149676457634,0.10049710422754288,0.09952686727046967,0.11025439041000437
2024-07-22,0.12043117067634945,0.109089545054,0.11457652970162005,0.1149171117966493,0.11310594555298929,0.1114420990307602,0.10642636850941528,0.0999063104391098,0.10265663266181946,0.10900442824176619
2024-07-23,0.12681596922540414,0.0822210993779,0.10440919347083467,0.10494420769230217,0.10236836926474878,0.09792904591431369,0.09455183302246657,0.09344930201768875,0.09874849021434784,0.0994857773709575
2024-07-24,0.13065358967275906,0.0958424739958,0.11134422656534385,0.11188178943501285,0.10875717319613004,0.10348425308343777,0.09727834001971782,0.09320779144763947,0.09639337658882141,0.10319242147658617
2024-07-25,0.12960630437343737,0.155022096259,0.13654182747617927,0.1374221683330348,0.1352719096908358,0.13463378819074412,0.14645037855642573,0.10651598125696182,0.10704553127288818,0.12912594068243852
2024-07-26,0.1382726810524937,0.147307550967,0.13571974607110596,0.1365855310043943,0.13410588455115374,0.1333662680750942,0.1485365781479184,0.11261405795812607,0.11625786125659943,0.13102656100919888
2024-07-29,0.19148512917260788,0.104119548825,0.1173488824644892,0.1178485958843914,0.11494487965435722,0.11313058744979831,0.14111129970999098,0.10581626743078232,0.11748240888118744,0.11824041735357098
2024-07-30,0.20319288044143183,0.121051332431,0.12778649275545453,0.12855909172629437,0.12445707992155775,0.1211235524912243,0.1215738903455038,0.10673842579126358,0.1127755343914032,0.12043058106038594
2024-07-31,0.2136378164580262,0.118853405675,0.12893316865101018,0.1289809518991863,0.12578498607879707,0.12243124193778077,0.1215738903455038,0.10728732496500015,0.11149388551712036,0.12092649277062838
2024-08-01,0.21521491113165186,0.150562340986,0.14153903301139498,0.1424541321768294,0.1369259896901847,0.13243098303077738,0.1485365781479184,0.11482628434896469,0.10808928310871124,0.132114611930683
2024-08-02,0.20858211532394838,0.182502645275,0.1576876104023101,0.1583224251127297,0.1531634119465869,0.15030283879691278,0.1485365781479184,0.12725894153118134,0.11204944550991058,0.14390303592107853
2024-08-05,0.16762435318901467,0.313969715564,0.23058223245782117,0.2265934025055444,0.222824663416481,0.2179561331913866,0.2403585226635852,0.17121142148971558,0.1440664827823639,0.20765612264384253
2024-08-06,0.14729422484124846,0.194312595893,0.18750636004021842,0.18788961102078522,0.19386330357769466,0.20713870024572523,0.3315086395797329,0.16873736679553986,0.20831835269927979,0.21213747627985374
2024-08-07,0.12993794525501415,0.189459710321,0.19162572154201035,0.1928802394804096,0.1850280926850207,0.1857428033860164,0.19550605337940777,0.16760984063148499,0.2205747365951538,0.19128106967135766
2024-08-08,0.11187379781693162,0.161402370755,0.18078708202897037,0.17828562710132162,0.17530067553118453,0.1770025603966045,0.18904169013360597,0.1602056622505188,0.19955778121948242,0.18002586838024115
2024-08-09,0.09725058281859995,0.138753089445,0.1672551111440549,0.16752309603242693,0.1581413274028712,0.15505481050209013,0.16993376462585222,0.14953495562076569,0.1612367331981659,0.1612399712180324
2024-08-12,0.07907175890709002,0.146745040927,0.15523780591055597,0.15614154043801187,0.146919103177099,0.14493615413670788,0.17357714741410316,0.14150628447532654,0.13151051104068756,0.14997550665607026
2024-08-13,0.07880702245088728,0.0758004575866,0.11512933035844053,0.1144734475542055,0.11049700432185774,0.11444919501239681,0.11767681281299296,0.11732938140630722,0.11345072090625763,0.11471512748177977
2024-08-14,0.07678988350019611,0.108795158727,0.12138438644727259,0.12212450665309771,0.11582493137599001,0.1176520552200677,0.1197646574002043,0.11065121740102768,0.10041990876197815,0.11540309475137688
2024-08-15,0.08794426163189416,0.0648853634491,0.09446025629766425,0.09418220262001492,0.0903023313449048,0.09240705298187513,0.09432315196322189,0.09562208503484726,0.07909512519836426,0.09148460077727036
2024-08-16,0.10572624044329283,0.0629449436677,0.08702520233586347,0.08683628480053635,0.0836238062726336,0.08674248279557087,0.0851485630140084,0.09427845478057861,0.14067727327346802,0.09490458103895134
2024-08-19,0.10597323087638241,0.0742121487844,0.08520262359027282,0.08477655857791408,0.08314409030726883,0.08728033718046777,0.08262119284321666,0.08972716331481934,0.13113053143024445,0.09198321389202914
2024-08-20,0.10475235852853572,0.0744091931478,0.08525016763864837,0.0856854576990106,0.08304024832724315,0.08621715766517293,0.08262119284321666,0.08768586814403534,0.11966206133365631,0.09002316480728334
2024-08-21,0.10619105457208197,0.101326618736,0.09566734491056667,0.09643852154297891,0.09384678784667969,0.09851902021854139,0.08667724867134394,0.09212683141231537,0.11342889070510864,0.09667209218679065
2024-08-22,0.10452494596155662,0.115748197048,0.1061696870081422,0.10707204552911678,0.1033125726378496,0.10725013803070521,0.10707330840341361,0.09872466325759888,0.10976630449295044,0.10562410276568238
2024-08-23,0.09263305577425895,0.145537932357,0.12585668029739985,0.12639733808326925,0.12147364107405345,0.12438348884982993,0.12650506036003265,0.11025282740592957,0.11156004667282104,0.12091844039190511
2024-08-26,0.10079448258119851,0.0759531549557,0.09753195103037231,0.09820024834192874,0.0930831426624393,0.09308258377256415,0.08814017179015354,0.10206843167543411,0.10966533422470093,0.09739598049965616
2024-08-27,0.10756659556469383,0.0651949599238,0.09243356544535831,0.0921358020881796,0.08867592376027932,0.08935954861720516,0.0851485630140084,0.09521779417991638,0.10736055672168732,0.09290453626094779
2024-08-28,0.1115753811180589,0.108556441235,0.11093461283973274,0.11166700119876621,0.10620495553882689,0.10532374047614435,0.10651805246427692,0.1005549430847168,0.1058683693408966,0.10672452499190865
2024-08-29,0.12167016736739739,0.107899334593,0.10997616640732696,0.1108442446402364,0.10633425621051074,0.10819667889193273,0.10707330840341361,0.1030561625957489,0.10754486918449402,0.10757509804766618
2024-08-30,0.12233610710221349,0.0972542195683,0.10123883328416869,0.10130329970043246,0.0981648590398291,0.10000830581974837,0.09123639697293577,0.10109256207942963,0.10727554559707642,0.10004568607051723
2024-09-03,0.12141913665615915,0.116885008583,0.11312017996811022,0.11399756248904508,0.10821024270599586,0.10565836925030012,0.11016426217519643,0.10482077300548553,0.10584560036659241,0.10883099856581795
2024-09-04,0.12689492421517518,0.106327826143,0.11267989104741434,0.1132490925524443,0.1107284510272073,0.11495879069801232,0.1225239170076434,0.10536254197359085,0.10992376506328583,0.11277520705279977
2024-09-05,0.12474264364653176,0.127188705808,0.12335315301569491,0.12388278219566266,0.12163800649146111,0.12446348242938701,0.12944159525934013,0.10987496376037598,0.11569999158382416,0.12119342496224943
2024-09-06,0.10988850224400118,0.153019888196,0.13818460232007054,0.13926271216611902,0.13506736281725273,0.13627462485916567,0.1484171235659855,0.11859001219272614,0.12069523334503174,0.13378452446662162
2024-09-09,0.10696142878091265,0.101345205079,0.11746615554968168,0.11781775989204255,0.11721581647959045,0.1211294291826263,0.1212429706305458,0.1125088483095169,0.11869029700756073,0.11801018243593778
2024-09-10,0.10430086988301147,0.112002336843,0.12151109967829138,0.12237319405097498,0.11991030127330335,0.12155644114262548,0.12417000521441827,0.11136819422245026,0.12188355624675751,0.12039611311840304
2024-09-11,0.11642952138182382,0.134551781254,0.1333749590917862,0.13224834971877242,0.130499833738757,0.13020196250716137,0.12259857203056825,0.11618320643901825,0.12200342118740082,0.1267300435304949
2024-09-12,0.11257234692740277,0.116055993584,0.12480965271854885,0.12472707590181831,0.12134444168388935,0.11895889192147244,0.12036847309111849,0.11467961966991425,0.12297312915325165,0.12112304059143049
2024-09-13,0.11227115581456143,0.0773877580177,0.1019954207649863,0.10210456138555515,0.09971759076400924,0.0983808720935784,0.10109866860473965,0.10424867272377014,0.1195647269487381,0.10387293046933957
2024-09-16,0.10936529355752679,0.084244716152,0.10331105604239839,0.10338430704159227,0.1009988198952862,0.09891845900367656,0.09381153288767004,0.09980666637420654,0.1131010353565216,0.1019045538001931
2024-09-17,0.10418675443943194,0.0986617682585,0.10785326925878068,0.10853969210278264,0.10593750669293682,0.10724367441900332,0.09145749016659019,0.09959001839160919,0.09873689711093903,0.10276550687752027
2024-09-18,0.0711441030162507,0.177454196323,0.14415805029425593,0.14421984644329894,0.14009624713732843,0.1369201192047383,0.14348026964834282,0.12360798567533493,0.09572143852710724,0.13260056527577238
2024-09-19,0.06504714469136867,0.0951445892549,0.10810876517689222,0.10811487766375204,0.10594545616679005,0.10794507802584491,0.10517538644843705,0.11162719875574112,0.0993850827217102,0.1066145492798811
2024-09-20,0.062222391530646355,0.0751682164679,0.09962438978512866,0.09998234748295615,0.09622123162017024,0.09754294481493977,0.09370943965206405,0.10063711553812027,0.09816603362560272,0.09798335750271168
2024-09-23,0.06719865346380931,0.0622651365892,0.09237550005223304,0.0922358912946642,0.08951443503129684,0.09160927022987808,0.08362740083505266,0.09198757261037827,0.09722286462783813,0.09122470495447732
2024-09-24,0.08365320944682572,0.0648437070531,0.09050623752271297,0.09055394058386186,0.08832269939729204,0.0908700086583692,0.08362740083505266,0.08861913532018661,0.09488986432552338,0.0896270409489998
2024-09-25,0.09412860836177325,0.0502295705697,0.07320630687551043,0.07338844981682957,0.07384183309331052,0.07987749423822331,0.07806630057925867,0.08083220571279526,0.09273789823055267,0.07885006979235434
2024-09-26,0.10491964655691675,0.0700052216414,0.07916093503264585,0.07961152200987076,0.08028284780848759,0.08626855294099368,0.078911610463015,0.0825968086719513,0.0918235331773758,0.08266511572919143
2024-09-27,0.113076522807276,0.0620704087585,0.07470058394211306,0.0750361430694979,0.07647797597657743,0.0836220206407505,0.07838315309583548,0.08156665414571762,0.09023876488208771,0.08000361367893996
2024-09-30,0.11202623769605123,0.0842443608335,0.08591572048578572,0.08562365630563334,0.08773305385756863,0.09393727590911959,0.08653380786497869,0.08747150003910065,0.09064340591430664,0.08826548862521333
2024-10-01,0.09986457069061885,0.128901933505,0.11014517465327488,0.11065048375480369,0.10997818512167168,0.11239970949756059,0.10543730813807599,0.10312715917825699,0.0906619131565094,0.10605713335716474
2024-10-02,0.09135005138246836,0.108787347915,0.10703982058641981,0.10667894855370509,0.10766190784990039,0.11126994477770348,0.11385302656020219,0.10611117631196976,0.09311889111995697,0.10653338796569393
2024-10-03,0.0780865863588999,0.125061655453,0.1187159735103405,0.1193999704845498,0.11774851120117191,0.11886440123766619,0.11546025186387857,0.11221947520971298,0.09618695080280304,0.11408507633001756
2024-10-04,0.06509512426200668,0.112887441845,0.11821780691946354,0.11882996782742286,0.11717477266870567,0.1181979967610692,0.12423598883006236,0.11234835535287857,0.09818239510059357,0.11531246906574225
2024-10-07,0.06041864376437534,0.0769090498121,0.1027367059450849,0.10333752056243391,0.10107333829030525,0.10265816865258091,0.10637089310549964,0.1019858717918396,0.0976160317659378,0.10225407573052601
2024-10-08,0.06349621454879222,0.0610817582907,0.09026102533199465,0.08973778737512969,0.0932284432698743,0.09944697856708813,0.11567980083580842,0.09110148251056671,0.10029982030391693,0.09710790545633984
2024-10-09,0.06299170004149952,0.0607798001663,0.08590335808717031,0.08539508850956959,0.0886461592986423,0.09517024935039836,0.09972534204782495,0.0852372869849205,0.10183145105838776,0.09170127647670198
2024-10-10,0.06558711501264994,0.0663613823892,0.0830351138233377,0.08318847467484317,0.0865646138952086,0.0939243483791771,0.0899066799100668,0.08309529721736908,0.10258893668651581,0.08890049494093118
2024-10-11,0.064717800431592,0.0586760231587,0.07512665866725855,0.07384849889472361,0.08016368052209893,0.08916555387720214,0.0899066799100668,0.07904206216335297,0.11525017023086548,0.08607190060936694
2024-10-14,0.06660992675334759,0.0545911027658,0.0715471233306792,0.07112066197368108,0.0770432435916908,0.08647164790640244,0.08958982739349,0.07589223235845566,0.11159643530845642,0.08332302455183652
2024-10-15,0.062255811033211754,0.0750850513376,0.0813071291158716,0.08179457709114805,0.0861718455428779,0.09425040915655908,0.09301516865211203,0.08052043616771698,0.10763956606388092,0.08924273311288093
2024-10-16,0.06889085380869372,0.05809568976,0.07389678536465927,0.07341691499231046,0.07972841215840756,0.08860809046528283,0.09004177318913804,0.07435370981693268,0.10776519775390625,0.08397298339151958
2024-10-17,0.06951863403654426,0.077925669586,0.08318666417881837,0.08368601574550733,0.08798789714603114,0.09502119260993463,0.09306031193710301,0.07968927919864655,0.10413280129432678,0.08953773744433825
2024-10-18,0.07737515599349555,0.0536329738017,0.072897065168919,0.07276550245816954,0.0780051703087575,0.08549137725030109,0.08974827615471674,0.07272310554981232,0.0998755395412445,0.08164371949027438
2024-10-21,0.07690341358540237,0.0649817801241,0.07858514075447998,0.07892585868176824,0.0829044568825931,0.08897905106070207,0.08575355367592513,0.0738358348608017,0.09844312071800232,0.08391814523346751
2024-10-22,0.08082795606209729,0.0532192001157,0.07179353576898703,0.07166568853609756,0.07724975246291521,0.08485123192105573,0.08974827615471674,0.06985373795032501,0.09705999493598938,0.08031745967572666
2024-10-23,0.07799214133530076,0.0878972572049,0.0887836439712481,0.08935418774660116,0.09312371888281479,0.09835623859745143,0.09561118687647181,0.08059954643249512,0.09590959548950195,0.09167687399951206
2024-10-24,0.08707239248859865,0.0806651329851,0.08600348176802312,0.08614250094492472,0.09148149671882598,0.09795688940014528,0.09605537226489891,0.08202584087848663,0.09488372504711151,0.09064990100320232
2024-10-25,0.09052828263493133,0.0929885332305,0.09455564432892556,0.09505824437066357,0.09861473260609276,0.10331771105662833,0.09666214653928025,0.08723238110542297,0.09356051683425903,0.09557162526303893
2024-10-28,0.09482632964684572,0.062118701117,0.08152344367474804,0.08177503123824126,0.08668111438480164,0.0933881996623907,0.09186978834859179,0.07802058756351471,0.0954427421092987,0.08695727242594097
2024-10-29,0.09540564320008252,0.0769896133345,0.08978639244423411,0.0895114047320128,0.0939407726853653,0.09915457093326907,0.092769218678196,0.08022448420524597,0.0991075336933136,0.09207062533880526
2024-10-30,0.09804488532490295,0.0739865255881,0.08731510368371934,0.08745050844353795,0.09178384261063952,0.09745889625808632,0.092769218678196,0.07979907095432281,0.09880751371383667,0.09076916490604837
2024-10-31,0.08680757238960074,0.118325824728,0.10907844861260985,0.10946803434295124,0.11259811884054027,0.11528172570102556,0.11644941504257171,0.09566168487071991,0.09842775762081146,0.10813788357589
2024-11-01,0.07509497480569348,0.108239130762,0.1062660942415724,0.10671853036441019,0.1118769951823185,0.11594099277561828,0.13221008746872637,0.09780599176883698,0.09759485721588135,0.10977336414533771
2024-11-04,0.06804724233445099,0.0885553342028,0.10054519287687547,0.10038534776393052,0.10513913502595874,0.10885650102024111,0.11098828936658459,0.0912715345621109,0.0969432145357132,0.10201845930734492
2024-11-05,0.06551549269304947,0.0804886349869,0.09757575433842247,0.09673925840906206,0.10234280928614012,0.10631104844641878,0.11098828936658459,0.0855877697467804,0.10067813098430634,0.1000318657968164
2024-11-06,0.06261468429518094,0.0895925213863,0.10272215555334527,0.10319918251240133,0.10541009527464626,0.10757889249443067,0.10167934703178337,0.08743101358413696,0.10388854146003723,0.10170131827296872
2024-11-07,0.07382584780141208,0.0601230091283,0.08530120032327453,0.08462596329246182,0.08621171106764866,0.08820896694170305,0.08345391872440473,0.07679219543933868,0.10204266011714935,0.0866623737008544
2024-11-08,0.0805397866177323,0.0472674572253,0.07453894135116043,0.07407328394253582,0.07643370395444553,0.08003771476982627,0.07892027669412562,0.06746697425842285,0.10162891447544098,0.07901425849227964
2024-11-11,0.0841504622741271,0.052895245127,0.07370168327391763,0.07383312363604436,0.07611762188463735,0.08008800399176733,0.07892027669412562,0.06605076789855957,0.09984336793422699,0.07836497790189698
2024-11-12,0.0842286011101332,0.0691930872955,0.07942341573434887,0.07987690556948532,0.08194585706178428,0.08564001952755321,0.08089392672819086,0.07157458364963531,0.09751692414283752,0.08241023320197649
2024-11-13,0.09141018682036577,0.0785392540148,0.0822619222378065,0.0827163436762045,0.08479944391400325,0.08838956473140946,0.08630909852970914,0.07680583000183105,0.09582178294658661,0.08530056943393578
2024-11-14,0.10178126313751826,0.106127573221,0.09756610706385835,0.09818267937028757,0.09821607599320109,0.09865759608431249,0.09895271722632007,0.08901018649339676,0.10597962886095047,0.09808071301318953
2024-11-15,0.10283647036485223,0.0861174757916,0.09270319384684463,0.09314103054920482,0.09269221577770514,0.09316385158580426,0.08612983239352222,0.08810751140117645,0.10173753648996353,0.09252502457774588
2024-11-18,0.1037019714774851,0.0759679032201,0.09056668744843949,0.09010122572202318,0.09132208688679688,0.0929566073204056,0.0864053222580406,0.08452203869819641,0.09638317674398422,0.09032244929684093
2024-11-19,0.10223853609545636,0.0696668360814,0.08796987940151424,0.08719388209117895,0.08848037515935826,0.09018692583248225,0.08409242101011084,0.08105505257844925,0.09294808655977249,0.08741808894755232
2024-11-20,0.09286122112520044,0.111692611524,0.10826798868485452,0.10875109564538554,0.10759295156302442,0.10673816421328176,0.10355092318752725,0.09434995800256729,0.09235487133264542,0.1030865646613266
2024-11-21,0.06817610854034303,0.145880355615,0.12582779843738795,0.12657278243086806,0.1242505488245503,0.1216500370839085,0.12112665508481431,0.11217764765024185,0.09097253531217575,0.1175111435462781
2024-11-22,0.057499701397075824,0.0921726108607,0.10410886333137498,0.10426719779116846,0.10263788966929334,0.1021031789885629,0.09135672528990213,0.1011529341340065,0.09019014984369278,0.09940241986400015
2024-11-25,0.04817200627962305,0.0816389525639,0.10025025706714535,0.10083679590955778,0.0978657556026347,0.09666570622180934,0.0907280383547294,0.09256143867969513,0.08913803845643997,0.0954351471845731
2024-11-26,0.044264501596751264,0.0578495023549,0.08939768693528977,0.08947439918700115,0.08723481983231116,0.0868210749298623,0.08385546710156289,0.08133964985609055,0.08621207624673843,0.08633359629840805
2024-11-27,0.04224573662584895,0.0576860476948,0.08450324510628085,0.08478473784601306,0.08314066354004232,0.08365128356088479,0.08346610672966111,0.07621143013238907,0.08497525006532669,0.08296181671151397
2024-11-29,0.043798990755168715,0.0374827305379,0.06649860746808245,0.06597430522441944,0.06772552810156547,0.07184352055138347,0.0782392138332812,0.06599936634302139,0.08538273721933365,0.07166618267729816
2024-12-02,0.04511709509419314,0.0422724451399,0.06407242315236,0.06422948752343569,0.06622097195965497,0.0710733476045663,0.0782392138332812,0.0631718710064888,0.0847429409623146,0.07025003657744308
2024-12-03,0.046881596502634876,0.0416719476024,0.060381691243557856,0.06050783553597124,0.06354545202379033,0.06912746030834925,0.0782392138332812,0.06153751164674759,0.08381205052137375,0.06816445930186732
2024-12-04,0.04634543780514647,0.0392502800721,0.05783559224756814,0.057581691686488856,0.06144305986755484,0.0671131337900554,0.0782392138332812,0.060046806931495667,0.08315443247556686,0.066487704404573
2024-12-05,0.04724910332155584,0.0495425161442,0.06144025201227435,0.061729729794284975,0.0650814814237022,0.07014163994064344,0.0782392138332812,0.06259208917617798,0.08318664878606796,0.06891586499520459
2024-12-06,0.052428054092404336,0.0455324250302,0.06056124860592135,0.06074998666038199,0.06419595884587151,0.06913234557188874,0.0782392138332812,0.06273924559354782,0.08376743644475937,0.06848363365080742
2024-12-09,0.051416081901335994,0.0487130681742,0.06252812886598169,0.06281323946373327,0.06593149735679539,0.07011598082317463,0.0782392138332812,0.06364630907773972,0.08149874955415726,0.06925330271069473
2024-12-10,0.05323563084932732,0.0504798011235,0.06406571570236538,0.06421997415197847,0.06795843897526369,0.07282568408307792,0.0782392138332812,0.06459657847881317,0.08502299338579178,0.07098979980151023
2024-12-11,0.11280883371771214,0.0359257854377,0.05775786624087957,0.05746580372577694,0.06197906586721887,0.06765678486137422,0.0782392138332812,0.060431547462940216,0.0850738063454628,0.06694344119099054
2024-12-12,0.13098018583306603,0.0536409517308,0.06546357607992295,0.06563906886164707,0.06896926357665234,0.0730893303599596,0.0782392138332812,0.06405193358659744,0.09940055757761002,0.07355042055366723
2024-12-13,0.1489339391433556,0.0682225562792,0.07353825532097753,0.07389288845849774,0.0765833935624947,0.07969653236707622,0.07994956916936544,0.07030106335878372,0.09598992019891739,0.07856451749087325
2024-12-16,0.15364482571057972,0.0429828584646,0.06237000236712421,0.06211204780340565,0.06590425723272691,0.0702083865873116,0.076873622930612,0.06105414777994156,0.09512949734926224,0.07052170886434059
2024-12-17,0.1536219160350778,0.0591633745713,0.06994824964979168,0.06973356067122846,0.07360779406806467,0.07727377710549707,0.07755430174541676,0.06380478292703629,0.09164028614759445,0.0747946789020899
2024-12-18,0.12226956854537997,0.225276862823,0.15563651942227186,0.1553611918045359,0.15312476838347816,0.1444731762547013,0.12039117201686951,0.1302483081817627,0.09128861874341965,0.135789107829577
2024-12-19,0.11663690457165472,0.15819997561,0.13695126011619288,0.13788007805622315,0.13798272794771432,0.13452795962277989,0.15767193932454987,0.13330361247062683,0.0976281687617302,0.13370653518568815
2024-12-20,0.10317942115406159,0.172574224393,0.15206045053473063,0.14956103500866927,0.15056951202588403,0.14410410492712492,0.1488749515026849,0.13989421725273132,0.10037534683942795,0.14077708829875044
2024-12-23,0.11329206156637989,0.0947343512998,0.12435907191070632,0.12476708923517799,0.11999976322858977,0.11408199982493862,0.1045216250042299,0.11169364303350449,0.10124031454324722,0.11438050096862776
2024-12-24,0.13972426019054648,0.0588651678325,0.10957394416020827,0.1087800979206682,0.10494591939094161,0.0995885190070114,0.09418833421257274,0.08682950586080551,0.09988788515329361,0.10054202938650018
2024-12-26,0.14092983267346687,0.0866050602064,0.10873898652866858,0.10900129918800074,0.10477353678248805,0.09938838728676147,0.09763289540969687,0.08588366955518723,0.09490817040205002,0.10004670645040757
2024-12-27,0.13224428026158536,0.13527317865,0.12682729010670507,0.12765978479220347,0.12285940164928785,0.11628618465367069,0.11621319135986126,0.10567370802164078,0.09150794893503189,0.11528964421691444
2024-12-30,0.13657120267362813,0.122437698986,0.11691092338099782,0.11756630027030136,0.115033482716668,0.11196635722158592,0.10937974049920789,0.10735062509775162,0.08948107808828354,0.10966978675354232
2024-12-31,0.1384240026457097,0.141138544124,0.12868106498896117,0.1295238288427484,0.1265137124206238,0.12275643823425089,0.1187111038859717,0.11602119356393814,0.08894047886133194,0.118735402971118
2025-01-02,0.1306275662751544,0.192104128907,0.16148591185725672,0.16273076565139194,0.15538086425495562,0.14607831707778468,0.14043591160692642,0.14355438947677612,0.08984240144491196,0.14278693733857192
2025-01-03,0.13617943589041076,0.0958758609413,0.12223351264198465,0.12225784243967601,0.11785471364316946,0.11405094197306066,0.1045216250042299,0.1154141053557396,0.09029196947813034,0.11237495864799865
2025-01-06,0.14458476873025516,0.0802215213315,0.11075130532880273,0.11108187136130544,0.10630915739069233,0.10370531977356184,0.09879444637906659,0.09637153893709183,0.0931076928973198,0.1028744760096915
2025-01-07,0.13525355103794445,0.144245307799,0.13912498454448124,0.140012475480274,0.13307037326112353,0.12705158966616914,0.13257998155831963,0.11668431013822556,0.09568405896425247,0.12631539623040652
2025-01-08,0.12473469886113525,0.149892108469,0.1420826464244948,0.1427453630473073,0.1368785455718599,0.13199078353047716,0.1443472075721134,0.1285979449748993,0.09796185046434402,0.1320863345122137
2025-01-10,0.10546266636348624,0.162529317834,0.14449748724035347,0.14551742541636245,0.13914341152206056,0.13462696668976207,0.14450029917389207,0.13702836632728577,0.10020627826452255,0.13507431923346272
2025-01-13,0.09573521747861072,0.128835434386,0.13330053396646985,0.1323200744062051,0.12902096444530176,0.12681001005199308,0.1246705775954951,0.1272735297679901,0.10322514921426773,0.12523154849253185
2025-01-14,0.07655210186518724,0.135037311257,0.14062518022818132,0.14158127253407832,0.13479433209094513,0.13109018397124086,0.1267496298504221,0.1275949776172638,0.10392788797616959,0.1294804948954716
2025-01-15,0.0691606054649425,0.0880371933896,0.11599073557042318,0.11605935711669822,0.11176613383309054,0.11210054008422313,0.10865164232383077,0.10852158814668655,0.10340607911348343,0.11092801088406225
2025-01-16,0.060165169861523655,0.0937750198041,0.11330055036550159,0.1137784045017476,0.10774258313764774,0.10747840739119258,0.10122099531432405,0.10314533859491348,0.1172964945435524,0.10913753912126849
2025-01-17,0.07671614035995238,0.065068607164,0.09310954966341456,0.093015707510606,0.08994622580723374,0.09397114787762317,0.08684059246213797,0.10006023943424225,0.11003782600164413,0.09528304125098597
2025-01-21,0.07912247538097979,0.0825400417946,0.09604455327550043,0.09638257906533326,0.0933070443071759,0.09761256197379839,0.09356413259049043,0.09955349564552307,0.10464384406805038,0.09730117298941028
2025-01-22,0.09666679569431358,0.041352600922,0.07075528742011711,0.07090948570439498,0.06999467436379674,0.07805985956081292,0.08060036207259628,0.08811725676059723,0.1014324203133583,0.07998133517081052
2025-01-23,0.11238389866468279,0.0486350970124,0.07050741334385353,0.06913206493220109,0.07073426938020039,0.07847861688021368,0.08170971667895638,0.08450902998447418,0.10029668360948563,0.0793382564013407
2025-01-24,0.12231016641487139,0.0545623122696,0.06959333999615361,0.0699126715560707,0.07065296618687858,0.07846103985949747,0.08130494667638696,0.08402073383331299,0.0987367257475853,0.07895463197941223
2025-01-27,0.13409762178151294,0.124745806641,0.10383357156146424,0.10371601875245398,0.10272383682435327,0.10522371358453092,0.10469423123356485,0.10224197804927826,0.09691149741411209,0.10276354963139393
2025-01-28,0.13223343431019258,0.0932086803516,0.09185856887486096,0.09053550019148747,0.09320491996610325,0.09911126319418474,0.08784724408973502,0.10302560031414032,0.09713279455900192,0.0946736987413591
2025-01-29,0.12312223433175541,0.130883742306,0.11523898874529681,0.11570610922910346,0.11283070310151913,0.11388997728859215,0.11007611723014321,0.11431555449962616,0.09798785299062729,0.11143504329784404
2025-01-30,0.11176343960123565,0.13709022251,0.12565127049374866,0.12642785730449024,0.12148422182548387,0.12048137259253619,0.12143754669478363,0.12264035642147064,0.10240275412797928,0.1200750542086418
2025-01-31,0.12263163843149619,0.12093480296,0.125017578380744,0.12544875137244335,0.11925488798332823,0.11688803527331165,0.12143754669478363,0.12317103147506714,0.10002394765615463,0.11874882554797608
2025-02-03,0.09660842700918852,0.175138496824,0.15169247448351708,0.1474288068914863,0.14449092523094076,0.13880896749776825,0.14156829764192105,0.1377088576555252,0.1000501736998558,0.13739264330014492
2025-02-04,0.09307246862176433,0.0787743803717,0.11097308804201722,0.11073245077037482,0.10699667247397018,0.10735627321427696,0.10808258989043462,0.1185484230518341,0.10310312360525131,0.10939894586402275
2025-02-05,0.0970513776823222,0.0741456080079,0.10417777711358146,0.10397283085760399,0.10055047377951043,0.10116917626725105,0.11859893787891221,0.10626062750816345,0.10578421503305435,0.10578771977686814
2025-02-06,0.09735745118455283,0.0738487530769,0.09840743569925262,0.0988571175807022,0.09549655963575496,0.09704204161309436,0.09189090499458294,0.0994056761264801,0.10339289158582687,0.09778466103367058
2025-02-07,0.06705968031367442,0.165416106022,0.13982127774022907,0.14037107533798893,0.1340176853526217,0.1297339132401348,0.1407182541893206,0.1211242824792862,0.09981174021959305,0.12937117550845348
2025-02-10,0.07080851855623668,0.0463340068812,0.07955988009380659,0.07926833707785978,0.07904821405647425,0.08426561708721281,0.0843558938199061,0.09820744395256042,0.09761998802423477,0.08604648201600781
2025-02-11,0.07104636964846181,0.0534030358101,0.08034641443937288,0.07989502412035578,0.07993372388785916,0.08446479755829508,0.08396585336520812,0.08863738179206848,0.09873539954423904,0.08513979924391409
2025-02-12,0.06666657295448712,0.0963327496769,0.10006744850397337,0.0995566556804108,0.0987130038921059,0.10019615246065819,0.0908498111195202,0.09580665826797485,0.09864891320466995,0.09769123473275902
2025-02-13,0.06994738432932711,0.0758363717921,0.09193063688070235,0.09146176179695471,0.09118698933140477,0.09365770295333639,0.08740328981339346,0.09450219571590424,0.11243896931409836,0.09465450654368489
2025-02-14,0.08529937626922116,0.0495492204234,0.07087697023013133,0.07108480925973965,0.07242399712847286,0.0780196166147851,0.08026176084927814,0.08475212752819061,0.10801329463720322,0.08077608232111443
2025-02-18,0.10412630666179268,0.0687827600163,0.08081914121975738,0.08061380608237963,0.08145220170782133,0.08516769211211264,0.08315500030337926,0.0858302116394043,0.1015426442027092,0.08551152818108054
2025-02-19,0.11294531879493656,0.05495985748,0.07527324194522793,0.07456127178560398,0.07639129960479256,0.0806819102521327,0.08031323928591719,0.08565258234739304,0.09703747928142548,0.08141586064321327
2025-02-20,0.13230833884116425,0.0791468584761,0.08365122055619376,0.0840557852567414,0.08470234223742709,0.08819361569589287,0.08715627296851622,0.08513291925191879,0.09423430263996124,0.08673235122952162
2025-02-21,0.15336975248411613,0.0893989843996,0.08905758470600611,0.08898395280556404,0.08974514747962384,0.09251761355997776,0.08715627296851622,0.08551983535289764,0.09204776585102081,0.0892897389605152
2025-02-24,0.16775549719985408,0.119882694045,0.10771385792617583,0.1083026614158345,0.1082930232248796,0.11005691001997754,0.10786853791409062,0.088377445936203,0.09452883899211884,0.10359161077561141
2025-02-25,0.1800002575968977,0.150208484484,0.1272569444341529,0.12802606949826034,0.12635432134888294,0.12566867405799242,0.12276316241935686,0.09379236400127411,0.0987655520439148,0.11751815540054777
2025-02-26,0.19662157036212075,0.112215740552,0.11666650186055379,0.11715235041345054,0.11545224314415131,0.11584547338861008,0.116514296462636,0.0968354269862175,0.10140599310398102,0.1114103264799429
2025-02-27,0.20417570434803062,0.173229566335,0.15001997959043534,0.15080373721964732,0.14578060994305744,0.14090865289703078,0.13659135272971437,0.10371063649654388,0.10348385572433472,0.13304268922868054
2025-02-28,0.21532749633209597,0.195130983348,0.1682683197240011,0.1674339810725526,0.1632137908035457,0.15605383748482826,0.13864617457135883,0.11181248724460602,0.10610023140907288,0.14450411747285222
2025-03-03,0.21746190161312395,0.193571665412,0.1740921821399013,0.1746275178929586,0.16515938034758898,0.15537362237506225,0.13887358499011399,0.11917202174663544,0.10743632912635803,0.1478192340883741
2025-03-04,0.23049113900785342,0.209412316452,0.18575492727378004,0.1868305469597591,0.17874327143516475,0.16864461879580145,0.1444310813981083,0.12661738693714142,0.1133788675069809,0.15777152861524804
2025-03-05,0.22411067796210515,0.209504459168,0.19431791983306407,0.19420649562602463,0.18597868104895846,0.17411179510487482,0.14558230802306182,0.13389863073825836,0.11903603374958038,0.1638759805891175
2025-03-06,0.2186033157345826,0.212477914675,0.19897545748582163,0.20004585835549518,0.18825891869369074,0.17495830935260562,0.16270128874663475,0.14020106196403503,0.12467038631439209,0.16997304013038214
2025-03-07,0.1967095547237242,0.247925720359,0.21796557081137186,0.21837047231124157,0.20892874027733954,0.19419447618638025,0.17301130524851674,0.14819137752056122,0.12665770947933197,0.18390280740496331
2025-03-10,0.18256129250061026,0.205155379001,0.20123088143446816,0.20227939703344536,0.18985530744956391,0.17702454944895918,0.14558230802306182,0.15222959220409393,0.1265452802181244,0.17067818797310239
2025-03-11,0.1487575862829104,0.270251643513,0.23306759188474613,0.23392999662126268,0.22445821507742686,0.2085228451833444,0.28340598674368284,0.1604108065366745,0.12951458990573883,0.21047286170755375
2025-03-12,0.14323425331745562,0.171432997082,0.1890949366932403,0.19001683410802223,0.18288485283115488,0.17301346100472428,0.27738400552175047,0.16040721535682678,0.1349273920059204,0.18681838536023418
2025-03-13,0.13384549881559504,0.181537689178,0.19027585428164745,0.19123418292476774,0.18097621020015026,0.17154039872698001,0.17631598925853997,0.1607368439435959,0.15286469459533691,0.1748491677044312
2025-03-14,0.13308402156704016,0.126504383967,0.15675214560410694,0.15593731941198077,0.1518898136360463,0.1488342751693914,0.16928795443013367,0.1559886932373047,0.14835238456726074,0.1552917980080321
2025-03-17,0.1261650721307282,0.123525756555,0.1482167483451795,0.14852660756304845,0.141065028705957,0.1394673030357418,0.14960498309960366,0.1509767770767212,0.14306136965751648,0.14584554535482402
2025-03-18,0.11514087084366668,0.130525555382,0.13856114803123565,0.13928289881707534,0.1328866075097806,0.13423594346253853,0.12855422647380607,0.1455133557319641,0.13722041249275208,0.1366077989313075
2025-03-19,0.1044635200925315,0.146032296846,0.14251418082684028,0.14132057010962215,0.13825639086679348,0.14032044940473695,0.14673578617903837,0.14200791716575623,0.13114655017852783,0.14032883496161647
2025-03-20,0.10270616963071465,0.141240092541,0.13709431549536893,0.13775295751303623,0.13159909763943922,0.13452918175827255,0.12835656022525158,0.13268612325191498,0.13022375106811523,0.13317742670734267
2025-03-21,0.10304121483432234,0.122421629539,0.1288147555956271,0.1280948300297227,0.12327499234198752,0.12746434033077667,0.12743832895778692,0.12951289117336273,0.11560294777154922,0.12574329802868756
2025-03-24,0.1284468467770681,0.0793092408166,0.10702949635575366,0.10696279614931284,0.10249522501657758,0.10974510863194961,0.11478451543536958,0.11654652655124664,0.10494872182607651,0.10893034142375521
2025-03-25,0.1429822072666059,0.0611219614554,0.09343267957005304,0.09358888675780197,0.08905961516286673,0.0979808976799984,0.10491557594255434,0.10625477135181427,0.09777811914682388,0.09757293508741609
2025-03-26,0.154670394425242,0.0979870714915,0.10456580484552115,0.10519166265797844,0.1002003598833273,0.10799498132812843,0.09820182555289389,0.1113748699426651,0.10058357566595078,0.10401615426806644
2025-03-27,0.16204435714332027,0.134641802541,0.11923645991725186,0.11982371098008093,0.11584542674182947,0.12263253668551223,0.11423347381827664,0.1239008754491806,0.10889969021081924,0.117796024828993
2025-03-28,0.2527291588070354,0.123821358217,0.11484672017277481,0.11537418667456908,0.11182555638929623,0.11931989895111729,0.11836837399324718,0.12686027586460114,0.1135660782456398,0.1171658700416065
2025-03-31,0.5142807588160604,0.188932416861,0.1514807113210367,0.14948354449069196,0.14816661173058993,0.15085664601530993,0.15111143627241688,0.14745716750621796,0.13077449798583984,0.14704723076030043
2025-04-01,0.5493306140948826,0.153174703889,0.14476625221092576,0.14473705119702368,0.13994649324551217,0.14196040586877,0.14954026276221696,0.14858883619308472,0.13825523853302002,0.14397064857293618
2025-04-02,0.6318427418091233,0.164306307742,0.15525145746486024,0.1541213555513825,0.14866357719447598,0.1482600670745592,0.1526559393506711,0.15254634618759155,0.14946335554122925,0.15156601405210998
2025-04-03,0.6723652448464593,0.172643067753,0.16210406655982845,0.16309536724009702,0.15427682305672713,0.15221731035511893,0.1526559393506711,0.15649031102657318,0.15373143553733826,0.15636732187519345
2025-04-04,0.655334706316402,0.450998890129,0.30603979743195053,0.3083004040074506,0.29641994426135115,0.27434955755070817,0.3293672799495306,0.23869724571704865,0.2104555368423462,0.2805185379657694
2025-04-07,0.480492317697932,1.01919517955,0.6136042905058594,0.6074511038730781,0.5973034117488516,0.5249663745267417,0.4175134324506387,0.4564698338508606,0.37444227933883667,0.5131072466135523
2025-04-08,0.4410307202464073,0.458104369526,0.406961288496013,0.4091614657134424,0.3986976392712158,0.34602741177444113,0.4175134324506387,0.44061702489852905,0.3930012583732605,0.4017113601396486
2025-04-09,0.3169879174387579,0.71714865735,0.5622447909640577,0.5343061861912862,0.5452522188882887,0.46469458377234674,0.4175134324506387,0.5341351628303528,0.45150965452194214,0.5013794328027019
2025-04-10,0.21897521610786916,0.542267912886,0.52159709427211,0.5231139418770946,0.4623698565386214,0.39239330861744304,0.32184677043599624,0.5751474499702454,0.3851482570171356,0.4545166683898066
2025-04-11,0.1836807232836781,0.300570745456,0.407811603073973,0.40556602264908626,0.3745854265941274,0.3175508313006664,0.3868145463703148,0.5700322985649109,0.3437693119049072,0.40087572006542654
2025-04-14,0.17580084689185976,0.214021644575,0.30120047258398475,0.3028730618849339,0.2793079269057699,0.24859287993550938,0.3496231565228564,0.5531834363937378,0.28175589442253113,0.3309338326641891
2025-04-15,0.18456779983489188,0.167438817335,0.2562974694542262,0.25762557700209143,0.2296453871115285,0.2104310720927986,0.22167467604067048,0.5550689697265625,0.2231125831604004,0.27912224779832545
2025-04-16,0.1683546424848983,0.210162829121,0.22944764031607526,0.23080476598917019,0.21115333224796692,0.20270852377363843,0.2230901001086642,0.5374417901039124,0.19510483741760254,0.26139299856528997
2025-04-17,0.16253198042428474,0.177196265995,0.18366624710934304,0.18363036965255353,0.1784979174057567,0.18058671645057683,0.2635090203214042,0.5022257566452026,0.18779882788658142,0.2399878364959169
2025-04-21,0.16322520537760263,0.138870757205,0.15916918370970065,0.16229596513061736,0.15437123648748746,0.1704395591807231,0.17449426038565136,0.2672307789325714,0.20292367041110992,0.18441780774826588
2025-04-22,0.1550138415353651,0.177881737836,0.1736829003925776,0.1715953277070948,0.175880550857752,0.19804760309119585,0.288487353561476,0.24433793127536774,0.17592273652553558,0.20399348620157134
2025-04-23,0.14759251959380895,0.209361965004,0.1904916531629679,0.19373811564065838,0.1858608927826177,0.2026158061234286,0.24815330080512404,0.23162515461444855,0.17309148609638214,0.2036537727465182
2025-04-24,0.1528568238423583,0.124733633378,0.14762532758812424,0.14289199101636962,0.14238609067003832,0.16049685893951277,0.1995831237411376,0.21365778148174286,0.15757305920124054,0.16631631894830942
2025-04-25,0.14663654000990886,0.147530714615,0.15559616301240867,0.15559890277922328,0.14683174342493746,0.16189086608609848,0.22064057305520493,0.2029140442609787,0.15235061943531036,0.17083184457916595
2025-04-28,0.13699147155919275,0.142878277762,0.15391389128621039,0.15504011904976805,0.1425416496771008,0.15414949026343752,0.19080139696237358,0.19637081027030945,0.14914007484912872,0.16313677605118979
2025-04-29,0.14017113634829903,0.136293909037,0.14811090541801425,0.14625678123270938,0.13812579260609756,0.1514055873221206,0.1619835929226799,0.1915387660264969,0.14889000356197357,0.15518734701287032
2025-04-30,0.14687019963517936,0.180565047151,0.16546502100453636,0.16140099116264156,0.1540492628173239,0.1646656793882929,0.17600339964681241,0.19110172986984253,0.15360011160373688,0.16661231364188378
2025-05-01,0.14373746808164944,0.153188651902,0.1554838574910855,0.15790163472330426,0.14518890040743637,0.15721587068275777,0.17429539784518003,0.1895485371351242,0.1557464450597763,0.1621972347635235
2025-05-02,0.1418906912824305,0.111582449826,0.1347454524324067,0.13429222398194737,0.12451346247865776,0.13662982139426988,0.1644744337857247,0.18536876142024994,0.15395091474056244,0.14771072431911694
2025-05-05,0.14509187991335448,0.0820740173607,0.11747112191730127,0.11653711949133913,0.1065336188847868,0.11618584078856316,0.12946453366538832,0.17930226027965546,0.15048928558826447,0.13085482580218552
2025-05-06,0.13332090166708144,0.151599639072,0.1488389301778994,0.14896274291190365,0.13785229704043273,0.14723485499249758,0.16287318449642155,0.1793348640203476,0.15369640290737152,0.154113325220982
2025-05-07,0.10495678830205733,0.205470865651,0.17373880793022747,0.17429311210121765,0.16395283461816063,0.17319669465208082,0.19940021339415415,0.18250785768032074,0.16684336960315704,0.17627612713990265
2025-05-08,0.09415967582090032,0.137531029297,0.14175544205423943,0.14146337806517112,0.1349039557419209,0.14324173346631924,0.14611249945031454,0.17817746102809906,0.16638784110546112,0.15029175870164652
2025-05-09,0.0884904995032868,0.0990615254256,0.12358677551739763,0.12566569254005827,0.11736833955524342,0.12479430182216836,0.15380344164418489,0.1712019294500351,0.1504559963941574,0.13812521098903502
2025-05-12,0.08215578635351109,0.106440457753,0.1276561147438838,0.1265653503712018,0.12240961426527298,0.1277398420870588,0.1452574115658686,0.16505806148052216,0.14460177719593048,0.1370411673871055
2025-05-13,0.08353802593903066,0.0812188191824,0.11103738359515586,0.10947131167352822,0.10431378894261342,0.10429621749132378,0.11006660992769669,0.15633061528205872,0.13214460015296936,0.1182372181521923
2025-05-14,0.10300504112028537,0.0917910648053,0.10733069740466225,0.1083678882024992,0.10332317245830192,0.10621724884836897,0.09598186357720483,0.14787901937961578,0.12309855222702026,0.11317120601395332
2025-05-15,0.1064696530170204,0.0903624353352,0.10320422964418519,0.10152590514301046,0.10091861190702203,0.1053757263348593,0.09655083778165688,0.1403922587633133,0.12476421892642975,0.11039025550006813
2025-05-16,0.11335506103078627,0.0680867503841,0.09116407618546347,0.08891547356231372,0.08944052911552194,0.09336899040977487,0.08920920739342958,0.13281282782554626,0.12150084972381592,0.1009159934594094
2025-05-19,0.1112294238421478,0.0769713887868,0.0927700842238754,0.08895651605639071,0.09167749918040438,0.0951198730609257,0.1070826016758779,0.12707184255123138,0.1185501217842102,0.1030326483618451
2025-05-20,0.11143267722910727,0.0879865860317,0.09845748171083854,0.09922628243204278,0.09802490057953539,0.10225695319340075,0.09944934910534291,0.12926200032234192,0.11959156394004822,0.10660979018336435
2025-05-21,0.10325840632260136,0.163042274181,0.13776762389782832,0.14075978702289427,0.13387702879831853,0.1334355337299642,0.13057825572347623,0.13009363412857056,0.13072216510772705,0.13389057548696845
2025-05-22,0.10692074959007611,0.108600701225,0.11339615048731591,0.11408890790630613,0.11364152534604728,0.11979385927938091,0.11608182205071725,0.12941235303878784,0.13356447219848633,0.11999701290100595
2025-05-23,0.10440427680625425,0.110470447707,0.11665498553134904,0.1163114977669893,0.11585281051126942,0.11988898428805644,0.12143010645512116,0.1292574107646942,0.13377892971038818,0.12188210357540967
2025-05-27,0.10431327633318435,0.0594783071934,0.09173227816725471,0.08727077031541586,0.09474818938549025,0.10353803706907773,0.11741242724171828,0.12762799859046936,0.1304711103439331,0.10754297301619418
2025-05-28,0.10017014461911572,0.0892632256446,0.10557308331043866,0.10739796589339312,0.10389256331864546,0.10450432227951507,0.10227179933639922,0.1271948516368866,0.12589451670646667,0.11096130035453497
2025-05-29,0.10191597183480712,0.133446872497,0.12433695313588304,0.12691642156149588,0.12295245907112524,0.12399689166716596,0.11767036883306578,0.1276983916759491,0.13155530393123627,0.12501811283941733
2025-05-30,0.09344830032695212,0.125071393171,0.12141441568425473,0.12182022488105128,0.11956918249383133,0.11968698253332734,0.11767036883306578,0.12791243195533752,0.13089221715927124,0.12270940336287704
2025-06-02,0.08542557747994674,0.0976972437133,0.10774334017213545,0.10678922774474137,0.10726698385233614,0.10879897995713911,0.10227179933639922,0.12715354561805725,0.1275770515203476,0.11251441831445087
2025-06-03,0.08639238154555796,0.0586745434256,0.08935215255615467,0.08739859579498635,0.08955366817980022,0.09120669092641506,0.09317705793695809,0.12545359134674072,0.11664363741874695,0.09896934202282885
2025-06-04,0.09396431504173818,0.0610893994137,0.08867802350024662,0.089509419701507,0.08886026254237174,0.08934577829252993,0.09317705793695809,0.12397374957799911,0.11120074987411499,0.09782072020367535
2025-06-05,0.07740914571952894,0.13990033949,0.1258721741231577,0.12851418111716428,0.12396442733291381,0.12204124611784824,0.11749407455755001,0.12492667883634567,0.12036152184009552,0.12331061484643932
2025-06-06,0.08197662004153565,0.085857154533,0.09821190387694773,0.09940812500505991,0.09925260683494762,0.10134380400504106,0.09753602771936874,0.12380152195692062,0.11677579581737518,0.105189969316523
2025-06-09,0.08377125167988074,0.0486772400419,0.07764453779988945,0.07739488684234794,0.07953719126084399,0.08027405747334844,0.08148024158367687,0.1214555874466896,0.10846281051635742,0.08946418756045052
2025-06-10,0.08630103692152302,0.0653702803487,0.08569221832996807,0.08541086863715536,0.08771249626349557,0.08914956094656332,0.08300296750572429,0.1201472207903862,0.10162101686000824,0.09324804990475728
2025-06-11,0.08795783041595921,0.102762635629,0.10563536418936047,0.10746028837823132,0.10548776463119769,0.10401630224458858,0.10035454264622297,0.1203768327832222,0.10895764827728271,0.10746982045001514
2025-06-12,0.09512822112140772,0.0733929266906,0.08787008199785233,0.0849781121538625,0.09038286469598991,0.09248515284890294,0.08725841244209386,0.11916809529066086,0.10058316588401794,0.09467512647334005
2025-06-13,0.09660450771861777,0.104935232151,0.1037565990893621,0.10373342311159824,0.10526288748662553,0.10670486826419454,0.10767805137194308,0.11931843310594559,0.11204512417316437,0.1083570552289762
2025-06-16,0.09533659882442545,0.0621027823129,0.08457122012677021,0.0835676088342013,0.08938074443781081,0.09629180053797942,0.09178233047973032,0.1184239462018013,0.11812350153923035,0.0974487360225034
2025-06-17,0.09124654407584673,0.0801530123043,0.09385333414822655,0.09445070030804276,0.09601642877597494,0.0985611745021332,0.09663925198039165,0.11840751022100449,0.11492504179477692,0.10183620596150722
2025-06-18,0.07990039890122622,0.109561462523,0.10803454577403308,0.10949214265865345,0.11174370807660511,0.11847978160807669,0.1192078974283256,0.11923360079526901,0.12305215001106262,0.11560626090743223
2025-06-20,0.07130736292142707,0.109318407871,0.11003073442391516,0.1122778028570926,0.1120565310882776,0.11619280122572376,0.11094983148428607,0.10417724400758743,0.12304926663637161,0.11267631596046489
2025-06-23,0.05876457485754111,0.111474953401,0.11147236480852615,0.10765368057757907,0.1135725953094829,0.1174194579758016,0.1124630354092181,0.10505905002355576,0.11424065381288528,0.11169726255957842
2025-06-24,0.06424668498275589,0.0513803113094,0.08274289271730671,0.0821575052667195,0.08557836625328476,0.08895636143727018,0.09180130373202597,0.10378729552030563,0.09774010628461838,0.09039483303021874
2025-06-25,0.0628956766391703,0.0510766975569,0.08072423712684912,0.08082773866803572,0.08264252499762079,0.08370278342002196,0.08537386959419659,0.10255865007638931,0.09078403562307358,0.0866591199294553
2025-06-26,0.06146237846652906,0.047900143676,0.07537551999127873,0.07474674306062451,0.07855199839385613,0.0801915884489332,0.08267912299809116,0.10090737789869308,0.08985038846731186,0.08318610560839838
2025-06-27,0.06223077632090392,0.0738501564696,0.08527365349086895,0.08480775867744728,0.08846767627615393,0.09131114787623726,0.08522770928878509,0.10018368065357208,0.09457462280988693,0.08997803558185022
2025-06-30,0.06347203354325474,0.0653401981371,0.07846812024758344,0.07853768379824826,0.08289554798301141,0.08704510314242048,0.08191877108099715,0.09896094352006912,0.09370627254247665,0.08593320604497236
2025-07-01,0.058805222094519945,0.0775354290354,0.08562013663102885,0.08544315030854518,0.08985902395940218,0.09479466177876757,0.08676146246624769,0.09857077151536942,0.09741472452878952,0.09120913302687862
2025-07-02,0.05880187481813104,0.0418327273371,0.06834595703669599,0.06631559873443214,0.07392425472886005,0.07991187062044046,0.08345252425845975,0.09707125276327133,0.0914081558585167,0.08006137342866806
2025-07-03,0.062416261655506865,0.0374594834255,0.06557195060295545,0.06372430313432734,0.07147641060103312,0.0773298331032128,0.08345252425845975,0.0957007184624672,0.08742447942495346,0.07781145994105844
2025-07-07,0.05873368835557712,0.0770004765197,0.08413779603067463,0.0854820321491213,0.08876049210696361,0.09265274831765563,0.08522770928878509,0.09583117812871933,0.09316986054182053,0.08932311665196288
2025-07-08,0.05862937607659744,0.0710597572164,0.08174922730722711,0.0814977112629862,0.08782877495614327,0.09541288197924552,0.09099970188230648,0.0957956463098526,0.09334371238946915,0.08951823658389005
2025-07-09,0.07839736606288744,0.056200696375,0.07340449311510325,0.07368357131221556,0.07968580825827828,0.08592705110539733,0.08345252425845975,0.09510555118322372,0.09017062932252884,0.08306137550788668
2025-07-10,0.07934543817909746,0.0418091946725,0.06664844868824005,0.06579243365316473,0.07247424091211004,0.0769159090635764,0.08191877108099715,0.09417115896940231,0.08460623770952225,0.07750388572528756
2025-07-11,0.07734832283337154,0.0599488038506,0.07645492098650562,0.07606069865327329,0.08110400694074332,0.084112163893122,0.08191877108099715,0.09420881420373917,0.08694557100534439,0.0829721352519607
2025-07-14,0.07473684460269042,0.0608141063263,0.07586035742689894,0.0753729732513398,0.08132813003234701,0.08587828760420155,0.08191877108099715,0.09407799690961838,0.09061654657125473,0.08357900898237965
2025-07-15,0.0745222752276304,0.0706277357139,0.08032809230242621,0.08182777676108594,0.08650361939562383,0.09315894789713144,0.0866706578718204,0.09418857842683792,0.09350975602865219,0.08802677552622541
2025-07-16,0.0535578470571943,0.129237125492,0.112070700715181,0.114464676400699,0.11556729003112717,0.11938037764900915,0.1097184121791419,0.09649870544672012,0.0969110056757927,0.10923016687109587
2025-07-17,0.05329574014589211,0.0499576473659,0.07569613316196841,0.07441105644683582,0.0806049672204361,0.08544213668804533,0.08687715310527389,0.09595651179552078,0.09455250948667526,0.08479149541496508
2025-07-18,0.051174315008839115,0.0450464372578,0.07247805622496581,0.0727636666178115,0.07723839559898162,0.08115837728047912,0.08345252425845975,0.09537874907255173,0.09084095805883408,0.08190153244458336
2025-07-21,0.05082307153759371,0.0413826051432,0.06952310199695265,0.0693429883197759,0.07478079173507589,0.07884075378872124,0.08191877108099715,0.0945994183421135,0.08676952868700027,0.07939647913580523
2025-07-22,0.0471408706462425,0.0694848535419,0.08220293988712346,0.08292870007591244,0.08696890813265472,0.09047985415933593,0.08377892831647618,0.09587767720222473,0.08668195456266403,0.08698842319091306
2025-07-23,0.05731706491731906,0.0572416106243,0.0720246156009522,0.07080740186321904,0.07868591658209609,0.08396217307557619,0.0808456328495902,0.09493006020784378,0.08183407038450241,0.08044141008053998
2025-07-24,0.07200979522137632,0.0485358755131,0.06778945152609953,0.06762286056571085,0.07395019100274132,0.07750918590525378,0.08050163530468045,0.09391980618238449,0.07520043104887009,0.07664193736224864
2025-07-25,0.08753112160362338,0.0303488797858,0.05842397122923238,0.05763339251743198,0.0652498427295808,0.06911689391976655,0.08050163530468045,0.09258361905813217,0.07010477036237717,0.07051630358874307
2025-07-28,0.0897090888538342,0.0391585294399,0.06234794896106052,0.0627219911420534,0.06862054780417312,0.0707441150936237,0.08050163530468045,0.09181004017591476,0.07018192857503891,0.07241831529379213
2025-07-29,0.09286412522965669,0.0549957297942,0.06881118867900039,0.0693388598566037,0.07504491225264484,0.07730618496398992,0.08050163530468045,0.09152267128229141,0.07408911734819412,0.07665922424105784
2025-07-30,0.09092819035760473,0.0926904699208,0.08848282074830514,0.09008932347140378,0.09356055514475621,0.09522853101957394,0.08857268373333772,0.09247217327356339,0.08485672622919083,0.09046611623144729
2025-07-31,0.08930068107740545,0.108887807386,0.09976439147337691,0.10203217696004807,0.10310889753627489,0.10294423294253699,0.09900201106006354,0.09413344413042068,0.09203282743692398,0.09900256879137788
2025-08-01,0.07788509623672092,0.115336411038,0.10802785879313255,0.1093619282515454,0.10990189523544765,0.10939121481863467,0.10063566402196533,0.0962245985865593,0.09081660956144333,0.10347996703838976
2025-08-04,0.07936188894103365,0.058851570046,0.08309345867873016,0.08162758394982461,0.08891474227849819,0.09648933511084007,0.09041926318696397,0.09656693041324615,0.09459466487169266,0.09024371121282797
2025-08-05,0.07745299521934372,0.0768417591809,0.09283904373569359,0.09435030050044411,0.09488675693520737,0.09552101293307885,0.08595911258403817,0.0975356325507164,0.08451621979475021,0.09222972557627553
2025-08-06,0.07301641586258147,0.0825377092565,0.09486625307022148,0.09450225881905945,0.09771934944093763,0.10006966078489773,0.09707254556082195,0.09829283505678177,0.09208773821592331,0.09637294870694905
2025-08-07,0.06345802902850986,0.101931024684,0.1034818579654487,0.10466319829845935,0.1047373830152643,0.10375483541477196,0.09883215717436966,0.09930817037820816,0.096868135035038,0.10166367675450859
2025-08-08,0.06475343776871341,0.0613177836003,0.08136376844927891,0.0795435743938606,0.08482032205319452,0.086788286304175,0.08126135790651728,0.09863171726465225,0.09258996695280075,0.08642842761778276
2025-08-11,0.061872148545869005,0.0680045094043,0.08507036253683405,0.08546915569361165,0.08686256038993855,0.08483107681492147,0.08377892831647618,0.09846126288175583,0.08905936032533646,0.08764752956555345
2025-08-12,0.06426713866179573,0.0663923279816,0.08369487283723967,0.08448584159109918,0.08637751894330482,0.08672837496154148,0.08230060092312949,0.09820451587438583,0.09170500189065933,0.08764238957447998
2025-08-13,0.07564692655520276,0.0589459585906,0.07879587323557971,0.07926737972927775,0.08106694654594142,0.07911207094310166,0.0801212735174442,0.09761982411146164,0.08004472404718399,0.08228972744714147
2025-08-14,0.08297252947474122,0.0621896784602,0.07784868461554768,0.07740729616968789,0.08061188111026643,0.07833798033643724,0.08053699857437129,0.09694132208824158,0.0842457041144371,0.08227569528699845
2025-08-15,0.0983168717117525,0.0677517664645,0.08070834744062225,0.08188661904618358,0.08349905695545207,0.08085733735880934,0.08305456898433018,0.09650071710348129,0.08625679463148117,0.0846804916457657
2025-08-18,0.09719981895143656,0.0529186981452,0.07291667622405093,0.07313862034293803,0.0765921828847112,0.07536555953448265,0.07977727597253445,0.09574444591999054,0.08377087861299515,0.07961509135595757
2025-08-19,0.09430355433840004,0.0769314821467,0.08474643549552706,0.08478740089977274,0.08762031669478121,0.08597612506942653,0.08360110028999038,0.09592559188604355,0.08828964084386826,0.08727808731134425
2025-08-20,0.08355085959212877,0.106937308558,0.10145721771195575,0.10313822684456127,0.10277662006610233,0.10034466073305848,0.0979937094546163,0.1146908849477768,0.10474840551614761,0.10359281789631693
2025-08-21,0.07512302516660319,0.0983741422221,0.09976813718447242,0.10020492387102897,0.10106168842193658,0.1002764851787788,0.08752150240327602,0.11562313139438629,0.10648540407419205,0.10156303893258159
2025-08-22,0.05555301781893488,0.136011525018,0.12151504510416791,0.10657879576765086,0.12117307418403371,0.1201823230080925,0.10982489610679869,0.1177615374326706,0.11718916147947311,0.11631783329755534
2025-08-25,0.06430684711225056,0.0413325092199,0.07698758698983083,0.0776691700830849,0.07663911415713134,0.07220657476324334,0.08177858306864298,0.11704708635807037,0.09519647806882858,0.08536065621269033
2025-08-26,0.06732161481296633,0.0560823566603,0.08258332605738589,0.08175205701504762,0.08267166415846935,0.07911036998476279,0.08036944037631832,0.11688816547393799,0.09355773776769638,0.08813325154765976
2025-08-27,0.0689870141740296,0.0432841408622,0.07276942630826239,0.07225023067098967,0.07427222660537239,0.0720972314243083,0.07697853540274725,0.1160496175289154,0.09236978739500046,0.08239815076222798
2025-08-28,0.08022155181412138,0.054690819302,0.07536928884756679,0.07557851612892996,0.07768736104411075,0.07685085768876741,0.0775407161708397,0.11542944610118866,0.09292053431272507,0.0844823886134469
2025-08-29,0.07679577087065616,0.0755809455541,0.08129825696958617,0.08219810899083771,0.0840744864790973,0.0826225030767446,0.08334003645372595,0.11499898135662079,0.09266463667154312,0.08874242999973651
2025-09-02,0.07107967156160529,0.0833938864789,0.08744163156454705,0.08515640418647934,0.0898576059266212,0.08902414970284539,0.08721358241181375,0.1151028722524643,0.0978621318936348,0.09309405399120083
