date,target,persistence,har,shar,har_rv_iv,har_x_lasso,hgb,lstm,lstm_x,combination
2022-10-07,0.2400746781417449,0.16004537155,0.16104991745756203,0.16308362857881975,0.16346522959083476,0.18398952686002365,0.18195450496319351,0.18311691284179688,0.21203425526618958,0.17838485365120288
2022-10-10,0.23449852561397996,0.204818138917,0.18466899259523073,0.1858037656162178,0.18690726316774375,0.20741681703795975,0.1809584232803691,0.18510101735591888,0.22533449530601501,0.19374153919420786
2022-10-11,0.23822609930527763,0.190487364783,0.18204194942499413,0.18225811353786256,0.1852398178542833,0.20300137047655145,0.18011676419140482,0.18644008040428162,0.223270982503891,0.1917670111990384
2022-10-12,0.2388307300068331,0.172205243508,0.17296622713865994,0.17220522380914666,0.17752539763582403,0.19370170132181364,0.16318137102537497,0.18583962321281433,0.2171936333179474,0.183230453923083
2022-10-13,0.21647272057088027,0.301046489396,0.23851939449006546,0.2232890112526849,0.24006707644889447,0.24967050416681172,0.21262074579450072,0.20175659656524658,0.23874446749687195,0.22923825660215366
2022-10-14,0.1950844238033227,0.299432320538,0.2498229534783283,0.2540607331412114,0.24735444754968627,0.24457856642073494,0.2478545044580505,0.2173478603363037,0.2394663691520691,0.24292649064805488
2022-10-17,0.20523650346433603,0.169466832096,0.18932270499996698,0.18743623282236926,0.18862936093311666,0.19863217002199743,0.17664812675226874,0.2146897315979004,0.22568383812904358,0.197291737893809
2022-10-18,0.1912860651253263,0.212358224511,0.21008350269868392,0.2130728594065534,0.20786267099955308,0.21642049370439545,0.16708987317525073,0.21755528450012207,0.221923828125,0.20771550180136553
2022-10-19,0.18993279747077957,0.176343023448,0.19443095758124002,0.19653365889765462,0.191735815525229,0.2050244780555066,0.18858512011841094,0.21529754996299744,0.214217871427536,0.20083220736693924
2022-10-20,0.1875436507781998,0.199325348505,0.1953489444623952,0.19660023884223982,0.19443758286493584,0.21003150210541202,0.1899585382677361,0.21350929141044617,0.2185235321521759,0.20262994715790586
2022-10-21,0.168640705238473,0.213652013516,0.19467913361348438,0.19176855089344924,0.1947991491511291,0.21386639421581066,0.19320573013637962,0.21118314564228058,0.22560390830039978,0.20358657313613332
2022-10-24,0.1521286574806186,0.221448542328,0.20268193474545315,0.20360858837214563,0.20145598246105031,0.223980380704883,0.21208670867010704,0.21116481721401215,0.2331477701663971,0.21258945461914977
2022-10-25,0.15706278648574834,0.132051873527,0.15623165694999722,0.15305027903424298,0.15755955357425278,0.18139610767788808,0.18303776236337063,0.19968318939208984,0.21897080540657043,0.1785613363426303
2022-10-26,0.19479577205483434,0.168870974825,0.17199751328869367,0.17248465984458033,0.17150932426884602,0.18017181213355,0.1806041852883585,0.19459772109985352,0.2181207537651062,0.18421228138414117
2022-10-27,0.1939823177385933,0.187673550394,0.17941057559244392,0.1818477520275953,0.1780662391116143,0.18283439090705117,0.19006095374861628,0.1919427216053009,0.2170596420764923,0.18874603929558775
2022-10-28,0.2232544773200735,0.109464676769,0.135865991018135,0.12994959607090623,0.13674877100988597,0.1486258327111411,0.1813919143662293,0.17950469255447388,0.1983446478843689,0.15863306365930577
2022-10-31,0.2203052910953093,0.150188753629,0.14768139354902896,0.14930100542056376,0.14830410667392063,0.1566048953265487,0.20473752446530497,0.17335844039916992,0.1955142319202423,0.16792879967925417
2022-11-01,0.2233873999037896,0.158321349353,0.15373496862147756,0.15594153280803708,0.15377113536448467,0.16700213718073909,0.20607158255446387,0.17003308236598969,0.18616876006126404,0.17038902842235085
2022-11-02,0.1910187889415793,0.308059695022,0.23174306690941107,0.23477577586773885,0.22749942439669144,0.22098605683726583,0.24792160647701628,0.18715403974056244,0.2007739543914795,0.22155056066002363
2022-11-03,0.1901104530224396,0.183412364473,0.17620132186817647,0.1751542766445942,0.17339088451781276,0.1798707177024908,0.20985336600133897,0.18746501207351685,0.19554826617240906,0.18535483499719133
2022-11-04,0.16119716516961907,0.2702769426,0.2285557827921056,0.22944879467313228,0.2214873190834513,0.20923071154554446,0.21143212381742338,0.20093686878681183,0.19481965899467468,0.21370160852759193
2022-11-07,0.1628804984719011,0.126554177814,0.16398742025318971,0.1644771096928136,0.15789710731446222,0.1622169501030208,0.17484095132333868,0.18805433809757233,0.2031368762254715,0.17351582185855266
2022-11-08,0.17226730791817865,0.178614656221,0.18845907378291427,0.1895675501638962,0.18133513572866633,0.17261336454255893,0.17216752960598303,0.18693426251411438,0.18554849922657013,0.18237505936638618
2022-11-09,0.16304391071149027,0.166829290479,0.17078743522624587,0.17210428776745382,0.1671811778991643,0.16051624680370835,0.1686493783745061,0.18189086019992828,0.175474613904953,0.17094342859656567
2022-11-10,0.1537972248866974,0.178631264173,0.17554498570693722,0.17140753561769662,0.172644722367786,0.17163020074271151,0.18490786385376348,0.1797892302274704,0.17298342287540436,0.17555828019882425
2022-11-11,0.15321508320018476,0.149205677683,0.1519362663138118,0.15152632131747926,0.14875820678985494,0.1396050165181369,0.15711244490108425,0.17232921719551086,0.1757669448852539,0.15671920256016167
2022-11-14,0.1473947684119132,0.136907317339,0.14801002876650712,0.14925201910003083,0.14358707034314655,0.14158026559431197,0.14604597543503584,0.1666102558374405,0.1668178290128708,0.15170049201276337
2022-11-15,0.11584670234264215,0.218249944769,0.1872997589067535,0.18813948607104067,0.18238161067031966,0.1729292931603506,0.1558347988263061,0.17373959720134735,0.16812126338481903,0.17549225831727672
2022-11-16,0.11772124169770216,0.111213620459,0.1358044278812764,0.13711075657736277,0.1330540466869061,0.12993985981290368,0.14588045956416648,0.16570837795734406,0.15876008570194244,0.14375114488312885
2022-11-17,0.10388330935277737,0.131379132109,0.14062254374499011,0.1377503224723957,0.1388409097073559,0.13904957388076725,0.1672302782242939,0.16156309843063354,0.16047261655330658,0.149361334716249
2022-11-18,0.08989468028404864,0.146180405454,0.14690291990070992,0.14807044712109085,0.1448803103674044,0.1470689232908446,0.16855596623603095,0.16097107529640198,0.1621025651693344,0.15407888676883102
2022-11-21,0.09483482313372003,0.0999769659304,0.1237483755490669,0.12377528339781271,0.12250352427967835,0.13005636946446977,0.14403970847706063,0.1542922854423523,0.15890148282051086,0.13675957563299307
2022-11-22,0.12276258336553514,0.0781616391448,0.10210737192579065,0.10045154270118595,0.10341226190087262,0.11140406442839144,0.12150384797051152,0.1443174034357071,0.14588713645935059,0.11844051840311569
2022-11-23,0.12779322366903012,0.120655007735,0.12180557655987588,0.12050825431323833,0.12158906504252412,0.12203629186911735,0.13422283290529044,0.1432039737701416,0.1345575898885727,0.12827479776410863
2022-11-25,0.1374671738836588,0.0439059498229,0.08076354393773506,0.0805618991887688,0.08207782328017137,0.08600845088655741,0.10412093142314902,0.13189798593521118,0.125802144408226,0.0987475398656884
2022-11-28,0.1401677678998718,0.0884040092142,0.09525291731177149,0.09614151506519342,0.09724600909046269,0.09568396751465565,0.11037252666766754,0.12881384789943695,0.12227354943752289,0.10654061899810152
2022-11-29,0.14195842151537813,0.120657964486,0.11138532051807067,0.11231566260520673,0.11472517915695399,0.12208321029205041,0.1305351144156754,0.1315683126449585,0.12104347348213196,0.1205223247307211
2022-11-30,0.1311177714105801,0.191034768596,0.151942693309906,0.1422583878364127,0.1522677735940603,0.1530956594145488,0.15572098727034323,0.14533628523349762,0.12876199185848236,0.14705482550246443
2022-12-01,0.12751539485291088,0.144429607758,0.13375776525092015,0.13516122692306576,0.13265496377296293,0.13824305552351213,0.13469423327686145,0.14986972510814667,0.13504278659820557,0.13706053663623924
2022-12-02,0.126218042017215,0.121483792454,0.1308100796267264,0.12975367611392358,0.12844603399517687,0.12949837168706496,0.12727599276145202,0.15181566774845123,0.14035718142986298,0.13399385762323685
2022-12-05,0.1252239106850602,0.107536808384,0.12706437454629158,0.12822137666247152,0.12419747297300207,0.1205406987840281,0.12081016368045314,0.1513509601354599,0.1466996967792511,0.13126924908013676
2022-12-06,0.16100390553397248,0.130706908002,0.13823699013251223,0.13967550084468555,0.13654367556914865,0.14850612089486362,0.1312756628408831,0.15374812483787537,0.13358864188194275,0.1402249595717016
2022-12-07,0.19990148571633223,0.14728430166,0.14180530451106305,0.14278298272454681,0.14258209913211037,0.14494403965276179,0.14978576604510221,0.1436777263879776,0.1382369101047516,0.1434021183654733
2022-12-08,0.20452676376663473,0.127284882532,0.13163543810250566,0.13148738676656727,0.13359523013919566,0.13782736433784434,0.15294697875618893,0.14290468394756317,0.1405014544725418,0.1386997909317724
2022-12-09,0.21091174940660468,0.114509400749,0.12569409293547637,0.12649763238277095,0.12732551921333773,0.1317083396420466,0.1381558003560897,0.14152590930461884,0.14337503910064697,0.13346890470499817
2022-12-12,0.21360905725571136,0.101559507386,0.11977075538949261,0.1176199873777229,0.12229011053076681,0.12702390690070567,0.13936093622026466,0.13927824795246124,0.14356373250484467,0.1298439538394655
2022-12-13,0.18856347145142618,0.261324405192,0.20017146259213253,0.20303701550182443,0.19996823605557323,0.1966892839728015,0.18465496136203133,0.14904679358005524,0.16407831013202667,0.18537800902806353
2022-12-14,0.14113558620554723,0.303124392762,0.23174453748918633,0.23519332039672602,0.2251475000263779,0.21283319187892796,0.19815316258029145,0.161530539393425,0.16706721484661102,0.2045242095159351
2022-12-15,0.13820599752121446,0.159857457904,0.1728127136396823,0.17495995087267271,0.16597692603646816,0.15655234819349537,0.1545243709046532,0.16331395506858826,0.1659889668226242,0.1648756045054549
2022-12-16,0.13812712940252228,0.162404579875,0.1783893648891582,0.17986772022695524,0.17188926855246708,0.16007315956110135,0.16096779069572967,0.1656339168548584,0.1539583057165146,0.1672542180709692
2022-12-19,0.1351855651304985,0.126647740051,0.16517653036749536,0.1667710375889196,0.1588935517150437,0.14737333956044876,0.14948932095288606,0.16556067764759064,0.15377382934093475,0.15814832673904555
2022-12-20,0.13529239630554354,0.133892538514,0.15683315308217713,0.15724545038839022,0.15301513619979065,0.146288257883112,0.141584318516456,0.16390760242938995,0.14721131324768066,0.15229789024957094
2022-12-21,0.13065914854632113,0.117045940238,0.13292160925763585,0.131054757195453,0.1320889729171274,0.13207032117108417,0.141584318516456,0.15862123668193817,0.1402328908443451,0.13836772951200568
2022-12-22,0.13098814708315046,0.14650128714,0.14428232465810825,0.14488890155376727,0.14200406599154994,0.14029155511965247,0.14406440007954957,0.15621402859687805,0.13872995972633362,0.14435360510369133
2022-12-23,0.1389435096071042,0.162068745275,0.15070988760995938,0.14908370044843242,0.1498718345594559,0.14977952224099822,0.15718375824742792,0.1554739624261856,0.14515134692192078,0.15103628749348288
2022-12-27,0.1559723171259111,0.109634920411,0.12659884249530098,0.12659786392149858,0.1258688592754141,0.1276658313894819,0.13647359363706002,0.1514853686094284,0.1399332880973816,0.13351766391793793
2022-12-28,0.1582823525523553,0.134430983266,0.13706510075070272,0.13873849772523106,0.136960961378478,0.13949602744362535,0.141584318516456,0.1496356874704361,0.1388123780488968,0.1403275673334037
2022-12-29,0.17240627481900564,0.0868254290518,0.11381981686696348,0.11165605892327123,0.11553740862076414,0.122096620223199,0.12673511424539724,0.14477676153182983,0.12891703844070435,0.12336268840744705
2022-12-30,0.1676577878834696,0.147962951515,0.14023642114866933,0.14086139374844375,0.14021094904386622,0.14361141399215724,0.15054581480563814,0.1453956812620163,0.13236179947853088,0.1418890676399031
2023-01-03,0.15605268291008578,0.192362416088,0.16210626499454384,0.1638270033414388,0.16102720449672153,0.1613526615366331,0.1569968020314661,0.14896120131015778,0.14116014540195465,0.1564901833018451
2023-01-04,0.13642856255491903,0.192691826531,0.16957040314134697,0.17076045611801227,0.1678464740509741,0.1672011976475076,0.1572654497597965,0.1532522588968277,0.15112394094467163,0.16243145436559095
2023-01-05,0.1462913761462927,0.147313904168,0.15107855319758617,0.15055529136463325,0.14870387893646653,0.14949737787348258,0.1560852180912802,0.15422555804252625,0.14803308248519897,0.151168422855882
2023-01-06,0.13027050090934544,0.175760511684,0.17113726703804918,0.1714781304149187,0.1672547748064359,0.16465274220345572,0.17253145907571804,0.15838487446308136,0.156929612159729,0.1660526943087697
2023-01-09,0.12667005623720207,0.117554609548,0.14369820609522543,0.14462048871089125,0.13924982568361843,0.1427926759214191,0.14029078698336278,0.14972162246704102,0.16123417019844055,0.14594396800857123
2023-01-10,0.12150374630941391,0.134980847348,0.14595900819792343,0.146114566984819,0.14342298474454632,0.14684950878927558,0.15003468978594664,0.14963942766189575,0.15408176183700562,0.14801456400020177
2023-01-11,0.12657048703857474,0.0918243115886,0.11858818004490365,0.11869589946472904,0.11738385797257471,0.12033369663388951,0.13007776822386938,0.14659233391284943,0.1374792754650116,0.12702157310254678
2023-01-12,0.10578964215923416,0.188794747361,0.16336598684802706,0.16418253093397978,0.16041193100459977,0.14696933337077422,0.16565947423598087,0.14872509241104126,0.14699991047382355,0.15661632275403234
2023-01-13,0.11200095742308784,0.093476953466,0.11540870314071383,0.11378980315225223,0.11270775433731026,0.09163997222514747,0.11606878436637352,0.1455097794532776,0.1240762248635292,0.11702871736265773
2023-01-17,0.11829808462460555,0.0958831837486,0.11495747598808495,0.1148236117756819,0.1120018573394539,0.09711468895438609,0.11427383193890966,0.14217443764209747,0.12318069487810135,0.11693237121667363
2023-01-18,0.12167838438024765,0.108669753157,0.11858694920369206,0.11907308524821833,0.11705992723623919,0.11190172354468814,0.12333975832884575,0.13891547918319702,0.12318653613328934,0.12172335126830998
2023-01-19,0.12854353972527102,0.121310936475,0.12674221317122308,0.1273010391206475,0.1255371551293104,0.12542119589555445,0.12714450250080817,0.13692204654216766,0.13580067455768585,0.1292669752739139
2023-01-20,0.1292495313835968,0.107239254129,0.11354585098599144,0.11096399486211406,0.1145020525239798,0.10681966641687726,0.11972958805211814,0.13380861282348633,0.13940730690956116,0.1198252960820183
2023-01-23,0.12749235143210597,0.124506109115,0.12370145231353552,0.12304453791987288,0.12290108312668868,0.1236011004149465,0.12994235057766543,0.1322673261165619,0.14333409070968628,0.12839884873985102
2023-01-24,0.12304231788386699,0.128236877444,0.1282296375868104,0.12898129677476347,0.1267543173775048,0.12481343961274055,0.12994235057766543,0.13178987801074982,0.14324325323104858,0.13053631045304045
2023-01-25,0.14904752240032523,0.125956648291,0.12879641219387736,0.12784683546533415,0.1267806366599757,0.11505595925159853,0.12424303544667059,0.131588876247406,0.13464170694351196,0.1269933517440535
2023-01-26,0.14789417024305837,0.152661079543,0.14297090628403497,0.14407289913882615,0.13984134473611295,0.1369592679310885,0.14959435119683107,0.13313880562782288,0.13817107677459717,0.1406783788127591
2023-01-27,0.15807807021126521,0.111401330401,0.1259460762024997,0.12605139793787987,0.12292745807124957,0.1238831060264477,0.12499297525339206,0.1322973072528839,0.13672178983688354,0.12754573008303377
2023-01-30,0.156204877312201,0.115091540788,0.12664861608017888,0.1270583925789165,0.12342731330393293,0.12153179615707879,0.12499297525339206,0.13210885226726532,0.13836222887039185,0.12773288207302233
2023-01-31,0.17577732955819056,0.104260530976,0.11996262315081743,0.11683611748082456,0.11902766700096884,0.12398807702166229,0.14220274914987327,0.1311785727739334,0.13940227031707764,0.1275140109850225
2023-02-01,0.1572103199485477,0.226371016179,0.18057002755431437,0.17368278346239002,0.17502268784087321,0.1640529433668898,0.15928476842707442,0.1369505673646927,0.1517866551876068,0.16305006188626306
2023-02-02,0.15591313933175283,0.146945614083,0.14627350092914007,0.14567599213024157,0.1407796984756609,0.1316629665884765,0.14620198887375663,0.13812416791915894,0.15326370298862457,0.1431402882721513
2023-02-03,0.14608210047405265,0.167302749123,0.16005908311740313,0.16045083971751314,0.15314796284541235,0.1338508631152666,0.15462692438281778,0.14071306586265564,0.14187684655189514,0.14924651222756627
2023-02-06,0.14430892236912704,0.101501230696,0.1311094807492031,0.13169195937774406,0.12576940741566128,0.12398957079689171,0.11945389280805886,0.13953661918640137,0.13563334941864014,0.1295977542503715
2023-02-07,0.13906007496030315,0.208227730554,0.1857248637504041,0.1850595503342211,0.17794718234113494,0.1688606227244066,0.15688030856721724,0.1443367898464203,0.14823806285858154,0.1667210543460551
2023-02-08,0.13407472424392247,0.142586508915,0.15034773364278609,0.15127082559106508,0.14436741114394128,0.12915917415219424,0.12493388478141094,0.15541495382785797,0.12961779534816742,0.14073025406963185
2023-02-09,0.1286230153536684,0.139864667046,0.14848826199398663,0.14944973940141937,0.14369378414676318,0.13656321499776708,0.12803100227132502,0.15407885611057281,0.13694672286510468,0.1424645116838484
2023-02-10,0.13038233540185148,0.114654154645,0.13310410616836552,0.13265198712653423,0.13084522167519452,0.13674145432365142,0.14498613195679236,0.14945833384990692,0.14648492634296417,0.13918173734905845
2023-02-13,0.1304646809859711,0.087908616273,0.12056501609986839,0.11854873507238733,0.11879063328130694,0.12634292390374785,0.13383815610815358,0.14293691515922546,0.1430281698703766,0.12915007849929516
2023-02-14,0.11448744891661204,0.189530959568,0.16186922592968506,0.16310287930821915,0.15871919634741688,0.16025287241677663,0.16207552922990617,0.14791956543922424,0.14794808626174927,0.1574124792761396
2023-02-15,0.11474615325880799,0.116286494015,0.1284227172522297,0.12855847500910506,0.12520566585121792,0.12181560562188314,0.1282623941124313,0.1435241997241974,0.1211971789598465,0.12814089093298728
2023-02-16,0.1169847346741723,0.111361425439,0.12370776262271739,0.12415423643413043,0.1206679074037242,0.11913081869438015,0.12815307647699342,0.13958708941936493,0.1322249174118042,0.1268036869233021
2023-02-17,0.11198127322235488,0.124193162888,0.12995738939798554,0.13037854104063773,0.12801068681806088,0.12278354461566802,0.13493831773068715,0.13812845945358276,0.14229106903076172,0.1323554297267691
2023-02-21,0.11108764750373398,0.0885173588325,0.11501222267567918,0.11550570253521239,0.11336858245221501,0.11351126559183967,0.12283931536999858,0.13365572690963745,0.13935144245624542,0.12189203685583253
2023-02-22,0.10917860977160505,0.127881583929,0.1260168581199404,0.12683669166776274,0.12802753034372927,0.1506463016766568,0.17038079532118613,0.13302621245384216,0.14645475149154663,0.14019844872495202
2023-02-23,0.10700804776101476,0.117554529183,0.12178227861502448,0.12249279421736048,0.12323220496041751,0.14131063621845474,0.15970506598171907,0.13173873722553253,0.1491754949092865,0.1356338874468279
2023-02-24,0.1002273799939219,0.122454519603,0.12487894305236746,0.12549943141723033,0.12487668607287193,0.13260835049332845,0.1505017477937095,0.13142266869544983,0.14619982242584229,0.13371252142154283
2023-02-27,0.09665879469304764,0.0984673993604,0.11247561417992655,0.11320760008860897,0.11404470475876088,0.12109186366729706,0.13912351637993908,0.12862055003643036,0.13958583772182465,0.12402138383325537
2023-02-28,0.11522863513645736,0.0826959623667,0.10547883181022424,0.10594173189073167,0.10706173129180493,0.1253042791557415,0.13741852861607748,0.12490011006593704,0.13409379124641418,0.12002842915384729
2023-03-01,0.11440015793332635,0.119378459225,0.1202066402678102,0.1206316540054249,0.1212720967712817,0.12488091625054315,0.1520195959828807,0.12496838718652725,0.1318112313747406,0.12797007454845835
2023-03-02,0.12259343421738578,0.107111318736,0.11409179718544382,0.11174337841991937,0.11583301610216401,0.12698821010560496,0.14728404338352336,0.12401770800352097,0.13364115357398987,0.12479990096773805
2023-03-03,0.15172356573646248,0.0892700198578,0.10357591199980207,0.1018075366045181,0.105311466968362,0.1110631812811555,0.12073773614331182,0.1211540475487709,0.1290062516927719,0.11323659031981317
2023-03-06,0.2006969587342848,0.0786308030744,0.09770754349103991,0.09821941535575483,0.0989476481125277,0.09368615991378151,0.11037105839024183,0.11735350638628006,0.11838918924331665,0.10495350298470607
2023-03-07,0.20167222015061176,0.162825676757,0.14055723794778896,0.14127302484931814,0.13942512604836022,0.1358925589566391,0.1594300669242476,0.12359627336263657,0.1228826642036438,0.13757956461323348
2023-03-08,0.21490716314833716,0.11532564947,0.12024194026242409,0.11943626122650854,0.12095535061497942,0.12489123019102295,0.14519097345235796,0.12405354529619217,0.12598347663879395,0.1258218253831827
2023-03-09,0.2175919526723854,0.145539013641,0.13638362753918387,0.13705285391115707,0.13529461303205265,0.1335107313249168,0.16300023480627251,0.12809227406978607,0.12856215238571167,0.13741378386701153
2023-03-10,0.20926684452385286,0.218914567533,0.17871142535107437,0.1789513861256472,0.17742259552030804,0.1820593809721953,0.16861920535311498,0.1354803740978241,0.12786483764648438,0.16415845786666408
2023-03-13,0.169019416132638,0.304103514316,0.23460195214043184,0.23266164251509758,0.22904641913997406,0.23482488085881045,0.21068360156344462,0.1559416800737381,0.1399967074394226,0.20539384053298848
2023-03-14,0.15689659095414588,0.168743227087,0.17822389420370266,0.17833973992002264,0.17666682533565453,0.18217713713072212,0.1789528980271552,0.16020721197128296,0.14927050471305847,0.17197688732879982
2023-03-15,0.16160645147290306,0.202155948183,0.1999274241674734,0.19770056466671437,0.19234982885268043,0.17742185917997713,0.18197752784049942,0.16794556379318237,0.1677156388759613,0.18357691533949835
2023-03-16,0.161820669521536,0.164278574282,0.18551070315102552,0.1829783283150388,0.17962357517122732,0.17691822205469981,0.17157071441436492,0.17073321342468262,0.17583560943603516,0.17759576656672488
2023-03-17,0.15879220347416484,0.173652986223,0.18535854874136978,0.18650318373466107,0.17729365160769145,0.16911523523707622,0.16793981466982005,0.1724974811077118,0.17916877567768097,0.1768395272537159
2023-03-20,0.15552024965771863,0.127881591652,0.15000714835935985,0.14972371360430645,0.1488981232744402,0.16249587005110314,0.16630853022736405,0.16624853014945984,0.17811039090156555,0.16025604379537128
2023-03-21,0.15486492707601837,0.0933764574384,0.1286872284094726,0.1290405803903027,0.1279192059781829,0.13424293114012875,0.13852004175679017,0.15650884807109833,0.1678187996149063,0.14039109076584028
2023-03-22,0.12360434323580807,0.219926241974,0.18316262779647108,0.1846127615981786,0.177952033754841,0.17362054072637245,0.1552033328098361,0.1605253368616104,0.1671590954065323,0.17174796127912031
2023-03-23,0.10381742708315367,0.165329578726,0.16010871369779706,0.16122728417707682,0.15684739453118735,0.1577807931476277,0.16101645146909715,0.15891152620315552,0.17269417643547058,0.16122661995163032
2023-03-24,0.08207602074309069,0.159061414627,0.15605190767105284,0.1547298035226735,0.15313224018945737,0.13829106010405656,0.15338954513198363,0.15685439109802246,0.16104288399219513,0.15335597595849165
2023-03-27,0.07522451171448154,0.105884948555,0.13174963746266846,0.13253133836510936,0.12897898076379005,0.11991010601083224,0.13657337362879018,0.15010662376880646,0.1527114361524582,0.136080213736065
2023-03-28,0.07787970780812374,0.0877618979229,0.12372971446032636,0.12444532683509393,0.12056049128513344,0.12845198073567451,0.11782890860169086,0.14379049837589264,0.15126943588256836,0.13001090802519716
2023-03-29,0.08145211126129569,0.0695844239131,0.1024478473487237,0.10218324688248165,0.10200269158335787,0.11012314236826858,0.11329271454497751,0.13462166488170624,0.14902231097221375,0.11624194551167562
2023-03-30,0.08032328105778007,0.0695269163622,0.09371021829556059,0.09416293689101998,0.09409185451163582,0.09575173792980932,0.10865272624116648,0.12617503106594086,0.14645099639892578,0.1084279287620084
2023-03-31,0.081615388201397,0.071362516053,0.08661054938649282,0.08457202058209357,0.08842150453121539,0.0937282908235522,0.1216583941592644,0.1184709221124649,0.1453227996826172,0.10554064018252864
2023-04-03,0.07848871865303556,0.0763078779603,0.08607569350004249,0.08606874510196255,0.08823294195370229,0.09224202059860184,0.10734786644362433,0.11290723085403442,0.13945111632347107,0.10176080211077701
2023-04-04,0.08380778297693556,0.0986648841028,0.09643106187669234,0.09709990714740684,0.09771757307474917,0.09777950454998224,0.1252416407300793,0.11111575365066528,0.1372992992401123,0.10895496289566964
2023-04-05,0.07995112229368997,0.0876811254178,0.09344591381570322,0.09392926905621662,0.09483862043582794,0.09259346763423121,0.1252416407300793,0.10919786989688873,0.13667678833007812,0.10656050998557502
2023-04-06,0.09109498101346095,0.0626171490381,0.08258659215735906,0.08199594938071199,0.08475034030545428,0.07948554353093529,0.102413863813635,0.10581131279468536,0.13529086112976074,0.0960477804446488
2023-04-10,0.08902761980763549,0.0783506174469,0.08994003427294789,0.08817201387380304,0.09133469332446674,0.09434681205986815,0.10734786644362433,0.10478132963180542,0.1334977000951767,0.10134577852881319
2023-04-11,0.09315266735860231,0.057618825582,0.08002313740846698,0.08046510552281216,0.08264557750080978,0.09655362009236372,0.10612359546943091,0.12619200348854065,0.10173861682415009,0.09624880804379633
2023-04-12,0.08063253780761022,0.118537281113,0.1077202893038582,0.10845335494984738,0.1095410525056803,0.11993921816406374,0.12532860414511168,0.12700191140174866,0.10544995963573456,0.11477634144372065
2023-04-13,0.08223915320081458,0.0673065160077,0.0849872546201764,0.08293523251616108,0.08832831978262165,0.10051771217679452,0.10458534724120656,0.12541668117046356,0.09908713400363922,0.09797966878729471
2023-04-14,0.07636971366909484,0.115980495786,0.1104176017678008,0.11130480733653127,0.11091124603472327,0.11701655018804438,0.12173027991291796,0.12602564692497253,0.11101584136486053,0.11548885336140724
2023-04-17,0.07566120117495367,0.0653982176222,0.08834890752075299,0.08855887347743407,0.08952752584768423,0.09666761494311894,0.09311264833711425,0.1245422214269638,0.10575631260871887,0.09807344345168387
2023-04-18,0.07597263083353802,0.0841275269962,0.09883814354454941,0.09953196426202596,0.0990998921884525,0.1040574053453617,0.10225626977197497,0.12408362329006195,0.10809669643640518,0.10513771354840452
2023-04-19,0.0809578426169567,0.0563206942425,0.0818605034552318,0.08171298090457316,0.08378057011505641,0.0911100546484731,0.08790015074187725,0.12213471531867981,0.10673588514328003,0.0936049800467388
2023-04-20,0.08076611005468327,0.0764102606105,0.0912749745147382,0.09147383648641508,0.09270220659665787,0.09804237997504983,0.08200432022988358,0.1212809830904007,0.10611110925674438,0.09755568716426996
2023-04-21,0.0854665242845914,0.0937909890999,0.09658759804191283,0.09714358715932238,0.09881465879598622,0.10507019764503506,0.11468877874352464,0.1209615021944046,0.10914239287376404,0.10605838792199283
2023-04-24,0.08734637568390122,0.0611420301826,0.08290797358975988,0.08331315007080811,0.08557081987740078,0.09171427119129309,0.08872147900657017,0.11942163109779358,0.10121984779834747,0.09326702466171044
2023-04-25,0.09044366062571865,0.0855193379369,0.09351022954287296,0.09392369651559998,0.09604430316009231,0.10080282381478944,0.09786510044143089,0.11889518797397614,0.09815682470798492,0.09988545230810665
2023-04-26,0.09596010722076842,0.0841645936667,0.09565550107126919,0.0963171540816237,0.10040883549500618,0.10753884999756645,0.10661101940074423,0.11845242977142334,0.10255534946918488,0.10393416275525971
2023-04-27,0.10901762067002715,0.0753889195268,0.09195588638705973,0.08894731729031323,0.09658361839314575,0.1035592673712564,0.10582524767900993,0.11786216497421265,0.10738994181156158,0.10173192055807989
2023-04-28,0.10248892715856563,0.112710074243,0.10929241314542351,0.10919805897974272,0.11076895264956256,0.11205202646029867,0.11353582938691997,0.11865060031414032,0.10788361728191376,0.11162592831685736
2023-05-01,0.10174919920439203,0.073230189908,0.09376127484835575,0.09430401811605535,0.0945631632514267,0.09542838115544214,0.10690459511992254,0.11822645366191864,0.1029314249753952,0.10087418730407376
2023-05-02,0.09583304348230923,0.100333888455,0.1064132470687249,0.10716582759279178,0.10676956431227383,0.10679846232874599,0.09216199083878182,0.11890846490859985,0.10147014260292053,0.10566967137897697
2023-05-03,0.10075188980106771,0.110567223802,0.11298806112815916,0.11370060604457463,0.11406963421874064,0.11541059703336283,0.1322532185163977,0.11999422311782837,0.10703976452350616,0.11649372922608135
2023-05-04,0.09045707784896044,0.138079637822,0.13003837814450664,0.13068918967686888,0.1302003435978181,0.12931968435648084,0.14073311820920426,0.12217605113983154,0.11726872622966766,0.12863221305062542
2023-05-05,0.09366106217123278,0.076152831226,0.10075448329420185,0.09992244250393625,0.1038222882200772,0.10844317158803204,0.1247153036167334,0.12162059545516968,0.09980170428752899,0.1084399984236685
2023-05-08,0.09399430744537804,0.0678767814283,0.09684528232550932,0.09735921927659046,0.0972842791586714,0.09815241898362799,0.11106902818285028,0.1210116297006607,0.08776764571666718,0.10135564333493961
2023-05-09,0.09761538546440357,0.0649788626727,0.09243517341209553,0.09272752892031136,0.09360286170065887,0.09597911151494384,0.09311465328632235,0.12017838656902313,0.08138729631900787,0.09563214453176615
2023-05-10,0.08632360614760305,0.130613806147,0.12155451076611387,0.12241450967738204,0.1220146112461179,0.12203304469843605,0.11497593897156043,0.1178702786564827,0.09212294965982437,0.11614083481084533
2023-05-11,0.08885053965104102,0.0960400153765,0.10314051775609023,0.10357386177781042,0.10390033186930386,0.1057305029839061,0.09911563836005681,0.11766333132982254,0.08898377418518066,0.10315827975173865
2023-05-12,0.08960246452326817,0.0935350836537,0.10373678620197944,0.10434448694617403,0.10410808566115565,0.10524665956835769,0.09214862874721008,0.11755887418985367,0.10095952451229095,0.10401472083243164
2023-05-15,0.09327604506518794,0.0701422396459,0.09412717623500443,0.09446470046527476,0.09463750779612623,0.09638288648796883,0.10137800472099057,0.11690504103899002,0.10434352606534958,0.10031983468710062
2023-05-16,0.09671467053364433,0.0877007458941,0.10362795753863974,0.10409810692392207,0.10334731778653755,0.10375868239122568,0.09049868551356664,0.11702702194452286,0.10603074729442596,0.10405550277040579
2023-05-17,0.09888310139440698,0.0817005131632,0.09663219056091171,0.09646331891696935,0.0982641448830204,0.1021959385935449,0.10076558159370025,0.11656106263399124,0.11316003650426865,0.1034346105266295
2023-05-18,0.09813589932899097,0.106943684448,0.10813890939709989,0.10766684051027262,0.10831575359932788,0.11027893793525695,0.1155719260318582,0.11701924353837967,0.11750437319278717,0.11207085488642606
2023-05-19,0.09514630885913679,0.0970552839154,0.10419746781892512,0.10485509289767692,0.10375648023941349,0.10559098703725117,0.09214862874721008,0.1172267273068428,0.11248406022787094,0.10575134918217008
2023-05-22,0.09621844520977094,0.0909891666866,0.10350307576927054,0.10378602229849113,0.1031278558758128,0.10531207338335025,0.09049868551356664,0.11743726581335068,0.11117918789386749,0.10497773807824422
2023-05-23,0.09111576066825547,0.10468025314,0.11075131081568139,0.11146234899933066,0.11013057849512628,0.11172935535223814,0.1203820415832205,0.11813218146562576,0.11443956941366196,0.11386105516069782
2023-05-24,0.08933453877854461,0.0937852604402,0.10718715069848672,0.10748253339721096,0.10758864922489944,0.11141253731951185,0.09911563836005681,0.11842513829469681,0.11228830367326736,0.1090714215668757
2023-05-25,0.08604796333733467,0.103445089888,0.11086904160750123,0.11127679249370506,0.11241137225315315,0.1178549739780322,0.11899226984414393,0.11895542591810226,0.11586220562458038,0.11517458310274546
2023-05-26,0.0905215658876209,0.0808118487473,0.0999174312560019,0.09756277900518995,0.10092295977835987,0.10637600442817022,0.09911563836005681,0.11858338862657547,0.11201554536819458,0.10492767811750696
2023-05-30,0.08569373740677302,0.0964617748109,0.10691494623715872,0.10759450946719659,0.10651684077074733,0.10947430894709473,0.09911563836005681,0.11886351555585861,0.10841774195432663,0.10812821447034848
2023-05-31,0.08567723310382386,0.0786029173462,0.09716027066925406,0.0976720464395687,0.09741026642092367,0.1016095662607305,0.09049868551356664,0.11827557533979416,0.09976265579462051,0.10034129520549404
2023-06-01,0.08102236557662836,0.0847854053416,0.09890363213760783,0.0976171669603558,0.09921379043621566,0.10353365213965501,0.09214862874721008,0.11799364537000656,0.0955192968249321,0.10070425894514044
2023-06-02,0.07940745605217794,0.0884242472436,0.09910106380424524,0.0990983038257362,0.09851960188683417,0.10101877116947763,0.09049868551356664,0.11771444231271744,0.09295676648616791,0.09984394785696361
2023-06-05,0.06904109703220605,0.102372185574,0.10692615832227279,0.10765467920517371,0.10519421085932361,0.10553142129484165,0.1155719260318582,0.11804673820734024,0.09379494190216064,0.10753143940328155
2023-06-06,0.06912206903528807,0.071071708152,0.0916915882367257,0.09098529557042759,0.09124531068162287,0.09414630644306352,0.08394101111869477,0.11709889024496078,0.08936761319637299,0.09406800221312404
2023-06-07,0.08756334243769004,0.0785129086411,0.09479633507066854,0.09533317940965044,0.09375986043983987,0.09563851335853134,0.09049868551356664,0.11663421243429184,0.08540250360965729,0.09600904140517229
2023-06-08,0.09335250880406039,0.0575216673566,0.08355383006880691,0.08316733633549944,0.08328588550588682,0.08687517218745741,0.07752903000763066,0.11549254506826401,0.08347970247268677,0.08762621452089028
2023-06-09,0.09563786306147672,0.0807678727331,0.09227879116612467,0.09277510039832268,0.09156803207001887,0.07790434269506391,0.08686195341007075,0.09462247788906097,0.08256357163190842,0.08836775275151003
2023-06-12,0.09825519649017211,0.0527798199393,0.07628065671259332,0.07544498839392022,0.07706104508776931,0.06671902717929105,0.07698510834523933,0.0920218676328659,0.07938908040523529,0.07770025339384491
2023-06-13,0.09965899589055276,0.0714641479428,0.08420101631672511,0.08427997923700778,0.08535494658680828,0.08318008931906903,0.0785861224760803,0.09088132530450821,0.08189556002616882,0.08405414846662394
2023-06-14,0.08512411633100182,0.143567647397,0.12013645177440224,0.12069065326583603,0.1188489947876866,0.10333144640693878,0.11588953807518204,0.09463706612586975,0.07880352437496185,0.10747681068726818
2023-06-15,0.08002105835595784,0.0924418845613,0.10185522357683037,0.10024705783133717,0.1002921431466226,0.08507189590081962,0.09094561518738577,0.09546757489442825,0.08535867929458618,0.09417688426171571
2023-06-16,0.07602611281882884,0.0931826111492,0.10327713765973248,0.10391511918461277,0.1016980887969827,0.08710775434239579,0.08892945753911746,0.09641315042972565,0.07199554890394211,0.09333375097950126
2023-06-20,0.07369959004545582,0.0729597376956,0.09667225595728685,0.09717694125845995,0.09474107999395034,0.08203245427322317,0.08820803715739778,0.09632931649684906,0.07095608115196228,0.08944516661273276
2023-06-21,0.07677339764354377,0.0805995258307,0.10077034245354391,0.10125178496254365,0.09906578270056327,0.08788242303846686,0.09226767922186181,0.09679567813873291,0.07332102954387665,0.093050674294227
2023-06-22,0.07403336696537535,0.0847506222696,0.09720122112359476,0.09665272704949149,0.09625332602560471,0.07663335988930409,0.08970356539317356,0.09650085866451263,0.07543888688087463,0.0897691350037937
2023-06-23,0.07536485004317338,0.0658162215385,0.08693133572127426,0.08707165971252548,0.08653128445911545,0.07647496954902612,0.07698510834523933,0.09494920074939728,0.07259319722652435,0.08307667939472889
2023-06-26,0.06920916464277097,0.0746056249237,0.08900479700235576,0.0895002046492801,0.08913081556834253,0.0803752300746447,0.08366401620703182,0.09379944205284119,0.0761348307132721,0.08594419089539544
2023-06-27,0.06734821707100097,0.0598449833925,0.08173181134985111,0.08130520532501706,0.08264329920574369,0.07800106847652874,0.07758863655393233,0.09199120849370956,0.07697826623916626,0.08146278509199267
2023-06-28,0.060019437816076444,0.0938557863345,0.09719118129422516,0.09725584417376232,0.09715226572807173,0.08457856068253124,0.0841272599360194,0.09238183498382568,0.07514551281929016,0.0896903513739608
2023-06-29,0.06005835950154239,0.0715303583633,0.08667589103780918,0.08674128248674068,0.08705037402631323,0.07540383830486429,0.0785861224760803,0.09113789349794388,0.07798758149147034,0.08336899761731742
2023-06-30,0.058879177544084185,0.0729820594845,0.08799831030431988,0.08830037839078769,0.08826694987746048,0.07563846402747529,0.08192095266065685,0.09045887738466263,0.08054837584495544,0.08473318692718831
2023-07-03,0.06785730680247676,0.0334101558341,0.06782631789943375,0.06747695300426847,0.06930375815626642,0.054718898295303575,0.07758863655393233,0.08734109997749329,0.07593291997909546,0.07145551198082763
2023-07-05,0.07099709542917718,0.0480706916708,0.07299198600720126,0.07305131542941304,0.07485157299747683,0.06801157759998762,0.07758863655393233,0.08550900220870972,0.076105996966362,0.07544429825186898
2023-07-06,0.06890050870928785,0.0643557417333,0.07719335816899214,0.07747532766994389,0.07985920038728506,0.07440316261878924,0.07482594232592146,0.08443045616149902,0.07570647448301315,0.07769913168792056
2023-07-07,0.06746423641661359,0.0716935165748,0.08036245642392856,0.08070760444833826,0.08358150113029689,0.07874279139516516,0.0785861224760803,0.08391176164150238,0.08010117709636688,0.08085620208738263
2023-07-10,0.06377762233623799,0.0680083525596,0.0783775242942905,0.07861256390349156,0.08147139345448241,0.08738589312320477,0.07582342824806942,0.08334773778915405,0.0735931396484375,0.07980166863730431
2023-07-11,0.05868888351631817,0.082495582936,0.08888400001405745,0.08900226307566236,0.09100137066730243,0.08939176884010275,0.08746548161876375,0.08428613841533661,0.07874105870723724,0.08696744019120894
2023-07-12,0.05847740390668282,0.0670123776789,0.08373054043897699,0.08412722012136715,0.08557769763385413,0.08730662714946272,0.06741923338159383,0.07674464583396912,0.07974224537611008,0.08066402999076201
2023-07-13,0.062337101512996596,0.0517216028284,0.07627088823342439,0.0761442696492096,0.07783632481422774,0.07227324220967579,0.07688273340092108,0.07009142637252808,0.06959061324596405,0.0741556425608501
2023-07-14,0.06535128307730678,0.0645033006384,0.08092459963448365,0.08134541859423793,0.08249119050074892,0.07388881720522444,0.08043243041991144,0.07174395024776459,0.0810917317867279,0.07884544834129983
2023-07-17,0.06909072028989892,0.0469674950982,0.071749830719186,0.07140369322138025,0.07388124049054993,0.06843334642164806,0.07886973044174314,0.06639470905065536,0.08154857158660889,0.07318301741882452
2023-07-18,0.06708870953504682,0.0607414264863,0.0757458348102589,0.07415330321317137,0.07856192846217383,0.0658122473904087,0.0759332447356687,0.06792968511581421,0.08492738753557205,0.07472337589472397
2023-07-19,0.07683979370331159,0.0660815205525,0.0779625143207853,0.07825368399050807,0.08076953186515867,0.07008199341854368,0.07237600435098479,0.07013781368732452,0.08361116051673889,0.07617038602143485
2023-07-20,0.08263766048582669,0.0707577662593,0.08170850241242789,0.08213770864570459,0.08434541758144311,0.08006879538809167,0.07615680522767716,0.07266484946012497,0.08234620094299316,0.07991832566549463
2023-07-21,0.08415582463296976,0.0780067668046,0.08595214323057383,0.08644029418525577,0.08823870098716201,0.08907741795072785,0.07743109678410043,0.07599184662103653,0.08798344433307648,0.08444499201313327
2023-07-24,0.08449076665561109,0.0686995833133,0.08407379654251536,0.08442097554837028,0.08585462078438909,0.0676975312923398,0.07554286659794482,0.07428522408008575,0.08214762806892395,0.07914609184493844
2023-07-25,0.0856640002305828,0.0482323281222,0.07448309149476134,0.07473620268149674,0.07689789320388178,0.06717136303242391,0.07088799435389485,0.0662699043750763,0.07408519089221954,0.07207594857625065
2023-07-26,0.07946330356026744,0.106696120384,0.10249278982963608,0.10265479765462467,0.10337949270959698,0.09340031981406746,0.10942625867965373,0.08355419337749481,0.07439505308866501,0.0956147007362484
2023-07-27,0.0761769149558238,0.0981315782866,0.10134323997177858,0.10164294564811824,0.10128289236774445,0.09212657086018433,0.08618799673801991,0.08780598640441895,0.07351423799991608,0.09198626714145434
2023-07-28,0.08299083385060263,0.0857388774869,0.09680059533619234,0.09654453614151517,0.0972907247201325,0.08332912440084156,0.08327574036463717,0.084746353328228,0.06520909070968628,0.08674230928589044
2023-07-31,0.08417884434957142,0.0707252917946,0.09077506326864693,0.09048172116188921,0.0909083277434789,0.07673222757817386,0.07936931326030877,0.07791739702224731,0.06455691903829575,0.08153442415329153
2023-08-01,0.08839801525117774,0.0576585978267,0.08621154997791877,0.08661101179082228,0.08653949175907802,0.0751026192717733,0.07511742613609078,0.07126304507255554,0.06394921243190765,0.07782776520573519
2023-08-02,0.09060841481247452,0.0791488502192,0.09266542852410725,0.09319094454423338,0.09346539003457113,0.08295139963001516,0.08549911264994718,0.0756470113992691,0.06850815564393997,0.08456106320372617
2023-08-03,0.09947072533333016,0.0840971786353,0.09331955890148548,0.09349316129831772,0.09543299870725,0.08615000663141874,0.08216255921391068,0.07921124249696732,0.07692717015743256,0.08667095677239749
2023-08-04,0.09522099818315376,0.113021837571,0.10771169024454909,0.10828230293313032,0.10889908440044961,0.10229662596744864,0.1270335771278922,0.09112311899662018,0.0878533124923706,0.10474281602320867
2023-08-07,0.09401449561231806,0.0774277958066,0.09341745606089233,0.09347848822852813,0.0952017747665344,0.0970744920984238,0.07857687037917277,0.08346119523048401,0.08159468322992325,0.0889721371419941
2023-08-08,0.0953064485455456,0.08345759537,0.09825278972284852,0.09869047733559244,0.09864758085887737,0.091669930117347,0.0916468621272908,0.08279861509799957,0.08215130865573883,0.09197965198795635
2023-08-09,0.09786236152031326,0.0907905235332,0.10231455144043954,0.1028923473635679,0.10264790796868864,0.09834365451567745,0.0890686254414252,0.08562226593494415,0.0780094712972641,0.09412840342314385
2023-08-10,0.09129631715693338,0.124479063589,0.11971817933921453,0.12049787802113583,0.11903684412792573,0.1168887340088334,0.11721921724660911,0.09840866178274155,0.09247060120105743,0.11203430224678822
2023-08-11,0.09155029026150954,0.0929354735888,0.1046581416640597,0.10437195324805475,0.10451529113570185,0.09853980442191679,0.09273586288006308,0.09437079727649689,0.08644691854715347,0.09794839559620663
2023-08-14,0.09426801687026672,0.069667051141,0.0941956268120893,0.09306515714601846,0.09398996587915853,0.09236545771366333,0.08438576674571052,0.08508631587028503,0.09412708878517151,0.0910307684217281
2023-08-15,0.09506912759485368,0.0904883361024,0.1034551245701218,0.10402071368055266,0.10256780808675932,0.08985703842427659,0.09019944665281898,0.08679059892892838,0.09456287324428558,0.09592194336967762
2023-08-16,0.08812084880585712,0.103496533774,0.10989234841562684,0.1104931602873378,0.10958914781768843,0.10056579180065875,0.10873436294044554,0.09224023669958115,0.10092916339635849,0.10463488733681385
2023-08-17,0.09019492016920339,0.0963582684174,0.10425584525242156,0.10484407475389465,0.10523421401158778,0.10729636341554569,0.10007501290165413,0.09222114831209183,0.10662027448415756,0.10293527616162189
2023-08-18,0.10712694018551305,0.0941763922323,0.10338488930448111,0.10341462472521638,0.10499988720176999,0.10511836898940115,0.07424729384493026,0.09174492210149765,0.11068232357501984,0.09908461567747376
2023-08-21,0.10621259763808363,0.085898281724,0.10137188082937101,0.10143552884713271,0.10213134883047575,0.09893423949779331,0.07833763975658564,0.08954254537820816,0.10473162680864334,0.09664068713545856
2023-08-22,0.1045590249013829,0.0945861462136,0.10532658494804492,0.10596665824705834,0.10556632983123605,0.11165000350824437,0.10003603766970706,0.09124398976564407,0.10106760263442993,0.10297960094348069
2023-08-23,0.10821299732895791,0.0659337346611,0.0899541966223076,0.08894433048870179,0.09132241331548424,0.0903333250099668,0.0858556734065949,0.08299943059682846,0.09562212228775024,0.08929021310394772
2023-08-24,0.1023159829539507,0.10551831141,0.10715358481793788,0.10766556603617118,0.10684837120910498,0.10475522618736756,0.11228289786835079,0.09115511924028397,0.09764804691076279,0.10392983032428273
2023-08-25,0.08202509729841234,0.159920234179,0.13570621390666396,0.13514224641034805,0.13433603376018524,0.1267827787962241,0.13552645625494034,0.11305596679449081,0.10990201681852341,0.12720738753448227
2023-08-28,0.07887896304805135,0.0800199207742,0.10188356155826994,0.10230574414839355,0.10061503058685628,0.09423362319705153,0.09363995419352421,0.09981949627399445,0.09986314177513123,0.09890865024760302
2023-08-29,0.07943087766109556,0.0848758388002,0.10302605773084675,0.10046773386348166,0.10159000614880628,0.09108659789188493,0.08723053305122136,0.09386683255434036,0.09157528728246689,0.09554900693186404
2023-08-30,0.07820613584532361,0.0907445473806,0.10768473952835338,0.1078341492757813,0.10503535094771692,0.09587096156314287,0.09184674273205742,0.09356211870908737,0.08559110760688782,0.09820359576614672
2023-08-31,0.0784951610549237,0.0701901127459,0.09585438983564741,0.0963723445564245,0.09369598461367411,0.08469032982298472,0.0818561777382034,0.08685299009084702,0.08079451322555542,0.08858810426904808
2023-09-01,0.07498079519525151,0.0828991097341,0.0941218402331839,0.09454854363774531,0.09320870734724815,0.08671602450049112,0.09051516131657152,0.0853983461856842,0.07733303308486938,0.08883452232939908
2023-09-05,0.0763810351281956,0.0622258695746,0.08393160537108149,0.08434043599180788,0.08336418534143511,0.07248717550399172,0.07724736133341727,0.07879077643156052,0.06757747381925583,0.07824843054179284
2023-09-06,0.07504086870364342,0.0874115300427,0.09473757741143052,0.09530892123156218,0.09440952028367666,0.09181441391363879,0.0918153789399181,0.08320590108633041,0.07446321845054626,0.08939356161672898
2023-09-07,0.0697674880051235,0.0852598948424,0.09331909460088592,0.09234653682425917,0.09341853664906592,0.0892537353556839,0.08850898541062957,0.0848979577422142,0.07778063416481018,0.0885036401067927
2023-09-08,0.0696676043633522,0.071785131143,0.08787363610149108,0.08812833484061738,0.08831163551069028,0.08944995714707503,0.08148223187970922,0.08225349336862564,0.08219173550605774,0.08567014633632376
2023-09-11,0.06840269182824847,0.0646174054731,0.08308691328297525,0.08346991083003276,0.08361737585477276,0.07769399133834723,0.07786205258242312,0.08312267810106277,0.08199841529130936,0.08155019104013188
2023-09-12,0.06824809605030467,0.0702265849949,0.08629002504643177,0.08666286337517783,0.08657264958766966,0.08720118873386384,0.07786205258242312,0.08299101889133453,0.08176697045564651,0.08419239552464962
2023-09-13,0.07405087129163149,0.0814010001605,0.09042109384037002,0.09085637781513212,0.09101221945833195,0.082969478335681,0.08547374863562386,0.08524719625711441,0.0886995792388916,0.08781138479730642
2023-09-14,0.07951839985121388,0.0587460781864,0.07860015360146282,0.07826875121485016,0.0795468805374307,0.0683141546726207,0.07786205258242312,0.08102621883153915,0.06677263230085373,0.07577012053445434
2023-09-15,0.08657406154552397,0.0712984475927,0.08382850430771069,0.08412653465032408,0.08406654591099522,0.0711966880551549,0.07786205258242312,0.08162882179021835,0.0695991963148117,0.07890119194451972
2023-09-18,0.09667203152461756,0.0574645529713,0.07753567288559918,0.07780754824441485,0.07883488054887439,0.07118117070981145,0.07786205258242312,0.07880450040102005,0.07465273141860962,0.0766683652558218
2023-09-19,0.10117408486288103,0.0694704618219,0.08253163567872471,0.08284388433229381,0.0840597756514275,0.082219265502498,0.07786205258242312,0.07994604110717773,0.08133871853351593,0.08154305334115154
2023-09-20,0.10650643257927368,0.103705194903,0.09879091094515796,0.09816810226861857,0.09953624969207307,0.09723340603065393,0.10590939320964814,0.08829954266548157,0.09082191437482834,0.09696564559806595
2023-09-21,0.11615935790494956,0.08746041151,0.09464793264174878,0.0950397759076404,0.09567631517092168,0.09064976292950783,0.08403152893142263,0.08940649777650833,0.08816622197628021,0.09108829076200428
2023-09-22,0.12150369655981175,0.104608459109,0.10479986468584453,0.10518156282079524,0.1064337779488736,0.10446999582070982,0.11846391879563069,0.09412651509046555,0.09438888728618622,0.10398064606407223
2023-09-25,0.12692372497792842,0.112045716479,0.11276046154618247,0.11073327285475257,0.11309960542696837,0.1097211103032207,0.11153982041778779,0.09909027069807053,0.09539297223091125,0.1074767876396991
2023-09-26,0.13170703008656634,0.096331271711,0.10869638044257265,0.10934748811356845,0.10868405044448547,0.10957512739035785,0.0985783318289022,0.0983615294098854,0.08907017856836319,0.10318758374259075
2023-09-27,0.13347612529712186,0.127639692551,0.12399327556452891,0.12442094106462509,0.12484324964922627,0.1335260609109867,0.12374661098239771,0.10498259961605072,0.0968228429555893,0.11890508296334354
2023-09-28,0.12966417997996307,0.13563260973,0.13157577908325901,0.1315773288134991,0.13075891998094125,0.12298404756097578,0.12929142720048645,0.11093065142631531,0.10689537227153778,0.12343050376243067
2023-09-29,0.12988155190294584,0.131505471221,0.13219490648626242,0.13303992088799343,0.13003368879357655,0.11918475493814773,0.12929142720048645,0.1133558452129364,0.1032940000295639,0.12291350622128099
2023-10-02,0.12254508987371697,0.1388764235,0.1375892485141169,0.13750759718533367,0.13495566748081017,0.12870795657792772,0.13073364690468764,0.11657893657684326,0.10631132125854492,0.1274834820711806
2023-10-03,0.11636311421643997,0.124359410457,0.13396852041867946,0.13466068417621302,0.13114423232436412,0.12240557369920718,0.12929142720048645,0.11537796258926392,0.10475858300924301,0.12451528334535103
2023-10-04,0.10624925137401096,0.136519457826,0.13970306727812115,0.14002337562409867,0.13819815897068996,0.13495862806884978,0.1315709125749986,0.1176953911781311,0.1127629429101944,0.13070178237215482
2023-10-05,0.10328685162668833,0.115675505401,0.12907025666060973,0.12959466270923098,0.12695223974627554,0.11992589460859249,0.12919081722783482,0.11363635957241058,0.1108890026807785,0.12275131902939039
2023-10-06,0.10246555186585163,0.132573672859,0.13608504258299026,0.13406792548686564,0.133419174245268,0.12320997917225845,0.12981774677356672,0.11555083096027374,0.11105747520923615,0.12617259634720843
2023-10-09,0.10129808777195516,0.100135251741,0.11901046897922612,0.11914644653312145,0.11675261480231752,0.11347598788223022,0.10577106850316624,0.1083163470029831,0.08804202079772949,0.11007356492868202
2023-10-10,0.10463495999343207,0.0898923770916,0.111535745959014,0.11216739293320871,0.1101122475157987,0.10786768405704465,0.10374890399134729,0.10226362943649292,0.09710649400949478,0.10640029970034301
2023-10-11,0.11499794440257552,0.0859081352493,0.10520108464895732,0.1057344496227878,0.1040883506713273,0.09724949341334801,0.09787890257224002,0.0968480035662651,0.09368282556533813,0.10009758715146624
2023-10-12,0.13496855280529496,0.101376397928,0.11025703273853524,0.11084920315910528,0.10855363539289724,0.10144868471802623,0.10045529815686983,0.09700556099414825,0.09331151843070984,0.10312584765575598
2023-10-13,0.13624477166179,0.129347813033,0.12148755001365738,0.12219762390378981,0.11963422212098078,0.10792592637536945,0.10951898656712167,0.10292389243841171,0.08954299986362457,0.11046160018327934
2023-10-16,0.1442531277340645,0.0940086962824,0.10612184633329329,0.1064265974933549,0.10622192571387806,0.1050180098972942,0.09578829102737489,0.09874534606933594,0.10118496417999268,0.10278671153064627
2023-10-17,0.1439696803589059,0.107314960709,0.11316131792094328,0.11301133895160781,0.11142186843005139,0.10926421059664099,0.1182004375074544,0.09977468848228455,0.09875720739364624,0.10908443846894696
2023-10-18,0.13966623264500755,0.13696886333,0.12996814624676065,0.13076648076104982,0.1269670347846912,0.12088708506741014,0.12505330081610316,0.10773877799510956,0.1037588119506836,0.12073423394597259
2023-10-19,0.13051944160258888,0.187715447432,0.15868018752193064,0.15984322582178523,0.1545566669924998,0.14677101074946242,0.16675196756918756,0.12479567527770996,0.11600209772586823,0.14677154737977768
2023-10-20,0.12873502761117941,0.135873082435,0.13760525691953085,0.13840964570678657,0.13503471033829567,0.13186568072314225,0.14758861121817038,0.12312643229961395,0.12337923049926758,0.13385850967211532
2023-10-23,0.12179442062343156,0.141666051883,0.14422995902670993,0.1437770253923327,0.14105614615459394,0.13047468471736154,0.14176795452793617,0.12449441850185394,0.12494656443595886,0.13582096467953528
2023-10-24,0.12177296858864273,0.105394595687,0.12894838786756577,0.12925896380206509,0.12596916757201732,0.11722055256347871,0.13647858785932737,0.11723317205905914,0.11512240767478943,0.12431874848547182
2023-10-25,0.1237175687380104,0.112505146171,0.129674578918437,0.13041697148818568,0.1258562198801029,0.11759123679255579,0.1370508783150401,0.1141570657491684,0.11174242198467255,0.12378419616116607
2023-10-26,0.10840580193817123,0.151262783525,0.14234509774796172,0.14333569331862972,0.1399774489763128,0.13927182328156124,0.16832190467948502,0.11989539861679077,0.11724288761615753,0.13862717917669984
2023-10-27,0.09932700635065979,0.127076386554,0.13147163306587706,0.13227273133210554,0.13016380255549126,0.1282475037641716,0.14304188366864257,0.11748835444450378,0.12020078301429749,0.12898381312072704
2023-10-30,0.09182901331413211,0.106654292276,0.11984499091409845,0.11987108612014713,0.11978659964336875,0.12693219276375406,0.14255086403591694,0.11091150343418121,0.12048332393169403,0.12291150869188007
2023-10-31,0.08406095416947973,0.105270583353,0.1193246838339643,0.11799747308755912,0.1180490035942272,0.11590543173154354,0.14059970635260483,0.10702195763587952,0.11445897817611694,0.11905103348741364
2023-11-01,0.07261345874367155,0.122655259132,0.1275323429038026,0.12624956793462241,0.12449079104661626,0.11544049087080052,0.12407453378025328,0.10885071754455566,0.10927988588809967,0.11941690428125006
2023-11-02,0.08320395216275205,0.0714796130145,0.0990727183200449,0.0987381142271466,0.09727560443064473,0.09682773978468645,0.09784872877051558,0.09744953364133835,0.09708624333143234,0.09775695464368699
2023-11-03,0.08282911783022738,0.0819670025262,0.09946103777651424,0.09900663248558035,0.09741739699900782,0.08816908552632705,0.08988160642083495,0.09268902242183685,0.07803884148597717,0.09209480330229693
2023-11-06,0.08213974521452237,0.0648745369093,0.08865890109471024,0.08865003573796562,0.08722065637724079,0.08207410527646676,0.08510465995685025,0.08596141636371613,0.06610002368688583,0.08339568549911937
2023-11-07,0.0833618435361014,0.0651941513298,0.08530553081149302,0.0853322767754316,0.08472143673644836,0.08135599426712542,0.08059439561298243,0.08182050287723541,0.06637599319219589,0.08078659003898744
2023-11-08,0.08178500594518051,0.0779529631698,0.08650620564797115,0.08695210185490374,0.0866552909471413,0.07584321138252759,0.08526780144316436,0.08406323939561844,0.07414771616458893,0.08277650954798792
2023-11-09,0.07159925533441706,0.115586553719,0.10613502872228417,0.10684640365398114,0.10462661129894302,0.09482942430808548,0.11110365724106512,0.09207755327224731,0.08226124942302704,0.09969713255994761
2023-11-10,0.06610839352724047,0.0800463305112,0.09116237014579676,0.08926983249862765,0.09078305906839923,0.08367498082030611,0.08964575146133477,0.08973348885774612,0.08773617446422577,0.0888579510452052
2023-11-13,0.06591846082927005,0.0603330792853,0.08263482960539054,0.08216098245778133,0.08181700337484796,0.07057400861985369,0.08045669802876555,0.0847340002655983,0.08522200584411621,0.08108564688519336
2023-11-14,0.06223113383279796,0.072536704066,0.08852830313476656,0.08868289474918749,0.08797997678430802,0.08190963411575664,0.07852750784916147,0.08450190722942352,0.08518572151660919,0.08504513505417328
2023-11-15,0.06733260758617336,0.0690985938027,0.08635237666984079,0.08677815796140922,0.08539908369831081,0.07524184696370997,0.07581952403208986,0.08362685889005661,0.07303186506032944,0.08089281618224953
2023-11-16,0.06030078840182336,0.0744888061092,0.08494619438706674,0.08519469201214445,0.08484852589915193,0.07334700329270732,0.08285013968471236,0.08330076932907104,0.08244794607162476,0.0824193243823541
2023-11-17,0.05934932151424724,0.0512517968451,0.07285681380827039,0.07302640724390425,0.07359136929611634,0.06897937957560564,0.07804439149374029,0.07814471423625946,0.08696608990430832,0.07594416650831495
2023-11-20,0.06087594340883541,0.0592849000404,0.07642643051692244,0.07526042604353914,0.07725897640354151,0.06611340226686659,0.07804439149374029,0.07675126194953918,0.08465039730072021,0.0763578979964099
2023-11-21,0.06336931428214362,0.053841676579,0.07266167265769291,0.07299769307465448,0.07398335327349287,0.06081441545269939,0.07804439149374029,0.07461321353912354,0.08216993510723114,0.07361209637123352
2023-11-22,0.06685126356432024,0.0898857374488,0.08970050196591725,0.09021889228943546,0.09027128088780115,0.08611269647730083,0.08646974014452989,0.08059193938970566,0.08615672588348389,0.08707453957688202
2023-11-24,0.07517882611471469,0.0325746438693,0.06218584093395832,0.062379644173071146,0.06427892457371738,0.050760377087389105,0.07804439149374029,0.07241222262382507,0.07774874567985535,0.06683002093793666
2023-11-27,0.07699129724426788,0.0453600164401,0.06714493548539917,0.06719045456527475,0.06917396914350685,0.06308963127777666,0.07769196812665331,0.07038658857345581,0.07645286619663239,0.07016148762409984
2023-11-28,0.08292581649572496,0.0665762118279,0.07685880969700423,0.07640805348882433,0.07875957626615364,0.067599468605405,0.0749839843095817,0.07326953113079071,0.07659687101840973,0.07492518493088134
2023-11-29,0.08466923059158488,0.0666923809007,0.07822364004820812,0.07856388139101311,0.07996209446742805,0.07168601751972764,0.0749839843095817,0.0751018077135086,0.07575176656246185,0.07632474171598987
2023-11-30,0.07702926035067045,0.101718007425,0.09390891807965127,0.09369327090004734,0.09520180990725759,0.08488895700319576,0.10334347286684754,0.08281725645065308,0.07890791445970535,0.09039451423819399
2023-12-01,0.07842387572024129,0.0835160445808,0.0910042680727782,0.089432416839602,0.09156838407937425,0.08126043957718745,0.08595292425328485,0.0845695212483406,0.08059592545032501,0.08634055421727034
2023-12-04,0.07798859254634263,0.0586221022166,0.08199163851388579,0.08236355806178283,0.08274737561165256,0.06910637799091247,0.07540986877678804,0.08102066069841385,0.07569675147533417,0.07833374730410995
2023-12-05,0.06876694825830958,0.0957995194769,0.10008155620779766,0.10010405014776792,0.10000238696453123,0.09410628768974588,0.08595292425328485,0.08668011426925659,0.08061029016971588,0.09250537281458572
2023-12-06,0.0783612402599764,0.0768687941082,0.09312861309223873,0.09346187728170369,0.0930863974969868,0.08555642111928814,0.0866338372882276,0.0863027572631836,0.08055196702480316,0.08838883865234738
2023-12-07,0.08435932551680002,0.064573173536,0.0846301435159225,0.08446492915539187,0.08563275008647044,0.06985829911628255,0.07811785259385966,0.08304030448198318,0.08127586543560028,0.08100287776935865
2023-12-08,0.08306522683449667,0.0897714674408,0.09539063836864128,0.0945676080274987,0.09588488882142912,0.08636841604403178,0.0853128470019234,0.08521252870559692,0.08301069587469101,0.08939251754911604
2023-12-11,0.08212677997603934,0.0556428997281,0.08096466468849065,0.08054881362514768,0.08160054777438785,0.07453213943802595,0.0780738893405269,0.07984209805727005,0.07300013303756714,0.07836604085163089
2023-12-12,0.08125193965311678,0.0491010280851,0.07414375849619931,0.07269954417572211,0.07603252153717989,0.07206531957002507,0.07568134812493515,0.0746687725186348,0.06900355219841003,0.07347068808872947
2023-12-13,0.07971427970027334,0.113871706404,0.10440635139902621,0.09909409185096023,0.10411458501299073,0.08949522154523304,0.10565017312094913,0.0860295444726944,0.0679459497332573,0.09381941673358729
2023-12-14,0.08271363962928853,0.0951301943304,0.0993057804034122,0.09986734978541287,0.09852862213203482,0.08881194638971457,0.0853128470019234,0.08884551376104355,0.07610545307397842,0.09096821607821712
2023-12-15,0.08022529421931646,0.0835200389341,0.09387305788714681,0.09420467013882675,0.0932961116536911,0.08165293664725234,0.0853128470019234,0.08777693659067154,0.07621011883020401,0.08747523982138801
2023-12-18,0.07922641268677467,0.0481768895945,0.07852811683716451,0.0785550004265172,0.07873494944729746,0.06442708204614495,0.0780738893405269,0.07972415536642075,0.0754425972700119,0.0762122558191548
2023-12-19,0.0828700134769013,0.0411856710497,0.07497827434495391,0.07462692483459393,0.07573868534828522,0.0657478965172057,0.07568134812493515,0.07405904680490494,0.07244744896888733,0.07332566070625231
2023-12-20,0.07067696902130641,0.108301472626,0.10227083376126053,0.10245029209996044,0.10218550302087778,0.08604347776116662,0.10290194978363751,0.08482427150011063,0.07837293297052383,0.09414989441393391
2023-12-21,0.059634315858434955,0.107171138075,0.10277909662874934,0.10297599789941708,0.10301505189102372,0.08357721381115385,0.10290194978363751,0.09051094204187393,0.08299130946397781,0.09553593735997619
2023-12-22,0.06127501321085183,0.0703445460772,0.08620073746867446,0.08651954954511248,0.08708850375443306,0.08013204399372095,0.07568134812493515,0.08561713248491287,0.07792168855667114,0.08273728627549429
2023-12-26,0.07003867159568374,0.0390467138719,0.07246359212171302,0.07258548080720115,0.07388069914601489,0.06570090823348648,0.07568134812493515,0.07635409384965897,0.06683005392551422,0.07192802517264628
2023-12-27,0.07033241770679602,0.0681860163967,0.08697234246089408,0.08714939310353788,0.08731105655954073,0.07769398779741417,0.07568134812493515,0.07820692658424377,0.0671868547797203,0.08002884420146945
2023-12-28,0.08125415575589036,0.0486639810829,0.07338930183036872,0.07373468948372938,0.07478503901184337,0.06040714828006369,0.07568134812493515,0.07412353903055191,0.059915341436862946,0.07029091531405073
2023-12-29,0.08243027010369292,0.0655037497065,0.076598386238768,0.07697555879844509,0.07867856939374532,0.06730808470044385,0.07568134812493515,0.07464522868394852,0.06044210493564606,0.072904182982276
2024-01-02,0.08275808939129523,0.0770729086207,0.0820037368188753,0.08171193615686825,0.08377621692128179,0.07385628381724088,0.08071446243501429,0.07743366807699203,0.06077518314123154,0.07718164105250058
2024-01-03,0.08012362804716727,0.0853146367202,0.08970205256369258,0.08996168593780969,0.09086783411198919,0.08361857793543026,0.0853128470019234,0.08145134150981903,0.06507690250873566,0.08371303450991427
2024-01-04,0.09149239637183283,0.0696814189008,0.08336427613697261,0.0835139935551622,0.08516926003756373,0.08456717060964097,0.07568134812493515,0.08032139390707016,0.06829316169023514,0.08013008629451143
2024-01-05,0.08740569398296665,0.103180072157,0.10217841286116208,0.10176677854816353,0.1024338268583212,0.09684570768676759,0.1003126420951929,0.08784230053424835,0.07230965048074722,0.09481275986637183
2024-01-08,0.09097703898290958,0.0724796470359,0.09009149819086087,0.08776401495041758,0.0903270086815372,0.08257405147224198,0.07568134812493515,0.08549708873033524,0.07007553428411484,0.08314436349063468
2024-01-09,0.090697521872438,0.0788098527782,0.09288094262209759,0.0925336229884281,0.09270437415090241,0.0825798520048183,0.0853128470019234,0.08553554862737656,0.06627999991178513,0.08540388390104736
2024-01-10,0.09220581602658917,0.0716453717793,0.08841103180799033,0.08870434684490437,0.08840433440655329,0.08304231396567151,0.076044136090702,0.0845685675740242,0.06728214770555496,0.08235098262791439
2024-01-11,0.08072865950588756,0.120875201146,0.11344886818388991,0.11424045902867172,0.11167524386601047,0.10450048021571177,0.10882929776813442,0.0936952531337738,0.07120826840400696,0.10251398151431415
2024-01-12,0.07830786208260937,0.0836098739645,0.09612708317480928,0.09671244421940485,0.0949473625846142,0.08773906572764446,0.09065962682439924,0.09173477441072464,0.0699344128370285,0.08969353853980358
2024-01-16,0.06989213282855622,0.0918620195822,0.10122152582400187,0.10158069725854928,0.09950119508969243,0.09128543677392684,0.09065962682439924,0.0925217792391777,0.07736080884933472,0.09344729569415458
2024-01-17,0.0707244898264559,0.0771821686235,0.09507199702535626,0.09495304300514387,0.09431787785663201,0.08983174285275639,0.08780344487259896,0.09012399613857269,0.08048664778470993,0.09036982136225288
2024-01-18,0.07014243438690039,0.080699563035,0.09739607540645921,0.0976978302568911,0.09691886674953572,0.09134568191080242,0.09039811195693777,0.08953411132097244,0.08735804259777069,0.09294981717133848
2024-01-19,0.06913234423911506,0.0684604559916,0.08755361761840497,0.08691725860775507,0.08796235832280411,0.08500032037245875,0.07897305878953499,0.08581366389989853,0.09088385105133057,0.0861577326660267
2024-01-22,0.06765315176610522,0.071173274591,0.0874834565356053,0.08797141354971107,0.08754072086933574,0.08281902984359313,0.076044136090702,0.08399271219968796,0.08403898775577545,0.08427006526348722
2024-01-23,0.06740703261209348,0.0469316042618,0.07329608839252817,0.07309972841142956,0.07452037922831792,0.0728066636244478,0.076044136090702,0.07774618268013,0.07619431614875793,0.07481535636804477
2024-01-24,0.07771321975759796,0.0808845059505,0.08778864711714435,0.08831810748243638,0.08823979802107162,0.08253217815212227,0.08261093658351192,0.08034653961658478,0.07313203811645508,0.08328117786990376
2024-01-25,0.08399334520918948,0.0781182288367,0.08647569361889908,0.08660388710722311,0.08727762637244695,0.08128402377163253,0.0811813919265998,0.08129936456680298,0.073454350233078,0.08251090537095464
2024-01-26,0.09370841372158849,0.0631144486306,0.0797789681234817,0.08014929361382489,0.08100323145425396,0.07459209242669179,0.076044136090702,0.07916130870580673,0.07241988927125931,0.07759270281228862
2024-01-29,0.09723034541681025,0.0636708303343,0.07926217855013391,0.07785404829927418,0.0805166074261729,0.07590861543653143,0.07837143938905511,0.07797534763813019,0.07364857196807861,0.07764811552962521
2024-01-30,0.10095301546917244,0.0451261674308,0.07145955832745982,0.07178549167967004,0.0732707887826364,0.07235556502862085,0.076044136090702,0.07405215501785278,0.07008364796638489,0.0727216204133324
2024-01-31,0.0907797903241624,0.118408131902,0.10512905686166571,0.1057501228423316,0.10498161799035116,0.09904044631210146,0.10220724482213527,0.08572468906641006,0.0788499116897583,0.09738329851210765
2024-02-01,0.08035681849524658,0.105736205948,0.10230326722587485,0.10170507733126344,0.10235901385053509,0.09805846634584509,0.10031551324691895,0.09080587327480316,0.0796217992901802,0.09645271579506011
2024-02-02,0.06517094565871925,0.112318108246,0.10945507219273332,0.10991373955110542,0.10786741666074433,0.10043830310955382,0.10886925054753525,0.09596677869558334,0.07375471293926239,0.10089503909950255
2024-02-05,0.06039645377363061,0.0861181802742,0.10063977425216984,0.10124531653748378,0.09876726070318978,0.08987989225045546,0.0917662932846081,0.0945114865899086,0.06913993507623672,0.09227856552772175
2024-02-06,0.06521022779619758,0.0756652317728,0.09908608974331705,0.09944174196239276,0.09667895402279116,0.08538326356534323,0.08707690665721109,0.09231309592723846,0.06977321952581406,0.08996475305772969
2024-02-07,0.07130524988737294,0.0653282534237,0.09002768697963255,0.08921438869304078,0.08867569332157471,0.08198520333169554,0.08266618903670116,0.08788248151540756,0.06757248193025589,0.08400344640118688
2024-02-08,0.0751391478694401,0.0475540217559,0.07738466637022753,0.07738652029329385,0.07742513433609295,0.07092169730850979,0.076044136090702,0.08085733652114868,0.06805221736431122,0.07543881546918373
2024-02-09,0.08405650941069163,0.0395667390207,0.06735056271627361,0.06687664057334669,0.06897513763125769,0.06713605824584093,0.07729635922457637,0.07215047627687454,0.06880570203065872,0.06979870524268979
2024-02-12,0.09024953108991232,0.0664735911895,0.07670211139169536,0.07707386265565447,0.07841877809040865,0.07459881211795899,0.07729635922457637,0.07468925416469574,0.07298898696899414,0.07596688065914052
2024-02-13,0.08764436229519985,0.0935330861419,0.08960961098496364,0.08940393219851878,0.09111571142240384,0.08740179989189163,0.0846585972948113,0.08249136805534363,0.07792443037033081,0.08608649288832337
2024-02-14,0.085231004168036,0.0918047109723,0.09130232719694571,0.09156015003492755,0.09288084917406349,0.08925887834716478,0.08189444834512018,0.08675867319107056,0.06948606669902802,0.0861630561411886
2024-02-15,0.08512116467601562,0.0711944477497,0.08498588091580381,0.08499030800825783,0.08602512942437335,0.08227000070374649,0.07729635922457637,0.08461445569992065,0.07283450663089752,0.08185952008679656
2024-02-16,0.07813777070927894,0.0930782090263,0.09891579347149818,0.09948298437702507,0.09844886079021002,0.09307695445536304,0.08871550905210612,0.08948176354169846,0.07775810360908508,0.09226856704242657
2024-02-20,0.06789759715043325,0.0990764541344,0.10434517676473391,0.10501002456098887,0.10327978820488057,0.0960705172825699,0.10807628774642881,0.09380146861076355,0.08338480442762375,0.09913829537114134
2024-02-21,0.0626185543796051,0.0801948882669,0.09527628763350746,0.09462409483931439,0.09523672888235601,0.09094210244247163,0.10807628774642881,0.09118213504552841,0.07954081892967224,0.09355406507418271
2024-02-22,0.0632948981473158,0.0796370146572,0.09390934555945105,0.0927422482549172,0.09403510051378998,0.08931408596349755,0.08781081271139911,0.08925828337669373,0.079207643866539,0.08946821717804108
2024-02-23,0.06130693410144828,0.0705343349862,0.09002361714922824,0.0904963489884853,0.08986679923105263,0.08451280455863458,0.08135327098187119,0.08621636033058167,0.07932639122009277,0.08597079892284946
2024-02-26,0.060520751449328274,0.0544338651359,0.07987672198022863,0.0802582509716775,0.08040006095373614,0.07392143298946108,0.07729635922457637,0.08026108890771866,0.07695889472961426,0.07842468710814467
2024-02-27,0.06890339967601293,0.0483632732636,0.07278380812397238,0.07273985371230353,0.07451940994761942,0.06974087361817596,0.07729635922457637,0.07508763670921326,0.07197360694408417,0.07344879261142072
2024-02-28,0.08335784043527122,0.054646302465,0.07306265583018659,0.07301951413641962,0.07505203491175494,0.0715033835443328,0.07729635922457637,0.07378891110420227,0.06832906603813171,0.07315027496994346
2024-02-29,0.07986528597132886,0.0822669921533,0.08469565335654697,0.08505374930418216,0.08631381035200233,0.08293165196548925,0.08419848024826125,0.0796508640050888,0.07307017594575882,0.08227348359676137
2024-03-01,0.09144644018373584,0.0611275109843,0.07504221821452446,0.07400197924245086,0.07717305674065872,0.07637653702554222,0.07729635922457637,0.07791408151388168,0.07215262949466705,0.07570812306518591
2024-03-04,0.09724693282592643,0.0498412641191,0.07011159434569028,0.07007011978162794,0.0724348511653301,0.06877671294714043,0.07878947678085908,0.07447873055934906,0.07259875535964966,0.07246574870566379
2024-03-05,0.10157236688184208,0.0881112470424,0.08964395409971249,0.09019118069226217,0.0910026897752248,0.08662417714201427,0.08576977113858184,0.08204041421413422,0.07943040877580643,0.0863860851196766
2024-03-06,0.09117031111796083,0.118281333053,0.10795678345033048,0.10863268787067654,0.1081738053345978,0.10287529840122103,0.1066570571855603,0.09376982599496841,0.08477086573839188,0.10183376056796378
2024-03-07,0.0999576806090326,0.0625901725849,0.0831499511148501,0.08332957864725776,0.08461406412803503,0.08253432623210386,0.07878947678085908,0.08634676039218903,0.08307938277721405,0.08312050572464412
2024-03-08,0.09245281897008015,0.116861072193,0.11063299026457274,0.11139129060499159,0.11020610401317113,0.10536404521263051,0.10965847642307834,0.09572974592447281,0.092318594455719,0.10504303527123374
2024-03-11,0.08851504583039388,0.0892004720719,0.10273258424131124,0.10264835872324161,0.1019496822736941,0.09514419455812645,0.09088053646058536,0.0947980061173439,0.08821791410446167,0.0966244680683949
2024-03-12,0.07816544613803371,0.109833923289,0.11286933076413765,0.11246678639111644,0.1114768110666006,0.10409856034245618,0.10648956864828034,0.0976542979478836,0.09985476732254028,0.10641573178328788
2024-03-13,0.09229953959825592,0.0629751802342,0.08833286359991371,0.08877103233594134,0.08781921850680405,0.07977237773447168,0.08209421932856951,0.09124244749546051,0.08144520223140717,0.085639623033224
2024-03-14,0.08241617201160856,0.110973380237,0.11255528291343914,0.11325766376072907,0.11020811366202907,0.10231228181852668,0.10564940596565321,0.0965372696518898,0.08902282267808914,0.10422040577862231
2024-03-15,0.07886658567034388,0.0802274224191,0.09648943095955616,0.09665456038503178,0.09557925627391092,0.08970567625292075,0.0885824608777771,0.09361440688371658,0.09002009779214859,0.09294941277500886
2024-03-18,0.07504896892659785,0.0662847813006,0.0886723238067459,0.08911482022888592,0.08881131326032526,0.08562447743136745,0.08209421932856951,0.08892244845628738,0.08978115022182465,0.08757439324771517
2024-03-19,0.07256852424329596,0.0586353891693,0.08085171192210983,0.07969067304252098,0.08214972647694835,0.0803217562672982,0.07745977522492341,0.08363483101129532,0.0841551274061203,0.08118051447874519
2024-03-20,0.05448697427636512,0.126541351052,0.1147413594745704,0.11204325211071241,0.11342609863537187,0.10366788052566775,0.11035905986948129,0.09328152984380722,0.08959877490997314,0.10530256505279771
2024-03-21,0.0522578663449758,0.0606728367241,0.08291964791684206,0.08330494586676573,0.08303754497693769,0.07605385700974228,0.07745977522492341,0.08690888434648514,0.0788341835141182,0.08121697697940207
2024-03-22,0.0550634280843915,0.0597829736569,0.08072931308401454,0.0811265809287208,0.08120968942617794,0.07415507157506177,0.07879728804570338,0.08249299973249435,0.06754719465970993,0.07800830535026895
2024-03-25,0.05901949460861957,0.0381538889277,0.06928466456143746,0.06948978542720008,0.07068466746116596,0.06496442246209849,0.07879728804570338,0.07570021599531174,0.06610877811908722,0.07071854601028633
2024-03-26,0.06854986582790552,0.0400914421361,0.06846315900260548,0.06853604960458237,0.07042173529109207,0.06522577765517712,0.07745977522492341,0.07168205827474594,0.06311967223882675,0.06927260389885045
2024-03-27,0.08574944459348627,0.0672748972552,0.07429204954938307,0.07409327804331613,0.07702257159748455,0.07477613116310139,0.07745977522492341,0.07256987690925598,0.06582945585250854,0.07372044833428186
2024-03-28,0.09760939441774204,0.0499145696349,0.06610690421714079,0.06631970033974559,0.06892828265849715,0.06581998235776368,0.0922371922242228,0.07014982402324677,0.06901270896196365,0.0712249421117972
2024-04-01,0.09665139013598517,0.0712705165313,0.07597428974064771,0.07639553978427747,0.07843110862371397,0.07385353056953228,0.07745977522492341,0.07252302020788193,0.07287204265594482,0.07535847240098881
2024-04-02,0.10689315332513384,0.0609287895625,0.07381485355923656,0.07400333994959458,0.07638214294011907,0.07238475015025123,0.07745977522492341,0.07276719808578491,0.07465112209320068,0.07449474028615864
2024-04-03,0.11949653245290999,0.0876712070088,0.0891904684141602,0.08906349442730647,0.09097850396328525,0.08504576126363468,0.08450762608366642,0.0783550962805748,0.08209408819675446,0.08560500551848317
2024-04-04,0.11206604464763487,0.133399128618,0.11400352037636599,0.11390707358005264,0.11361983419961198,0.1072803517407819,0.10572461576583518,0.09080415964126587,0.08786623179912567,0.10474368387186274
2024-04-05,0.11064407528850125,0.115605352014,0.11256359889607771,0.11150360702844639,0.11238950879861613,0.10839409099729763,0.10652829461049612,0.09683552384376526,0.09526723623275757,0.10621169434392241
2024-04-08,0.12358335330192659,0.0644125237025,0.09083116964607635,0.09107123835365469,0.09121094709107017,0.087129701583836,0.08209421932856951,0.09152150899171829,0.08690541982650757,0.08868060068877608
2024-04-09,0.13324067842586185,0.118893197705,0.11859016639517857,0.11890016300666063,0.11656040158465228,0.11073822943130301,0.11035905986948129,0.098788321018219,0.0913931131362915,0.10933277920596947
2024-04-10,0.13384268566769456,0.148164151335,0.1361831466827293,0.136414340673225,0.13250670148541815,0.12103873170604885,0.14578050289550468,0.10960564762353897,0.09559636563062668,0.12530363381387025
2024-04-11,0.13918631440108503,0.0958760292749,0.1109213104470489,0.11098311379657583,0.10917072468767217,0.10109607474993276,0.0987539009837094,0.10244414210319519,0.08437848091125488,0.10253539252562702
2024-04-12,0.14318252525633765,0.108541064035,0.11552981617562177,0.11606922542971498,0.11327675272388588,0.10646610540483947,0.10391623812443733,0.10221986472606659,0.09084391593933105,0.10690313121769958
2024-04-15,0.13668814438045315,0.138933949394,0.13475183027026202,0.13555597760665172,0.13190545656755115,0.12838371374591703,0.12368403820101533,0.10907697677612305,0.10390108078718185,0.12389415342210032
2024-04-16,0.12088388904100898,0.162901069151,0.14858247308767653,0.1493835918939459,0.1459335278951738,0.14058323153506735,0.14859916430579762,0.11866089701652527,0.11752398312091827,0.13846669555072924
2024-04-17,0.10923989837729293,0.150852730627,0.14367945340407312,0.14466121161511514,0.14046294280827654,0.13614820784263,0.14938942104212424,0.12258699536323547,0.11702021956443787,0.13627835023427035
2024-04-18,0.10444396967749632,0.12840187319,0.1372022444916033,0.13783454322178343,0.1334748867100351,0.1266618022322318,0.1224777285794504,0.1216793805360794,0.11663028597831726,0.12799441024992866
2024-04-19,0.0931573682469672,0.131996930619,0.1406695071351787,0.14154756436293786,0.13617663822871717,0.12972415493256342,0.12269008132628352,0.12227369844913483,0.11462970077991486,0.12967304931639007
2024-04-22,0.09061550272040392,0.101067841924,0.12445515993885285,0.12470292481940976,0.12174687774372873,0.11465108560361023,0.11494319856501116,0.11598843336105347,0.11142513155937195,0.11827325879871974
2024-04-23,0.09813487707055638,0.0786326103353,0.10743817351994109,0.10680183285379519,0.10521649869989358,0.10272259374823321,0.10616362676194367,0.10599137842655182,0.10097387433052063,0.10504399690583989
2024-04-24,0.1172057919431193,0.096740633534,0.10993201682367992,0.11054147412037849,0.1075718004228259,0.10269125366567511,0.08862130112787493,0.10175390541553497,0.09665670990943909,0.10253835164077263
2024-04-25,0.11966895423503161,0.106597270421,0.11188103740571151,0.11110807356208825,0.10962618321754632,0.10474442138194667,0.10723034086048076,0.10048647969961166,0.09644339978694916,0.10593141941633347
2024-04-26,0.12146949997054111,0.0791956562977,0.09562680592990187,0.09550929933179472,0.09507609364998107,0.0944078118126376,0.08862130112787493,0.09380139410495758,0.09309469163417816,0.093733913941618
2024-04-29,0.11662436930861897,0.0887641765806,0.09842469253528975,0.09895075729874409,0.09704705461911045,0.09474313899484928,0.08576652367586739,0.09119221568107605,0.09019209444522858,0.09375949675002364
2024-04-30,0.10776036200957506,0.115236761626,0.11258990153474667,0.11255659609733615,0.10978551255884603,0.10506883841397652,0.11071736104656668,0.09513290971517563,0.0899357944726944,0.10511241626276316
2024-05-01,0.07754520753977577,0.172894383985,0.1432053042863894,0.14394194601589178,0.13890068447740997,0.1328388340188347,0.15717488010085928,0.10956422984600067,0.10153082013130188,0.13245095698238396
2024-05-02,0.06106135874890518,0.119500137132,0.12212231279540495,0.12237133383052744,0.1178371393521726,0.11074878119356289,0.1295391726370908,0.10943175852298737,0.09822261333465576,0.11575330166662882
2024-05-03,0.05350585698266031,0.0918850153909,0.11182349173496836,0.11241337182808342,0.10728397130597941,0.10138198288454621,0.10773970409081594,0.10468071699142456,0.08438123762607574,0.10424349663741338
2024-05-06,0.052864390973864694,0.0459467029474,0.08907227346413142,0.08799512253696827,0.08528227871477082,0.07592005568087817,0.09980959901977045,0.09256936609745026,0.06805931776762009,0.0855297161830842
2024-05-07,0.05576675891699236,0.0577474826208,0.08885118874470742,0.08928994987974141,0.0861493613299376,0.08266514453437222,0.0879772699071131,0.08591263741254807,0.06448864936828613,0.08361917159667229
2024-05-08,0.05691106406924505,0.0435578462868,0.07122984186045611,0.07064040379921542,0.07117058367928172,0.0706615519209526,0.0842190975832117,0.07673826813697815,0.06337814778089523,0.07257684210871299
2024-05-09,0.06210516614511063,0.0534456207186,0.06945193533870289,0.068233193153785,0.07063021926378812,0.068927120965604,0.07921872012084673,0.07161515206098557,0.06515607237815857,0.07046177332598155
2024-05-10,0.059490423397142125,0.0641466448796,0.07149202586854965,0.0718768371762918,0.07306441780966218,0.07314245231143038,0.07997945846866765,0.0711900144815445,0.06368649750947952,0.07206167194651794
2024-05-13,0.059991778949031696,0.0420705956659,0.06214542273844737,0.06240034090070769,0.06410963527650715,0.06585210760493042,0.07997945846866765,0.06675376743078232,0.06379185616970062,0.06643322694139189
2024-05-14,0.05426839707156705,0.0700800227197,0.07490630669552985,0.07468197305562245,0.07680090801573272,0.07892867618235641,0.07997945846866765,0.06963864713907242,0.06932040303945541,0.0748937675137767
2024-05-15,0.06064479814374508,0.0504180031347,0.06760818143918114,0.06690750303729012,0.06960786658247027,0.07173672628073141,0.07927188433387827,0.06799384951591492,0.07259427756071091,0.07081718410716815
2024-05-16,0.06751060860599604,0.0771190418516,0.08096377390714436,0.08136026171057761,0.08166192768075023,0.07956828348684833,0.08181804139035256,0.07224492728710175,0.07046228647232056,0.07829707170501363
2024-05-17,0.07216815985003072,0.0502502350204,0.0688252840747371,0.06909572594508098,0.07033296008948187,0.06751161965089031,0.07925003539159044,0.06949730217456818,0.07202121615409851,0.07093344906863534
2024-05-20,0.07647173103829227,0.0454912117576,0.06734955778293761,0.06739312895532082,0.06882562391926814,0.06472328138181321,0.0801313021257214,0.06719037145376205,0.07392054796218872,0.06993340194014457
2024-05-21,0.08002190114788532,0.0405146452611,0.06279401469750168,0.062254539725525894,0.0653405604403294,0.06536344665465464,0.07854246125680106,0.06446288526058197,0.07177068293094635,0.06721837013804872
2024-05-22,0.07968479810202252,0.078775872867,0.0812113052048734,0.08145562955985278,0.08250675904813085,0.07755124737445326,0.08487369033291871,0.0700458213686943,0.07313132286071777,0.07868225367852014
2024-05-23,0.08244558551464845,0.101719222757,0.09287071882643064,0.09334324613420264,0.09358346768534798,0.08757891651662832,0.09962845326542329,0.07787617295980453,0.07666850090026855,0.08879278232687228
2024-05-24,0.0874856256745521,0.0760124412747,0.08465921028148735,0.08478242709436176,0.08538195144601586,0.08197216542330267,0.08228218107184547,0.07819546014070511,0.07714220881462097,0.08205937203890559
2024-05-28,0.09302594260666307,0.0725800393114,0.08578569233877939,0.08581776587009628,0.08555488929974223,0.07831524894900717,0.07854246125680106,0.07822109013795853,0.07646453380584717,0.0812430973797474
2024-05-29,0.09318665208598585,0.0664780532001,0.08566315097663448,0.08576283224069736,0.08535649746279732,0.08113009442545385,0.07854246125680106,0.07765086740255356,0.07513856887817383,0.08132063894901594
2024-05-30,0.09060432384808934,0.0770483619044,0.089890993304214,0.0903063403811151,0.0901978689521263,0.08207533399281222,0.08337736841970447,0.0791449025273323,0.07810715585947037,0.08472856620525353
2024-05-31,0.08562935837961798,0.112182163867,0.10534542436303394,0.10402960038311668,0.10531701486229177,0.09804939034057718,0.09995149513585573,0.08650385588407516,0.08162320405244827,0.09725999786019981
2024-06-03,0.07717135551394709,0.100300507838,0.10281259605684956,0.10325736928835123,0.10193604546934815,0.09443749163335018,0.0928413609112718,0.08883342146873474,0.08284267783164978,0.09528013752279363
2024-06-04,0.07071040185301518,0.101332712376,0.10589904064789338,0.10607083745591861,0.10477175081381496,0.09732272535134216,0.08991690063153798,0.09087099879980087,0.08432662487030029,0.09702555408151546
2024-06-05,0.07910590142429129,0.0675940988768,0.09213404222138537,0.09130352482821227,0.09160314789623593,0.0824327187578899,0.08007514926377494,0.08577708154916763,0.08229190856218338,0.08651679615412133
2024-06-06,0.08203926417958764,0.0596942789306,0.08726337176824236,0.08761868589544197,0.0867924374467905,0.07902861222175855,0.08072815219033694,0.08113700151443481,0.07926857471466064,0.08311954796452369
2024-06-07,0.07918357446828383,0.0905596790659,0.09795491097118011,0.09803814879648702,0.09740619731027911,0.08787978400380649,0.08473997008265095,0.08374231308698654,0.08088551461696625,0.09009240555262234
2024-06-10,0.08136745803397284,0.056350220491,0.07980723359256625,0.07882077058461921,0.08043374388587618,0.07182018778813047,0.0754328365243346,0.07813131809234619,0.0661744624376297,0.07580293612935751
2024-06-11,0.07763258148705458,0.0741015026107,0.08443220233824575,0.08437971921889184,0.08553768957963175,0.0790893866560348,0.07672642205333714,0.07727310806512833,0.07163366675376892,0.07986745638071979
2024-06-12,0.0772204366355395,0.104201131244,0.10013750659640765,0.1007392745839437,0.09997077455401439,0.09481798278588005,0.09897425775847872,0.08431961387395859,0.07439642399549484,0.093336547735454
2024-06-13,0.07679517941395757,0.0769863174333,0.09037572481921961,0.09048046366467838,0.08943521590403058,0.07793287955780076,0.07754790422555341,0.08304976671934128,0.06397712230682373,0.0818284395996354
2024-06-14,0.08099049322776009,0.0768052307122,0.08903389578657933,0.08893057437877488,0.0883414364653087,0.0782448690314459,0.0784197762151379,0.08211733400821686,0.0632128119468689,0.08118581397604749
2024-06-17,0.07918709654570555,0.0702030708451,0.08752130507864575,0.0867175708180392,0.08680605785124887,0.07694415315023367,0.07457669137422346,0.0806826651096344,0.06751517951488495,0.0801090889852729
2024-06-18,0.08231867526789198,0.0502175775635,0.0771324396447667,0.07727035228241982,0.07753194667482767,0.07631078432997636,0.07294926631872332,0.07552287727594376,0.0664602667093277,0.07473970474799792
2024-06-20,0.075739487955467,0.102658493958,0.09858292396946944,0.09895665590784801,0.09809240777366054,0.09230329825882594,0.09556527109238781,0.08340508490800858,0.07407945394515991,0.0915692994079086
2024-06-21,0.08107450721285656,0.0748292176032,0.08680743108426085,0.08713809474030876,0.08717355116458526,0.0821114626592134,0.07790436757108093,0.08198898285627365,0.07943321764469147,0.08322244396005919
2024-06-24,0.08300007127139646,0.0959627298748,0.09718042482200215,0.09748680893350337,0.09656281155559185,0.0901435074920283,0.08012206509268129,0.08603283017873764,0.0821710005402565,0.08995706408782873
2024-06-25,0.08240768419641854,0.0590267099405,0.08091889431985452,0.08068306864476302,0.08136102470394233,0.07747482119188243,0.07294926631872332,0.0803624615073204,0.07843625545501709,0.0788836845916433
2024-06-26,0.07801833370555233,0.07106789211,0.08786584969448874,0.08766216855004283,0.08752190191328989,0.08285397075290776,0.07339874585647967,0.08024074882268906,0.07809025794267654,0.08251909193322493
2024-06-27,0.07453780551950777,0.0730704801634,0.08600623182437614,0.0857092290212879,0.08603849954334566,0.0785141512277361,0.07672642205333714,0.08001739531755447,0.07719926536083221,0.08145874204978136
2024-06-28,0.06247672717085903,0.0989062193564,0.09883496038301273,0.09938192256210476,0.09779604424224966,0.08926598533296988,0.08012206509268129,0.08562937378883362,0.08086483925580978,0.09027074152252311
2024-07-01,0.04707887679605378,0.103867829867,0.10152891476977816,0.10199616265287179,0.10028137439036836,0.09094208269016053,0.09984612974806321,0.08971680700778961,0.08633759617805481,0.09580700963386948
2024-07-02,0.045367825295413965,0.0547195157526,0.08084451143638907,0.07979372894419058,0.08015456360136479,0.0719702086281393,0.07896770722059065,0.08173216879367828,0.08576159179210663,0.07988921148806562
2024-07-03,0.061708421750006626,0.0391128519392,0.0716306225588535,0.07115803436817006,0.07178405376105533,0.06392110317180383,0.07778976170284686,0.07369260489940643,0.0714968740940094,0.07163900779373507
2024-07-05,0.06745187788645866,0.0518113439187,0.07505247760395925,0.07519080937707187,0.07561864028703484,0.06850828759038287,0.07778976170284686,0.0717800185084343,0.071871317923069,0.07368733042754272
2024-07-08,0.07671185387509116,0.038983652458,0.06441888011537683,0.0646650969626408,0.06667267724681486,0.06204281698525587,0.07778976170284686,0.06717141717672348,0.06720706820487976,0.06713824548493406
2024-07-09,0.08038297016246415,0.0485172350124,0.06336387256318064,0.06363759765886634,0.06682947857615444,0.06476441202958223,0.07896770722059065,0.06581506878137589,0.06681540608406067,0.06717050613054441
2024-07-10,0.08564172159742803,0.0469395362405,0.06202947402798316,0.06052985766520506,0.06577587257393502,0.06531033147250528,0.07778976170284686,0.06488453596830368,0.0672973245382309,0.06623102256414429
2024-07-11,0.09757098355958461,0.101381773022,0.09020772846363048,0.0907671557678394,0.09203811304633756,0.088694354052761,0.0970330534706842,0.07645067572593689,0.07421521842479706,0.08705804270742666
2024-07-12,0.10531189169091974,0.0799596644336,0.08354041877963378,0.08388784740176268,0.0851424095187143,0.0817261389856236,0.08391304089576129,0.07873466610908508,0.06824083626270294,0.08074076542189766
2024-07-15,0.10877408962246189,0.0905234148256,0.09257138102555454,0.09308810904800717,0.09251883178462901,0.08333270010859477,0.08391304089576129,0.08312544971704483,0.07465586066246033,0.08617219617743599
2024-07-16,0.11016517881772483,0.0723704976435,0.08730613199611226,0.08677051831688895,0.08753657424769193,0.07848865367864619,0.07842567238721446,0.08152748644351959,0.07446467131376266,0.08207424405483373
2024-07-17,0.11251566997419518,0.0810477204654,0.09399354533591428,0.09446227522686759,0.09343783765021582,0.08434416547300938,0.08797071821017975,0.08317948877811432,0.07781566679477692,0.08788624249558259
2024-07-18,0.11499956921921896,0.145623575269,0.12458007168921455,0.12541267132863693,0.12286159617772972,0.11025560971895387,0.1252924603813049,0.09927777200937271,0.08811050653457642,0.11368438397711274
2024-07-19,0.12130785856234315,0.119356761141,0.11721329289385543,0.11787842078517005,0.1155781915440382,0.1050425906726876,0.10459693690369395,0.10219123214483261,0.09401358664035797,0.10807346451209084
2024-07-22,0.12043117067634945,0.109089545054,0.11454194684740954,0.11488196290443267,0.11308314542463122,0.10515606594413131,0.10143499475155766,0.10149170458316803,0.09535348415374756,0.10656332922986829
2024-07-23,0.12681596922540414,0.0822210993779,0.1043746047870714,0.1049191624300772,0.10234760411413239,0.09642536493300576,0.09601234174232186,0.09489762037992477,0.08961059153079987,0.09836961284533331
2024-07-24,0.13065358967275906,0.0958424739958,0.11131110965400366,0.11186211873800685,0.10873892349933527,0.10397740764251492,0.0973157553059629,0.0949806347489357,0.09382835030555725,0.10314489998490237
2024-07-25,0.12960630437343737,0.155022096259,0.1365110384836079,0.13740013994260297,0.1352509922630253,0.13019665849405418,0.13970286896199452,0.10890131443738937,0.1118532121181488,0.12854517495726042
2024-07-26,0.1382726810524937,0.147307550967,0.13569060954644224,0.13656584580752143,0.13408743105357554,0.12947546819654696,0.1434892047855695,0.11490432173013687,0.11929962038993835,0.13050178592996156
2024-07-29,0.19148512917260788,0.104119548825,0.11731799103784128,0.11782046494718174,0.11492782810305124,0.10977559576229762,0.13031304637949806,0.10760436952114105,0.11538587510585785,0.11616359583669555
2024-07-30,0.20319288044143183,0.121051332431,0.1277589195831282,0.12854262196028413,0.12444510077027014,0.11512265467781928,0.11831674835564131,0.10869190841913223,0.11109250783920288,0.11913863737221117
2024-07-31,0.2136378164580262,0.118853405675,0.12890721793467255,0.12895135125227405,0.12577393382234273,0.11688116868530256,0.1159347898679787,0.10927704721689224,0.11078201234340668,0.1195010744461242
2024-08-01,0.21521491113165186,0.150562340986,0.1415135721464267,0.1424440911921117,0.13691880349540173,0.12687331954573589,0.14102077602673954,0.11699051409959793,0.1101214587688446,0.1308403621821226
2024-08-02,0.20858211532394838,0.182502645275,0.1576654336668313,0.15830101336101496,0.15315819693811622,0.14607276859891122,0.14445492004391472,0.1295548379421234,0.10999239981174469,0.14274279576609378
2024-08-05,0.16762435318901467,0.313969715564,0.2305791440869575,0.2265471511470518,0.2228423028147602,0.21181999384327882,0.22974207313423692,0.1741388738155365,0.14504146575927734,0.20581585780015701
2024-08-06,0.14729422484124846,0.194312595893,0.18750485876926376,0.18788712486562237,0.1938456445808106,0.2009881908049212,0.3139852216941402,0.16991262137889862,0.203091099858284,0.2081735374217058
2024-08-07,0.12993794525501415,0.189459710321,0.19162902203532378,0.19290502312508606,0.18505010291231472,0.19050748190410477,0.2261151455377296,0.1682562232017517,0.2176615595817566,0.19601779404258104
2024-08-08,0.11187379781693162,0.161402370755,0.18079006772864215,0.17826830849338657,0.17531981759789822,0.17586183456040663,0.19516793726003706,0.160600945353508,0.22030547261238098,0.18375919765803708
2024-08-09,0.09725058281859995,0.138753089445,0.1672538702879938,0.16752255837864913,0.1581671486716949,0.1500965575259363,0.157238310139775,0.14998750388622284,0.1993841975927353,0.1642357352118582
2024-08-12,0.07907175890709002,0.146745040927,0.15564653473091133,0.1567481656380253,0.14757335306827926,0.1424920698949634,0.1679910652879226,0.15665674209594727,0.18264535069465637,0.15853618305867223
2024-08-13,0.07880702245088728,0.0758004575866,0.11546909021390533,0.1147539172029649,0.11097494752706726,0.10978640025552752,0.11949917283091034,0.13264524936676025,0.15951314568519592,0.12323456044033308
2024-08-14,0.07678988350019611,0.108795158727,0.12163537897698731,0.12246963159990316,0.11623654299730676,0.11738087055676313,0.12148085340372804,0.124412901699543,0.141361266374588,0.12356820651554565
2024-08-15,0.08794426163189416,0.0648853634491,0.09464996940145873,0.09432626339226455,0.09060876633419963,0.09157270026353223,0.08611010426897471,0.10758035629987717,0.12135288119316101,0.09802872016478115
2024-08-16,0.10572624044329283,0.0629449436677,0.0869214327659837,0.08678164280597461,0.08358484187058962,0.08433471428137092,0.08493501870793786,0.09632814675569534,0.11606582999229431,0.09127880388283519
2024-08-19,0.10597323087638241,0.0742121487844,0.08506930064329249,0.08471721073130863,0.08305087407088399,0.0843891640749671,0.08223079219176394,0.09106381237506866,0.10904642939567566,0.08850965478328006
2024-08-20,0.10475235852853572,0.0744091931478,0.08512561195683083,0.085547402224659,0.0829577442766489,0.08372120298623309,0.08295151393815922,0.08860189467668533,0.0998883843421936,0.08697053634305858
2024-08-21,0.10619105457208197,0.101326618736,0.09557085134411968,0.09625866961496396,0.09377960163095418,0.09627618050064068,0.09520643712986405,0.09289686381816864,0.0942101925611496,0.09488554237140868
2024-08-22,0.10452494596155662,0.115748197048,0.10612435195352839,0.10687846603603764,0.1033099152210043,0.10495722899936559,0.10474312251462767,0.09952644258737564,0.09671834111213684,0.10317969548915372
2024-08-23,0.09263305577425895,0.145537932357,0.12590311021202494,0.12643493861780342,0.12158034687916147,0.12175147544767659,0.1272254854113349,0.11127717047929764,0.10585293918848038,0.12000363803368276
2024-08-26,0.10079448258119851,0.0759531549557,0.09751296719714404,0.0980641117738312,0.09314122641227289,0.09009159073271991,0.08724164148483705,0.10323922336101532,0.10035121440887451,0.0956631393386707
2024-08-27,0.10756659556469383,0.0651949599238,0.09241183199425484,0.09216742092721851,0.08872182988088881,0.08692946380684766,0.08493501870793786,0.09641172736883163,0.09977273643016815,0.09162143273087821
2024-08-28,0.1115753811180589,0.108556441235,0.11096996959671326,0.11164787315203553,0.10631337045365244,0.10231755159603506,0.10474312251462767,0.10178101807832718,0.09149836003780365,0.10418160934702783
2024-08-29,0.12167016736739739,0.107899334593,0.11000723040682231,0.11077866343096025,0.10642083426690115,0.10562140887173871,0.10474312251462767,0.10430315136909485,0.09599576890468597,0.10541002568069013
2024-08-30,0.12233610710221349,0.0972542195683,0.10122280378520246,0.10132154350579413,0.09819777068354056,0.09622879411358247,0.0903600080026486,0.10234405100345612,0.09508615732192993,0.09782301834516491
2024-09-03,0.12141913665615915,0.116885008583,0.11316800872765864,0.1138555134334002,0.10833145233250373,0.0999121490293621,0.1089436592482634,0.10610585659742355,0.09178866446018219,0.1060150434041134
2024-09-04,0.12689492421517518,0.106327826143,0.11276451254938882,0.11330572763303853,0.11083999397206301,0.10985660398531252,0.12071826767866012,0.10668198019266129,0.10538151860237122,0.1113640863733565
2024-09-05,0.12474264364653176,0.127188705808,0.12351801726426069,0.12402921601442633,0.12181893062710772,0.12151384084302629,0.12770618337104703,0.1113341823220253,0.11356508731842041,0.12049792253718769
2024-09-06,0.10988850224400118,0.153019888196,0.13842580230501186,0.1392246817448451,0.13534045383344537,0.13560245639911422,0.14935494494133325,0.1202697679400444,0.12410299479961395,0.13461730028048688
2024-09-09,0.10696142878091265,0.101345205079,0.11766734544712538,0.11801324033828814,0.11741382568281,0.11593117682106474,0.12996069817192138,0.11429328471422195,0.12894362211227417,0.12031759904110083
2024-09-10,0.10430086988301147,0.112002336843,0.12173179525731406,0.12250716169452011,0.12014666515789593,0.12030127558052817,0.12584455331960462,0.1131930723786354,0.12557995319366455,0.12132921094030899
2024-09-11,0.11642952138182382,0.134551781254,0.13324235899721748,0.1322106229971316,0.13034640492106628,0.1285766852480211,0.12175534379231223,0.12204896658658981,0.12693223357200623,0.12787323087347782
2024-09-12,0.11257234692740277,0.116055993584,0.12462776683877241,0.12457571136230075,0.12113650481831334,0.11946728267747099,0.12008328312593979,0.11802280694246292,0.10850869119167328,0.11948886385099049
2024-09-13,0.11227115581456143,0.0773877580177,0.1017906832663584,0.10190569652440182,0.09952445942475088,0.10098722217888967,0.09997814260036138,0.10135064274072647,0.12036038935184479,0.10369960515533336
2024-09-16,0.10936529355752679,0.084244716152,0.10314825853048327,0.10323397440346573,0.10084274224631862,0.10190260324748485,0.09185667792557056,0.09723712503910065,0.12241552770137787,0.10294812987054307
2024-09-17,0.10418675443943194,0.0986617682585,0.10786759825785036,0.10857616991995656,0.10594898744568802,0.1072574443132924,0.08987650202746646,0.10114584118127823,0.12687072157859802,0.10679189496059001
2024-09-18,0.0711441030162507,0.177454196323,0.14419125849290373,0.14423248518794188,0.14012487545468905,0.13695485345494446,0.14060443551053622,0.13088785111904144,0.13959065079689026,0.13951234428813528
2024-09-19,0.06504714469136867,0.0951445892549,0.10812056089896332,0.10811954595151636,0.1059550170664597,0.10796043763432009,0.1039043416849578,0.11353375762701035,0.12500117719173431,0.11037069115070884
2024-09-20,0.062222391530646355,0.0751682164679,0.09963096393739493,0.0999967318349014,0.09622756762338322,0.09754344181370665,0.09127103835180563,0.09960799664258957,0.10444343090057373,0.0983887387291936
2024-09-23,0.06719865346380931,0.0622651365892,0.09237947271811177,0.0922348543687335,0.08951813762986424,0.09160377627638083,0.0831452015705708,0.09021300077438354,0.09052599966526031,0.08994577757190071
2024-09-24,0.08365320944682572,0.0648437070531,0.09051203977782285,0.09055771823399203,0.08832718640594353,0.09086726363730888,0.0831452015705708,0.08782415837049484,0.08687973022460938,0.08830189974582034
2024-09-25,0.09412860836177325,0.0502295705697,0.07321177935805176,0.07339480623571906,0.07384305555612694,0.07987704918264965,0.07860172348317215,0.07976017147302628,0.08678831160068512,0.07792527098420443
2024-09-26,0.10491964655691675,0.0700052216414,0.07917220478036537,0.0796337020246704,0.08028820936816138,0.08627499635753583,0.08046329581836287,0.08322874456644058,0.08934035152196884,0.08262878634821504
2024-09-27,0.113076522807276,0.0620704087585,0.07471006960520654,0.07504995900809389,0.07648127364005272,0.08363101893661745,0.07987523666201517,0.08216113597154617,0.09172911942005157,0.08051968760622621
2024-09-30,0.11202623769605123,0.0842443608335,0.08593078174834522,0.08561962353741698,0.08774101595252737,0.09395499425351322,0.08507385397510091,0.08938456326723099,0.09896774590015411,0.0895246540906127
2024-10-01,0.09986457069061885,0.128901933505,0.11017045467189127,0.11067498973382466,0.10999643759169811,0.11243065285449796,0.10477645753701591,0.10794427245855331,0.11037025600671768,0.10948050297917127
2024-10-02,0.09135005138246836,0.108787347915,0.10705845257516157,0.10667637513502082,0.10767449450156769,0.11130231162369295,0.11236904121120724,0.10924559086561203,0.11764384806156158,0.11028144485340341
2024-10-03,0.0780865863588999,0.125061655453,0.11873764695366779,0.11943374335674564,0.11776521407456066,0.11889684416900713,0.11448246973181152,0.11526786535978317,0.12417678534984589,0.11839436699934598
2024-10-04,0.06509512426200668,0.112887441845,0.11823513143650366,0.11885974698725307,0.11718833886842066,0.11822799077158876,0.12365893288664774,0.11403820663690567,0.1281125545501709,0.11976012887678435
2024-10-07,0.06041864376437534,0.0769090498121,0.1027451308929577,0.1033742981942442,0.10108024055306228,0.10267110502080265,0.1065090647943114,0.10071340948343277,0.10898619890213013,0.10372563540584874
2024-10-08,0.06349621454879222,0.0610817582907,0.09026750234021613,0.08973156769984189,0.09322966611970512,0.09947863497962886,0.11855303210335683,0.08852599561214447,0.11218737065792084,0.09885339564468773
2024-10-09,0.06299170004149952,0.0607798001663,0.08591112249814101,0.08538872210847367,0.08864835928760985,0.09520157353510919,0.1007650803365736,0.08331142365932465,0.10778242349624634,0.09242981498878262
2024-10-10,0.06558711501264994,0.0663613823892,0.0829768999414011,0.08312445328389015,0.08657103366708148,0.09387306378073595,0.09283403450621824,0.08302310109138489,0.1054048091173172,0.08968677076971843
2024-10-11,0.064717800431592,0.0586760231587,0.07507358750136808,0.07376024913659156,0.08019511680425782,0.08913462407097333,0.09249552592765356,0.07909420877695084,0.10793882608413696,0.0853845911859903
2024-10-14,0.06660992675334759,0.0545911027658,0.07149559862168733,0.0710477194708222,0.07708247921986743,0.08644442466305732,0.09249552592765356,0.0760653093457222,0.1055946946144104,0.08288939312331721
2024-10-15,0.062255811033211754,0.0750850513376,0.08123383594262376,0.08174054329178744,0.08617902081537282,0.09417627609272139,0.09391548671698542,0.08061453700065613,0.11183683574199677,0.0899566479431634
2024-10-16,0.06889085380869372,0.05809568976,0.07401460464322684,0.07351860318493464,0.07983884947140128,0.08902927702877067,0.09283403450621824,0.07848211377859116,0.11197029054164886,0.08566968187925596
2024-10-17,0.06951863403654426,0.077925669586,0.08329378361278837,0.08380592076335298,0.08808838031201557,0.09540228682232088,0.09555971098846344,0.08279455453157425,0.1138034462928772,0.09182115476048468
2024-10-18,0.07737515599349555,0.0536329738017,0.07302487925881046,0.07288436824909791,0.0781266680028093,0.08588437074517309,0.09377639875503585,0.07807373255491257,0.11348274350166321,0.08503616586678606
2024-10-21,0.07690341358540237,0.0649817801241,0.0787083183992076,0.0790533842299503,0.0830220125429511,0.08934799934460998,0.08523466278511291,0.07876170426607132,0.1122378557920456,0.08662370533713555
2024-10-22,0.08082795606209729,0.0532192001157,0.07192121260488105,0.07178438862892986,0.0773706257062311,0.08525905851415375,0.09343789017647117,0.07554147392511368,0.1080569177865982,0.08333879533462554
2024-10-23,0.07799214133530076,0.0878972572049,0.08889226690032823,0.08948307667806768,0.09322603597975403,0.09873927038135177,0.09647292241988467,0.08346669375896454,0.10366924852132797,0.09342135923423985
2024-10-24,0.08707239248859865,0.0806651329851,0.086117153199506,0.0862509888287766,0.09158767046099128,0.09837731121342297,0.09876248821939596,0.08516129106283188,0.10337679088115692,0.09280481340944023
2024-10-25,0.09052828263493133,0.0929885332305,0.09466730272023544,0.09517769878294116,0.09872050301211395,0.10369849159497496,0.09876248821939596,0.08972911536693573,0.10545895248651505,0.09803065031187318
2024-10-28,0.09482632964684572,0.062118701117,0.08165646290365308,0.08190937957079025,0.08680779331610994,0.0938072382485304,0.09283403450621824,0.0835476741194725,0.10851502418518066,0.08986822954999359
2024-10-29,0.09540564320008252,0.0769896133345,0.08991339822761232,0.08962529751282194,0.09406236655361064,0.09955775926843888,0.09572880035300035,0.08499739319086075,0.10661453008651733,0.0943570778846946
2024-10-30,0.09804488532490295,0.0739865255881,0.08744168716133588,0.08757339862815976,0.09190463918965634,0.09786879145410143,0.09502694033033994,0.0844607874751091,0.10975176095962524,0.09343257217118968
2024-10-31,0.08680757238960074,0.118325824728,0.10918222440765951,0.10962890473023945,0.1126961386246354,0.11566167314628285,0.11822445778036295,0.0962030440568924,0.11004883050918579,0.11023503903646548
2024-11-01,0.07509497480569348,0.108239130762,0.10638016963893933,0.10683608009465814,0.11198307652339441,0.11637663857054746,0.13352317056132268,0.0988067090511322,0.11393064260482788,0.11254806957783173
2024-11-04,0.06804724233445099,0.0885553342028,0.10068001678933355,0.10050938704043563,0.10526797362677397,0.10927657229983195,0.1183543832865437,0.09481442719697952,0.11520043015480042,0.10630045577067125
2024-11-05,0.06551549269304947,0.0804886349869,0.09771820464202924,0.09686070744541811,0.10247931837992799,0.10675995721327092,0.11894644253900255,0.09045932441949844,0.1150808334350586,0.10404354115345797
2024-11-06,0.06261468429518094,0.0895925213863,0.10286101071051962,0.10334622167451055,0.105545421214128,0.10797845858957474,0.10109681714284148,0.09122224897146225,0.1125483512878418,0.10351407565583978
2024-11-07,0.07382584780141208,0.0601230091283,0.08544855588096531,0.08475708300505502,0.08635836764186769,0.08846943139398158,0.08402466997925015,0.08272828906774521,0.11012375354766846,0.08884430721664763
2024-11-08,0.0805397866177323,0.0472674572253,0.07447499054515502,0.07402026286367733,0.07627638526016045,0.07956567488502148,0.08164787418257143,0.06627172231674194,0.08116362243890762,0.07620293321317646
2024-11-11,0.0841504622741271,0.052895245127,0.07363031153913527,0.07376321374998074,0.07594447947625786,0.07961300072276012,0.08164787418257143,0.06435321271419525,0.0672905445098877,0.07374894812782691
2024-11-12,0.0842286011101332,0.0691930872955,0.07934475652048936,0.07978639275188132,0.08176392343762207,0.08511425419808184,0.08049956885789625,0.07044146955013275,0.06547398865222931,0.07748919342404756
2024-11-13,0.09141018682036577,0.0785392540148,0.08217831995969707,0.08262599348230748,0.08461211006799865,0.08786185774860011,0.08468683665395187,0.07631991058588028,0.06364485621452332,0.08027569781613697
2024-11-14,0.10178126313751826,0.106127573221,0.09766994366859591,0.09828275671821551,0.0983414040515122,0.09872394402184499,0.09617414957498328,0.0901544839143753,0.06689855456352234,0.0923207480732928
2024-11-15,0.10283647036485223,0.0861174757916,0.09281990749202365,0.0932554843696432,0.09282366821550445,0.09321176491114241,0.08578977020098764,0.08846929669380188,0.06901074945926666,0.08791152019176714
2024-11-18,0.1037019714774851,0.0759679032201,0.09069165853405853,0.09023264702062034,0.0914716602400672,0.09303502259082572,0.08301798661677123,0.083822101354599,0.07519973069429398,0.08678154386446228
2024-11-19,0.10223853609545636,0.0696668360814,0.08809610615000224,0.0873280833440942,0.08862834773198659,0.09025621735810942,0.0826610111815418,0.07964345812797546,0.07796905934810638,0.0849403261774023
2024-11-20,0.09286122112520044,0.111692611524,0.10838295628124674,0.10886495968471269,0.1077147274403656,0.10679105250435876,0.10125615456411818,0.0954178124666214,0.08576403558254242,0.10202738550342369
2024-11-21,0.06817610854034303,0.145880355615,0.12593255376383083,0.12667470674189368,0.12435052514272982,0.12169860007107305,0.1146349601655935,0.1161392480134964,0.09638349711894989,0.11797344157393817
2024-11-22,0.057499701397075824,0.0921726108607,0.10423339638466378,0.10439268448536337,0.10276045603362112,0.10214074094702899,0.09087834537984224,0.10220728814601898,0.08937613666057587,0.09942700686244489
2024-11-25,0.04817200627962305,0.0816389525639,0.1003795473207987,0.10095770968332701,0.09798261425303588,0.0966682725448319,0.08977541183280646,0.09173836559057236,0.07982948422431946,0.0939044864928131
2024-11-26,0.044264501596751264,0.0578495023549,0.08953529564392719,0.08961086550898578,0.0873633187777342,0.08681630391246493,0.08271976091179123,0.07869520783424377,0.07356235384941101,0.08404330091979403
2024-11-27,0.04224573662584895,0.0576860476948,0.08463051620882313,0.08490914338255165,0.08326729206715155,0.08365964219292643,0.08160736429649483,0.07326924800872803,0.07366794347763062,0.0807158785191866
2024-11-29,0.043798990755168715,0.0374827305379,0.06661411503953996,0.06609430494832264,0.06786985645587967,0.07190739154748305,0.07725645687324821,0.06178881227970123,0.07296407222747803,0.06921357276737897
2024-12-02,0.04511709509419314,0.0422724451399,0.06417845406404289,0.06433541467934996,0.06636589613927821,0.0711558248301795,0.07902266927322535,0.05905692279338837,0.07122067362070084,0.06790512220002358
2024-12-03,0.046881596502634876,0.0416719476024,0.060485048643867195,0.06061202512077401,0.06369958839790249,0.0692294158736487,0.07725645687324821,0.05760814994573593,0.06706593930721283,0.06513666059462705
2024-12-04,0.04634543780514647,0.0392502800721,0.05794064107626276,0.05769144524925871,0.06160439870104717,0.06721839937438846,0.07725645687324821,0.05614839494228363,0.06319034844636917,0.06300715495183687
2024-12-05,0.04724910332155584,0.0495425161442,0.06154263200681413,0.06182990990586998,0.06524041727082454,0.07024533905813135,0.07725645687324821,0.059394143521785736,0.06274969130754471,0.0654655128491741
2024-12-06,0.052428054092404336,0.0455324250302,0.06066892020828858,0.060857953771130624,0.06436065555533717,0.0692335898476528,0.07902266927322535,0.05950169265270233,0.06328179687261581,0.06527532545442181
2024-12-09,0.051416081901335994,0.0487130681742,0.06263863679861825,0.06291980952557064,0.0660966463529031,0.07020657979863662,0.07725645687324821,0.06055989861488342,0.05741967260837555,0.0652996715103194
2024-12-10,0.05323563084932732,0.0504798011235,0.0638781037007427,0.06403419394175416,0.06779363033582345,0.07266647995201682,0.05051417991649568,0.06357955932617188,0.061342425644397736,0.06340122468820034
2024-12-11,0.11280883371771214,0.0359257854377,0.0575530013490337,0.057271720860428824,0.061799513347185045,0.0674971039156448,0.0684131241069079,0.059858471155166626,0.0579809844493866,0.06148198845482193
2024-12-12,0.13098018583306603,0.0536409517308,0.06527858605137463,0.06545535159384144,0.06880409842837043,0.07291116330712707,0.06378762674468975,0.06291072070598602,0.05979382246732712,0.06556305275695949
2024-12-13,0.1489339391433556,0.0682225562792,0.07336202510883694,0.07371100512465067,0.07642379261681227,0.07951840993062326,0.07250977490271036,0.06849183887243271,0.06689751893281937,0.07298776649841222
2024-12-16,0.15364482571057972,0.0429828584646,0.06242292554583219,0.06216605396099969,0.06598710659356408,0.07028147738006137,0.06810089783935769,0.06372317671775818,0.06436246633529663,0.06529201491040997
2024-12-17,0.1536219160350778,0.0591633745713,0.06999998629698818,0.0697865924729433,0.07368960090261044,0.07734520068353937,0.06689683785529385,0.06569790840148926,0.06578904390335083,0.0698864529308879
2024-12-18,0.12226956854537997,0.225276862823,0.15567083103864998,0.15538938720634776,0.15315975262547044,0.14453312786947894,0.10874846150809052,0.12740162014961243,0.1042322963476181,0.13559078239218117
2024-12-19,0.11663690457165472,0.15819997561,0.13697775867244377,0.1379058059899769,0.13802139552681814,0.13457809455974115,0.14138193927535364,0.13379962742328644,0.13204696774482727,0.13638736988463535
2024-12-20,0.10317942115406159,0.172574224393,0.15207835414253656,0.1495832566145371,0.1505870941764945,0.14415044410384498,0.13843182563228884,0.14236193895339966,0.13508830964565277,0.14461160332410777
2024-12-23,0.11329206156637989,0.0947343512998,0.12437329363620675,0.12478036797197159,0.12000126357830487,0.11413340814734296,0.09679875725669522,0.11724439263343811,0.09449036419391632,0.11311740677398226
2024-12-24,0.13972426019054648,0.0588651678325,0.1095881181021685,0.10879421297533542,0.10494629181100222,0.09964268969632381,0.0913005215093136,0.09273228049278259,0.07282567024230957,0.09711854068989081
2024-12-26,0.14092983267346687,0.0866050602064,0.1087647740769314,0.10902684047670073,0.10479164551104875,0.0994498723304818,0.08505649313738134,0.08908124268054962,0.0668192207813263,0.09471286985634571
2024-12-27,0.13224428026158536,0.13527317865,0.12685480185112893,0.12768633878103253,0.12287976652595746,0.11634629075664654,0.1052780425264103,0.1058809757232666,0.07999996095895767,0.11213231101762858
2024-12-30,0.13657120267362813,0.122437698986,0.11694325412071502,0.11759833827573893,0.11506831101887546,0.11202628501051767,0.10325031006234794,0.1075565367937088,0.08633968234062195,0.10839753108893226
2024-12-31,0.1384240026457097,0.141138544124,0.1287096416419943,0.12955164696966048,0.12654251854893467,0.12281229811070485,0.12432018431217097,0.11614130437374115,0.10003365576267242,0.12115874995998269
2025-01-02,0.1306275662751544,0.192104128907,0.1615032757118645,0.1627460681197453,0.15537963970409052,0.146128729982142,0.13696050014524744,0.14251624047756195,0.11987103521823883,0.14644364133698434
2025-01-03,0.13617943589041076,0.0958758609413,0.12225144846471367,0.12227571459502276,0.1178609530042366,0.11410254319135484,0.10577368618481386,0.1188773363828659,0.10350541770458221,0.11494958564679855
2025-01-06,0.14458476873025516,0.0802215213315,0.11077437319645103,0.11110428539160683,0.10632182100689029,0.10376141250980592,0.09950714530824065,0.10038900375366211,0.08730457723140717,0.10273751691400913
2025-01-07,0.13525355103794445,0.144245307799,0.13914602861531786,0.14003049180810687,0.13307410182791296,0.12710522755349943,0.12157880471536162,0.11769884824752808,0.09041596949100494,0.12414992460839025
2025-01-08,0.12473469886113525,0.149892108469,0.14210342086901434,0.14276594483264538,0.13688525466377607,0.13204160988114497,0.1393065134320524,0.12881462275981903,0.10819566249847412,0.13287328984813232
2025-01-10,0.10546266636348624,0.162529317834,0.14452130896693743,0.14553849805849808,0.1391534989158109,0.1346788688486225,0.135816879062175,0.13731758296489716,0.1180170476436615,0.13643481206580038
2025-01-13,0.09573521747861072,0.128835434386,0.13347650507541167,0.13259556374353337,0.12912886709336036,0.12709897184291397,0.1216259995528295,0.1245306059718132,0.10667506605386734,0.12501879704767563
2025-01-14,0.07655210186518724,0.135037311257,0.14079534994068757,0.1416407036436376,0.13487065724685282,0.13141549714363787,0.12527582261772602,0.1253819763660431,0.10632578283548355,0.12938654139915265
2025-01-15,0.0691606054649425,0.0880371933896,0.11633797611260391,0.11640316912978357,0.11204306071344178,0.11256515891278464,0.10900912500465613,0.11279036849737167,0.10464271903038025,0.11197022534300313
2025-01-16,0.060165169861523655,0.0937750198041,0.11359864748607897,0.11404093878855186,0.10793746563555409,0.10798255279828964,0.10297924548962835,0.10779791325330734,0.10577722638845444,0.10858771283426638
2025-01-17,0.07671614035995238,0.065068607164,0.09306205424453123,0.092968610156941,0.0898742743580655,0.09384322884090035,0.08634090441972928,0.0971788763999939,0.10458546876907349,0.0939790595984621
2025-01-21,0.07912247538097979,0.0825400417946,0.0960297310872617,0.09636934369802248,0.09327498223820578,0.09752405558668567,0.09353816620378552,0.09650425612926483,0.10525445640087128,0.09692785590629961
2025-01-22,0.09666679569431358,0.041352600922,0.07072376847957124,0.07087886972991118,0.06995387467563181,0.07796013714731076,0.07976778433728403,0.08511965721845627,0.10390248894691467,0.07975808293358286
2025-01-23,0.11238389866468279,0.0486350970124,0.07049042343486513,0.06911047267146071,0.07071289202393444,0.07840328223775402,0.0797358182308203,0.08150018751621246,0.10297264158725739,0.07898938824318635
2025-01-24,0.12231016641487139,0.0545623122696,0.06959124706681524,0.06991230440503904,0.07065152951336182,0.07840875919794443,0.0811869923403752,0.08097986876964569,0.099100761115551,0.07854735177267605
2025-01-27,0.13409762178151294,0.124745806641,0.10388674715728258,0.10376772043358662,0.10277407432196849,0.10521731978840519,0.10437041482593075,0.09881021827459335,0.10079024732112885,0.10280239173184226
2025-01-28,0.13223343431019258,0.0932086803516,0.09187553058007178,0.09054734506811103,0.09322301875059372,0.09911476253895947,0.08834626561986048,0.09953311085700989,0.10471083223819733,0.09533583795040053
2025-01-29,0.12312223433175541,0.130883742306,0.11527152690015793,0.11574016027899714,0.11285063069365447,0.11386329663319288,0.10819216922137975,0.1106138750910759,0.09955909103155136,0.1108701071214299
2025-01-30,0.11176343960123565,0.13709022251,0.12566612043026387,0.12644646892034075,0.12147571334918117,0.12042203698781921,0.11866617268840521,0.11878900974988937,0.11921010166406631,0.12152508911285229
2025-01-31,0.12263163843149619,0.12093480296,0.12499599075989248,0.1254323953251679,0.11919771583751196,0.11676515324181778,0.11762616213970577,0.11939028650522232,0.11627935618162155,0.11995529428441996
2025-02-03,0.09660842700918852,0.175138496824,0.1517145975041594,0.1474361817182061,0.14447631334016994,0.13873175108136002,0.13482227942741312,0.13377594947814941,0.1156219020485878,0.13808271065686367
2025-02-04,0.09307246862176433,0.0787743803717,0.11089664585826357,0.11065666926427695,0.10688326247536001,0.10720814207441605,0.10578916098891206,0.11515533179044724,0.11934278160333633,0.1108474277221446
2025-02-05,0.0970513776823222,0.0741456080079,0.10410983811931071,0.10390551805933795,0.10044859994205348,0.10102090160598393,0.1086752695783965,0.10331269353628159,0.12391253560781479,0.1064836223498827
2025-02-06,0.09735745118455283,0.0738487530769,0.09835684452029161,0.09880973739627417,0.09541848329229291,0.09691181394456462,0.08793415231987536,0.09664466977119446,0.12133757025003433,0.09934475307064679
2025-02-07,0.06705968031367442,0.165416106022,0.13985613918196385,0.14041169192632733,0.13402414999430995,0.12967206999895614,0.13535039983686137,0.11785059422254562,0.11656665056943893,0.1305330993900576
2025-02-10,0.07080851855623668,0.0463340068812,0.07950437568743209,0.0792127419054405,0.07897579441442035,0.08415380078231571,0.082279699238274,0.09528841823339462,0.10922323167324066,0.086948294562074
2025-02-11,0.07104636964846181,0.0534030358101,0.08030319929101343,0.07985094958310993,0.07987534619347351,0.08436086271041664,0.08100523095264413,0.08593941479921341,0.10097169131040573,0.08461524212003954
2025-02-12,0.06666657295448712,0.0963327496769,0.10002160290471618,0.09954214953730395,0.09866003104050988,0.10008153049505006,0.0892679989632629,0.09972020983695984,0.08745681494474411,0.09639290538893527
2025-02-13,0.06994738432932711,0.0758363717921,0.09184166952738262,0.09139512529469547,0.09111004726782748,0.09354381683738214,0.08666064778698317,0.09729278087615967,0.09273922443389893,0.09208333028918991
2025-02-14,0.08529937626922116,0.0495492204234,0.07086098791844353,0.07106987021307692,0.07248439671395143,0.07800033616077294,0.07935253599667723,0.09186292439699173,0.08846497535705566,0.07887086096528136
2025-02-18,0.10412630666179268,0.0687827600163,0.08080486373637569,0.08061967643834031,0.08148784556344202,0.08511397020777905,0.08142433325887777,0.0892232358455658,0.09078167378902435,0.08420794269134357
2025-02-19,0.11294531879493656,0.05495985748,0.07531230501107876,0.07454058309085407,0.0764146911572636,0.08072209629989238,0.07935253599667723,0.0866248607635498,0.08570612967014313,0.07981045742706556
2025-02-20,0.13230833884116425,0.0791468584761,0.08372327059543963,0.08414920592272558,0.08475902094165813,0.08826743496627687,0.08535789846118189,0.08611392974853516,0.08530198037624359,0.08538182014458014
2025-02-21,0.15336975248411613,0.0893989843996,0.08913858129946785,0.08917174701955655,0.08981312405174788,0.09260373539919842,0.08535789846118189,0.08670208603143692,0.08767186105251312,0.08863700475930038
2025-02-24,0.16775549719985408,0.119882694045,0.10781412527677409,0.10846707602564215,0.108380745752111,0.11014808634084494,0.10400488341934278,0.09023372828960419,0.09760516881942749,0.10380768770339237
2025-02-25,0.1800002575968977,0.150208484484,0.1273735818754308,0.12819391900511795,0.1264681732683811,0.12578706001547496,0.12000819744833983,0.09688644111156464,0.10555490851402283,0.11861032589119029
2025-02-26,0.19662157036212075,0.112215740552,0.11672389974874647,0.11723041139137871,0.1155092759600813,0.11590515907003686,0.11222262562557282,0.10053084790706635,0.10254043340682983,0.11152323615853033
2025-02-27,0.20417570434803062,0.173229566335,0.15012738226319994,0.15103953443175394,0.14590744014601711,0.14105353287530673,0.13560741253313477,0.10888302326202393,0.10618884861469269,0.134115310589447
2025-02-28,0.21532749633209597,0.195130983348,0.16837617127906285,0.16741898044746284,0.1633463606559612,0.15620165828869909,0.13812744291057857,0.11872941255569458,0.11314371228218079,0.14647767691709143
2025-03-03,0.21746190161312395,0.193571665412,0.17418028692588072,0.1749251630819077,0.16529834804297938,0.15555179545368497,0.13758683781064687,0.12765921652317047,0.11680364608764648,0.15028647056084524
2025-03-04,0.23049113900785342,0.209412316452,0.18584752898897525,0.18701866870732098,0.17887365681251785,0.16879574724442803,0.14227900601991836,0.13667766749858856,0.1233622282743454,0.16040778622087062
2025-03-05,0.22411067796210515,0.209504459168,0.19438700834197598,0.19421797872809868,0.1860944797128724,0.1742528451272302,0.14550635675082157,0.14540542662143707,0.12742573022842407,0.16675568935869428
2025-03-06,0.2186033157345826,0.212477914675,0.19903856117876162,0.20020561145926793,0.1883847340457585,0.1751216986028273,0.14866425988355356,0.15293502807617188,0.1395678073167801,0.17198824293758871
2025-03-07,0.1967095547237242,0.247925720359,0.21805797101079544,0.2184341952333943,0.2090724109652013,0.1943624367813865,0.16738884825611797,0.16245019435882568,0.14834177494049072,0.18830111879231598
2025-03-10,0.18256129250061026,0.205155379001,0.20126926410836854,0.20242143733899848,0.18996130454351173,0.17716178446997455,0.14705492757032887,0.166986882686615,0.14550694823265076,0.17576607842149256
2025-03-11,0.1487575862829104,0.270251643513,0.23316866203150327,0.23404356333736473,0.22460790798939273,0.20868934521448407,0.2578126229565,0.17651541531085968,0.1475953608751297,0.21177612538789056
2025-03-12,0.14323425331745562,0.171432997082,0.18908729187621393,0.1901305575629006,0.18291057312994263,0.17304229107326866,0.24608632795790816,0.17599883675575256,0.14767363667488098,0.1864185021472668
2025-03-13,0.13384549881559504,0.181537689178,0.19028753964204004,0.191397852765524,0.18104230186552192,0.17161677446424975,0.181685269906807,0.1757749319076538,0.16388027369976044,0.17938356346450815
2025-03-14,0.13308402156704016,0.126504383967,0.15682779931172683,0.15587239464579564,0.15215100029470674,0.14889430552544675,0.1713708907610971,0.14877361059188843,0.13957422971725464,0.15335203297827374
2025-03-17,0.1261650721307282,0.123525756555,0.1483171906085877,0.14866153805336801,0.14140978755838307,0.13974137983753152,0.14160733855802587,0.13602590560913086,0.12599346041679382,0.14025094294883156
2025-03-18,0.11514087084366668,0.130525555382,0.13876369022328372,0.13965700952111287,0.13327561047047015,0.13460801403959446,0.13020753379289038,0.13079312443733215,0.11618196219205856,0.13192670638239176
2025-03-19,0.1044635200925315,0.146032296846,0.14279401254433993,0.14131445003958965,0.13867928937516538,0.14068785468980516,0.14671257254605477,0.13479715585708618,0.11951237171888351,0.13778538668156065
2025-03-20,0.10270616963071465,0.141240092541,0.1371105456949535,0.1377814714703618,0.1317131048107954,0.1346209026533975,0.12898556346956447,0.135509192943573,0.11513394862413406,0.13155067566668283
2025-03-21,0.10304121483432234,0.122421629539,0.1288119829483575,0.12804663220301207,0.12337360430788749,0.12754489659844137,0.1271522908533272,0.13152343034744263,0.09861648827791214,0.1235813322194829
2025-03-24,0.1284468467770681,0.0793092408166,0.10697972679643847,0.1068981812044438,0.10253596527178173,0.10978286203561309,0.11449358773979064,0.11717446893453598,0.0916408896446228,0.10707224023246094
2025-03-25,0.1429822072666059,0.0611219614554,0.09332591789957004,0.09347704752472344,0.08905139372418483,0.09800417370824863,0.10461885403954378,0.10648543387651443,0.08638715744018555,0.09590713974471012
2025-03-26,0.154670394425242,0.0979870714915,0.10443207126985739,0.10510154695435978,0.10017291873578268,0.10803139054145486,0.09761879994913535,0.11298540979623795,0.089002825319767,0.10247785179522785
2025-03-27,0.16204435714332027,0.134641802541,0.11910880714499816,0.11969604444964109,0.1158073355346735,0.12266236594817717,0.1122775598806961,0.12701329588890076,0.10067909955978394,0.11674921548669581
2025-03-28,0.2527291588070354,0.123821358217,0.11471567418942157,0.11531926531479195,0.11177743242375751,0.11933701213627015,0.11606143584333245,0.12985631823539734,0.10961753129959106,0.11666923849179457
2025-03-31,0.5142807588160604,0.188932416861,0.15145332502823178,0.14935133461425942,0.14820948014989743,0.15091928596701815,0.15129461358880986,0.14881691336631775,0.1307896375656128,0.14726208432573532
2025-04-01,0.5493306140948826,0.153174703889,0.14481280192026286,0.14475745860745737,0.14007293128026085,0.14204924549956738,0.1612827372258977,0.14979010820388794,0.13402777910232544,0.14525615169137993
2025-04-02,0.6318427418091233,0.164306307742,0.15536014467102338,0.15416705876073736,0.1488717886777746,0.14839671527570475,0.15332164800866133,0.15353599190711975,0.12910912930965424,0.14896606808723936
2025-04-03,0.6723652448464593,0.172643067753,0.16225210956781538,0.16334606106206606,0.15453908932951715,0.15238744690157136,0.15332164800866133,0.15755024552345276,0.13069230318069458,0.15344127193911122
2025-04-04,0.655334706316402,0.450998890129,0.30648594494333914,0.30881875709781464,0.2969662600650945,0.27473452689179106,0.30466481391314776,0.2389853596687317,0.19031980633735657,0.2744250669881822
2025-04-07,0.480492317697932,1.01919517955,0.6147413970710034,0.6081966295631789,0.5985489840854968,0.525951393887911,0.36173231250487536,0.4629402458667755,0.3579563796520233,0.5042953346616093
2025-04-08,0.4410307202464073,0.458104369526,0.40817788350225814,0.4104870740346761,0.3998268879220961,0.3467101212640956,0.36173231250487536,0.4373393952846527,0.37004584074020386,0.3906170736075511
2025-04-09,0.3169879174387579,0.71714865735,0.563896396136278,0.5352599497533413,0.5468977397928405,0.4657824245831286,0.42999358484333366,0.5304995775222778,0.4134482145309448,0.4979682695945921
2025-04-10,0.21897521610786916,0.542267912886,0.5234658674921605,0.5250692225154483,0.4649409243344217,0.39392129277088817,0.36173231250487536,0.5723398923873901,0.3354393541812897,0.4538441237409248
2025-04-11,0.1836807232836781,0.300570745456,0.4094762029609839,0.40722206329090815,0.3765099648806137,0.3186054152741802,0.33564911953870585,0.5560832023620605,0.2964436709880829,0.3857128056136479
2025-04-14,0.17580084689185976,0.214021644575,0.2908082877771024,0.2923487029947761,0.27385516677830823,0.24262536440056542,0.3394571983451476,0.49637889862060547,0.2972258925437927,0.3189570730657568
2025-04-15,0.18456779983489188,0.167438817335,0.24714135547850705,0.24838301945809715,0.2265147177760949,0.20352879441293797,0.22895692673803067,0.5426743626594543,0.2184823751449585,0.27366879309544007
2025-04-16,0.1683546424848983,0.210162829121,0.2288744570051315,0.2302161867781904,0.21478850676966016,0.2019412925712714,0.21348128531378066,0.5485131740570068,0.17880067229270935,0.2595165106839643
2025-04-17,0.16253198042428474,0.177196265995,0.18596019196634817,0.1859949334310626,0.18205254888363887,0.1820120218842723,0.23658974304315572,0.5196556448936462,0.16912904381752014,0.23734201827423482
2025-04-21,0.16322520537760263,0.138870757205,0.1558820279255236,0.1568445649716581,0.1527353541616253,0.1583937972603247,0.1939827813161507,0.5021148324012756,0.1569264531135559,0.210982830164302
2025-04-22,0.1550138415353651,0.177881737836,0.17136682397497544,0.17106339480453142,0.17329054252190812,0.17895619856442335,0.3156362472840889,0.524198591709137,0.16443920135498047,0.24270728574486353
2025-04-23,0.14759251959380895,0.209361965004,0.18919641046959235,0.19053913441489445,0.18612592884824397,0.18828729956472157,0.21978656655285614,0.5008092522621155,0.15978950262069702,0.23350487067616013
2025-04-24,0.1528568238423583,0.124733633378,0.14321837513503033,0.14146734166539132,0.1398969021868662,0.14864493699846876,0.1983005221185397,0.17304156720638275,0.14901337027549744,0.1562261450837395
2025-04-25,0.14663654000990886,0.147530714615,0.15159999828852527,0.1521439890665695,0.14576289249207738,0.1530860117356983,0.2167254881423341,0.17168521881103516,0.145393967628479,0.16234250945210268
2025-04-28,0.13699147155919275,0.142878277762,0.14971265056986832,0.15057269196653783,0.14200048953876745,0.1485068505658213,0.17437590365614233,0.17163130640983582,0.13994422554969788,0.15382058832238155
2025-04-29,0.14017113634829903,0.136293909037,0.14350404710975254,0.1433221613960662,0.13684922276519892,0.1449565372411497,0.1539600287113424,0.16932247579097748,0.1366404891014099,0.1469364231594139
2025-04-30,0.14687019963517936,0.180565047151,0.16199149232946292,0.16086185618950577,0.1543070659728914,0.1598608243695745,0.17547372281044776,0.17938829958438873,0.13837364315986633,0.16146527205944822
2025-05-01,0.14373746808164944,0.153188651902,0.15136151770375145,0.15243559586255723,0.14447201801908188,0.15139015956711077,0.16697998506092074,0.17657870054244995,0.1435389667749405,0.1552509919329732
2025-05-02,0.1418906912824305,0.111582449826,0.1292361523505917,0.12961222159053543,0.12246331701685917,0.13208925821208561,0.16088717320837545,0.16394926607608795,0.1406707763671875,0.1398440235459604
2025-05-05,0.14509187991335448,0.0820740173607,0.11090353106690413,0.11107984592015568,0.10369977777341105,0.11487032944490191,0.1324279870086272,0.150941401720047,0.13488703966140747,0.1226871303707792
2025-05-06,0.13332090166708144,0.151599639072,0.1445366373537475,0.14515827322267283,0.13720931853757717,0.14442203126021516,0.15332612680725713,0.16437369585037231,0.13263767957687378,0.14595196608695943
2025-05-07,0.10495678830205733,0.205470865651,0.1716627138517142,0.17245284009913006,0.1650672627436729,0.16861372209939368,0.19210486483562045,0.18351797759532928,0.13396751880645752,0.16962670000447402
2025-05-08,0.09415967582090032,0.137531029297,0.13907082525361525,0.1394404710076596,0.1344757712877977,0.13987682337055607,0.14877183407386754,0.1707582175731659,0.1287691742181778,0.14302330239783426
2025-05-09,0.0884904995032868,0.0990615254256,0.12029023054261695,0.12096903392108391,0.11612084259527905,0.12270048363968859,0.15348184419830305,0.1542709916830063,0.11278493702411652,0.12865976622915634
2025-05-12,0.08215578635351109,0.106440457753,0.1257933667114188,0.12571976935499696,0.12215086495553443,0.12608825658167966,0.1309761982818091,0.14935384690761566,0.10927913337945938,0.12705163373893055
2025-05-13,0.08353802593903066,0.0812188191824,0.10887880151784729,0.10853690024784932,0.10416741054170242,0.10734779991881827,0.11190293845967852,0.13857042789459229,0.10105125606060028,0.11149364780586977
2025-05-14,0.10300504112028537,0.0917910648053,0.10748807960297059,0.10849558996209782,0.10327598523768233,0.10758941604601549,0.1024922172845653,0.14232774078845978,0.11748433113098145,0.11273619429325324
2025-05-15,0.1064696530170204,0.0903624353352,0.10375217497459918,0.10219518906887894,0.10134172425640461,0.10700258622415844,0.10017555246197551,0.13534007966518402,0.10976625978946686,0.10851050949152394
2025-05-16,0.11335506103078627,0.0680867503841,0.09129531911535689,0.08915803217205266,0.08960065088406227,0.0961524250204702,0.09271868379443468,0.1279461532831192,0.10506781190633774,0.09884843945369051
2025-05-19,0.1112294238421478,0.0769713887868,0.09340991421562542,0.08974843365910484,0.09227637342503443,0.09826008412640852,0.09279479543250513,0.12267085909843445,0.10392166674137115,0.0990117323854977
2025-05-20,0.11143267722910727,0.0879865860317,0.09876973032020542,0.09954130483629405,0.09829610412519875,0.10437645486295968,0.09836020222843002,0.1196177750825882,0.10907042026519775,0.10400457024583912
2025-05-21,0.10325840632260136,0.163042274181,0.13811677342873085,0.1411086202340196,0.13422824395863037,0.13351104626370638,0.12436341748873044,0.1248743087053299,0.11909866333007812,0.13075729620131796
2025-05-22,0.10692074959007611,0.108600701225,0.11363086882540882,0.1143266449517714,0.11383741386544363,0.11957210821624996,0.11343719323741148,0.12491081655025482,0.12483887374401093,0.11779341705579302
2025-05-23,0.10440427680625425,0.110470447707,0.11681976130891225,0.11648086598021136,0.11600420999606365,0.12002446524181588,0.11967280563050878,0.12589897215366364,0.12440881133079529,0.11990141309171011
2025-05-27,0.10431327633318435,0.0594783071934,0.09182576834468961,0.08736642385205243,0.09478530756217571,0.10419505048214527,0.11788902097385208,0.12207797169685364,0.12033647298812866,0.10549657369998533
2025-05-28,0.10017014461911572,0.0892632256446,0.1056898341740273,0.10750839973951186,0.10401568549254583,0.10702578625658313,0.10017555246197551,0.12160900235176086,0.11216296255588531,0.10831246043318425
2025-05-29,0.10191597183480712,0.133446872497,0.12454311573856305,0.12711912585387367,0.12314708830346416,0.12465576472821827,0.1137585362887428,0.1241878867149353,0.11779305338859558,0.1221720815737704
2025-05-30,0.09344830032695212,0.125071393171,0.1215885841243542,0.12199892817998151,0.11974322243585442,0.12094989053039833,0.1137585362887428,0.12572485208511353,0.11902470886707306,0.12039838893021683
2025-06-02,0.08542557747994674,0.0976972437133,0.10786902036652576,0.10691976069265845,0.10738062236737694,0.11078315911271303,0.10088616145924725,0.1243094950914383,0.12001731991767883,0.1111665055725198
2025-06-03,0.08639238154555796,0.0586745434256,0.08939737370809481,0.08744535542978665,0.08958959420152776,0.09479829460804051,0.09159446728020357,0.11987809836864471,0.11164871603250504,0.09776455708982901
2025-06-04,0.09396431504173818,0.0610893994137,0.08874142484238741,0.08956907867617328,0.08891185043843033,0.0934875096978459,0.09159446728020357,0.11611706018447876,0.10697828233242035,0.09648566763599138
2025-06-05,0.07740914571952894,0.13990033949,0.1260548210778733,0.12869391214056347,0.1241464731648212,0.12359363023417082,0.11750837305860175,0.11968994140625,0.11738927662372589,0.12243948967228664
2025-06-06,0.08197662004153565,0.085857154533,0.09834150756472135,0.09953611167496626,0.09934812019165969,0.1040237925728806,0.09612296162763058,0.11728575825691223,0.11725728213787079,0.10455936200380592
2025-06-09,0.08377125167988074,0.0486772400419,0.07772855092252089,0.07747929497138892,0.07958206090081824,0.08537664534469572,0.08105846912829678,0.11138632893562317,0.10705424845218658,0.08852365695079004
2025-06-10,0.08630103692152302,0.0653702803487,0.08577169331557441,0.08549210876331181,0.08775167495351485,0.0930695802456838,0.08249045706262788,0.10845260322093964,0.09933282434940338,0.09176584884443653
2025-06-11,0.08795783041595921,0.102762635629,0.10572439635724565,0.10754588064433056,0.10556561259189992,0.10700526590877757,0.09768604485411984,0.1099395751953125,0.10176879167556763,0.10503365246103623
2025-06-12,0.09512822112140772,0.0733929266906,0.08797811563609062,0.08509255135763441,0.09043926433027984,0.09593656502869638,0.08593558051685204,0.10741433501243591,0.10418864339590073,0.09385500789684141
2025-06-13,0.09660450771861777,0.104935232151,0.10362947927939332,0.1036161631477195,0.10515970946803152,0.10858485615249996,0.10445086971385083,0.1113755851984024,0.14707452058792114,0.11198445479254553
2025-06-16,0.09533659882442545,0.0621027823129,0.08452260121835364,0.08355716998012647,0.08936531477606505,0.0980168783237871,0.09071603774773973,0.11032187938690186,0.14608274400234222,0.10036894649075943
2025-06-17,0.09124654407584673,0.0801530123043,0.0937802096050796,0.09436954390683178,0.09596615815477019,0.10096298567415787,0.09797355369815397,0.11026205122470856,0.14290185272693634,0.10517376499866261
2025-06-18,0.07990039890122622,0.109561462523,0.10791360354346208,0.10933283320129367,0.1116540852179124,0.11776489216159552,0.11552538980145588,0.11116969585418701,0.1313479244709015,0.114958346321544
2025-06-20,0.07130736292142707,0.109318407871,0.11004999772932539,0.11230920722842361,0.11207885577307106,0.11641930521446037,0.10814389187981814,0.11210259795188904,0.133277028799057,0.11491155493943495
2025-06-23,0.05876457485754111,0.111474953401,0.11149163492967781,0.10766028840836342,0.11359488609247714,0.11773221540501588,0.1101035519337246,0.11306659877300262,0.12189238518476486,0.11364879438957519
2025-06-24,0.06424668498275589,0.0513803113094,0.08275570619963635,0.08216916151660537,0.08559603009884285,0.09220345766522284,0.09184531626846264,0.11183832585811615,0.11595036834478378,0.09462262370738143
2025-06-25,0.0628956766391703,0.0510766975569,0.08073807388587988,0.08084312117549454,0.0826610548411225,0.08791527101166462,0.0841302163864753,0.11057621240615845,0.11065644025802612,0.09107434142354591
2025-07-07,0.05873368835557712,0.0770004765197,0.090719476636363,0.09216465864467194,0.0923742672730977,0.09518836469653699,0.08574321153083571,0.10854516923427582,0.12859532237052917,0.0990472100551872
2025-07-08,0.05862937607659744,0.0710597572164,0.08565087559481535,0.08544147876785946,0.08972334545957417,0.09673430363416383,0.09078300788181307,0.10690194368362427,0.13713696599006653,0.0989102744302738
2025-07-09,0.07839736606288744,0.056200696375,0.07532653179366522,0.07560664138049314,0.08017346758526298,0.08858081011143897,0.0817536770317352,0.10484257340431213,0.14313998818397522,0.09277481278441184
2025-07-10,0.07934543817909746,0.0418091946725,0.06790093560586605,0.06703555010406713,0.0726652179517745,0.08084138013224348,0.0817536770317352,0.10288362205028534,0.14468875527381897,0.08825273402139866
2025-07-11,0.07734832283337154,0.0599488038506,0.07674071836244127,0.07633066307572542,0.08088809170465223,0.0875479536300493,0.08143249593963994,0.10213491320610046,0.1429533064365387,0.09257544890787818
2025-07-14,0.07473684460269042,0.0608141063263,0.07608865899401694,0.07558831459429476,0.08116531925964524,0.08882887617783002,0.08143249593963994,0.10141270607709885,0.14467903971672058,0.09274220153703519
2025-07-15,0.0745222752276304,0.0706277357139,0.08063688048906831,0.08213130562448998,0.08627027999457687,0.09477570533727692,0.0850007108165449,0.10108549147844315,0.1427343785762787,0.09609067890238268
2025-07-16,0.0535578470571943,0.129237125492,0.1124056749447809,0.11479406589313476,0.11531619820779784,0.11896572498940022,0.1070085700194906,0.1031789481639862,0.15039801597595215,0.11743817117064895
2025-07-17,0.05329574014589211,0.0499576473659,0.07595884422335172,0.07465635296636663,0.08040372188301678,0.08813147558892614,0.08236999703722715,0.10254811495542526,0.15282148122787476,0.09384142684031263
2025-07-18,0.051174315008839115,0.0450464372578,0.07269799583082268,0.07297470924794683,0.07707572471656302,0.08449941430424007,0.08143249593963994,0.1019049733877182,0.15403106808662415,0.09208805450193643
2025-07-21,0.05082307153759371,0.0413826051432,0.06979997854492509,0.06960567565502981,0.07456751385730809,0.08242556223112242,0.08143249593963994,0.1010933369398117,0.15188077092170715,0.09011504772707775
2025-07-22,0.0471408706462425,0.0694848535419,0.08277578737337354,0.08347774414812444,0.08703010835040748,0.09339352062288737,0.08406320971895768,0.10113967210054398,0.1506723165512085,0.09750747983792898
2025-07-23,0.05731706491731906,0.0572416106243,0.07262287722887614,0.07137708042348942,0.07877882661592596,0.08735000116160492,0.08143249593963994,0.1000913754105568,0.14656534790992737,0.09117400067000293
2025-07-24,0.07200979522137632,0.0485358755131,0.0682358559059963,0.06804414704751323,0.07365519948670081,0.07633040821321432,0.07436952992517311,0.07824862003326416,0.07900112867355347,0.0739835556122022
2025-07-25,0.08753112160362338,0.0303488797858,0.058785331480726837,0.05798252219103748,0.06505572944368741,0.06858807040400292,0.07436952992517311,0.074896901845932,0.07522135972976685,0.06784277786004665
2025-07-28,0.0897090888538342,0.0391585294399,0.06268207111768172,0.06302381359236295,0.06843356075897664,0.0695320607080413,0.07396222077910058,0.0731222853064537,0.07546737045049667,0.0694604832447305
2025-07-29,0.09286412522965669,0.0549957297942,0.06907282586720734,0.06957161028326694,0.07489292243708763,0.07753540572827289,0.07535365373435934,0.07285597175359726,0.07760967314243317,0.07384172327803208
2025-07-30,0.09092819035760473,0.0926904699208,0.08865368878844698,0.09021494818176605,0.0934304318189913,0.0934701370394793,0.0838903902150791,0.0762539654970169,0.08498026430606842,0.08727054654954973
2025-07-31,0.08930068107740545,0.108887807386,0.0998487563329852,0.10205959251304612,0.10303279688902198,0.10220991545333774,0.09162449890531663,0.08139351010322571,0.08470550179481506,0.09498208171310692
2025-08-01,0.07788509623672092,0.115336411038,0.10805399904900395,0.10936254513489288,0.10987611436215707,0.10841922888678489,0.0955593297637346,0.08734303712844849,0.0856408029794693,0.10060786532921304
2025-08-04,0.07936188894103365,0.058851570046,0.08314817342255387,0.08169681617561551,0.08897080030246748,0.09495745718690275,0.09704822087922098,0.08765392005443573,0.08795084059238434,0.08877517551622582
2025-08-05,0.07745299521934372,0.0768417591809,0.09285735658522555,0.09433068328772085,0.09493603435053789,0.09717137253457801,0.07233091023024855,0.08966413140296936,0.08458869159221649,0.08941131142621382
2025-08-06,0.07301641586258147,0.0825377092565,0.09487916600931366,0.09451864269377376,0.0977657335828485,0.09982810476600348,0.09271852952859862,0.09128619730472565,0.08485551923513412,0.09369312758862826
2025-08-07,0.06345802902850986,0.101931024684,0.10347919200234779,0.10463798352905285,0.10475994926056935,0.10287032204218516,0.09167250280787624,0.09385979175567627,0.09190405905246735,0.09902625720716786
2025-08-08,0.06475343776871341,0.0613177836003,0.08138736729105657,0.07958915973213394,0.08488174860857384,0.0867142982502535,0.08281924548633075,0.09149882197380066,0.08909337222576141,0.08514057336684437
2025-08-11,0.061872148545869005,0.0680045094043,0.08508982854597447,0.085477263134792,0.08691266866122575,0.08542539265747649,0.08302956899488104,0.0904446467757225,0.08823901414871216,0.08637405470268349
2025-08-12,0.06426713866179573,0.0663923279816,0.0837145977500437,0.08448535499516388,0.0864314613619805,0.08592062767495964,0.07989432821507228,0.08926048874855042,0.0887785255908966,0.08549791204809529
2025-08-13,0.07564692655520276,0.0589459585906,0.07881904183911656,0.07927646748393029,0.08112350517750225,0.07804641035254281,0.07643796365393074,0.0872921496629715,0.08127747476100922,0.08032471613300049
2025-08-14,0.08297252947474122,0.0621896784602,0.07786534588447463,0.07742796152138429,0.08066352195154221,0.08017506943221675,0.07886734696475867,0.08536075800657272,0.08447536826133728,0.08069076743175521
2025-08-15,0.0983168717117525,0.0677517664645,0.08072094337778198,0.08186841538090808,0.08354637857826831,0.081334487329774,0.07982549971895242,0.08437120914459229,0.083225779235363,0.08212753039509144
2025-08-18,0.09719981895143656,0.0529186981452,0.07293933104783712,0.07315193906185836,0.07665447286258051,0.07466910841246475,0.07742208746311698,0.08237460255622864,0.08423440158367157,0.07734942042682255
2025-08-19,0.09430355433840004,0.0769314821467,0.08475165728773967,0.08479041840236741,0.08765953409410936,0.0854205820116119,0.08232941006783394,0.08309223502874374,0.08728764951229095,0.085047355200671
2025-08-20,0.08355085959212877,0.106937308558,0.10169579217048508,0.10338194687286559,0.10313311901268565,0.10025052115387621,0.09564528373226118,0.08704184740781784,0.09481241554021835,0.09799441798431571
2025-08-21,0.07512302516660319,0.0983741422221,0.10000789955062961,0.10044644405846005,0.10142060222360812,0.09942313613423581,0.08621519649291065,0.09001561999320984,0.09555137157440186,0.09615432428963655
2025-08-22,0.05555301781893488,0.136011525018,0.12157846329342106,0.10669394291014811,0.12126336121916356,0.1200748371897851,0.10654608868735292,0.0993654727935791,0.11353206634521484,0.11272203320552353
2025-08-25,0.06430684711225056,0.0413325092199,0.07703386116951018,0.07770312215587359,0.07671617001329362,0.07190386601496127,0.08114581865116087,0.09678240120410919,0.0943833589553833,0.08223837116632744
2025-08-26,0.06732161481296633,0.0560823566603,0.08263464090342335,0.08180315033663141,0.08275606410575315,0.07968234234814502,0.07946291354934475,0.09564819931983948,0.09156761318445206,0.08479356053536989
2025-08-27,0.0689870141740296,0.0432841408622,0.07282523707915678,0.07230389592448308,0.07437187947790444,0.07109554467895951,0.0777867737789724,0.09259781241416931,0.08773615956306458,0.07838818613095858
2025-08-28,0.08022155181412138,0.054690819302,0.07543213692775029,0.0756365152493988,0.0777995169268628,0.07736928802511872,0.07778515422060236,0.0903455913066864,0.08989843726158142,0.08060951998828583
2025-08-29,0.07679577087065616,0.0755809455541,0.08137192178499941,0.0822643667514115,0.08420014657044347,0.08195127424280713,0.08137495344614014,0.08909058570861816,0.09211309999227524,0.08462376407095643
2025-09-02,0.07107967156160529,0.0833938864789,0.08751231626448872,0.08523811209084199,0.0899775905988877,0.08811193532939333,0.08619558563002566,0.0894758403301239,0.09686531871557236,0.08905381413704767
