date,persistence__both,persistence__long_only,har__both,har__long_only,shar__both,shar__long_only,har_rv_iv__both,har_rv_iv__long_only,har_x_lasso__both,har_x_lasso__long_only,hgb__both,hgb__long_only,lstm__both,lstm__long_only,lstm_x__both,lstm_x__long_only,combination__both,combination__long_only,always_short__both,always_long__both,always_long__long_only
2024-03-15,0.0,0.0,0.0,0.0,0.0,0.0,0.0,0.0,0.0,0.0,0.0,0.0,0.0,0.0,0.0,0.0,0.0,0.0,-6.954362997235027e-05,-6.954362997235027e-05,-6.954362997235027e-05
2024-03-18,0.0,0.0,0.0,0.0,0.0,0.0,0.0,0.0,0.0,0.0,0.0,0.0,0.0,0.0,0.0,0.0,0.0,0.0,0.0005274821450451887,-0.0011918216225249956,-0.0011918216225249956
2024-03-19,0.0,0.0,0.0,0.0,0.0,0.0,0.0,0.0,0.0,0.0,-6.871228726675697e-05,-6.871228726675697e-05,0.0,0.0,0.0,0.0,0.0,0.0,0.0006599507084650394,-0.0014231784229895602,-0.0014231784229895602
2024-03-20,-0.00011036275583311739,-0.00011036275583311739,-0.00011036275583311739,-0.00011036275583311739,-0.00011036275583311739,-0.00011036275583311739,-0.00011036275583311739,-0.00011036275583311739,-0.00011036275583311739,-0.00011036275583311739,-0.0009684669647936838,-0.0009684669647936838,-0.00011036275583311739,-0.00011036275583311739,0.0,0.0,-0.00011036275583311739,-0.00011036275583311739,0.0014522513114471449,-0.002867200804891156,-0.002867200804891156
2024-03-21,-0.0009594727725565041,-0.0009594727725565041,-0.001061759101687398,-0.001061759101687398,-0.001061759101687398,-0.001061759101687398,-0.001061759101687398,-0.001061759101687398,-0.0009594727725565041,-0.0009594727725565041,-0.0015057495871052577,-0.0015057495871052577,-0.001061759101687398,-0.001061759101687398,0.0,0.0,-0.001061759101687398,-0.001061759101687398,0.0007267684008617488,-0.0015820785717980766,-0.0015820785717980766
2024-03-22,-0.0011194225121452007,-0.0011194225121452007,-0.0027166728191201288,-0.0027166728191201288,-0.0027166728191201288,-0.0027166728191201288,-0.0027166728191201288,-0.0027166728191201288,-0.0011194225121452007,-0.0011194225121452007,-0.0033400390521406234,-0.0033400390521406234,-0.0027166728191201288,-0.0027166728191201288,0.0,0.0,-0.0027166728191201288,-0.0027166728191201288,0.003154089941911262,-0.003903999233206106,-0.003903999233206106
2024-03-25,-0.0029647016288175507,-0.0029647016288175507,-0.008682313505839721,-0.008682313505839721,-0.008682313505839721,-0.008682313505839721,-0.008682313505839721,-0.008682313505839721,-0.0029647016288175507,-0.0029647016288175507,-0.012050841633499312,-0.012050841633499312,-0.008682313505839721,-0.008682313505839721,0.0,0.0,-0.008682313505839721,-0.008682313505839721,0.01832883074610319,-0.019267838724050915,-0.019267838724050915
2024-03-26,-0.0015124586724355044,-0.0015124586724355044,-0.004590720094629426,-0.004590720094629426,-0.004590720094629426,-0.004590720094629426,-0.004590720094629426,-0.004590720094629426,-0.0015124586724355044,-0.0015124586724355044,-0.007706516593567743,-0.007706516593567743,-0.004590720094629426,-0.004590720094629426,0.0,0.0,-0.004590720094629426,-0.004590720094629426,0.009377441458080425,-0.010354195700893753,-0.010354195700893753
2024-03-27,-0.0003172390442758743,-0.0003172390442758743,-0.0007000218661307824,-0.0007000218661307824,-0.0007000218661307824,-0.0007000218661307824,-0.0007000218661307824,-0.0007000218661307824,-0.0003172390442758743,-0.0003172390442758743,-0.0015022047063259982,-0.0015022047063259982,-0.0005920147728072218,-0.0005920147728072218,-0.00010800709332356064,-0.00010800709332356064,-0.0007000218661307824,-0.0007000218661307824,-0.0018404929178186893,-0.0019007994086647512,-0.0019007994086647512
2024-03-28,0.0014612504541994902,0.0014612504541994902,0.0028679912844516557,0.0028679912844516557,0.0028679912844516557,0.0028679912844516557,0.0028679912844516557,0.0028679912844516557,0.0014612504541994902,0.0014612504541994902,0.0071603942872746126,0.0071603942872746126,0.0024892409891971367,0.0024892409891971367,0.00028201232975786093,0.00028201232975786093,0.0028679912844516557,0.0028679912844516557,-0.012736467000106862,0.01188930444499011,0.01188930444499011
2024-04-01,-0.004976614681791289,-0.004976614681791289,-0.010283262642622356,-0.010283262642622356,-0.010283262642622356,-0.010283262642622356,-0.010283262642622356,-0.010283262642622356,-0.004976614681791289,-0.004976614681791289,-0.020792349800988853,-0.020792349800988853,-0.008080524908301754,-0.008080524908301754,-0.004509644131443288,-0.004509644131443288,-0.010283262642622356,-0.010283262642622356,0.026280093065463438,-0.027517261861289593,-0.027517261861289593
2024-04-02,0.0034582025284105597,0.0034582025284105597,0.007241849378406183,0.007241849378406183,0.007241849378406183,0.007241849378406183,0.007241849378406183,0.007241849378406183,0.0034582025284105597,0.0034582025284105597,0.01434458454939174,0.01434458454939174,0.005281183257107681,0.005281183257107681,0.003901196074747989,0.003901196074747989,0.007241849378406183,0.007241849378406183,-0.017951781144415462,0.014083121339159514,0.014083121339159514
2024-04-03,-0.00234098807322193,-0.00234098807322193,-0.005195512626764245,-0.005195512626764245,-0.005195512626764245,-0.005195512626764245,-0.005195512626764245,-0.005195512626764245,-0.00234098807322193,-0.00234098807322193,-0.01123611534957004,-0.01123611534957004,-0.004148113720456433,-0.004148113720456433,-0.002084040958119498,-0.002084040958119498,-0.005195512626764245,-0.005195512626764245,0.012726570566617681,-0.013684424221156817,-0.013684424221156817
2024-04-04,0.013766647813058525,0.013766647813058525,0.028719687656115333,0.028719687656115333,0.028719687656115333,0.028719687656115333,0.028719687656115333,0.028719687656115333,0.013829704392310163,0.013829704392310163,0.07109590258224195,0.07109590258224195,0.021888535534103266,0.021888535534103266,0.013592147870005749,0.013592147870005749,0.028719687656115333,0.028719687656115333,-0.08971579105004164,0.08205535667487679,0.08205535667487679
2024-04-05,0.002465194659925945,0.002465194659925945,0.0008736077438310873,0.0008736077438310873,0.000796985718591996,0.000796985718591996,0.0008736077438310873,0.0008736077438310873,0.0008138173634672174,0.0008138173634672174,0.00779371096186324,0.00779371096186324,0.0005976456066826019,0.0005976456066826019,0.000549090125303814,0.000549090125303814,0.0008736077438310873,0.0008736077438310873,-0.018571016320515905,0.011818089307428946,0.011818089307428946
2024-04-08,-0.01824051873022601,-0.01824051873022601,-0.019410763954626948,-0.019410763954626948,-0.023826773288302506,-0.023826773288302506,-0.019410763954626948,-0.019410763954626948,-0.009557016584277942,-0.009557016584277942,-0.052565605446437604,-0.052565605446437604,-0.014881996231104274,-0.014881996231104274,-0.00901102470967938,-0.00901102470967938,-0.019410763954626948,-0.019410763954626948,0.0705473851279414,-0.07148263242642237,-0.07148263242642237
2024-04-09,-0.0011549336306673702,-0.0011549336306673702,-0.0002588351373358024,-0.0002588351373358024,-0.0006377909238480565,-0.0006377909238480565,-0.0002588351373358024,-0.0002588351373358024,-0.0001479070941393802,-0.0001479070941393802,-0.0022172051411893266,-0.0022172051411893266,-0.00011972727246438582,-0.00011972727246438582,-0.00011973106918932924,-0.00011973106918932924,-0.0001799018052303477,-0.0001799018052303477,0.004102192445500393,-0.0053922272187396075,-0.0053922272187396075
2024-04-10,0.00039575497773263987,0.00039575497773263987,-0.001970805797315004,-0.001970805797315004,-0.0015455972487658312,-0.0015455972487658312,-0.001970805797315004,-0.001970805797315004,-0.0009087605095761944,-0.0009087605095761944,-0.0014055383956415599,-0.0014055383956415599,-0.0013249527419219756,-0.0013249527419219756,-0.0013728478646608446,-0.0013728478646608446,-0.0020149196767706395,-0.0020149196767706395,-0.011173587922538074,0.0016859033872554043,0.0016859033872554043
2024-04-11,0.0003799589165701679,0.0003799589165701679,0.00216186847403936,0.00216186847403936,0.0021230107511409075,0.0021230107511409075,0.00216186847403936,0.00216186847403936,0.0009569702872458948,0.0009569702872458948,0.0031396751452544202,0.0031396751452544202,0.0014580496593213472,0.0014580496593213472,0.001840274088815366,0.001840274088815366,0.0023829360251205432,0.0023829360251205432,-0.008101234045661957,0.00052187238070087,0.00052187238070087
2024-04-12,0.033606663364472565,0.033606663364472565,0.0461098858050753,0.0461098858050753,0.05099735304298164,0.05099735304298164,0.0461098858050753,0.0461098858050753,0.015565920219039197,0.015565920219039197,0.07776524579877234,0.07776524579877234,0.02473146326160861,0.02473146326160861,0.014875456088198466,0.014875456088198466,0.03220758141413657,0.03220758141413657,-0.11591267309543975,0.1030082204613461,0.1030082204613461
2024-04-15,0.01006754510093312,0.01006754510093312,0.012342911700701871,0.012342911700701871,0.013825401032770742,0.013825401032770742,0.012342911700701871,0.012342911700701871,0.003912893673345352,0.003912893673345352,0.01984430904213926,0.01984430904213926,0.005962780239611231,0.005962780239611231,0.0034942154319333985,0.00355031423548904,0.007747099896483854,0.007747099896483854,-0.040545976146908684,0.03215273716168866,0.03215273716168866
2024-04-16,-0.0052367303535189565,-0.0052367303535189565,-0.0013451692534137668,-0.0013451692534137668,-0.0025724902792813374,-0.0025724902792813374,-0.0013451692534137668,-0.0013451692534137668,0.001560647804146428,0.001560647804146428,-0.00027927539525139737,-0.00027927539525139737,0.0028284797292990544,0.0028284797292990544,0.0038772091607812316,0.001501609056087216,0.003583159562687181,0.003583159562687181,0.013968970104002236,-0.016958223567078167,-0.016958223567078167
2024-04-17,-0.0129922197702602,-0.0129922197702602,-0.013012405970613575,-0.013012405970613575,-0.015326273596579544,-0.015326273596579544,-0.013012405970613575,-0.013012405970613575,-0.001864326751473954,-0.001864326751473954,-0.022034995088619416,-0.022034995088619416,-0.004080107061452649,-0.004080107061452649,-0.002874805538492705,-0.004418304613271191,-0.006300661989437731,-0.006300661989437731,0.03915714819005817,-0.04492782258088456,-0.04492782258088456
2024-04-18,0.006528833237778087,0.006528833237778087,0.013991351219160977,0.013991351219160977,0.015637518064628802,0.015637518064628802,0.013991351219160977,0.013991351219160977,0.005829972414103658,0.005829972414103658,0.027185764558719846,0.027185764558719846,0.008699143996788502,0.008699143996788502,0.0068272300815443296,0.005759840139835177,0.011593928880678136,0.011593928880678136,-0.03365280735386039,0.028498955243507037,0.028498955243507037
2024-04-19,-0.004706382383367311,-0.004706382383367311,-0.01268663660184587,-0.01268663660184587,-0.01241263893085816,-0.01241263893085816,-0.01268663660184587,-0.01268663660184587,-0.004823129720207439,-0.004823129720207439,-0.012194395730266787,-0.012194395730266787,-0.013175723666292792,-0.013175723666292792,-5.394058428608467e-05,-6.059917631173849e-05,-0.01320617964689374,-0.01320617964689374,-0.014079866059977342,-0.012281048192395434,-0.012281048192395434
2024-04-22,-0.0072414611692849145,-0.0072414611692849145,-6.474670953606791e-05,-6.474670953606791e-05,-0.00013436474735593068,-0.00013436474735593068,-6.474670953606791e-05,-6.474670953606791e-05,0.0019622729854690607,0.0019622729854690607,0.009247091467649847,0.009247091467649847,0.0,0.0,0.006967300213385578,0.003904393300490169,0.0019622729854690607,0.0019622729854690607,0.01219285083377435,-0.01498616612070586,-0.01498616612070586
2024-04-23,-0.008149675092274182,-0.008149675092274182,-0.006518608613716932,-0.006518608613716932,-0.008360013443012435,-0.008360013443012435,-0.006518608613716932,-0.006518608613716932,-0.002612020344296842,-0.002612020344296842,-0.017923567442412608,-0.017923567442412608,0.0,0.0,-0.005146967163922912,-0.005197215070755717,-0.002612020344296842,-0.002612020344296842,0.024072963802518693,-0.02855931802010508,-0.02855931802010508
2024-04-24,-0.016484359252931735,-0.016484359252931735,-0.013690643527709883,-0.013690643527709883,-0.016919376777318022,-0.016919376777318022,-0.013690643527709883,-0.013690643527709883,-0.004249178870063246,-0.004249178870063246,-0.028774822192737963,-0.028774822192737963,0.0,0.0,-0.008054404471051343,-0.008454718398364718,-0.004249178870063246,-0.004249178870063246,0.04655218462638359,-0.050371227349115054,-0.050371227349115054
2024-04-25,0.010173277261264038,0.010173277261264038,0.008300101387715184,0.008300101387715184,0.01073396664397053,0.01073396664397053,0.008300101387715184,0.008300101387715184,0.0029994324223134618,0.0029994324223134618,0.015461180353069256,0.015461180353069256,0.0,0.0,0.005898135464264388,0.005968060479696355,0.0029994324223134618,0.0029994324223134618,-0.03202880600980244,0.025345680240555828,0.025345680240555828
2024-04-26,-0.015306504467803104,-0.015306504467803104,-0.010690487507896232,-0.010690487507896232,-0.013410105385259372,-0.013410105385259372,-0.010690487507896232,-0.010690487507896232,-0.003464991580427946,-0.003464991580427946,-0.014799917757568896,-0.014799917757568896,0.0,0.0,-0.006249706933088085,-0.006894397473266864,-0.003464991580427946,-0.003464991580427946,0.028612317370247456,-0.03924187446239634,-0.03924187446239634
2024-04-29,-0.005731624018289832,-0.005731624018289832,-0.0020949179728053623,-0.0020949179728053623,-0.001751697521750058,-0.001751697521750058,-0.0020949179728053623,-0.0020949179728053623,0.0,0.0,0.0017736941622986232,0.0017736941622986232,0.0,0.0,0.0016225937037062925,0.0,0.0,0.0,0.020316623478944213,-0.023084893886795417,-0.023084893886795417
2024-04-30,0.025940335994838797,0.025940335994838797,0.012816932494198473,0.012816932494198473,0.015852301265096957,0.015852301265096957,0.012816932494198473,0.012816932494198473,0.0,0.0,0.006392213339750326,0.006392213339750326,0.0,0.0,-0.004436949338627259,0.0,0.0,0.0,-0.08861134458483616,0.07700964569065986,0.07700964569065986
2024-05-01,-0.004625420969599975,-0.004625420969599975,0.0016622663266553626,0.0016622663266553626,0.0033956455034444425,0.0033956455034444425,0.0016622663266553626,0.0016622663266553626,0.0,0.0,-0.000684082457063788,-0.000684082457063788,0.0,0.0,0.002091771879233024,0.0,-7.329261239556281e-05,-7.329261239556281e-05,0.017002440732963982,-0.023922486602787597,-0.023922486602787597
2024-05-02,-0.0022310480885942585,-0.0022310480885942585,-0.0002891639497730566,-0.0002891639497730566,-0.0004575342282661768,-0.0004575342282661768,-0.0002891639497730566,-0.0002891639497730566,0.0,0.0,0.0006053017030586349,0.0006053017030586349,-6.925908567128887e-05,-6.925908567128887e-05,-0.000645197569895486,0.0,-0.0003697027070463237,-0.0003697027070463237,-0.00923782100153716,0.0006886111472304362,0.0006886111472304362
2024-05-03,-0.024076394129594683,-0.024076394129594683,-0.015439342236772171,-0.015439342236772171,-0.020975282813565397,-0.020975282813565397,-0.015439342236772171,-0.015439342236772171,0.0,0.0,-0.0020773199974901467,-0.0020773199974901467,-0.0007610970983067499,-0.0007610970983067499,0.00022254751334164984,0.0,-0.00014861938706483535,-0.00014861938706483535,0.03078790668618727,-0.04248531191489755,-0.04248531191489755
2024-05-06,0.005559436047342885,0.005559436047342885,0.005285676485756969,0.005285676485756969,0.005285676485756969,0.005285676485756969,0.005285676485756969,0.005285676485756969,0.0,0.0,0.001981301401531996,0.001981301401531996,0.0011063634614667498,0.0011063634614667498,-0.0008275844622037077,0.0,0.0009545187321073417,0.0009545187321073417,-0.02244970181665008,0.014168162194505032,0.014168162194505032
2024-05-07,-0.0036909024736825283,-0.0036909024736825283,-0.007130022245891991,-0.007130022245891991,-0.007130022245891991,-0.007130022245891991,-0.007130022245891991,-0.007130022245891991,0.0,0.0,-0.0039776815263733575,-0.0039776815263733575,-0.0013942791462777625,-0.0013942791462777625,-0.00026894263223216553,0.0,-0.0008281968376313915,-0.0008281968376313915,0.00843117062959038,-0.010107224142278765,-0.010107224142278765
2024-05-08,-0.010739622436690556,-0.010739622436690556,-0.010570409944875766,-0.010570409944875766,-0.010570409944875766,-0.010570409944875766,-0.010570409944875766,-0.010570409944875766,0.0,0.0,-0.008217199286128707,-0.008217199286128707,-0.0026571410819318316,-0.0026571410819318316,0.000806119575653471,0.0,-0.0024277998897171416,-0.0024277998897171416,0.024158861607633565,-0.026034328549798296,-0.026034328549798296
2024-05-09,-0.011394680451067734,-0.011394680451067734,-0.006979925153597989,-0.006979925153597989,-0.006979925153597989,-0.006979925153597989,-0.006979925153597989,-0.006979925153597989,0.0,0.0,-0.010380387726512563,-0.010380387726512563,-0.003550508790840463,-0.003550508790840463,0.0012305393026909065,0.0,-0.003526758805491996,-0.003526758805491996,0.02358789181876006,-0.030459145581101514,-0.030459145581101514
2024-05-10,0.00360676440730019,0.00360676440730019,0.00011653236660695987,0.00011653236660695987,0.00011653236660695978,0.00011653236660695978,0.00011653236660695987,0.00011653236660695987,-8.679700230752811e-05,-8.679700230752811e-05,-0.0021716614332952626,-0.0021716614332952626,0.0005278785651411451,0.0005278785651411451,-0.0007675917611707182,0.0,0.0006447045383676391,0.0006447045383676391,-0.010255423928834087,0.00532304413525735,0.00532304413525735
2024-05-13,-0.010476930771374283,-0.010476930771374283,-0.005051963484073532,-0.005051963484073532,-0.005051963484073532,-0.005051963484073532,-0.005051963484073532,-0.005051963484073532,-0.00021290277201838615,-0.00021290277201838615,-0.008792114671854196,-0.008792114671854196,-0.003168220235324553,-0.003168220235324553,0.0016548183002864307,0.0,-0.003527010813600843,-0.003527010813600843,0.027510397021119237,-0.028711285349016267,-0.028711285349016267
2024-05-14,0.007371497775109037,0.007371497775109037,0.003422974535751958,0.003422974535751958,0.003422974535751958,0.003422974535751958,0.003422974535751958,0.003422974535751958,-0.000637696377048562,-0.000637696377048562,0.003048261159801034,0.003048261159801034,0.0020244133147492094,0.0020244133147492094,-0.002107182725965919,0.0,0.0016870901575330656,0.0016870901575330656,-0.02149811670235226,0.017548096559892545,0.017548096559892545
2024-05-15,0.002546442480858888,0.002546442480858888,0.002236866805993414,0.002236866805993414,0.0021498618187985766,0.0021498618187985766,0.002149861818798576,0.002149861818798576,0.0017991164220388972,0.0017991164220388972,0.009976112814639958,0.009976112814639958,0.0016562850238355388,0.0016562850238355388,-8.700498719483764e-05,-8.700498719483764e-05,0.0027889383497772943,0.0027889383497772943,-0.02287143702659115,0.01489098843918101,0.01489098843918101
2024-05-16,-0.0009718544231387591,-0.0009718544231387591,-0.00030513700538219754,-0.00030513700538219754,-0.002058541267912597,-0.002058541267912597,-0.002058541267912597,-0.002058541267912597,-0.003986496305964473,-0.003986496305964473,-0.008528829953641778,-0.008528829953641778,-0.0021384635374076164,-0.0021384635374076164,-0.0018363771131596775,-0.0018363771131596775,-0.00325426908217748,-0.00325426908217748,0.005108391219136832,-0.008356395808858729,-0.008356395808858729
2024-05-17,-0.014880165259692543,-0.014880165259692543,-0.012225597471326531,-0.012225597471326531,-0.014499154453337078,-0.014499154453337078,-0.014499154453337078,-0.014499154453337078,-0.011543868560707691,-0.011543868560707691,-0.04059973739745122,-0.04059973739745122,-0.011653601813981986,-0.011653601813981986,-0.00504065217597208,-0.00504065217597208,-0.015139495041986544,-0.015139495041986544,0.05596378967887993,-0.066209323302086,-0.066209323302086
2024-05-20,-0.0027255668547964693,-0.0027255668547964693,-0.003444768309005374,-0.003444768309005374,-0.0043279911904582375,-0.0043279911904582375,-0.0043279911904582375,-0.0043279911904582375,-0.004760116055547285,-0.004760116055547285,-0.010936919338197465,-0.010936919338197465,-0.003886961873856113,-0.003886961873856113,-0.0029404427203448685,-0.002940442720344869,-0.004918140090265452,-0.004918140090265452,0.012499848049820076,-0.013415805395099255,-0.013415805395099255
2024-05-21,0.005150481259628202,0.005150481259628202,0.001467872503614419,0.001467872503614419,0.0004908400395627984,0.0004908400395627984,0.0004908400395627981,0.0004908400395627981,-0.0036791017412161104,-0.0036791017412161104,0.005369874352085401,0.005369874352085401,-0.00097958587170259,-0.00097958587170259,-0.004122094335921954,-0.004122094335921954,-0.0006868057263353305,-0.0006868057263353305,-0.017421678242052995,0.013347667056280977,0.013347667056280977
2024-05-22,-0.008148910481880876,-0.008148910481880876,-0.006092692382870128,-0.006092692382870128,-0.005815555842273103,-0.005815555842273103,-0.005815555842273103,-0.005815555842273103,-0.000667356958896023,-0.000667356958896023,-0.013903033310469552,-0.013903033310469552,-0.0038338467778987117,-0.0038338467778987117,0.0005399761961007238,0.0005399761961007238,-0.004395677924449203,-0.004395677924449203,0.021235616356463805,-0.02582003452746833,-0.02582003452746833
2024-05-23,-0.0023605661259135623,-0.0023605661259135623,-0.0036426827896257744,-0.0036426827896257744,-0.004396255424401555,-0.004396255424401555,-0.004396255424401553,-0.004396255424401553,-0.005069794708885548,-0.005069794708885548,-0.009568068223534596,-0.009568068223534596,-0.004299301534251363,-0.004299301534251363,-0.003469883779735682,-0.003469883779735682,-0.005162376663679595,-0.005162376663679595,0.00393617792653064,-0.011480680202386365,-0.011480680202386365
2024-05-24,-0.00569375000544417,-0.00569375000544417,-0.010131821107581745,-0.010131821107581745,-0.011540450144547245,-0.011540450144547245,-0.011540450144547245,-0.011540450144547245,-0.012903222314345444,-0.012903222314345444,-0.019295619518127912,-0.019295619518127912,-0.011389995036029454,-0.011389995036029454,-0.01057776419442726,-0.01057776419442726,-0.01266718840634233,-0.01266718840634233,0.010037751329804072,-0.023790725817741776,-0.023790725817741776
2024-05-28,-0.009088500982768418,-0.009088500982768418,-0.008726772229127275,-0.008726772229127275,-0.00925777818134733,-0.00925777818134733,-0.00925777818134733,-0.00925777818134733,-0.006917234150073191,-0.006917234150073191,-0.022973469702208135,-0.022973469702208135,-0.007653271633933327,-0.007653271633933327,-0.0038672882189976906,-0.0038672882189976906,-0.009595096386515739,-0.009595096386515739,0.023659304081879523,-0.024555414527810997,-0.024555414527810997
2024-05-29,0.013272863387815005,0.013272863387815005,0.021800725685342727,0.021800725685342727,0.024623449005351555,0.024623449005351555,0.024623449005351555,0.024623449005351555,0.02964840682863851,0.02964840682863851,0.03692502389976242,0.03692502389976242,0.024763019406932252,0.024763019406932252,0.024963489503790376,0.024963489503790376,0.0273163646248545,0.0273163646248545,-0.046483231562067476,0.03679865748593885,0.03679865748593885
2024-05-30,0.00020315510724146183,0.00020315510724146183,0.001380323890853474,0.001380323890853474,0.0012262045697070591,0.0012262045697070591,0.0012262045697070591,0.0012262045697070591,-0.0009983389556919946,-0.0009983389556919946,-0.004193643395846025,-0.004193643395846025,0.0010402898642739911,0.0010402898642739911,9.008049789494114e-05,9.008049789494103e-05,8.26482420746447e-05,8.26482420746447e-05,-0.004328385960537398,-0.0053561953213745505,-0.0053561953213745505
2024-05-31,-0.025767546790830615,-0.025767546790830615,-0.026564932663821247,-0.026564932663821247,-0.02606715151898003,-0.02606715151898003,-0.026067151518980022,-0.026067151518980022,-0.0010539894460427238,-0.0010539894460427238,-0.038322434406622204,-0.038322434406622204,-0.01614954859231518,-0.01614954859231518,0.0013323295071667404,0.0013323295071667404,-0.01805254764608919,-0.01805254764608919,-0.004378359517622426,-0.038322434406622204,-0.038322434406622204
2024-06-03,-0.001264404199544086,-0.001264404199544086,-0.0020829511394055587,-0.0020829511394055587,-0.0022893010737160386,-0.0022893010737160386,-0.0022893010737160386,-0.0022893010737160386,-0.0030507341023332892,-0.0030507341023332892,-0.006315066407595345,-0.006315066407595345,-0.0018221368668184992,-0.0018221368668184992,-0.0020134491583306815,-0.0020134491583306815,-0.0028111658543203354,-0.0028111658543203354,0.005514031591586607,-0.006315066407595345,-0.006315066407595345
2024-06-04,-0.0006429012800588527,-0.0006429012800588527,-0.0011737494524537491,-0.0011737494524537491,-0.0015311415579617681,-0.0015311415579617681,-0.0015311415579617681,-0.0015311415579617681,-0.0018893781532744282,-0.0018893781532744282,0.0029629172344963852,0.0029629172344963852,-0.0022005259490677992,-0.0022005259490677992,-0.0019518149810450228,-0.0019518149810450228,-0.0019330101204647254,-0.0019330101204647254,-0.0052445785215828504,0.0029629172344963852,0.0029629172344963852
2024-06-05,0.02420712458724537,0.02420712458724537,0.03918553880224414,0.03918553880224414,0.04284248508119764,0.04284248508119764,0.04284248508119764,0.04284248508119764,0.040349952234515346,0.040349952234515346,0.052405313533316136,0.052405313533316136,0.03835598434842368,0.03835598434842368,0.040808351992865595,0.040808351992865595,0.04316955139188041,0.04316955139188041,-0.06613694779970486,0.052405313533316136,0.052405313533316136
2024-06-06,-0.017373958587041733,-0.017373958587041733,-0.030071863793069094,-0.030071863793069094,-0.032673689087118866,-0.032673689087118866,-0.032673689087118866,-0.032673689087118866,-0.03042208647677238,-0.03042208647677238,-0.04196861157105841,-0.04196861157105841,-0.028775206247569504,-0.028775206247569504,-0.03074269410340354,-0.03074269410340354,-0.03182035383663782,-0.03182035383663782,0.03743788154880349,-0.04196861157105841,-0.04196861157105841
2024-06-07,-0.016848195533530824,-0.016848195533530824,-0.032116991227682225,-0.032116991227682225,-0.03483330876011702,-0.03483330876011702,-0.03483330876011702,-0.03483330876011702,-0.03252794686241215,-0.03252794686241215,-0.03966675761893649,-0.03966675761893649,-0.03200795017085786,-0.03200795017085786,-0.033586435170770264,-0.033586435170770264,-0.03448073260409991,-0.03448073260409991,0.029893359691561667,-0.03966675761893649,-0.03966675761893649
2024-06-10,-0.015596096149962966,-0.015596096149962966,-0.026510112631851223,-0.026510112631851223,-0.028596924406580338,-0.028596924406580338,-0.02859692440658034,-0.02859692440658034,-0.025586498415349334,-0.025586498415349334,-0.03385627051051874,-0.03385627051051874,-0.02432518053726549,-0.02432518053726549,-0.026324661063247785,-0.026324661063247785,-0.026324661063247785,-0.026324661063247785,0.029803196778534876,-0.03385627051051874,-0.03385627051051874
2024-06-11,-0.002974398452197551,-0.002974398452197551,-0.0060870320849530975,-0.0060870320849530975,-0.007225515323556824,-0.007225515323556824,-0.007225515323556824,-0.007225515323556824,-0.007687407597331805,-0.007687407597331805,-0.0063867580026494035,-0.0063867580026494035,-0.007674080369915711,-0.007674080369915711,-0.007533747212252933,-0.007533747212252933,-0.007533747212252933,-0.007533747212252933,0.0035680330163331488,-0.0063867580026494035,-0.0063867580026494035
2024-06-12,0.0027339479865800243,0.0027339479865800243,0.003387035649703627,0.003387035649703627,0.005506165887666874,0.005506165887666874,0.0055061658876668735,0.0055061658876668735,0.005920727348714561,0.005920727348714561,0.008646554431118387,0.008646554431118387,0.003529988984008167,0.003529988984008167,0.004261444248324617,0.004261444248324617,0.004261444248324617,0.004261444248324617,-0.01953781980407104,0.008646554431118387,0.008646554431118387
2024-06-13,-0.004244008405196864,-0.004244008405196864,-0.007358705853175824,-0.007358705853175824,-0.006830466839364593,-0.006830466839364593,-0.006830466839364593,-0.006830466839364593,-0.006880714535592977,-0.006880714535592977,-0.0076896287269734905,-0.0076896287269734905,-0.006334276181806272,-0.006334276181806272,-0.006631775593495802,-0.006631775593495802,-0.006631775593495802,-0.006631775593495802,0.003049796019034608,-0.0076896287269734905,-0.0076896287269734905
2024-06-14,-0.029012143064192298,-0.029012143064192298,-0.05145692052597906,-0.05145692052597906,-0.05741021489837457,-0.05741021489837457,-0.05741021489837457,-0.05741021489837457,-0.049128572736823306,-0.049128572736823306,-0.05741021489837457,-0.05741021489837457,-0.0509558886824416,-0.0509558886824416,-0.054137427626283076,-0.054137427626283076,-0.054137427626283076,-0.054137427626283076,0.047238762884147995,-0.05741021489837457,-0.05741021489837457
2024-06-17,0.023117525918907447,0.023117525918907447,0.03609398557697924,0.03609398557697924,0.03609398557697924,0.03609398557697924,0.03609398557697924,0.03609398557697924,0.03247056588237328,0.03247056588237328,0.03609398557697924,0.03609398557697924,0.032855782697244346,0.032855782697244346,0.03458592499274224,0.03458592499274225,0.03458592499274224,0.03458592499274224,-0.04058287412200565,0.03609398557697924,0.03609398557697924
2024-06-18,-0.012502789503231011,-0.012502789503231011,-0.018457962863942183,-0.018457962863942183,-0.018457962863942183,-0.018457962863942183,-0.018457962863942183,-0.018457962863942183,-0.0168252545534429,-0.0168252545534429,-0.018457962863942183,-0.018457962863942183,-0.017887840785039126,-0.017887840785039126,-0.018180434916664483,-0.018180434916664483,-0.018180434916664483,-0.018180434916664483,0.016285430054042888,-0.018457962863942183,-0.018457962863942183
2024-06-20,0.0028734918354995542,0.0028734918354995542,0.0005940442425679496,0.0005940442425679496,0.0005940442425679491,0.0005940442425679491,0.0005940442425679494,0.0005940442425679494,0.0025673238700354103,0.0025673238700354103,0.0005940442425679494,0.0005940442425679494,0.0023100298908636666,0.0023100298908636666,0.0013496114396758059,0.0013496114396758059,0.0013496114396758059,0.0013496114396758059,-0.01184274105243594,0.0005940442425679494,0.0005940442425679494
2024-06-21,-0.015646636404563312,-0.015646636404563312,-0.019557176045828368,-0.019557176045828368,-0.019557176045828368,-0.019557176045828368,-0.019557176045828368,-0.019557176045828368,-0.022337654370092695,-0.022337654370092695,-0.019557176045828368,-0.019557176045828368,-0.02013574203465255,-0.02013574203465255,-0.01994804496119076,-0.01994804496119076,-0.01994804496119076,-0.01994804496119076,0.005005361322956515,-0.019557176045828368,-0.019557176045828368
2024-06-24,-0.014617293513310578,-0.014617293513310578,-0.02061420572626858,-0.02061420572626858,-0.02061420572626858,-0.02061420572626858,-0.02061420572626858,-0.02061420572626858,-0.01992124395803064,-0.01992124395803064,-0.02061420572626858,-0.02061420572626858,-0.02043863326848496,-0.02043863326848496,-0.02033121595605121,-0.02033121595605121,-0.02033121595605121,-0.02033121595605121,0.017432636806131253,-0.02061420572626858,-0.02061420572626858
2024-06-25,-0.00807283383297944,-0.00807283383297944,-0.010685492375327808,-0.010685492375327808,-0.010685492375327808,-0.010685492375327808,-0.010685492375327808,-0.010685492375327808,-0.010770111685447645,-0.010770111685447645,-0.010685492375327808,-0.010685492375327808,-0.01091673366967558,-0.01091673366967558,-0.010786266887951848,-0.010786266887951848,-0.010786266887951848,-0.010786266887951848,0.007087037394864503,-0.010685492375327808,-0.010685492375327808
2024-06-26,-0.01311715657711699,-0.01311715657711699,-0.01793066893166031,-0.01793066893166031,-0.01793066893166031,-0.01793066893166031,-0.01793066893166031,-0.01793066893166031,-0.019753320972218612,-0.019753320972218612,-0.01793066893166031,-0.01793066893166031,-0.01963844069094157,-0.01963844069094157,-0.018784025389506947,-0.018784025389506947,-0.018784025389506947,-0.018784025389506947,0.016258386731395152,-0.01793066893166031,-0.01793066893166031
2024-06-27,-0.046635605088929395,-0.046635605088929395,-0.07057400342170668,-0.07057400342170668,-0.07057400342170668,-0.07057400342170668,-0.07057400342170668,-0.07057400342170668,-0.05869295663031514,-0.05869295663031514,-0.07057400342170668,-0.07057400342170668,-0.06271212245789345,-0.06271212245789345,-0.0666677376649709,-0.0666677376649709,-0.0666677376649709,-0.0666677376649709,0.06554673352890118,-0.07057400342170668,-0.07057400342170668
2024-06-28,-0.005869410842851704,-0.005869410842851704,-0.007776058668991143,-0.007776058668991143,-0.007776058668991143,-0.007776058668991143,-0.007776058668991141,-0.007776058668991141,-0.007961055596325723,-0.007961055596325723,-0.007776058668991141,-0.007776058668991141,-0.007179707587843617,-0.007179707587843617,-0.007508722284366579,-0.0075087222843665796,-0.007508722284366579,-0.007508722284366579,-0.005106846833338218,-0.007776058668991141,-0.007776058668991141
2024-07-01,-0.045777450210493044,-0.045777450210493044,-0.05983123596063314,-0.05983123596063314,-0.059831235960633146,-0.059831235960633146,-0.05983123596063314,-0.05983123596063314,-0.05907277790986657,-0.05907277790986657,-0.05983123596063314,-0.05983123596063314,-0.059831235960633146,-0.059831235960633146,-0.05983123596063314,-0.05983123596063314,-0.05983123596063314,-0.05983123596063314,0.05677743691019142,-0.05983123596063314,-0.05983123596063314
2024-07-02,0.0046603460623184986,0.0046603460623184986,0.005673196204844943,0.005673196204844943,0.005673196204844942,0.005673196204844942,0.005673196204844942,0.005673196204844942,0.006063744089063592,0.006063744089063592,0.005673196204844942,0.005673196204844942,0.005673196204844942,0.005673196204844942,0.005673196204844942,0.005673196204844943,0.005673196204844942,0.005673196204844942,-0.013425800331038224,0.005673196204844942,0.005673196204844942
2024-07-03,9.829777084682486e-05,9.829777084682486e-05,-3.2675350379384765e-06,-3.2675350379384765e-06,-3.2675350379384765e-06,-3.2675350379384765e-06,-3.2675350379386417e-06,-3.2675350379386417e-06,0.00032039905647763986,0.00032039905647763986,-3.2675350379386417e-06,-3.2675350379386417e-06,-3.2675350379384765e-06,-3.2675350379384765e-06,-3.2675350379386417e-06,-3.2675350379384765e-06,-3.2675350379386417e-06,-3.2675350379386417e-06,-0.007476042102287311,-3.2675350379386417e-06,-3.2675350379386417e-06
2024-07-05,0.0029630109523798034,0.0029630109523798034,0.0038550430452078525,0.0038550430452078525,0.0038550430452078525,0.0038550430452078525,0.0038550430452078516,0.0038550430452078516,0.008842483710101764,0.008842483710101764,0.0038550430452078516,0.0038550430452078516,0.0038550430452078525,0.0038550430452078525,0.0038550430452078516,0.0038550430452078525,0.0038550430452078516,0.0038550430452078516,-0.02911429137457986,0.0038550430452078516,0.0038550430452078516
2024-07-08,-0.03790578802828042,-0.03790578802828042,-0.05061401462942757,-0.05061401462942757,-0.050614014629427564,-0.050614014629427564,-0.050614014629427564,-0.050614014629427564,-0.05061401462942757,-0.05061401462942757,-0.05072801337869829,-0.05072801337869829,-0.050614014629427564,-0.050614014629427564,-0.05072801337869829,-0.05072801337869829,-0.05072801337869829,-0.05072801337869829,0.04865629884680654,-0.05072801337869829,-0.05072801337869829
2024-07-09,0.006275385276814795,0.006275385276814795,0.0074928969131143565,0.0074928969131143565,0.0074928969131143565,0.0074928969131143565,0.0074928969131143565,0.0074928969131143565,0.00740026970087946,0.00740026970087946,0.007191661458916672,0.007191661458916672,0.0074928969131143565,0.0074928969131143565,0.007191661458916672,0.007191661458916672,0.007191661458916672,0.007191661458916672,-0.008336304230702994,0.007191661458916672,0.007191661458916672
2024-07-10,0.04172570209334961,0.04172570209334961,0.061354907782079735,0.061354907782079735,0.061354907782079735,0.061354907782079735,0.061354907782079735,0.061354907782079735,0.06620105652956995,0.06620105652956995,0.07112252425282885,0.07112252425282885,0.061354907782079735,0.061354907782079735,0.07112252425282885,0.07112252425282885,0.07123393960889764,0.07123393960889764,-0.07618833789159507,0.07112252425282885,0.07112252425282885
2024-07-11,-0.021949561406966408,-0.021949561406966408,-0.031718605487538104,-0.031718605487538104,-0.031718605487538104,-0.031718605487538104,-0.031718605487538104,-0.031718605487538104,-0.0338521097893949,-0.0338521097893949,-0.0352043062907969,-0.0352043062907969,-0.03160464183988918,-0.03160464183988918,-0.0352043062907969,-0.0352043062907969,-0.03432972037115649,-0.03432972037115649,0.027221361925153443,-0.0352043062907969,-0.0352043062907969
2024-07-12,-0.05276715505895308,-0.05276715505895308,-0.06374304586961452,-0.06374304586961452,-0.0637430458696145,-0.0637430458696145,-0.06374304586961452,-0.06374304586961452,-0.06652909761836412,-0.06652909761836412,-0.06854043241046101,-0.06854043241046101,-0.061739199384239024,-0.061739199384239024,-0.06854043241046101,-0.068540432410461,-0.067666341771278,-0.067666341771278,0.050641760685721196,-0.06854043241046101,-0.06854043241046101
2024-07-15,-0.0016543542364508702,-0.0016543542364508702,-0.001682978945692851,-0.001682978945692851,-0.001682978945692851,-0.001682978945692851,-0.0016829789456928508,-0.0016829789456928508,0.00013612188901647448,0.00013612188901647448,0.000854214469367288,0.000854214469367288,-0.0024709738277215215,-0.0024709738277215215,0.000854214469367288,0.0008542144693672879,-0.0001661934463297691,-0.0001661934463297691,-0.002696322529628389,0.000854214469367288,0.000854214469367288
2024-07-16,0.03872916252064024,0.03872916252064024,0.05202348135248614,0.05202348135248614,0.05202348135248613,0.05202348135248613,0.05202348135248614,0.05202348135248614,0.056616670283917175,0.056616670283917175,0.059305488056233535,0.059305488056233535,0.04942713616499824,0.04942713616499824,0.059305488056233535,0.059305488056233535,0.05734389301437134,0.05734389301437134,-0.06314520718916333,0.059305488056233535,0.059305488056233535
2024-07-17,0.009138740660118024,0.009138740660118024,0.011834857839200578,0.011834857839200578,0.011834857839200576,0.011834857839200576,0.011834857839200576,0.011834857839200576,0.019425848937239823,0.019425848937239823,0.022419127872703674,0.022419127872703674,0.00856340672152096,0.00856340672152096,0.022419127872703674,0.022419127872703674,0.01814400201970089,0.01814400201970089,-0.03183548363501162,0.02234413343148529,0.02234413343148529
2024-07-18,-0.013650298014868742,-0.013650298014868742,-0.01743362595608668,-0.01743362595608668,-0.017433625956086673,-0.017433625956086673,-0.017433625956086676,-0.017433625956086676,-0.014293560300019856,-0.014293560300019856,-0.01308933613674264,-0.01308933613674264,-0.018674553283297188,-0.018674553283297188,-0.01308933613674264,-0.01308933613674264,-0.014911400416644424,-0.014911400416644424,0.0032049709960941314,-0.011921249558525542,-0.011921249558525542
2024-07-19,-0.018503690587157923,-0.018503690587157923,-0.02899076677309926,-0.02899076677309926,-0.028990766773099266,-0.028990766773099266,-0.028990766773099266,-0.028990766773099266,-0.027385141075693516,-0.027385141075693516,-0.026845038048641596,-0.026845038048641596,-0.030153198461487125,-0.030153198461487125,-0.026845038048641596,-0.0268450380486416,-0.02775083106924089,-0.02775083106924089,0.013396429953018218,-0.02553172144279065,-0.02553172144279065
2024-07-22,-0.01362179452292713,-0.01362179452292713,-0.014727254644922564,-0.014727254644922564,-0.014727254644922562,-0.014727254644922562,-0.014727254644922564,-0.014727254644922564,-0.017340619165953038,-0.017340619165953038,-0.019199907796580273,-0.019199907796580273,-0.010938235043735398,-0.010938235043735398,-0.019199907796580273,-0.019199907796580276,-0.018555368975729,-0.018555368975729,0.014278045978938761,-0.0247916003273421,-0.0247916003273421
2024-07-23,-0.026089802757274218,-0.026089802757274218,-0.03189598834798219,-0.03189598834798219,-0.03182993822367093,-0.03182993822367093,-0.03182993822367093,-0.03182993822367093,-0.0328836706291101,-0.0328836706291101,-0.03449884376973694,-0.03449884376973694,-0.02754916621575566,-0.02754916621575566,-0.03456489389404821,-0.03456489389404821,-0.03515043039979769,-0.03515043039979769,0.03654555268089677,-0.038669338927919066,-0.038669338927919066
2024-07-24,0.22940187019314,0.22940187019314,0.2920345963959716,0.2920345963959716,0.2804450908042281,0.2804450908042281,0.2804450908042281,0.2804450908042281,0.30971792976119605,0.30971792976119605,0.31426252860068715,0.31426252860068715,0.2398793360144184,0.2398793360144184,0.32585203419243075,0.32585203419243075,0.3245500377004355,0.3245500377004355,-0.39069160566327066,0.3635538537338265,0.3635538537338265
2024-07-25,-0.014737322979502757,-0.014737322979502757,-0.021069516653883964,-0.021069516653883964,-0.02094193934172553,-0.02094193934172553,-0.020941939341725526,-0.020941939341725526,-0.021960495293457723,-0.021960495293457723,-0.02224280745730036,-0.02224280745730036,-0.019723789624243048,-0.019723789624243048,-0.022370384769458802,-0.0223703847694588,-0.02208425079304876,-0.02208425079304876,0.01714647492821303,-0.02388344079272476,-0.02388344079272476
2024-07-26,-0.022224262497605587,-0.022224262497605587,-0.019147596402766053,-0.019147596402766053,-0.018420351706921762,-0.018420351706921762,-0.018420351706921762,-0.018420351706921762,-0.01825077562967216,-0.01825077562967216,-0.017130959355816672,-0.017130959355816672,-0.01825168887004735,-0.01825168887004735,-0.01785820405166096,-0.017858204051660963,-0.018050070247688975,-0.018050070247688975,0.011202893036629582,-0.0229835505187799,-0.0229835505187799
2024-07-29,-0.023923763316787312,-0.023923763316787312,-0.028294464063644314,-0.028294464063644314,-0.026922500601054066,-0.026922500601054066,-0.026922500601054063,-0.026922500601054063,-0.029440846218613807,-0.029440846218613807,-0.030112208347496262,-0.030112208347496262,-0.02015770478035351,-0.02015770478035351,-0.03148417181008651,-0.03148417181008651,-0.030965176141013864,-0.030965176141013864,0.03878873265473843,-0.040030649469373514,-0.040030649469373514
2024-07-30,-0.008616041028092651,-0.008616041028092651,-0.01282841638734885,-0.01282841638734885,-0.012574014002203968,-0.012574014002203968,-0.012574014002203968,-0.012574014002203968,-0.016246910814902246,-0.016246910814902246,-0.017052703631740457,-0.017052703631740457,-0.011504492617478051,-0.011504492617478051,-0.01730710601688534,-0.017307106016885336,-0.01581577473145151,-0.01581577473145151,0.010710740180204691,-0.015188101761574223,-0.015188101761574223
2024-07-31,0.030105902959108984,0.030105902959108984,0.03408751312095877,0.03408751312095877,0.03017019443837194,0.03017019443837194,0.030224321017777306,0.030224321017777306,0.035381456916384856,0.035381456916384856,0.03719531801471343,0.03719531801471343,0.013028354579500204,0.013028354579500204,0.04111263669730027,0.04111263669730027,0.043286311767560814,0.043286311767560814,-0.08013152645636877,0.06605153475275738,0.06605153475275738
2024-08-01,0.048088173893515086,0.048088173893515086,0.06096285688123247,0.06096285688123247,0.05621994677027872,0.05621994677027872,0.052381157881670595,0.052381157881670595,0.061199222830240006,0.061199222830240006,0.0635462035054019,0.0635462035054019,0.031917463120327776,0.031917463120327776,0.06828911361635565,0.06828911361635565,0.06743777701628895,0.06743777701628895,-0.11408082498699755,0.1031792986382835,0.1031792986382835
2024-08-02,0.07518764284048798,0.07518764284048798,0.07018560669681229,0.07018560669681229,0.06288386085894167,0.06288386085894167,0.05554860722054339,0.05554860722054339,0.05840020858673861,0.05843677689518014,0.05797914724483101,0.05797914724483101,0.02629480905078117,0.026331377359222714,0.06524432477426009,0.06528089308270164,0.06810509316938189,0.06810509316938189,-0.15385510535931618,0.1412940099571504,0.1412940099571504
2024-08-05,0.12672717411288947,0.12672717411288947,0.07808301264784692,0.07810986897708595,0.06799200429700711,0.06801886062624612,0.05531633983707559,0.055343196166314605,0.034686106619443276,0.05143366412406668,0.04765883592047966,0.04765883592047966,-0.0010481441061360585,0.015699413398487343,0.041029143095935104,0.057776700600558506,0.06249638832528686,0.06252324465452588,-0.21265604565582913,0.2070029566241196,0.2070029566241196
2024-08-06,-0.0890581462172513,-0.0890581462172513,-0.0347213131570708,-0.04416613537988166,-0.029626868061645203,-0.03907169028445606,-0.02109634174118338,-0.03054116396399424,-0.005616924980173322,-0.027244202727135056,-0.036947768666836744,-0.036947768666836744,0.012237598712286281,-0.009355012037588255,-0.010332965240607436,-0.03196024298756917,-0.023997732411084494,-0.03344255463389535,0.13538243833357294,-0.1402983266749088,-0.1402983266749088
2024-08-07,0.021481257003234003,0.021481257003234003,0.01833017529529446,0.01818798585840119,0.016320875427153145,0.016178685990259872,0.015074261368069627,0.014932071931176355,0.014744351017149424,0.015520463738078487,0.012938909592168483,0.012966997780425649,0.006317929794742297,0.00720821229467655,0.014772439205406591,0.015520463738078487,0.0160274595742591,0.01588527013736583,-0.03672968728581956,0.031074887814939816,0.031074887814939816
2024-08-08,-0.0004917715704128433,-0.0004917715704128433,-0.0014164822008573025,-0.0019349960314273729,-0.0004477213747126625,-0.0009662352052827327,-0.0007809408191073184,-0.0012994546496773887,-0.0029756292948319614,-0.00286293457089025,-0.0028089981272584577,-0.002984414964372603,0.00011457642017523369,3.410178202347752e-05,-0.0031851625996473392,-0.0028970510385914823,-0.0025781523198722075,-0.003096666150442278,-0.007138647342070105,-0.0016125520917649044,-0.0016125520917649044
2024-08-09,-0.07012422014010487,-0.07012422014010487,-0.044853255672987424,-0.050779614281904306,-0.040367381255087,-0.04629373986400389,-0.03475456475738766,-0.04068092336630455,-0.023733787805371012,-0.03419563847274122,-0.037612543929358644,-0.04101558698326145,-0.0005022066922307196,-0.019239616342501136,-0.032160363469807995,-0.039219171083275384,-0.03308229448560781,-0.039008653094524705,0.0965809230017743,-0.10891122660685323,-0.10891122660685323
2024-08-12,0.010080345557033002,0.010080345557033002,0.014282012475079205,0.011347718148338114,0.012650011993818544,0.00971571766707745,0.013689954524638715,0.010755660197897624,0.013500458468521718,0.009421686115185937,0.003388679245329671,0.0017496772774444795,0.013013555874343274,0.005900617249191524,0.008676933912935956,0.006237163527485371,0.014813686753241715,0.011879392426500624,-0.007860670899856103,0.0070461141989902635,0.0070461141989902635
2024-08-13,-0.016424316921523217,-0.016424316921523217,-0.02059844050220614,-0.019664241829683737,-0.018151315874788895,-0.017217117202266492,-0.01842743622118493,-0.017493237548662527,-0.018830598054892896,-0.016861245168369173,-0.013717813046933971,-0.013197147322201027,-0.01461972927101514,-0.011528439036868524,-0.01788863904273135,-0.016439951880940575,-0.02206520568564815,-0.021131007013125747,0.009568165983863878,-0.019556827192286817,-0.019556827192286817
2024-08-14,-0.03911329329311869,-0.03911329329311869,-0.02892857355141689,-0.03073941825688019,-0.024199894788973875,-0.02601073949443718,-0.016586560550464785,-0.018397405255928086,-0.009728510604216235,-0.013932540455031762,-0.015730686770708383,-0.016822054344662985,0.0031682070574506707,-0.00473018059848971,-0.023176353653333828,-0.026289015930194753,-0.016619962986720214,-0.018430807692183516,0.0694613153812288,-0.07399734259830232,-0.07399734259830232
2024-08-15,0.03971235522211296,0.03971235522211296,0.034777379792166406,0.033521988827493306,0.0274702005831147,0.0262148096184416,0.018422249450626316,0.017166858485953212,0.017443903461583293,0.016855384064185963,0.009150620034378727,0.00848044189522951,0.0031208178744599143,0.0024204018541335768,0.01944241678431315,0.01952407552606504,0.024198774428285292,0.02294338346361219,-0.07228306603091195,0.0586689924415829,0.0586689924415829
2024-08-16,-0.013979095427785245,-0.013979095427785245,-0.016708436435917108,-0.016488194798077997,-0.013834620535276898,-0.013614378897437789,-0.011893312624882564,-0.011673070987043456,-0.006114219994041147,-0.006120511247821605,-0.004742195305343137,-0.004623387712709616,-0.0015598343434568935,-0.0015735818500835384,-0.007787997640350458,-0.007913096486764437,-0.014875800100386569,-0.014655558462547461,0.01838528247344577,-0.021194016532488837,-0.021194016532488837
2024-08-19,0.0037099679987832273,0.0037099679987832273,0.0023256914938533566,0.0018332840467024376,0.0011747981076591497,0.0006823906605082306,0.0014886012286228223,0.000996193781471903,0.002801211996463606,0.0020714408397193044,-0.00015792487427633017,-0.00043899242187213643,0.0010735288181728977,-0.00018364151878357254,0.0012725608609813134,0.0008238572518328173,0.0025069885537504105,0.002014581106599491,-0.007207523442402845,0.002156962074873896,0.002156962074873896
2024-08-20,0.007503277687517428,0.007503277687517428,0.005812381666764245,0.007179058482072039,0.004933120355005964,0.006299797170313757,-0.0001766846443546639,0.0011899921709531299,0.0028975341071861265,0.005238985624021816,0.01200982156852318,0.012809598136708053,-7.218390635679894e-05,0.004373795390156536,0.01419368820348402,0.015735363152134838,0.008429902984577117,0.009796579799884911,-0.028533771179496837,0.02560619286405851,0.02560619286405851
2024-08-21,0.0026605058114458837,0.0026605058114458837,-0.000388971828197086,0.0005865750078074884,0.0009904895824711488,0.0019660364184757233,-0.0007279077212653102,0.0002476391147392643,-0.0006789874256450739,0.000664810863316276,0.006759283462977419,0.007307662353492096,-0.0003171322904650122,0.002158099151431679,0.005957539456085487,0.00675295885453216,0.001902046384641659,0.002877593220646234,-0.01269085203250898,0.010046402085166113,0.010046402085166113
2024-08-22,-0.01747717866389326,-0.01747717866389326,-0.005663666696802619,-0.009925357460268782,-0.005663666696802619,-0.009925357460268782,-0.00014913571213875866,-0.004410826475604924,0.007751011446944743,0.0005429788844045982,-0.0059829110475942155,-0.008396028311687575,0.0103836963192507,-0.00170112285794441,-0.0037442403253905147,-0.008539155623837297,0.0035601382981715547,-0.0007015524652946105,0.0351882414868844,-0.03935618192808296,-0.03935618192808296
2024-08-23,0.006018483175800602,0.006018483175800602,0.00034858170605228173,0.003173245819044126,0.00034858170605228157,0.003173245819044126,-0.0002735099395840694,0.0025511541734077755,-0.006767496966910992,-0.002010819957218356,-0.0021915708181092187,-0.0006075927189465978,-0.007101474540652797,-4.177911882764851e-05,-0.0033313326751689583,-0.0001586337646389434,-0.004672334068084579,-0.0018476699550927346,-0.01803629447450869,0.009317689277356824,0.009317689277356824
2024-08-26,-0.020880263331269383,-0.020880263331269383,-0.008722713178819529,-0.012292605899972709,-0.008722713178819529,-0.012292605899972709,0.0015041390993396821,-0.002065753621813498,-0.004155099722484422,-0.010091430128438689,-0.029251847154254468,-0.0312696462716946,0.003359758172196697,-0.007219859948767721,-0.025244772960023837,-0.02916330424853797,-0.011580126893362791,-0.015150019614515972,0.05346352674622438,-0.05455754636479775,-0.05455754636479775
2024-08-27,-0.002398050453259603,-0.002398050453259603,-0.0029307948270217528,-0.0016243566482755326,-0.002930794827021753,-0.0016243566482755326,-0.0029740768986522975,-0.001667638719906077,-0.00863218848055286,-0.006343918131048688,-0.009056687795739841,-0.008319808714766386,-0.004985395501026797,-0.001295303612277635,-0.00851052323089255,-0.006959131962361832,-0.008365613338477348,-0.007059175159731128,0.0023506453729121037,-0.005209219491641272,-0.005209219491641272
2024-08-28,0.01127703791383618,0.01127703791383618,0.005897282828323715,0.006658819008671435,0.0058972828283237145,0.006658819008671435,0.0009421651042224459,0.001703701284570166,0.006924980908889862,0.008722941827532816,0.020897133051544364,0.021304011208897928,0.0015041674857267189,0.00455858091756064,0.017110839275223104,0.018501922036512495,0.011514073193882743,0.01227560937423046,-0.03336991778282943,0.028142214066147194,0.028142214066147194
2024-08-29,-0.030456551476781606,-0.030456551476781606,-0.014750591424338962,-0.016885348346761374,-0.014750591424338962,-0.016885348346761378,-0.0017144147265396553,-0.003849171648962069,-0.015273319714469219,-0.01926265436636882,-0.05038638602801053,-0.05159232218085993,-0.0022330354308305145,-0.009426706621828717,-0.03785998238900182,-0.04064338088805203,-0.024012620379080855,-0.026147377301503266,0.06596818364100375,-0.06933255001976817,-0.06933255001976817
2024-08-30,-0.0021459467765586287,-0.0021459467765586287,-1.7817875898666344e-05,0.00023319424217742917,-1.7817875898666384e-05,0.00023319424217742917,-0.0003586903953660312,-0.00010767827728993562,-0.002913399718654989,0.00032361601958370747,0.001102383565848684,0.0012533286347531768,-0.003232886493339685,0.00029736866337237104,-0.0016625966090531793,0.0014234740602810242,0.00025079213267349275,0.0005018042507495883,-0.010857562683274766,-0.0006934118389746755,-0.0006934118389746755
2024-09-03,0.07101532913393384,0.07101532913393384,0.042195671216454025,0.03984289153074676,0.04219567121645402,0.039842891530746764,0.03834619558213268,0.03599341589642542,0.07690472655931664,0.07455194687360937,0.1359714566239773,0.13462834051997088,0.03253963993647004,0.027948145036035366,0.08835461524838974,0.08734495166668892,0.08754558270617692,0.08519280302046967,-0.14960102640609518,0.137844252503462,0.137844252503462
2024-09-04,-0.009493301908983488,-0.009493301908983488,-0.008024262962252834,-0.00443290751591965,-0.008024262962252834,-0.00443290751591965,-0.008768579413084258,-0.005177223966751072,-0.014438638828123282,-0.010847283381790095,-0.018046254539542745,-0.016515400563179912,-0.01000337010114916,-0.0038955906151198006,-0.012686622671172113,-0.010626121201201764,-0.01614962160887002,-0.012558266162536831,0.011120320107582028,-0.015003950106248004,-0.015003950106248004
2024-09-05,-0.003638314037182204,-0.003638314037182204,-0.004259351321226545,-0.007620197458517898,-0.004259351321226546,-0.0076201974585178986,0.004541706233918499,0.0011808600966271465,0.0015097577659228848,-0.001851088371368467,-0.016684564659852904,-0.020045410797144253,0.004620636559375348,-0.004842262440995553,-0.022698798582251427,-0.022698798582251427,-0.0031959000586638327,-0.006556746195955186,0.03160173186463375,-0.03550975390107956,-0.03550975390107956
2024-09-06,0.031981758257318686,0.031981758257318686,0.015689663070086242,0.01592986332783046,0.015689663070086242,0.01592986332783046,0.013266684427980775,0.013506884685724993,0.03136179793686774,0.031601998194611965,0.05544200952694918,0.05568220978469339,0.014925878978678081,0.014614477147969327,0.040935560488450984,0.040956913038819334,0.03834794598490795,0.03858814624265217,-0.08651119497584345,0.07251569031072254,0.07251569031072254
2024-09-09,-0.01763889639104726,-0.01763889639104726,-0.01038273008606668,-0.01038273008606668,-0.01038273008606668,-0.01038273008606668,-0.006978561169547343,-0.006978561169547343,-0.017077702252947843,-0.017077702252947843,-0.03327062862390256,-0.03327062862390256,-0.006795424656897624,-0.008613988929935682,-0.024036116587072418,-0.025854680860110474,-0.021553779202603117,-0.021553779202603117,0.041910956831682826,-0.04653740069541504,-0.04653740069541504
2024-09-10,-0.0036688584450787175,-0.0036688584450787175,-0.0026045078541108734,-0.0026045078541108734,-0.0026045078541108734,-0.0026045078541108734,-0.0016450745316167106,-0.0016450745316167106,-0.003878212958069494,-0.003878212958069494,-0.00701704993795612,-0.00701704993795612,-0.0023138267948628133,-0.0026574862657167617,-0.005717690476599601,-0.006061349947453549,-0.00520060114279783,-0.00520060114279783,0.0076611995801385046,-0.010389823239559667,-0.010389823239559667
2024-09-11,0.001056575738455013,0.001056575738455013,0.0007326592148608346,0.0007326592148608346,0.0007326592148608345,0.0007326592148608346,-0.00043254283520847866,-0.00043254283520847866,0.0008772715220871855,0.0008772715220871852,-0.0006263882111638044,-0.0006263882111638043,-0.0002909056188576643,0.00017802956163559964,0.0011456156582785014,0.0016145508387717653,-0.0008478915016063316,-0.0008478915016063316,-0.011087394546546338,0.0016726938846298406,0.0016726938846298406
2024-09-12,-0.0008261822044211553,-0.0008261822044211553,0.0011084840837184712,0.0011084840837184712,0.0011084840837184712,0.001108484083718471,0.0025819898452712625,0.0025819898452712625,0.0025846716666555088,0.0025846716666555088,-0.002638480596335014,-0.002638480596335014,7.658957623139784e-05,-0.0017974403313626582,-0.002217262287679466,-0.004091292195273523,-0.002152033734689169,-0.002152033734689169,0.0042167272281087255,-0.01440193116307093,-0.01440193116307093
2024-09-13,-0.006966484670969908,-0.006966484670969908,-0.0035734121866470396,-0.003573412186647039,-0.0035734121866470396,-0.0035734121866470396,-0.004095526224284801,-0.004095526224284801,-0.007165020006358799,-0.007165020006358799,-0.01262117095487508,-0.01262117095487508,-0.000884914106131781,-0.0013827319146046133,-0.007202802956793597,-0.007700620765266429,-0.007459844157744397,-0.007459844157744397,0.004263406202031538,-0.014799871262651329,-0.014799871262651329
2024-09-16,-0.005578759754088277,-0.005578759754088277,-0.0028350381052864365,-0.0028350381052864365,-0.002835038105286436,-0.002835038105286436,-0.0023780487437593495,-0.0023780487437593495,-0.005052247408605863,-0.005052247408605863,-0.008359493726591748,-0.008359493726591748,-0.0012014533108139845,-0.0014125450554190416,-0.00465586382175522,-0.004866955566360277,-0.004388475991466726,-0.004388475991466725,0.010469937264242075,-0.011557814907869461,-0.011557814907869461
2024-09-17,0.0016306053806797779,0.0016306053806797779,0.0015781991916338565,0.0015781991916338565,0.0015781991916338565,0.0015781991916338565,0.0017594378458968525,0.0017594378458968525,0.002642923786916466,0.0026429237869164666,0.0033626348033460028,0.0033626348033460028,0.0013059630823006358,0.000811569255902805,0.002149350091516105,0.0016549562651182743,0.0023244863156776244,0.0023244863156776244,-0.0008939226637238533,0.0004516600069814896,0.0004516600069814896
2024-09-18,-0.02517660043196685,-0.02517660043196685,-0.011535244464733665,-0.011535244464733665,-0.011535244464733665,-0.011535244464733665,-0.011080764796816654,-0.011080764796816654,-0.026590418009465256,-0.026590418009465256,-0.04205681750041491,-0.0420568175004149,-0.002659274560021816,-0.0024738884111472534,-0.024701395643293607,-0.024516009494419042,-0.02044072236715436,-0.020440722367154364,0.039906514208595076,-0.04307426284202959,-0.04307426284202959
2024-09-19,0.0442059694839453,0.0442059694839453,0.022649257725702872,0.022649257725702872,0.022649257725702872,0.022649257725702872,0.020351399344362607,0.02035139934436261,0.0343853503337179,0.0343853503337179,0.05444009087753144,0.05444009087753145,0.006477271056544125,0.006990139732696616,0.031504869400080314,0.032017738076232816,0.024423205042429848,0.024423205042429848,-0.08937161504324433,0.06951970108860377,0.06951970108860377
2024-09-20,-0.019892326808530588,-0.019892326808530588,-0.011416415210277217,-0.011416415210277218,-0.011416415210277217,-0.011416415210277218,-0.011465559024803599,-0.011465559024803599,-0.015287935971023493,-0.015287935971023493,-0.01848019999429876,-0.01848019999429876,-0.0065720560558464244,-0.005398157136643022,-0.011415075414879119,-0.010241176495675717,-0.01128455401242409,-0.01128455401242409,0.006599774866074871,-0.015059225721530924,-0.015059225721530924
2024-09-23,-0.013929791672326507,-0.013929791672326507,-0.01091004915256104,-0.01091004915256104,-0.01091004915256104,-0.010910049152561038,-0.00895589490953533,-0.00895589490953533,-0.01342534975527665,-0.01342534975527665,-0.014272136186900822,-0.014272136186900822,-0.009778564315935883,-0.010319935564884091,-0.015593674485725633,-0.016135045734673843,-0.01342534975527665,-0.01342534975527665,0.03124398259279529,-0.033657465546235506,-0.033657465546235506
2024-09-24,-0.011629845463166453,-0.011629845463166453,-0.008601577219325645,-0.008601577219325645,-0.008601577219325645,-0.008601577219325645,-0.007020495753559695,-0.0070204957535596945,-0.012317333036059731,-0.012317333036059731,-0.01439839581044516,-0.01439839581044516,-0.0076195398093503106,-0.00875039564839419,-0.012453014134812593,-0.01358386997385647,-0.012317333036059731,-0.012317333036059731,0.02847405798967789,-0.031029553632317193,-0.031029553632317193
2024-09-25,-0.003475302071637977,-0.003475302071637977,-0.0025630630603096765,-0.0025630630603096765,-0.002563063060309677,-0.002563063060309677,-0.0020163402609773957,-0.0020163402609773957,-0.005457104740864356,-0.005457104740864356,-0.006744191944768189,-0.006744191944768191,-0.0030946843520297026,-0.0031157098103648992,-0.006008151118505359,-0.006029176576840555,-0.005457104740864356,-0.005457104740864356,0.0071492091741995655,-0.010931564108021081,-0.010931564108021081
2024-09-26,0.00838200082206251,0.00838200082206251,0.00556708160184132,0.00556708160184132,0.0055670816018413205,0.0055670816018413205,0.004720441245263942,0.004720441245263942,0.007355837421314137,0.007355837421314137,0.00924450410191701,0.009244504101917008,0.004847004369754014,0.005926879702508351,0.006517820259389649,0.007597695592143988,0.007355837421314137,0.007355837421314137,-0.02383481753455034,0.019814959144673655,0.019814959144673655
2024-09-27,-0.0056226659608613495,-0.0056226659608613495,-0.003004253927243331,-0.003004253927243331,-0.0030042539272433313,-0.0030042539272433313,-0.003217645815947064,-0.003217645815947065,0.0009301048755940487,0.0009301048755940481,0.00025509769752639155,0.0002550976975263926,0.008251015254377912,0.007329503080634779,0.00956838610011644,0.008646873926373304,0.0009301048755940487,0.0009301048755940487,-0.006299289254508018,0.0007847900962894163,0.0007847900962894163
2024-09-30,-0.005569588749166555,-0.005569588749166555,-0.004814118117734419,-0.0048141181177344195,-0.0048141181177344195,-0.0048141181177344195,-0.003844926774118465,-0.003844926774118465,-0.007877398193551982,-0.007877398193551982,-0.009424729935672319,-0.009424729935672319,-0.009398235795061303,-0.010964764039756266,-0.011478960520213142,-0.013045488764908105,-0.007877398193551982,-0.007877398193551982,0.0171823242581065,-0.021948124177818416,-0.021948124177818416
2024-10-01,0.008681915158829965,0.008681915158829965,0.00757207506415492,0.00757207506415492,0.00757207506415492,0.00757207506415492,0.0057311273444901134,0.0057311273444901134,0.015207655236608294,0.015207655236608294,0.018838373308227654,0.018838373308227647,0.022473429311999596,0.022609296251562886,0.026885415875271497,0.027021282814834784,0.015207655236608294,0.015207655236608294,-0.045007243344791406,0.0396570585401034,0.0396570585401034
2024-10-02,-0.009755066285017745,-0.009755066285017745,-0.006182127085786841,-0.006182127085786841,-0.006182127085786842,-0.006182127085786842,-0.0038619426084219653,-0.0038619426084219653,-0.010275502056931587,-0.010275502056931589,-0.012108470319250568,-0.012108470319250568,-0.014444243013477803,-0.014316121182488654,-0.01863016542919973,-0.018502043598210578,-0.010275502056931587,-0.010275502056931587,0.0341651803632455,-0.036596032215569375,-0.036596032215569375
2024-10-03,5.611848971383018e-05,5.611848971383018e-05,-0.0003075898355362297,-0.0003075898355362297,-0.00030758983553622976,-0.00030758983553622976,0.0001443282545305885,0.0001443282545305885,0.0008132900342464928,0.0008132900342464928,0.0018857298630927792,0.0018857298630927792,0.0023341634706319867,0.0019158001371812478,0.0019683522982744095,0.0015499889648236715,0.0008132900342464928,0.0008132900342464928,-0.0028579743812533385,-0.00022506630464379427,-0.00022506630464379427
2024-10-04,-0.011979218648150864,-0.011979218648150864,-0.00797519026383222,-0.00797519026383222,-0.00797519026383222,-0.00797519026383222,-0.005654401669233654,-0.005654401669233654,-0.013751025093658584,-0.013751025093658584,-0.015947885494633468,-0.015947885494633465,-0.02295010176729883,-0.0193976748238134,-0.0279386701562725,-0.024386243212787068,-0.013751025093658584,-0.013751025093658584,0.03394788112294544,-0.047892538379602466,-0.047892538379602466
2024-10-07,0.003703856522724214,0.003742020101934588,0.002465332345812622,0.002465332345812622,0.002465332345812622,0.002465332345812622,0.0034705221794738587,0.0034705221794738587,0.009275620839631573,0.009313784418841944,0.01260293841221619,0.01260293841221619,0.015548984832813043,0.015587148412023416,0.01579017562148721,0.01579017562148721,0.009313784418841944,0.009313784418841946,-0.03627914434896679,0.02993944420636576,0.02993944420636576
2024-10-08,-0.0003080711503654969,-0.0007140246134082709,-0.0004688874802397552,-0.0004688874802397552,-0.00046888748023975527,-0.00046888748023975527,-0.0007618779355343688,-0.0007618779355343688,-0.0021884084396966187,-0.0026423090314334117,-0.0037891818157098933,-0.0037891818157098933,-0.004352959012722315,-0.004806859604459109,-0.0047331870439013945,-0.0047331870439013945,-0.0026423090314334117,-0.002642309031433412,0.001731401988859577,-0.010248663587784475,-0.010248663587784475
2024-10-09,0.0009083073557642901,0.0013770013628136416,0.0008006837192556617,0.0008006837192556617,0.0008006837192556619,0.0008006837192556619,6.294281150360057e-05,6.294281150360057e-05,0.0003963922342196815,0.00048563585049433565,9.614189726900866e-05,9.614189726900874e-05,4.3829453076728685e-05,0.00013307306935138278,0.0008936635723081508,0.0008936635723081508,0.00048563585049433554,0.00048563585049433565,-0.00744167302391759,0.0010948746240136292,0.0010948746240136292
2024-10-10,-0.010832982355730854,-0.015050598748791645,-0.009113715499950093,-0.009113715499950093,-0.009113715499950093,-0.009113715499950093,-0.007088561415470237,-0.007088561415470237,-0.015602069532572385,-0.01704626703237657,-0.019701078548681354,-0.019701078548681354,-0.02272058262732099,-0.024164780127125175,-0.029291723905677115,-0.029291723905677115,-0.01704626703237657,-0.01704626703237657,0.052915110391126494,-0.05890721495337143,-0.05890721495337143
2024-10-11,-0.004455758420312689,-0.003966197292916719,-0.003748337085538111,-0.003748337085538111,-0.00374833708553811,-0.00374833708553811,-0.0024580269824250097,-0.0024580269824250097,-0.006209422866448343,-0.006374250742082872,-0.00736136556706993,-0.00736136556706993,-0.008669492028331918,-0.008834319903966445,-0.011251424796569938,-0.011251424796569938,-0.0063742507420828706,-0.0063742507420828706,0.006695319098773234,-0.015202173400583966,-0.015202173400583966
2024-10-14,-0.00025090261364263687,-0.0005410063225766747,-0.00020130719193444142,-0.00020130719193444142,-0.00020130719193444142,-0.00020130719193444142,-0.00020130719193444142,-0.00020130719193444142,-8.730665026513595e-05,-0.0004032730267987489,-0.0008151452571026482,-0.0008151452571026482,-0.00043720888854708966,-0.0007531752650807025,-0.0009626389494049323,-0.0009626389494049323,-0.0004032730267987489,-0.0004032730267987489,-0.0007645316854338193,-0.004186101048284826,-0.004186101048284826
2024-10-15,-0.000505211423154419,-0.005490402199635405,-0.003913358670922724,-0.003913358670922724,-0.003913358670922724,-0.003913358670922724,-0.003913358670922724,-0.003913358670922724,-0.007454446629860349,-0.008397054419182173,-0.00977619665008117,-0.009776196650081172,-0.01118558402029284,-0.012128191809614663,-0.014743320527885148,-0.014743320527885148,-0.008397054419182173,-0.008397054419182173,0.028734433775924266,-0.03377757625292695,-0.03377757625292695
2024-10-16,0.0049109888530845655,-0.0012916181477245904,-0.0003686294742032026,-0.0003686294742032026,-0.0003686294742032026,-0.0003686294742032026,-0.0003686294742032026,-0.0003686294742032026,-0.0017785417611667364,-0.002599688382218599,-0.00388162020555961,-0.0038816202055596107,-0.003624906507958815,-0.004446053129010678,-0.004446053129010678,-0.004446053129010678,-0.002599688382218599,-0.002599688382218599,0.01306593006125735,-0.018085527873382794,-0.018085527873382794
2024-10-17,0.01189222434093862,-0.0036078116981968196,-0.0018668653113742563,-0.0018668653113742563,-0.0018668653113742563,-0.0018668653113742563,-0.0018668653113742563,-0.0018668653113742563,-0.0023396725496400072,-0.0038840524662545365,-0.007769758392715429,-0.007769758392715429,-0.006418377501886624,-0.007962757418501151,-0.007962757418501151,-0.007962757418501151,-0.0038840524662545365,-0.0038840524662545365,0.031980603048562324,-0.03699180110011333,-0.03699180110011333
2024-10-18,0.00559131162672762,-0.0032791998422003234,-0.0018146473270184902,-0.0018146473270184902,-0.0018146473270184902,-0.0018146473270184902,-0.0018146473270184902,-0.0018146473270184902,-0.005627243387828991,-0.006718033824230365,-0.007991168705871268,-0.007991168705871268,-0.008715025596488383,-0.009805816032889757,-0.009805816032889757,-0.009805816032889757,-0.006718033824230365,-0.006718033824230365,0.022449170371315934,-0.030130608421399356,-0.030130608421399356
2024-10-21,0.007321203321453693,-0.002100784392990064,0.0,0.0,0.0,0.0,0.0,0.0,-0.0029594377820988164,-0.0043180273444143715,-0.008772121274473072,-0.008772121274473072,-0.007413531712157518,-0.008772121274473072,-0.008772121274473072,-0.008772121274473072,-0.0043180273444143715,-0.0043180273444143715,0.03250926333613833,-0.03363028150761348,-0.03363028150761348
2024-10-22,0.002282887713991099,0.00015764676609720323,0.0,0.0,0.0,0.0,0.0,0.0,0.0009292770723285111,0.000901522343626759,0.002565664088121616,0.0025656640881216155,0.002593418816823368,0.002565664088121616,0.0025656640881216155,0.0025656640881216155,0.000901522343626759,0.000901522343626759,-0.002901817831324708,-8.904062280106028e-05,-8.904062280106028e-05
2024-10-23,-0.01125326101168743,-5.3595073511755606e-05,0.0,0.0,0.0,0.0,0.0,0.0,-0.0033224214665072906,-0.0026965581849233596,-0.006530884738249064,-0.006530884738249064,-0.007156748019832994,-0.006530884738249064,-0.006530884738249064,-0.006530884738249064,-0.0026965581849233596,-0.0026965581849233596,-0.01164623026603511,0.004665889529251284,0.004665889529251284
2024-10-24,0.00477414121588155,-0.0012372531720603692,0.0,0.0,0.0,0.0,0.0,0.0,0.00045618596781296005,0.0,-0.004124652620809281,-0.004124652620809281,-0.003668466652996321,-0.004124652620809281,-0.004124652620809281,-0.004124652620809281,0.0,0.0,0.017455656539560202,-0.021692948648094432,-0.021692948648094432
2024-10-25,-0.0035585073253809416,-0.0010714222402130648,0.0,0.0,0.0,0.0,0.0,0.0,0.000227330953838627,0.0,-0.00392953383936076,-0.00392953383936076,-0.003748218171194401,-0.00392953383936076,-0.00392953383936076,-0.00392953383936076,0.0,0.0,0.0005967794112676046,-0.0048422501953681455,-0.0048422501953681455
2024-10-28,0.010145434785233356,-0.001767319772176636,0.0,0.0,0.0,0.0,0.0,0.0,0.001088416263406905,0.0,0.0,0.0,0.0025180236909831226,0.0,0.0,0.0,0.0,0.0,0.03128874115272302,-0.033559608676002425,-0.033559608676002425
2024-10-29,0.0023722727135471913,-0.0012886338903939625,0.0,0.0,0.0,0.0,0.0,0.0,0.0007750514854693573,0.0,0.0,0.0,0.0012165955433670996,0.0,0.0,0.0,0.0,0.0,0.010496230244917424,-0.0133838600030995,-0.0133838600030995
2024-10-30,-0.0007976594375208349,-0.002563982978552078,0.0,0.0,0.0,0.0,0.0,0.0,0.0003849602275738862,0.0,0.0,0.0,0.00031256494297950414,0.0,0.0,0.0,0.0,0.0,0.00994613896658454,-0.013507312394103835,-0.013507312394103835
2024-10-31,-0.04445082427346883,0.0,-3.361934499875419e-05,0.0,-3.361934499875419e-05,0.0,-3.361934499875419e-05,0.0,-0.0037200680645905998,0.0,0.0,0.0,-0.01168935742045423,0.0,-3.361934499875419e-05,0.0,-3.361934499875419e-05,0.0,-0.08965042975274991,0.07701007360255303,0.07701007360255303
2024-11-01,0.00735964067306538,0.0,0.0006523254161380748,0.0,0.0006523254161380748,0.0,0.0006523254161380748,0.0,0.0028697717071365777,0.0,0.0,0.0,0.004566198223473526,0.0,0.0006108213190794802,0.0,0.0006108213190794802,0.0,0.02727931928213108,-0.031119366457159372,-0.031119366457159372
2024-11-04,0.01853264271757922,0.0,0.001960327610405362,0.0,0.001960327610405362,0.0,0.001960327610405362,0.0,0.0037117584566362096,0.0,0.0,0.0,0.008202577876852921,0.0,0.0038480365346061185,0.0,0.0038480365346061176,0.0,0.02514571668233198,-0.026884785781370206,-0.026884785781370206
2024-11-05,-0.006838513956203471,0.0,0.0003308364993289333,0.0,0.0003308364993289333,0.0,0.0003308364993289333,0.0,-0.0007215740597526647,0.0,0.0,0.0,-0.0006181611571616605,0.0,0.0004662885761455929,0.0,0.0004662885761455929,0.0,-0.00874617681568547,0.0012825100179605445,0.0012825100179605445
2024-11-06,-0.04284367649259088,0.0,-0.004184228356409813,0.0,-0.004252780154975546,-6.855179856573264e-05,-0.004184228356409813,0.0,-0.002240531776394112,-6.855179856573264e-05,0.0,0.0,-0.010616294183033524,0.0,-0.006492731645624015,-6.855179856573264e-05,-0.006492731645624013,-6.855179856573264e-05,-0.055294508002615164,0.03687923720362684,0.03687923720362684
2024-11-07,-0.0019232955435613175,0.0,-8.208881517649147e-05,0.0,-0.0005090154899768691,-0.0004269266748003777,-8.208881517649147e-05,0.0,-0.0004839543492451197,-0.0004878586806713084,-6.093200587093073e-05,-6.093200587093073e-05,6.08167280972715e-05,-6.093200587093073e-05,-0.0005741034145808318,-0.0004878586806713084,-0.0005741034145808318,-0.0004878586806713084,-3.34067062126243e-05,-0.007379832921426001,-0.007379832921426001
2024-11-08,0.0033734716293694145,0.0,0.000417322878882168,0.0,6.30810578584992e-05,-0.0003542418210236688,0.000417322878882168,0.0,-0.0007825052206882099,-0.001055618470599253,-0.0007013766495755843,-0.0007013766495755843,0.0008020586005737009,-0.0007013766495755843,-0.0003451161601186085,-0.001055618470599253,-0.0003451161601186085,-0.001055618470599253,0.006887994389804245,-0.013261382392672948,-0.013261382392672948
2024-11-11,0.019595856887614692,0.0,0.003095127478093069,0.0,0.0009047621484004438,-0.002190365329692625,0.003095127478093069,0.0,-0.005009851679038281,-0.006600833920377429,-0.004477167752730085,-0.004477167752730085,0.0041216902610077336,-0.004410468590684803,-0.0018869510014243882,-0.006667533082422709,-0.0018202518393791074,-0.006600833920377428,0.03740807161935217,-0.039062901606832,-0.039062901606832
2024-11-12,0.0011466878178572862,0.0,0.00019422170906253675,0.0,-0.000898942492635765,-0.0010931642016983017,0.00019422170906253675,0.0,-0.003968072814671863,-0.003910418204618176,-0.004350744734854588,-0.004350744734854589,-0.0019588964844189116,-0.002746641480822827,-0.005220445335936675,-0.00544390893655289,-0.003686954604001961,-0.003910418204618176,0.006028831696524432,-0.00898514951815321,-0.00898514951815321
2024-11-13,0.010249363137963385,-8.521858879242306e-05,0.0018389736626270737,0.0,-0.0005746492584127778,-0.0024136229210398514,0.0018389736626270737,0.0,-0.009490584608510787,-0.010361655426725888,-0.01028451225036427,-0.01028451225036427,-8.015144787903433e-05,-0.005502575833214878,-0.009902330380499027,-0.012698135171404121,-0.007565850635820795,-0.010361655426725888,0.02912145186300413,-0.03194284634125327,-0.03194284634125327
2024-11-14,0.01005648787859139,-0.002415513868481291,0.0026154155255398615,-9.249224065405233e-05,0.0005889624472805533,-0.0021189453189133607,0.0026154155255398615,-9.249224065405233e-05,-0.00881465473257078,-0.0101000676695106,-0.009875295846030861,-0.009875295846030861,0.0011413533086750648,-0.005972634736674044,-0.007801060860555588,-0.011901748924290169,-0.00599937960577602,-0.0101000676695106,0.031624509662407915,-0.03642236807234118,-0.03642236807234118
2024-11-15,-0.006900385259437571,0.008700540632421906,0.002306394261880245,0.004160757540253172,0.006269545705582305,0.008123908983955232,0.002306394261880245,0.004160757540253172,0.025202947580132678,0.025745688967917374,0.02599010530372944,0.02599010530372944,0.010487720771384452,0.01745906096347702,0.027252496765918063,0.029894609414556038,0.0231035763192794,0.025745688967917374,-0.05745635879952487,0.04531440688290863,0.04531440688290863
2024-11-18,0.011387218520238858,-0.003936103214701566,0.0013187221384296844,-0.0022000228201452176,-0.000712607985218849,-0.0042313529437937505,0.0013187221384296844,-0.0022000228201452176,-0.008150827234814664,-0.009875353379717386,-0.009247162011585746,-0.009247162011585744,0.0032545577932496426,-0.006190661687678155,-0.008398275841149435,-0.01376752335282329,-0.004506105868043533,-0.009875353379717386,0.035984057340594074,-0.03974878961611531,-0.03974878961611531
2024-11-19,-0.002568757956044442,0.0017714465970785453,-0.00021670702429159926,0.001135620055907931,0.00047163663640563137,0.0018239637166051616,-0.00021670702429159926,0.001135620055907931,0.002542145511277549,0.0030546427363139558,0.0027169850699509473,0.0027169850699509477,-0.0006252131914338167,0.001822490615422733,0.004434428891704399,0.006335749352631277,0.0012150452010843038,0.0031163656620111827,-0.012450206241352638,0.008519661567093688,0.008519661567093688
2024-11-20,0.004508653622688955,0.00303019987377963,0.0021114126878390947,0.001591296151822327,0.003155524142190674,0.0026354076061739055,0.0021114126878390947,0.001591296151822327,0.009500143543165937,0.008978531811438322,0.008098786387493406,0.008098786387493406,0.007350294712740259,0.005258185794048091,0.013797906622303442,0.012826626966430782,0.008703467855400526,0.007732188199527865,-0.008780251620219589,0.006889978989565343,0.006889978989565343
2024-11-21,-0.005829199415152968,-0.004454222965647785,-0.002844078900268057,-0.0013144883030851906,-0.004331664753626771,-0.0028020741564439046,-0.002844078900268057,-0.0013144883030851906,-0.012964432704502673,-0.011957936859707122,-0.011461489559158957,-0.011461489559158959,-0.00976330453088283,-0.007478661655325007,-0.016973917029004165,-0.014753101034829444,-0.0134834894936592,-0.011262673499484479,0.008636697247827608,-0.0161350752939959,-0.0161350752939959
2024-11-22,-0.008007299940174581,-0.016426454814608783,-0.006901950019305204,-0.008859945469455576,-0.010932477859611498,-0.012890473309761872,-0.006901950019305204,-0.008859945469455576,-0.03416557150327614,-0.03497541417737428,-0.031992150320840254,-0.031992150320840254,-0.01644099490822784,-0.01924707486863407,-0.04372500816957364,-0.04638012998366862,-0.028780518512047378,-0.031435640326142336,0.05378294301777655,-0.060486363080580495,-0.060486363080580495
2024-11-25,-0.007820589002006875,-0.015353899415205822,-0.007416410567686258,-0.009608735784050776,-0.01021710605662186,-0.012409431272986379,-0.007416410567686258,-0.009608735784050776,-0.025135331416715787,-0.026098918284769373,-0.022968457289550142,-0.022968457289550142,-0.010868655366005812,-0.014706302562037723,-0.03184075969575161,-0.034738058942616556,-0.020295828850215473,-0.023193128097080417,0.042631392725838956,-0.045750052440417646,-0.045750052440417646
2024-11-26,-0.006750422664047807,-0.000636544613948342,-0.001915224899275621,-0.0005203060299163669,-0.0013010196415143445,9.389922784490983e-05,-0.001915224899275621,-0.0005203060299163669,-0.0009118641131920793,-0.00024315953464787332,-0.0012756684891029983,-0.001275668489102998,-0.0031905102051092917,-0.0006570428379535783,-0.0014184227296182583,0.00011701633956145688,-0.001827413476248576,-0.000291974407068861,-0.010053279728277511,0.004659926945846449,0.004659926945846449
2024-11-27,-0.007429892807321385,-0.015932765079261772,-0.009586667312738916,-0.013129670414633395,-0.013225618311750504,-0.01676862141364498,-0.009586667312738916,-0.013129670414633395,-0.030023739177940635,-0.03142352094526115,-0.027728777961495914,-0.027728777961495914,-0.01317709487791007,-0.020199885970896822,-0.03520793259530233,-0.03972127879899727,-0.0244619410750429,-0.02897528727873784,0.04860196398152746,-0.057319451303288006,-0.057319451303288006
2024-11-29,-0.00814924467553001,0.0012844413487737676,-0.0027247275602781873,0.0011673143108480763,-0.002880041040328875,0.0010120008307973887,-0.0027247275602781873,0.0011673143108480763,-0.00204871988303817,0.0020813703482961037,0.002354875269692208,0.002354875269692208,-0.008067482521204159,0.001579907034972941,-0.00578269695265571,0.0022223620915175907,-0.006079922174820749,0.0019251368693525524,-0.017190764779810425,-0.0042862013865532355,-0.0042862013865532355
2024-12-02,-0.0105104835942465,-0.009943332311269351,-0.013911387339324219,-0.013526587201243641,-0.014796089493249313,-0.014411289355168737,-0.013911387339324219,-0.013526587201243641,-0.022767202915624,-0.022767202915624,-0.022768191306264486,-0.022768191306264483,-0.017736423567719692,-0.01735162342963912,-0.027233213120052304,-0.02684841298197173,-0.022079715663881342,-0.021694915525800766,0.025254706070052726,-0.027398033449234263,-0.027398033449234263
2024-12-03,-0.008869793357796354,-0.009229827605804965,-0.011590453844148559,-0.01203738436504242,-0.012321549521217598,-0.012768480042111462,-0.011620031221478613,-0.012066961742372475,-0.02243937945845949,-0.02243937945845949,-0.021520051348754628,-0.021520051348754628,-0.016434731261791163,-0.016881661782685027,-0.02569855025272761,-0.02614548077362147,-0.020403604297039697,-0.02085053481793356,0.026633646248233188,-0.02807544537913058,-0.02807544537913058
2024-12-04,-0.0007167611901156011,0.0007527817251585031,0.0005795627112326287,0.0033065417429936424,0.0005322953632044403,0.0032592743949654535,0.001856581897257598,0.004583560929018612,0.00738127128994743,0.00738127128994743,0.007939511310680752,0.007939511310680752,0.004164369166968254,0.006891348198729267,0.005403777566285676,0.00813075659804669,0.004644332215932073,0.007371311247693087,-0.015428471461342127,0.0052402878539352035,0.0052402878539352035
2024-12-05,-0.007077758497807755,-0.004413036477002347,-0.008591737062391544,-0.008591737062391544,-0.009074741924436268,-0.009074741924436268,-0.012457231008513233,-0.012457231008513233,-0.020497719560325818,-0.020497719560325818,-0.02194807047012829,-0.021948070470128294,-0.018198627896471652,-0.018198627896471652,-0.024236511427039156,-0.024236511427039156,-0.020542602736121757,-0.020542602736121757,0.020078467171006684,-0.026352531077191328,-0.026352531077191328
2024-12-06,-0.010451451253628999,-0.010451451253628999,-0.015602621562045282,-0.015602621562045282,-0.016522776669727783,-0.016522776669727783,-0.018917231166604143,-0.018917231166604143,-0.028971709537408335,-0.028971709537408335,-0.02761018351165543,-0.027610183511655423,-0.02242763803322733,-0.02242763803322733,-0.03228351734582531,-0.03228351734582531,-0.026919030630507993,-0.026919030630507993,0.024322802755934094,-0.034278411645067564,-0.034278411645067564
2024-12-09,-0.008858583925317116,-0.008858583925317116,-0.006407338576756075,-0.006407338576756075,-0.006407338576756075,-0.006407338576756075,-0.0064261470007714915,-0.0064261470007714915,-0.011013748598921905,-0.011013748598921905,-0.011566304190140583,-0.011566304190140583,-0.00756084895251964,-0.00756084895251964,-0.01561603903531496,-0.01561603903531496,-0.010015196499357979,-0.010015196499357979,0.011842802279988266,-0.016586481068026487,-0.016586481068026487
2024-12-10,-0.0069315597689979976,-0.0069315597689979976,-0.012819860222545712,-0.012819860222545712,-0.012819860222545712,-0.012819860222545712,-0.01581988513112456,-0.01581988513112456,-0.023109502458519098,-0.023109502458519098,-0.023727666007309606,-0.023727666007309606,-0.019348704452170046,-0.019348704452170046,-0.026308891194191553,-0.026308891194191553,-0.022067365077199648,-0.022067365077199648,0.023919665371327475,-0.027321691546956295,-0.027321691546956295
2024-12-11,0.0055287012655249315,0.0055287012655249315,0.004516233368850748,0.004516233368850748,0.004516233368850748,0.004516233368850748,0.005412136697912471,0.005412136697912471,0.011166149490702288,0.011166149490702286,0.011473588429681457,0.011473588429681457,0.007722148765367333,0.007722148765367333,0.013864684674615445,0.013864684674615445,0.010334962314036496,0.010334962314036496,-0.02539110516415221,0.014672473245326542,0.014672473245326542
2024-12-12,-0.004318896919534695,-0.004318896919534695,-0.010193448606411514,-0.010193448606411514,-0.010193448606411514,-0.010193448606411514,-0.013738456019087781,-0.013738456019087781,-0.023297480319379938,-0.023297480319379938,-0.022333136880396825,-0.02233313688039682,-0.017537764643020277,-0.017537764643020277,-0.023713657759617878,-0.023713657759617878,-0.022333136880396825,-0.022333136880396825,0.017256193054220187,-0.024650854133815566,-0.024650854133815566
2024-12-13,-0.01657368751773327,-0.01657368751773327,-0.02420453049728782,-0.02420453049728782,-0.02420453049728782,-0.02420453049728782,-0.028527909110172306,-0.028527909110172306,-0.043484679739565435,-0.04348467973956544,-0.041335636123186345,-0.041335636123186345,-0.033640494597777654,-0.033640494597777654,-0.048815959852756406,-0.0488159598527564,-0.041335636123186345,-0.041335636123186345,0.04244380270089887,-0.050904506115265334,-0.050904506115265334
2024-12-16,-0.00045655054446026985,-0.00045655054446026985,0.003019609343406355,0.003019609343406355,0.0030196093434063554,0.0030196093434063554,0.005571671843664361,0.005571671843664361,0.009919166399412451,0.009919166399412451,0.010637662535922335,0.010637662535922335,0.006696577263362567,0.006696577263362567,0.009137281727793215,0.009137281727793215,0.010637662535922335,0.010637662535922335,-0.013331797075950499,0.008439011851324542,0.008439011851324542
2024-12-17,0.0020289773616014983,0.0020289773616014983,0.0006382436257771766,0.0006382436257771766,0.0006382436257771765,0.0006382436257771765,-0.0002551963543296879,-0.0002551963543296879,0.0002016981172147683,0.0002016981172147682,-0.0002607054294864163,-0.0002607054294864164,-0.0005935176597015206,-0.0005935176597015206,0.0009180806331892019,0.0009180806331892019,-0.0002325476948797377,-0.00023254769487973778,-0.007250143842655253,0.0013674671378990564,0.0013674671378990564
2024-12-18,0.1421943598846384,0.1421943598846384,0.28154540633169906,0.28154540633169906,0.28154540633169906,0.28154540633169906,0.33116827574070856,0.33116827574070856,0.5174107736836456,0.5174107736836457,0.4976310373075825,0.4976310373075825,0.33058338037818996,0.33060199623206027,0.5337025198528844,0.5337211357067546,0.47760746837923795,0.47760746837923795,-0.5727113395877359,0.5529254403030718,0.5529254403030718
2024-12-19,-0.002506449302785817,-0.002506449302785817,0.01987898274273809,0.01987898274273809,0.01987898274273809,0.01987898274273809,0.030616190063874008,0.030616190063874008,0.04281455121479438,0.04281455121479438,0.04792845022767089,0.04792845022767089,0.03603921912263771,0.03571230619586741,0.043141464141564695,0.04281455121479438,0.0465214021379736,0.0465214021379736,-0.04981056509003352,0.03734847562628996,0.03734847562628996
2024-12-20,-0.05395334417780353,-0.05395334417780353,-0.08506604416937504,-0.08506604416937504,-0.08506604416937504,-0.08506604416937504,-0.09489095210370235,-0.09489095210370235,-0.13221921621383398,-0.132219216213834,-0.1321596699161896,-0.1321596699161896,-0.08445582401235718,-0.09167994921846685,-0.12493554471007991,-0.13215966991618958,-0.12699198897579156,-0.12699198897579156,0.13789121189151826,-0.14854239809388023,-0.14854239809388023
2024-12-23,-0.021051698625050273,-0.021051698625050273,-0.0517227430116139,-0.0517227430116139,-0.0517227430116139,-0.0517227430116139,-0.06617235700320279,-0.06617235700320279,-0.11020764894428145,-0.11020764894428145,-0.10644627796324103,-0.10644627796324103,-0.06430520602504997,-0.06935557504267388,-0.10145219032752668,-0.1065025593451506,-0.10497119065406808,-0.10497119065406808,0.11283010271807986,-0.11555375575709019,-0.11555375575709019
2024-12-24,-0.007412167831345219,-0.007412167831345219,-0.004722687449099429,-0.004722687449099429,-0.004722687449099428,-0.004722687449099428,-0.008124085814218831,-0.008124085814218831,-0.019584207081974826,-0.019584207081974822,-0.013546908105641948,-0.013546908105641945,0.000709789374067458,-0.003297606930284632,-0.012744208428645112,-0.0167516047329972,-0.016674740460029553,-0.016674740460029553,0.009056429097384865,-0.024175958856829254,-0.024175958856829254
2024-12-26,-0.00491189092690107,-0.00491189092690107,-0.016231108589629114,-0.016231108589629114,-0.016231108589629114,-0.016231108589629114,-0.019168548359122732,-0.019168548359122732,-0.02648822750840184,-0.02648822750840184,-0.025663947835180563,-0.025663947835180563,-0.01942697263641397,-0.020141040025897405,-0.025311577209078024,-0.026025644598561454,-0.025817347940275577,-0.025817347940275577,0.02399228890681624,-0.02720377205962782,-0.02720377205962782
2024-12-27,0.010711983056932297,0.010711983056932297,0.06519020056980372,0.06519020056980372,0.06519020056980372,0.06519020056980372,0.07820802966332062,0.07820802966332062,0.11669446603787777,0.11669446603787777,0.11425929355264218,0.11425929355264218,0.08432285345080798,0.08507870831646103,0.1150356287137081,0.11579148357936116,0.11297870933279769,0.11297870933279769,-0.1320405005388079,0.1170004478796981,0.1170004478796981
2024-12-30,0.004737599873763132,0.004737599873763132,0.005316098431315296,0.005316098431315296,0.005316098431315296,0.005316098431315296,0.006138213672204658,0.006138213672204658,0.0141099426156628,0.0141099426156628,0.01312175055064351,0.01312175055064351,0.004229476196466255,0.005295907858677455,0.012136410818174147,0.013202842480385345,0.012810309078358237,0.012810309078358237,-0.020319301611256117,0.01455904905417745,0.01455904905417745
2024-12-31,-0.005904487116509736,-0.005904487116509736,0.007098360516535631,0.007098360516535631,0.007098360516535631,0.007098360516535631,0.015662598666552403,0.015662598666552403,0.03909566201857571,0.039095662018575714,0.04380903342522279,0.043809033425222785,0.024321370183483095,0.020334142525690515,0.04793164638999448,0.0439444187322019,0.03836682535367661,0.03836682535367661,-0.042487562889447154,0.03489528268971859,0.03489528268971859
2025-01-02,0.00039183494874057447,0.00039183494874057447,0.0012438012063643873,0.0012438012063643873,0.0012438012063643873,0.0012438012063643873,0.0021812925979128226,0.0021812925979128226,0.00949670335313744,0.009496703353137442,0.010049010853973426,0.010049010853973426,0.0016687406945085088,0.0014861248828687793,0.01027021918961302,0.01008760337797329,0.009060494068071159,0.009060494068071159,-0.010819443442037864,0.00914299455571739,0.00914299455571739
2025-01-03,-0.010749502684919124,-0.010749502684919124,-0.014950949319758947,-0.014950949319758947,-0.014950949319758947,-0.014950949319758947,-0.022062875207835002,-0.022062875207835002,-0.04632757054108992,-0.04632757054108992,-0.04247499896399302,-0.042474998963993024,-0.015278038740509073,-0.016190722344649716,-0.04150354338604966,-0.042416226990190306,-0.04363335676139579,-0.04363335676139579,0.03040508780164056,-0.04810150256348393,-0.04810150256348393
2025-01-06,-0.008135727635618399,-0.008135727635618399,-0.008117007101236825,-0.008117007101236825,-0.008117007101236825,-0.008117007101236825,-0.008043911953430901,-0.008043911953430901,-0.01382386976096144,-0.01382386976096144,-0.00877428018777537,-0.00877428018777537,-0.00400197802950879,-0.005624190782832667,-0.006975901929439,-0.008598114682762876,-0.012115957968862898,-0.0121159579688629,0.011747595119258405,-0.01584549907055229,-0.01584549907055229
2025-01-07,0.02855950085591155,0.02855950085591155,0.034176144961173535,0.034176144961173535,0.034176144961173535,0.034176144961173535,0.03109990392169852,0.03109990392169852,0.05324893065216701,0.053248930652167015,0.03394416611143892,0.03394416611143891,0.01794579243989786,0.024030393216011255,0.024318067594396788,0.03040266837051018,0.047506107875863166,0.04750610787586318,-0.06704409319709222,0.05853347116592204,0.05853347116592204
2025-01-08,-0.016198886469472394,-0.016198886469472394,-0.016691385965577926,-0.016691385965577926,-0.016691385965577926,-0.016691385965577926,-0.015354205590419334,-0.015354205590419334,-0.020643377220830622,-0.020643377220830626,-0.00818028301296578,-0.00818028301296578,-0.005912806746469946,-0.00975522978787076,-0.0027532268431370768,-0.006595649884537892,-0.016554701599198047,-0.016554701599198047,0.023434428271876598,-0.024690811830490298,-0.024690811830490298
2025-01-10,0.02703792334948582,0.02703792334948582,0.031852324441688895,0.031852324441688895,0.031852324441688895,0.031852324441688895,0.0296034694392875,0.0296034694392875,0.028680649169555834,0.028680649169555834,0.009216057020087702,0.009216057020087702,0.0126336153066413,0.019037055281663905,0.00011279047121139085,0.006516230446233991,0.020954171936337144,0.02095417193633714,-0.06300980131515012,0.035796628133692235,0.035796628133692235
2025-01-13,-0.015131260835988324,-0.015131260835988324,-0.01223375437106156,-0.01223375437106156,-0.01223375437106156,-0.01223375437106156,-0.010965987770125866,-0.010965987770125866,-0.011817494459779159,-0.011817494459779159,-0.0025851880340284268,-0.0025851880340284263,-0.0017771512501595708,-0.004392713962648452,0.001382441897938841,-0.0012331208145500406,-0.008133351459216374,-0.008133351459216374,0.01738307209888122,-0.018649690681842027,-0.018649690681842027
2025-01-14,-0.0013088128812716376,-0.0013088128812716376,0.002734969010560546,0.002734969010560546,0.0027349690105605458,0.0027349690105605458,0.0022800642421927355,0.0022800642421927355,0.007937973128564904,0.007937973128564904,0.008436197446878211,0.008436197446878211,0.004630038213646384,0.0038722734198958614,0.008643720471411449,0.007885955677660927,0.0060090681301249345,0.0060090681301249345,-0.00665030683934185,0.005170908459448299,0.005170908459448299
2025-01-15,0.0006178879825147291,0.0006178879825147291,-0.012703764011386993,-0.012703764011386993,-0.012703764011386993,-0.012703764011386993,-0.012039895768519281,-0.012039895768519281,-0.026977569687507048,-0.026977569687507048,-0.02655786052530422,-0.02655786052530422,-0.021240070747093907,-0.014098737224758438,-0.032851437196963006,-0.025710103674627543,-0.020621344379609934,-0.020621344379609934,0.009349405893235786,-0.020676400457557295,-0.020676400457557295
2025-01-16,-0.01909764618528959,-0.01909764618528959,-0.017270505963821618,-0.017270505963821618,-0.017270505963821618,-0.017270505963821618,-0.016276654017543947,-0.016276654017543947,-0.015403516747537678,-0.015403516747537678,-0.004378734357116474,-0.004378734357116474,-0.00426441996067031,-0.00885626096415803,-3.7434382770520515e-05,-0.004629275386258241,-0.014816019773998627,-0.014816019773998627,0.023632951388981572,-0.025672695085441004,-0.025672695085441004
2025-01-17,0.0225693782931251,0.0225693782931251,0.033317991325509666,0.033317991325509666,0.033317991325509666,0.033317991325509666,0.028546673530651958,0.028546673530651958,0.026236553036965978,0.026236553036965978,0.011733461799447224,0.011733461799447226,0.019511034066048087,0.023346349604744455,0.007590178546801612,0.01142549408549798,0.02766243150889581,0.02766243150889581,-0.05051670963374466,0.035853866369016885,0.035853866369016885
2025-01-21,-0.022832359519610476,-0.022832359519610476,-0.03315566831619514,-0.03315566831619514,-0.03315566831619513,-0.03315566831619513,-0.028262878822849936,-0.028262878822849936,-0.03107219176103106,-0.03107219176103106,-0.018220167959531693,-0.018220167959531693,-0.02615969800430116,-0.026159698004301152,-0.017784584013864707,-0.017784584013864707,-0.0285891616903955,-0.0285891616903955,0.0362673133707123,-0.044093283710710716,-0.044093283710710716
2025-01-22,0.004054722995968314,0.004054722995968314,0.004453460785421545,0.004453460785421545,0.004453460785421545,0.004453460785421545,0.003814635997850945,0.003814635997850945,0.0041488901993589344,0.0041488901993589344,0.0022678516433793073,0.0022678516433793073,0.0036775585686868043,0.0036775585686868043,0.0026983383821061043,0.0026983383821061043,0.004160645135763041,0.004160645135763041,-0.011635098724977224,0.007631951899056918,0.007631951899056918
2025-01-23,-0.007996646679315454,-0.007996646679315454,-0.00960224268322728,-0.00960224268322728,-0.00960224268322728,-0.00960224268322728,-0.008347803341805111,-0.008347803341805111,-0.0094219802713328,-0.009421980271332798,-0.0039512695052914435,-0.003951269505291443,-0.0063749679612262215,-0.0063749679612262215,-0.003669607800547024,-0.0036696078005470237,-0.007961582466188423,-0.007961582466188423,0.010406413294822748,-0.013543497263309718,-0.013543497263309718
2025-01-24,-0.008456038155156623,-0.008456038155156623,-0.014512280966627319,-0.014512280966627319,-0.014512280966627319,-0.014512280966627319,-0.012281063285211351,-0.012281063285211351,-0.016025841259062687,-0.016025841259062687,-0.014046173740807699,-0.014046173740807697,-0.017271101645731007,-0.017271101645731007,-0.013688891051414642,-0.01368889105141464,-0.014110151938292622,-0.014110151938292622,0.012842047764043699,-0.022624232483927295,-0.022624232483927295
2025-01-27,0.021589561515123326,0.021589561515123326,0.03653140641097477,0.03653140641097477,0.03653140641097477,0.03653140641097477,0.02444058316270075,0.02444058316270075,0.044589567785147236,0.044589567785147236,0.04955905574891131,0.04955905574891131,0.06065177111457637,0.06065177111457637,0.04880975713759279,0.04880975713759279,0.03546778853781961,0.0354677885378196,-0.0930963636517671,0.08497328179290556,0.08497328179290556
2025-01-28,-0.005394676703258545,-0.005394676703258545,-0.007362588249026222,-0.007362588249026222,-0.007362588249026222,-0.007362588249026222,-0.004396704657042601,-0.004396704657042601,-0.009541029528243367,-0.009541029528243369,-0.012876486110511075,-0.012876486110511075,-0.015312616909070592,-0.015312616909070592,-0.013054825075334514,-0.013054825075334517,-0.00794890324575193,-0.00794890324575193,0.016100332400326885,-0.021659522862088085,-0.021659522862088085
2025-01-29,-0.006145132593916298,-0.006145132593916298,-0.0073429671436097,-0.0073429671436097,-0.007342967143609701,-0.007342967143609701,-0.005440765682655237,-0.005440765682655237,-0.007849324465995811,-0.00784932446599581,-0.005508352466171353,-0.005508352466171353,-0.007678289717196378,-0.007678289717196378,-0.005385829284852823,-0.005385829284852822,-0.0057755316335807135,-0.0057755316335807135,0.012579253932958334,-0.015089348112080752,-0.015089348112080752
2025-01-30,-0.014672113472061083,-0.014672113472061083,-0.018081134496112726,-0.018081134496112726,-0.018081134496112726,-0.018081134496112726,-0.011710698129364257,-0.011710698129364257,-0.018927222387078675,-0.018927222387078675,-0.012241190214296996,-0.012241190214296996,-0.016363112942448674,-0.016363112942448674,-0.013153444632871523,-0.013153444632871521,-0.013909332963386409,-0.013909332963386409,0.029415627749465396,-0.033610028072615136,-0.033610028072615136
2025-01-31,-0.0023878989527777493,-0.0023878989527777493,-0.00256171908191229,-0.00256171908191229,-0.00256171908191229,-0.00256171908191229,-0.004116209270727293,-0.004116209270727293,-0.003397059724706524,-0.0033970597247065235,0.0032108446642748886,0.003210844664274888,0.0006722227462390346,0.0006722227462390346,0.0038584346558547876,0.0038584346558547876,-0.002722914440206493,-0.0027229144402064927,-0.010229537304368399,-0.001102314136574992,-0.001102314136574992
2025-02-03,0.00875321404761795,0.00875321404761795,0.009825909245325141,0.009825909245325141,0.00982590924532514,0.00982590924532514,0.00604603289187537,0.00604603289187537,0.011662757594161546,0.011662757594161546,0.014043538869796545,0.014043538869796543,0.014136816477973253,0.014136816477973253,0.01833680695970122,0.018336806959701215,0.009072346522570881,0.00907234652257088,-0.030113164105692442,0.02533260999470839,0.02533260999470839
2025-02-04,-0.02094966457445086,-0.02094966457445086,-0.02612508040332982,-0.02612508040332982,-0.02612508040332982,-0.02612508040332982,-0.01628413197859757,-0.01628413197859757,-0.02507659459654519,-0.02507659459654519,-0.0275051856917123,-0.0275051856917123,-0.027931455710126805,-0.027931455710126805,-0.03321382235746654,-0.033213822357466526,-0.019890106571774303,-0.0198901065717743,0.048324837949816554,-0.05345533996186743,-0.05345533996186743
2025-02-05,-0.017956904193903427,-0.017956904193903427,-0.022340314369091258,-0.022340314369091258,-0.022340314369091258,-0.022340314369091258,-0.01386881127835317,-0.01386881127835317,-0.021280293557049475,-0.021280293557049475,-0.0245343566716783,-0.024534356671678307,-0.02517384257901983,-0.02517384257901983,-0.03156683177860293,-0.03156683177860293,-0.017124867200884842,-0.017124867200884842,0.045610268865542605,-0.04955871850068972,-0.04955871850068972
2025-02-06,-0.01073053674885799,-0.01073053674885799,-0.013038019375249349,-0.013038019375249349,-0.013038019375249349,-0.013038019375249349,-0.007697206236062311,-0.007697206236062311,-0.014998363046028503,-0.014998363046028503,-0.01825000495241198,-0.018250004952411976,-0.019560950812071654,-0.019560950812071654,-0.02497326169914425,-0.02497326169914425,-0.01341766819773026,-0.01341766819773026,0.029481018901782844,-0.034339728926625214,-0.034339728926625214
2025-02-07,-0.007323213284938674,-0.007323213284938674,-0.0042336076347822636,-0.0042336076347822636,-0.0042336076347822636,-0.0042336076347822636,-0.00481716733204942,-0.00481716733204942,0.0005952279355321723,0.000595227935532173,0.005691758531944045,0.005691758531944046,0.005455388917555163,0.005455388917555162,0.007733018605713056,0.0077330186057130565,0.0030439561452851897,0.0030439561452851897,-0.022750177602880672,-0.0013894652493292308,-0.0013894652493292308
2025-02-10,-0.014728067872019088,-0.014728067872019088,-0.016413813587855833,-0.016413813587855833,-0.016413813587855833,-0.016413813587855833,-0.011650185444180679,-0.011650185444180679,-0.01765966814548763,-0.01765966814548763,-0.02093219874677811,-0.02093219874677811,-0.025532100681224103,-0.025532100681224103,-0.0349068462366671,-0.0349068462366671,-0.01939414740052062,-0.01939414740052062,0.036930880177340884,-0.04307773035413979,-0.04307773035413979
2025-02-11,-0.00486884096433723,-0.00486884096433723,-0.005991401720829513,-0.005991401720829513,-0.005991401720829513,-0.005991401720829513,-0.004120847606686219,-0.004120847606686219,-0.006625688611511598,-0.006625688611511599,-0.00948564907251113,-0.00948564907251113,-0.011213828033791512,-0.011213828033791512,-0.014297816141452778,-0.014297816141452778,-0.007280866280375551,-0.007280866280375551,0.015984476440011,-0.017178692637003626,-0.017178692637003626
2025-02-12,-0.005239274216077935,-0.005239274216077935,-0.006757228932351056,-0.006757228932351056,-0.006757228932351056,-0.006757228932351056,-0.004703245260367755,-0.004703245260367755,-0.009601440616134235,-0.009601440616134235,-0.01502070478365492,-0.01502070478365492,-0.016665939693607763,-0.016665939693607763,-0.019767479586287048,-0.019767479586287048,-0.00879242873269946,-0.00879242873269946,0.018884353254222257,-0.023559146149420857,-0.023559146149420857
2025-02-13,0.006130702684450257,0.006130702684450257,0.009681867327466757,0.009681867327466757,0.009681867327466757,0.009681867327466757,0.00661356059706127,0.00661356059706127,0.013951331705305962,0.013951331705305962,0.02043047235103038,0.02043047235103038,0.02262596572469737,0.022625965724697366,0.027092175046190898,0.027092175046190898,0.012853808920660192,0.01285380892066019,-0.044227256810373525,0.029366981785643474,0.029366981785643474
2025-02-14,-0.01388571676342061,-0.01388571676342061,-0.01494880597809736,-0.01494880597809736,-0.01494880597809736,-0.01494880597809736,-0.011694315039468757,-0.011694315039468757,-0.0223239768978359,-0.0223239768978359,-0.02896740874474242,-0.028967408744742414,-0.03189597378978135,-0.03189597378978135,-0.03845388225321048,-0.03845388225321048,-0.0203840588045191,-0.020384058804519097,0.0382680028749737,-0.046016063935161076,-0.046016063935161076
2025-02-18,-0.018216308562836344,-0.018216308562836344,-0.01506471610416747,-0.01506471610416747,-0.015064716104167472,-0.015064716104167472,-0.012260329987402275,-0.012260329987402275,-0.026156693464164563,-0.026156693464164556,-0.02984536151507937,-0.029845361515079376,-0.03207157399289712,-0.03207157399289712,-0.0407154779762038,-0.0407154779762038,-0.02248726903872844,-0.022487269038728448,0.046202579818336795,-0.05037451718223168,-0.05037451718223168
2025-02-19,-0.002901165982345744,-0.002901165982345744,-0.0033773189605224812,-0.0033773189605224812,-0.0033773189605224812,-0.0033773189605224812,-0.002930094551517301,-0.002930094551517301,-0.007020566434168144,-0.007020566434168144,-0.008942216970301755,-0.008942216970301755,-0.009245871138054449,-0.009245871138054449,-0.010746130523371124,-0.010746130523371124,-0.006902305419005336,-0.006902305419005336,0.009587549780721136,-0.01243421031890078,-0.01243421031890078
2025-02-20,-0.008155553811747651,-0.008155553811747651,-0.0075607961634967654,-0.0075607961634967654,-0.0075607961634967654,-0.0075607961634967654,-0.006346275525578331,-0.006346275525578331,-0.016580091125599532,-0.016580091125599536,-0.0229150539495827,-0.022915053949582695,-0.024030685265263134,-0.024030685265263134,-0.027820833077152805,-0.027820833077152805,-0.01663782838260583,-0.016637828382605826,0.026516762525179132,-0.03230506480665255,-0.03230506480665255
2025-02-21,0.05291618009383757,0.05291618009383757,0.048282942534989146,0.048282942534989146,0.04828294253498916,0.04828294253498916,0.040067787491942626,0.040067787491942626,0.10017139162187946,0.10017139162187946,0.14593111476073797,0.14593111476073797,0.15159048336822917,0.15159048336822917,0.1780835914800687,0.1780835914800687,0.08637882031119241,0.08637882031119241,-0.22482506066408972,0.20658871895690187,0.20658871895690187
2025-02-24,-0.005650839958823318,-0.005650839958823318,-0.004170968712160104,-0.004170968712160104,-0.004170968712160104,-0.004170968712160104,-0.0030498498096773277,-0.0030498498096773277,-0.0014903719207205557,-0.0014903719207205557,0.0014485217776649547,0.001448521777664955,0.001362584816727136,0.001362584816727136,-0.002025565968520331,-0.002025565968520331,-0.0006684298944728273,-0.0006684298944728271,0.00039211341438112846,-0.0049208948578434285,-0.0049208948578434285
2025-02-25,-0.006926247284290437,-0.006926247284290437,-0.005262001618385616,-0.005262001618385616,-0.005262001618385616,-0.005262001618385616,-0.003658770676441795,-0.003658770676441795,-0.009463745619522117,-0.009463745619522117,-0.008040095745360963,-0.008040095745360961,-0.006703912288277264,-0.006703912288277264,-0.01095590440584352,-0.01095590440584352,-0.008600144739564936,-0.008600144739564934,0.010488528435371224,-0.015860873109438345,-0.015860873109438345
2025-02-26,0.0004930191239886523,0.0004930191239886523,0.002370827452590014,0.002370827452590014,0.002370827452590014,0.002370827452590014,0.00229084521004405,0.00229084521004405,0.01425021943267216,0.01425021943267216,0.018566281228611592,0.018566281228611592,0.01735307503447384,0.01735307503447384,0.01748350288951212,0.017483502889512125,0.016145851874062693,0.016145851874062693,-0.020256130113466546,0.018292652639524218,0.018292652639524218
2025-02-27,0.02536075541497937,0.02536075541497937,0.02267986153926573,0.02267986153926573,0.02267986153926573,0.02267986153926573,0.01814544062777385,0.01814544062777385,0.02866548880894754,0.02866548880894754,0.0284947059107395,0.0284947059107395,0.03262648040429592,0.03264776594944779,0.04446917037923607,0.04449045592438794,0.033082699159875995,0.033082699159875995,-0.07860341896312042,0.06343792175120368,0.06343792175120368
2025-02-28,-0.021210717132201382,-0.021210717132201382,-0.021368783476575143,-0.021368783476575143,-0.021368783476575146,-0.021368783476575146,-0.013782449744524345,-0.013782449744524345,-0.013516819186087093,-0.013516819186087093,-0.007889220827638396,-0.007889220827638396,-0.0032669480814857973,-0.002954668360966032,-0.024524138203725506,-0.024211858483205746,-0.016214085337308143,-0.016214085337308143,0.011119524160633725,-0.023503262986024637,-0.023503262986024637
2025-03-03,0.03768929391738166,0.03768929391738166,0.026539728968531396,0.026539728968531396,0.026539728968531396,0.026539728968531396,0.026539728968531396,0.026539728968531396,0.04140753861353714,0.04140753861353714,0.04893619882402431,0.048947634015364325,0.05827636154161894,0.0634006976112236,0.05852807811819633,0.063652414187801,0.05014910389006803,0.05014910389006803,-0.11888286747862187,0.11062558569793306,0.11062558569793306
2025-03-04,0.001628266333391095,0.001628266333391095,0.00254155131142883,0.00254155131142883,0.0025415513114288306,0.0025415513114288306,0.00254155131142883,0.00254155131142883,0.007202526393712166,0.007202526393712166,0.010876634592916637,0.011044627306982172,0.01214495099110072,0.012129389259855617,0.010949778793497003,0.010934217062251898,0.009099354751739955,0.009099354751739955,-0.014815800751035512,0.01084069573980934,0.01084069573980934
2025-03-05,-0.006457540677588471,-0.006457540677588471,-0.006439503701860918,-0.006439503701860918,-0.0064395037018609175,-0.0064395037018609175,-0.006426025748516327,-0.006426025748516327,-0.011871367990609302,-0.011871367990609302,-0.015070135804548015,-0.014931210125447165,-0.018854971657959695,-0.018303052603117185,-0.01835607778892626,-0.017790680780739157,-0.013618801905273764,-0.013618801905273767,0.01670318329074512,-0.020634991680059306,-0.020634991680059306
2025-03-06,0.037787322367852004,0.037787322367852004,0.018049415101971587,0.018049415101971587,0.018049415101971587,0.018049415101971587,0.013361302140501458,0.013361302140501458,0.023945923876079644,0.023954116148381156,0.018416106900804936,0.029225154849900715,0.019514244976312177,0.03570519197874146,0.010678860970011776,0.03212629744941726,0.02910521409523018,0.029113406367531687,-0.08943460221861524,0.07774341754473615,0.07774341754473615
2025-03-07,-0.035151833543751586,-0.035151833543751586,-0.016384371480019,-0.016384371480019,-0.016384371480019,-0.016384371480019,-0.012167309856093125,-0.012167309856093125,-0.018677061882312367,-0.02178936550508845,-0.01920834195222555,-0.030303420721094893,-0.023641822494428748,-0.03890458301025362,-0.015201615994790849,-0.034620608025616076,-0.02727474291692698,-0.03038704653970307,0.0566171927618901,-0.07621312815592067,-0.07621312815592067
2025-03-10,0.05947895837513388,0.05947895837513388,0.02648523543256867,0.026501242179499167,0.02648523543256867,0.026501242179499167,0.019457790439694114,0.01947379718662461,0.024561232984592906,0.030612797442524414,0.020581454216421498,0.042103721846228785,0.005289115395853911,0.04211972859315928,-0.007373968601998679,0.03687550452798383,0.025641429643301194,0.031692994101232705,-0.11466122193399755,0.110340738097438,0.110340738097438
2025-03-11,-0.027370226770767586,-0.027370226770767586,-0.01026777140889753,-0.011656868087346608,-0.01026777140889753,-0.011656868087346608,-0.007952465898086295,-0.009341562576535371,-0.011060581504510149,-0.014324226241941688,-0.012116697789486743,-0.02021548673575116,-0.003252759723006385,-0.01840895775947911,0.002005647849742742,-0.0152906309249193,-0.00893617086368785,-0.012209000328423546,0.05115268277771879,-0.052535523975366365,-0.052535523975366365
2025-03-12,-0.011246200333714877,-0.011246200333714877,0.0034954986670492324,-4.3624898549836765e-05,0.0034954986670492324,-4.3624898549836765e-05,0.004759222030961419,0.00122009846536235,0.02658552143380374,0.016927633858949326,0.018625261354924944,0.012759014092223757,0.03749534631762504,0.020258987467624882,0.03568863441896094,0.017229999157276882,0.022487675170721096,0.01648376130550323,-0.009993605240553243,0.004787384907695776,0.004787384907695776
2025-03-13,0.01588809017840173,0.01588809017840173,0.0075953427913931625,0.008129525436784,0.0075953427913931625,0.008129525436784002,0.006835432607617862,0.0073696152530087,0.010241718945873871,0.011927205879155528,0.012042317018771644,0.015935532072428458,0.006946740525741658,0.015568983350988766,0.008984856812229896,0.01851625217994229,0.01697752354182085,0.01851625217994229,-0.04855560803349691,0.03816806237068176,0.03816806237068176
2025-03-14,-0.02845834889060863,-0.028455027902133945,-0.014968819391075801,-0.01640083978458116,-0.014968819391075801,-0.01640083978458116,-0.013411267948068755,-0.014843288341574109,-0.03410899800975883,-0.038048101577768244,-0.03866867458785385,-0.04522556544316537,-0.03189006693845836,-0.043040354948318316,-0.030456424873989828,-0.043040354948318316,-0.03977193703789058,-0.043040354948318316,0.04541286256443363,-0.0747976730610455,-0.0747976730610455
2025-03-17,-0.0018484234152548991,-0.003989900046165602,0.0027401324508568117,-0.0009203936868680979,0.0027401324508568117,-0.0009203936868680979,0.0031084347187503494,-0.0005520914189745603,0.00983603072550108,-0.0015603240895089153,-0.0004236820832990145,-0.0069154450240718965,0.008046670357193832,-0.0029348450626439345,0.008303392158605724,-0.0029348450626439345,0.00437016600412128,-0.002934845062643934,0.0118951303776312,-0.013274248285020189,-0.013274248285020189
2025-03-18,0.004196411592416262,0.0052764752837947135,0.0011356666207153244,0.001965244502309907,0.0011356666207153244,0.001965244502309907,0.0003458020874072954,0.0011753799690018777,-0.00040837485076433466,0.004017846706622903,0.003985990791066964,0.007725224496013112,-6.10485482541683e-05,0.0066715457105588375,-0.0010285358436696456,0.0066715457105588375,0.003922109240933085,0.0066715457105588375,-0.020086208329880777,0.017890504940189397,0.017890504940189397
2025-03-19,-0.0004908249605030621,-0.0038005095241571037,0.0033532258347687798,-0.000627462009673783,0.0033532258347687798,-0.000627462009673783,0.0033711799211719904,-0.0006095079232705721,0.0072314529479633885,-0.0019056980238107608,-0.00011433781103220972,-0.004378407182779677,0.008292806705505803,-0.0014941024082921592,0.006514996027700595,-0.0014941024082921592,0.004680952907477801,-0.0014941024082921592,0.004979373065452549,-0.014824560491366786,-0.014824560491366786
2025-03-20,-0.012101177241729549,-0.01505003301369356,-0.0014343719787890564,-0.00509775989021511,-0.0014343719787890566,-0.00509775989021511,0.00042598939996278906,-0.0032373985114632652,0.006926545568618085,-0.0023780670308777155,-0.004116228832921875,-0.012328182944378385,0.005388079475447279,-0.009972590094368428,0.005675590782803502,-0.009972590094368428,-0.0033242536410429367,-0.009972590094368428,0.0272455086132213,-0.03703872862443064,-0.03703872862443064
2025-03-21,-0.026146791609060558,-0.028857209156286482,-0.008481649584445241,-0.0111102192678138,-0.008481649584445241,-0.0111102192678138,-0.004361698891502701,-0.00699026857487126,-4.715578687283585e-05,-0.008701588639324612,0.0006067904429723284,-0.010243123802039242,0.012281430903711976,-0.008701588639324612,0.01520406264341427,-0.008701588639324612,-0.0021595908780984684,-0.008701588639324612,0.053020452929349725,-0.0638111306580151,-0.0638111306580151
2025-03-24,0.00909618072487398,0.011745456811087133,0.0032075680794879406,0.006421520458513569,0.0032075680794879406,0.006421520458513569,-0.00012079611578814699,0.003093156263237481,-0.010396532208168684,0.0,-0.006681437630736918,0.0016289661698947763,-0.015838382842427105,0.0,-0.018476584229633504,0.0,-0.007818538312673349,0.0,-0.021250846545778166,0.015787217793947442,0.015787217793947442
2025-03-25,-0.0012438464946327153,-0.005575403066260214,0.0035481661157796755,-0.002359035902283268,0.0035481661157796764,-0.002359035902283268,0.004613263685536005,-0.0012939383325269386,0.014143761547343689,0.0,0.004208349065564175,-0.003827017504489075,0.01452753270631809,0.0,0.013502093335716654,0.0,0.009958578544384478,0.0,0.02037281977556909,-0.025565487925690165,-0.025565487925690165
2025-03-26,0.0030140974167439404,0.007596226104518128,-0.0020175555206168945,0.003897856875734148,-0.0020175555206168945,0.003897856875734148,-0.0033565932944074617,0.0025588191019435803,-0.01436549811507867,0.0,-0.006442648505144001,0.0033105737655008912,-0.01876814032665305,0.0,-0.018261090470568658,0.0,-0.010169228662167804,0.0,-0.038467221161797634,0.028475805840368778,0.028475805840368778
2025-03-27,-0.001577015575851661,-0.0029591987947899627,0.0006444656998619783,-0.0014783933200291956,0.0006444656998619784,-0.0014783933200291956,0.0014453287742623344,-0.0006775302456288395,0.005312032970992649,0.0,0.0012352743251849505,-0.0014648570856225919,0.004993540869231014,0.0,0.00510056291943181,0.0,0.003786829488785134,0.0,0.006785176812726837,-0.01421917247453779,-0.01421917247453779
2025-03-28,0.015056803656988684,0.02579261011041197,-0.0065861849262734825,0.006437958540667093,-0.006586184926273482,0.006437958540667093,-0.008705279634276834,0.004318863832663743,-0.03148687497483539,0.0,-0.015047794815569102,0.007221914507293247,-0.04415337039089874,0.0,-0.04109157720787894,0.0,-0.02224504951686257,0.0,-0.10237730103918813,0.09360182809152078,0.09360182809152078
2025-03-31,-0.010510774433640135,-0.012430157035078887,-0.003869408120673799,-0.0057122058018347945,-0.003869408120673799,-0.0057122058018347945,-0.002825436639030989,-0.004668234320191984,0.004331193520740318,0.0,-0.0003011361780167484,-0.0011182605820053006,0.003510458288106891,0.0,0.003861242486490655,0.0,0.003190352375364995,0.0,0.010641421270954273,-0.02547205941366979,-0.02547205941366979
2025-04-01,0.0007355848088128356,-0.0014131547534864234,0.0034041304497099724,0.0004363013441308178,0.0034041304497099724,0.0004363013441308178,0.0030212717473872643,5.344264180811004e-05,0.0056434207070224,0.0,0.00024252444284133656,-0.0015465352198000119,0.004989367462876039,0.0,0.003948246546124845,0.0,0.004084393706368676,0.0,0.009753314050774045,-0.011149867821654332,-0.011149867821654332
2025-04-02,-0.00447314873597853,-0.0028017843199091893,-0.004594211619084611,-0.002168373533025096,-0.004594211619084611,-0.002168373533025096,-0.0030904652740720573,-0.0006646271880125434,-0.004291070560593885,0.0,-0.00018005509698169065,0.001052637994430999,-0.0038936195252519323,0.0,-0.0019698596155867656,0.0,-0.002938107506335084,0.0,-0.0032645185266207623,-0.0005107571108461258,-0.0005107571108461258
2025-04-03,0.02229254538175065,0.09549009741198847,-0.07224779372263143,0.015735809226584883,-0.07224779372263145,0.015735809226584883,-0.076614410884078,0.01136919206513832,-0.17319548265488086,0.0,-0.021174673500683312,0.03879831234633287,-0.20638148708308948,0.0,-0.2133318974880198,0.0,-0.12762492587757918,0.0,-0.4636806461725903,0.44721330521056435,0.44721330521056435
2025-04-04,-0.03191467164546538,0.06415749521086263,-0.10381181712574807,0.0056125526409306166,-0.10381181712574807,0.0056125526409306166,-0.10381181712574807,0.0056125526409306166,-0.1812403612515662,0.0,0.027208160343264436,0.06692954764421824,-0.18871694788826693,0.0,-0.19202281512125477,0.0,-0.13035638133846908,0.0,-0.48035320890329,0.47417487418208504,0.47417487418208504
2025-04-07,-0.0025044520942295308,0.006427620890405994,-0.012478583207240702,-1.5589749393851233e-05,-0.012478583207240698,-1.5589749393851233e-05,-0.012478583207240698,-1.5589749393851233e-05,-0.017083642649385427,0.0,0.00014855553693777032,0.005210042468201543,-0.017424636789200167,0.0,-0.017038355639748873,0.0,-0.013597553208374418,0.0,-0.04100697179457737,0.03657312891186347,0.03657312891186347
2025-04-08,0.00135830715420437,0.007992568728034574,-0.00791088535023575,0.0016357145170299077,-0.00791088535023575,0.0016357145170299077,-0.00791088535023575,0.0016357145170299077,-0.013021797317790375,0.0,-0.002937657841766616,0.00323615086015643,-0.01774795595646183,0.0,-0.018462192387100028,0.0,-0.010676611493751285,0.0,-0.031838411486191945,0.028972074603960885,0.028972074603960885
2025-04-09,0.00294258041617932,0.052941340899853626,-0.06819984217026079,0.007431924348457564,-0.06819984217026079,0.007431924348457564,-0.06819984217026079,0.007431924348457564,-0.10163506054325054,-2.3301114640102457e-05,-0.02444713370439439,0.02484681992005726,-0.12832854311665928,-2.3301114640102457e-05,-0.12632021116504866,-2.3301114640102457e-05,-0.08427196295813093,-2.3301114640102457e-05,-0.21483783583878832,0.20162986988828896,0.20162986988828896
2025-04-10,0.029931822471233282,0.0841233906058422,-0.062134247804771,0.027828430075502123,-0.062134247804771,0.027828430075502116,-0.062134247804771,0.027828430075502116,-0.09386913351864191,0.013975051153334472,-0.03580954693078658,0.0319247400903515,-0.1307042678218868,0.013975051153334472,-0.13223805782021397,0.013975051153334472,-0.08646583576789342,0.013975051153334472,-0.25798375811180907,0.24516208228802083,0.24516208228802083
2025-04-11,2.5891681471484674e-05,-0.00942231420638395,0.013407156500336899,-0.0036148434614655368,0.013407156500336895,-0.0036148434614655368,0.013407156500336895,-0.0036148434614655368,0.02215221658303674,-0.00027143097662225986,0.01257600648140174,-0.0018368632511239213,0.021819404187236418,-0.00027143097662225986,0.021115700647531623,-0.00027143097662225986,0.016750568985180174,-0.00027143097662225986,0.05033432793784363,-0.058800391604785084,-0.058800391604785084
2025-04-14,-0.03079305243905953,-0.057049023009141546,0.005067594871114157,-0.034045290033555844,0.005067594871114159,-0.03404529003355584,0.005093395998288382,-0.03401948890638161,0.04559238681407961,-0.01015511896887937,0.014759718111591335,-0.02130302801341534,0.06367497669508497,-0.010180920096053593,0.076569493710789,-0.010180920096053593,0.02893196480861641,-0.010180920096053593,0.12865754581978592,-0.13023960561887998,-0.13023960561887998
2025-04-15,-0.004055125776675693,-0.01703298415908587,0.0008351568577902353,-0.012549279284268758,0.0008351568577902353,-0.012549279284268758,0.003768107138729847,-0.009616329003329144,0.017667333453304263,-0.0031783998691523587,0.004769561537087269,-0.007136249574692827,0.01833403785965947,-0.006133990153270706,0.022098070171513017,-0.006111350150091972,0.007273085991967021,-0.006111350150091972,0.048365380712440516,-0.05117061396077843,-0.05117061396077843
2025-04-16,-0.004198521078783017,0.011040701973677897,8.902324636238379e-05,0.009965339118006572,8.902324636238379e-05,0.009965339118006572,-0.0026816938106532366,0.007194622060990951,-0.016791540570749927,0.0030565292841793915,-0.005625730748627683,0.005789199858972864,-0.009604698164149841,0.008524388246222892,-0.017126030151680533,0.005827246341195012,-0.004049069530449176,0.005827246341195012,-0.04835635161831413,0.04489735490855183,0.04489735490855183
2025-04-17,-0.0007001712222614164,-0.01459046680256901,-0.0012557669947019037,-0.014252744312590493,-0.0012557669947019037,-0.014252744312590493,0.001831212426811407,-0.011165764891077182,0.022739563562371383,-0.0025798575751933206,0.013717407942425179,-0.0065705204887873585,0.003755794017372383,-0.012496997643602575,0.020163809119478165,-0.005666836996706632,0.0073301403211819575,-0.005666836996706632,0.02507674530741665,-0.03160546040943089,-0.03160546040943089
2025-04-21,-0.007859336923215037,0.00595434099762472,0.0010851940173116008,0.01018815521334168,0.0010851940173116012,0.01018815521334168,-0.0016210781346558771,0.007481883061374203,-0.016933071643686737,0.0025979481508233856,-0.010307469709256493,0.005167657673298424,0.0012903163172129038,0.010565393957573836,-0.011858473959447672,0.005304220302790864,-0.003798740893239217,0.005304220302790864,-0.02611752856785237,0.023760382117291506,0.023760382117291506
2025-04-22,-0.0018121466657823534,0.005247261687078117,-0.003218196253641319,0.003846995948174873,-0.003218196253641319,0.003846995948174873,-0.003883521477301144,0.0031816707245150475,-0.009530820157067675,0.0011847690628815763,-0.004268888936815697,0.0032428492790041057,-0.005899780914880966,0.0031610068851079583,-0.010746446688860095,0.0018500942865414015,-0.00521509791527479,0.0018500942865414015,-0.010228696865176114,0.0075947582386203015,0.0075947582386203015
2025-04-23,0.0013172425355336883,-0.0026267604271677314,0.0007268077775929299,-0.0009668873029142272,0.0007268077775929299,-0.0009668873029142272,0.001339261035176489,-0.0003544340453306681,0.0018609940739868155,-0.0006618560306039022,-0.0006839995418002806,-0.00048014965077373,0.0014875867876149571,-0.002472394953662944,0.005253572218910104,-0.0012743092881874613,0.00041938579231969595,-0.0012743092881874613,0.020536717307562798,-0.026713185567552634,-0.026713185567552634
2025-04-24,-0.002040653277279201,0.009645987460887732,-0.00291357250611942,0.006314172972641111,-0.0029135725061194195,0.006314172972641112,-0.0043021570987199316,0.0049255883800405995,-0.01285173158826345,0.0022354166341389215,-0.006103598339159623,0.004284152010459015,-0.009772255054667436,0.006094379801620213,-0.01935973864548258,0.0036240012267394336,-0.005603744252021097,0.0036240012267394336,-0.030592057318379964,0.0174699621043842,0.0174699621043842
2025-04-25,0.007581123888384912,-0.01396619360130378,0.008876556531433747,-0.010006737778682762,0.008876556531433747,-0.010006737778682762,0.011057138097025476,-0.007826156213091032,0.024239254379880976,-0.0028071920227401128,0.012464367391658907,-0.006042909950968249,0.017370620219196404,-0.00930117637564494,0.03075380330483147,-0.004987773588331843,0.013895520721784667,-0.004987773588331843,0.039672676653529235,-0.046894732469300114,-0.046894732469300114
2025-04-28,0.0022454806775050527,-0.009087631291948953,0.003087906698773129,-0.005353181982717359,0.003087906698773129,-0.00535318198271736,0.00436203765230103,-0.004079051029189459,0.011188494355509443,-0.0018271274562404057,0.006109534967335658,-0.0036883466459619756,0.010374999996588887,-0.005245281438875227,0.018443666638632877,-0.003101258409768306,0.005339830271722182,-0.003101258409768306,0.024633149938154464,-0.025398089945087972,-0.025398089945087972
2025-04-29,0.006726694111386234,-0.006503285481891207,0.005874571922052831,-0.005981316847271217,0.00587457192205283,-0.005981316847271217,0.00719564627367615,-0.0046602424956479,0.015272628602075424,-0.0014503270556657435,0.010469074944620262,-0.0031106604929564434,0.01063616518083523,-0.005475366542869176,0.017044201047244925,-0.002771401407289062,0.009084487362034988,-0.002771401407289062,0.02240828013340163,-0.024213725949609917,-0.024213725949609917
2025-04-30,-0.017584574760623067,-0.0054626937016581546,-0.008629967056320012,0.0022306886353123854,-0.008629967056320012,0.002230688635312385,-0.009628692330170129,0.0012319633614622685,-0.01344475482560712,0.00022828838849830362,-0.011700262043549878,0.00018254063341584947,0.0008110939708921119,0.003279641724076078,-0.0023506030617757474,0.00122701366234842,-0.009633642029283976,0.00122701366234842,-0.004814737145605092,0.002536072081937321,0.002536072081937321
2025-05-01,0.010078238639994633,-0.005230673221398447,0.007557510043970343,-0.005983387414542969,0.007557510043970342,-0.005983387414542969,0.009124387592753355,-0.004416509865759955,0.017313807108899282,-0.0014703715752630853,0.012976642823148008,-0.002648537910254184,0.007474022634993453,-0.006184441138526599,0.01631025068152913,-0.0030372491240461,0.010503648334467212,-0.0030372491240461,0.02217132274293862,-0.02413189695316245,-0.02413189695316245
2025-05-02,-0.006440943810717669,-0.008650358715402253,-0.00285088680412224,-0.0027541870981639344,-0.00285088680412224,-0.0027541870981639344,-0.0021242760773287606,-0.002027576371370455,0.0009788508736062536,-0.0008779588327923279,0.0016257575735428714,-0.0016413124145727002,-0.003005402682892357,-0.003007405677020572,0.004201521679711363,-0.0016045695595858077,-0.0017012692655441139,-0.0016045695595858077,0.006985473461696456,-0.016743535578855107,-0.016743535578855107
2025-05-05,0.01555730875827405,-0.003557614523565361,0.012460420977893148,-0.00552128723990352,0.012460420977893148,-0.00552128723990352,0.014045234005573167,-0.0039364742122235015,0.020787360756320268,-0.001977561344990827,0.01887199622737325,-0.001977561344990827,0.010024808125024487,-0.006354468650286981,0.017985671070322905,-0.0035623743726708465,0.014419333845125821,-0.0035623743726708465,0.02507275120559422,-0.02598760553454783,-0.02598760553454783
2025-05-06,-0.00854315548337097,0.0031466992919524338,-0.006807422914736286,0.00440377303252556,-0.006807422914736286,0.00440377303252556,-0.00764336192374825,0.0035678340235135945,-0.01516694424054631,0.0003812709023752037,-0.01364724822062679,0.0003812709023752037,-0.008448191530183573,0.003377165753005331,-0.0143208482103966,0.0012172099113871692,-0.009993986035874676,0.0012172099113871692,-0.016980783227738296,0.01500151264254328,0.01500151264254328
2025-05-07,0.015922961579255584,-0.006269023255647312,0.013299278372971401,-0.008094086351062969,0.013299278372971401,-0.008094086351062969,0.014932212294387867,-0.006461152429646504,0.02441145854782881,-0.0022780718464352123,0.020832222162092635,-0.0022780718464352123,0.012239329979818461,-0.007110573687381943,0.020599663343071346,-0.003911005767851677,0.017482358956182695,-0.003911005767851677,0.028193338529317175,-0.03232720232451821,-0.03232720232451821
2025-05-08,0.013369555794003138,-0.0033153110654231674,0.012720200008403968,-0.002432471461917853,0.012720200008403968,-0.002432471461917853,0.013904327558418129,-0.0012483439119036922,0.01655659819782746,-0.0010155230810326929,0.014579901699810166,-0.0010155230810326929,0.008882269191399398,-0.0042537668665034506,0.014284960784996177,-0.0021996506310468546,0.012953020839274968,-0.0021996506310468546,0.01838279980287805,-0.022585580826733037,-0.022585580826733037
2025-05-09,0.016613102435562514,-0.004159113346113808,0.017890169608095873,-0.005195089089354195,0.017890169608095877,-0.005195089089354195,0.019236763185880554,-0.0038484955115695163,0.022894404739907042,-0.0010946357554039558,0.021077466593174658,-0.0010946357554039558,0.011742068139465373,-0.004664983478061494,0.02023920312348272,-0.002441229333188635,0.020644029364261435,-0.002441229333188635,0.023944905911353506,-0.030237120398937598,-0.030237120398937598
2025-05-12,-0.042476296280779036,0.0031965272308989356,-0.052853453949364276,0.0013993964140071248,-0.052853453949364276,0.0013993964140071248,-0.05425285036337141,0.0,-0.05780455648883756,0.0,-0.05692815150046023,0.0,-0.032155921935160696,0.003281507524434101,-0.05499819107220673,0.0013993964140071248,-0.052853453949364276,0.0013993964140071248,-0.057853448483897445,0.05128941276309855,0.05128941276309855
2025-05-13,-0.024433486789464838,0.0014902987368426164,-0.025755716152077196,0.001971413182377934,-0.025755716152077196,0.001971413182377934,-0.02772712933445513,0.0,-0.030644787570228038,0.0,-0.027403745794374552,0.0,-0.015113538859863466,0.004853720452266392,-0.02771275866610981,0.001971413182377934,-0.025755716152077196,0.001971413182377934,-0.03166117314686277,0.030530796972248798,0.030530796972248798
2025-05-14,0.01330612559963246,-0.0007645661013516414,0.014239577175581889,-0.001882014869984421,0.01423957717558189,-0.001882014869984421,0.01612159204556631,0.0,0.016602387546226997,0.0,0.014916013755791527,-4.0593624988508106e-05,0.008946428339059722,-0.003389393422472243,0.014306073377799766,-0.0019226084949729293,0.014239577175581889,-0.001882014869984421,0.01568770796576668,-0.019091345026256385,-0.019091345026256385
2025-05-15,0.015020305980275272,-0.0013632930797088238,0.02087324523851984,0.0,0.020873245238519845,0.0,0.020873245238519845,0.0,0.020287940273297098,0.0,0.016623942394422036,-0.0014347565242397102,0.008559226200983856,-0.005631066060438317,0.021194825806335197,-0.0014347565242397102,0.02087324523851984,0.0,0.023548827612556198,-0.027559356980149004,-0.027559356980149004
2025-05-16,-0.00757658822404071,0.00017854130043317866,-0.00829776792992801,0.0,-0.00829776792992801,0.0,-0.00829776792992801,0.0,-0.00829776792992801,0.0,-0.00602687975397915,0.00019999814524074037,-0.005574650947623048,0.0006448074736752438,-0.009151262744578966,0.00019999814524074037,-0.00829776792992801,0.0,-0.010195524314265092,0.0056662989078918695,0.0056662989078918695
2025-05-19,0.006576514896064326,-0.0006170954285541969,0.009171203797174806,0.0,0.009171203797174806,0.0,0.009171203797174806,0.0,0.009171203797174806,0.0,0.009889256884760325,0.00039636920344663973,0.00692016744699026,0.0004404068507358699,0.009449337194637506,0.00039636920344663973,0.009171203797174806,0.0,0.008372154068440616,-0.008911883454886813,-0.008911883454886813
2025-05-20,0.005680930378088657,-0.0013782973033049841,0.01083204015633534,0.0,0.01083204015633534,0.0,0.01083204015633534,0.0,0.01083204015633534,0.0,0.0024878658775919307,-0.007855639918298648,-0.003291164395292192,-0.008174540019734135,0.006935904213345924,-0.007855639918298648,0.01083204015633534,0.0,0.022124232412620074,-0.02596884363802747,-0.02596884363802747
2025-05-21,-0.027677028833958478,0.0035150094904146034,-0.041888659415509635,0.0,-0.041888659415509635,0.0,-0.041888659415509635,0.0,-0.041888659415509635,0.0,-0.018069208790461484,0.02175707876002232,-0.006867136145709831,0.018230552444540818,-0.03006711871115712,0.021788424504898412,-0.041888659415509635,0.0,-0.07606821435968218,0.06874941304285584,0.06874941304285584
2025-05-22,0.019256009677848875,-0.004144493469110026,0.030944957749817797,0.0,0.030944957749817797,0.0,0.030944957749817797,0.0,0.030944957749817797,0.0,0.024410801590156656,-0.006534156159661143,0.014500942198607324,-0.005288967445081924,0.029355332840299564,-0.004934383324872848,0.030944957749817797,0.0,0.040547772449819657,-0.043503977763218425,-0.043503977763218425
2025-05-23,-0.010955525415197261,0.0033437786886342906,-0.019619047941757266,0.0,-0.019619047941757266,0.0,-0.019619047941757266,0.0,-0.019587430709285526,0.0,-0.012890246946818788,0.006728800994938479,-0.007302846436427125,0.00488054917735604,-0.017780949592331733,0.005232260623882462,-0.01958743070928553,0.0,-0.03256531703427056,0.02629711670795244,0.02629711670795244
2025-05-27,0.0026875240839033775,-0.004187664924964323,0.010478189063645038,0.0,0.010478189063645038,0.0,0.010478189063645036,0.0,0.008563724949822927,0.0,0.0019340649084544901,-0.008544124155190548,0.0005708363272194763,-0.005738603586182252,0.005022052842484287,-0.006372616122370704,0.008563724949822929,0.0,0.02064808684670986,-0.02839434120853625,-0.02839434120853625
2025-05-28,-0.0005215385415957725,-0.00048693177710763303,-0.00023149497454127497,0.0,-0.00023149497454127486,0.0,-0.00023149497454127497,0.0,-0.0005115147095412094,0.0,-0.003005112536655765,-0.0027736175621144894,-0.003449430094157476,-0.002109812853466014,-0.0024843742360106807,-0.002726216351237154,-0.0005115147095412093,0.0,0.0026901953247400853,-0.007358693028612272,-0.007358693028612272
2025-05-29,0.0016416125267757992,-0.0010383796208501509,0.0032826049018165,0.0,0.0032826049018165,0.0,0.0032826049018164997,0.0,0.0027497692035807464,0.0,-0.001693053713606748,-0.004975658615423247,-0.0023536726210935614,-0.0040513268170927945,-0.0013139844265309128,-0.0058051789753533495,0.0027497692035807464,0.0,0.010728656921319009,-0.01435410424783927,-0.01435410424783927
2025-05-30,-0.005322493754111114,-0.000837570900894137,-0.007978984704449169,0.0,-0.007978984704449169,0.0,-0.007978984704449169,0.0,-0.008047691719656478,0.0,-0.0160973703637111,-0.008118385659261932,-0.011190422727278639,-0.006121780446418749,-0.015947313048600645,-0.010070259172467354,-0.008047691719656478,0.0,0.0042166469980517264,-0.010076472021466974,-0.010076472021466974
2025-06-02,0.0036199820348583097,-0.006641400007980427,0.012453578581366597,0.0,0.012453578581366597,0.0,0.012453578581366597,0.0,0.010084308947220365,0.0,0.0004576261930227228,-0.011995952388343873,-0.0028615767614334616,-0.009055781559871558,-0.0034884517480746036,-0.01840851404735186,0.010084308947220365,0.0,0.038645139888165814,-0.04139456820439488,-0.04139456820439488
2025-06-03,-0.003629980640193869,-7.050297147841564e-06,-0.00792333528743687,0.0,-0.00792333528743687,0.0,-0.00792333528743687,0.0,-0.008338059107614907,0.0,-0.014477347284120453,-0.006554011996683582,-0.006854855457128399,-0.004123725517636764,-0.01823692625121954,-0.011101507748231496,-0.008338059107614907,0.0,0.003192412643962523,-0.0063436846717699735,-0.0063436846717699735
2025-06-04,-0.0008537340484496763,-0.0026908738228898785,0.0006778459675409319,0.0,0.000677845967540932,0.0,0.000677845967540932,0.0,-0.000610571478529497,0.0,-0.008645356456940253,-0.009323202424481185,-0.0056028435801069995,-0.006212464900443528,-0.012620702352474991,-0.014874416435490827,-0.000610571478529497,0.0,0.02089199291169456,-0.02265176077341095,-0.02265176077341095
2025-06-05,0.0015849654927304032,-0.003236532681449429,0.008821991620261623,0.0,0.008821991620261623,0.0,0.008821991620261623,0.0,0.0078552586270801,0.0,0.00684251855081644,-0.001979473069445182,-0.0011161979675107748,-0.00320018098253338,0.00612274340624683,-0.003934722271905378,0.0078552586270801,0.0,0.01402074561623142,-0.01839146179141965,-0.01839146179141965
2025-06-06,-0.0044619516867065315,-0.0035887341013817226,-0.006700969301287945,0.0,-0.0067009693012879444,0.0,-0.006700969301287945,0.0,-0.007244248354838559,-1.9882051370308273e-05,-0.017130794598143758,-0.010429825296855813,-0.005354854616078507,-0.0058782516182588115,-0.028233836786616156,-0.021908029489047364,-0.007244248354838559,-1.9882051370308273e-05,0.012657469363935974,-0.023354058419501993,-0.023354058419501993
2025-06-09,-0.001884121015435073,-0.004468395028045623,0.0010917816520606628,0.0,0.0010917816520606628,0.0,0.0010917816520606628,0.0,-0.0018677598486484532,-0.0018677598486484532,-0.01125147111189802,-0.012343252763958682,-0.007623923118526908,-0.00871570477058757,-0.021058366051063877,-0.023579826006170125,-0.0018677598486484532,-0.0018677598486484532,0.028823110227806894,-0.029915059004665585,-0.029915059004665585
2025-06-10,-0.0013786995377280402,-0.0027782417922268743,0.0006242873066977181,0.0,0.0006242873066977181,0.0,0.0006242873066977181,0.0,-0.0008335425568263353,-0.0008335425568263353,-0.005015713986431645,-0.005640001293129364,-0.00239187951226814,-0.003016166818965858,-0.011174091584315008,-0.011915901613346653,-0.0008335425568263353,-0.0008335425568263353,0.011445089037381104,-0.015544830010333285,-0.015544830010333285
2025-06-11,0.00034490979141012517,0.0008799557510166177,-0.0002458787588090291,0.0,-0.0002458787588090291,0.0,-0.0002458787588090291,0.0,-4.7760224021908815e-05,-4.7760224021908815e-05,-0.005385810816386165,-0.005139932057577136,-0.005646656405352089,-0.005400777646543059,-0.0029846805637723647,-0.0036621132360124395,-4.7760224021908815e-05,-4.7760224021908815e-05,0.0018356805068391936,-0.005189887758701227,-0.005189887758701227
2025-06-12,0.00023164497682289433,4.287289875774847e-05,0.0005292117288811108,0.0,0.0005292117288811108,0.0,0.0005292117288811108,0.0,0.0009503972724623856,0.0009503972724623856,-0.004384292299913287,-0.004913504028794398,-0.0035610278342201986,-0.004090239563101309,0.0011903310691467365,0.0008356059841346406,0.0009503972724623856,0.0009503972724623856,-0.0005925760841557401,-0.003510519724082252,-0.003510519724082252
2025-06-13,0.004198938333522452,0.008320059874965141,-0.00015358212178243137,0.0,-0.00015358212178243137,0.0,-0.00015358212178243137,0.0,0.004737469141420194,0.004737469141420194,0.006835384599893447,0.006988966721675876,-0.010712246676275464,-0.010558664554493032,0.043346902730545624,0.043346902730545624,0.004737469141420194,0.004737469141420194,-0.06012036527522678,0.04536330332634826,0.04536330332634826
2025-06-16,-0.00564451397763592,-0.011365783655803055,0.0017498999753051742,0.0,0.0017498999753051742,0.0,0.0017498999753051742,0.0,-0.004883042621321979,-0.004883042621321979,-0.023846188541585944,-0.025596088516891113,-0.003133142646016805,-0.004883042621321979,-0.06965765941783746,-0.06965765941783746,-0.004883042621321979,-0.004883042621321979,0.07039729376042127,-0.07689042615199357,-0.07689042615199357
2025-06-17,0.004433401452216952,0.011255285627873271,-0.0014277649028980378,0.0,-0.0014277649028980378,0.0,-0.0014277649028980378,0.0,0.004773767481687364,0.004773767481687364,0.023413050847244758,0.024840815750142794,0.0033460025787893275,0.004773767481687364,0.0764546750043112,0.0764546750043112,0.004773767481687364,0.004773767481687364,-0.086967024294672,0.08097060251224722,0.08097060251224722
2025-06-18,-0.0024976266693152904,-0.012511951434938133,0.003048110191868169,0.0,0.003048110191868169,0.0,0.003048110191868169,0.0,-0.004087410982663418,-0.004087410982663418,-0.02819955360801945,-0.031247663799887616,-0.001039300790795249,-0.004087410982663418,-0.07185372000421626,-0.07185372000421626,-0.004087410982663418,-0.004087410982663418,0.08411831216199997,-0.08600858051875189,-0.08600858051875189
2025-06-20,-0.004113730131099547,-0.009429168392323585,6.52901589633566e-05,0.0,6.52901589633566e-05,0.0,6.52901589633566e-05,0.0,-0.004629938522125411,-0.004629938522125411,-0.02220281276706985,-0.022268102926033206,-0.004564648363162054,-0.004629938522125411,-0.058663420010951685,-0.058663420010951685,-0.004629938522125411,-0.004629938522125411,0.06174531431913556,-0.06864123961468863,-0.06864123961468863
2025-06-23,-0.00032054883412291785,-0.001538688797102764,0.0,0.0,0.0,0.0,0.0,0.0,-0.0015592092095141612,-0.0015592092095141612,-0.004638488520576348,-0.004638488520576348,-0.0015592092095141612,-0.0015592092095141612,-0.01712000072949497,-0.01712000072949497,-0.0015592092095141612,-0.0015592092095141612,0.015001887338611413,-0.021294051587461033,-0.021294051587461033
2025-06-24,0.0006254163480066234,0.0025465696268510024,0.0,0.0,0.0,0.0,0.0,0.0,0.001301932432317133,0.001301932432317133,0.001567066409121441,0.001567066409121441,0.001301932432317133,0.001301932432317133,0.011349046820831016,0.011349046820831018,0.001301932432317133,0.001301932432317133,-0.015651708270587764,0.008833945057239681,0.008833945057239681
2025-06-25,-0.0014183533808473112,-0.005839589432736586,0.0,0.0,0.0,0.0,0.0,0.0,-0.003926178285554612,-0.003926178285554612,-0.009049499274201128,-0.009049499274201126,-0.003926178285554612,-0.003926178285554612,-0.044291878467965964,-0.04429187846796596,-0.003926178285554612,-0.003926178285554612,0.051602071452305456,-0.05334276360441772,-0.05334276360441772
2025-06-26,-0.0014810573991938063,0.002051616618830685,0.0,0.0,0.0,0.0,0.0,0.0,0.00110265029563991,0.00110265029563991,0.003059483063074299,0.003059483063074299,0.00110265029563991,0.00110265029563991,0.01784063277813952,0.017840632778139517,0.00110265029563991,0.00110265029563991,-0.028925988264318008,0.023199785928383582,0.023199785928383582
2025-06-27,-0.002023535234746019,-0.0024869300029878054,0.0,0.0,0.0,0.0,0.0,0.0,-0.0007636010526241606,-0.0007636010526241606,-0.002488833416636163,-0.002488833416636163,-0.0007636010526241606,-0.0007636010526241606,-0.012238023758297814,-0.01223802375829781,-0.0007636010526241606,-0.0007636010526241606,0.0075437468561098805,-0.014206518776389846,-0.014206518776389846
2025-06-30,0.0012870029613942717,0.002020313224911829,0.0,0.0,0.0,0.0,0.0,0.0,0.001191179216231868,0.001191179216231868,0.002041170141011855,0.002041170141011855,0.001191179216231868,0.001191179216231868,0.01033893480600789,0.01033893480600789,0.001191179216231868,0.001191179216231868,-0.017361753944679384,0.013010261570557255,0.013010261570557255
2025-07-01,-0.001181125269199324,-0.002889176429387664,0.0,0.0,0.0,0.0,0.0,0.0,-0.0023463273672173135,-0.0023463273672173135,-0.006938606165712521,-0.006938606165712521,-0.0023463273672173135,-0.0023463273672173135,-0.026446775131711602,-0.026446775131711595,-0.0023463273672173135,-0.0023463273672173135,0.03248618449141161,-0.03346711036150842,-0.03346711036150842
2025-07-02,0.001022372866258455,0.0007242767169953338,0.0,0.0,0.0,0.0,0.0,0.0,-0.00023545907196572408,-0.00023545907196572408,-0.0014586799417320691,-0.001458679941732069,-0.00023545907196572408,-0.00023545907196572408,-0.004631415690160311,-0.0046314156901603116,-0.00023545907196572408,-0.00023545907196572408,0.0026975345049053668,-0.006111810834827413,-0.006111810834827413
2025-07-03,-0.0035407389822096776,-0.002505761801243774,0.0,0.0,0.0,0.0,0.0,0.0,-0.003319380554546336,-0.003319380554546336,-0.0016978369945306066,-0.0016978369945306068,-0.0033846284916277973,-0.0033846284916277973,-0.0002484693963765505,-0.0002484693963765498,-0.003319380554546336,-0.003319380554546336,-0.02333321983851569,0.003619222991992693,0.003619222991992693
2025-07-07,0.002293124962833152,0.0,0.0,0.0,0.0,0.0,0.0,0.0,0.0,0.0,-0.005850712670389514,-0.005850712670389514,-0.0006659701678782311,-0.0006659701678782311,-0.01816416820095491,-0.01816416820095491,0.0,0.0,0.02628600207642791,-0.02727668826029197,-0.02727668826029197
2025-07-08,0.0019022373111944576,0.0,0.0,0.0,0.0,0.0,0.0,0.0,0.0,0.0,-0.006022148148291848,-0.006022148148291848,-0.00393091729623244,-0.00393091729623244,-0.018960024378310833,-0.018960024378310833,0.0,0.0,0.026363213321737692,-0.027365954522070194,-0.027365954522070194
2025-07-09,0.0002483978205464438,0.0,0.0,0.0,0.0,0.0,0.0,0.0,-6.183861007840393e-05,-6.183861007840393e-05,-0.0015565796403349654,-0.001556579640334965,-0.0016196279814252223,-0.0016196279814252223,-0.00655592144522228,-0.00655592144522228,0.0,0.0,0.006520464761586986,-0.008438784714324597,-0.008438784714324597
2025-07-10,0.00019491714973293424,0.0,0.0,0.0,0.0,0.0,0.0,0.0,-0.0009672937086884596,-0.0009672937086884596,-0.001864560582884435,-0.001864560582884435,-0.0018450527602106373,-0.0018450527602106373,-0.005440311445541648,-0.005440311445541648,0.0,0.0,0.0037110472821490943,-0.006498755189131062,-0.006498755189131062
2025-07-11,0.000511350611207675,0.0,0.0,0.0,0.0,0.0,0.0,0.0,-0.0009171015117874682,-0.0009171015117874682,-0.00224611348839636,-0.00224611348839636,-0.00140779644918903,-0.0014077964491890302,-0.010135956827930696,-0.010135956827930696,0.0,0.0,0.003118644531359825,-0.012298366062970426,-0.012298366062970426
2025-07-14,0.00044976353699794085,0.0,0.0,0.0,0.0,0.0,0.0,0.0,0.0002903217467170266,0.0002903217467170266,-0.00018474025109031415,-0.00018474025109031415,8.337255108341295e-05,8.337255108341295e-05,-0.000874693777476741,-0.0008746937774767411,0.0,0.0,0.0020682858202803766,-0.0028334214664325437,-0.0028334214664325437
2025-07-15,-0.0002549313932675762,0.0,0.0,0.0,0.0,0.0,0.0,0.0,-0.0018526022008199554,-0.0018526022008199554,-0.0026751503185945065,-0.002675150318594506,-0.0026468109798844126,-0.0026468109798844126,-0.006827191886759081,-0.006827191886759083,0.0,0.0,0.004767797231327324,-0.0064098144089865545,-0.0064098144089865545
2025-07-16,0.0009806376500753969,-3.790051959545878e-05,0.0,0.0,0.0,0.0,0.0,0.0,-0.0017691809781860842,-0.0017691809781860846,-0.0027887326209989514,-0.002788732620998951,-0.002840814480872688,-0.0028408144808726877,-0.010093411943569209,-0.010093411943569209,-3.790051959545878e-05,-3.790051959545878e-05,0.012747943638973861,-0.014464148761800546,-0.014464148761800546
2025-07-17,-0.0010430691616412735,-0.0005290616161623771,0.0,0.0,0.0,0.0,0.0,0.0,-0.0018405419312634273,-0.0018405419312634273,-0.002395933642364566,-0.002395933642364566,-0.0021110535131776548,-0.0021110535131776548,-0.005081091236976714,-0.005081091236976713,-0.0005290616161623771,-0.0005290616161623771,-0.0011021978545971121,-0.0028153372332744868,-0.0028153372332744868
2025-07-18,-0.0017075445212784315,-0.0017625919049814008,0.0,0.0,0.0,0.0,0.0,0.0,-0.006228491810038482,-0.006228491810038482,-0.009862154536715115,-0.009862154536715113,-0.006859514002916128,-0.00685951400291613,-0.022636830263626142,-0.022636830263626142,-0.0017625919049814008,-0.0017625919049814008,0.024522447177920476,-0.03145600888131173,-0.03145600888131173
2025-07-21,-0.0015792910154207673,-0.0015792910154207673,0.0,0.0,0.0,0.0,0.0,0.0,-0.005360532713309266,-0.005360532713309266,-0.010436755864575329,-0.010436755864575327,-0.00578343514053629,-0.00578343514053629,-0.01979488770155712,-0.019794887701557122,-0.0015792910154207673,-0.0015792910154207673,0.0191434219199529,-0.020175519477817688,-0.020175519477817688
2025-07-22,-0.0006949298055561322,-0.0006949298055561322,0.0,0.0,0.0,0.0,0.0,0.0,-0.0018559517133340405,-0.0018559517133340405,-0.005811686469414511,-0.00581168646941451,-0.0014245476788532704,-0.0014245476788532704,-0.005909250876003792,-0.005909250876003792,-0.0006949298055561322,-0.0006949298055561322,0.0038236882387854844,-0.004358413382563966,-0.004358413382563966
2025-07-23,-0.0015755225720157436,-0.0015755225720157436,0.0,0.0,0.0,0.0,0.0,0.0,-0.005886494856086631,-0.005886494856086631,-0.009330838107116095,-0.009330838107116095,-0.004613750792977651,-0.00461375079297765,-0.019766476495989733,-0.019766476495989733,-0.0016490346376731616,-0.0016490346376731616,0.016092956011560085,-0.022615799508791317,-0.022615799508791317
2025-07-24,0.0004323971735280607,0.0004323971735280607,0.0,0.0,0.0,0.0,0.0,0.0,0.00037666664534302625,0.00037666664534302614,0.001587496851139107,0.0015874968511391074,0.0008249537308098453,0.0008249537308098455,0.004254011961241151,0.004254011961241151,-0.0005149699008344303,-0.0005149699008344303,-0.006979895366790427,0.004254011961241151,0.004254011961241151
2025-07-25,-0.001520632492912752,-0.001520632492912752,0.0,0.0,0.0,0.0,0.0,0.0,-0.009110097194305385,-0.009110097194305385,-0.012648097218994223,-0.012648097218994223,-0.008562466072561196,-0.008562466072561196,-0.02385495290346091,-0.02385495290346091,-0.004058426298277346,-0.004058426298277346,0.020972886309467392,-0.02385495290346091,-0.02385495290346091
2025-07-28,-0.0020657558718235706,-0.0020657558718235706,0.0,0.0,0.0,0.0,0.0,0.0,-0.01730819785074729,-0.01730819785074729,-0.02128366669577291,-0.02128366669577291,-0.015024733603838896,-0.015024733603838896,-0.036259632048611816,-0.036259632048611816,-0.010408952569150713,-0.010408952569150712,0.035517446807473194,-0.036259632048611816,-0.036259632048611816
2025-07-29,0.00041558681564466966,0.00041558681564466966,0.0,0.0,0.0,0.0,0.0,0.0,0.001550137880366881,0.0015501378803668812,0.0020277926581805197,0.0020277926581805197,0.000631319166484964,0.000631319166484964,0.0036655974693785448,0.0036655974693785448,0.0009010259633966655,0.0009010259633966652,-0.005680711714485624,0.0036655974693785448,0.0036655974693785448
2025-07-30,-0.001027182919589084,-0.001027182919589084,0.0,0.0,0.0,0.0,0.0,0.0,-0.00983412181108569,-0.00983412181108569,-0.012528020992514141,-0.012528020992514145,-0.009633785668449503,-0.009633785668449505,-0.0196944816075503,-0.0196944816075503,-0.006407134225075931,-0.006407134225075931,0.01882441844555713,-0.0196944816075503,-0.0196944816075503
2025-07-31,-0.0003960963629842886,-0.0003960963629842886,0.0,0.0,0.0,0.0,0.0,0.0,-0.001014320025435688,-0.001014320025435688,-0.0034366760930762763,-0.0034366760930762763,-0.0034123885854269015,-0.0034123885854269015,-0.008671615398153674,-0.008671615398153674,0.0015711904481324405,0.0015711904481324405,0.005896166787093679,-0.008671615398153674,-0.008671615398153674
2025-08-01,0.011880325752995295,0.011880325752995295,0.0,0.0,0.0,0.0,0.0,0.0,0.06950099975672916,0.06950099975672916,0.06696747683244171,0.06696747683244172,0.05524834953181983,0.05524834953181984,0.12182995852040765,0.12182995852040765,0.049305732570563136,0.049305732570563136,-0.13576142513810474,0.12182995852040765,0.12182995852040765
2025-08-04,-0.0027817389425981833,-0.0027817389425981833,0.0,0.0,0.0,0.0,0.0,0.0,-0.012986776291224498,-0.012986776291224498,-0.012190279073714769,-0.012190279073714769,-0.0086827966941512,-0.0086827966941512,-0.023488307154695888,-0.023488307154695888,-0.009951033059900758,-0.009951033059900758,0.010679084969405544,-0.023488307154695888,-0.023488307154695888
2025-08-05,-0.0010050486914242893,-0.0010050486914242893,0.0,0.0,0.0,0.0,0.0,0.0,-0.005948844722072015,-0.005948844722072015,-0.0057033857461116005,-0.0057033857461116005,-0.00433470374118431,-0.00433470374118431,-0.01578374072734478,-0.015783740727344783,-0.0011239576197267576,-0.0011239576197267574,0.010307025159903546,-0.01578374072734478,-0.01578374072734478
2025-08-06,-0.002464250053938623,-0.002464250053938623,0.0,0.0,0.0,0.0,0.0,0.0,-0.012770883522369643,-0.012770883522369643,-0.012431425948045024,-0.012431425948045024,-0.007994079006934518,-0.007994079006934517,-0.02251706605387488,-0.022517066053874876,-0.009769655039418573,-0.009769655039418573,0.012969178018924684,-0.02251706605387488,-0.02251706605387488
2025-08-07,-0.002254020009408373,-0.002254020009408373,0.0,0.0,0.0,0.0,0.0,0.0,-0.01430724009637467,-0.01430724009637467,-0.011666832379411867,-0.011666832379411867,-0.010282266971028362,-0.010282266971028362,-0.025335681001764327,-0.025335681001764327,-0.006188124253655429,-0.006188124253655429,0.0228339874839024,-0.02533568100176432,-0.02533568100176432
2025-08-08,-0.0023635380401577028,-0.0023635380401577028,0.0,0.0,0.0,0.0,0.0,0.0,-0.018695860908156548,-0.018695860908156548,-0.013029466138445826,-0.013029466138445826,-0.013491681773853126,-0.013491681773853126,-0.024443758048271386,-0.024443758048271386,-0.01743662755866251,-0.017436627558662512,0.014597105260994196,-0.024443758048271386,-0.024443758048271386
2025-08-11,-0.002120456700387336,-0.002120456700387336,0.0,0.0,0.0,0.0,0.0,0.0,-0.01123954876803485,-0.01123954876803485,-0.009900864900638491,-0.009900864900638491,-0.007144906156170944,-0.007144906156170944,-0.01882706137633912,-0.018827061376339115,-0.009265362856558282,-0.009265362856558282,0.01694022000256167,-0.018827061376339115,-0.018827061376339115
2025-08-12,0.0022447760256681043,0.0022447760256681043,0.0,0.0,0.0,0.0,0.0,0.0,0.00908508173190289,0.009085081731902889,0.01008687302491216,0.01008687302491216,0.0055382544733704455,0.005538254473370445,0.016355725264160154,0.016355725264160157,0.00778303049903855,0.00778303049903855,-0.0269056935428506,0.016355725264160157,0.016355725264160157
2025-08-13,-0.0008648438670191399,-0.0008648438670191399,0.0,0.0,0.0,0.0,-7.651872301366878e-05,-7.651872301366878e-05,-0.013122453831155668,-0.01312245383115567,-0.008536342065299405,-0.008536342065299405,-0.010879552574524071,-0.010879552574524071,-0.015589729142881153,-0.015589729142881153,-0.01174439644154321,-0.011744396441543212,0.011027742059539452,-0.015589729142881153,-0.015589729142881153
2025-08-14,0.00025371199744460786,0.00025371199744460786,0.0,0.0,0.0,0.0,-0.0003054352821111263,-0.0003054352821111263,0.0043213493441620855,0.0043213493441620855,0.0028999353719660267,0.002899935371966027,0.003089871928688624,0.003089871928688624,0.0068419837126160125,0.0068419837126160125,0.0033435839261332315,0.0033435839261332315,-0.009155162835048072,0.0068419837126160125,0.0068419837126160125
2025-08-15,-0.002196142573941872,-0.002196142573941872,0.0,0.0,0.0,0.0,-0.0007769726557704305,-0.0007769726557704305,-0.031401890441844674,-0.031401890441844674,-0.028209025667555915,-0.028209025667555915,-0.024392471239059157,-0.02439247123905915,-0.04638504540787495,-0.04638504540787495,-0.02658861381300102,-0.026588613813001028,0.04158854543034042,-0.04638504540787495,-0.04638504540787495
2025-08-18,-0.001956997120670357,-0.001956997120670357,0.0,0.0,0.0,0.0,-0.0028036824588781213,-0.0028036824588781213,-0.03754286453066046,-0.03754286453066046,-0.027550714259087054,-0.027550714259087054,-0.03283110784244861,-0.0328311078424486,-0.04103469146498873,-0.04103469146498874,-0.03478810496311896,-0.03478810496311897,0.04019833625970449,-0.04103469146498874,-0.04103469146498874
2025-08-19,-0.001070654887918184,-0.001070654887918184,0.0,0.0,0.0,0.0,-0.0002828054982324836,-0.0002828054982324836,-0.01697350743275157,-0.01697350743275157,-0.011886233584070302,-0.011886233584070302,-0.013061725927082435,-0.013061725927082435,-0.02195431280912074,-0.02195431280912074,-0.014132380815000617,-0.014132380815000617,0.01594210243756301,-0.02195431280912074,-0.02195431280912074
2025-08-20,-0.0007982038632788328,-0.0007982038632788328,0.0,0.0,0.0,0.0,-0.000294642842123412,-0.000294642842123412,-0.012878778135571109,-0.012878778135571109,-0.007522828241580707,-0.007522828241580709,-0.010238169145193285,-0.010238169145193285,-0.013551328551575708,-0.013551328551575708,-0.01096711108780735,-0.01096711108780735,0.009376691869436023,-0.013551328551575707,-0.013551328551575707
2025-08-21,0.002165870194611922,0.002165870194611922,0.0,0.0,0.0,0.0,0.0017616688794779673,0.0017616688794779673,0.019411197199332084,0.01941119719933208,0.016637524286789166,0.016637524286789166,0.017953571798299203,0.017953571798299203,0.02010441584843715,0.020104415848437154,0.01859637596819554,0.01859637596819554,-0.025116836218424105,0.020104415848437158,0.020104415848437158
2025-08-22,-0.0006821498629453061,-0.0006821498629453061,-9.207109798507573e-05,-9.207109798507573e-05,-9.207109798507573e-05,-9.207109798507573e-05,-0.000475622316117781,-0.000475622316117781,0.010270766293214346,0.010270766293214348,0.011843534878982818,0.011843534878982818,0.011642465255940728,0.011642465255940728,0.009599276607316461,0.009599276607316461,0.011992793451793866,0.011992793451793863,-0.024210083057148325,0.009599276607316461,0.009599276607316461
2025-08-25,-0.003649490752323054,-0.003649490752323054,-0.0021345289443430258,-0.0021345289443430258,-0.0021345289443430258,-0.0021345289443430258,-0.004516936185012793,-0.004516936185012793,-0.025253914023588682,-0.025253914023588682,-0.021706602293650422,-0.021706602293650422,-0.02333552958290943,-0.023335529582909426,-0.02550236464319717,-0.025502364643197165,-0.023386171834684458,-0.023386171834684458,0.021435514070097535,-0.02550236464319717,-0.02550236464319717
2025-08-26,0.0004074869915018064,0.0004074869915018064,0.00020582939644892727,0.00020582939644892727,0.00020582939644892727,0.00020582939644892727,0.0007896700970640161,0.0007896700970640161,0.004823350901800895,0.004823350901800895,0.0040822794984756074,0.0040822794984756074,0.004428971023325623,0.004428971023325623,0.004697014427441394,0.004697014427441394,0.00431900315124708,0.00431900315124708,-0.00992086265671089,0.004697014427441394,0.004697014427441394
2025-08-27,0.001941612275046404,0.001941612275046404,0.000666058620534391,0.000666058620534391,0.000666058620534391,0.000666058620534391,0.0010690719013273621,0.0010690719013273621,0.00987648256255201,0.00987648256255201,0.006985453762026174,0.006985453762026175,0.008088054906242433,0.008088054906242433,0.01112205655312419,0.011122056553124194,0.008695827460948245,0.008695827460948243,-0.014337423999596012,0.011122056553124194,0.011122056553124194
2025-08-28,-0.005164761754387238,-0.005164761754387238,-0.002327074433715452,-0.002327074433715452,-0.002327074433715452,-0.002327074433715452,-0.005308587466113514,-0.005308587466113514,-0.042294734719699786,-0.0422947347196998,-0.03298124872890015,-0.032981248728900146,-0.03751209556170525,-0.03751209556170524,-0.04456392362215897,-0.04456392362215897,-0.03833003718562849,-0.038330037185628496,0.03876955173977362,-0.04456392362215897,-0.04456392362215897
2025-08-29,-0.004117507612086842,-0.004117507612086842,0.000443650331287073,0.000443650331287073,0.000443650331287073,0.000443650331287073,0.0004360315945085353,0.0004360315945085353,-0.018093258853447303,-0.0180932588534473,-0.007401217755424001,-0.007401217755424001,-0.010428214189177816,-0.010428214189177816,-0.024257074843711646,-0.024257074843711646,-0.01442489826313591,-0.014424898263135906,0.0030056799607016244,-0.02425707484371164,-0.02425707484371164
