date,persistence,har,shar,har_rv_iv,har_x_lasso,hgb,lstm,lstm_x,combination,buy_and_hold
2022-10-07,-0.0,-0.0,-0.0,-0.0,-0.0,-0.0,-0.0,-0.0,-0.0,-0.027893834
2022-10-10,-0.0,-0.0,-0.0,-0.0,-0.0,-0.0,-0.0,-0.0,-0.0,-0.0076353081
2022-10-11,-0.006404274425891699,-0.00636627865672478,-0.006288270060724795,-0.00606016674277763,-0.004770121240289869,-0.00581598859283985,-0.005597438037812233,-0.004831701314244202,-0.005607565570556277,-0.0063331632
2022-10-12,-0.0025181384913539385,-0.002739229528534765,-0.00271968280547344,-0.002635466490225845,-0.0021643106173728933,-0.0027965636680782027,-0.002664577492877546,-0.0023023098989568345,-0.0025523605188858016,-0.0032984819
2022-10-13,0.020753871076068114,0.02174410802310205,0.021715825381689157,0.02071295696046044,0.017064115908824697,0.022168948570309047,0.02103166221797989,0.018404110401899775,0.020238555377358698,0.026391016
2022-10-14,-0.019889748450448354,-0.019788237441432342,-0.01987640223014993,-0.01854451619790021,-0.014741023278614073,-0.019400114681886526,-0.018247217834894677,-0.015544036991671506,-0.017793597296603986,-0.022788635
2022-10-17,0.012618701810308766,0.016040310452855165,0.017150258006794726,0.016476715727719193,0.01531912278066042,0.016005974896180237,0.018493648714216795,0.016642135837577832,0.016542909485791967,0.025696946
2022-10-18,0.0058840947254381396,0.007037192522382598,0.006896204719254838,0.0073304349077053825,0.0071487147827668405,0.008113909034435337,0.007691495396346416,0.00787418816894815,0.007429694403487269,0.011749663
2022-10-19,-0.0064630575959245965,-0.005711447486220116,-0.005776272474337109,-0.005670365370066441,-0.004707684096410412,-0.0061093393355782545,-0.004750382079714052,-0.005185041831075157,-0.005371554755055668,-0.0070864563
2022-10-20,-0.006012187449316522,-0.006027178727763543,-0.00595363970022602,-0.006161710914359182,-0.005488683626503293,-0.00674465380979678,-0.00555232432785466,-0.006302143084975627,-0.006002397208969361,-0.0083854281
2022-10-21,0.020598260680431715,0.018725403114723694,0.01852735384940799,0.018843942672190413,0.01613340898440906,0.018930620786553536,0.01636870042663771,0.018209726231798506,0.017893019033696122,0.02430152
2022-10-24,0.009157813112231603,0.009394120500365293,0.009336525632725728,0.009500899667841066,0.008281641782441791,0.009535207952723645,0.008361414136515052,0.008856730458073347,0.009011838415089743,0.012236443
2022-10-25,0.011184899359938081,0.012305417090912072,0.01248128086890419,0.012397857553479257,0.010475969708162326,0.011215682201337843,0.011080654923147606,0.011159025090207374,0.011545141785721882,0.015968748
2022-10-26,-0.005117419829792671,-0.0055932730148781406,-0.005575382643927322,-0.005676764982204199,-0.0049424930883858135,-0.005907993507561901,-0.005239024062787096,-0.005308259401116777,-0.005437112866208743,-0.0075342701
2022-10-27,-0.006295788649137165,-0.0052405141706871085,-0.005357856502913125,-0.005121006443854584,-0.004295225338054791,-0.004581512782291872,-0.0040204432885934975,-0.00391828517306578,-0.004585102240932647,-0.0053399017
2022-10-28,0.021007805906531483,0.02071052820837439,0.020641098242751923,0.02091294411027225,0.019602759936855313,0.01850731910992693,0.01839627620335543,0.017880698588985642,0.019465570780524157,0.023790751
2022-10-31,-0.005819174647565884,-0.006060085432523517,-0.0059848510169200715,-0.006184766393003984,-0.005831224754929009,-0.005632134602726862,-0.005673088647800532,-0.00557181237466164,-0.005836734549409427,-0.0072235151
2022-11-01,-0.006282071015017063,-0.004968559227380105,-0.005217690449655664,-0.004828735674680002,-0.004159071964656059,-0.0033326104702014513,-0.003765926878860744,-0.0035475547647751834,-0.004149394021744769,-0.0043756564
2022-11-02,-0.025251779024756154,-0.025543337120126994,-0.025301387141911845,-0.025284976141078552,-0.020999688177281397,-0.018750635124811402,-0.02234051298408508,-0.021347438315561334,-0.022509426448014173,-0.025096224
2022-11-03,-0.00978138204816077,-0.010069890643321856,-0.009933396518511828,-0.010059436954034917,-0.009041345880168158,-0.008723738910702144,-0.009361705972317553,-0.009059198173998228,-0.009423305672902461,-0.010296852
2022-11-04,0.006778218613150206,0.009150022062824597,0.00903359392066236,0.009886062006492575,0.010082842800667798,0.008718257843302898,0.011425527495284013,0.01114411308844321,0.009833641718400166,0.014393027
2022-11-07,0.007659353143655907,0.008044545815423881,0.008085710918811492,0.008376131663449473,0.008203481067386425,0.00725771768561047,0.007589051966817782,0.007946227109987923,0.00791003830007473,0.0095655259
2022-11-08,0.002862181827572571,0.0034426699298847913,0.003425065538142583,0.0038013864306710747,0.0040332523805152,0.004405035970194814,0.0038848619893659146,0.0042396150758480175,0.0038709792548968784,0.0053954068
2022-11-09,-0.024733288770182583,-0.018984082500299683,-0.018929305614263446,-0.01986766892267775,-0.019914998891885402,-0.017981848664047194,-0.01626925350509817,-0.018729089450000607,-0.018595704878329452,-0.020602051
2022-11-10,0.04597521753424278,0.04369427599846258,0.04344110515815814,0.04632629048047113,0.047685528453821166,0.04954602746802725,0.0429402470232127,0.050105365516499,0.046092528849596026,0.054954325
2022-11-11,0.008676081019525654,0.008466197959144904,0.008403194339735786,0.008709110960329672,0.008404639450159051,0.007980484314722446,0.007699312744698954,0.008513026138445453,0.008313922964921647,0.0096784783
2022-11-14,-0.007173456045947862,-0.007283188131719931,-0.007445097306663969,-0.007766916068606609,-0.008705771979906496,-0.008514575395984655,-0.006842618500203482,-0.00735156674658688,-0.007647260508108828,-0.0085067867
2022-11-15,0.008491096033286103,0.008356369996102158,0.008387447107686727,0.008864405660732447,0.009248939523108946,0.00883537932270629,0.007105468044591951,0.008168411832994174,0.008370806858558535,0.0085290565
2022-11-16,-0.008403435940384963,-0.007747567431310473,-0.0076788970967309345,-0.008024404605626931,-0.008070869330568492,-0.007683786757566651,-0.006641188508417373,-0.007260642233448391,-0.007546849188908607,-0.0076287503
2022-11-17,-0.0023075768656850184,-0.0025571337051151256,-0.0025437839537243772,-0.0027327155795781478,-0.0029415287532431797,-0.003026803485488964,-0.0026131682107865236,-0.0027191402630980617,-0.002719629181774639,-0.0030598289
2022-11-18,0.005792943842020993,0.004865521605443804,0.00482224368497019,0.004959450882122148,0.004843858483944556,0.0039002992087729307,0.00405684096432235,0.003878717009189017,0.004439420765125835,0.0045404355
2022-11-21,-0.004254191498698862,-0.003899046366652823,-0.003962891287604289,-0.003970123963550462,-0.0037928400714770465,-0.0031696163370053265,-0.003397291510764666,-0.0031449188700141944,-0.003579232698448798,-0.0036361543
2022-11-22,0.01375049953657847,0.013722090534939294,0.013600233502781438,0.014202975382025715,0.014140360261201175,0.012836087265209548,0.012747902803030009,0.011853627679405145,0.013270516976932828,0.013457033
2022-11-23,0.00921736627393095,0.007547139141354846,0.0075417222965021785,0.00758477728924088,0.0073247328164146525,0.007154767628424615,0.006233546400492113,0.005948705205211136,0.006986474139152694,0.0063016301
2022-11-25,-0.0006408965088565018,-0.00045828719075080435,-0.0004757751471939291,-0.000424170419897757,-0.00037342747811432457,-0.00025860218224047263,-0.0002761465285186665,-0.0002780689228314777,-0.0003499216583686627,-0.0002237257
2022-11-28,-0.020176226712779775,-0.0197771606778954,-0.019990480580992332,-0.020149238543852446,-0.021098458281666517,-0.018253994063383152,-0.01751991614989089,-0.017068760755863322,-0.019003856262768085,-0.015956933
2022-11-29,-0.003811240029095231,-0.0035052160576740455,-0.003508924422733012,-0.0031741891317217676,-0.002897839736722726,-0.0024735110319195007,-0.002112058244465277,-0.00208786467991945,-0.002716390127151954,-0.0017177619
2022-11-30,0.05329542237680952,0.0494904498956688,0.049035471022470536,0.04538953150596869,0.0393578410325913,0.03736398683235259,0.0395662407400739,0.036210513108007485,0.041758950990218875,0.031500792
2022-12-01,-0.001124083463087728,-0.0010920830167363432,-0.001082861627429039,-0.001016582241526588,-0.000893900561588038,-0.000858285776974613,-0.0009385229533426881,-0.0008314042329679905,-0.0009461359390840651,-0.00073589449
2022-12-02,-0.001135137926915865,-0.001319121621968028,-0.0013570365367151205,-0.0013211512099530237,-0.0012932701288353382,-0.001272130042277814,-0.001401226898752737,-0.0012122134164506224,-0.0013051847121148795,-0.0011537268
2022-12-05,-0.018809774689066163,-0.020245207822695344,-0.02000065574910935,-0.020897798672140498,-0.022131006281172785,-0.019651818325641057,-0.020600255650316236,-0.01827582647730976,-0.020194885756978073,-0.017989268
2022-12-06,-0.017896167872994955,-0.01654739813309427,-0.01669022194430591,-0.017275182239823224,-0.019225562749598572,-0.017386135296793368,-0.016227885414923145,-0.015154294816638485,-0.016849466194510627,-0.014414878
2022-12-07,-0.002450708078154996,-0.0020248193041527483,-0.001997631756566552,-0.002028845631221334,-0.0019910643990189852,-0.0019753779492809203,-0.0019115981741034621,-0.0019194692540357057,-0.0019598043687043877,-0.0017011084
2022-12-08,0.0088660325527899,0.008455173661292252,0.00836990297802409,0.008428356264469639,0.008368116148751938,0.007699688523615787,0.00861758478861399,0.007942726361736695,0.008258430358505453,0.0078338657
2022-12-09,-0.007671834570310999,-0.007916662467670105,-0.007861265062919039,-0.007821113548619488,-0.00747217613716981,-0.006594000192974865,-0.008004186311101384,-0.008313667670461421,-0.007662293486000461,-0.0074701007
2022-12-12,0.01691020838334705,0.016392729402446453,0.01640607835966373,0.016084985564661227,0.015092481128996279,0.014754287277362683,0.01550007256908354,0.01526956355792025,0.015624409930712029,0.014417232
2022-12-13,0.009848987444611459,0.009009012750944465,0.008956683449554912,0.008669330902665208,0.008082770595391942,0.006814143983976645,0.008206715531941725,0.00791443849617099,0.00819381003568344,0.007569965
2022-12-14,-0.009528258599018666,-0.008041409169917232,-0.008201379793386348,-0.007401076209516126,-0.006513889553530444,-0.005757614275116319,-0.007048092376735484,-0.006733924929870569,-0.006997010106518631,-0.0063936891
2022-12-15,-0.014494644294921857,-0.01857939591104284,-0.018342509021069854,-0.01981978527215157,-0.020527230853544166,-0.023321479698213674,-0.02544072639774736,-0.024837953866850053,-0.021180994567244187,-0.024461399
2022-12-16,-0.005879008077089096,-0.0076888092747761415,-0.0075787126045712685,-0.008566752745471152,-0.009575495899349404,-0.010034822312609663,-0.011457178148415558,-0.01095319208466757,-0.009192956254564852,-0.01180636
2022-12-19,-0.008180009865393432,-0.007474059336133616,-0.007385325690133694,-0.007923133834203212,-0.008633167002767686,-0.008549968929214575,-0.008108979249032672,-0.008145274131943762,-0.008010283876961902,-0.0084796813
2022-12-20,0.0012566353971590475,0.001137767553106698,0.001130295575879693,0.0012118945807445263,0.001366081580517313,0.0013905931819225925,0.0012806951484457913,0.0012997363348213424,0.0012554696164540895,0.001368369
2022-12-21,0.017579203724277778,0.013550937974222733,0.013424688304575846,0.014232685228976921,0.015645801382778695,0.016320974636255935,0.014032173325409255,0.015154689761168008,0.014553637428059383,0.014952485
2022-12-22,-0.016013078270148324,-0.0136731426034035,-0.013640869829585355,-0.014264993973246322,-0.015236787962790438,-0.015605059042391104,-0.013483118867210443,-0.01519019512428942,-0.014395874283392432,-0.014266307
2022-12-23,0.007292319257522558,0.006407636872515148,0.006489871405399399,0.0065561639106679346,0.006711386301965198,0.006541124953532746,0.005576132040555739,0.006229033670532479,0.006336208971828552,0.0057523774
2022-12-27,-0.004165544271031882,-0.004144845881772661,-0.004137813328985215,-0.004196637878988237,-0.004178892190493784,-0.004195357599448507,-0.0038899674740311713,-0.004168058385685552,-0.004124709840662222,-0.0039435126
2022-12-28,-0.011551813794873753,-0.012393559991775221,-0.012518538605344428,-0.012800173230253545,-0.01297176606686558,-0.012981962481888251,-0.012293601177872234,-0.013034663904935958,-0.012706204436002356,-0.012427999
2022-12-29,0.0244060650997026,0.02124210220062918,0.02124739121677754,0.02087269141709283,0.019890812245297988,0.019617185842423994,0.018203340103297893,0.01957586689749229,0.02003729607777683,0.018000444
2022-12-30,-0.0030611479617244424,-0.0029270519788099406,-0.002899642334524807,-0.0028931192073562966,-0.0027390800515859704,-0.0027115625030038437,-0.0027047956412693335,-0.0031841877234166276,-0.002841630296735427,-0.0026341698
2023-01-03,-0.007578461429088662,-0.005663142499302979,-0.005788900647183155,-0.005438628718165636,-0.0049331583216086555,-0.004912519487456539,-0.004462722620095059,-0.005144135767804263,-0.005157597354790542,-0.0042097629
2023-01-04,0.00746680723943084,0.008134180510232914,0.008082481457820959,0.00822968123087855,0.007886982690882307,0.00793540740884506,0.008132935279317613,0.009309953303929872,0.008226703293598057,0.0077203694
2023-01-05,-0.00901714450301094,-0.010633276945843925,-0.010526169284842424,-0.0108836626483345,-0.010477267836308575,-0.010525265049909052,-0.011796786984926231,-0.013224538816978096,-0.011078929392475378,-0.011413532
2023-01-06,0.017851049109979342,0.020266447708328954,0.02012781709316377,0.021278665926637352,0.0211060863418606,0.02144874257606601,0.023082750795841493,0.02634338754161107,0.021790561184644466,0.02293203
2023-01-09,-0.0006951738529624471,-0.0006160810161479552,-0.000622688692149619,-0.0006180391116358027,-0.0005795936581882478,-0.0005277891547827454,-0.000570404690600918,-0.0006452803048225822,-0.0005805903732523329,-0.00056688592
2023-01-10,0.005902623823472614,0.006089568900780336,0.006074694657879715,0.006557762356025364,0.006757078616877089,0.006645181053808809,0.006826225346189372,0.0072813703013701325,0.006592825796111795,0.0070129488
2023-01-11,0.015927860920034356,0.013125003087698218,0.013045055375451763,0.013501584164572542,0.012458462082573847,0.011983667442915645,0.012315786211392267,0.013014737947666537,0.012758164850775081,0.012647837
2023-01-12,0.00396544696973473,0.0037347947115386605,0.0037333936844831652,0.003906422033876155,0.0038128125992928858,0.003663809950393923,0.003565279376235822,0.004066315464819746,0.0037803041954068885,0.0036406621
2023-01-13,0.0060760729904756295,0.004791111470386717,0.004786706629157139,0.0047696147356368615,0.004622503922779862,0.0039500502251223115,0.003933938958578228,0.004315591567845173,0.004421662125022623,0.0038795132
2023-01-17,-0.0018730213929279167,-0.0018550099362253543,-0.001848365077323786,-0.0019605794572568106,-0.002241167628934779,-0.002151775436750405,-0.0018328724676776337,-0.0022795844697092674,-0.0019670500991356174,-0.0018316669
2023-01-18,-0.025740135032574357,-0.020723104628450353,-0.021022894911986625,-0.021640693121233366,-0.023348513429486576,-0.020340663762653945,-0.016337212373449265,-0.02201565719223654,-0.0205565355227305,-0.015788302
2023-01-19,-0.011416891024969594,-0.009504583963884866,-0.00952385993356124,-0.009745307861194333,-0.009773672944718759,-0.009349048847537678,-0.007817001120109907,-0.01038865745965094,-0.00936781039438187,-0.0072798095
2023-01-20,0.025619225417198674,0.02355185598151762,0.023462604447717472,0.02363966996491499,0.023371840693868978,0.021553905536038934,0.02053181302755831,0.023217905200468555,0.022709313356606173,0.018629282
2023-01-23,0.014768726692353703,0.014166993910024139,0.014104735864913434,0.014352487433930321,0.015525472260551263,0.014093663702387259,0.013388811310717555,0.013680563045550865,0.01417290709382325,0.011998413
2023-01-24,-0.0015841107054531541,-0.0014885412348451831,-0.0015387882260812992,-0.0014797182423693452,-0.0013767786666896873,-0.0011964907509906886,-0.0012472450891678009,-0.001222363466341831,-0.0013320083512117851,-0.0010733206
2023-01-25,0.00035413056041291456,0.0003999543129670345,0.0003902486329324355,0.00042076188138061527,0.0004436747203916634,0.0003851696740382049,0.0004290213051884825,0.00042314394377287947,0.00041859453933408455,0.000374746
2023-01-26,0.012838137128451171,0.01283837287343524,0.012757685486884558,0.013252944761458564,0.014182354627488254,0.012336204936606306,0.012645374474300015,0.0135058448039844,0.013067391634154803,0.010990477
2023-01-27,0.002724663411210552,0.0026752547569083808,0.0026901198266515956,0.0027738783367268886,0.0027160563585635067,0.002559361046876569,0.0026315257107216825,0.0028346342926705826,0.002698073983982199,0.0022977164
2023-01-30,-0.012431949039927318,-0.013223201797267407,-0.013132249001702472,-0.014058973413459559,-0.01431771677503074,-0.013455958900484467,-0.014050697957991467,-0.015072179052049701,-0.013872227606659165,-0.01254675
2023-01-31,0.019615759172438723,0.01744751656345413,0.017428995119639818,0.018263812033202702,0.01871511309393351,0.01680554521464837,0.016571455658063713,0.018248419795762305,0.017607837596772185,0.014703322
2023-02-01,0.013832989815741367,0.012590169073597751,0.012548377949420108,0.012816058385621797,0.012134662446853068,0.010630732880392194,0.012005311774180159,0.012514755970379897,0.012137633656838598,0.010627808
2023-02-02,0.020873310359357928,0.0181752440264385,0.018638559551844434,0.018567381773962836,0.018057914271618902,0.016330946049064092,0.01663675789384918,0.01756529463901471,0.017668176828279803,0.014556902
2023-02-03,-0.007426803303441947,-0.00903663798660461,-0.009381660669183544,-0.010015964698129721,-0.012384081744725543,-0.011797986015167397,-0.011329752744031698,-0.010924692006231586,-0.0105539451036302,-0.010629201
2023-02-06,-0.006418471481709263,-0.006366547942319583,-0.006377154790926881,-0.006909350566725147,-0.008065385492948508,-0.006755460364359286,-0.006432186162058408,-0.0070339116446808195,-0.006808779359122804,-0.0061112958
2023-02-07,0.01166387595878071,0.012214187169062184,0.012180771966034612,0.013415615042337325,0.01447872807722885,0.015089929340065896,0.013394859536385284,0.015170737658761337,0.01361795582700249,0.013078767
2023-02-08,-0.016449828780644254,-0.012619829284482615,-0.012564264868091311,-0.013183434893638449,-0.012570506295428397,-0.013726217827131992,-0.01144422014622991,-0.013517494229978954,-0.012766079596703402,-0.010934956
2023-02-09,-0.00662780344453663,-0.007171140685324678,-0.007191414276547818,-0.007977036859419709,-0.009221710899003139,-0.009567854659762603,-0.008624063437135787,-0.01077647891752953,-0.008468394997611539,-0.0086691251
2023-02-10,0.0022886109444436647,0.0022332590387309343,0.0022237044047170584,0.002401878966996694,0.002544318158148184,0.0024560998808142117,0.0023088454847192364,0.0026663900926713765,0.002405461892143079,0.0023338227
2023-02-13,0.012579386749415814,0.011855368842496055,0.011782754721770705,0.012408168317942097,0.01221399056571525,0.01216050594496096,0.011676629065759336,0.011823287856913741,0.011989192583226985,0.011738934
2023-02-14,-0.0007204620115002754,-0.0005773680147029222,-0.0005840286091446365,-0.0005800048371956904,-0.0005015935627310128,-0.0004775510427834316,-0.00048042270842514086,-0.00046815706557737813,-0.0005196735741854582,-0.00046022822
2023-02-15,0.005342192418174518,0.003983783811776469,0.004043224362254457,0.004034011872705943,0.003650361260893008,0.0036720283368098365,0.003407167837255022,0.0035786073892360402,0.0037520975467033365,0.0032473675
2023-02-16,-0.011352734967967801,-0.012917850492750134,-0.012836830250167346,-0.013967038526596934,-0.014997651612046118,-0.014725898671980268,-0.014185967282426555,-0.017307651105092272,-0.014267319071718357,-0.013768878
2023-02-17,-0.00347300872106937,-0.003040552416854329,-0.0030402309136798077,-0.003182244794128845,-0.003235151975935821,-0.0028025290371763364,-0.002654512515070059,-0.0032242452067608616,-0.0030160509868355587,-0.0024984514
2023-02-21,-0.02704887814114641,-0.024355374673608817,-0.024266970331168793,-0.024788014867836404,-0.024417112903761532,-0.021290559682719173,-0.02172124965466407,-0.022688713071708562,-0.02326543002466873,-0.020060636
2023-02-22,-0.0017390509189560495,-0.001623154877923516,-0.0016176535443549976,-0.0016677087840110062,-0.0016418243912650647,-0.0014615816275577295,-0.0015118536098703186,-0.0014937651739030764,-0.0015684519065494048,-0.0013782368
2023-02-23,0.008771106372535514,0.006866431225050263,0.0068398437784081365,0.006612395487386233,0.005249361504975889,0.004540332580756558,0.0059600984935421234,0.005247176874316313,0.005823593533524382,0.0053194693
2023-02-24,-0.01278782078881051,-0.012774672596599842,-0.012694967343591547,-0.012563880706483023,-0.01091621746659869,-0.009467765183405448,-0.012107921121724683,-0.010169310232495312,-0.011377796646238846,-0.010682297
2023-02-27,0.004295620458330996,0.004176871782009097,0.0041525434020544625,0.004154667225260523,0.0036690584226640177,0.003256949543784435,0.003893013013215159,0.003364525120485354,0.003774119614426088,0.0034058614
2023-02-28,-0.00455238833400683,-0.00445563409233373,-0.004433304570045468,-0.0044168223198570245,-0.004008520876983399,-0.0035715288618833997,-0.0042442154129267405,-0.003787694067596277,-0.004099194418928924,-0.0036960236
2023-03-01,-0.005991904965327053,-0.00518363303263066,-0.005150115189575769,-0.005027447756798449,-0.004151532215789551,-0.004099024185058936,-0.004497323016399778,-0.004148192956896023,-0.004563018008968823,-0.0038357849
2023-03-02,0.013962790680517284,0.011022214883539319,0.010973460246703818,0.010568007886850486,0.008895840942408905,0.008281678765578898,0.009315962708672895,0.009059905842455846,0.009623491815714287,0.0077769498
2023-03-03,0.019878624037972747,0.019933545568679087,0.01986367696872351,0.0195933078713711,0.017518699927162686,0.015310664433836886,0.01926212895679176,0.018219928065963377,0.01838692176417481,0.016037918
2023-03-06,0.0008958057323070796,0.0008752129752317539,0.0008783074462533833,0.0008603105436152681,0.0007790280062638487,0.0006801200068952531,0.0008319102762209176,0.0007925754986897525,0.0008080529354513678,0.00069274153
2023-03-07,-0.025896717866239833,-0.022276817837426674,-0.0226555644958446,-0.02191279903498899,-0.021234357207658785,-0.019525889610277118,-0.018951593890268716,-0.019538620321877597,-0.02077813060718586,-0.015328635
2023-03-08,0.003008993562265974,0.002468618941664307,0.002472483216472322,0.0023854255816068946,0.002153395565664103,0.002085788473591052,0.002059926588943587,0.0022063410598769837,0.0022573497752370114,0.0016321426
2023-03-09,-0.017488488064307663,-0.01992385206246978,-0.019830246699973072,-0.02035987772096894,-0.020518033954196064,-0.018056595928078383,-0.02250928066929718,-0.022154391009121328,-0.02037539631751594,-0.018449873
2023-03-10,-0.0189580451399126,-0.01809534366475117,-0.018220314676341318,-0.018091655982385064,-0.017255914551921495,-0.014709489293924162,-0.01756795097962582,-0.017426276832246457,-0.01725720634681469,-0.014429451
2023-03-13,-0.0016068337328510643,-0.0016439067581562718,-0.0016435170531359795,-0.0016268956401348969,-0.0014666777093427321,-0.001293184233321753,-0.001707447983311993,-0.0015406255562305108,-0.0015469331174930204,-0.0014251424
2023-03-14,0.011153551752413003,0.013742445172680888,0.013724390176668886,0.014130645313225325,0.013013075901195877,0.013028622108710463,0.018487221200812327,0.017690191352531078,0.014577076455637845,0.016530052
2023-03-15,-0.0031827920008822732,-0.004099181502940615,-0.004128295190933503,-0.004339787940531802,-0.004186309420761929,-0.004660141424948694,-0.006346114430240233,-0.006220615555541029,-0.004700339498545219,-0.0062543905
2023-03-16,0.01539754227146725,0.014667384495846626,0.014660336228917855,0.015506338882991936,0.014062329310299236,0.013507848396386581,0.01718236691357127,0.015410401290509806,0.014930751904026401,0.017544951
2023-03-17,-0.00875026943568895,-0.008820403120779773,-0.008913040721472802,-0.009368718997370615,-0.008846094047547003,-0.009988640224565271,-0.011002205772965916,-0.009965369308930178,-0.009489851735574107,-0.011692522
2023-03-20,0.008693057374474011,0.007746532525363663,0.00785141725954538,0.008422622138949842,0.008266360301569346,0.008626294964331408,0.00884328719009916,0.008082274167924267,0.00824846618808247,0.0096154434
2023-03-21,0.011317096454976515,0.010627616642469482,0.010555942804157548,0.011128946221858033,0.010354314774681635,0.010772030550630444,0.011907560007692415,0.011059951222263198,0.010895687559266643,0.013130666
2023-03-22,-0.0201486793031949,-0.017146228694641285,-0.017181030889199554,-0.017484832744334284,-0.01631611974063769,-0.015283147234646815,-0.01582893347340078,-0.015107099740321945,-0.016288818118868457,-0.017046505
2023-03-23,0.004127896981787938,0.003069930738699073,0.0030639959292733856,0.003131417419793187,0.0029246149450546386,0.003107780031960635,0.0025956819693508095,0.0024362265560108325,0.002876727654170085,0.0027034106
2023-03-24,0.004014548373292134,0.005200154455218729,0.0051577113607734985,0.005578314373287653,0.0058231128124168734,0.006146191584662211,0.006212266644165346,0.005642736580252764,0.005663755786517639,0.0065619918
2023-03-27,0.0015847880625278205,0.0016936447955642605,0.0016818208128615156,0.0017795920893238406,0.0018540269207942474,0.0018104979206391909,0.0017818485205522273,0.0016915568472109365,0.0017530601074707702,0.0018699202
2023-03-28,-0.002134484437957398,-0.0021700782933783266,-0.0021952993594791903,-0.0022921641918778376,-0.002450275067650926,-0.002377829145310729,-0.002168411677287602,-0.0021609408399927525,-0.002254467763717483,-0.0022446078
2023-03-29,0.020353619807796385,0.016467174064540246,0.016379389088162558,0.017037049816429038,0.016430650967975583,0.01593970141743409,0.014476581775930574,0.013962137632081944,0.015736465688863763,0.014534807
2023-03-30,0.009857185850632331,0.0070644813629630624,0.007025376225356258,0.007263517211200623,0.006893325703823631,0.0070204300872693534,0.006009722449623426,0.005676915018757458,0.006656002607344663,0.0058551779
2023-03-31,0.028040476309662152,0.020524657085167597,0.020572144810787996,0.020473613353651308,0.019259187323811093,0.018347688593599264,0.015220265650109947,0.013852833200189032,0.017923550534573465,0.014094639
2023-04-03,0.007607711144523263,0.006030934238009696,0.006007715267605597,0.005900036747299834,0.005516410298844635,0.0042554333945654796,0.0043034757497183666,0.0037593912939775263,0.004969128534102931,0.0038106383
2023-04-04,-0.011099986803916054,-0.009682355788837547,-0.009935460421088995,-0.00921112333701321,-0.008422821382383667,-0.007592645103108756,-0.006654939799885585,-0.005698564534864345,-0.007878434710624787,-0.0055481092
2023-04-05,-0.005169433757281402,-0.004567025337008083,-0.004584481569870862,-0.004366801000936135,-0.003927200301874751,-0.0031227855271644617,-0.003273250970918394,-0.0027252740511434824,-0.0036430452306268827,-0.0026182149
2023-04-06,0.0057051067825162295,0.005974551241556932,0.005928375280350772,0.005849131187319666,0.005474831999987651,0.004726845325575602,0.004912242144013814,0.004046070342807382,0.005194919984897421,0.0039007747
2023-04-10,0.0016592504916499503,0.0016217787826905668,0.0016122569274933734,0.0015764983056963623,0.0014820279867623566,0.001297109715006417,0.0013066199666640183,0.0010650249678632478,0.0013939360468140079,0.0010263588
2023-04-11,0.0003922851913185267,0.0003821552095573806,0.00037509571338992145,0.00037979140544047534,0.0003758346679627182,0.00033662706349981314,0.00033702107191707756,0.0002756775274212277,0.00034890914057576316,0.00026872671
2023-04-12,-0.007846006903218074,-0.006875983810977609,-0.007000246766969253,-0.006574201273191142,-0.005718866176389724,-0.005418020297123753,-0.0054501696022722125,-0.004456507715742647,-0.005782892045789435,-0.0040759903
2023-04-13,0.026525956928771126,0.024815118234198658,0.024702337009531252,0.02284028265399793,0.018268699478382607,0.018024028153654476,0.018631774439229865,0.018422208114829374,0.02042074586065435,0.013282542
2023-04-14,-0.0034455559829676095,-0.003633264942455957,-0.0036109366042836703,-0.0035277917188872494,-0.003027600449835654,-0.0029798484477507456,-0.0033857715535587068,-0.0033310339586657247,-0.003331701374172769,-0.0024427922
2023-04-17,0.006810314190339989,0.0061515444692878465,0.0062804330720693975,0.005849168298420857,0.005045304040860665,0.004945590692441724,0.005061851507818957,0.005107353829940156,0.005437047837525738,0.0035884826
2023-04-18,0.0004931557617315177,0.0006845876364539896,0.0006510219373657657,0.0007575285634458968,0.0008024825041498987,0.0007429796259053166,0.000899928718468069,0.0009356365669269319,0.0007896248479449416,0.00065203869
2023-04-19,-0.0006911334338553956,-0.000457068798715885,-0.00045963537471350617,-0.00040902605614722657,-0.00034324256101613774,-0.0003676851722550428,-0.00025564787969901346,-0.00027489011709058036,-0.00036327791957345434,-0.00016894829
2023-04-20,-0.009839040348362613,-0.008375894621527154,-0.008322837862282795,-0.008310936970228583,-0.007923326923637482,-0.0076652601086883345,-0.007809295101246503,-0.007927545019404491,-0.008037070341519306,-0.0054570843
2023-04-21,0.0014495188495020396,0.0012693416549404432,0.0012650281336480489,0.0012374594769561727,0.0011666906561109325,0.0012023977068420025,0.0011256627270662333,0.0011366904646414766,0.0011959696716674116,0.00077703491
2023-04-24,0.002029880063856451,0.0016206807907370136,0.0016135167051139242,0.0015629949370350373,0.0014521068308842098,0.0010014281333268532,0.0015488220524272585,0.0014565825534025706,0.0014553595132652845,0.0010430841
2023-04-25,-0.025567959725749084,-0.02470407019314291,-0.024566790473774424,-0.024114154347175183,-0.022954359832337727,-0.02293521712823334,-0.023776728814349706,-0.02336912523609417,-0.023725027523162887,-0.015873833
2023-04-26,-0.008663456507551423,-0.007788792878168606,-0.007752318555282256,-0.007229091384268174,-0.0066732994119707185,-0.0066581016884166315,-0.006519785247339782,-0.006703999751817814,-0.007013431983469191,-0.0042355311
2023-04-27,0.03479134955090553,0.0318393059830727,0.03171070191234442,0.02899756810278958,0.025544479962959592,0.02667572179039964,0.03078405641049864,0.028724522733584532,0.029005930334123953,0.01990823
2023-04-28,0.015184415080685696,0.013379772231627804,0.013288217012522514,0.012340430157490992,0.011164719804224787,0.011448120726204344,0.013260159026792714,0.011409298969745322,0.012268053459019327,0.0085349323
2023-05-01,-0.002118755067021981,-0.0016832548957399795,-0.0017708769709684615,-0.001623728107158763,-0.0016255250253878909,-0.0015905012756316109,-0.0015940431126811436,-0.0014554420648363396,-0.0016172571848567568,-0.0010098035
2023-05-02,-0.015288093292226095,-0.015557751986240133,-0.015596337693446939,-0.01566195937501616,-0.016457956528058284,-0.013777441111089044,-0.01733865937936811,-0.016062338327021346,-0.015703607005600816,-0.011239126
2023-05-03,-0.014059947787126522,-0.011097030018323191,-0.011029974390180277,-0.0107668117287571,-0.010856269882319532,-0.013161827230435338,-0.010647008526388174,-0.010600095659413075,-0.011121973764692246,-0.006864054
2023-05-04,-0.01084894782960496,-0.010085396431990733,-0.010017968614767536,-0.00984570040772822,-0.009647723424593965,-0.008826135654423013,-0.010850280411187102,-0.010059491799167729,-0.009859258339859176,-0.0070830063
2023-05-05,0.02504292842943893,0.02453853687723953,0.024393266487312798,0.02403904348179941,0.02345489445778315,0.020312140780571433,0.0277036798697483,0.023345115079197957,0.023798244079882867,0.018512608
2023-05-08,0.00015870394259969052,0.00022425232212761574,0.00022370006117448742,0.00023376092859762578,0.00023516774051974046,0.0002720629875556468,0.0003602607903222778,0.0003251232189370531,0.0002705031996583367,0.00026652875
2023-05-09,-0.009079400878348637,-0.006699575535149828,-0.006762157191443541,-0.006591050019119595,-0.006745165589269979,-0.005540429358636439,-0.006370492518190592,-0.006462033946770507,-0.006431685681247127,-0.0043852672
2023-05-10,0.009334109441805205,0.00721219462846179,0.007184988335804456,0.007037520880427375,0.00711316884201079,0.006961375460574907,0.0068518356627206975,0.007485296040707019,0.007113276095419821,0.0046722912
2023-05-11,-0.003492367306727729,-0.002870368611633615,-0.002863023971570325,-0.002700419824637363,-0.002598108852156421,-0.0026569415267767653,-0.0026154907037569874,-0.003008213188498724,-0.002745138969605828,-0.0017438743
2023-05-12,-0.0019322853095811998,-0.0018127053312903788,-0.0018032658684124668,-0.001798472577916721,-0.0018920003419081977,-0.0018549446374017666,-0.0020655346609321583,-0.0024233625351369357,-0.0019048359982646952,-0.0013102677
2023-05-15,0.0051818888246657965,0.0049087218074278655,0.0048865788772090735,0.004906171431928776,0.005165033304280277,0.005503050803327268,0.005381125519277701,0.0055373525672282415,0.005186161251275079,0.0034499133
2023-05-16,-0.01073893828120238,-0.009668856127800222,-0.009614606429553637,-0.009655794164537669,-0.010276856839314999,-0.009691481650088787,-0.010469931337327364,-0.01018914779718125,-0.009920405185546315,-0.0066825698
2023-05-17,0.02408300002589386,0.019282318299735497,0.019212684540412833,0.018938232358645116,0.01996775889485944,0.021188804964585316,0.01933746263740431,0.018516539591706644,0.019457740558748823,0.012138937
2023-05-18,0.016342962183098223,0.013881219448408413,0.013818506002150288,0.013691137392591918,0.014159189153448779,0.013719660522638863,0.01533262906339323,0.013326576826568487,0.013969373030704639,0.009633119
2023-05-19,-0.0027395201717079327,-0.002314677740209084,-0.002322912028981751,-0.0022757382621129475,-0.0022662785608746822,-0.002482360037278367,-0.0023566778416440892,-0.0020030831770315033,-0.0022799210638467762,-0.001454851
2023-05-22,0.00035153507880725514,0.00047981267080336406,0.00048382854318171353,0.0005182281240586972,0.00061720588308685,0.0004662715651312174,0.0006372633550577559,0.0005512996090922379,0.0005535889172459747,0.00040595882
2023-05-23,-0.017416442984638875,-0.016187038174153,-0.01608012429445392,-0.016289225902304076,-0.019755923661169704,-0.019207814518282105,-0.017798838539486665,-0.016262745394173127,-0.01725523934851155,-0.011222845
2023-05-24,-0.011989995119779695,-0.010504154079506629,-0.010478040586368602,-0.010528478667886105,-0.011605540721702844,-0.010970257092780268,-0.011455296975427558,-0.01024154340311732,-0.010801049340989077,-0.0072447683
2023-05-25,0.012297264085473112,0.01168186976305019,0.011607678110070995,0.011639255236691837,0.011851040020624521,0.010960112002936877,0.013462126137407597,0.011807105634775222,0.011820912983475498,0.0086598689
2023-05-26,0.02062771047685086,0.018105147200713722,0.018053178634749235,0.017584523535397644,0.016170702406083322,0.018305701429430415,0.020057284980057228,0.016835859993632935,0.017830307291638054,0.012950817
2023-05-30,0.0004835682229101634,0.0004956440204624907,0.0004931659399063623,0.0005137567824861649,0.00046042740979828245,0.000431529754990975,0.0005802177955899381,0.000491099683776311,0.0005166654771176814,0.00038083654
2023-05-31,-0.010495908391340694,-0.008402596040299812,-0.0086216857718748,-0.0083458273120375,-0.008469497924390121,-0.007883593517898245,-0.008585766947410083,-0.007930834123215512,-0.008311514442077193,-0.0055451876
2023-06-01,0.014618974104359637,0.013282505214360998,0.013177503235831004,0.013461472384458556,0.014426204112703222,0.015101750296276232,0.014619518154171705,0.014341026574323918,0.014063240918578532,0.0095009634
2023-06-02,0.02741599616430489,0.022262320722866647,0.022147001799873407,0.022031976290882337,0.021791384307161793,0.023033488984683347,0.02256678765185704,0.02315048259638091,0.02241560028484364,0.01446114
2023-06-05,-0.0034475197173928556,-0.002914942880467605,-0.0029508117531168204,-0.0029652491967454954,-0.003584367828375408,-0.0034637072997505632,-0.003027077317188098,-0.0034043264181222305,-0.003167215922073389,-0.0019161355
2023-06-06,0.003655886854577931,0.003294554273836749,0.00328452271706013,0.0033767050403575834,0.00390302915419778,0.003748249615970524,0.003444757158149082,0.003914558052550982,0.003557361304032908,0.0021773874
2023-06-07,-0.005180498580323757,-0.004906277786124373,-0.0048788990607740255,-0.005080127371734195,-0.006164834102083299,-0.005161340823301563,-0.005437914298293056,-0.006267612506963615,-0.00536152615062206,-0.0034575764
2023-06-08,0.011830546295213126,0.009783628170419457,0.00984819772567786,0.009916599037037408,0.011955872293146458,0.011174828233661725,0.009690537216742534,0.011646148090955852,0.010494640560564641,0.0060483283
2023-06-09,0.003389358090255704,0.0028168447028165773,0.0027906070663601327,0.0028798468036825295,0.003271254683290236,0.003039921819221615,0.0028995583817736704,0.003457651845640965,0.0030101143725815016,0.001794484
2023-06-12,0.018097332360827122,0.01618856273456698,0.016254398581246315,0.01614847619096166,0.018071054488836818,0.017913209175958154,0.015111263436535897,0.017509945120494877,0.016895623528860756,0.0090717969
2023-06-13,0.01218172547208482,0.010642142905860593,0.010577318573570124,0.010856564151691886,0.013177079281825745,0.011797153262550314,0.010755749120117928,0.011859436828708093,0.01132906633051506,0.0065929594
2023-06-14,0.0023048924439911167,0.00216889605456248,0.0021795020401888967,0.002122943477052419,0.0021519352294738815,0.0022049185192732734,0.0019797676574909843,0.002079997700934319,0.00214322741816189,0.0011907163
2023-06-15,0.0247940483860067,0.022003313141597213,0.021969736287143514,0.021583729180652617,0.024363492461279293,0.02333821930901371,0.02118547366181114,0.024675298889787995,0.022848335111842293,0.01239758
2023-06-16,-0.004024293078669856,-0.004511205103326302,-0.004493587792717144,-0.004717855612563505,-0.005767926094669161,-0.005032063924162667,-0.005547884275737,-0.00581932992572354,-0.005068585141401984,-0.0034061821
2023-06-20,-0.008707215727625218,-0.007754516646998509,-0.007889693539304615,-0.007969589430322022,-0.009239235601135102,-0.008908358686907552,-0.008307938495897501,-0.009919196358601586,-0.008507199640968329,-0.0051882214
2023-06-21,-0.008256922062937674,-0.00745578035202789,-0.007427277145925301,-0.007739784040879789,-0.009171792952910993,-0.008875814233354968,-0.00810957954338682,-0.009652212908791813,-0.008262955335364154,-0.0051235481
2023-06-22,0.0070268335588899895,0.005555553999527676,0.005526657860262698,0.0056715840857486195,0.006412896939152425,0.006422492779197592,0.005719152814755644,0.006866574191295312,0.005987768442201394,0.0036097097
2023-06-23,-0.01413563829739209,-0.011288051803572606,-0.011234989267947136,-0.011655312641596251,-0.015232991767222481,-0.013089397677913521,-0.011925978594920294,-0.014484638780029865,-0.01259734225484263,-0.0075599981
2023-06-26,-0.007283390401428222,-0.006332005601899022,-0.006374692564305049,-0.006496569640443332,-0.007848409678966451,-0.007032157259918741,-0.006472602550818493,-0.007926373210490585,-0.006849915006028707,-0.0040858877
2023-06-27,0.021814565642669984,0.01883727334779512,0.018812240460827783,0.01878431443505237,0.02188420808195701,0.02138510741502314,0.017724409849445427,0.020519803640413743,0.01961334499574881,0.010963383
2023-06-28,0.0009981466576252675,0.0008368694131691415,0.0008290521675569919,0.0008270182718878373,0.0008460475683044946,0.0008875781197693807,0.0008108539901934636,0.0008909359250806904,0.0008524670104412404,0.00050438309
2023-06-29,0.007881918128789385,0.007161693727192753,0.00718955234926043,0.007007015619780199,0.0077730375757034745,0.007713260029686936,0.006607324280179924,0.007674654477614813,0.0072807966035733996,0.0039412057
2023-06-30,0.018663308873555048,0.018074192369458772,0.01805539695106635,0.018429063138204603,0.022883696509721486,0.020487567099127735,0.019681985683975313,0.021570914373300124,0.019741643585292665,0.011800989
2023-07-03,0.002094599507530464,0.0018932322905662353,0.0018917705734334393,0.0018974145689583835,0.002260884674307818,0.002098101051039631,0.001928223433009561,0.0020457761061294507,0.0020016544885689855,0.0011504422
2023-07-05,-0.0029752783838097865,-0.002548416481959984,-0.0025419841178314392,-0.002540312856311093,-0.0029754441375552687,-0.0027490925982969704,-0.0025412247487378117,-0.002685752916848799,-0.00266507259205095,-0.0014871681
2023-07-06,-0.01566278215103865,-0.015807742456947584,-0.01581065745365811,-0.015808343122700155,-0.015662782317535193,-0.014972359771961584,-0.0139686096267362,-0.014782731022215095,-0.015764749317980595,-0.0078306448
2023-07-07,-0.005057572762386933,-0.005057721222933639,-0.005057724208765004,-0.004892204122112956,-0.005057572762557424,-0.004796085217419936,-0.004618310103514769,-0.004852647783741745,-0.0049693252838492,-0.002524808
2023-07-10,0.005059851960480516,0.004890201119204631,0.004868770746616102,0.004517590590438433,0.004787720822013624,0.004835426744315166,0.00466019078806517,0.004450491518547897,0.0047044523658346295,0.0025311988
2023-07-11,0.012734424877037256,0.011855219181882641,0.011804046400979191,0.011207301112694551,0.010433554136456165,0.011936721754199846,0.01178431310108666,0.012183858108416315,0.011596457180974606,0.0063684704
2023-07-12,0.016085654292934275,0.015375860906808387,0.015328398651929507,0.014364418126903953,0.01461456673344322,0.015095962558377496,0.014965704597415577,0.014935974681679383,0.014953145968749111,0.0080459701
2023-07-13,0.014348614842654997,0.013291865795430288,0.013274836271352605,0.012924761383014226,0.01294743639875598,0.013793975239870845,0.014514698519450286,0.01422736978269488,0.013545107219376,0.0079369346
2023-07-14,-0.0013425201711835487,-0.0011730228307523063,-0.0011648253452673622,-0.001149144386578406,-0.0014002576823609685,-0.001364474388779954,-0.0012491803452677683,-0.0013535913948681476,-0.0013028471527568894,-0.00062295655
2023-07-17,0.006943853269051484,0.006745547091293289,0.006750744676868129,0.006432756070687886,0.006932601903149458,0.0068096090663347965,0.006906127215085075,0.006943842174833603,0.006905018634705348,0.0034722869
2023-07-18,0.01485770597344388,0.013725781413484673,0.013649685696290041,0.013290614021869124,0.01485771710882213,0.0148402298778057,0.014857743311570647,0.014131702303261318,0.014242381456258198,0.0074305768
2023-07-19,0.004440252805381988,0.004369015349102901,0.004364414490415859,0.004242779686132413,0.004440252794489934,0.0044402698998941715,0.004440252768859755,0.003978198743943024,0.00440189176286036,0.0022237856
2023-07-20,-0.013271195069037001,-0.013151496040606886,-0.013271119726896426,-0.01235707317755728,-0.01327119506902618,-0.01327119508601839,-0.01327119506900072,-0.011979441439178637,-0.013271156960394723,-0.0066344942
2023-07-21,-6.725962428451915e-06,-3.4765174461381834e-05,-4.792596018966866e-05,-3.097875376487102e-05,-5.5291202854997336e-05,-2.43934980895274e-05,-6.725962428415056e-06,-5.836532728469623e-06,-4.872558233638946e-05,0.0
2023-07-24,0.008934535473992332,0.008159667157498262,0.008116301700511353,0.007757040407349979,0.008033533151922673,0.008916898627465886,0.008934535473992332,0.007813045639722642,0.008246484813287564,0.0044672711
2023-07-25,0.005215555019183995,0.00472376483038454,0.0046971984677462095,0.004585533084537512,0.005361355299127015,0.005120540647373219,0.005273317427329283,0.005046186161709193,0.005047314783874982,0.0027300664
2023-07-26,0.0002666390048393075,0.00025315645718968475,0.00025087169273947793,0.00024791077027379885,0.00024815730557944894,0.00025205952913648713,0.00028157503252365277,0.0002499255124843063,0.0002720977967366557,0.00015378062
2023-07-27,-0.013260209428300414,-0.013367767028048509,-0.013371400414467365,-0.012471461917938055,-0.013016242793348442,-0.013242685051259171,-0.013268992809436362,-0.013273786269851531,-0.013320822369291345,-0.0066300483
2023-07-28,0.013459971088750316,0.014054748589777021,0.014029884591307976,0.014353905906806642,0.017223696762154073,0.014789319462704306,0.017192024433487333,0.01957379668814242,0.015681954016461216,0.0097902649
2023-07-31,0.002846700677077487,0.002807436279283038,0.002800807872304759,0.0028280281493226066,0.0033522704456545043,0.0033673071067623806,0.003173245220536231,0.0037986880926368623,0.003148550645182195,0.0019041419
2023-08-01,-0.005117756612136059,-0.004471179534703404,-0.00448637730360885,-0.004508996894830745,-0.005684556163347781,-0.0053933108099998425,-0.005013525615088754,-0.005725322376637478,-0.0050393749599975685,-0.0028617175
2023-08-02,-0.027944597349297978,-0.023046044285998567,-0.023119180225033956,-0.022790092160429362,-0.026872517125322588,-0.027346493511208235,-0.02632456313007686,-0.02782421009434524,-0.02556351549898211,-0.013910665
2023-08-03,-0.005746036779094884,-0.005024977923436847,-0.004995931765171297,-0.004879236792786628,-0.005753336214180763,-0.005508276150111499,-0.00577591725163702,-0.0057459111584688,-0.005451491941076468,-0.0028657997
2023-08-04,-0.008626788996441941,-0.007386233694835673,-0.007346480233268119,-0.0071255955533864115,-0.007967282465239667,-0.008420887065965204,-0.008827111235580944,-0.008717263109866086,-0.007934833023047651,-0.0045228153
2023-08-07,0.015508901352426841,0.014025895075056598,0.014002288929377294,0.013517715449751829,0.01385817000194909,0.012815235024134453,0.01620474927622622,0.015138271669097812,0.014156567448150041,0.0087284912
2023-08-08,-0.005993625798972084,-0.00615982004899515,-0.0061315117710076155,-0.006104573906749447,-0.006061124724393869,-0.006458421254665784,-0.007180318944847106,-0.008047987215477859,-0.0065122919365830974,-0.0043485857
2023-08-09,-0.013255335975623927,-0.010843960265259779,-0.010839466946415237,-0.010609531982817893,-0.011590578205267828,-0.011505334150328178,-0.011893928149764092,-0.012929257687919275,-0.011414857308528136,-0.0066853112
2023-08-10,0.0005687082744335429,0.00050524607150748,0.0005000617666232289,0.0005050166335472677,0.0004522697964779444,0.0006117363469288224,0.000637731414892739,0.0006879026337101141,0.0005608407358371373,0.00035894678
2023-08-11,-0.0010360980822271648,-0.000885634885056836,-0.0008816339019397419,-0.0008746332192793816,-0.0008834241057248027,-0.0010076734615444593,-0.0010342352409136995,-0.0011477249218512814,-0.0009511572982757537,-0.00058330122
2023-08-14,0.006427996533045746,0.0068101317324281525,0.006766183679427482,0.0070631035388880135,0.007850747629266961,0.008083393760734811,0.008157421168572931,0.009043849477785741,0.007606826101494239,0.0055201796
2023-08-15,-0.019006527848549976,-0.016791244628830464,-0.016841239797873234,-0.01701968141232499,-0.01886724415797134,-0.020744078157220187,-0.018421785403892027,-0.018714543204942292,-0.018103381055441393,-0.011648832
2023-08-16,-0.014863251468390525,-0.011766860773590205,-0.01191461615103542,-0.011717612159347163,-0.014295929505480039,-0.014429761070672027,-0.012919481868082746,-0.012673084192012442,-0.012732266089871835,-0.0073381579
2023-08-17,-0.012810054398246416,-0.01112635811577204,-0.011082211715805654,-0.01108843740778463,-0.011791649628936866,-0.012943170442859597,-0.012958986938786119,-0.012391217603769482,-0.011856645505390983,-0.0076198731
2023-08-18,0.0005890293005324474,0.0006120052664104775,0.0006086511529742566,0.0006139350703864203,0.0005761816058432959,0.0004769517574045716,0.0007097221178081781,0.0006654558785105315,0.0006074159803206011,0.00048130103
2023-08-21,0.010074539307501075,0.009326463815624053,0.009275081111601005,0.009110877551539684,0.008605959608120413,0.01125305171009701,0.010383184964900842,0.008992951988881464,0.009512029506981786,0.0065063034
2023-08-22,-0.004334855024799195,-0.0039389980685567766,-0.00394130785178648,-0.0038888176803354374,-0.003712086058662431,-0.004789430416751318,-0.0043607860300254,-0.0037912203075157257,-0.004032305549939969,-0.0027085587
2023-08-23,0.01937371851135718,0.016472592353179542,0.016461879308155816,0.016278503584334643,0.014774261308023371,0.0159253779861921,0.01833294899475629,0.016188155952686963,0.016320489844348456,0.011137666
2023-08-24,-0.022051861497289462,-0.01976713793508313,-0.01965458671597733,-0.019705636401555697,-0.01936850606178544,-0.02011881897599369,-0.022388541020616368,-0.02059175890329851,-0.020167105882947258,-0.013859215
2023-08-25,0.013899314021937432,0.011644099755509167,0.011762160676242561,0.011384589847595307,0.011069859240714396,0.01292086926695249,0.01242719292869224,0.010780913820128362,0.011669955014382175,0.0070498717
2023-08-28,0.008732142980363369,0.008748543733996222,0.00869647028140813,0.008747689425988931,0.008897223289106729,0.007963315494027583,0.010083618975717617,0.009212514000801579,0.008876667749358403,0.0063413764
2023-08-29,0.013318055529809799,0.015830825561863153,0.015899836679689135,0.01695675429608765,0.019744968434699438,0.019187412783077316,0.01870014194213259,0.02132984113959764,0.018048425680311172,0.014454832
2023-08-30,0.007253070568563944,0.005881983759451957,0.00586248286929734,0.0060224326987814766,0.006607050358519189,0.007010354221533599,0.006105906308563584,0.006573604789512633,0.00626667917293924,0.0041187999
2023-08-31,-0.002636761098887231,-0.0021381826544558374,-0.002199360734569819,-0.0022044889610603907,-0.0023482754082610586,-0.0025905137217130114,-0.0023867117769265883,-0.0025935112487159833,-0.0023316763486045185,-0.0014632904
2023-09-01,0.0030248057439171278,0.0025668871322191075,0.0025438709060455786,0.0027169756996592463,0.0030417629226039745,0.003303942092351532,0.0029666573653908575,0.0032665837897788777,0.0028976734042566155,0.0018650988
2023-09-05,-0.008818428662427746,-0.006853335783805393,-0.006814947585510143,-0.007049432559275495,-0.007919043095536156,-0.008301864311456459,-0.007425866649878855,-0.00826635789093034,-0.007471932029487984,-0.0043219845
2023-09-06,-0.012263601992082,-0.01072959950187369,-0.010684688224933778,-0.011023252560754053,-0.013367204883772374,-0.012793612900382778,-0.011491234756650277,-0.013329889341724617,-0.011813044777560743,-0.0067224434
2023-09-07,-0.006230673413511218,-0.005583703804924206,-0.005556786423568422,-0.00549066937800963,-0.005631021224261186,-0.005940757367785713,-0.0057010650815310215,-0.005926298557637548,-0.0056534594055843105,-0.0030702315
2023-09-08,0.002439618477309362,0.00228122991957908,0.002266958772269487,0.0023133543362520888,0.002631001976234896,0.0026561122971738003,0.0025498406456988614,0.0028863014665483993,0.0024962001229115174,0.0015062687
2023-09-11,0.011547766033507217,0.010561792330795558,0.01065800557363915,0.010568179789664114,0.010785984062345636,0.011771494706436899,0.011172626332092758,0.012100103952328552,0.011074403937267389,0.0065765037
2023-09-12,-0.011095801220019338,-0.009421095334292794,-0.009383387999042309,-0.009378602610699059,-0.010745490440159463,-0.01078362457816912,-0.009708644996442509,-0.010132983331705665,-0.009905220900941761,-0.0054855707
2023-09-13,0.0023262610210136626,0.00206016080455318,0.0020522112222030628,0.002037491641443529,0.0020829796690406944,0.00226657238090707,0.0021518993035344485,0.002169583436154102,0.0021305804176947,0.0011659671
2023-09-14,0.017243656398961162,0.014962303956459732,0.014898848803539066,0.014718570549718837,0.017033114017013105,0.016738655155179593,0.016419505914543095,0.014872506516522686,0.01562871781537175,0.008622407
2023-09-15,-0.02227207668645692,-0.020028162057152472,-0.019933575845778748,-0.020077186298237466,-0.024112831823377152,-0.022237874129598635,-0.022217255638990793,-0.024110527886456602,-0.02173422749514072,-0.012048388
2023-09-18,0.0011041476417670956,0.001001791177674514,0.0009984223089532134,0.0010018709825517554,0.0011607861803368147,0.0011038644047073275,0.001100251271742578,0.0011658451766715172,0.0010839916505464137,0.00058657436
2023-09-19,-0.004148458802434748,-0.0037718654451717923,-0.0037665416750155014,-0.0037058049589212987,-0.004148515346056001,-0.004131199670739166,-0.0040381130419280655,-0.004045108675914405,-0.003974649273104904,-0.0020739709
2023-09-20,-0.018388469129680094,-0.01786586252591249,-0.017803767576572097,-0.01702237264329304,-0.018052477283491023,-0.01794018007252634,-0.01841281034603245,-0.01686555333129696,-0.017699015257471584,-0.009193193
2023-09-21,-0.03306608553067838,-0.03011955422550657,-0.030006704656983938,-0.029048718684674558,-0.030884773709829137,-0.03210391506512977,-0.03297983068076522,-0.029281831430185132,-0.030575592437896957,-0.016528359
2023-09-22,-0.0035463608899194287,-0.003577307545506879,-0.0035919452839100058,-0.0035282061183803215,-0.0037968893010124263,-0.003553062917932159,-0.004101169912919893,-0.0036408347350551868,-0.003673249969245813,-0.0022486477
2023-09-25,0.007078683184023803,0.006633920867539296,0.006615030698014631,0.006381670404386538,0.006238739711759029,0.006295629687150021,0.007291299771518645,0.006335084478875095,0.00654815092839319,0.0042051364
2023-09-26,-0.021204185004987507,-0.021106232897220703,-0.021029104104162106,-0.020755492902740248,-0.02042212016840224,-0.01889784150422138,-0.02405380777469972,-0.021837905599420317,-0.02106019299394924,-0.014691254
2023-09-27,0.00048206868528746197,0.0004758979578974025,0.0005001319382656092,0.000495307273112181,0.00048026345753754114,0.0005124682473923689,0.0005574552602079301,0.0005965250654161342,0.0005168011194758186,0.00039920316
2023-09-28,0.008918033696996926,0.007977578465631078,0.007947101577236403,0.007773096623942284,0.006657667916400013,0.008120485257371584,0.008983673251328329,0.008458086745135379,0.00796119497932387,0.0057973976
2023-09-29,-0.003040493306978847,-0.003019851798820516,-0.003007844478867922,-0.0030204640189868976,-0.003089675430457086,-0.003095921195600082,-0.0035405860367959023,-0.0033874076762849983,-0.0031376571254153256,-0.0024267961
2023-10-02,-0.0004749082550868489,-0.0004887501869142168,-0.0004866679154650137,-0.0004895916989033878,-0.0005230143760223431,-0.0004986164817578277,-0.0005813384440755811,-0.0005703088182997086,-0.0005106523093287808,-0.00039778278
2023-10-03,-0.01528581952371192,-0.015193492349398404,-0.0151024065216924,-0.015767901905985343,-0.016553421948701595,-0.01588910514934511,-0.017599852327464117,-0.01835878104115643,-0.016275678867011544,-0.013385949
2023-10-04,0.007833799427518778,0.00791629750613034,0.007924287713772382,0.008268186888970791,0.008853894687004938,0.00868149478052707,0.009243250185463053,0.009786317307529078,0.00862160009754152,0.007281911
2023-10-05,-0.0005179008747964141,-0.00043716987134608714,-0.00043212585831961867,-0.0004285819603255963,-0.0004694351043078389,-0.00045411225762108994,-0.0004949620467094187,-0.0005143503861816943,-0.00044846175855805533,-0.0003768612
2023-10-06,0.01299134569402968,0.012726663911584408,0.012698836404469347,0.013294928962968649,0.013650218017622508,0.01381430587426977,0.014948190148328905,0.014615658564664407,0.013638502395062676,0.011872778
2023-10-09,0.008202423717979957,0.007397561807377841,0.0073689050243203645,0.007641875886237693,0.007917329832906947,0.007476970268349049,0.008381867538228725,0.008045766367915846,0.007731075377723178,0.0064022718
2023-10-10,0.005807429415944777,0.00570847041163129,0.005803932310099237,0.006039627004155106,0.006307197476536934,0.00657743353334595,0.006701698892847812,0.007189010053677329,0.006322041943468178,0.0052047664
2023-10-11,0.005952592466710859,0.005085243457967075,0.005088130339300235,0.005239452930917968,0.005227714896394639,0.005879758395085135,0.00564782071608729,0.006130924139403616,0.00544459730994886,0.0040963297
2023-10-12,-0.010259653865353506,-0.008244960921930411,-0.00819691114637016,-0.008451229364580917,-0.008810959143515191,-0.008731574742393333,-0.008269354227082528,-0.009361222653194641,-0.008556467022611198,-0.0060964577
2023-10-13,-0.008731794325507844,-0.007143622319999086,-0.007108619063873344,-0.007298246207336629,-0.008009869216491732,-0.00807285695736411,-0.007172776030520832,-0.007991105569474922,-0.007519681776579001,-0.0049807299
2023-10-16,0.015431235806670057,0.014283620125055225,0.014208170002057855,0.014668450662422845,0.016741577649715705,0.014367582077863698,0.015300733600728748,0.018438516967406043,0.015322721035594997,0.010521348
2023-10-17,-0.00020963225855680147,-0.00011715373551827502,-0.00011685913341849769,-0.0001226750138136118,-0.0002009967223692803,-8.968796104215147e-05,-8.633477792790549e-05,-0.00018178989533749416,-0.00012798990728513456,-4.5896309e-05
2023-10-18,-0.021479349286741063,-0.01893059865402588,-0.018878186384588706,-0.01926620556002487,-0.019469282680001893,-0.01982191165271472,-0.019413977446297925,-0.020888706206394898,-0.01950565860595196,-0.013325092
2023-10-19,-0.012386771021019963,-0.011697858460987413,-0.01170940366566804,-0.012015755361183794,-0.012387068538530903,-0.010912907894634043,-0.01273956320978138,-0.01345424266674338,-0.01208135671831998,-0.0087863778
2023-10-20,-0.013610985482844841,-0.014271534855277072,-0.014190348837166513,-0.01477353030115553,-0.014864462898179092,-0.013342047333149282,-0.01678213168062075,-0.017377900617171746,-0.014969885159856994,-0.012288052
2023-10-23,-0.001533815293916135,-0.0017440837165238917,-0.0017322066985125853,-0.0018403708406276257,-0.0018991252770509629,-0.0017744979986958592,-0.0021582175538715238,-0.0022275303232966994,-0.0018929858624220528,-0.0017333045
2023-10-24,0.00817074944741886,0.008147532878707037,0.008100194433806256,0.008426435350328856,0.008673722320031278,0.007857013715970093,0.008920376010668207,0.009284524619556592,0.008461796197103504,0.0075393927
2023-10-25,-0.0152186532145311,-0.014953735554428919,-0.014994565962903756,-0.015698328389072386,-0.016253028395050644,-0.015312096860366765,-0.01660466017912259,-0.018377845870930443,-0.015945791721790493,-0.014352119
2023-10-26,-0.017224277578888912,-0.013996258028490758,-0.013960152518137276,-0.014684982611080174,-0.01488828677823461,-0.013165145942107213,-0.014373641796195427,-0.01569598025473414,-0.014357359934958314,-0.011974615
2023-10-27,-0.006092253209222188,-0.0052494992428546595,-0.005222058674368826,-0.00540418804976099,-0.0051697598118074055,-0.004640033103666144,-0.005554787671869284,-0.0058008982052518586,-0.005265976669736081,-0.0045328149
2023-10-30,0.01168413044152375,0.012548158317540359,0.012462458715427196,0.013003599677455652,0.01296683558303777,0.01145791238845414,0.014116987220705535,0.014485943794922605,0.012936955106926249,0.011955797
2023-10-31,0.007319094235458955,0.0071232096560784695,0.007080400207096459,0.007248969357184731,0.0066797246041587375,0.006343339078522127,0.007530722521307138,0.007385809713773281,0.007040924041115609,0.0062803958
2023-11-01,0.014885345595710836,0.013296709098785253,0.013290044498380229,0.01349384334078536,0.013252326376191491,0.011390313744231877,0.013392899113209525,0.013347975641282931,0.01302510957415755,0.010664693
2023-11-02,0.027295090572763456,0.02409490748554145,0.02435465151868345,0.024959269818503382,0.02612042448343493,0.022784568214610126,0.024957952699625002,0.02638362963731403,0.024754104332441778,0.01916434
2023-11-03,0.011062004026755582,0.010695752257973697,0.010801906436638052,0.011442230039417373,0.012475989763054383,0.010682046678548935,0.011838288956327422,0.012460179794738593,0.011440655036158964,0.0091233803
2023-11-06,0.00421127746733038,0.003314863181342039,0.0033297381245264313,0.0034507697973709434,0.003980100590979352,0.0036865552989165207,0.003215444842697626,0.003780527058463635,0.003514546426927943,0.00230049
2023-11-07,0.005125049827825709,0.004291773181180897,0.004311896720295418,0.0044695759278270755,0.005213537530679238,0.004604619898486285,0.0042560036020859214,0.005141584710196728,0.004596357480186965,0.0028459734
2023-11-08,0.001378040063597266,0.0011470094231537762,0.001150397386975422,0.001183804483585982,0.0013613293107869928,0.0012195508117163315,0.001134402387114193,0.0013756633700484247,0.0012176167635555533,0.00073255622
2023-11-09,-0.015598445395565085,-0.013754810752775926,-0.01374957698155012,-0.013756137516288135,-0.015636892730576828,-0.014639934982071903,-0.013626439433757572,-0.015598443023666475,-0.014587252027347532,-0.0077989004
2023-11-10,0.029981512697607245,0.027052032060087765,0.026910481540968176,0.0271481652036011,0.031201615498893758,0.02617569501685544,0.027840918438407414,0.029721086494649773,0.027927239302945425,0.015604789
2023-11-13,-0.0015368882857884523,-0.0014983628932314392,-0.0014899512234378637,-0.001524820037098874,-0.0017917930024648476,-0.0014717333720055974,-0.0016205581574872182,-0.001709911438938088,-0.0015786977487936779,-0.00095325272
2023-11-14,0.03606781605270799,0.03181992922850512,0.03246620983105573,0.03262390358937931,0.03869257903341331,0.03306305005384042,0.03234599638527936,0.03356377383728515,0.033721387877469707,0.019400845
2023-11-15,0.004156056973028842,0.003750268421133371,0.0037833723698807793,0.003746111241009131,0.004215599106841516,0.003733792023498277,0.003677041319187416,0.003782962694920324,0.0038236203128099878,0.0021170861
2023-11-16,0.002443872668133096,0.0020140316842223497,0.002003769605257055,0.002079065096089667,0.002443813496346016,0.0022541363291408868,0.0021605499995482513,0.0023501612303407694,0.0022411367682316392,0.0012229516
2023-11-17,0.0024868486554333047,0.002140001282624332,0.002132262977283534,0.0021719495785940406,0.002486848714388947,0.002320659097452001,0.0022147285087548907,0.0023954380774461105,0.002298668502811865,0.0012440333
2023-11-20,0.01539387046767124,0.013583236354646927,0.013541712263427713,0.013699085789027428,0.015393870467612505,0.014003129892394819,0.013819389233873141,0.013763910091078323,0.014133278043901808,0.0076975551
2023-11-21,-0.004366567035441493,-0.004480827299298467,-0.004483369938213858,-0.004467711750333542,-0.004366567035441435,-0.0043185797421570055,-0.004232011815413069,-0.004191422096259523,-0.004446174235247829,-0.0021794937
2023-11-22,0.007719610534778615,0.007561301824286479,0.007692062375414486,0.007364471328102819,0.007719610534778615,0.007475560521314875,0.00750383411661548,0.007486122164353687,0.007719530396399244,0.0038609036
2023-11-24,0.0012265530525918922,0.0012086384662249399,0.001223447186946475,0.00118388282751013,0.0012265530525918922,0.0011889091344685569,0.0012006485843250505,0.0011945547003173332,0.0012265531318118687,0.0006151911
2023-11-27,-0.0031701960748891024,-0.0031751972169391843,-0.0031630321907797554,-0.0031863143475900917,-0.0036022714130033483,-0.0034057473758640623,-0.0034153547038271804,-0.003578129177773069,-0.003407233765466755,-0.0018008304
2023-11-28,0.0018158241072531588,0.0018177463550395196,0.001813059565339386,0.0018259150761570139,0.001978477266246876,0.0019185739642638107,0.001910403942534002,0.0019724838037697085,0.0019072798428177635,0.00099014261
2023-11-29,-0.0014076895649224022,-0.0014076914821009566,-0.0014076868076580665,-0.0014076996291979692,-0.0014078517631196685,-0.0014077920335009827,-0.0014077838866138775,-0.0014078457873561386,-0.0014077807713253944,-0.00070343269
2023-11-30,0.007874287950352507,0.007662963402042006,0.00771261755315101,0.00734050247143999,0.007874287787811086,0.00785055995904973,0.00787428785583123,0.007874287793799496,0.00787428785895311,0.0039374966
2023-12-01,0.011827820565886998,0.011335001786719532,0.011278481534531072,0.010873438359806652,0.011827820566047639,0.011796221484081926,0.011802586846457389,0.01182782056604172,0.011768855039003868,0.0059158633
2023-12-04,-0.007997852150782551,-0.008540813999544738,-0.00855316249834313,-0.008513006665883739,-0.010088812134683742,-0.00853437128531987,-0.0096002299168186,-0.010161758578350227,-0.009102733029886257,-0.005249346
2023-12-05,-0.0005127052137005244,-0.00034797995335946613,-0.00036614260576944276,-0.0003448985744486455,-0.0004321062504095619,-0.00046979119096263536,-0.0003726485585034849,-0.0004067770303092912,-0.0003900505726391221,-0.00019712551
2023-12-06,-0.008161228418705738,-0.007466508041355587,-0.007415581870008064,-0.007192917608245202,-0.007914600693508122,-0.007746653827296509,-0.007508732661355131,-0.008071916542645307,-0.007602612861174913,-0.0040297715
2023-12-07,0.011726102002860226,0.011269543901476622,0.011270009453680542,0.011476239836407194,0.013330085861783409,0.013567894208100137,0.013194160270867485,0.01487549016454215,0.012585742847371809,0.0076303567
2023-12-08,0.008193614585597891,0.006868347240405275,0.006847856333632632,0.006860614874500986,0.008473923464948548,0.007625814193730886,0.007497430476945445,0.008148436778557016,0.007479107710352968,0.0042993165
2023-12-11,0.007750843378235687,0.006813650270233094,0.006822331390370076,0.00664611908694139,0.007774784071086248,0.007291405425294174,0.007027183303792417,0.007103779299729001,0.007066748111664602,0.0038894618
2023-12-12,0.007470456398516802,0.0070855773413941925,0.00715181596265552,0.007187826192072801,0.008819233723123727,0.008579019344902312,0.008200769158773769,0.00872072364759657,0.00790863854726226,0.0045670755
2023-12-13,0.027413585105286978,0.025419259574296013,0.025550993370748547,0.024704999425968974,0.027545000311638358,0.02751629861506274,0.02608858718744864,0.027476062475738933,0.026318945472336937,0.013790269
2023-12-14,0.006405336383016082,0.006334884674990322,0.006339419558379715,0.00612156095448807,0.006405210186436149,0.006405237745605102,0.006355044666703958,0.006403039366023886,0.00636443329150087,0.0032092981
2023-12-15,-0.002507114483459154,-0.002644168218561006,-0.0027315582856443227,-0.0026658688951135094,-0.003101300169547778,-0.00283762235518488,-0.003063898633359644,-0.003248566703852296,-0.0028801120769418468,-0.0016465288
2023-12-18,0.008740584876244384,0.00846209277846387,0.00844508099302424,0.008713453725658162,0.01116954313443138,0.010433998369898695,0.009750126566986754,0.011234003991777656,0.009720635054002785,0.0056252221
2023-12-19,0.010808964651815163,0.009673232361252063,0.009637763970400703,0.009832689448740897,0.012156141922436919,0.01167779359401655,0.010590789140320054,0.012156078527205733,0.010893155873506522,0.0060808125
2023-12-20,-0.02782060433495606,-0.026644071627177746,-0.026637481085630788,-0.025799744120332382,-0.02772039436383578,-0.027757243377583656,-0.02617280027032388,-0.027720394301577883,-0.027820181425841837,-0.013857196
2023-12-21,0.018949259004448746,0.018931808070992512,0.018931471376701606,0.01811004543600971,0.01894936355182987,0.018949325110377627,0.018917225519122234,0.01894936355189482,0.018949259445708015,0.009481811
2023-12-22,0.0024854165537015935,0.0026906736154149596,0.0026855591457683077,0.0027797097050469774,0.0038674270319754684,0.003055320606899254,0.003573449317200925,0.004001283424856224,0.0031664754310203875,0.0020097965
2023-12-26,0.00590198424835025,0.006159660479656406,0.0061470968188922755,0.006271443877678261,0.006824709671423444,0.006525788818236307,0.007174338605658676,0.0076432993233704425,0.006641313101107419,0.004222269
2023-12-27,0.0033151136866240265,0.0030057303309633616,0.002995974004846496,0.0029809670294027217,0.0033509848282336566,0.0033909059711069805,0.003184713113079711,0.0034913373506830366,0.003194458654735342,0.0018082335
2023-12-28,0.0007540545387866443,0.0006249052630947831,0.0006217336132158755,0.0006167953528398091,0.0007203438842421594,0.0007539791160859715,0.000649731125075625,0.0007398904507514543,0.0006736857857210237,0.00037777822
2023-12-29,-0.005790611992799709,-0.005132232614420602,-0.005123827240440934,-0.005091670706329509,-0.005790578319076789,-0.00579061191746217,-0.005634743196371691,-0.005790597844505457,-0.00565243239466639,-0.002895118
2024-01-02,-0.011195416158329871,-0.011327875813197035,-0.011329642400903367,-0.010989190271505309,-0.011195416124361382,-0.011195416158253875,-0.011218540899361282,-0.011195416144057729,-0.011218516283590278,-0.0055962519
2024-01-03,-0.016339023758962436,-0.01602483650763008,-0.01595204556912337,-0.015345997270741749,-0.016339023758927887,-0.01633902375896236,-0.01633904727850361,-0.01633902375894792,-0.016339047253467,-0.0081666806
2024-01-04,-0.006304089736817725,-0.005966025224440508,-0.005978234705609791,-0.005748912146158493,-0.006148331701914961,-0.006303247487993516,-0.00645045871333508,-0.0064504586892262065,-0.00624871290796295,-0.0032210753
2024-01-05,0.002311123371372135,0.002209812617245953,0.0021975516500872,0.0021786535133316055,0.0020775111578930764,0.0024434574671733647,0.0026065359827959606,0.002736086850364726,0.002319724831682518,0.0013696686
2024-01-08,0.028430107137913874,0.02563199222541408,0.02558445825698475,0.024635582897831788,0.02424874540013523,0.027993872940805926,0.027719006935981214,0.028550471310187314,0.02632399882755391,0.014275917
2024-01-09,-0.002465002726594146,-0.002383494293858213,-0.0023877419027018855,-0.002377164532950608,-0.0026647127353070133,-0.002616774858068334,-0.002772816084605533,-0.0030482669216850837,-0.0025764382903209642,-0.0015171943
2024-01-10,0.011039037196662419,0.009322080242694238,0.009550343175501817,0.009316657103115782,0.010351314342840113,0.01112193512350706,0.010198076701172199,0.011309926245990167,0.010213914612312483,0.005655731
2024-01-11,-0.0008821340735712036,-0.0007342473949809906,-0.0007554852223951845,-0.0007316278453801953,-0.0008082126620646919,-0.0008815544877521844,-0.0007923605896615827,-0.0008873326818794889,-0.0008011508737408826,-0.00044087086
2024-01-12,0.0013377741012666347,0.001135288991568298,0.0011371808229471104,0.0011411736036359256,0.0012493613704904188,0.0013082215115273815,0.001252043283184492,0.0013852492816661167,0.0012493428032258431,0.00069284807
2024-01-16,-0.004934868641991865,-0.005041610138934205,-0.005010258423632891,-0.005281311251577812,-0.006011349609899046,-0.0056363972037889384,-0.006207455518537561,-0.0073434366433902075,-0.005785657295406303,-0.0036713726
2024-01-17,-0.010248199863381996,-0.008794811490495383,-0.00874334226498486,-0.008990538175661818,-0.010114250803886726,-0.009567307029726302,-0.009426416710730301,-0.0111209576290979,-0.009569523802234116,-0.0055586292
2024-01-18,0.01443620368549941,0.013139724264430582,0.01309533903693271,0.013470196122197417,0.014619825862029567,0.01504569445462403,0.01488414995917687,0.017640642598758215,0.01441187967721564,0.0088928775
2024-01-19,0.02406764149849846,0.01962426389847506,0.01964433151886894,0.01965816885687736,0.020905246318524827,0.021769473757703613,0.021355023234911744,0.022336855843597823,0.02072277945474046,0.012466149
2024-01-22,0.00389852063432242,0.0032439236805544024,0.0032306372285441603,0.0032969776175342373,0.0032731944466730407,0.003558773776604881,0.003636130095878261,0.0034887338317855106,0.0033866604851327197,0.0021142565
2024-01-23,0.005760808654584603,0.004911204929550056,0.004938663594222588,0.004906345788902027,0.0050939939421255995,0.005506086670058743,0.00521596470662922,0.005298767152011134,0.005115380447679838,0.0029165437
2024-01-24,0.0021833086264598607,0.0018725223921130963,0.0018562578174739796,0.0018664117710985655,0.001957531538950649,0.0021057810308382,0.0019941152138004885,0.0021072352208068752,0.001962998615066001,0.0010930683
2024-01-25,0.010876855734818974,0.010734902614524066,0.010730254915665803,0.010567673104269532,0.01077736343170627,0.010489487918718492,0.010800478779650327,0.010876931565673572,0.010781786365542738,0.0054389718
2024-01-26,-0.002423441247466699,-0.002311563439662324,-0.0023038934845249592,-0.0022894625276509827,-0.002404518779323196,-0.0023395153025737286,-0.002498827145121433,-0.0025463054478792302,-0.0023918290830801893,-0.001270463
2024-01-29,0.015174751225747317,0.013728694047913952,0.013704052053915963,0.013576794468129257,0.0149362975743885,0.014363777657318173,0.015329166977757607,0.015837467500574284,0.014498713946115474,0.0079193733
2024-01-30,-0.0015936347715485594,-0.0015327226399976224,-0.0015230887815181567,-0.0014723393048877821,-0.0015767544036519223,-0.0015543258511789596,-0.0015733029128190805,-0.001554650986736211,-0.001548642849255383,-0.00077342817
2024-01-31,-0.032635345515797685,-0.030897827613054717,-0.03147060804591669,-0.02979977030394959,-0.030865061341648053,-0.03129816026220712,-0.032638528578326366,-0.032635306439236664,-0.03162835123779932,-0.016317262
2024-02-01,0.026159489404026234,0.026137217900706035,0.02615495216721366,0.025791398288249997,0.02613496989411801,0.02482221943990177,0.026159486058062578,0.026159489445102498,0.02616075757051609,0.013088179
2024-02-02,0.01298225161287938,0.014747113501240049,0.014658717326749312,0.015061858539698509,0.015826526231347934,0.01570993589520472,0.019411390581700595,0.01822981128078472,0.016068230293914396,0.01052736
2024-02-05,-0.005242935611774568,-0.005362238391993215,-0.00540084420471685,-0.00551455246933478,-0.006068610442206197,-0.0056194696149589225,-0.006378636901218217,-0.007017876338734626,-0.005847805744590402,-0.0036411959
2024-02-06,0.0038345659570507844,0.003929977227085895,0.003906303675525878,0.004139294787286742,0.004841880682107556,0.00423774309446808,0.004690914671157416,0.0057614768723167654,0.004449876486343267,0.002903254
2024-02-07,0.014323533611410779,0.012374027060534793,0.012303544623686553,0.01282972070782155,0.01548793926415636,0.014006760274140393,0.013713299763334349,0.016678023550378552,0.013851960048981489,0.0083404327
2024-02-08,0.0007502844011215359,0.0006542732685341029,0.000650339254442198,0.0006771396237622167,0.0008195721083708263,0.0007404619092360254,0.0007206891976935982,0.0008753001825757555,0.000730770836409707,0.0004417505
2024-02-09,0.011549826231887068,0.009557483628971372,0.009634011305829538,0.009735718276532558,0.011488808533679593,0.010503872606525499,0.01009106677439698,0.011558490429471666,0.010413383162198904,0.0057794618
2024-02-12,-0.0008837407986942255,-0.0009909401432947576,-0.0009834786097705753,-0.00093883605752064,-0.0008836808181748797,-0.000922529153689566,-0.0009185879064978099,-0.0008837493150310813,-0.0009590979648187191,-0.00043901816
2024-02-13,-0.02754654711600587,-0.02757578743341125,-0.027575822807554617,-0.027596269340700065,-0.027546547055945576,-0.026452836943454235,-0.02759180829244778,-0.02754654712453353,-0.027554791308063195,-0.013773051
2024-02-14,0.018161170144068543,0.017742417771838104,0.01765549594959769,0.016896474723496237,0.017658788624969734,0.017202376753765035,0.018161122939365247,0.01816117014405965,0.01772543799465527,0.0090876669
2024-02-15,0.01087583624802193,0.011418363061981945,0.011449501549609217,0.011193209404694829,0.01131911668341573,0.01221054882702126,0.013139934257333757,0.013790422742877213,0.01214819759646092,0.0068996672
2024-02-16,-0.00815494266899743,-0.00819460096192173,-0.008175349652938863,-0.008126167325447325,-0.008359787607748765,-0.008855035895599153,-0.009137026388871405,-0.009966619621739694,-0.008694032431389557,-0.0049799113
2024-02-20,-0.011191447686733011,-0.009779152284483904,-0.00978038316503356,-0.009576864813101294,-0.010120223639776795,-0.010492108720735568,-0.010175882041727107,-0.011016051309280609,-0.01014492366656087,-0.0055055072
2024-02-21,0.0012599992906725756,0.0012458576149605772,0.0012342445596068864,0.0012950561036734634,0.0011446703467684629,0.0007940892808495589,0.0015337019605189144,0.0015334063321248974,0.0012252849566162945,0.00090594609
2024-02-22,0.03128410505622732,0.029716826458961464,0.02953315586092655,0.030276238205349346,0.029839643336376287,0.025628626338397822,0.03441564008398566,0.038137427645693105,0.030658949635301882,0.020695488
2024-02-23,0.0011039632837996746,0.0010112891496844916,0.001009043547377516,0.0010243709201912074,0.0010248613508620494,0.0009395734622587845,0.0011406567305049138,0.0012666348519377998,0.0010487358925272722,0.00068965795
2024-02-26,-0.006905458606023345,-0.005863641273589272,-0.005940779581051356,-0.005890668697272663,-0.006313321262351734,-0.006274571592839392,-0.006247858364287073,-0.0070118093034109924,-0.006199939285260113,-0.003662517
2024-02-27,0.003660096274958307,0.0030636647801733047,0.0030622743837215877,0.0030760460959573578,0.0033877334122051333,0.003331560269872708,0.0032280149415407073,0.0036204426020480756,0.003241394518902237,0.0018576239
2024-02-28,-0.002644829699210946,-0.002589974192807096,-0.002578490287681455,-0.002489671163196483,-0.0027130695939889065,-0.002543377054338838,-0.0025133538797259673,-0.0026647552353081774,-0.0026038176059050874,-0.0013215169
2024-02-29,0.007188608777982512,0.007130571025079352,0.007126253651716411,0.006962996628456566,0.007188540261655977,0.0068135503343002635,0.007077999914661316,0.007188588772699592,0.007147681072873957,0.0035949678
2024-03-01,0.018772844807921196,0.018772902229149707,0.01877290650092487,0.018195393867733226,0.018772844875705783,0.01779349021425694,0.01876608766648731,0.018772844827712826,0.018772885300170888,0.0093882064
2024-03-04,-0.0020342377085563828,-0.002004546998880235,-0.002000530388660661,-0.0019523979964900437,-0.002004416354633546,-0.001957043297319205,-0.0021122597679379016,-0.002153764308454302,-0.0020381466046789924,-0.0010722763
2024-03-05,-0.02007620446416388,-0.020099237602352174,-0.020105712839643287,-0.01915985249259424,-0.0201023110991855,-0.019004004954939174,-0.020007899645838708,-0.019989832822306253,-0.019957618733093752,-0.0099943745
2024-03-06,0.010124591218382887,0.010124709908966094,0.010124560794724643,0.010021292904081356,0.010124564302072802,0.009597261471856518,0.010124661634832506,0.010124680258547155,0.01013025616528533,0.0050674398
2024-03-07,0.016754822150545176,0.01645460647487782,0.016350301517035988,0.016048843604672233,0.016477179166150775,0.017586376487020793,0.019142106505952227,0.019181782270448706,0.017230230643519372,0.0099263893
2024-03-08,-0.007823332097928234,-0.008476836711668718,-0.008426077387072437,-0.008613638720052007,-0.008914555040047005,-0.009135902469045802,-0.010377590449788013,-0.01055202826399035,-0.009143543468911027,-0.0060023309
2024-03-11,-0.0020841117953508555,-0.0017573879579103433,-0.0017563208923117796,-0.0016437550685794047,-0.001635703741562487,-0.0018250244804993935,-0.0015831037802488297,-0.0015087711994277845,-0.0016771077118036993,-0.00085967851
2024-03-12,0.013448349915782873,0.014360795347237323,0.014260900420664835,0.01479079308137839,0.016529858757984225,0.015353291122996599,0.01753295116971072,0.019021486270682605,0.015827070758609504,0.010757287
2024-03-13,-0.0028367875793749485,-0.0023441362778414726,-0.0023508853468845073,-0.0023565893753243294,-0.0026426299545116885,-0.002781775487945817,-0.0025457838513928835,-0.002636200545657209,-0.0025013507390311803,-0.0015675903
2024-03-14,-0.0028587663057283233,-0.00269374709003663,-0.0027011052481314144,-0.0027968367489244602,-0.0033412821490345934,-0.003112543688327495,-0.003208159930386098,-0.003818988709265207,-0.003024025733327798,-0.0019768221
2024-03-15,-0.014049474299126334,-0.011849888667264013,-0.011787559684391196,-0.011795288885857132,-0.013022645100960756,-0.012721369451846914,-0.012031287430476038,-0.012873434275000501,-0.012281741344750002,-0.0068664637
2024-03-18,0.007701686712869686,0.0077340442198412076,0.007686095064890571,0.008148074496522058,0.008892099174315691,0.008691798546379812,0.00969438942227895,0.009829169240918848,0.008597608001272378,0.0059430938
2024-03-19,0.010129821425365289,0.008529449543840597,0.00851190779021886,0.008617490817449303,0.009227718776107608,0.009626446330168927,0.009393725613533343,0.00903213190699425,0.008974488862755014,0.0055570891
2024-03-20,0.01842966053262936,0.015582497570491056,0.015510047776594172,0.015378059535723028,0.01681903682272622,0.01689616417300742,0.016522400778755667,0.015290234215861648,0.01597241209893249,0.009249525
2024-03-21,0.006600328189618735,0.00604675693332536,0.006117709519797654,0.005863106801234147,0.006516020007616407,0.006284137250813834,0.0062565854947852955,0.005546748953096113,0.0060802671567838215,0.0033046711
2024-03-22,-0.0026514416899579844,-0.0027504691632676903,-0.002807024654414698,-0.0028252819410804265,-0.0033228794882822726,-0.003071132362567898,-0.0033311207190164366,-0.0031462035098866695,-0.003012372976492429,-0.0018959331
2024-03-25,-0.005932646792928123,-0.005251031359374709,-0.005208675802107317,-0.005145330118611471,-0.005691434990599922,-0.0054862985637395105,-0.005147713165604876,-0.005382170574605426,-0.005377353597262477,-0.0027628937
2024-03-26,-0.003697253270347841,-0.00345576967953303,-0.0034391275553841073,-0.0033800460630588804,-0.0036970099042985425,-0.0035377324893250154,-0.0036412480672638158,-0.003712910888379643,-0.0035634249649344175,-0.0018470323
2024-03-27,0.016805995512908328,0.016738812593338353,0.01673435950693839,0.016720338307793695,0.016805995757631073,0.01608300016988899,0.01678166897737594,0.016803925973547247,0.016769109770428798,0.0084039263
2024-03-28,-0.00039070061794531705,-0.00039063508708037727,-0.00039063074319110213,-0.00039061706556668094,-0.0003907006181840061,-0.00037321376904439875,-0.00039067689060906573,-0.00039069859942601835,-0.00039066464030994584,-0.00019121871
2024-04-01,-0.003479463959876112,-0.0034794638943065562,-0.0034794638899601025,-0.0033871899942594336,-0.003479463959876351,-0.0030056040462525745,-0.0034794639361347655,-0.003479463957856401,-0.0034794639238772333,-0.0017396322
2024-04-02,-0.012717897506578894,-0.012717897506512981,-0.012717897506508612,-0.012751778220174228,-0.012717897506578894,-0.012382619530894087,-0.012717897506555028,-0.012717897506576864,-0.012717897506542706,-0.0063580758
2024-04-03,0.0021900248528129327,0.002149946386251796,0.0021328302074911723,0.001981168103643274,0.0021900248528129327,0.002066097670597988,0.002190024852812957,0.002190024852812935,0.0021900248528129696,0.0010982333
2024-04-04,-0.024412913405727193,-0.02442539866384414,-0.024430731006236866,-0.023008314784308957,-0.024412913405727193,-0.02318008752355123,-0.024412913405727193,-0.022353075132014087,-0.024244235418609573,-0.012205912
2024-04-05,0.017717091652846156,0.017401612927499976,0.017425710231256348,0.017069036464772574,0.018592658779193433,0.01875686805130029,0.020881447532816427,0.01847939618540278,0.018346695124262114,0.01044698
2024-04-08,0.0003417827038352747,0.0005584247961826203,0.0005591005123966235,0.0005966988316230241,0.0006093353232616878,0.0005647158760822514,0.0008692763014595019,0.0006944839817867793,0.0006225162840014235,0.00055931414
2024-04-09,0.0014145445110575806,0.0015331662655246978,0.001542135459708312,0.0015648621986002445,0.0016935474595958981,0.0016570018918900106,0.0018383149681020902,0.0017598421816266605,0.0016605763024349829,0.0011567923
2024-04-10,-0.02037797809154223,-0.016703611586833336,-0.016652214665186488,-0.016406937923926675,-0.017530182905769926,-0.01823959132703205,-0.017468718799238787,-0.01686361266143218,-0.017105549117371645,-0.010013285
2024-04-11,0.009141713889376513,0.009347673125911563,0.009323122573696335,0.009821776818672454,0.011680476081893343,0.010758997561860351,0.012012042223154409,0.012400044310364037,0.010637331364296069,0.0075469248
2024-04-12,-0.014097560894938852,-0.015284008608664678,-0.015256761988717822,-0.016294742718108105,-0.019000932629583477,-0.01766101417063717,-0.0198878502598846,-0.022725607226833516,-0.01768029315464326,-0.013802908
2024-04-15,-0.019876388942252226,-0.017071067201858883,-0.017061762672972186,-0.01766282963029693,-0.020083253173387695,-0.020999095904292633,-0.01903017825764559,-0.02103313439192956,-0.01885647122022449,-0.012528105
2024-04-16,-0.002617725245994866,-0.0023986870718842833,-0.002390373313256475,-0.002451522941328803,-0.0025982089386557797,-0.0024890606265514687,-0.002813507530599033,-0.0027768577907433716,-0.002543475431449011,-0.0018239117
2024-04-17,-0.006541331614967344,-0.0066814168681723195,-0.0066441188041203745,-0.006877510439618713,-0.007126171572413045,-0.007088166300219558,-0.0084619378302014,-0.007522011122961894,-0.007155720035361295,-0.0059182378
2024-04-18,-0.001974563231649398,-0.002129652979008166,-0.0021180945315795374,-0.0022431395018448316,-0.0023499284979000305,-0.002337683769073156,-0.0027167940591978283,-0.0025043563962589784,-0.0023267759467485755,-0.0020577684
2024-04-19,-0.008715743762726045,-0.009129864906219783,-0.009068404065821888,-0.009654850337710344,-0.010336570815295956,-0.00980026873816332,-0.011009718789808175,-0.010372668617949613,-0.00986232947731924,-0.0087282725
2024-04-22,0.010671240533963068,0.010045334212746396,0.009998665149765985,0.010595824200851313,0.011355026297478407,0.011206873338026276,0.01194224269725683,0.011482547523469114,0.010902249678676331,0.0092091337
2024-04-23,0.013469921562535491,0.012642713223652464,0.012564985781333853,0.013339215517015224,0.014889166242776456,0.014422817791792225,0.01546644842413595,0.014822087917587951,0.01394088102562295,0.011866511
2024-04-24,-0.0008791438785091591,-0.0006421534999097214,-0.000643042641091174,-0.0006755806546489686,-0.0007346272593563388,-0.0006661109130601813,-0.0007265119102899949,-0.0007047828778042706,-0.0006833513996076027,-0.00047459044
2024-04-25,-0.007458225957302631,-0.005401613298511177,-0.005438152334293889,-0.005586001231462886,-0.0061590580922174926,-0.005883722064258803,-0.00609669731874417,-0.0057046807280609355,-0.005739602662890129,-0.0037988984
2024-04-26,0.01450776940999375,0.01291383948266567,0.01283588014852295,0.013414422764489786,0.014529892370900993,0.015079694147350432,0.01530006750748059,0.014367009814887208,0.014017452938193852,0.0094740165
2024-04-29,0.0049154474836171965,0.004739414271902607,0.0047799497340174964,0.0049125049885922235,0.005279859639698773,0.004740809964745733,0.005624474714545169,0.0053682696796564285,0.005045471543150227,0.0035413652
2024-04-30,-0.030248370367140502,-0.02497348848882088,-0.024998968694719497,-0.025471182444139012,-0.027221848052421217,-0.02815406446446583,-0.027018642410058736,-0.025415469620225447,-0.026130208091182727,-0.015841227
2024-05-01,-0.005603315024619328,-0.004979922924578905,-0.004959504948158507,-0.005120677099488261,-0.00560450847108704,-0.0056542376706356645,-0.005559658757204709,-0.00548549391404995,-0.005313512372649846,-0.0032470879
2024-05-02,0.01197881910088312,0.012366002000633796,0.012378986985869657,0.012883398547498572,0.013589665406149275,0.012002572812953676,0.014672309574215572,0.014475300776578284,0.013126864608911482,0.0093533244
2024-05-03,0.010538663005738625,0.012842204140641158,0.012772584278345416,0.014128709265864871,0.016158783187748813,0.014115822065721931,0.016097465149890657,0.016427589308097817,0.014504645069861705,0.012395395
2024-05-06,0.012769540663968662,0.012596108039665231,0.012568576006269384,0.013626716949104686,0.01545174002181359,0.013538895262861731,0.013812840159083876,0.015722484480859847,0.013807874423061823,0.010326857
2024-05-07,0.00161117428622634,0.0014226377524867713,0.0014172176096795333,0.0015415293372533637,0.0018441870343827692,0.001605842843954884,0.001536235128616125,0.0018456119780105628,0.0015847387563094136,0.0011034234
2024-05-08,8.908503022943737e-06,-9.197676558362732e-06,-2.09339733576209e-05,2.1968817191962052e-05,0.0001307233970875554,0.0001243944874587891,3.532669841405778e-05,9.021932549102804e-05,4.150612668626688e-05,9.6542365e-05
2024-05-09,0.011523521966918703,0.009731288766135547,0.009674134640852086,0.010077131345909767,0.011375542355748676,0.00989231187462982,0.010427719439296759,0.0115236032775309,0.010446977200638623,0.0057618048
2024-05-10,0.002570882721716309,0.0024178880738440333,0.002413905695505619,0.0024474110750641615,0.0025606697347006356,0.002245412617819412,0.0024826681293554443,0.0025708826417898886,0.0024807815762356816,0.0012882894
2024-05-13,0.00026709493561981036,0.0002672473659814061,0.0002672513342929759,0.0002672179482461802,0.0002671051094893872,0.00019264454214442498,0.0002671828191731599,0.00026709493569943,0.0002671846988156186,0.00013418712
2024-05-14,0.009176553127673905,0.009176552975304517,0.009176552971337794,0.009176553004710482,0.009176553117504104,0.008642299927160004,0.00848645976053002,0.009176553127673827,0.00917655303794661,0.004588343
2024-05-15,0.02476158551097045,0.024761585511120746,0.02476158551112466,0.02476158551109174,0.024761585510980483,0.022668595425354897,0.024329928571177883,0.02476158551097045,0.024761585511058958,0.012383066
2024-05-16,-0.004127357814066637,-0.004127357814066782,-0.004127357814066786,-0.004010997512173769,-0.003937632321642535,-0.003822783458002882,-0.004124482314588906,-0.0040311327840603026,-0.004021219982199261,-0.0020576392
2024-05-17,0.0028727713035126864,0.0028727713035126864,0.0028727713035126864,0.002847156235458253,0.0028234900475759815,0.002692871620116137,0.002873471665572281,0.002853652093503849,0.002850454082819382,0.0014374248
2024-05-20,0.002214980950369101,0.0020632866353609445,0.0020488774008926435,0.0020552669950337213,0.002302962837275122,0.002106648341148025,0.002302913067751172,0.0023029328026264876,0.0021781490616483113,0.0011521725
2024-05-21,0.004876660935454195,0.0048309422132409375,0.004826598734788761,0.004828532523104795,0.004904021653800754,0.004713236440503687,0.004904021703398915,0.004882076152882627,0.00486556826674192,0.0024525849
2024-05-22,-0.0057614409120077216,-0.005761395522845749,-0.005761391210462121,-0.0057613931304111125,-0.00576146807352282,-0.005484701715297186,-0.005761468073572056,-0.005765541539227674,-0.005761429899679224,-0.0028795143
2024-05-23,-0.0146112244268795,-0.01461122438109499,-0.014611224376745044,-0.014611224378681717,-0.0146112244542776,-0.014203702977116288,-0.01461122445427765,-0.014611228563241273,-0.014611224415771252,-0.0073041629
2024-05-24,0.01254385182663952,0.012140458068167699,0.012100474425569776,0.011878995609983857,0.01322608999022914,0.01179016991640185,0.01322608999022914,0.013226089986028327,0.012635254873662708,0.0066167527
2024-05-28,0.000820891511327193,0.001017234216624917,0.0010105720504063624,0.0010545662137537901,0.0011489488070665888,0.0011076649045871129,0.0013905061173237392,0.0012877929409820064,0.0011299196116239937,0.00069851459
2024-05-29,-0.014067932840803614,-0.012489393375812273,-0.0124733137537788,-0.012517184226542,-0.014111642972490651,-0.013317984920198039,-0.014005715630644986,-0.013394909169959359,-0.013218750498601993,-0.0070025123
2024-05-30,-0.013273406230725348,-0.011619342048140264,-0.011613395224853164,-0.01160666051533751,-0.012879791464805048,-0.012657672574618395,-0.013202185654648537,-0.012885847212733545,-0.012317729627901784,-0.0066335788
2024-05-31,0.01820945725387923,0.015951696521171493,0.015932162835479498,0.015700842225467776,0.01763129123353457,0.016712529851072952,0.017963264192861417,0.01666217386505958,0.016612341573538227,0.0091080932
2024-06-03,0.001569718438742632,0.0013256065183417658,0.0013166455845139105,0.0013117577128319245,0.0014209506226077917,0.0014200617730285607,0.0015801057499154631,0.001481996646295801,0.0014028407112803682,0.00081535928
2024-06-04,0.0011904580150639285,0.001469488994838244,0.001501829987183461,0.0015616513405522618,0.0018577623701311722,0.00158375556282679,0.0020389185962090546,0.0019735547652619447,0.0016887722315918222,0.0011177711
2024-06-05,0.017695290120857056,0.017324730014869217,0.017262326915300868,0.01773805424974504,0.020482044435436903,0.020620456180000638,0.021570456595786065,0.02100959443817799,0.01927241373531776,0.0118853
2024-06-06,-3.1287645040873146e-05,-4.4096022127083686e-05,-4.215996937196031e-05,-4.1061661353275786e-05,-3.465386767066862e-05,-4.038362460988656e-05,-4.586679030519623e-05,-3.997938573543445e-05,-3.9315029700539505e-05,-1.8874713e-05
2024-06-07,-0.002691104298049163,-0.0020858714173235607,-0.0021121316255735315,-0.0020831305727554974,-0.0024001585880656408,-0.002331552143080788,-0.0021986126312276717,-0.002193381089603336,-0.0021976327730872792,-0.0012156248
2024-06-10,0.006178062939118413,0.005268681746020121,0.0052583463818818834,0.005248434410585823,0.006129956394948062,0.005768573116484345,0.005661920802851106,0.005597853566427852,0.005558966304902863,0.0030897712
2024-06-11,0.0038205378152051405,0.003596650395124245,0.003596033410821517,0.003700009924450309,0.00453007754699524,0.004300688294423373,0.004394902119882904,0.004711393773802408,0.004092043031405147,0.002408456
2024-06-12,0.016252768135607356,0.015268130961614062,0.015446708290703345,0.01483974233037816,0.01637391329440588,0.01585130020544681,0.015491934592129495,0.01642044360170729,0.01583916063427845,0.008212875
2024-06-13,0.0040188768875906306,0.003532815255437653,0.0035238630253386573,0.003477496303282092,0.0036922859669606843,0.003883486370981824,0.003642693841053163,0.004018713226052581,0.003694130495541087,0.0020133941
2024-06-14,0.0005977113550518372,0.0007734245745873485,0.0007632095508892393,0.000852455123280682,0.0011355183711202449,0.0008155170502201915,0.0009798132743651174,0.001215005287420055,0.0009236807626995009,0.00060850129
2024-06-17,0.015252761681348669,0.013132466591866945,0.0131133181009543,0.01341850307156897,0.015863084983610328,0.015180487711379032,0.01371243153927494,0.01591728143201389,0.01452189917217901,0.0079589436
2024-06-18,0.0049527104008869486,0.0042649836708282315,0.004267744594779924,0.004322811244371728,0.005073659684763421,0.004890774402187043,0.004412406902353382,0.005073606752539258,0.004658086873730419,0.0025407202
2024-06-20,-0.005459193098557211,-0.004673740671991015,-0.004723125370508665,-0.004688851826778239,-0.005064599497034428,-0.005417549357100674,-0.004824270770784564,-0.005435865500553355,-0.004983808174124998,-0.0027166727
2024-06-21,-0.0026842025745304025,-0.0027226449943981387,-0.002708420093578462,-0.002625872400330216,-0.0027618871512257296,-0.0026755270696190536,-0.002563595367318089,-0.00268417905475447,-0.002721887075963615,-0.0013407225
2024-06-24,-0.005020438055623588,-0.005159897643809461,-0.005142268556712662,-0.005217397944492128,-0.00573391735790261,-0.005623466673207729,-0.005717342206036069,-0.006187882444736211,-0.00552827866786211,-0.0032506255
2024-06-25,0.007434077147228043,0.006554698429752417,0.006529917014836266,0.006553430803026307,0.007187617377818578,0.007302541224734041,0.006773652447809467,0.007286448623474891,0.006866008828763687,0.0038511
2024-06-26,0.001735753040757377,0.0018364898015683028,0.0018311803467440935,0.0018931779498459033,0.002089313405753952,0.0023154174092294534,0.0020816622613779876,0.0023121730441468882,0.0020353898850373553,0.0012479269
2024-06-27,0.002934096421293584,0.0027678083878818886,0.0027710587094870016,0.0027509853690634526,0.0029541441021493147,0.0030822040651237045,0.0027712539596912683,0.003023171366790653,0.002866621093799527,0.0015764618
2024-06-28,-0.007871484862843987,-0.006792445749397859,-0.006808248801840168,-0.006820617913943118,-0.007901550601234954,-0.0078075650920371,-0.007062837959464479,-0.007873410477561587,-0.007261105780166628,-0.0039350656
2024-07-01,0.004112080349435799,0.0035745090929279323,0.003585570493467023,0.003589061170565923,0.004112049923998935,0.003942448231061411,0.0037092593696477117,0.004070178236590487,0.0038072961234120527,0.002058024
2024-07-02,0.009966814463452149,0.01010330882007802,0.010040677928085329,0.01046340490237955,0.012580337963426821,0.01258680622703889,0.011433191082751886,0.012340290618911565,0.011260549105156687,0.0067298922
2024-07-03,0.0064108894226651445,0.00657635566797404,0.006546929129576718,0.006890062715838366,0.008547817205772976,0.006912835086706193,0.007266611710545319,0.007750660778109537,0.007164115966832922,0.004462634
2024-07-05,0.011253641084294125,0.010513775667508269,0.010637772430781645,0.010575412358324262,0.011489826219858505,0.01095612722512289,0.01008171396563498,0.01140338297923091,0.010976172108173525,0.0057664837
2024-07-08,0.00230231690593085,0.002231566165517507,0.0022434844950039805,0.002234141393748539,0.0023020846707004876,0.002222757072644332,0.002131363424343576,0.002302169655700294,0.0022684971623264313,0.0011538715
2024-07-09,0.0019438735726058037,0.001943760405208514,0.001940113575616664,0.0018588736813369546,0.0019438738040421513,0.0018765382469200583,0.0018942516646650882,0.001943873719349485,0.0019439072771398561,0.00097250969
2024-07-10,0.019789366720662657,0.019789172655826998,0.019787337481176885,0.01975986037070625,0.019789366720431894,0.01897968320748754,0.019779067724617305,0.01978936672051634,0.01978936668705613,0.0098951681
2024-07-11,-0.017254610798261273,-0.017254610609808617,-0.017254608827701995,-0.01725458214438438,-0.01725461079826105,-0.016551562985756867,-0.017254600797003684,-0.01725461079826113,-0.01725461079822864,-0.0086224543
2024-07-12,0.012606467483899054,0.0126064674840925,0.012606467485921825,0.012606467513312129,0.012606467483899054,0.012094053935420155,0.0126064674941653,0.012606467483899054,0.012606467483899089,0.0063076256
2024-07-15,0.0038145418362261875,0.004410317678043267,0.004377538429576808,0.004366758294083707,0.004681955775641114,0.004500879828025221,0.005319249342352469,0.005493461575692865,0.004764987516302356,0.002749841
2024-07-16,0.010925595891086127,0.010582083240346141,0.010536705476883701,0.010451648928190465,0.011701425432905045,0.010848977131533481,0.011560598732635262,0.011857502369053566,0.011160326410644551,0.0059301155
2024-07-17,-0.02333825056399494,-0.022806647897131927,-0.022682909736529717,-0.022925725690129812,-0.0266760973974839,-0.02537129168010837,-0.025907017075324452,-0.0280481139264918,-0.024828886358789097,-0.014021128
2024-07-18,-0.015533091440905433,-0.01324894962910008,-0.013338612088362692,-0.013138543790476371,-0.01471742355583498,-0.014667136268858285,-0.014324968821364841,-0.015069499926716487,-0.014020109779837111,-0.0076847551
2024-07-19,-0.012372834063843402,-0.01066629240378128,-0.01062369383658664,-0.010613369673503178,-0.012021230466282467,-0.011461679711449345,-0.012134052933497758,-0.012023476718869554,-0.011324170382944495,-0.006640641
2024-07-22,0.010203854443267804,0.012213013874437566,0.012131772348882233,0.012837248372968494,0.013788810842073606,0.013901539763591356,0.01582145466397649,0.016161575545648878,0.01368141652259524,0.010309741
2024-07-23,-0.0020843465390271453,-0.0020463299583487926,-0.00203546798934608,-0.0021003919750413906,-0.0021694948404699472,-0.002504784904593643,-0.002366608890466358,-0.0024335779309136835,-0.002215386396295358,-0.0015683946
2024-07-24,-0.03122003533370946,-0.029697095911214673,-0.029610859463945118,-0.031016471488067205,-0.03199954844245462,-0.03370868352711284,-0.033838341861150666,-0.037474382985016284,-0.03227500995371544,-0.022662422
2024-07-25,-0.009724015331467807,-0.007549502207196079,-0.0075103298717853085,-0.007729201420340658,-0.007899549527679897,-0.008719556888340202,-0.008260466896282705,-0.008952165264446565,-0.008055446937536749,-0.0052103085
2024-07-26,0.017394081895680303,0.015049217605483,0.014978576748350755,0.014984927671838356,0.014832366783153856,0.01529420539850358,0.017677738826199732,0.01619284311378855,0.015521266464959578,0.011199436
2024-07-29,0.0002747921899596774,0.000523837009967127,0.000519324825655985,0.000569991540161842,0.0005592775666034716,0.0005804167996342048,0.0007364106802086774,0.0006680374828407118,0.0005869322404103708,0.00058780204
2024-07-30,-0.005184230177323472,-0.005604093058596956,-0.005568793484610824,-0.0059680287554123145,-0.005948693258483268,-0.004943227847569629,-0.006749564812647922,-0.006492925276108277,-0.005825642269981629,-0.0050664416
2024-07-31,0.023206279832537695,0.020701269840239043,0.020612868415300845,0.02137481528323171,0.02234323126561152,0.020133484928884317,0.02268209648670247,0.022667377118664532,0.021454794079803136,0.016254732
2024-08-01,-0.017643353489999822,-0.016678358175178102,-0.016580278283178446,-0.01737103659266547,-0.01828041081268159,-0.01767001200753836,-0.019601705739967914,-0.01929775360971769,-0.017857071771024333,-0.014160983
2024-08-02,-0.023506887467688684,-0.021675640297738955,-0.021664170944350292,-0.023025169307773884,-0.024874864564136845,-0.024921833251988663,-0.02563359577851536,-0.02451643563249815,-0.023648689948835542,-0.018618486
2024-08-05,-0.02915091893085405,-0.03092494310007166,-0.030731678570104594,-0.03266634197223024,-0.03348519249694388,-0.034007040122078384,-0.03775463123911614,-0.038027427982467714,-0.033726967975520404,-0.029123638
2024-08-06,0.00749035713279367,0.008715366744676687,0.00868164337431599,0.008989464245737658,0.008728779358720974,0.008787751672661197,0.010792620433193971,0.009928419815869496,0.009176404701355492,0.009219487
2024-08-07,-0.0033660477364467335,-0.00449755077963062,-0.004565869818099828,-0.004461169617483893,-0.003935738613948761,-0.002904181354739248,-0.006105784074036708,-0.0044339903702649945,-0.004214579819925622,-0.0066839255
2024-08-08,0.01769769211335703,0.01841880643855657,0.018387476238968095,0.01941392263424044,0.014909931422237259,0.014182490741070936,0.020742067716156214,0.01502928772866012,0.016962762227630924,0.023117482
2024-08-09,0.0034832462888106665,0.0034414557859972377,0.00341753919535613,0.003623918003067335,0.0030776913718309038,0.002986258171093601,0.0039513525220688525,0.003140451705241085,0.0033568175504243803,0.0044094566
2024-08-12,0.0004198382766816201,0.00041287939444116333,0.00041066307509109385,0.0004357588694739936,0.00037499854565613456,0.0003630590342939369,0.00047205777423300926,0.00038292017084194343,0.0004044426352092768,0.00052540513
2024-08-13,0.017702842935266708,0.014719820288972299,0.014703093320059441,0.016529634434063103,0.017113000186380893,0.0156031360725618,0.016234561310371716,0.017474210973900617,0.01598829190358867,0.016445613
2024-08-14,0.003196104264223558,0.003008426067472079,0.002990329365664982,0.0033156696201987203,0.0033726253082180676,0.003241927349126709,0.0030631799178067348,0.0027293838573469002,0.003118259114463275,0.0031548956
2024-08-15,0.033439725629472984,0.022110580781480482,0.022241331176005488,0.023830180479170165,0.02316075227714614,0.02283545603763575,0.019448570007071047,0.01759195711995511,0.02137975723505482,0.017140048
2024-08-16,0.002806967914127838,0.00273608478215594,0.002709608937566041,0.003036249553968076,0.0030419300025381546,0.0028847177005605113,0.002691702245668429,0.002521542120465655,0.002818852663719061,0.0022422198
2024-08-19,0.018811615480096043,0.014985804903049535,0.015030448054525183,0.016105684906918577,0.015342585272589299,0.01577381805268877,0.013280173606306584,0.011839856321921319,0.014469388892477517,0.0095613174
2024-08-20,-0.003261200698053953,-0.002882607267961951,-0.002885728096802361,-0.0030244416664802075,-0.0027747045401999484,-0.0032577049941488944,-0.002611563919009359,-0.0022928820058642145,-0.0027890731489094824,-0.0016260606
2024-08-21,0.0068715023099345995,0.006045024561496276,0.006067316175701512,0.006327580381017665,0.005795645451168691,0.00662092163823546,0.005621466194428729,0.0052170416446469595,0.005923842656998739,0.0034365714
2024-08-22,-0.015700661288856377,-0.013838524898404396,-0.01377524916930883,-0.014253439952507354,-0.012759558005126426,-0.013531449026215375,-0.013347601658105217,-0.01309153489820959,-0.013469179646231446,-0.0078486249
2024-08-23,0.015461614524275644,0.016579203911074467,0.01646079525487506,0.017320867427962953,0.015650684417218976,0.017468843644890594,0.017282895059603176,0.016990219414399578,0.016801474766646174,0.010625387
2024-08-26,-0.0031777694975050055,-0.0034433659508359663,-0.003419697391998276,-0.003623623204523715,-0.003320595194593585,-0.0032470445354252767,-0.003689541665382621,-0.0035754848534036263,-0.0034656236778239703,-0.002383697
2024-08-27,0.0012820230112406778,0.0015241226795460994,0.001519555392350673,0.0017389161647643969,0.0018360234318914954,0.0018680879151828354,0.001809391856432757,0.001961807470894873,0.0017564503284685873,0.0013730707
2024-08-28,-0.01193674330936528,-0.009108294901948135,-0.009058397036433357,-0.009688403461441371,-0.009278054137028511,-0.010904952582976612,-0.00855727926579518,-0.008541297675080045,-0.009255535318880504,-0.0058051852
2024-08-29,0.0001726365314243308,0.0001054299468852705,9.94800751108e-05,0.00011937927075752597,0.00011328263321837783,0.0001538603626139722,9.447210404524905e-05,4.302944589408351e-05,0.00010186916119683277,8.9529011e-05
2024-08-30,0.012881130941252561,0.012770682833963123,0.0126870395695723,0.01369644559399525,0.01322991553378418,0.013568349525684642,0.014172223805231844,0.014719751802634164,0.01351933355086951,0.0095458477
2024-09-03,-0.028615132955247907,-0.02807593084608621,-0.027883451309589153,-0.030363123618994656,-0.0300387975988222,-0.0324341185102009,-0.02994359632350923,-0.031575161830105364,-0.029961089653417847,-0.020579029
2024-09-04,-0.0032269118530640845,-0.0030877246762144165,-0.0030886754226454372,-0.0033277463841295775,-0.003334182850787769,-0.0038099628906380304,-0.0030342351710787837,-0.0034189893136240775,-0.0032833731663014483,-0.0020466047
2024-09-05,-0.003252115772506497,-0.003303937015332637,-0.003288345805394407,-0.0034468594796643218,-0.0032506885843530567,-0.0033025672267964416,-0.003506155261668642,-0.0034666572360793654,-0.0033574934534169286,-0.0024325205
2024-09-06,-0.02380576255685452,-0.02239526944119418,-0.022289863997633736,-0.022939323883812323,-0.021315295468710742,-0.01963672082354636,-0.023910484825266243,-0.021392797222272233,-0.021906278316371815,-0.01682998
2024-09-09,0.013083434176788691,0.013536682784096556,0.01348148306423009,0.014083636787529845,0.013548301516716228,0.014071081903405218,0.015224177418603815,0.013322636481109675,0.013885225198955726,0.011196138
2024-09-10,0.0041715066278026885,0.004656231769383869,0.0046300343437126424,0.004799761238738603,0.004637183551598566,0.004416436980414908,0.005466985111776114,0.004679469222476263,0.004737685336990513,0.0043559159
2024-09-11,0.014934026095254942,0.0129855545919458,0.01294641083821608,0.01322977306563465,0.01266193728492574,0.012543993344294591,0.013523438682933842,0.011665922062965394,0.01276768077377861,0.010258735
2024-09-12,0.0112141795631789,0.010362241089303106,0.010295690111001544,0.010673672779987193,0.010378615796471417,0.010662028934695759,0.01121440221634362,0.010089102971499347,0.010530634010295878,0.0084234617
2024-09-13,0.005711923863492698,0.005828090131271711,0.005881236102566207,0.006245896679034025,0.006438072373370098,0.006495977159689468,0.006205762739884493,0.007399718254810418,0.006351589808446277,0.0052226709
2024-09-16,0.0018196493879868675,0.0017385285909686625,0.0017432494652548955,0.0018571168093672256,0.0019284908243966093,0.0019370566841783463,0.0018141176568999867,0.0021350598152641924,0.0018705517848564774,0.0014768157
2024-09-17,0.0004691177451728632,0.00046720909236122837,0.00046758273395717707,0.0005043528012745333,0.0005325230719807188,0.0005246528692911326,0.00048627452900430886,0.0005865195943514425,0.0005074319868962094,0.00040873358
2024-09-18,-0.005359555271749932,-0.004324199293861717,-0.004320351544916676,-0.004430256149839765,-0.00438740216171771,-0.004648380545608757,-0.004642209002612651,-0.004507813347189419,-0.004451266726457555,-0.002965825
2024-09-19,0.025811354112102492,0.023702737251591763,0.023546617649258382,0.024420727901284703,0.024042929745914335,0.026550923214688382,0.025237201777042133,0.027673915973086036,0.0249577057746637,0.017064268
2024-09-20,-0.0017922148477906973,-0.001968945086066747,-0.001964121538603317,-0.0020989971432987613,-0.0021329188539351857,-0.0021906136300957274,-0.002090558028498736,-0.00254613295348291,-0.00212622097705007,-0.0017286029
2024-09-23,0.003573867374953789,0.003294081481959647,0.0032938027558514983,0.0035095766149630526,0.0036052409155432658,0.003888810809189792,0.0031493725481745107,0.003653404243363717,0.003464620624131061,0.0024987951
2024-09-24,0.005499617003401939,0.004250118652340309,0.004237265195240096,0.004470673034472712,0.004589864959291402,0.004875710161492104,0.004240929824227758,0.004525209025315439,0.004444531513240175,0.0028613782
2024-09-25,-0.004416003804082098,-0.0036434571283101734,-0.0036529878412375665,-0.0037548402419636637,-0.0037957479388032356,-0.003969423905991585,-0.003868837684279339,-0.0038955318571290668,-0.00379436962073578,-0.002205574
2024-09-26,0.007927380165632505,0.006558383637657378,0.006556739199844687,0.006762182616053819,0.0068940791632349395,0.007100502079440172,0.0069563734912205235,0.00693424471768454,0.006817752447028399,0.0039648002
2024-09-27,-0.0029049470141510685,-0.003074113933393524,-0.003074532243266823,-0.0029886260026329003,-0.002736764474714318,-0.0028341440988354405,-0.0029633985728845028,-0.002448337288042586,-0.0028715345898387454,-0.0014505078
2024-09-30,0.008013591723407636,0.0075416633947294805,0.007492763007298337,0.007305318963586665,0.006779601770174541,0.007532078339292002,0.007446229909142782,0.006609971870756954,0.007220154482473764,0.0040075252
2024-10-01,-0.01792118141875687,-0.01797286141629392,-0.01797487796268548,-0.01690637330120311,-0.014984789007336664,-0.016331456177513564,-0.017022570086709363,-0.01551444529375968,-0.01660057963955743,-0.0089586036
2024-10-02,0.0006324630010750363,0.0006006186641098331,0.0006064332143486964,0.000615073441609735,0.0005837143004791924,0.0006579886339152296,0.000628994049990999,0.0007158562903689631,0.000630734389591737,0.00042196418
2024-10-03,-0.002435520804914801,-0.0026810954045864174,-0.0026758584600931807,-0.002660012565292811,-0.002447246618362669,-0.0026062679279712704,-0.002693429040526161,-0.002949269032980569,-0.002664769485676775,-0.0018280687
2024-10-04,0.012422546747408931,0.012714882711722695,0.012753429623047893,0.012757532251288069,0.0119168342587887,0.011635682396248917,0.01237254984923016,0.013607561238591874,0.012525888303440785,0.0090872053
2024-10-07,-0.010930415987730502,-0.01148807190792761,-0.0114280473614389,-0.011662096474716546,-0.01104661522283092,-0.011207623096552256,-0.01163032577852889,-0.013189921824796247,-0.01163029336546667,-0.0090402677
2024-10-08,0.01250311531837916,0.011999390048517982,0.011936546314542617,0.012492589757247223,0.012372408200653261,0.01185064762633186,0.012266891982043648,0.014147870441852391,0.01239843207314269,0.0094574417
2024-10-09,0.013196096905849875,0.010018756236358837,0.00995989137223647,0.009690282612791853,0.00868792333339899,0.008178601668467494,0.010261499749235441,0.010075020206726815,0.009512690505889756,0.006926375
2024-10-10,-0.0035307148363685264,-0.003012640234389032,-0.003039029692966593,-0.0028342075174815234,-0.002475165994186279,-0.002573747383289205,-0.00315967009168195,-0.00285605408108748,-0.0028313007323615444,-0.0017499291
2024-10-11,0.011974681704539174,0.010419443175533675,0.010482307957775097,0.009759733640161312,0.008461682811566071,0.008722899108536788,0.011064561942610355,0.009391109053804303,0.0096781383523697,0.0059882344
2024-10-14,0.016350565190239433,0.014755433533478947,0.014735818643862735,0.013561581625739245,0.011515370560525252,0.012197959364556607,0.014633039117703278,0.01156764575556508,0.01315983661122569,0.0081782404
2024-10-15,-0.015547035652310354,-0.015631767584952452,-0.015642210454187278,-0.013839359537664513,-0.011333311455243423,-0.011659824517208707,-0.014669132823768444,-0.011394976229483786,-0.013234893104015029,-0.0077694974
2024-10-16,0.008684712834483336,0.008685165742520635,0.008684615383415625,0.007913736894667631,0.006351948980535349,0.006785504363957428,0.008493717967199154,0.005996790890806755,0.007502719955722584,0.0043463066
2024-10-17,0.00016821825903238978,8.627619854916626e-05,7.971079988035922e-05,6.046799164565154e-05,7.038400927396671e-05,7.768848235088102e-05,9.55800817148448e-05,0.00011650864507141053,7.597522474385344e-05,8.5790467e-05
2024-10-18,0.0076920963461295875,0.0076168277715478626,0.007611230384215729,0.0067976368646468,0.005556748280187144,0.00575382775165498,0.007279170271463308,0.005223567257053333,0.006434596138999987,0.0038466557
2024-10-21,-0.0031949715642983437,-0.0030538556366469646,-0.003041464843011174,-0.002783674501991678,-0.0023419644934349745,-0.002409138882427483,-0.002994190932714105,-0.002230985489989453,-0.0026543323404049106,-0.00164228
2024-10-22,-0.0010984046358793105,-0.001160430572061097,-0.0011658755307739957,-0.0010520565952872659,-0.0008736473113018189,-0.0008544295861968388,-0.0010949497417224057,-0.0007374925875977691,-0.0009785504492030748,-0.00053117973
2024-10-23,-0.01827508784863345,-0.01746688894176179,-0.017395627070608943,-0.01572437289348614,-0.013311743942478025,-0.013669199465080831,-0.017465678258417775,-0.013053077153365586,-0.015196571925430197,-0.00913726
2024-10-24,0.004316081268892691,0.004286681038921905,0.004282451074140014,0.0038812766690433137,0.0032058910329681666,0.0033580940428590625,0.004288604780419328,0.003203659053565024,0.0037567411313152474,0.0021626946
2024-10-25,-0.0007342168731810841,-0.0007371554226019106,-0.0007388479506862263,-0.00066854918004675,-0.0005421702824166501,-0.0005621452749495357,-0.000723117693565767,-0.0005189201308064084,-0.0006386783132384156,-0.00034551237
2024-10-28,0.005672668287743832,0.0053591440537115115,0.0053464716580600815,0.004870432787735646,0.004142263270282478,0.004456686539454335,0.005380518295876307,0.004515535266236291,0.004829410850113156,0.0030915381
2024-10-29,0.002489606273643915,0.002487792832043722,0.0024713005553216117,0.002326060160013392,0.002031724479857575,0.002272086407834027,0.002622800731911421,0.002262209119201195,0.0023401661187655823,0.0016182724
2024-10-30,-0.006244354770453278,-0.0056863800339138,-0.0056707264351457025,-0.005046167782354762,-0.004207121487555103,-0.004559657089472265,-0.005548850318047049,-0.0043674855831113395,-0.004943223983785442,-0.0030251024
2024-10-31,-0.03822206388966194,-0.032799578960087325,-0.03289652043211267,-0.03020490616643223,-0.026041496449070625,-0.028519178859035408,-0.03467453972998699,-0.02741302913722398,-0.030071088367477652,-0.019603086
2024-11-01,0.008433754610324976,0.007229714750611841,0.007222708925622565,0.006550025956549197,0.005535184864022821,0.0060501605376531474,0.0074905030924271665,0.005901537696735351,0.006496280439621837,0.0042203693
2024-11-04,-0.0030923005420032987,-0.0031275279411833814,-0.0031176720134181357,-0.002885743706909261,-0.0024999884870673837,-0.0024032650287356917,-0.0033965127588097073,-0.002928039663703247,-0.0028655695682649794,-0.0021537838
2024-11-05,0.016698460110817402,0.017033905764920535,0.01696167643444513,0.015937375871946807,0.014036412287069318,0.01372265959422656,0.01787280206105016,0.01605579104863467,0.015816236835057874,0.012091704
2024-11-06,0.04196158591295926,0.03701145852945049,0.03706792652134443,0.03410687843966677,0.029684815095503744,0.031609819046904755,0.03881010210298257,0.03316136370089619,0.03421900848966481,0.024865596
2024-11-07,0.01431102326216401,0.01184105882600028,0.011939199267506036,0.011097295372862729,0.009843325785714327,0.011119785630264141,0.012711283536037914,0.01055885825738741,0.011231332870081746,0.0077321674
2024-11-08,0.007163888400329896,0.0062831259080205915,0.006243810048448417,0.006378400318584208,0.006346212923981769,0.00712582202703594,0.00703541110162234,0.0060498098038598595,0.0064952453773684275,0.0043318162
2024-11-11,0.001740332512600374,0.0015230611677952658,0.0015261256126615588,0.001513473194100023,0.0015045606226147532,0.0016285926591909923,0.0016352332761609405,0.0010777575107468575,0.0014971309636343665,0.0009527815
2024-11-12,-0.006213458182793124,-0.00633507711096102,-0.006328000102583871,-0.005997387287741381,-0.005753171514314378,-0.005664039324295588,-0.006302939317134515,-0.0039632229183076614,-0.005687759538597156,-0.003106336
2024-11-13,0.0009686194511365875,0.0009684966741592793,0.0009685038193781081,0.0009224969493098685,0.0008614382410123391,0.0008831002970417352,0.0009685291208890386,0.0006159762292007239,0.0008791738638609055,0.000485873
2024-11-14,-0.012861102479306021,-0.012213908675177427,-0.01215298966821033,-0.011629473304913233,-0.011096962773307302,-0.011918017037172744,-0.012861102389106698,-0.010338609573015023,-0.011673566620952407,-0.0064303101
2024-11-15,-0.024514255045910146,-0.023422462760954003,-0.023296590326624317,-0.022653507766797414,-0.022108855125104448,-0.022767708160176606,-0.024531598054074562,-0.02065682886481035,-0.022718996565622637,-0.012808536
2024-11-18,0.005531402157067657,0.006138048882315498,0.006099489562492998,0.006264744718122406,0.006437360537659944,0.006291727116706111,0.006670785578882222,0.006634750999600985,0.006358973908635521,0.0040973034
2024-11-19,0.006202100139999253,0.005866954030396064,0.005838594357322754,0.005801672835286141,0.005733896190879915,0.006125475337350006,0.00618482539923688,0.006063751234490379,0.0059424159820202615,0.0036555805
2024-11-20,0.0005504616451622981,0.0005397571719502538,0.0005347104964207936,0.0005312075448034269,0.0005221059789129863,0.0005573584741319587,0.0005593480279056966,0.000521679268588021,0.0005448291882559331,0.0003388277
2024-11-21,0.010723332627900643,0.00911885289846621,0.009194888914075538,0.008920284395771324,0.008718930166462443,0.009692178173492355,0.009950661506230401,0.008557491106480304,0.00914386004259166,0.0053681412
2024-11-22,0.0038391827980983543,0.004133448279808201,0.004104148257599509,0.004233017423770461,0.004248573556306956,0.004269110066306698,0.004775456937043642,0.004730196387163382,0.004345285785761255,0.0030993945
2024-11-25,0.0033310270875132773,0.003944363901135017,0.003920368031280014,0.004218049133327774,0.004435104962836566,0.004429456026320723,0.004380629849680746,0.005298441816290402,0.004343502192001951,0.0033921054
2024-11-26,0.008197809306587974,0.007391411661456385,0.007377474893004789,0.0077226614053597115,0.008110743715839122,0.00846908488619894,0.007704863450957121,0.008271117131022946,0.007841656768476816,0.0052214855
2024-11-27,-0.005674748288995027,-0.004558602164872655,-0.004530136972034993,-0.0047677408330516575,-0.005152609033731677,-0.005076953317425568,-0.005023709648770352,-0.005280877259703294,-0.00489804565860962,-0.0030300884
2024-11-29,0.012345223366340008,0.010322733086735548,0.010310636928322122,0.010616223683571664,0.011497623024359574,0.011258720120868898,0.011407214786654995,0.0116558405869474,0.010983558284133445,0.0062120504
2024-12-02,0.0035788034190991198,0.003126464577701467,0.0031183815222611917,0.003174045040856064,0.00337690271439827,0.0032545015635855384,0.0034488958173133576,0.003392711498200807,0.003265061545459492,0.0017924309
2024-12-03,0.0009259045577590068,0.0008131312699316736,0.0008102770588816814,0.0008228351404959852,0.0008736806916103625,0.000835803207692657,0.000903603094514935,0.0008767652222758989,0.000846347389923368,0.00046384228
2024-12-04,0.012418765965152052,0.012418878594797112,0.012418881445702006,0.012418868902288587,0.012418818119343733,0.012332362678018682,0.01241878823619598,0.01239637417453595,0.01241884541834852,0.0062096138
2024-12-05,-0.0032974069880222366,-0.0032974070985880223,-0.003297407101386686,-0.003297407089073123,-0.003297407039220742,-0.003256569370636701,-0.0032974070098851812,-0.003297385006056872,-0.0032974070660195115,-0.001645637
2024-12-06,0.0037893209654351425,0.0037893209653240274,0.0037893209653212146,0.0037893209653335896,0.0037893209653836898,0.0037483452799278684,0.0037893209654131714,0.0037893209875263806,0.0037893209653567577,0.0018954891
2024-12-09,-0.01030102888261943,-0.01030102888261932,-0.010301028882619316,-0.010301028882619329,-0.010301028882619379,-0.010189488419743542,-0.010301028882619408,-0.010301028882641396,-0.010301028882619353,-0.0051495711
2024-12-10,-0.006223393275414804,-0.006223393275414804,-0.006223393275414804,-0.006223393275414804,-0.006223393275414804,-0.006155918116908355,-0.006223393275414804,-0.006223393275414826,-0.006223393275414804,-0.0031090941
2024-12-11,0.01545834679794193,0.01545834679794193,0.01545834679794193,0.01545834679794193,0.01545834679794193,0.01506749419325719,0.01545834679794193,0.01545834679794193,0.01545834679794193,0.0077307403
2024-12-12,-0.010312889168958657,-0.010312889168958657,-0.010312889168958657,-0.010312889168958657,-0.010312889168958657,-0.010188168320771435,-0.010312889168958657,-0.010312889168958657,-0.010312889168958657,-0.0051526396
2024-12-13,-0.00040224420119163253,-0.00040224420119163253,-0.00040224420119163253,-0.00040224420119163253,-0.00040224420119163253,-0.00040515127858279466,-0.00040224420119163253,-0.00040224420119163253,-0.00040224420119163253,-0.00019851509
2024-12-16,0.008539701988906979,0.008539701988906979,0.008539701988906979,0.008539701988906979,0.008539701988906979,0.008364398109523061,0.008539701988906979,0.008539701988906979,0.008539701988906979,0.0042699529
2024-12-17,-0.008244215795445462,-0.008244215795445462,-0.008244215795445462,-0.007978542316380255,-0.00809605004372635,-0.008038999824074028,-0.008244215795445462,-0.008244215795445462,-0.008244215795445462,-0.0041199911
2024-12-18,-0.05961128050833555,-0.05961128050833555,-0.05961128050833555,-0.05963889641399055,-0.05962248626266983,-0.05805939395250528,-0.05961128050833555,-0.05961128050833555,-0.05961128050833555,-0.029803561
2024-12-19,-0.0006462152121025377,-0.0006462152121025377,-0.0006462152121025377,-0.0006568437607901679,-0.0006696568570405004,-0.0006336115370971005,-0.0006462152121025377,-0.0006462152121025377,-0.0006462152121025377,-0.00030725899
2024-12-20,0.007330228715515492,0.011050544704803395,0.011077818313760882,0.011435265206481448,0.011553593673010162,0.012527103119482946,0.012185687930849872,0.018965236843414574,0.012295351728447937,0.012011228
2024-12-23,0.005538109221413147,0.006491359215033563,0.0064524516066436196,0.006567452000515056,0.006627167008963199,0.0067512343266808396,0.006313614271961744,0.009137140151865236,0.006811092099749669,0.0059881032
2024-12-24,0.00962135509049313,0.01090812665396224,0.011099986081868247,0.011840941171940721,0.01298314955853249,0.013342269762428945,0.011654613554123054,0.016353480543699745,0.012404236431393753,0.011114994
2024-12-26,-0.0002510091384729685,-2.9632488980945704e-05,-1.9948904986996792e-05,-2.399581751308696e-05,-3.9139492777038974e-05,-7.720194288798681e-05,-5.730450277525095e-05,5.7766477216381695e-05,-3.002326866324594e-05,6.6591802e-05
2024-12-27,-0.021260819014597875,-0.014496820384565769,-0.014608894991429663,-0.015569266392459162,-0.018856654577378108,-0.018165199901057836,-0.01856376603791597,-0.019025623588339487,-0.01682182898897779,-0.010526379
2024-12-30,-0.019910019201422487,-0.015744671165393208,-0.015709452118126997,-0.016598508888637845,-0.01883935671934533,-0.018614168056661166,-0.019643701056878852,-0.022917542023332644,-0.018021765380612093,-0.01141169
2024-12-31,-0.004353168462159899,-0.004403386764261869,-0.004377886942785889,-0.00467878181539283,-0.005134593882496116,-0.005253022210825447,-0.005085389162721573,-0.007287836522641832,-0.005090204193783603,-0.0036380304
2025-01-02,-0.0030678492928145735,-0.003201382579981519,-0.003184249484894373,-0.0032691387432154007,-0.0033096386831620384,-0.0034247121440156457,-0.0032753393242165225,-0.004917713200586677,-0.0034780460940521075,-0.0024570183
2025-01-03,0.013206898700138954,0.01451239367525109,0.014418633462077373,0.01531613523453569,0.015863779802793056,0.01617508842904287,0.015349103175810348,0.025004337144304317,0.016221974458763683,0.012503405
2025-01-06,0.004357348879814597,0.005232366119805619,0.005192452795845951,0.0057656308049344185,0.00621048032778985,0.006774187911440845,0.005716910590365616,0.011486785390733029,0.006207925160039111,0.0057605105
2025-01-07,-0.018076418620941122,-0.014022928041987851,-0.0140235625470029,-0.015061429403306592,-0.01626350211070972,-0.0178651195820654,-0.014665763246681392,-0.022615420204606256,-0.015958937281936966,-0.011303838
2025-01-08,0.0025841831535592026,0.0019169001784331266,0.0019129861504821998,0.0020342410036417774,0.002138462753732929,0.0023010458212398715,0.0021621724489303026,0.0029098333272693858,0.002157652797368469,0.0014608004
2025-01-10,-0.016290332675789252,-0.01659730721206492,-0.016498323665558565,-0.01786982507654398,-0.01860426063770725,-0.0184650620517135,-0.01917070353052489,-0.02757264831002535,-0.018757278923600556,-0.015267324
2025-01-13,0.0015314654145663872,0.0016247750576769548,0.0016181270281445206,0.0017774354198951353,0.0018793131709378362,0.0019115034732532503,0.0016696501151716077,0.002406059411055002,0.0018187867954322574,0.0015504778
2025-01-14,0.0012309646721178245,0.001419293131513295,0.0014085131312828543,0.0015129183287641418,0.0015137517601085003,0.001535475132764873,0.001447576633080049,0.002034370620970157,0.0015322763754992538,0.0013759503
2025-01-15,0.021057473078160728,0.020402098588280994,0.020528151717072802,0.021739666381189827,0.021811084166845716,0.022066155094996643,0.021577865411044613,0.024326571141808476,0.021732795312385384,0.018189922
2025-01-16,-0.00216129053560585,-0.0020771677218925635,-0.0020719117353642314,-0.0022393969092746155,-0.0022719909817598962,-0.0023385987420311708,-0.002277551201034724,-0.002630409185274505,-0.0022559909314022824,-0.0019231019
2025-01-17,0.01680985959160588,0.012838095072096772,0.012828187134897834,0.0139867627793738,0.014403910783729488,0.014808153054674804,0.01341541776126718,0.01329326896296785,0.013618775033712295,0.010039901
2025-01-21,0.014595207060981616,0.012073634268265618,0.012029555852953398,0.01308173523865031,0.013181671846451717,0.013621773814521341,0.01284851401149686,0.012272144796803393,0.012704581567426595,0.0091534804
2025-01-22,0.011038779542594034,0.008918217552488623,0.008923849649925084,0.009317551850432456,0.008917754434353196,0.009671845975962262,0.008794423222110888,0.007523489291537175,0.00881677562135984,0.0056216413
2025-01-23,0.009832749408506146,0.008506372741341892,0.008472925719573449,0.009026420029994084,0.008698507135907104,0.008876638658439696,0.008578268906433616,0.007339225185609437,0.008468498617972324,0.0054579556
2025-01-24,-0.005933612758549189,-0.00605937225304263,-0.006062079189419375,-0.006013503368674933,-0.005591317695423512,-0.005298191028817396,-0.005418920515951673,-0.0039380892057044505,-0.00551210318467846,-0.0029191631
2025-01-27,-0.02829415044300103,-0.028294277352848028,-0.02829428008489848,-0.028294231060669497,-0.026406005558848058,-0.025627506867561888,-0.026789610249574356,-0.019556863547348296,-0.026410184879422274,-0.014145559
2025-01-28,0.017170279029587204,0.01717027889708029,0.017170278894227748,0.017170278945414084,0.01592428433295016,0.01555049751497565,0.016216934032610736,0.01177991649217671,0.015985460796309303,0.0085924198
2025-01-29,-0.005780866844627151,-0.006742598835721725,-0.0067483038998453985,-0.006812095463652935,-0.006288549698977217,-0.006320900862838526,-0.006871630832641486,-0.005992707287098193,-0.006537599491164262,-0.0044829672
2025-01-30,0.008434731825802816,0.008671743334213477,0.008787038494402766,0.008748357204295548,0.008084588304023267,0.009025942608538772,0.008004930206213682,0.007475237033249219,0.008364507269070643,0.005367186
2025-01-31,-0.006328492560443184,-0.007088928148639496,-0.0070749810226358924,-0.00746633696333099,-0.007241909747250629,-0.007997664694642187,-0.007151969677810864,-0.006439821039570518,-0.0071811964266137555,-0.0053220137
2025-02-03,-0.007389798083737714,-0.008088213928266549,-0.008040229351856335,-0.008807829442236402,-0.009011256570329486,-0.009255322260033965,-0.00836892604080903,-0.008232397280582853,-0.008515194322484347,-0.0067295534
2025-02-04,0.008247924224142666,0.008049313746294364,0.008021696427114276,0.008739793566787155,0.009004636020615252,0.00916515101143799,0.008332610872140071,0.008317862265873615,0.008498893760349369,0.0067083698
2025-02-05,0.0032815705761321846,0.003903607343354696,0.004034563524584393,0.004305991166290043,0.004453488557622736,0.004742278579285712,0.004366646016900416,0.004878931957960459,0.004361460302958952,0.0040545262
2025-02-06,0.006094673403074233,0.004521050594184371,0.00454381193721724,0.004827186815275327,0.004879104349031366,0.004471082002142604,0.004468254115646375,0.004040199850310347,0.0045207282015577825,0.0034756292
2025-02-07,-0.018357623056389837,-0.013239052334561486,-0.013264659719807989,-0.0139583275706796,-0.014183574012986347,-0.014327461038728017,-0.013738959547711134,-0.01091768923858413,-0.013278181666451672,-0.0091536154
2025-02-10,0.01357307386886246,0.010322253216789763,0.010280617656800724,0.010803060823439401,0.010898724740513926,0.01128942617186943,0.010775577012785352,0.008453218982653962,0.010322164368495276,0.006791225
2025-02-11,0.00014975492634173768,0.0005917244402501201,0.0005901293203413378,0.0006973984504049274,0.0007698563705782468,0.0008074977204438942,0.0007764170707417131,0.0009578655484257656,0.0007441164757744654,0.00076054119
2025-02-12,-0.006989701469239161,-0.006489878128228086,-0.0065174769249223595,-0.006373596460051172,-0.005970591425820872,-0.005960741445240919,-0.005378333940766172,-0.004476614543265534,-0.0058099158472835555,-0.0032216902
2025-02-13,0.021111623466071386,0.019719297581016315,0.019831274382140444,0.01944690290261861,0.01834960444820254,0.018635846131913946,0.019012709933301238,0.016411454148022312,0.01871922402633432,0.010557709
2025-02-14,-0.00028768646463076414,-0.0002498545710694238,-0.0002517613652971088,-0.00021872031513994283,-0.0001769792510858127,-0.00013251895799036044,-0.00018379709938853535,-0.00011212498489999567,-0.0001872836151069221,-4.9176973e-05
2025-02-18,0.005596601761327656,0.004729756650669227,0.004752297568884181,0.004840892302060662,0.004854061738132725,0.004988580157515552,0.004735140285252746,0.004435197436279132,0.004756311377202131,0.0029357958
2025-02-19,0.0046961927476895735,0.004525281918304523,0.004529162644820876,0.0045436935170573645,0.004367705264764368,0.004217243487039706,0.003960520760836657,0.003487542297819912,0.004252253394974057,0.0023549191
2025-02-20,-0.00832302332996899,-0.007794967615403929,-0.007809899644148712,-0.007667216455859558,-0.0074116628672472136,-0.007500488676802308,-0.0072847135255160326,-0.006494292350194696,-0.007389560192531528,-0.0041603465
2025-02-21,-0.03421221361366645,-0.034146509634604104,-0.03427407152716861,-0.03287608180850138,-0.03156064722051747,-0.03102415742382905,-0.0306576798208182,-0.026642364565402088,-0.03142509835495766,-0.017104008
2025-02-24,-0.00869369781576112,-0.008272093878700043,-0.008239602964271614,-0.00812797877822045,-0.007837677820686019,-0.008096813090330567,-0.00821829507363666,-0.006977560168288765,-0.007941209602095477,-0.0045501999
2025-02-25,-0.008457339206876408,-0.008428434609732293,-0.008423175014282762,-0.00811768510365348,-0.007489604740737229,-0.008093280693679651,-0.00895833167807503,-0.007104061781879166,-0.008044640647090427,-0.0049733898
2025-02-26,0.00041534250621128174,0.0005535478358424202,0.0005453855804810604,0.0005823377670138551,0.000567290765384726,0.0005199191206908748,0.0008529672518143541,0.0006423251308798425,0.0006017260384153049,0.00050479756
2025-02-27,-0.016066117878378066,-0.01890335353153316,-0.018784080934693352,-0.019522258898982504,-0.01901092032896318,-0.020637474444502472,-0.026433255791633914,-0.021973395262548854,-0.02047550286095776,-0.015961911
2025-02-28,0.020691032889022774,0.020005721910924708,0.019918694214352356,0.02043701021547166,0.01970706831424743,0.019449920417031967,0.024967747976920456,0.021002255698114005,0.0206703724031798,0.015605491
2025-03-03,-0.015402676147037456,-0.01764460274310087,-0.01754224542126699,-0.018505964506561584,-0.018472856336126192,-0.020166244441868653,-0.026325641587544413,-0.022472047012894243,-0.019773917643866774,-0.017519979
2025-03-04,-0.009146753621038482,-0.010598444493768568,-0.010651571382311228,-0.011716087597936168,-0.012480848544863228,-0.014173742653487798,-0.0165673908455815,-0.014798518750220101,-0.01266932995495097,-0.011836763
2025-03-05,0.008324434650490226,0.00924128124066315,0.009200084655096821,0.009909808077662658,0.010208905787445629,0.01158424652380004,0.01402919727649839,0.012941007035499157,0.010758930880729286,0.01074784
2025-03-06,-0.01274522012412736,-0.014354217901771117,-0.01426673202696566,-0.015483063829256129,-0.01610565846847174,-0.0182934396075601,-0.02192649286204212,-0.02094194197850822,-0.01688942466702424,-0.017751157
2025-03-07,0.004011300830052836,0.004308704081654108,0.0043150010475033924,0.004792729563505476,0.0051350186134105445,0.005477865481683009,0.006499634754445719,0.0060857729503498315,0.005119340151410865,0.0056048858
2025-03-10,-0.018809070096659882,-0.020082687852769655,-0.019970101908362677,-0.021594020102659074,-0.022604914736190366,-0.023169782233398176,-0.029675979174112514,-0.028085973474416534,-0.023111131069540988,-0.026635512
2025-03-11,-0.005077250575307409,-0.005748519657402015,-0.005736879609272668,-0.006430041384658584,-0.006964420246789064,-0.008544242017365056,-0.008787461587286766,-0.00882823127621795,-0.007041945893929147,-0.0083131117
2025-03-12,0.00381605070333876,0.003925645629650399,0.0039050275060228228,0.004162705401532497,0.004284378640039963,0.0028430641402692044,0.0054175973956490505,0.0056707270887828625,0.004174439385754098,0.0053068242
2025-03-13,-0.00748756332396401,-0.008626595889527106,-0.008593677861303151,-0.00936905647979787,-0.009892940826386169,-0.007290201209338781,-0.012978454683443537,-0.01408018041179698,-0.00964978197526626,-0.013330546
2025-03-14,0.017911846058461158,0.01631248855069409,0.016225762204989124,0.017667231942479367,0.018360573336796398,0.01645640404121251,0.020008841751510208,0.019964824956064237,0.017731876049492463,0.020655904
2025-03-17,0.006345968771035053,0.006075261805585778,0.006040924539202834,0.006517750857507784,0.006677531874007562,0.005755776521197995,0.0074338621964340065,0.007433466053221706,0.006505170564210513,0.0077111153
2025-03-18,-0.012994983768160478,-0.010424864325246624,-0.010492816310478718,-0.01128358190414377,-0.01126966186606033,-0.010212467329146373,-0.010816422267754018,-0.0126113268507115,-0.010968963535450838,-0.01080838
2025-03-19,0.013212007473796939,0.01099046706073409,0.010969404830512055,0.011943215620766242,0.011803649811341107,0.01180949867013641,0.011700310138663515,0.01379181883647681,0.01179877959542065,0.010890846
2025-03-20,-0.0033544366768935075,-0.0031616487218700407,-0.0031397504518808567,-0.0032974877933765376,-0.003071065461681401,-0.0030270995196207437,-0.0031974789058699135,-0.003545734019344166,-0.0031805997673125318,-0.0028918084
2025-03-21,0.0002775733448638338,0.00033116506384376216,0.0003435574744709722,0.00037322161514157035,0.00034363652983265786,0.0003325205359352094,0.0003256091914216857,0.00035217436788974245,0.0003568381637733688,0.00032989199
2025-03-24,0.019001916463334427,0.019574512715089396,0.01948764715591961,0.021192010152354092,0.019904904850227584,0.02037417704794413,0.018896836366220793,0.023265241331170562,0.02030054695667105,0.017908599
2025-03-25,0.002863143326958622,0.002763893626791148,0.0027742991046965457,0.0029933276465712428,0.0027939686512988295,0.002804066967784059,0.0026262426777382297,0.0032724677364747413,0.002848660620130348,0.0024038215
2025-03-26,-0.02291265018415306,-0.0168679883126023,-0.016877656272107053,-0.018194553922330492,-0.016483348254062686,-0.01682688649409139,-0.015197236646567984,-0.01864586313888793,-0.016948500878011353,-0.011938336
2025-03-27,-0.005354967869508033,-0.004370569508879457,-0.00436196431406372,-0.004608896687963415,-0.004009843023539288,-0.0038221571880727072,-0.0038041704408475997,-0.0044178686133395035,-0.004179699142207441,-0.0026556273
2025-03-28,-0.031065167574173717,-0.029024198406740878,-0.028847793416395685,-0.03038659258450314,-0.026484835556111634,-0.029485672876860426,-0.026138594304233147,-0.029972787061781563,-0.02852857566798672,-0.020138212
2025-03-31,0.007261380014007715,0.008359909335697656,0.008319853413074776,0.008911049490102383,0.007962491452938727,0.008174182357440078,0.007669639087197678,0.008746422325334256,0.008287618370371315,0.0067126885
2025-04-01,0.003372746783880521,0.0036690329143226523,0.003650794123885643,0.0037123103279039426,0.0031328807247530915,0.0031694703398249366,0.0032245296802390234,0.0032049153336945278,0.003391706138088906,0.0028245534
2025-04-02,0.004815841942407895,0.006109323875275638,0.0062059244919873535,0.006589853226426567,0.006164999484186022,0.005696868711139386,0.006104845808583618,0.006666435456859039,0.006207661538139792,0.0063282976
2025-04-03,-0.048351369917651016,-0.05107717561338787,-0.0510864047679518,-0.05477178376607644,-0.051409661622932604,-0.05084297626739357,-0.048843249743176706,-0.05444063412858851,-0.05170952889676837,-0.049280691
2025-04-04,-0.053478391382350596,-0.05656748034926146,-0.056993066810176046,-0.061816910025820924,-0.05984412126383573,-0.0603331574935035,-0.056864921262104025,-0.06522404805815148,-0.05952150841201403,-0.058543101
2025-04-07,-0.0015671757714697046,-0.0016663916390903726,-0.001662593845062996,-0.0016932449789918854,-0.0015914851249492366,-0.0012434729091116833,-0.001696030495916723,-0.0016930649523508817,-0.0015752651868441796,-0.0017811885
2025-04-08,-0.005477365880279213,-0.007880474897954761,-0.007821609021469231,-0.007722760413571396,-0.007936936821547634,-0.006937087667200628,-0.009179295387745232,-0.008185983572878993,-0.007898415939406859,-0.015662693
2025-04-09,0.015365204812258405,0.02548940358928904,0.02575996764852626,0.028201526022220518,0.03287451597961688,0.042791423448676105,0.02928175393021286,0.03862670339564523,0.030801412761851343,0.10501931
2025-04-10,-0.01443158497254385,-0.016154229756334643,-0.016062378093424017,-0.016238573803439366,-0.018676958547156158,-0.015180769715014818,-0.014929517845220282,-0.016043482816767252,-0.016100197298485112,-0.043819063
2025-04-11,0.0036777689482853375,0.00469962615495556,0.004959245406924117,0.005862816449668261,0.007516962088000495,0.007529317586993953,0.0051813570015362825,0.00834852178254752,0.006040128251404023,0.017842776
2025-04-14,0.002651341170251982,0.0027714084224633464,0.002770567789068767,0.003197156311998926,0.004016523194979493,0.003943648323628369,0.0027521586556987355,0.004620284254481343,0.0033109325136327097,0.009701507
2025-04-15,-0.0015080389161834414,-0.0010652946668082705,-0.001072446664982591,-0.0012341155152910818,-0.0015401239998659476,-0.0011547670162017222,-0.0007901439640554408,-0.0017273484009400384,-0.0011599705439015028,-0.0028009069
2025-04-16,-0.015680163769502705,-0.011545080757891572,-0.011484518439484946,-0.013616215857086254,-0.01611282863818302,-0.01384572651166994,-0.005912779543872982,-0.017535082208746795,-0.01151990740175305,-0.022228194
2025-04-17,0.001178511052580616,0.0008181027873006692,0.0008140798565063889,0.0009587046716131182,0.0011002485264184282,0.0009284785100670046,0.0003521693919455298,0.0012369802423976256,0.0007726135058933672,0.0014269529
2025-04-21,-0.01707993068916304,-0.015628528105225876,-0.015538939176213929,-0.016911346563064058,-0.017026787577836783,-0.015040362847050416,-0.005915107976120337,-0.018996409938796973,-0.013087966511020174,-0.023802707
2025-04-22,0.021955693159748806,0.020915402029255334,0.020908967981461957,0.022208996959013103,0.020619342809643202,0.017217710231706998,0.006753521589828697,0.020314999340416504,0.015745971218012193,0.02601776
2025-04-23,0.0166220483959399,0.014841887532165303,0.014755645601754054,0.014167098280252978,0.011873091286105596,0.006605443716115539,0.004167367574012193,0.011345788455818254,0.009132426602977375,0.015495363
2025-04-24,0.017631896773534227,0.018386178936137115,0.018420717309258147,0.018766456225309654,0.01629539664750888,0.013655412529592095,0.00564437433864796,0.01712485443381044,0.01316496047753076,0.021049031
2025-04-25,0.005111851723577435,0.005687133308716401,0.00564372858949501,0.006128107139773243,0.005612699004694746,0.004999739751487801,0.0021322688076147933,0.006317350312054428,0.0046185114563554956,0.0072253113
2025-04-28,0.0002162075781825272,0.00027268174684668333,0.0002684094180900353,0.00029295767346859854,0.00027701976697106867,0.00025586891916599584,4.589805672862646e-05,0.00032229265132609306,0.00020687833447122718,0.00038127276
2025-04-29,0.006311813303860657,0.006206532702728796,0.006175968689899989,0.0069008325536143176,0.00602498978431291,0.004880572723254117,0.0054639544998640495,0.006659318703674437,0.0059840542247602485,0.0062993895
2025-04-30,0.00040016728437686086,0.0003916799954961264,0.0003905047619987199,0.0004343428883049121,0.00038003933307443103,0.000305097195421263,0.00033983143774172055,0.000421673582607576,0.0003764940056447627,0.00039694175
2025-05-01,0.007774182350252293,0.007389597671226655,0.007394958388759229,0.00821352116383488,0.007111956824986417,0.0060431778528093885,0.006184966297326815,0.007606941566534468,0.007059640388744466,0.0070868681
2025-05-02,0.012196952110585604,0.013689601899693324,0.013786239441446703,0.015166490292112712,0.013440518729698644,0.011342355860733996,0.012217958373170988,0.014688582326148267,0.013358718388103076,0.014844247
2025-05-05,-0.005688106398278545,-0.005717104040547258,-0.0056710161431066785,-0.006411214510095864,-0.0056553167829051,-0.004595573039427393,-0.0048029364880499996,-0.0056922024568552216,-0.005445590230876022,-0.0057343242
2025-05-06,-0.011418802389678281,-0.009792440296080845,-0.009765960814943617,-0.011168090828636524,-0.00969466956710312,-0.007856274218210337,-0.007548588612476372,-0.008387173578855758,-0.009020014379620264,-0.0083584355
2025-05-07,0.007446520627043673,0.005597529555920626,0.005587810354708169,0.006148449991094088,0.004974206810643247,0.004195144019716923,0.004079697904092529,0.004520295017955316,0.004908090777470032,0.0042055276
2025-05-08,0.00647809521805154,0.007077103909506436,0.007044755174761178,0.007789033892260352,0.006787866195959658,0.0059941363793058625,0.006206465887353515,0.007334283207833173,0.006845619122441858,0.0069677626
2025-05-09,-0.0010601700643563029,-0.0011956566945907714,-0.0011903034164286869,-0.0013325083105093782,-0.001206530809400042,-0.0010767131340961684,-0.0010713646061697515,-0.0012696841530491988,-0.0011847391118306465,-0.0012742214
2025-05-12,0.03586321677137576,0.03555456394254549,0.03545823878779092,0.03874028208476486,0.03540824172588146,0.028668820686934465,0.028414471778843552,0.03674298320719003,0.033705040461250974,0.033047433
2025-05-13,0.009786540972048823,0.008153818975427858,0.008110889534010221,0.0086543641977457,0.007684113185923783,0.006154908152919053,0.006287642253673523,0.008132255450154996,0.00747749592986148,0.0066039677
2025-05-14,0.0017508750224824658,0.0014981664307211454,0.0015026984859296889,0.001697392591576037,0.0016115418476366212,0.0012682566000490766,0.001255531601738563,0.001680558760923272,0.0014943358410141726,0.0012779772
2025-05-15,0.008801848921471846,0.006639978651544773,0.0066590652713361086,0.007172425814620868,0.0068455041920678405,0.005365635636933695,0.005265385182535013,0.00619178449150965,0.006237383550757739,0.0048844963
2025-05-16,0.01024763628011377,0.00883210528492994,0.008759231629805079,0.009335844721974622,0.008653043418392783,0.0087914047999455,0.006547307412086528,0.008195051991620362,0.008359885582924142,0.0063338336
2025-05-19,0.001799810445428102,0.001555243699551246,0.0015619231834535275,0.0016376246586174482,0.0015293526311928453,0.0015838932328793415,0.0011680135170571307,0.0014222299996653658,0.0014772043425022943,0.0010939239
2025-05-20,-0.006894901316105314,-0.005625811454071646,-0.005766688493735238,-0.005727078204669423,-0.0052199928643260176,-0.005244778689302791,-0.003918168482536363,-0.004462305714542554,-0.005047004511101185,-0.0033621537
2025-05-21,-0.03286755620541175,-0.027090523768111125,-0.028178573812947937,-0.027109628524964857,-0.024431338840967237,-0.025639896085908293,-0.020407452373534637,-0.021554322697780123,-0.024582625627776408,-0.016850775
2025-05-22,0.0005347781389057596,0.0005475249467730639,0.0005031060469809885,0.0005624151163494656,0.0005458368641649998,0.0005577724164604285,0.00047527091561675984,0.0004875550034648949,0.0005326584999287817,0.00039470809
2025-05-23,-0.006672207116259169,-0.007629776283975789,-0.007478939684653867,-0.007916809667866852,-0.007599778290563082,-0.008257613246248281,-0.008404484422549523,-0.0076161939112539875,-0.007821605676293284,-0.0068259574
2025-05-27,0.028485414220646887,0.027334398853763302,0.02716061144353341,0.027513293928291365,0.025545540196147694,0.026942597686715856,0.025761294827384068,0.02308132441441335,0.026101134373621816,0.02079058
2025-05-28,-0.007861752321087583,-0.007443753778383032,-0.007459539243736092,-0.007322330431354547,-0.006729364590195372,-0.006217121362431765,-0.007169232441677902,-0.006175699108321407,-0.006887742756955529,-0.0057851389
2025-05-29,0.007574798016498486,0.00627724769603419,0.006566225711488963,0.006212471461949874,0.005780383427039005,0.0058411048521669175,0.005001847623064268,0.004676180960964332,0.005681954344557425,0.0039472312
2025-05-30,-0.002035575292738018,-0.0016932265541212562,-0.0017198014192891353,-0.0016925827871286138,-0.001600577865440759,-0.0016719166067188011,-0.0014336916935044457,-0.0014031507236779506,-0.0015815849941903891,-0.0011184011
2025-06-02,0.006052564361073016,0.006676840000826264,0.006539865449193438,0.006985036768940423,0.007014990210977291,0.007497844767904285,0.0071029281841471364,0.0067849223330953045,0.006933669011768133,0.0056328163
2025-06-03,0.00680141794968854,0.007020863378607282,0.006987212409471939,0.007279032188369862,0.007229463444168135,0.0075989568787887115,0.00714415376439732,0.006540136908208514,0.007111795429101689,0.0057026623
2025-06-04,-0.0005807772842186613,-0.00045268690492087196,-0.000464190263726862,-0.0004465521651760365,-0.00042393728749389457,-0.0004563180616640619,-0.000346456823360857,-0.0003692320026984161,-0.0004203308867927728,-0.0002684086
2025-06-05,-0.00989780151456731,-0.008256731694548953,-0.008450204043613487,-0.008087286166040313,-0.007727736287045402,-0.007537622857913129,-0.006304380924347311,-0.006470141948108867,-0.00746273854183967,-0.0048328596
2025-06-06,0.020533154425140844,0.017362513819007507,0.017183856199989488,0.016901575123634768,0.016113706875002937,0.0161000718811177,0.013686361712982513,0.014102305163716564,0.015805874552519104,0.010269135
2025-06-09,0.0005123326821513529,0.0008277265187161543,0.0008012257235945351,0.0009180846196808217,0.000979053007325701,0.0010957781148317612,0.001171805800061352,0.001092737342267765,0.0009859069167840937,0.00090112538
2025-06-10,0.009568617548925568,0.00848292613339144,0.008376811464746165,0.008573129840299384,0.008552061109815464,0.00870750228850096,0.007551998401787332,0.007507316277636838,0.008217979999861631,0.0056699248
2025-06-11,-0.005834394026393599,-0.005711782802322911,-0.005741863539816718,-0.005251497416488422,-0.004764665640352819,-0.004657024094868564,-0.003992397709091264,-0.00424753173702928,-0.004832291238110948,-0.0028522823
2025-06-12,0.007945963587351489,0.00685984589349048,0.0068823557222227605,0.006608352210762528,0.00634293431225235,0.006589932022318131,0.005636175061196754,0.006073183986484709,0.006424296068920756,0.0039744816
2025-06-13,-0.016585469734031254,-0.016027429335139395,-0.015775154943788446,-0.01606882743653127,-0.015971903498602173,-0.016446689418615084,-0.015815974259872842,-0.01639140406997441,-0.016063103885192775,-0.011180059
2025-06-16,0.0187619118604159,0.016086340867058756,0.016593602237963634,0.015298922851461406,0.01433601171845176,0.014750515716933909,0.013733641605221836,0.013444684764432774,0.014818176117136971,0.0095140315
2025-06-17,-0.012490972656132868,-0.012493729922154152,-0.01252310733957098,-0.01186584974670934,-0.010988588460261914,-0.01194221082015547,-0.01283644233536608,-0.009673637186996386,-0.011651245476350039,-0.0085450696
2025-06-18,-0.0005838436811902898,-0.0004285293252007721,-0.00044175882002356196,-0.00038642965389568644,-0.0003499573531045979,-0.0003791769952661819,-0.0002389542479765025,-0.00022725027358663227,-0.00034035837661992554,-0.00015071309
2025-06-20,-0.004459706304608937,-0.003845340800479212,-0.0038372601162601702,-0.0035410165847221944,-0.003173896698286373,-0.0033479607779298,-0.003579272290530744,-0.002797146920241894,-0.0034058375671229173,-0.0023484743
2025-06-23,0.013269922224737387,0.013625209325064103,0.013443776822849187,0.01323240136518481,0.012457137692807626,0.013309594629239477,0.014794320560298823,0.010949715747636181,0.013020892568371847,0.0098773819
2025-06-24,0.015154739705751326,0.01504901921406057,0.014743329681287054,0.014650327673520213,0.013928114846064463,0.015062146916419968,0.01629735359225526,0.01328211022861484,0.014674181869493295,0.011047393
2025-06-25,0.000743279457717059,0.000747636987689957,0.0007494007401300518,0.0007417785785754374,0.0007075325919431042,0.0007636531365625741,0.0008063020042048304,0.0006812935525807842,0.000744098767907649,0.00056018096
2025-06-26,0.015320498175806385,0.0139541233327938,0.014073122644311677,0.013295745280685967,0.01262146837454857,0.013328588207083087,0.01159209717546943,0.012317854948666074,0.012966780299004877,0.0078239122
2025-06-27,0.009929462932425696,0.009004445524225921,0.009068864013296924,0.00856000925261579,0.008113529871640318,0.008562856383842413,0.0073683968686285555,0.007905677033293843,0.008329501867391963,0.0049684232
2025-06-30,0.009557244736406836,0.008666562530940305,0.008728608232413814,0.008238645844544703,0.007808768179546279,0.008241410412639245,0.007091447922697924,0.007608657708079623,0.008016722581884388,0.0047810785
2025-07-01,-0.0006519595113762677,-0.0005903472030747549,-0.0005946335297957961,-0.0005608082872427113,-0.0005311745328698716,-0.0005609989937299183,-0.00048181639489159353,-0.0005173937212703755,-0.0005455048602951597,-0.00032361428
2025-07-02,0.009066202640561172,0.008220554087726671,0.00827945788327044,0.007814325989515113,0.0074062708573476325,0.007816950308237855,0.006725442203379845,0.0072163307164791685,0.0076036642154401575,0.0045332656
2025-07-03,0.015758308190243396,0.01428911450528393,0.014391455793567822,0.013583303396560933,0.01287428658733994,0.013587863184009376,0.011691241812582097,0.012544245103893318,0.013217271631183537,0.0078814002
2025-07-07,-0.014911698506928538,-0.013519417130460717,-0.013616387546989205,-0.012850701337527347,-0.012179044009750298,-0.012855021171393208,-0.011058550124095325,-0.01186642581275729,-0.012503944516220685,-0.0074519719
2025-07-08,-0.0011030432476455175,-0.0011831747384810423,-0.001176546982993954,-0.0011004645359399393,-0.0009603418780044316,-0.0010444616150910608,-0.0008945829069003326,-0.0009289303725757436,-0.0010457549446256827,-0.0005477353
2025-07-09,0.011655189329341694,0.009846329552456559,0.009677679356315812,0.009227751268763485,0.00833367996016352,0.010017938736989111,0.009565472285630108,0.00945559343180607,0.009420136379915177,0.0059966561
2025-07-10,0.0056090885197857005,0.004937253981971982,0.004935280666268159,0.004612302850009327,0.004185392654751503,0.004687243313950658,0.004571241761831918,0.004512297234004707,0.004622693920812262,0.0028202583
2025-07-11,-0.007033590274676635,-0.007147946316187934,-0.007145617695462563,-0.0065142771433843085,-0.005823885351605061,-0.006637455304150137,-0.005903574277227554,-0.005956963814666803,-0.006416177244781656,-0.0035154085
2025-07-14,0.0038128250974939952,0.003812709510064566,0.0038127118640254977,0.003679199979549757,0.003246344539816715,0.003545959379290316,0.00326237142473394,0.003158996355601399,0.0035697025305893855,0.0019081841
2025-07-15,-0.008548321806518301,-0.008378155499538555,-0.008417573133841616,-0.00765059921706002,-0.006871535758804802,-0.008513294644833257,-0.007426064954900042,-0.006503566305348089,-0.007615068158261766,-0.0042732122
2025-07-16,0.0066820364302887705,0.006590558447879605,0.006632729600882155,0.0058033125575632566,0.00501335094607261,0.005262844854960426,0.005849894368407484,0.004596842726675857,0.00559581751380242,0.0033431742
2025-07-17,0.01223615670007941,0.011337591566472812,0.011108877004234307,0.010115130342128529,0.008855789558637708,0.009779854389808757,0.010731921986629903,0.008281127113244264,0.009913788794169718,0.0061197367
2025-07-18,-0.0012637323076241961,-0.001236037939408601,-0.0012131109365391432,-0.0011344004871081592,-0.0010228930391378965,-0.001141942316234667,-0.0012634541549003332,-0.0009718228102651721,-0.0011281521768079965,-0.00073243279
2025-07-21,0.0033729243176313954,0.003426808157799786,0.003446132950455778,0.003157709332332627,0.002895232372920777,0.0032634873009444844,0.0032099728054884678,0.002511577445527498,0.003087416728478375,0.0018961435
2025-07-22,0.0002845264835080054,0.000272609229929118,0.00028445363367506397,0.00023577642746790443,0.00021651223921924115,0.00025703008015965045,0.00023479317209857065,0.00016560527938337612,0.00022819651689219407,0.00014299915
2025-07-23,0.017015207112923314,0.017015219025243347,0.017015207185742124,0.015971713674180876,0.014064211680136982,0.015365014511210723,0.014820789419138879,0.012091428686763052,0.015270398478297602,0.0085076743
2025-07-24,0.0006536941027508123,0.0005151357809023778,0.0005025244954099497,0.0004563797798982329,0.0004587617785282889,0.0005852028952511933,0.0005725299000353178,0.00046277013050389343,0.0004997566138165399,0.00033102965
2025-07-25,0.00844835394633331,0.008355078060377583,0.008347503046061563,0.00770061373302394,0.006982046075827931,0.007738147126742873,0.007457810708199939,0.006358813280346271,0.00757049564626462,0.0042243382
2025-07-28,-0.000506520368728287,-0.0005064282531730415,-0.0005064207716419748,-0.0005315584827092645,-0.0005372185279901829,-0.0005071067199079439,-0.0004775422694248604,-0.0005566146355927852,-0.0005483358305810939,-0.00025116587
2025-07-29,-0.005275385683906532,-0.005275385591720756,-0.005275385584233523,-0.005309697816650664,-0.005363726290368222,-0.005037792910302546,-0.004977034540728914,-0.004829072565175751,-0.0053101690467302854,-0.0026375651
2025-07-30,-0.0025211968099039103,-0.00252119680981099,-0.002521196809803443,-0.0025212313966711903,-0.0024747294926433187,-0.0024045138909241574,-0.002427301231446143,-0.0023201986691210362,-0.002521231871689609,-0.0012592725
2025-07-31,-0.007503787313911061,-0.007503787313910968,-0.00750378731391096,-0.0071327361478924125,-0.006918048842803918,-0.007114388366705075,-0.0072231361067052234,-0.006612514937298789,-0.007289523807805818,-0.0037512611
2025-08-01,-0.026719075058967385,-0.0278977393877718,-0.02743354356059353,-0.02615549421072881,-0.026284038839713163,-0.028777092378199098,-0.030599347775440454,-0.027195478094812913,-0.02770960007926986,-0.016390418
2025-08-04,0.020809709243047078,0.022734200321460642,0.022240254850715534,0.021932237027406033,0.02221193408650816,0.024562275519093776,0.026916369100547528,0.024566904449975297,0.023480129723327553,0.015199764
2025-08-05,-0.0066285114481752115,-0.007091154771009925,-0.006999534349771164,-0.006707665476364272,-0.006400529278648903,-0.006829578024450272,-0.008544641947433873,-0.007295969827875781,-0.007070886555339129,-0.0050700241
2025-08-06,0.014971007267232965,0.013618776018260764,0.013839172100581368,0.012616682419185144,0.011577552236833523,0.014873354829982748,0.012778375739361903,0.01229075801633375,0.012999739206965245,0.0076598577
2025-08-07,-0.001651884315448334,-0.0014426527957867093,-0.0014498666040492058,-0.00134695991263294,-0.00125821827742747,-0.001522769368591371,-0.0013826433653903584,-0.0014204726550795745,-0.0013893078794494996,-0.00083763635
2025-08-08,0.01410274156181099,0.012311276242696885,0.012373511445963301,0.011966889594783203,0.0122454231157593,0.013273930422003904,0.01252769012870082,0.012645108463690725,0.01248062120596143,0.0077975541
2025-08-11,-0.0030774345088705403,-0.0029290037031373443,-0.002908279700913619,-0.002882373011663721,-0.0029660911692878027,-0.0032567410975548553,-0.003119222686678705,-0.0031215041665381333,-0.003020306383594147,-0.001977598
2025-08-12,0.021028761429673783,0.019428951726095,0.019842104413055405,0.018426705237673827,0.01892170668551794,0.020182953432871346,0.01698807211642836,0.017494372487047924,0.018682853071983915,0.010646079
2025-08-13,0.006836095955769662,0.0060033161529186195,0.0059518957373653585,0.005692514091026676,0.005821539536125156,0.006327707983397011,0.005494074686423007,0.005594398827874525,0.005833235107212214,0.0034231324
2025-08-14,0.0001828287373781911,0.0001501146567321598,0.0001528089207522424,0.00013104354401462205,8.819579541034373e-05,0.00015135210991635596,0.00014227171312471978,0.00010620804205686524,0.00013173525128939252,9.3109264e-05
2025-08-15,-0.004682676503073079,-0.004512408904566693,-0.004489510528595561,-0.004285956488582607,-0.004378438416198808,-0.00455400451563603,-0.0038770329402204513,-0.004024392526460563,-0.004283208657733529,-0.0023412934
2025-08-18,-0.00043777751862483945,-0.0004290330719902324,-0.0004422963337140818,-0.0003963214409869992,-0.00040828650106026907,-0.0004317132709482359,-0.00037937709879101836,-0.0003803967985365005,-0.00040379773905741825,-0.00021771256
2025-08-19,-0.01085042216134031,-0.010117039665458486,-0.009994877915523602,-0.00953348437655097,-0.01023140830343315,-0.010358330659538886,-0.009218126326624176,-0.009070208743862286,-0.009760790696626572,-0.005425101
2025-08-20,-0.00531945363392491,-0.005380298547455402,-0.005393426344252597,-0.005050176049696261,-0.00522683726902448,-0.005124432678211429,-0.004612363366131255,-0.004466784918856274,-0.0050556819382864175,-0.0026569844
2025-08-21,-0.007850145394284963,-0.007219046644710216,-0.0072160931668378905,-0.006821640760472946,-0.007150414411464538,-0.007403893389928905,-0.006913813748201172,-0.006440367274206099,-0.007015573892897635,-0.0040119061
2025-08-22,0.021263435878724864,0.022500789421796768,0.022121053337060218,0.022251906065593803,0.02331477912740366,0.024783748654964896,0.025491497691373065,0.023049649565118294,0.023301744395009132,0.015356736
2025-08-25,-0.006775742501768439,-0.006619002289155428,-0.00659849406019327,-0.0064382907743320665,-0.006402606391300454,-0.007256227873263564,-0.0071372091317911165,-0.0063778276872454315,-0.006653694437114477,-0.0044010205
2025-08-26,0.004404900866073249,0.005030881511889516,0.005838470976692236,0.005440914898595685,0.0063636572019539605,0.006639911632943743,0.005702000727123282,0.006157444344460925,0.005855455129150896,0.0041870652
2025-08-27,0.004108209866056479,0.004080607855688082,0.004136253392171545,0.003995362681925438,0.004258691566397369,0.004193941976480332,0.0031861791499111585,0.0036250173814752727,0.0038761127672918313,0.0022784528
2025-08-28,0.007081208329204803,0.006366036309772605,0.006448823765680501,0.006272061259618034,0.006995662543393825,0.006725520883145015,0.004971021459321513,0.005928480881047275,0.006191084931619271,0.0035415153
2025-08-29,-0.011931172803970057,-0.012022348188119458,-0.012013238567697784,-0.0116206674827878,-0.011797936011083298,-0.011628841392962656,-0.008471899935297166,-0.009950479165474481,-0.011008722582360646,-0.005963829
