date,persistence,har,shar,har_rv_iv,har_x_lasso,hgb,lstm,lstm_x,combination,buy_and_hold
2022-10-07,-0.0,-0.0,-0.0,-0.0,-0.0,-0.0,-0.0,-0.0,-0.0,-0.027893834
2022-10-10,-0.0,-0.0,-0.0,-0.0,-0.0,-0.0,-0.0,-0.0,-0.0,-0.0076353081
2022-10-11,-0.006404274425891699,-0.006627691955884201,-0.006661274285156757,-0.006612983683791127,-0.0064256575913979345,-0.006606481747515266,-0.005910367860547774,-0.005557822956836011,-0.006315782529794543,-0.0063331632
2022-10-12,-0.0025181384913539385,-0.002917685398586081,-0.002916016461700746,-0.002912578978238204,-0.002783042681307379,-0.003358066416373445,-0.00284059254662029,-0.0027083151862838193,-0.0029000044722588656,-0.0032984819
2022-10-13,0.020753871076068114,0.02326396877065743,0.023191498429380227,0.023211865205671547,0.022858581253357813,0.02288138823547045,0.022632834901584537,0.021847607068459167,0.022845499337820315,0.026391016
2022-10-14,-0.019889748450448354,-0.020986883140562847,-0.0209085771681746,-0.020923870889632927,-0.020302243326635248,-0.02374948041262379,-0.019561970102668674,-0.01860261140362251,-0.020616443509694785,-0.022788635
2022-10-17,0.012618701810308766,0.01804961743208702,0.018138371154936214,0.018073373395949787,0.017989301495964175,0.02092274477313931,0.021164356887566942,0.01989880307372792,0.019090417892140644,0.025696946
2022-10-18,0.0058840947254381396,0.007993984299551293,0.008132224239994192,0.00800974547271241,0.008778733535626828,0.010499388046592147,0.009313170242593937,0.009137721337575809,0.00877620890477351,0.011749663
2022-10-19,-0.0064630575959245965,-0.0062020758074721,-0.006181577164843078,-0.006199884189897435,-0.005975279454625448,-0.00740844256582149,-0.005661589368708985,-0.005579714492311171,-0.006130456412140806,-0.0070864563
2022-10-20,-0.006012187449316522,-0.006669698054850849,-0.006719148482907535,-0.0066765869345982365,-0.006819115825761173,-0.007789759597897321,-0.006640239773422465,-0.006736087068843361,-0.006841956113211963,-0.0083854281
2022-10-21,0.020598260680431715,0.020511256729764688,0.020580430890276925,0.02051705071993331,0.020726809528417177,0.021127496542167595,0.01928269094886153,0.019636214751349225,0.020328383605623508,0.02430152
2022-10-24,0.009157813112231603,0.010283244407061545,0.010272527213606334,0.01028871381028457,0.010404004921445428,0.010118118115104201,0.009724437472196652,0.009838801033053127,0.01012730585386346,0.012236443
2022-10-25,0.011184899359938081,0.013392361740652252,0.013328148092538626,0.013397262403626474,0.012863950004367637,0.012183245337580228,0.012754164060145165,0.012788186459299562,0.012945427018580277,0.015968748
2022-10-26,-0.005117419829792671,-0.006133310699566651,-0.0061187359148120665,-0.006137645695173569,-0.006012767720366091,-0.006446765526575946,-0.006015705573010159,-0.006131333539481078,-0.006126556991182403,-0.0075342701
2022-10-27,-0.006295788649137165,-0.005450253274819632,-0.005446052125777121,-0.005444483180991317,-0.005032107915336633,-0.005034263066050731,-0.004390934582185299,-0.004319098411400793,-0.004976330954052711,-0.0053399017
2022-10-28,0.021007805906531483,0.022010050329700707,0.021959022968369664,0.022019745721846833,0.022669759591894895,0.02029824545265153,0.01972936916943223,0.01921563849867306,0.02105885100970141,0.023790751
2022-10-31,-0.005819174647565884,-0.0064775597664908195,-0.006514833715519452,-0.006483576221645651,-0.0067904459793970634,-0.006117563895349495,-0.006034489307156684,-0.005886353813084953,-0.0063141500209305725,-0.0072235151
2022-11-01,-0.006282071015017063,-0.0049699335573413,-0.004997261236171185,-0.004963628390122205,-0.004624475774974592,-0.0035655873048563015,-0.003790240017629038,-0.0035095014135266183,-0.004242663691800447,-0.0043756564
2022-11-02,-0.025251779024756154,-0.02608703241492719,-0.02615036627258422,-0.026075748244578638,-0.02391023506717395,-0.020388983043054493,-0.02203097983571184,-0.020263701028155938,-0.02328687466362495,-0.025096224
2022-11-03,-0.00978138204816077,-0.01037207277901375,-0.010578039478724204,-0.010371732829563838,-0.010019906634531311,-0.010222558148734497,-0.009132585678215193,-0.008533945771788589,-0.00982820720618774,-0.010296852
2022-11-04,0.006778218613150206,0.010242823972783855,0.010265874258841802,0.010279690465040348,0.011275467167024456,0.010645242273946346,0.012205083240981279,0.011369730280317306,0.010862981949939973,0.014393027
2022-11-07,0.007659353143655907,0.00859073910413481,0.008556428534631256,0.008606338510662859,0.009138248683439397,0.0074394027806108,0.008136772499451207,0.007658701746867251,0.008262885970296015,0.0095655259
2022-11-08,0.002862181827572571,0.0038714044376300413,0.0038603536178799056,0.0038890117052234156,0.004381762838630506,0.004605739230207107,0.004425289333858576,0.004270325081753474,0.004182128455986643,0.0053954068
2022-11-09,-0.024733288770182583,-0.019889866693060813,-0.019889617569294832,-0.01994179501499662,-0.019272631409742055,-0.019054793274117694,-0.016158804394952854,-0.017118960818463966,-0.018646561718435945,-0.020602051
2022-11-10,0.04597521753424278,0.04713908890700238,0.047158313234040204,0.04730085315460435,0.054013982337498934,0.05232232343602463,0.042913935387251585,0.046714930685009703,0.0479950432946146,0.054954325
2022-11-11,0.008676081019525654,0.008948962409495366,0.008963365140384691,0.00896368654115944,0.009359648680759744,0.008730272875566785,0.0077123890415552445,0.008322148397130205,0.008692206419614665,0.0096784783
2022-11-14,-0.007173456045947862,-0.007729691728125469,-0.007695615272429584,-0.007757811583027861,-0.007866594821841325,-0.00860334040973384,-0.006852371895324587,-0.007052210943168947,-0.007601091174020965,-0.0085067867
2022-11-15,0.008491096033286103,0.008606762827559813,0.008565742726603522,0.00863522272080245,0.00903592847484563,0.008267636572364054,0.00710447580811374,0.0072401449101082765,0.008150029038348829,0.0085290565
2022-11-16,-0.008403435940384963,-0.007887793319705086,-0.007913883935267586,-0.007903233700297451,-0.008082717291491598,-0.00768743064026442,-0.006595865186737966,-0.006629159212191356,-0.007478223346162088,-0.0076287503
2022-11-17,-0.0023075768656850184,-0.0027087719234209773,-0.002703773646041911,-0.002719193149740775,-0.0030284713800086426,-0.0030488470673926114,-0.0025808397181544527,-0.002704724467319491,-0.0027702183408110253,-0.0030598289
2022-11-18,0.005792943842020993,0.004869468598324533,0.004900738692370396,0.004874676860309319,0.004745724716075351,0.004278660255145171,0.00397256806036383,0.003963392084071994,0.004481221956223814,0.0045404355
2022-11-21,-0.004254191498698862,-0.0038992406501024038,-0.0038881257062966432,-0.003903107846002234,-0.0035102030034506156,-0.003445492842019579,-0.0032917092935465498,-0.003193217945727487,-0.0035628611655981204,-0.0036361543
2022-11-22,0.01375049953657847,0.013875833971437086,0.01389974271563635,0.013902385080128452,0.0125858183173268,0.012857271418788568,0.01224944090309688,0.011799072060228644,0.012976265310082733,0.013457033
2022-11-23,0.00921736627393095,0.007307763369351746,0.007290773957697079,0.007309652097542947,0.006640836864480357,0.006571060747777047,0.005940876078835372,0.005665063630901841,0.006612835524381465,0.0063016301
2022-11-25,-0.0006408965088565018,-0.0003810039585249954,-0.00037891960644199164,-0.0003793674829847991,-0.00042229213154325,-0.0002506185654334351,-0.0002523127137101081,-0.0002188999489140568,-0.0003028047064880501,-0.0002237257
2022-11-28,-0.020176226712779775,-0.0188358944094442,-0.018716623993861297,-0.018854419003551868,-0.01850136068718468,-0.015916796531248157,-0.016207313112517392,-0.014815532004121007,-0.017251040399387522,-0.015956933
2022-11-29,-0.003811240029095231,-0.0028410255796820065,-0.002836407012050029,-0.0028269802842730927,-0.002622254604387732,-0.0018803923357939515,-0.0019081042764476552,-0.001620814896756892,-0.0022566942837440114,-0.0017177619
2022-11-30,0.05329542237680952,0.043554909535687567,0.04396954778005733,0.0433616683345593,0.03779205620366957,0.032692606603690694,0.035247740812883954,0.030262773892267288,0.03740060680032761,0.031500792
2022-12-01,-0.001124083463087728,-0.000977868004074407,-0.0009841947695827127,-0.0009742566095650112,-0.0008747672617908769,-0.0007521347905022838,-0.0008196929511936807,-0.0007162045160243151,-0.0008567531231741926,-0.00073589449
2022-12-02,-0.001135137926915865,-0.0012714621118180985,-0.0012713229720137662,-0.0012717151828091303,-0.0012266659753831155,-0.0011455198603992378,-0.0012315386294818242,-0.001109431443399275,-0.0012119917654645925,-0.0011537268
2022-12-05,-0.018809774689066163,-0.019726943029412372,-0.019854985362016256,-0.01976057934781355,-0.01857746372321864,-0.018045288344414233,-0.01818480412201778,-0.016789130034871536,-0.01863737506096807,-0.017989268
2022-12-06,-0.017896167872994955,-0.016037771908929258,-0.015949915462386777,-0.016074355720660044,-0.017299017257322784,-0.015121819035299897,-0.014396900917311868,-0.01309730883307672,-0.015311869127820113,-0.014414878
2022-12-07,-0.002450708078154996,-0.0019321379765538155,-0.001975656182447468,-0.001931751749663445,-0.0017803860248219278,-0.001715656465168507,-0.0016994910670700444,-0.0016365996097523724,-0.0017827770035487474,-0.0017011084
2022-12-08,0.0088660325527899,0.008284675449742502,0.008387430980069046,0.008283204924181293,0.007949308783111498,0.007856890984967028,0.007705063441478394,0.0074870110481495365,0.007989427437127546,0.0078338657
2022-12-09,-0.007671834570310999,-0.007772135260186298,-0.007778004752990719,-0.007764315859922945,-0.007445109010822483,-0.006689875673946681,-0.007402998916747198,-0.007064487147769972,-0.007394384637774699,-0.0074701007
2022-12-12,0.01691020838334705,0.015781438014886857,0.015716702267797658,0.015756847793434243,0.013437837504552876,0.014680252980196682,0.014344968018023799,0.01342557699398098,0.014680033018105746,0.014417232
2022-12-13,0.009848987444611459,0.008547946695559822,0.008547167215531672,0.008520866045978515,0.007423286463111429,0.006706122166648003,0.007613863946719238,0.006990208641346814,0.007719412975689176,0.007569965
2022-12-14,-0.009528258599018666,-0.007491623079584457,-0.007455667823398232,-0.007440095297506984,-0.006233411220261672,-0.005604460661010635,-0.006556144385715279,-0.005935870128164001,-0.00658684265530959,-0.0063936891
2022-12-15,-0.014494644294921857,-0.01969225531323227,-0.019964164634157174,-0.019807002669271056,-0.021448718459971337,-0.02359239281424096,-0.022898265499195467,-0.021894984593415084,-0.02120443772548518,-0.024461399
2022-12-16,-0.005879008077089096,-0.008424637368914571,-0.008580553944609546,-0.008507297809009523,-0.010039518598798662,-0.011448163278312336,-0.010031258116894043,-0.01004195891401124,-0.009470565725351519,-0.01180636
2022-12-19,-0.008180009865393432,-0.007698616192541523,-0.007793400786468392,-0.007737783509856369,-0.008761836105413139,-0.008125500375634026,-0.007162684051712416,-0.007432634025322505,-0.007791655946387093,-0.0084796813
2022-12-20,0.0012566353971590475,0.0011847829638875053,0.0011840129095172544,0.0011913789273580281,0.0014122152001393648,0.0014134704376536455,0.0011474407926916382,0.0011915944866178023,0.0012499030159427594,0.001368369
2022-12-21,0.017579203724277778,0.01383895549918425,0.013919855157404784,0.013898285736467945,0.015405197151932568,0.014830744134383452,0.012721535701675798,0.013544215320225783,0.013986940528160043,0.014952485
2022-12-22,-0.016013078270148324,-0.013784948437814566,-0.013768196411809564,-0.013835449108867541,-0.014628653646406855,-0.014072950396649528,-0.012405626674325394,-0.013264335205815955,-0.013647138023743241,-0.014266307
2022-12-23,0.007292319257522558,0.006208535144917863,0.006181022294967829,0.006220597611747569,0.006175094468659006,0.005824687155144161,0.0052064727075281465,0.005380864042116654,0.0058561405773446635,0.0057523774
2022-12-27,-0.004165544271031882,-0.004085198257058471,-0.004075580928748685,-0.0040895932644859296,-0.004142420014182262,-0.003923673825833547,-0.0036592967853079964,-0.0036510197767459767,-0.003933672730600778,-0.0039435126
2022-12-28,-0.011551813794873753,-0.012408718171995145,-0.012323287749129882,-0.012443235389014257,-0.012730352782666498,-0.012064521885195295,-0.011557995289168095,-0.011483662322111536,-0.012127973521828102,-0.012427999
2022-12-29,0.0244060650997026,0.020314872270721478,0.020251707989991895,0.020286051020650217,0.018552728171804162,0.01763410448158991,0.017273641930148978,0.017009282975998023,0.018655838335102683,0.018000444
2022-12-30,-0.0030611479617244424,-0.002851753043314081,-0.0028847679422252144,-0.002849047876327793,-0.0025231928351256527,-0.002504682197899604,-0.0025579011367768095,-0.0026661628333404077,-0.0026718305095104937,-0.0026341698
2023-01-03,-0.007578461429088662,-0.005224619282898223,-0.005197612033800195,-0.005207605212708366,-0.004010326774020002,-0.004574047496628343,-0.004249090702394425,-0.004321945709911672,-0.0046356652212589675,-0.0042097629
2023-01-04,0.00746680723943084,0.008056257975127499,0.008037916029482124,0.008064276434063378,0.007216594240766783,0.007830150600488008,0.007673117881989274,0.00790086801776839,0.007817433929976669,0.0077203694
2023-01-05,-0.00901714450301094,-0.01085098332832272,-0.010887364968490694,-0.010873318822506884,-0.010091831178891598,-0.011167566413094476,-0.010969284940516355,-0.011558468202131288,-0.010897851987337764,-0.011413532
2023-01-06,0.017851049109979342,0.020954676675289666,0.020941697239599755,0.02104461001096178,0.022678740716167694,0.01998639036667424,0.021222643987953874,0.022995717724489873,0.021375224040296258,0.02293203
2023-01-09,-0.0006951738529624471,-0.000607542611113498,-0.0006028420838014916,-0.000607678740142646,-0.0005615779306306597,-0.0004957604599393823,-0.0005256522422085558,-0.0005661530006861166,-0.0005559748901309869,-0.00056688592
2023-01-10,0.005902623823472614,0.006331776888146182,0.006314062378326975,0.006372796923433894,0.0070830437258326715,0.006674713501350321,0.0063006660498479425,0.006470132201130441,0.006515481842492873,0.0070129488
2023-01-11,0.015927860920034356,0.013071723405227857,0.013106128137342004,0.01310724834735791,0.012946353701672747,0.012234537150853366,0.012177929447353724,0.012223599381447542,0.01267997813051482,0.012647837
2023-01-12,0.00396544696973473,0.00372830851528787,0.0037146768812858517,0.003744693024493879,0.004076868629409496,0.003547816350640815,0.003536087910741099,0.0035928726585540945,0.0037035515374931067,0.0036406621
2023-01-13,0.0060760729904756295,0.004541783063471638,0.004531512875405182,0.0045399591512309,0.005157926539439335,0.00388440465678774,0.0038824327602077578,0.0037402039074115145,0.00427689000378573,0.0038795132
2023-01-17,-0.0018730213929279167,-0.0018496316599056026,-0.0018453408125841844,-0.0018598565379186814,-0.0023291139940497976,-0.0018736460622680944,-0.0018093459087871085,-0.0017151719262836844,-0.0018760862198196845,-0.0018316669
2023-01-18,-0.025740135032574357,-0.01935011852086911,-0.01927858189740401,-0.01942519965750716,-0.02389182975903526,-0.01731984299298775,-0.016033533760635234,-0.014797944979111024,-0.018207822841820986,-0.015788302
2023-01-19,-0.011416891024969594,-0.008847851232417896,-0.008816049300063508,-0.008867847146942252,-0.00970132006569468,-0.007826463692968112,-0.007587578027004194,-0.0070294302322902345,-0.008281343222722611,-0.0072798095
2023-01-20,0.025619225417198674,0.022016118528495186,0.02249806442623473,0.02202403033071744,0.020669267345139505,0.018597455910949072,0.019706648331448477,0.01792258261642594,0.020355534242982292,0.018629282
2023-01-23,0.014768726692353703,0.01350022127657979,0.013466237194763295,0.013516974210336914,0.01524771516277243,0.012278975553993965,0.012738718375182864,0.011363952859625251,0.013087489179469393,0.011998413
2023-01-24,-0.0015841107054531541,-0.0013500453309806854,-0.0013422560281858115,-0.0013492972044947004,-0.0012552041598955222,-0.0010810217856388996,-0.0011687971263866946,-0.001014046150784616,-0.0011776749243943045,-0.0010733206
2023-01-25,0.00035413056041291456,0.0003935338167512418,0.0003903529873759569,0.00039535103080435755,0.00039876528302513196,0.0003646171723101423,0.00040477667718660326,0.0003523146034951858,0.0003926911386654487,0.000374746
2023-01-26,0.012838137128451171,0.01225210466636215,0.012250949928307556,0.0122886756847531,0.01421936464122239,0.011228188372874993,0.011809994720707784,0.010573166018406046,0.012011604599705664,0.010990477
2023-01-27,0.002724663411210552,0.0025563799864626764,0.00253911039181112,0.0025653399131031086,0.0025394468905273124,0.0023514032433792124,0.0024566872100344095,0.0022201557668486385,0.002457014094505361,0.0022977164
2023-01-30,-0.012431949039927318,-0.012983662199282589,-0.013012114386660842,-0.013059468555060693,-0.013073494060125406,-0.012840592880413886,-0.01318649135667622,-0.012020710116387556,-0.012870853112554599,-0.01254675
2023-01-31,0.019615759172438723,0.016567935977322788,0.016522077957448783,0.016637788788925204,0.015669879823231283,0.015036673932577323,0.015545193704091397,0.01411576945324887,0.01567759630679357,0.014703322
2023-02-01,0.013832989815741367,0.011962695953175617,0.011940373729645147,0.011982737255401544,0.0112039732483942,0.009833221556228351,0.011270038961452214,0.01034783357254989,0.011165757139323124,0.010627808
2023-02-02,0.020873310359357928,0.016992824704324824,0.0169553607581409,0.017026121477251393,0.015689965401664105,0.014560212129696342,0.01558744160519778,0.01442883467986889,0.015821315423441187,0.014556902
2023-02-03,-0.007426803303441947,-0.009341796309767135,-0.00929508272962521,-0.009437300554779702,-0.011026704939483085,-0.011893175759526814,-0.01076194698561119,-0.009873460678800502,-0.01012842565120913,-0.010629201
2023-02-06,-0.006418471481709263,-0.00628574102118827,-0.006253559953013664,-0.006334263148331378,-0.0071589800501277905,-0.006806829366545637,-0.006152848258285964,-0.005715008455482356,-0.006360258847768926,-0.0061112958
2023-02-07,0.01166387595878071,0.01238033659153731,0.01234408798820029,0.012492667898756483,0.013053269625828761,0.014782013421876294,0.012937027605835517,0.01201612013869225,0.012809215015788805,0.013078767
2023-02-08,-0.016449828780644254,-0.012090090803964912,-0.012098860947761797,-0.012138832909176266,-0.01071565898857401,-0.011299573682477831,-0.011051791372169032,-0.010149047250689406,-0.011301770638100611,-0.010934956
2023-02-09,-0.00662780344453663,-0.007458491106119768,-0.007419214456321805,-0.007537419544623418,-0.009065748748113668,-0.008952329913480689,-0.00840901155299307,-0.008375548249521728,-0.008099553893592454,-0.0086691251
2023-02-10,0.0022886109444436647,0.002247609455550224,0.0022515393969324837,0.0022667061171689805,0.0024877346326697396,0.0023461828185034673,0.0022600883169733147,0.0022241044103772415,0.002296486697778843,0.0023338227
2023-02-13,0.012579386749415814,0.011793251098571251,0.011979821217724066,0.011860721805622823,0.011348516520273267,0.011455009494406247,0.011457957072420484,0.010917298415301991,0.011541817448740797,0.011738934
2023-02-14,-0.0007204620115002754,-0.0005423963406500506,-0.0005291842334998447,-0.0005426123146151344,-0.0004916118720391568,-0.0004516213838149679,-0.00047192381040322317,-0.0004290583287006486,-0.0004831943567896605,-0.00046022822
2023-02-15,0.005342192418174518,0.003750919335323636,0.003735519945368324,0.0037566659778519437,0.003470443015771162,0.003204794238364189,0.0033374912179640597,0.0030908377971359947,0.0034586555737573643,0.0032473675
2023-02-16,-0.011352734967967801,-0.013076549269802685,-0.013136296326755692,-0.01320429274961992,-0.014517892416997559,-0.014102957000769115,-0.013849949438361538,-0.013252010239286648,-0.013561815340998746,-0.013768878
2023-02-17,-0.00347300872106937,-0.0028783828397833085,-0.002864092355720044,-0.002893699211661738,-0.0028563540066191754,-0.0026076470576371583,-0.0025764002649896383,-0.002398015075814156,-0.0027148958703438163,-0.0024984514
2023-02-21,-0.02704887814114641,-0.023029444733882035,-0.022997991560294247,-0.023078692257660093,-0.024453117933430933,-0.01970574195623554,-0.021007348100140703,-0.01928925782547625,-0.021775418886891162,-0.020060636
2023-02-22,-0.0017390509189560495,-0.00154859009859139,-0.0015454960689965055,-0.001553676651723652,-0.0016072892693832265,-0.0013519827241041764,-0.0014531466289233262,-0.0013185379425446394,-0.0014742772366424968,-0.0013782368
2023-02-23,0.008771106372535514,0.006369443806169478,0.006472195814784063,0.0063413042369352595,0.004887782529175082,0.005008716919348624,0.005714100056212718,0.005143482675340872,0.00567038838114432,0.0053194693
2023-02-24,-0.01278782078881051,-0.012132540242956284,-0.012172240524257682,-0.012108986607438291,-0.010257105382356831,-0.00974214303170126,-0.011518539861085135,-0.010378570940396901,-0.011097787185262387,-0.010682297
2023-02-27,0.004295620458330996,0.003937247337974031,0.003942946980162419,0.003934958759105994,0.0035682752637059456,0.003239427832562631,0.0036910358568064145,0.0032924854461555872,0.0036359037343413458,0.0034058614
2023-02-28,-0.00455238833400683,-0.0042209173352051954,-0.0042195999519598236,-0.004216727710351832,-0.004261598998970694,-0.0035054403425018813,-0.004007416543909484,-0.0035525119580125737,-0.003962306236558432,-0.0036960236
2023-03-01,-0.005991904965327053,-0.004739385114218749,-0.004768891735309778,-0.004722685983588835,-0.0037633486004955722,-0.003732558064291911,-0.004231947601062434,-0.003734750623947131,-0.004161395677829434,-0.0038357849
2023-03-02,0.013962790680517284,0.009903317982264096,0.009909273781015188,0.00985593285129558,0.009181851921434524,0.00773797572837407,0.008728499987074022,0.007637228941786491,0.008892129865938481,0.0077769498
2023-03-03,0.019878624037972747,0.01867539471141312,0.018620150703454,0.018638178131012012,0.017172615950131493,0.014941804464759623,0.01793888672085579,0.015605018347652037,0.017246885217613885,0.016037918
2023-03-06,0.0008958057323070796,0.0008156829483624069,0.0008120966409572475,0.0008140731540864247,0.0007638215720311652,0.0006462551881438622,0.0007747912998895391,0.0006746802424551445,0.0007515083957359454,0.00069274153
2023-03-07,-0.025896717866239833,-0.019840742105294257,-0.019691842483670174,-0.01980505712544123,-0.022948651467843043,-0.016850152163441177,-0.01751025660444368,-0.014911920873327126,-0.01848375017864438,-0.015328635
2023-03-08,0.003008993562265974,0.002162372662942983,0.0021593748062747626,0.002154238805089216,0.0021627956183868846,0.0016951171879101858,0.001892255650499114,0.0016034585762982967,0.001969636729752421,0.0016321426
2023-03-09,-0.017488488064307663,-0.019353779297104575,-0.019810239103642813,-0.019406677128256885,-0.02101015621510006,-0.017284370440654902,-0.020642451049646703,-0.018222814362935467,-0.019307787071946518,-0.018449873
2023-03-10,-0.0189580451399126,-0.016825156983642054,-0.016678857498566763,-0.016825568782735473,-0.017263113583646673,-0.013472219057391517,-0.016101345489283034,-0.014465367717134296,-0.01582986790522362,-0.014429451
2023-03-13,-0.0016068337328510643,-0.0015665533617430422,-0.001584669218144205,-0.0015645986519532476,-0.0014843798947420258,-0.0013085679755039535,-0.0015675163566641912,-0.0014081051323437575,-0.0014895351436300943,-0.0014251424
2023-03-14,0.011153551752413003,0.014280394063139504,0.014179507330904128,0.014338844501751926,0.0136948291687278,0.014743807603976564,0.01652511953638863,0.0146703862841849,0.01459155110990824,0.016530052
2023-03-15,-0.0031827920008822732,-0.004478578830333477,-0.004434026933877257,-0.00451804474724885,-0.004495104798028847,-0.005256977974300514,-0.005779589979784138,-0.004942483133713293,-0.004799171733361986,-0.0062543905
2023-03-16,0.01539754227146725,0.015254776045753957,0.015212140726799498,0.015378802748980586,0.014422265379060526,0.01748614118561215,0.01594104230723618,0.013674759901605283,0.015258305701303813,0.017544951
2023-03-17,-0.00875026943568895,-0.009396361033955207,-0.009339882696932198,-0.009481075669129225,-0.009004439524106069,-0.0130878772650359,-0.010353027468172904,-0.009233356487543868,-0.009828796810777028,-0.011692522
2023-03-20,0.008693057374474011,0.008147078324060277,0.008113042248630922,0.008246643873027908,0.007998821093277618,0.011690241147104857,0.008446232936322563,0.007926187776143323,0.008512158698550917,0.0096154434
2023-03-21,0.011317096454976515,0.011164564945027608,0.011212700869190857,0.011240885282595687,0.010406359657007968,0.012617957408149775,0.011487985509969692,0.011033445056946941,0.011282392036948589,0.013130666
2023-03-22,-0.0201486793031949,-0.017108897226173158,-0.017050966144938336,-0.017156422177279328,-0.01628227933768967,-0.016354006294418987,-0.015353789631555075,-0.01599799859070246,-0.01644829432276737,-0.017046505
2023-03-23,0.004127896981787938,0.002960503211664331,0.002959360156553302,0.0029685770572641357,0.002759158370640713,0.0029240947650342754,0.002513774821598788,0.0026593747135219945,0.0028098961102464323,0.0027034106
2023-03-24,0.004014548373292134,0.0055125705226807585,0.005589508642424247,0.005569301608064148,0.006458555638729268,0.006165532417934114,0.006002916517769237,0.006791930339472503,0.005991819781640178,0.0065619918
2023-03-27,0.0015847880625278205,0.0017379825008637722,0.0017497891410963467,0.001750462171483913,0.0020742919011070803,0.001899436146502172,0.0017207166038437026,0.002130667955821688,0.0018525773797472697,0.0018699202
2023-03-28,-0.002134484437957398,-0.002195476579721846,-0.00217435568318849,-0.002212571622567848,-0.00253078769797853,-0.0023233145815456163,-0.002085669632230816,-0.0027346757587611292,-0.0022996088312552563,-0.0022446078
2023-03-29,0.020353619807796385,0.015965398466138925,0.016033649971367355,0.016040025847044014,0.014579092272584668,0.01563373828349107,0.01385260089425432,0.017233499180248,0.015569199747514013,0.014534807
2023-03-30,0.009857185850632331,0.006722325859629667,0.006777083692582879,0.0067475416637641766,0.006419127350588115,0.006333970700369215,0.005720679524659975,0.007086003497839896,0.006516707549667435,0.0058551779
2023-03-31,0.028040476309662152,0.018397623721884155,0.0183486260794594,0.018392091316349918,0.018666240142492307,0.015651543832207734,0.014339505310675795,0.017865912257875725,0.017222751269908358,0.014094639
2023-04-03,0.007607711144523263,0.005252442548418965,0.005253187188231433,0.005238098137391919,0.005280465730271505,0.003870948735791797,0.00400813993083585,0.004925196199118169,0.004772042217387181,0.0038106383
2023-04-04,-0.011099986803916054,-0.00812928989740026,-0.008080016130356471,-0.008079710538624316,-0.008066143779036876,-0.0064890957178983305,-0.0060845498659538024,-0.007431085229702366,-0.007388169039192947,-0.0055481092
2023-04-05,-0.005169433757281402,-0.00383120871597992,-0.0038088757770622724,-0.0038103221935101637,-0.004168240135566271,-0.003207732804249128,-0.002945665374753509,-0.003628565841116983,-0.003585239766764342,-0.0026182149
2023-04-06,0.0057051067825162295,0.00525870375889694,0.005290071629766823,0.005244516269702876,0.006224886076323713,0.00499532679242179,0.004388909878083156,0.005422133626670015,0.005231004122120023,0.0039007747
2023-04-10,0.0016592504916499503,0.0014112481675037241,0.0014132687229793238,0.0014062561397720822,0.0016785303813285388,0.0013656644679770277,0.0011595403008822598,0.0014289805649498047,0.0013949736854054794,0.0010263588
2023-04-11,0.0003922851913185267,0.00034825669039943773,0.0003493168239989487,0.00034781577376458123,0.0003683389845474718,0.00032703576130176267,0.000300168031247688,0.0003700649873852201,0.0003626962758190082,0.00026872671
2023-04-12,-0.007846006903218074,-0.005821250854917253,-0.00578311335189193,-0.005789236211675245,-0.005082319623285303,-0.004824632963379205,-0.004723011136301674,-0.005501218921481147,-0.0053182430741183446,-0.0040759903
2023-04-13,0.026525956928771126,0.02008723973167119,0.02009860698384792,0.019883541352473638,0.017476185041477185,0.01534511875376515,0.016833339155757663,0.013677073874869267,0.017354857281166723,0.013282542
2023-04-14,-0.0034455559829676095,-0.0031870615812479397,-0.0032288506381860133,-0.0031756694391521733,-0.0029838537234770303,-0.0027672136965279626,-0.0030367916628582883,-0.002467394357135042,-0.0029518577942452768,-0.0024427922
2023-04-17,0.006810314190339989,0.005096993005278175,0.0050841847943298,0.005065751746915774,0.004709642855588342,0.004652438366156731,0.004512924790293657,0.0036670659284663266,0.004628530422624726,0.0035884826
2023-04-18,0.0004931557617315177,0.0006865667926083055,0.000703385084891315,0.0006945293027084817,0.0008034717956401226,0.0008710074410688808,0.0007879063561075015,0.0006693670703073063,0.0007535543403030455,0.00065203869
2023-04-19,-0.0006911334338553956,-0.0003284350023737462,-0.00032073955331839827,-0.00032333559951659935,-0.0002962631212970121,-0.0003018227000069744,-0.00022368260003913083,-0.00019321587861326385,-0.00027802637715012034,-0.00016894829
2023-04-20,-0.009839040348362613,-0.007181780533610068,-0.007222680710402552,-0.00717535378510553,-0.00729235141938068,-0.008579357917926779,-0.00683457028268955,-0.005806213374381755,-0.007065859303368492,-0.0054570843
2023-04-21,0.0014495188495020396,0.0010600159617272756,0.0010627944156915057,0.0010569165334432104,0.0010623692791047452,0.0012293736467496204,0.0009834131690448745,0.0008229703266594426,0.0010270148492057625,0.00077703491
2023-04-24,0.002029880063856451,0.001379944075852208,0.0013764201036627808,0.0013735915720881823,0.0012829995050897285,0.0012170571994130667,0.0013453457632044256,0.0010707456407093785,0.0012876842581123445,0.0010430841
2023-04-25,-0.025567959725749084,-0.020998522824606097,-0.020990791972432282,-0.020936113806525974,-0.020839273509803618,-0.02335791045002333,-0.020426161322525935,-0.016938919099677017,-0.020461345210741364,-0.015873833
2023-04-26,-0.008663456507551423,-0.006172437553476259,-0.006175528843688881,-0.006117540849294728,-0.005861160148736492,-0.006216977117511954,-0.005572096416043337,-0.004694760403935148,-0.0057781213199546615,-0.0042355311
2023-04-27,0.03479134955090553,0.02661693465983159,0.027088873165775507,0.026303525793253124,0.024923513244897482,0.025284806007090984,0.02610384232369733,0.0220331904787079,0.025376284627478898,0.01990823
2023-04-28,0.015184415080685696,0.011241996358039448,0.01131266103491604,0.011127640306730718,0.011004800269095633,0.010468484734645102,0.011163481004058198,0.009270809651717353,0.010758565159916997,0.0085349323
2023-05-01,-0.002118755067021981,-0.001379842153542188,-0.001368172971123391,-0.0013741489608400422,-0.001404887731733482,-0.0015819881829076956,-0.0013307718717118896,-0.0010932096335642084,-0.001348739813435729,-0.0010098035
2023-05-02,-0.015288093292226095,-0.013674511715499426,-0.013597101995813867,-0.013687974022908061,-0.01570817506515712,-0.015225171040896452,-0.014426909753281224,-0.011771842952869916,-0.013901505883019397,-0.011239126
2023-05-03,-0.014059947787126522,-0.009215399045253321,-0.009241540392722854,-0.009181802362325332,-0.009766926315943131,-0.01103011864764489,-0.008864256091954277,-0.007180785330319296,-0.009084014406172708,-0.006864054
2023-05-04,-0.01084894782960496,-0.008780842047261723,-0.008874118468500915,-0.008754573172300549,-0.009033560347037204,-0.009257196716735668,-0.009017617322213525,-0.00712531436656587,-0.008631778648651275,-0.0070830063
2023-05-05,0.02504292842943893,0.021929552467072917,0.02229529863701485,0.021872363168772842,0.023364098496514944,0.021880721148376,0.023042440656909132,0.01695168737299142,0.021402992813356506,0.018512608
2023-05-08,0.00015870394259969052,0.00023645998185793467,0.0002259208216682081,0.0002375990283907349,0.00023211671911611956,0.00027856903289107137,0.00029768988300703155,0.00024293486951947754,0.0002526154628829814,0.00026652875
2023-05-09,-0.009079400878348637,-0.005703389472225437,-0.0056769300773187314,-0.0056921761821540975,-0.006109995532603986,-0.006136299213188808,-0.00534667603909784,-0.004144949233083295,-0.0054633643855752645,-0.0043852672
2023-05-10,0.009334109441805205,0.006103586600056758,0.006113049868550005,0.0060855210217656336,0.006522359818964759,0.006753734338564265,0.005775036290379155,0.004596391040425498,0.0059127920224936355,0.0046722912
2023-05-11,-0.003492367306727729,-0.00237194243804657,-0.0023683846490164776,-0.0023541914611554496,-0.0023766892722445476,-0.002565124020018342,-0.0022140059898383218,-0.0018049014617676977,-0.002263216315486013,-0.0017438743
2023-05-12,-0.0019322853095811998,-0.0015958663046242748,-0.0015980560416967117,-0.001595678733086177,-0.0016598703352899058,-0.0018358391911945328,-0.0016386145394999712,-0.0019325367643561436,-0.0016349081151613286,-0.0013102677
2023-05-15,0.0051818888246657965,0.004311583693987695,0.004307315195165654,0.0043110415787634025,0.004470753968417389,0.005148117697226102,0.004300793998561984,0.004513220605305621,0.004467836896519694,0.0034499133
2023-05-16,-0.01073893828120238,-0.008445455216122505,-0.008455346943307776,-0.008442828709783632,-0.00852856510759175,-0.009576292338901327,-0.00835244312083097,-0.008686260359418487,-0.008623682400101959,-0.0066825698
2023-05-17,0.02408300002589386,0.01627737646026677,0.01626711578708255,0.01622989164242802,0.016022932298879914,0.01885762312603224,0.01532076977277319,0.016115713613895955,0.01638214427929973,0.012138937
2023-05-18,0.016342962183098223,0.012136355714130801,0.012133456816444338,0.012108120285598059,0.01274689690408201,0.013617599547660203,0.012143588476223387,0.012324928688115072,0.01244034620908498,0.009633119
2023-05-19,-0.0027395201717079327,-0.0019532225747763386,-0.001942697431801599,-0.00194782082587673,-0.001931409525992568,-0.0020572792893167905,-0.0018513416567099165,-0.001888546154269615,-0.0019373466402554872,-0.001454851
2023-05-22,0.00035153507880725514,0.00045322278965438114,0.0004494671049692771,0.00045857078378197253,0.0005087479407271542,0.0005452723252916801,0.0005066200932427323,0.0005206418670702688,0.000497021651586204,0.00040595882
2023-05-23,-0.017416442984638875,-0.014172384410440102,-0.014209706269819053,-0.014185403976235338,-0.015470448972129592,-0.01656651719303655,-0.014103103047319094,-0.015744547261946792,-0.014866494654183934,-0.011222845
2023-05-24,-0.011989995119779695,-0.009183623004891069,-0.009162993694601983,-0.009185561164477905,-0.009243646148635695,-0.010810486256896226,-0.00908910344537864,-0.009734429882797643,-0.009452875664118916,-0.0072447683
2023-05-25,0.012297264085473112,0.010474827197902872,0.010581031574190755,0.010467641366677521,0.010124338781661982,0.010604723198105667,0.01075902434281514,0.011671709030369333,0.010654334424687667,0.0086598689
2023-05-26,0.02062771047685086,0.016048527443719714,0.016021229958511338,0.01596987683782182,0.015294181852336445,0.015340978534687398,0.016057398671198802,0.017170035868467024,0.015975763434337778,0.012950817
2023-05-30,0.0004835682229101634,0.0004505836664812359,0.0004498848189236109,0.00045324398320132795,0.00044649163295169223,0.00044849817804865934,0.00046735379519409703,0.0005003913627750281,0.0004675376633314009,0.00038083654
2023-05-31,-0.010495908391340694,-0.00724261403404071,-0.007224505235169663,-0.0072340486781777595,-0.007009519464797318,-0.007756695177759221,-0.006881315965357876,-0.008134310339722893,-0.007334070753176451,-0.0055451876
2023-06-01,0.014618974104359637,0.011784289203376451,0.011822331630862612,0.011808825079635162,0.012131524709791019,0.012683832114446002,0.01174568522396114,0.014309073046427902,0.0122797629942536,0.0095009634
2023-06-02,0.02741599616430489,0.01906611126457158,0.01908532766580699,0.019032901187590115,0.018777085433410026,0.018147358711753766,0.01802903030216688,0.022299190718829395,0.019133626758075253,0.01446114
2023-06-05,-0.0034475197173928556,-0.0025080630154447558,-0.002499775446569199,-0.002511220438826167,-0.002457401171685955,-0.003318604815868164,-0.0024041027780435983,-0.0031420928845685664,-0.0026511391834280573,-0.0019161355
2023-06-06,0.003655886854577931,0.0028390201557831327,0.0028279819792292895,0.0028511459719333184,0.002884924887672592,0.004172328863188442,0.0027339589786346745,0.003150115442934542,0.003042768816205916,0.0021773874
2023-06-07,-0.005180498580323757,-0.004324706293514942,-0.0043428265457759,-0.004348524284580094,-0.004612300373801853,-0.006000008944792465,-0.004324056610368835,-0.005067801884451374,-0.004659633208703289,-0.0034575764
2023-06-08,0.011830546295213126,0.008207399686744948,0.008178835931365366,0.00822377156327868,0.008608364994474014,0.01194444359170731,0.007646953481056053,0.009525722891489176,0.008749639973932723,0.0060483283
2023-06-09,0.003389358090255704,0.002390756948987456,0.0023987099515131887,0.002398697650752224,0.0024085874663878856,0.003226273670435157,0.0022793381347213223,0.002838069065359037,0.0025298990518121006,0.001794484
2023-06-12,0.018097332360827122,0.013065444028275516,0.013022393272993827,0.013059234724938385,0.013328678106909448,0.01778355799360961,0.011718105832544463,0.014997400290213339,0.01364017565738536,0.0090717969
2023-06-13,0.01218172547208482,0.008962308863606836,0.008973151542499568,0.008988802612382723,0.011011279670459825,0.011776584239631236,0.008874418908610574,0.011777745767918919,0.009941286963005589,0.0065929594
2023-06-14,0.0023048924439911167,0.0017352130898065092,0.0017308396172491887,0.0017302794112088184,0.0018340727830834084,0.0019638582160273793,0.0016239729343972978,0.002167782313302012,0.0018343065346249458,0.0011907163
2023-06-15,0.0247940483860067,0.01780290484148637,0.017728907386513375,0.01775308207789626,0.018803570465033028,0.022023929724610977,0.017141460860755946,0.02471612477714676,0.01922243458238964,0.01239758
2023-06-16,-0.004024293078669856,-0.0040526743571151925,-0.0040384313197232265,-0.004082643199971947,-0.005073253702426743,-0.0056929652717242025,-0.004578615032055209,-0.006809661222528271,-0.004733964816503369,-0.0034061821
2023-06-20,-0.008707215727625218,-0.006715672353512574,-0.006672896156234263,-0.006743406657198441,-0.00821027388814092,-0.009121951938979298,-0.0069137809667211385,-0.010377978399989586,-0.007713568779783046,-0.0051882214
2023-06-21,-0.008256922062937674,-0.006515555173160046,-0.006538804171529874,-0.006552882202091064,-0.00849958670238645,-0.009863352993483723,-0.0067892914483443974,-0.010252340380997102,-0.007637134062598365,-0.0051235481
2023-06-22,0.0070268335588899895,0.004756639728846873,0.004769927286898956,0.004771511799983044,0.005928937810539891,0.006054994964097559,0.004790887846433164,0.0072142374809207755,0.005403065496663002,0.0036097097
2023-06-23,-0.01413563829739209,-0.009767009897215887,-0.009777146839563237,-0.009814522655575203,-0.013003948368835602,-0.013531658712643833,-0.010014848592123583,-0.015123574910116266,-0.011334801511198131,-0.0075599981
2023-06-26,-0.007283390401428222,-0.005402784192198053,-0.005367966899388809,-0.005423586061760362,-0.00662059162498582,-0.007964776242795308,-0.005429345407569175,-0.008179455121655866,-0.006182716712090628,-0.0040858877
2023-06-27,0.021814565642669984,0.015439997673824483,0.015396792506676728,0.015433742757933073,0.018529127290806077,0.01923990584709489,0.014743067672135237,0.021922638673294786,0.016989390824086507,0.010963383
2023-06-28,0.0009981466576252675,0.0006941828518167477,0.0006993953480532289,0.0006929762855559057,0.0006653816713697206,0.0007402819355855906,0.0006761546175022886,0.0009979729582697654,0.000729303047087522,0.00050438309
2023-06-29,0.007881918128789385,0.005729705381834947,0.005707832675942315,0.005711826881428362,0.00598994572642953,0.007686011037908732,0.005403719531630261,0.007874043292674843,0.0062723762310108655,0.0039412057
2023-06-30,0.018663308873555048,0.01545539547696872,0.015380130376401393,0.01550028985565223,0.018556943666185835,0.017391385981282082,0.01610920831317781,0.02359807588780766,0.01716044399092958,0.011800989
2023-07-03,0.002094599507530464,0.001573830172595557,0.0015671765880453908,0.001574443300544275,0.0018469649499953955,0.001789458611211462,0.0015743263551121923,0.002289359283681688,0.0017203310901837104,0.0011504422
2023-07-05,-0.0029752783838097865,-0.002085761899031428,-0.002080525821559839,-0.00208478975478723,-0.002670538539674103,-0.0023801041237412435,-0.002054919042427432,-0.0029754725156489015,-0.0022965080974018987,-0.0014871681
2023-07-06,-0.01566278215103865,-0.012810124066273377,-0.012772856236005057,-0.012672484664851932,-0.014535233107620046,-0.01455292993133847,-0.011078429589252037,-0.015639316353561538,-0.013281700389503083,-0.0078306448
2023-07-07,-0.005057572762386933,-0.00396468858180364,-0.003952948860701934,-0.003926061718298959,-0.004722624633682814,-0.005100123030602589,-0.0036145685117539984,-0.005055935496606821,-0.004254417970956173,-0.002524808
2023-07-10,0.005059851960480516,0.003785557748025284,0.0037778860409674736,0.0037460939724612064,0.003988500363000503,0.004119956585666095,0.00363290171482705,0.00505985361025534,0.003988485072199067,0.0025311988
2023-07-11,0.012734424877037256,0.009344347402007729,0.009328434030134395,0.009269261618408183,0.009405464307408594,0.010798685044290655,0.009153353496929846,0.01113375930771222,0.009721990571888883,0.0063684704
2023-07-12,0.016085654292934275,0.011985929799868943,0.011949525961733017,0.011870159697414381,0.011766774283410211,0.013367568155368362,0.01159017719795047,0.013841247651506832,0.01229751913819478,0.0080459701
2023-07-13,0.014348614842654997,0.010938935411235433,0.010890068540577467,0.010893407347293394,0.012316702907510003,0.014595290119217194,0.011322963544609417,0.013069176503884242,0.01190790156901884,0.0079369346
2023-07-14,-0.0013425201711835487,-0.0009294651105849042,-0.0009331902426202049,-0.000926781988259811,-0.0012317702556978209,-0.0011815894254005362,-0.0010614145177509176,-0.0010218248979659234,-0.001029791709471911,-0.00062295655
2023-07-17,0.006943853269051484,0.005245651224995545,0.0052289271829620825,0.005210559845446869,0.0066104363420892145,0.0057315486732428655,0.005523208729217394,0.005800980317182715,0.005610123342354811,0.0034722869
2023-07-18,0.01485770597344388,0.01090595113605618,0.010935184713490854,0.01085550635654202,0.01294971828611332,0.013190202129930667,0.011823847336831133,0.01253125152362615,0.011826767998754569,0.0074305768
2023-07-19,0.004440252805381988,0.0034478133569938343,0.003437494984837789,0.0034168332409943167,0.004319670462258762,0.0040748311554798565,0.0035701972451434015,0.0037651601915509574,0.0037145989046122436,0.0022237856
2023-07-20,-0.013271195069037001,-0.01013356997379609,-0.010079794773860996,-0.010039953016066038,-0.013271075270270395,-0.013186300095813447,-0.010743388703324886,-0.011529036702923481,-0.011124316972562394,-0.0066344942
2023-07-21,-6.725962428451915e-06,-1.575279242855654e-05,-1.3073676810009927e-05,-1.551258299009406e-05,-0.0001774677137273346,-7.951111733666994e-05,-2.7288745961149275e-06,-2.433566183862923e-05,-4.0078285497883396e-05,0.0
2023-07-24,0.008934535473992332,0.006485739840390955,0.006496576927315177,0.006438288519584648,0.006748908230863808,0.008234852282584701,0.007204244774086654,0.007043794878655636,0.006906663673344432,0.0044672711
2023-07-25,0.005215555019183995,0.0038389793022972863,0.003850658649353925,0.0038222534246855487,0.005221228615894462,0.005129126418350352,0.0043630174896856656,0.004582047212336454,0.004378863641065399,0.0027300664
2023-07-26,0.0002666390048393075,0.00021015694285678963,0.00021245517648393135,0.00020948699999823867,0.00028373230415406925,0.0002588349373908768,0.00024431772645929894,0.00021882623748699004,0.00024734442313903947,0.00015378062
2023-07-27,-0.013260209428300414,-0.010227671553006574,-0.010222708811067257,-0.010116855410202038,-0.011832746334088108,-0.01234039347487244,-0.010712211856975238,-0.01277578780860514,-0.011061515447135356,-0.0066300483
2023-07-28,0.013459971088750316,0.012268077343308103,0.012206771438153229,0.012307424779678194,0.016347211440183078,0.01606458921035802,0.015296513467080212,0.019546143418474105,0.014501484084298029,0.0097902649
2023-07-31,0.002846700677077487,0.002425255188620442,0.0024540853498288668,0.0024280512076772383,0.0030689067946631228,0.003471801887535068,0.0029154256371277634,0.003798714955488693,0.002869502230275242,0.0019041419
2023-08-01,-0.005117756612136059,-0.003784947536578642,-0.003750968965692681,-0.0037898406317112567,-0.0052585329073500855,-0.005115788116359529,-0.004371066613553065,-0.005634635942740485,-0.004394965501634076,-0.0028617175
2023-08-02,-0.027944597349297978,-0.019065767571038384,-0.01898476527358767,-0.01903426294157044,-0.02430930676815283,-0.02627133866471659,-0.02130299200537927,-0.02699210395094326,-0.021807583060793324,-0.013910665
2023-08-03,-0.005746036779094884,-0.004064465843753391,-0.004078995461244599,-0.004046942499116898,-0.00556279840777512,-0.004752014977893588,-0.004428026938786242,-0.005546056572462249,-0.004522218115649867,-0.0028657997
2023-08-04,-0.008626788996441941,-0.006141751478042564,-0.00616779381229452,-0.0061085182282964775,-0.008104210764150502,-0.007506003979448206,-0.006972828983386479,-0.008169646615333771,-0.006916703738827691,-0.0045228153
2023-08-07,0.015508901352426841,0.011751129941740011,0.011705053219851663,0.011685477557342885,0.013248307946463936,0.013504111903437597,0.013404224760346263,0.014096258180080536,0.012702250759740718,0.0087284912
2023-08-08,-0.005993625798972084,-0.00540794903463115,-0.005469525809790589,-0.005400631057485454,-0.005915818389610476,-0.006144121605454368,-0.006547679559350189,-0.006210188905390367,-0.005839997757899247,-0.0043485857
2023-08-09,-0.013255335975623927,-0.009074092638756446,-0.009032351891320468,-0.009044140070091335,-0.011028488202869877,-0.010247265353433243,-0.010083448045088877,-0.010386135220379535,-0.009789228815627812,-0.0066853112
2023-08-10,0.0005687082744335429,0.000446711509447224,0.0004490441500765301,0.0004466102293978656,0.0004666546326091179,0.0005415942427297516,0.0005328119432166238,0.0005292706819268593,0.0005125558536563811,0.00035894678
2023-08-11,-0.0010360980822271648,-0.0007595883080853562,-0.0007605244462424151,-0.0007581364814043549,-0.0008601854393082083,-0.0009197519551981678,-0.0008745282342577578,-0.0010037623124125121,-0.0008392124340055954,-0.00058330122
2023-08-14,0.006427996533045746,0.006316513792034536,0.0063364418659165615,0.00635383114437404,0.0075890261091996385,0.007624889775512142,0.007920602225237204,0.010199271203507512,0.007312296830695167,0.0055201796
2023-08-15,-0.019006527848549976,-0.014786805197430385,-0.014713015681383048,-0.014817177495770342,-0.01656162787662931,-0.014936148655491853,-0.01673617533497813,-0.019447590555156886,-0.015818083623312277,-0.011648832
2023-08-16,-0.014863251468390525,-0.009977635202604312,-0.009941279223846869,-0.00997016788163183,-0.013264365252358301,-0.011309151507989982,-0.010607135945342593,-0.012785448228782739,-0.010985358146092913,-0.0073381579
2023-08-17,-0.012810054398246416,-0.009759954387250587,-0.009841339365814454,-0.009753854438500178,-0.011628960516745756,-0.011839573890495567,-0.010976229773183094,-0.013000942793856171,-0.010846814277263351,-0.0076198731
2023-08-18,0.0005890293005324474,0.0005650791277801493,0.000560492018525632,0.0005653092507300526,0.0005553991079457719,0.0005041207914143624,0.0006784059717259264,0.0006401891425606768,0.0005814086980663332,0.00048130103
2023-08-21,0.010074539307501075,0.008250792649909819,0.008264353310617131,0.008219046428846256,0.008890558226874139,0.010394299059925309,0.009269146460212799,0.009638867473360077,0.00892881552654554,0.0065063034
2023-08-22,-0.004334855024799195,-0.0034702243330036963,-0.0034526183425931277,-0.0034628480634757088,-0.003970847779724103,-0.004313152667172193,-0.0038559350704553247,-0.0045033003040937675,-0.0038195304854238663,-0.0027085587
2023-08-23,0.01937371851135718,0.014431002899267353,0.014383269394335858,0.014402599562761674,0.013817884479125459,0.014664833294153789,0.015847953576753365,0.018291276103870886,0.01501563452661212,0.011137666
2023-08-24,-0.022051861497289462,-0.01754252937057707,-0.017624155011076,-0.0175324120904192,-0.019458299300341913,-0.0205628460154005,-0.01965264248101072,-0.023791749221542893,-0.01923572500989592,-0.013859215
2023-08-25,0.013899314021937432,0.009799911358796515,0.009766542159716238,0.009765274782119634,0.010562043489783129,0.009950105934555848,0.010095067230370486,0.012856868562718645,0.010320706780243735,0.0070498717
2023-08-28,0.008732142980363369,0.007866290856580579,0.00798740733845837,0.00786534536174445,0.008664521221264553,0.008282556457207687,0.009012006978681422,0.01176123741767927,0.008629389034322808,0.0063413764
2023-08-29,0.013318055529809799,0.0152979708123197,0.015164199384794876,0.015476313461536464,0.018624373486799795,0.020449011224834744,0.019946433428306615,0.026498351777546413,0.01813358953543651,0.014454832
2023-08-30,0.007253070568563944,0.005219782857723128,0.005216281086003395,0.0052395221949818735,0.006155004565679214,0.0063930371808091895,0.005716354023473657,0.00814367670186093,0.005901583197653426,0.0041187999
2023-08-31,-0.002636761098887231,-0.0018857085581285066,-0.001882298544364025,-0.001893865909663316,-0.002190018108509189,-0.0024046284963043047,-0.0020429116833064896,-0.0029305731642779056,-0.002160037389106023,-0.0014632904
2023-09-01,0.0030248057439171278,0.002311968428402963,0.002306073327257664,0.0023327669876417037,0.0028137185860372576,0.0035430571648793303,0.002593150356304704,0.003728726004617786,0.002790701727339356,0.0018650988
2023-09-05,-0.008818428662427746,-0.005877722313262418,-0.005911388753516119,-0.005902552764121285,-0.007047857948111486,-0.00703492463892591,-0.0060673853715360986,-0.008645825704063892,-0.0066398155897209555,-0.0043219845
2023-09-06,-0.012263601992082,-0.00917560279841856,-0.009284679625561875,-0.009212853348655342,-0.0115007786342533,-0.010744376423002388,-0.009505733775345315,-0.013449248350408697,-0.010402298138035613,-0.0067224434
2023-09-07,-0.006230673413511218,-0.004542712999545821,-0.004541305254062956,-0.004530739868499236,-0.004709986277137065,-0.004615358555423079,-0.0044088131586318,-0.006147281508768212,-0.004731002183348189,-0.0030702315
2023-09-08,0.002439618477309362,0.0019888438233984424,0.0020019534824513656,0.0019928386567555165,0.0023156453263478635,0.0021937749569419045,0.0021626629396414325,0.0030094413175005335,0.0022045003694009728,0.0015062687
2023-09-11,0.011547766033507217,0.009002592337120075,0.008950710060305782,0.009002709531287213,0.009103489643540267,0.01002956948740028,0.009463659715949837,0.012139118014548277,0.00958378140565989,0.0065765037
2023-09-12,-0.011095801220019338,-0.007829012138114115,-0.0078141682047642,-0.007822960214139293,-0.008931373124053971,-0.008019402230922065,-0.007951881543956209,-0.009867918258700628,-0.008248294613521818,-0.0054855707
2023-09-13,0.0023262610210136626,0.0016944995448801368,0.0016931566616934569,0.0016917434961217846,0.0015590393680504373,0.0018728705769529338,0.0018274269803461984,0.0019613784471540214,0.0017855808044973315,0.0011659671
2023-09-14,0.017243656398961162,0.012386682538200177,0.012379982851495466,0.012357209556643739,0.015187997957321836,0.014664251723097432,0.014349018091411073,0.014300418892530083,0.013585432989412456,0.008622407
2023-09-15,-0.02227207668645692,-0.016848793098723502,-0.01684226352142768,-0.0168554164156654,-0.021908580484326708,-0.020397942930542895,-0.019825444690247312,-0.020600161348059226,-0.01882009347536593,-0.012048388
2023-09-18,0.0011041476417670956,0.0008335503461657424,0.00083262031560276,0.0008336133608249454,0.001082127660164733,0.001003108876761259,0.0009761462892337636,0.001019283968382393,0.0009299138511540255,0.00058657436
2023-09-19,-0.004148458802434748,-0.003062294060930903,-0.0030859487903402314,-0.0030545950528589483,-0.003669268953203115,-0.003634376453602866,-0.003532809633695817,-0.003683385252373383,-0.0033612040124663426,-0.0020739709
2023-09-20,-0.018388469129680094,-0.014105307326922188,-0.014076610851432001,-0.014009116778978679,-0.014388448197475066,-0.016011054244577213,-0.01606184446650453,-0.01566467305921568,-0.014816614349489799,-0.009193193
2023-09-21,-0.03306608553067838,-0.024390241539454568,-0.024349069341842045,-0.024263554562276253,-0.02550244219393404,-0.028247224590224787,-0.028770729194687154,-0.027248007986375146,-0.02598789089007554,-0.016528359
2023-09-22,-0.0035463608899194287,-0.003046539697304584,-0.0031249887919803107,-0.003040612658149828,-0.0033579782672634347,-0.0035261439721440174,-0.003743133203410026,-0.004078525272721334,-0.0033657592679170157,-0.0022486477
2023-09-25,0.007078683184023803,0.005677608172477194,0.00568116869830067,0.005644169462415162,0.006313908753777097,0.006032371657398303,0.00671131788443456,0.007538323117768614,0.006182206395476973,0.0042051364
2023-09-26,-0.021204185004987507,-0.018675985213339085,-0.018630141107261355,-0.018627677624109704,-0.02009349696269342,-0.021004011099783188,-0.022484280063674318,-0.025436969316550363,-0.020463144403947066,-0.014691254
2023-09-27,0.00048206868528746197,0.00045063924585033723,0.0004447043391070285,0.000453397610058109,0.0004362822364151892,0.0005510714999114025,0.0005352060674430946,0.0006292412713259135,0.0004924050761105425,0.00039920316
2023-09-28,0.008918033696996926,0.007170698219337049,0.007201039602357013,0.007141151481833139,0.006962711218161941,0.007579954983797799,0.008273840007115344,0.009180981608461076,0.007595007977451218,0.0057973976
2023-09-29,-0.003040493306978847,-0.0028005640697885727,-0.0027986239273062427,-0.0028008856041043004,-0.0031903684937253695,-0.0033032954702317064,-0.0033230981999992,-0.003913123802135018,-0.0030972502699928893,-0.0024267961
2023-10-02,-0.0004749082550868489,-0.00045520611365735614,-0.0004543859779159568,-0.00045533925793656303,-0.0005324787330313802,-0.0005391690466577274,-0.0005465458345436166,-0.0006874021163239898,-0.0005074236217125702,-0.00039778278
2023-10-03,-0.01528581952371192,-0.014521888004633375,-0.01458707558743412,-0.014611838115506065,-0.016349221034205295,-0.017752215221706467,-0.016690661940240648,-0.021404336271687356,-0.0162780105232658,-0.013385949
2023-10-04,0.007833799427518778,0.007668153574229491,0.007627762806900168,0.0077243995570515185,0.009159688108919546,0.010677500608285137,0.00875912506192294,0.01147294258448093,0.00882407075673106,0.007281911
2023-10-05,-0.0005179008747964141,-0.00041679099156457177,-0.0004337670912488207,-0.00041545498832678955,-0.0004781277528032834,-0.0005684829009380321,-0.00045465077528676406,-0.0005954348784530498,-0.0004566904567759725,-0.0003768612
2023-10-06,0.01299134569402968,0.012400410277600134,0.012360077111880965,0.012492285123059157,0.014908806818432315,0.01610629904434916,0.013938002512686102,0.018408204093545925,0.0140940969772317,0.011872778
2023-10-09,0.008202423717979957,0.0070614513023789915,0.007059463815146216,0.0070997766375354,0.008537761916627975,0.009950741864386499,0.007640193177597818,0.010278236115371072,0.008046045250741256,0.0064022718
2023-10-10,0.005807429415944777,0.005536578829209138,0.005498857955325787,0.00558900038006946,0.006695287294378964,0.008523653548376801,0.006172970129010166,0.008627244369320577,0.006457565594858557,0.0052047664
2023-10-11,0.005952592466710859,0.004755363104486351,0.004741980722102581,0.004778734166038465,0.005086342340531774,0.00729599823432947,0.005041285276836926,0.0070265503939960445,0.005370380182713104,0.0040963297
2023-10-12,-0.010259653865353506,-0.007543351564378578,-0.007578704955206089,-0.00757387364329311,-0.008136835469342157,-0.010321431816428276,-0.008809106671331744,-0.012052974368629609,-0.008603284145923812,-0.0060964577
2023-10-13,-0.008731794325507844,-0.006410545665601202,-0.006419295716337614,-0.006432546803026601,-0.007552928853127513,-0.008557493346962427,-0.007538378792400628,-0.009657608274397881,-0.0073458757141472205,-0.0049807299
2023-10-16,0.015431235806670057,0.013057003072563137,0.013070890026186997,0.01311365423887802,0.0163507028715436,0.01611187687724638,0.0159505784402863,0.019598392076675245,0.01502044090764684,0.010521348
2023-10-17,-0.00020963225855680147,-9.158458298059955e-05,-9.19628876522304e-05,-9.227844611008182e-05,-0.00021183615523569357,-0.00012648198071901518,-9.576171768805653e-05,-0.00021309883295898767,-0.00012527429823652815,-4.5896309e-05
2023-10-18,-0.021479349286741063,-0.017079693066803233,-0.017038547572387985,-0.017128070897956867,-0.01807482129983304,-0.021012909287545668,-0.019889333013585257,-0.021903485509356085,-0.01869347425467615,-0.013325092
2023-10-19,-0.012386771021019963,-0.01078301741381525,-0.01072898527906029,-0.010830645061588526,-0.011610069587858457,-0.011401783201564897,-0.01299592706712073,-0.014257977188676885,-0.011679660526593931,-0.0087863778
2023-10-20,-0.013610985482844841,-0.013726817681601321,-0.01374499225693566,-0.01380830125786739,-0.015829025781777476,-0.013637920624513529,-0.01706537549762681,-0.019300298271573476,-0.01505492792746272,-0.012288052
2023-10-23,-0.001533815293916135,-0.0017439897289552226,-0.0017504298732997458,-0.0017607913132545892,-0.0020303789732625597,-0.0018267342243262169,-0.0021975001609757325,-0.002503936444569045,-0.0019403725473704037,-0.0017333045
2023-10-24,0.00817074944741886,0.008017899558018913,0.008034504321623531,0.008065430096694498,0.009513750836482766,0.008081016487495997,0.009152154015507277,0.010808623725353057,0.008708060042465698,0.0075393927
2023-10-25,-0.0152186532145311,-0.014877678661687823,-0.01480209989439823,-0.015005518683642844,-0.017522007069766265,-0.015970280720280557,-0.017198175205157935,-0.022814186255811844,-0.016526946271211,-0.014352119
2023-10-26,-0.017224277578888912,-0.013498097403253292,-0.013485517639205252,-0.01360913372354456,-0.016438651957637242,-0.013219877430406838,-0.015055911254957002,-0.02110073800718166,-0.014829483943829424,-0.011974615
2023-10-27,-0.006092253209222188,-0.005074986716644543,-0.005088479424048375,-0.005100400451794206,-0.00573671068572861,-0.004680827236696866,-0.005867134651050927,-0.007974317682313272,-0.005492081568008617,-0.0045328149
2023-10-30,0.01168413044152375,0.012470931507427903,0.012536613883055346,0.012549730026586907,0.014509583447943893,0.012389392007479062,0.014944742473409399,0.019845346224368676,0.013821167465075657,0.011955797
2023-10-31,0.007319094235458955,0.006931135274091162,0.006951003946175877,0.006952338462436685,0.007247581215350782,0.006274427151113382,0.007980053917877726,0.009949578667518992,0.007346958902880627,0.0062803958
2023-11-01,0.014885345595710836,0.012583535744392445,0.01254061790078089,0.012614929952329032,0.014185224505943034,0.011480951229274203,0.014214765916613636,0.018047231741129058,0.013413675532505151,0.010664693
2023-11-02,0.027295090572763456,0.022736191779344217,0.022611105602981445,0.02287087007168556,0.026934822561326902,0.023229605707241113,0.026425555237370276,0.03592336052214228,0.025197918940238255,0.01916434
2023-11-03,0.011062004026755582,0.010298625354587186,0.01023087516132831,0.010416647116791343,0.012243293932490499,0.012057441487356945,0.01245556147603643,0.018171336212831138,0.011953583634497673,0.0091233803
2023-11-06,0.00421127746733038,0.002985876515896573,0.002973489071232605,0.0030053998512622414,0.003653728021365708,0.0035411329160486282,0.0033673461913618636,0.004592093523244049,0.003432763153469691,0.00230049
2023-11-07,0.005125049827825709,0.0038088563339711647,0.0037883419873309893,0.0038338416661575446,0.0046489769110877426,0.00503470558487289,0.004424358445226935,0.005689665671631563,0.004439782463029525,0.0028459734
2023-11-08,0.001378040063597266,0.001003922235591336,0.0009993549966458035,0.0010089177256531621,0.0011217890135179235,0.0013208267279801566,0.0011730029641357485,0.00146228483585063,0.0011577861613849942,0.00073255622
2023-11-09,-0.015598445395565085,-0.011505990594287507,-0.011461693370221224,-0.011505880496600347,-0.014599691678084586,-0.014268664440015736,-0.013774444438534221,-0.015598529463102846,-0.013253524290441037,-0.0077989004
2023-11-10,0.029981512697607245,0.02274136918756973,0.02273747424443466,0.022755735610723922,0.0267883428151932,0.024560502812074912,0.023821429703720632,0.029366706988190043,0.02446763289409489,0.015604789
2023-11-13,-0.0015368882857884523,-0.001303099144317838,-0.0013061445275784846,-0.0013070274035814236,-0.0015659270388530204,-0.001445748824957201,-0.0014319676971424867,-0.0017054468244080553,-0.0014243903969232315,-0.00095325272
2023-11-14,0.03606781605270799,0.027318639381918523,0.027174714546387094,0.027427969650843834,0.03403982146639247,0.03354993632405865,0.02904326847442826,0.033344910311479126,0.029980812023615425,0.019400845
2023-11-15,0.004156056973028842,0.003125398567681717,0.0031100042291892513,0.003125260818602508,0.0034416017595056215,0.0036902042000980084,0.0032355933750562726,0.0036109459927606362,0.0033295571517553586,0.0021170861
2023-11-16,0.002443872668133096,0.0017233099802533114,0.0017186853864045695,0.0017318826258791644,0.0021218938368117598,0.0021012303804357245,0.0018918355295703413,0.0020380075414115563,0.0019086758940961874,0.0012229516
2023-11-17,0.0024868486554333047,0.0018009001008263822,0.0017992418998935649,0.0018051743185071223,0.0023104710232771507,0.0022500414037746694,0.0019403378759131798,0.0020108164823097433,0.001974431207782211,0.0012440333
2023-11-20,0.01539387046767124,0.011308521141770953,0.011275223089398793,0.01132415640455955,0.012604682383298305,0.01410347315756842,0.01215467933226209,0.011633611616198738,0.011998668956612881,0.0076975551
2023-11-21,-0.004366567035441493,-0.0035769223131549015,-0.0035674117118621113,-0.0035570044961871555,-0.004536357757520426,-0.0044477558978413935,-0.0036181263703412556,-0.0034839398413300344,-0.003851012892187817,-0.0021794937
2023-11-22,0.007719610534778615,0.00599298746493719,0.005958353094075656,0.005973634939093506,0.007719439595642084,0.0077195288040531485,0.006459984100182845,0.006425913104334995,0.006632607057165996,0.0038609036
2023-11-24,0.0012265530525918922,0.000962352442581698,0.0009582981718975378,0.0009586248148881093,0.0009565316072089997,0.0012265531333859664,0.0010345240135810083,0.0010304609789567845,0.0010551731620332264,0.0006151911
2023-11-27,-0.0031701960748891024,-0.002634658621416841,-0.002647209850521568,-0.0026327101767858237,-0.003569272609726904,-0.0036022714130839943,-0.0030279157906565896,-0.0031551915324737937,-0.002980052883280988,-0.0018008304
2023-11-28,0.0018158241072531588,0.0015589888200591715,0.001562957633278645,0.0015505347129656736,0.001922000541317581,0.0019784772662467948,0.0016985298467237322,0.0017736576132517735,0.0017172474030574814,0.00099014261
2023-11-29,-0.0014076895649224022,-0.001209288117417554,-0.0012073956280765682,-0.0011962495644154405,-0.0014341310433189129,-0.0014078517631196685,-0.0012949003475047013,-0.0014859809055638867,-0.0013142986596649847,-0.00070343269
2023-11-30,0.007874287950352507,0.005999973247268699,0.00595878653088818,0.005970438031963399,0.0067203851967149175,0.007874287787811086,0.007033663648670898,0.007874209487202183,0.006762467542655793,0.0039374966
2023-12-01,0.011827820565886998,0.008997322919271265,0.009070102992890577,0.00894255003816869,0.010678127345699702,0.011827820566047639,0.010458708046905792,0.011668145235600018,0.01019392610107648,0.0059158633
2023-12-04,-0.007997852150782551,-0.007222615994750691,-0.007181238713437033,-0.007220038033325288,-0.008644979056515864,-0.009375234410607685,-0.008841340300118615,-0.009689629759104982,-0.008194784736484781,-0.005249346
2023-12-05,-0.0005127052137005244,-0.00028578783424513437,-0.0002847288361488961,-0.0002854049099239995,-0.00044569434400282395,-0.0004884985559251028,-0.00034684397075215975,-0.0003905512750979303,-0.0003422174693567844,-0.00019712551
2023-12-06,-0.008161228418705738,-0.006000017344205557,-0.006016602445466305,-0.005966692975085019,-0.006501148059794879,-0.007654609015124607,-0.006639383808946735,-0.007428624427340946,-0.006498007784350331,-0.0040297715
2023-12-07,0.011726102002860226,0.009875882829510477,0.00982580283940928,0.009904886208317941,0.011454637328124564,0.014691878499890572,0.011999656900489663,0.013664383818586577,0.011370960921933002,0.0076303567
2023-12-08,0.008193614585597891,0.00584600041887334,0.005906790770164562,0.00584554152353298,0.007581458475596133,0.007817125893635094,0.006715675018733174,0.007552731552574058,0.006660245490502617,0.0042993165
2023-12-11,0.007750843378235687,0.005598693561604032,0.005587181842668,0.005577991755590694,0.006560999620971629,0.0075319040721111025,0.006162447246799326,0.006795496843903134,0.006197892139193155,0.0038894618
2023-12-12,0.007470456398516802,0.006125941495406349,0.006084288296514807,0.006140331322340241,0.007164241673419391,0.008590067707142981,0.007006653768065971,0.00827888901515125,0.006939941389581897,0.0045670755
2023-12-13,0.027413585105286978,0.02056204083386799,0.02048114019864536,0.020464779706501294,0.02167916352294736,0.027520438496658264,0.02178136778121683,0.024990656579528273,0.022245936188971752,0.013790269
2023-12-14,0.006405336383016082,0.005004263904902581,0.004988629724584539,0.004968365466634612,0.006010796028077804,0.006405233770424636,0.00523539091572283,0.006235133659365284,0.005511827366979238,0.0032092981
2023-12-15,-0.002507114483459154,-0.002244484767513647,-0.002239242715471341,-0.0022471764580264245,-0.002774704902576405,-0.0029652129942715996,-0.0026032646877664324,-0.003140302771368959,-0.002559412223648014,-0.0016465288
2023-12-18,0.008740584876244384,0.007386674869529716,0.007393681864918878,0.007424329350504711,0.009234096915526242,0.01053252801818429,0.008522121438167022,0.009930381430597058,0.008483915298020736,0.0056252221
2023-12-19,0.010808964651815163,0.008279517682615575,0.008267222621295891,0.008302635379493299,0.0112695342309519,0.011471911415037863,0.009198887015916564,0.010296323560288718,0.009416489890921047,0.0060808125
2023-12-20,-0.02782060433495606,-0.02119818412987964,-0.021153897017977083,-0.02108563309071676,-0.025518903495762295,-0.027775757170159288,-0.0218137209234528,-0.024650080307006942,-0.0231710590575752,-0.013857196
2023-12-21,0.018949259004448746,0.014821526236777922,0.01478337022457809,0.01471301298264066,0.018334460083529066,0.01894930579540748,0.015465846329642536,0.0182043143398972,0.016380096340256136,0.009481811
2023-12-22,0.0024854165537015935,0.002463678225666926,0.0025385684692451876,0.002476484171428396,0.003541770691941007,0.0040103015713277785,0.0030968353230757285,0.003771621939897471,0.003074110014009688,0.0020097965
2023-12-26,0.00590198424835025,0.0054409153958699255,0.0054003319356878965,0.00545840650778321,0.006616618435077633,0.007277680623747898,0.006324842404137198,0.007542239039579829,0.006177352662306243,0.004222269
2023-12-27,0.0033151136866240265,0.0025307748361800136,0.0025257367512234986,0.0025273999506787823,0.0030744181895689116,0.0034244073188253637,0.002752942168140329,0.0035116197941978773,0.002859583237499005,0.0018082335
2023-12-28,0.0007540545387866443,0.0005253944438196263,0.000524758075318876,0.0005252542051230435,0.0006289938759044722,0.0007288980090286592,0.0005678591517484497,0.0007538590144190715,0.0005910926556095607,0.00037777822
2023-12-29,-0.005790611992799709,-0.004234729835167618,-0.004225710711781331,-0.004224696604434993,-0.0058018775466468515,-0.0057905868640449245,-0.00465220492776091,-0.0057906117974960885,-0.005162488117405574,-0.002895118
2024-01-02,-0.011195416158329871,-0.008956602877784157,-0.008984303604608645,-0.008878259521857407,-0.01119542752262731,-0.011195416132981148,-0.009324630407579148,-0.011195416158132859,-0.010535200226063388,-0.0055962519
2024-01-03,-0.016339023758962436,-0.012653708816190469,-0.012656375093787807,-0.012561636627705357,-0.015328415874592622,-0.016339023758936654,-0.01375329467034753,-0.016339023758962234,-0.014969374820498359,-0.0081666806
2024-01-04,-0.006304089736817725,-0.004818559206492055,-0.004792622646051456,-0.004788903772727538,-0.005404938673227198,-0.005813304036370439,-0.005393835889960511,-0.006450458689226221,-0.005542370949958303,-0.0032210753
2024-01-05,0.002311123371372135,0.0018846886693108448,0.0018812214144861056,0.0018798393462800263,0.0016971126604327356,0.0023551772028240505,0.0022086479725687675,0.002736086850364726,0.002091060959726429,0.0013696686
2024-01-08,0.028430107137913874,0.020963290782153678,0.020896625659531883,0.0208233117956623,0.020992463148694733,0.025235940797820645,0.023247904249871006,0.028550471310187314,0.023319478700564052,0.014275917
2024-01-09,-0.002465002726594146,-0.002047613720986687,-0.0020368213739054316,-0.002047064166406882,-0.0024032582297431487,-0.0024764260364081247,-0.0023828323143252955,-0.0030482669216850837,-0.0023312442659692177,-0.0015171943
2024-01-10,0.011039037196662419,0.00788464311036033,0.007857788499017885,0.007883755523318848,0.009517039111678158,0.01000212760872086,0.008743805221718371,0.011309926245990167,0.009059010200913332,0.005655731
2024-01-11,-0.0008821340735712036,-0.0006188624454782474,-0.0006170871995278052,-0.0006184623480155899,-0.0007482162011830247,-0.0008163138049398133,-0.0006800973331831183,-0.0008873326818794889,-0.0007124377186527355,-0.00044087086
2024-01-12,0.0013377741012666347,0.0009634231613105291,0.0009596356536163952,0.0009642512241839388,0.0012322382332039467,0.0012926750319506547,0.0010896375444572621,0.0013852492816661167,0.0011337199931451124,0.00069284807
2024-01-16,-0.004934868641991865,-0.004553783133547842,-0.004568194469385355,-0.004592461684896879,-0.005727663341084763,-0.006165163051145521,-0.005718008685780819,-0.006524688064349478,-0.005313859877760564,-0.0036713726
2024-01-17,-0.010248199863381996,-0.007592429247016239,-0.007623001466290669,-0.007620705073835371,-0.009252950858901305,-0.009453163505252325,-0.008686557440181415,-0.010108487945839996,-0.008516770158673663,-0.0055586292
2024-01-18,0.01443620368549941,0.011623228222722631,0.01159915413803598,0.01167393019209626,0.012719581766235145,0.01526966821399363,0.013765912137714593,0.015477174998230694,0.012983628840341408,0.0088928775
2024-01-19,0.02406764149849846,0.016966866536411124,0.01690625182481532,0.01697133015040241,0.021229803206156327,0.0189011133069477,0.019684889375851743,0.020681395291685886,0.01863746708038746,0.012466149
2024-01-22,0.00389852063432242,0.0028293387827831432,0.002826572726030329,0.002837248623942307,0.002985816731012841,0.003427570235279385,0.003350984947782877,0.003220653711102605,0.003071475907911965,0.0021142565
2024-01-23,0.005760808654584603,0.004138465032173192,0.0041217137940306936,0.004137689881714792,0.004873083214664195,0.004899448633783825,0.004779177940345777,0.004711840336854069,0.004495718713811564,0.0029165437
2024-01-24,0.0021833086264598607,0.001568540443394074,0.0015674077575959565,0.0015676057645025085,0.0018099976297802176,0.0018612754168404056,0.001821353035235109,0.0018222195387204425,0.0017113704435120654,0.0010930683
2024-01-25,0.010876855734818974,0.008610588513983768,0.008584877507410795,0.008558885106597717,0.010713767008623146,0.009615073110987516,0.009711549113224294,0.010018926828843975,0.009367544799644597,0.0054389718
2024-01-26,-0.002423441247466699,-0.001899745227378968,-0.0019040829285323514,-0.0018937675951900407,-0.002394038827244039,-0.002188689609470712,-0.0022494580391523005,-0.002343285490158553,-0.002107132839942766,-0.001270463
2024-01-29,0.015174751225747317,0.011433572355342175,0.011394202760610487,0.011411770497450664,0.015402134340660338,0.013343438590820109,0.013799234264028614,0.014622177511058898,0.012881291722919302,0.0079193733
2024-01-30,-0.0015936347715485594,-0.0012124345205911376,-0.0012151375544318204,-0.001204324190917468,-0.0015410538642972595,-0.0012793600002526766,-0.0013983273160472294,-0.0014470005817418534,-0.001308365381290297,-0.00077342817
2024-01-31,-0.032635345515797685,-0.024870258104353858,-0.024750321055013718,-0.024721274693570935,-0.027637500242074342,-0.02808479496010812,-0.029400972274028263,-0.0317076508324817,-0.027059138422249183,-0.016317262
2024-02-01,0.026159489404026234,0.021149239118381676,0.02118278151809126,0.02094481025891783,0.026028631446406558,0.023055464137123085,0.024526886699046124,0.024763121940148184,0.022958089054935165,0.013088179
2024-02-02,0.01298225161287938,0.013260664409924709,0.013451152991127773,0.013316302859773296,0.016764631902924244,0.015422104490428303,0.01752469329334237,0.02007650958580124,0.01535163040431446,0.01052736
2024-02-05,-0.005242935611774568,-0.004747867676862765,-0.004702351536555817,-0.0047713302139721445,-0.0059210582623408295,-0.006098363465350976,-0.005817328860155497,-0.0072667158884370565,-0.00548113786073561,-0.0036411959
2024-02-06,0.0038345659570507844,0.0035825624306888783,0.0035785274341894623,0.0036160080348801894,0.004784536262777074,0.004845099135668343,0.0043361084595023025,0.005547664370060815,0.0042186134944358945,0.002903254
2024-02-07,0.014323533611410779,0.010940491351488042,0.011021375770555585,0.011009851626137912,0.014677995656560467,0.015785229472156836,0.012648858339834111,0.016311320946050957,0.012847694299550362,0.0083404327
2024-02-08,0.0007502844011215359,0.0005788821765205363,0.0005840821821891452,0.0005823703609717294,0.0007219688080532259,0.0008320692348114306,0.0006656072944192476,0.0008548875505030071,0.0006785777507139972,0.0004417505
2024-02-09,0.011549826231887068,0.008126312586634758,0.008098402506243281,0.00815160238140562,0.010872633321625209,0.010992761887212004,0.009254543066490853,0.011558510815833542,0.00939679746121662,0.0057794618
2024-02-12,-0.0008837407986942255,-0.000749953965212361,-0.0007491948468250302,-0.0007429070604530928,-0.0008322414195375786,-0.0009295042805183209,-0.0008203505668416867,-0.0008793172317286623,-0.0008049190138874136,-0.00043901816
2024-02-13,-0.02754654711600587,-0.02326519098557125,-0.023193073289773814,-0.023021153570178175,-0.02762528690135351,-0.024479788450987694,-0.021830526756963276,-0.027548022320218038,-0.0246175742199864,-0.013773051
2024-02-14,0.018161170144068543,0.014117746021406556,0.014225788557967856,0.014014540594336837,0.016487316525941362,0.015884006240088733,0.01451874207324455,0.018161168605587946,0.01527665970316315,0.0090876669
2024-02-15,0.01087583624802193,0.009717177305078706,0.009647476049744488,0.00968379810060336,0.012873095333339343,0.012115534811729141,0.010852928810424281,0.013782456166226746,0.01103661035447492,0.0068996672
2024-02-16,-0.00815494266899743,-0.006987910599731323,-0.00696126193015578,-0.006977834297994028,-0.008995415510947527,-0.008755932830082922,-0.007743443976755225,-0.00996723001241278,-0.007917048804069382,-0.0049799113
2024-02-20,-0.011191447686733011,-0.008104372985945879,-0.008074506321095505,-0.00807598340863851,-0.009386880946439252,-0.009641534990903042,-0.008569969712498526,-0.01101605192892187,-0.008858631395828568,-0.0055055072
2024-02-21,0.0012599992906725756,0.0011376134689040846,0.0011568030025050596,0.0011449142226509768,0.0014350772157783454,0.0009325247432629551,0.0013577296751266972,0.0015237219048014781,0.00122326041432794,0.00090594609
2024-02-22,0.03128410505622732,0.026602332264950068,0.02676114305280026,0.02669095034102131,0.03085385448894703,0.025508496699630467,0.03068763548931694,0.03673112638606976,0.028706583079889464,0.020695488
2024-02-23,0.0011039632837996746,0.0008986409948822799,0.0009013063398555491,0.0009007244525521496,0.0010784331306360737,0.0009226453070929851,0.0010155855528829706,0.0012166682333487782,0.0009772863799837716,0.00068965795
2024-02-26,-0.006905458606023345,-0.005057125961457875,-0.00503637561858602,-0.0050611494208184565,-0.006491643086154373,-0.005939321597845224,-0.005431751670798454,-0.006776804709022626,-0.005606840148723179,-0.003662517
2024-02-27,0.003660096274958307,0.002614876504146076,0.002625537383443014,0.002616672914941463,0.0035535488627602163,0.003188085134195774,0.0027701230603977465,0.003525790116854096,0.0029343339410780296,0.0018576239
2024-02-28,-0.002644829699210946,-0.002070371873286321,-0.002080599269445434,-0.002056752610192102,-0.0026628887222656826,-0.00233474186873508,-0.0020367797424927594,-0.002686922927480718,-0.0022842196417613746,-0.0013215169
2024-02-29,0.007188608777982512,0.005747161497266662,0.005736341185990778,0.00570094789828382,0.007188590646716804,0.006356463407374239,0.00563102584023313,0.007188566515347577,0.006305109382525036,0.0035949678
2024-03-01,0.018772844807921196,0.01507638341996667,0.015019366025625267,0.014936417866128615,0.018772844825858823,0.016535852975122237,0.0150387834769927,0.018772844849732472,0.016310567369515198,0.0093882064
2024-03-04,-0.0020342377085563828,-0.0016395777717370464,-0.0016461913755191277,-0.0016291823534116655,-0.002017988629312154,-0.00180573118689437,-0.0017077912956812277,-0.0021537643084757166,-0.0017907290441606574,-0.0010722763
2024-03-05,-0.02007620446416388,-0.015866965504285478,-0.01578179106453796,-0.01574464842349138,-0.02000081505820828,-0.01719321460803772,-0.016079750836814368,-0.019989832822306274,-0.017059373170184303,-0.0099943745
2024-03-06,0.010124591218382887,0.008301131762110094,0.0082704167131515,0.008204503371429927,0.009228843619370463,0.008750562859893927,0.008281670444569284,0.009793717930532662,0.00868310918120345,0.0050674398
2024-03-07,0.016754822150545176,0.01395188084637921,0.01398125012773147,0.013901187181478404,0.01798216845736773,0.016105032367833658,0.015851021809909042,0.018992758025146897,0.015608110165669976,0.0099263893
2024-03-08,-0.007823332097928234,-0.0076127296448697335,-0.007684414629188027,-0.007635113199468444,-0.009082883630923725,-0.009089223246648025,-0.009182374831557859,-0.010449281936772468,-0.008564749511330086,-0.0060023309
2024-03-11,-0.0020841117953508555,-0.0013902976306950769,-0.0013797381006233553,-0.0013740383299602598,-0.0014809529098885005,-0.0014092211298718615,-0.0013318319924435786,-0.0014646219537692029,-0.001398837556152439,-0.00085967851
2024-03-12,0.013448349915782873,0.013164761596347708,0.013228797559251349,0.013234174886148805,0.0157466404648192,0.016145141968979475,0.015904916772566415,0.01710405214385517,0.014774197891998289,0.010757287
2024-03-13,-0.0028367875793749485,-0.002070914866300548,-0.0020589063009807387,-0.002072768061030737,-0.0023491516175844934,-0.002542248145845551,-0.0022979662686011,-0.0024037339139594723,-0.0022329535830639363,-0.0015675903
2024-03-14,-0.0028587663057283233,-0.0024598243890059687,-0.0024482883572055107,-0.002476931279926052,-0.0037690978211863736,-0.003367720642579193,-0.002912502862052584,-0.003118069823465179,-0.0028259311824860352,-0.0019768221
2024-03-15,-0.014049474299126334,-0.01000335264126391,-0.010048377391252413,-0.009994004051816257,-0.011914646630412227,-0.011974531263703117,-0.01055950038885242,-0.011393123706293678,-0.010771299382689005,-0.0068664637
2024-03-18,0.007701686712869686,0.007196198486346804,0.007230035216423577,0.007265253907696987,0.00935276700238222,0.009684722669373117,0.008745464513895478,0.00961753540764687,0.008302217738754794,0.0059430938
2024-03-19,0.010129821425365289,0.007503504684120613,0.00748899313227774,0.007517214398823185,0.008747466274841317,0.009201837352314559,0.008354886118353635,0.008967695730549747,0.008196133362465495,0.0055570891
2024-03-20,0.01842966053262936,0.013259023478668981,0.013324802053837195,0.013227661026718521,0.016483749977987513,0.015334191299259711,0.014431871890527661,0.015938944649231204,0.014462639747740357,0.009249525
2024-03-21,0.006600328189618735,0.0049843714743084576,0.00497433710100472,0.00495793202841061,0.006500086118155948,0.005474702501960568,0.005378985111152598,0.005931410071426193,0.005460116224747124,0.0033046711
2024-03-22,-0.0026514416899579844,-0.0024516501258827136,-0.002439005735283866,-0.002464909507320261,-0.003414674058231937,-0.003165091436737037,-0.0029597174737360952,-0.0038899829528519056,-0.002875575446153677,-0.0018959331
2024-03-25,-0.005932646792928123,-0.004282794170550904,-0.00429262017041764,-0.004266510697654523,-0.00565843440689635,-0.004842644146184752,-0.004473482829393657,-0.005527789236964518,-0.0048396025489553934,-0.0027628937
2024-03-26,-0.003697253270347841,-0.0028227384017963297,-0.0028343400292468097,-0.0028119851162803026,-0.003696976618170707,-0.003215330351501331,-0.003111373584299774,-0.0036968448642517716,-0.0031610935831081124,-0.0018470323
2024-03-27,0.016805995512908328,0.013921956103388183,0.013917743326385588,0.01377719976661346,0.01680599579110275,0.014966152779498369,0.014873737602841344,0.0168059959235911,0.015230354966315519,0.0084039263
2024-03-28,-0.00039070061794531705,-0.00032978001631458494,-0.0003417589461370314,-0.00032504888641213004,-0.0003907006182166526,-0.00034676462956139624,-0.00040257609052774885,-0.0003907006183458745,-0.00036321778286608136,-0.00019121871
2024-04-01,-0.003479463959876112,-0.0028170756736613876,-0.0028137858130729593,-0.00279156999167379,-0.0034321076005705766,-0.003067670579427608,-0.0032608079150433286,-0.003479463959876513,-0.0030987586094364636,-0.0017396322
2024-04-02,-0.012717897506578894,-0.010913596525571409,-0.010890396096098216,-0.010761652568092403,-0.012733586706863061,-0.011351182689724931,-0.01227302555995685,-0.012717897506578894,-0.011923394621599052,-0.0063580758
2024-04-03,0.0021900248528129327,0.0016615536506789901,0.0016688788541883092,0.0016500489299612622,0.002147873343149363,0.0019096166079963514,0.002058671282942111,0.0021900248528129327,0.001857056192930016,0.0010982333
2024-04-04,-0.024412913405727193,-0.01958189944674648,-0.019517372411917984,-0.019331477101211886,-0.024426039487743363,-0.019790424120565826,-0.023039531150798803,-0.02358496512861106,-0.021313926770896024,-0.012205912
2024-04-05,0.017717091652846156,0.014837703225973027,0.014752163153231293,0.01478810856521622,0.018374760540083242,0.017162778454414232,0.01863248825229178,0.019908834077115665,0.01668665776226581,0.01044698
2024-04-08,0.0003417827038352747,0.0005776144886493418,0.0006165134441319126,0.0005838445940600892,0.0006821957038520024,0.0007255629440280105,0.0008081138605236784,0.00089840513876284,0.0006836723867781485,0.00055931414
2024-04-09,0.0014145445110575806,0.0014155241577390224,0.00139804505174202,0.0014208960571167593,0.0017344139947035805,0.00174709740966249,0.001690189980781808,0.001959658551221887,0.001619224569669349,0.0011567923
2024-04-10,-0.02037797809154223,-0.014269736957195417,-0.014259699073462735,-0.014223331666630902,-0.015664665612964222,-0.01650383622921885,-0.015429711169118366,-0.017535761896472934,-0.015326888342349814,-0.010013285
2024-04-11,0.009141713889376513,0.008829209360625602,0.008802436006404254,0.0089108363473042,0.012706968400200918,0.011662609276392375,0.010914787177076439,0.013538190952939348,0.01048470360774504,0.0075469248
2024-04-12,-0.014097560894938852,-0.014891409287470573,-0.014832892003487079,-0.015077708984755536,-0.022141026549735338,-0.0212696037961296,-0.018562602148672166,-0.022826292629259864,-0.017913415489443568,-0.013802908
2024-04-15,-0.019876388942252226,-0.015694905112446485,-0.01565009948400972,-0.01579241411881266,-0.020368771042150197,-0.020976787398369907,-0.017325837707223773,-0.021384016224426095,-0.01785123768130714,-0.012528105
2024-04-16,-0.002617725245994866,-0.0022287518240398916,-0.0022267478425823813,-0.0022376830439261547,-0.0025410940186543123,-0.0027932608919437676,-0.002531885700852225,-0.002988502115256068,-0.0024744072091202715,-0.0018239117
2024-04-17,-0.006541331614967344,-0.0064962692434410866,-0.0065758307711049424,-0.006532935866746131,-0.007813053809749622,-0.008350561113056003,-0.00779640627940639,-0.008918647732736925,-0.007386981175649956,-0.0059182378
2024-04-18,-0.001974563231649398,-0.0021209027947988804,-0.00212817072063582,-0.0021427978223768876,-0.002533937044513657,-0.003000848717279206,-0.0025550343799981886,-0.003018883124108024,-0.002444293204869398,-0.0020577684
2024-04-19,-0.008715743762726045,-0.009081890887781868,-0.009129022918391317,-0.009182258032490483,-0.01174716926726686,-0.013214292678809445,-0.010397460595643065,-0.012347764287620173,-0.010494264561275448,-0.0087282725
2024-04-22,0.010671240533963068,0.00989068481534132,0.00989702181114446,0.009993924131315356,0.011684180458027013,0.013397552655685003,0.011067506257281558,0.013045163094267367,0.011135173482682335,0.0092091337
2024-04-23,0.013469921562535491,0.012540799112683906,0.012596136817966846,0.012673357881111904,0.016450041319733214,0.01608692467556815,0.01423103395493303,0.016739414833920475,0.01427081843022165,0.011866511
2024-04-24,-0.0008791438785091591,-0.0005977294418642211,-0.0005942631684748173,-0.0006032994170975733,-0.000658411006647969,-0.0007594163895584403,-0.0006300542217312813,-0.0007267825862248053,-0.0006433758242019507,-0.00047459044
2024-04-25,-0.007458225957302631,-0.004927991362153173,-0.004912602087628617,-0.00495782592636367,-0.006437510739819208,-0.005882373278491765,-0.00523324054463035,-0.005996816920779806,-0.00542207997132112,-0.0037988984
2024-04-26,0.01450776940999375,0.011939361402239619,0.011965961581027676,0.012022858457216734,0.015582788030061821,0.014384559800859831,0.013293532445389335,0.01502216629294976,0.013316083317221866,0.0094740165
2024-04-29,0.0049154474836171965,0.004412252370247216,0.004381236143335761,0.0044415952656268725,0.0058187238548807335,0.004908724173849468,0.0049930430524253375,0.005667600540220724,0.004893018001896565,0.0035413652
2024-04-30,-0.030248370367140502,-0.0220586400456949,-0.02196930170830155,-0.022134740101646393,-0.030919625610234255,-0.024492179331934115,-0.02365251560251666,-0.026623953398038663,-0.024218967919311496,-0.015841227
2024-05-01,-0.005603315024619328,-0.004440527196253049,-0.0044753230404411285,-0.004462484637310847,-0.005876832628070129,-0.005012634908769741,-0.004929808482735706,-0.0056878281402955025,-0.004918031396592749,-0.0032470879
2024-05-02,0.01197881910088312,0.01158043644246559,0.011900443890497383,0.011668772450382125,0.015700829635335468,0.012729032182563962,0.013556117032449489,0.015997951956843524,0.013094394918291744,0.0093533244
2024-05-03,0.010538663005738625,0.012894008773734594,0.01284545818934832,0.013136209967848107,0.019447413723426583,0.016928417070390445,0.015814684875094742,0.021856237960466502,0.015530142200382105,0.012395395
2024-05-06,0.012769540663968662,0.012104338301264587,0.012064393380609845,0.012284740293736739,0.01569819628384467,0.014787635104060164,0.013307570981833645,0.01843723541487424,0.013792595160251154,0.010326857
2024-05-07,0.00161117428622634,0.001345037644433888,0.0013445037533545048,0.0013651118346770265,0.0019363067646965444,0.0016106482532356357,0.0014533835219419254,0.001994710930831997,0.0015380519307310872,0.0011034234
2024-05-08,8.908503022943737e-06,3.840253069331197e-05,3.9762274000206384e-05,4.405294045179785e-05,0.00012545373040666506,0.00013440612298474665,6.894018499977274e-05,0.00011055452604173097,8.099072734875322e-05,9.6542365e-05
2024-05-09,0.011523521966918703,0.008407550297946723,0.008429935323403045,0.008457526783938104,0.011170396644007912,0.00875836646295252,0.009074718435574147,0.011523595589387895,0.009305153442260803,0.0057618048
2024-05-10,0.002570882721716309,0.0020452316064794433,0.0020423521380325458,0.002044510084239999,0.0025450787257987476,0.0019519347261969554,0.002151308535368112,0.002570882649347152,0.0022009463426309874,0.0012882894
2024-05-13,0.00026709493561981036,0.00021556700722108504,0.0002156376756888829,0.00021573167735144797,0.0002671206411818839,0.00018339293939762422,0.00019962443864495377,0.0002670949356919017,0.0002319840015992791,0.00013418712
2024-05-14,0.009176553127673905,0.007597764580756064,0.007612690053087523,0.007557644532351223,0.008360173811611762,0.006906174240907449,0.008012238635215302,0.009176553127673834,0.007891563612732818,0.004588343
2024-05-15,0.02476158551097045,0.022168718046261374,0.022228594003261885,0.021874713200241404,0.024082089389042566,0.019212393628447726,0.022532375527253106,0.02476158551097045,0.02234716372792849,0.012383066
2024-05-16,-0.004127357814066637,-0.0033986518934830167,-0.0033841429040984412,-0.0033736527890174876,-0.0035084880427499335,-0.0034528250601376822,-0.003622638718761093,-0.003911936823676757,-0.0034959556484361245,-0.0020576392
2024-05-17,0.0028727713035126864,0.0024073270986394177,0.002393335332905642,0.002391587638874147,0.0026929432856488958,0.002498577053057241,0.002540040368963958,0.0024507039008104833,0.002503341278063054,0.0014374248
2024-05-20,0.002214980950369101,0.001676736822242626,0.001698854999217851,0.0016820165690130966,0.002203347574092455,0.001978879728465722,0.0019132017133039112,0.0020499823155267593,0.0018709052821399505,0.0011521725
2024-05-21,0.004876660935454195,0.004051704916827532,0.004053567105570469,0.004028989410050439,0.004873209415944854,0.004223163017621909,0.004283743954351533,0.004345251905722391,0.004253828324638012,0.0024525849
2024-05-22,-0.0057614409120077216,-0.00490848173752709,-0.004889773463974811,-0.004861371017632196,-0.00532083209923077,-0.0052970599905971475,-0.005265535924525667,-0.005309688186590818,-0.0050911705389302345,-0.0028795143
2024-05-23,-0.0146112244268795,-0.012922916925195902,-0.012864629926884707,-0.012757744019375614,-0.014697666879283653,-0.013103756215559245,-0.01381824468366507,-0.013644673181995096,-0.013397808700776174,-0.0073041629
2024-05-24,0.01254385182663952,0.009922454696556561,0.009886279809187484,0.00989784417222091,0.012959030591900629,0.011459452336564974,0.011604345598524681,0.012343911206296848,0.01103256438676344,0.0066167527
2024-05-28,0.000820891511327193,0.0009170325387953542,0.0009359449258349511,0.0009227486779394721,0.0008859346781176472,0.0011229562084346411,0.001070120210899093,0.0011653624686677533,0.000997814034825871,0.00069851459
2024-05-29,-0.014067932840803614,-0.010411875102165815,-0.010361709695720315,-0.010417335064110599,-0.012984227125047841,-0.012201846878601923,-0.011472734888620918,-0.012340429448353823,-0.01137066126945886,-0.0070025123
2024-05-30,-0.013273406230725348,-0.009746402544985105,-0.009708997829433299,-0.009745963581541367,-0.011317236396734022,-0.012040271150834399,-0.01096947715114807,-0.011839975005235216,-0.010672341655116883,-0.0066335788
2024-05-31,0.01820945725387923,0.013378399701050201,0.01334280291010697,0.013343152983644016,0.017933962556452222,0.014988912575651351,0.015259823870236767,0.016118390907685937,0.0147709045822264,0.0091080932
2024-06-03,0.001569718438742632,0.001142546407162223,0.001145097453876212,0.001140540234006972,0.0016139529898248322,0.0013476767841868935,0.0013468712941210072,0.001453293424136314,0.0013049221449595138,0.00081535928
2024-06-04,0.0011904580150639285,0.0013651845430023364,0.0013499532178387565,0.0013804515066783369,0.0016142054914073047,0.0016635228419254473,0.0016585566765849474,0.0018909506283867844,0.0015411188380532914,0.0011177711
2024-06-05,0.017695290120857056,0.015484397607493138,0.015463321830250747,0.015554276789515254,0.01837594636214409,0.011342791040830007,0.01794778443894115,0.020075229214594415,0.015884796793245778,0.0118853
2024-06-06,-3.1287645040873146e-05,-3.471380952294155e-05,-3.606555135772056e-05,-3.418435035991191e-05,-0.0001772502483961663,-4.0655823603748755e-05,-3.369469684138178e-05,-4.297149899752512e-05,-3.980773446598521e-05,-1.8874713e-05
2024-06-07,-0.002691104298049163,-0.001762502053030286,-0.0017568347051831468,-0.0017621045411996949,-0.0021370143045935357,-0.0012737685001476485,-0.001972149737629496,-0.0021175158953563766,-0.0017689529887994651,-0.0012156248
2024-06-10,0.006178062939118413,0.004453186410298164,0.004456402914827965,0.004450895958511682,0.005573341093170602,0.0032476951156527544,0.005121383814445649,0.005443868497715005,0.004545540582199165,0.0030897712
2024-06-11,0.0038205378152051405,0.003191488056561613,0.0031756596480210122,0.0032082726111866927,0.0045626390431503,0.0027779172381968958,0.003878369237585751,0.004553872561588563,0.0035597442631781885,0.002408456
2024-06-12,0.016252768135607356,0.012491190083701796,0.012448586727233884,0.012432533177951365,0.015390561169784994,0.008255389980850833,0.014116675182798685,0.015818580583491358,0.012526035764911502,0.008212875
2024-06-13,0.0040188768875906306,0.002977197086837914,0.002960381480941694,0.0029670630012938247,0.003221261611586379,0.0019560687492886355,0.0032965994681065976,0.003903076321138716,0.002930571936883072,0.0020133941
2024-06-14,0.0005977113550518372,0.0007358427340817614,0.0007471260527655408,0.0007497905424087623,0.0010338130308382952,0.0006035030743160271,0.0009155664742133466,0.0011888272527529901,0.0008728647797257691,0.00060850129
2024-06-17,0.015252761681348669,0.011319358330098032,0.011284338382515852,0.011367646739935343,0.01578753587576083,0.007972331070555843,0.012541579947123474,0.01591730756312536,0.011883865220567589,0.0079589436
2024-06-18,0.0049527104008869486,0.003653947799488508,0.0036367028521337103,0.0036635712879242812,0.005033201476945785,0.0025839127166227722,0.0040199094855355175,0.005073606727019061,0.003807241312603188,0.0025407202
2024-06-20,-0.005459193098557211,-0.003971031619351688,-0.003948060939898746,-0.00397336726575722,-0.004333825195734018,-0.0027552888039080155,-0.004362302468154941,-0.005435865500528028,-0.003969078240451538,-0.0027166727
2024-06-21,-0.0026842025745304025,-0.002170973301288025,-0.0021699178408975733,-0.002155680693669433,-0.0023534067765358865,-0.0014342508875091217,-0.0022841636553689137,-0.0026456368318198606,-0.002100685736529793,-0.0013407225
2024-06-24,-0.005020438055623588,-0.004502135263640533,-0.0044895554974410095,-0.004512950723324444,-0.005224448168405404,-0.003220053610417225,-0.005206654794229023,-0.005764224536350503,-0.00456225833186609,-0.0032506255
2024-06-25,0.007434077147228043,0.005591301624220553,0.005582372203618384,0.005591001088688543,0.006679614972230438,0.004034749229378696,0.00616070973737609,0.006671158970543095,0.0056154847689145505,0.0038511
2024-06-26,0.001735753040757377,0.001653857251178777,0.0016471257925218137,0.0016639342838706836,0.0018564672034022142,0.0013446626006373503,0.0019088615032317703,0.002105018777203233,0.0017193938251108597,0.0012479269
2024-06-27,0.002934096421293584,0.002333435915471894,0.002323849910488084,0.002330874495016851,0.0026044469502940985,0.0016514612769565936,0.002509043166604351,0.0026992192746390364,0.002305096265452883,0.0015764618
2024-06-28,-0.007871484862843987,-0.005768702861391266,-0.005741103408882329,-0.005773264205093405,-0.006956267883609848,-0.004163108836768349,-0.006365226022399799,-0.006850175719953013,-0.0057853955084628,-0.0039350656
2024-07-01,0.004112080349435799,0.003028312354453143,0.0030114989898493093,0.003030591038599078,0.003685483159751574,0.0021771478788005583,0.00334484934388462,0.00355758312145744,0.003040821938309543,0.002058024
2024-07-02,0.009966814463452149,0.009018633284042074,0.009035521055717763,0.00908293566102409,0.012075345563079173,0.007053823332818807,0.010454311905522816,0.011219573026193972,0.009447400051284655,0.0067298922
2024-07-03,0.0064108894226651445,0.0059086029703723135,0.005898229606705777,0.005965229874232039,0.006945990488612604,0.0060369355506851435,0.006678789541327677,0.006958781705835291,0.006351094545134988,0.004462634
2024-07-05,0.011253641084294125,0.00874839356824967,0.008714692987302616,0.008758469568171511,0.011320767948010827,0.009975305749556407,0.009088976563802982,0.010519697367083098,0.009652097810131571,0.0057664837
2024-07-08,0.00230231690593085,0.0018434297562396368,0.0018369711506772172,0.001837077024775788,0.0023022012051964386,0.002024068504436578,0.0019013442126371433,0.002168446427572013,0.0019878102806054915,0.0011538715
2024-07-09,0.0019438735726058037,0.0015346298107553674,0.0015316193856625675,0.0015263443089921986,0.0019095697138172445,0.0017053883558847112,0.0016801565713595265,0.0017907706604858669,0.0016660299939864269,0.00097250969
2024-07-10,0.019789366720662657,0.01720510556585117,0.017225389592234203,0.016952264982770165,0.0197769734879155,0.01803917817180159,0.018407133983508933,0.019721460271686374,0.018679610045361554,0.0098951681
2024-07-11,-0.017254610798261273,-0.015188319125404191,-0.01518719658008499,-0.01491821694909333,-0.017254598763285525,-0.015155928271197406,-0.016715277855145646,-0.017254544851225965,-0.015995732231819767,-0.0086224543
2024-07-12,0.012606467483899054,0.011223847006398037,0.011164990673422913,0.01100405190845211,0.012606467496252903,0.01075807616478243,0.012493075269387427,0.012606467551593385,0.01172192199234666,0.0063076256
2024-07-15,0.0038145418362261875,0.0037476721539870805,0.003771383092610788,0.0037572340345824492,0.00484931147089075,0.0045458124225738455,0.004825471331835612,0.005256058996861632,0.004317016702890903,0.002749841
2024-07-16,0.010925595891086127,0.00886131160864663,0.00884750187116559,0.008840057610307313,0.011256475847272261,0.010347912953588926,0.010434826529371203,0.011360256660153481,0.009885019754050619,0.0059301155
2024-07-17,-0.02333825056399494,-0.019773870347642854,-0.01980413650523206,-0.019795368069345395,-0.025931363378923943,-0.02500997814484465,-0.023498976469891627,-0.027714689952642688,-0.022658814912573964,-0.014021128
2024-07-18,-0.015533091440905433,-0.011247882419317946,-0.01118164513871385,-0.011229420190633804,-0.0139222857315107,-0.013496191477991698,-0.012885766381377358,-0.015069105695334489,-0.012542044713522407,-0.0076847551
2024-07-19,-0.012372834063843402,-0.009290666735376327,-0.009299984931290093,-0.009281500840328244,-0.01337176532685439,-0.011495491712047234,-0.010914475186604197,-0.012579826359139812,-0.010659415421331102,-0.006640641
2024-07-22,0.010203854443267804,0.011744255257077472,0.0117896242089462,0.011872629473977651,0.01611153229545509,0.016638708500581946,0.014671619178283192,0.017868638205335286,0.013988557575272367,0.010309741
2024-07-23,-0.0020843465390271453,-0.0019139444493999071,-0.0019163821411159083,-0.0019247109147389574,-0.0024375251635558723,-0.0028060601491852544,-0.002188855804518103,-0.002666212757783528,-0.0022003613282048497,-0.0015683946
2024-07-24,-0.03122003533370946,-0.02774978745684287,-0.027688777703035402,-0.028009463546793015,-0.03173471632657683,-0.035252325177780534,-0.031109992300790996,-0.03801019916843763,-0.03093558848427474,-0.022662422
2024-07-25,-0.009724015331467807,-0.006834971276049022,-0.006893885822916004,-0.006868570720330181,-0.007212867310114599,-0.00866672684947861,-0.0074814428237666595,-0.008468508011203342,-0.007412654439482822,-0.0052103085
2024-07-26,0.017394081895680303,0.013959080041567668,0.014120952451380875,0.013946628543729972,0.016258674041332334,0.017274622474583175,0.016039796790895906,0.016773096635779156,0.015377365682397058,0.011199436
2024-07-29,0.0002747921899596774,0.0005526669862326654,0.0005495577571233805,0.0005627597827766327,0.0006498006464518043,0.0008784918302344371,0.0007011572228860757,0.0007857198031885592,0.0006519422144053611,0.00058780204
2024-07-30,-0.005184230177323472,-0.005509716198729194,-0.005532721222804057,-0.005587876795717061,-0.006533277813231127,-0.0070298058861805075,-0.006306871243041964,-0.0069040451622586485,-0.006132457156571229,-0.0050664416
2024-07-31,0.023206279832537695,0.019566465700464004,0.019574828068589723,0.019703495701089997,0.025286486080057586,0.02412426944195813,0.020934722126688832,0.023195476345024228,0.02154892801091764,0.016254732
2024-08-01,-0.017643353489999822,-0.016137678077357567,-0.01624013900769607,-0.016284186417271865,-0.02082796897370008,-0.021071005680414506,-0.018113720649802118,-0.02053613205410119,-0.018208616249238516,-0.014160983
2024-08-02,-0.023506887467688684,-0.02105190630787536,-0.020988790031654485,-0.021332995531518514,-0.027731948157407347,-0.0280587193530479,-0.023687011298987856,-0.029815588337537738,-0.024173943584751795,-0.018618486
2024-08-05,-0.02915091893085405,-0.030795249495886922,-0.031066114445552934,-0.03118106178567678,-0.037329296368980275,-0.04181762186272231,-0.035285218526907046,-0.04703096110839322,-0.0355250607236611,-0.029123638
2024-08-06,0.00749035713279367,0.008948085304336835,0.00891976967559186,0.009014230007086713,0.010259359330000129,0.00983248622094272,0.010249974947878245,0.011903569760490555,0.009786555933696615,0.009219487
2024-08-07,-0.0033660477364467335,-0.0049565467885708345,-0.004902269627561792,-0.004945363037925439,-0.004946704091412081,-0.003291397017953389,-0.005983127722713887,-0.005831167406991183,-0.004792595259713441,-0.0066839255
2024-08-08,0.01769769211335703,0.019743558939738875,0.019691989253176716,0.01999877690435653,0.017271574551403535,0.016575665417289647,0.020170077645789233,0.01638688683258622,0.018417895686922283,0.023117482
2024-08-09,0.0034832462888106665,0.0037128890784759484,0.0037545966818370736,0.0037604403586203356,0.0036925348392841824,0.004049388640904029,0.003837039866940003,0.0029856061748747905,0.0036651151606871073,0.0044094566
2024-08-12,0.0004198382766816201,0.0004447023217339437,0.0004487468224264766,0.00045062171502898633,0.00045188163349839795,0.0004206297263500922,0.00045848166335145943,0.0003602491374339843,0.00044030556562673853,0.00052540513
2024-08-13,0.017702842935266708,0.015463501129731858,0.015454289116599466,0.01588858194816105,0.02028109898133274,0.016593289398140768,0.015688642642978826,0.01443946951601682,0.016095584931807953,0.016445613
2024-08-14,0.003196104264223558,0.0031200715897449376,0.00315543009967884,0.0031945520173738166,0.003971506603737281,0.0034819077751150392,0.0034043607942710065,0.0030019386699898596,0.0033071643747515306,0.0031548956
2024-08-15,0.033439725629472984,0.021193008454854435,0.021156963582954488,0.02155785544421071,0.022785965206758473,0.022619561774136168,0.019871740687068627,0.018550195728250167,0.02100826340472745,0.017140048
2024-08-16,0.002806967914127838,0.002662257467226733,0.002682863373415718,0.0027263365621242,0.0030244080010903363,0.0030464657209112347,0.00266314169342207,0.002521149816793498,0.0027649896951528956,0.0022422198
2024-08-19,0.018811615480096043,0.013492660120256158,0.013451759551763675,0.013702668721201487,0.014924955651069612,0.013701173806919282,0.012007409924786067,0.011257280320276468,0.013117978950110087,0.0095613174
2024-08-20,-0.003261200698053953,-0.002486203426202471,-0.0024756077133302437,-0.0025108281706520442,-0.00272172700865236,-0.0023387772808281023,-0.002173136719982917,-0.0020002583716067336,-0.002365536700421277,-0.0016260606
2024-08-21,0.0068715023099345995,0.005215746987060674,0.005183484417573566,0.005265340283831087,0.005461558955739197,0.004936138520482734,0.00467414946542547,0.004357601866223128,0.0049929309008496835,0.0034365714
2024-08-22,-0.015700661288856377,-0.011917300748741469,-0.0119071935927239,-0.011990493994035956,-0.012212453289125324,-0.011218021777217799,-0.011022932699285313,-0.011301870782218228,-0.011632005278475037,-0.0078486249
2024-08-23,0.015461614524275644,0.014890733723082807,0.01495908211805475,0.015032172227204878,0.015404148135312861,0.014981526958543726,0.01496587179436522,0.0158561050278129,0.01515847249366441,0.010625387
2024-08-26,-0.0031777694975050055,-0.0031717398041839254,-0.0032007819142417008,-0.003207825385161717,-0.003327044314730465,-0.003183684393179489,-0.003325997822866099,-0.0035401529517845214,-0.0032748683423784804,-0.002383697
2024-08-27,0.0012820230112406778,0.0015238557237334041,0.0015092917387953678,0.0015704949737642014,0.00187308471740571,0.001857081664965465,0.0018295922078520456,0.0020210525273789653,0.001730380455565412,0.0013730707
2024-08-28,-0.01193674330936528,-0.008192145164796482,-0.008288491776785816,-0.008300689013064714,-0.008871747797828781,-0.008084216293705789,-0.007940080106141424,-0.008371248465546167,-0.008283901901489702,-0.0058051852
2024-08-29,0.0001726365314243308,0.00010614624449569457,0.00011584142328989855,0.00010899549699310819,0.00010368721963457971,0.00011050900996206729,0.00011540594374643529,4.479897610620289e-05,0.00010223132299055442,8.9529011e-05
2024-08-30,0.012881130941252561,0.01205503788962207,0.012073578133478117,0.012246034606239128,0.013360908557539877,0.012783725834652794,0.013080007040700708,0.015804425414094568,0.012960189205340464,0.0095458477
2024-09-03,-0.028615132955247907,-0.026328196197239057,-0.02646691694559962,-0.02679134001980486,-0.031014565548764753,-0.027653332618090963,-0.02804391831443761,-0.03325152323817152,-0.028310670798250545,-0.020579029
2024-09-04,-0.0032269118530640845,-0.0028029871548555557,-0.0027830674570736296,-0.0028485742277960632,-0.0035759293213371715,-0.002962261869341102,-0.0028078111534893895,-0.003346455268591027,-0.0029928837599914626,-0.0020466047
2024-09-05,-0.003252115772506497,-0.003098395057505355,-0.0031318409063036835,-0.0031277136492460053,-0.00360137940251167,-0.0032088979126640065,-0.003312951352764229,-0.0037273863475597766,-0.0032987707696423203,-0.0024325205
2024-09-06,-0.02380576255685452,-0.021134417619938894,-0.02113038243072348,-0.02125057703607,-0.0227925104934456,-0.022388108898154523,-0.022788963888305157,-0.024870015230271686,-0.02226364115657749,-0.01682998
2024-09-09,0.013083434176788691,0.013105902382809623,0.013080541994225692,0.013228250250884102,0.013434133852297405,0.015828702232582797,0.01497927442034847,0.015568655701715605,0.01409679094115053,0.011196138
2024-09-10,0.0041715066278026885,0.004661010244943985,0.004767500293583891,0.00469582219813521,0.005530891245638743,0.004550100557105617,0.005686524937835478,0.005944442290944548,0.00508062932633379,0.0043559159
2024-09-11,0.014934026095254942,0.012397633884106229,0.012393125344950354,0.012452314534627055,0.013030648073146411,0.014421551151148581,0.013555604039198033,0.014190189696791679,0.013155038348543337,0.010258735
2024-09-12,0.0112141795631789,0.009969460365241883,0.010012043466088888,0.010039079368490626,0.010990966117916454,0.012057474581340915,0.0111613695701461,0.011896317679533424,0.010824836284088786,0.0084234617
2024-09-13,0.005711923863492698,0.005753816770857042,0.005721095623824616,0.0058519676692960826,0.006897067368329139,0.00736949713130883,0.006816747017081062,0.006655640428635258,0.006383607369697906,0.0052226709
2024-09-16,0.0018196493879868675,0.0016902096935953162,0.0016839078453937167,0.0017172991191178324,0.0018947063039489506,0.0019024235161646333,0.0019326075297209607,0.0019282571222408998,0.0018290491123627898,0.0014768157
2024-09-17,0.0004691177451728632,0.00045933152400571555,0.0004576822468064538,0.0004677845887425034,0.0005025646970481307,0.000516428330640668,0.0005331601275331661,0.0005346007629471107,0.0004945306207730579,0.00040873358
2024-09-18,-0.005359555271749932,-0.003936150020959774,-0.003927056286424465,-0.00395854233446924,-0.004427715544296991,-0.004638098572546379,-0.004021046544211796,-0.0040049153914496075,-0.004111936660738271,-0.002965825
2024-09-19,0.025811354112102492,0.021924751667923938,0.021987081217496353,0.02207968685173009,0.023858910695642617,0.025817961394871494,0.02321852370182849,0.023969780354375653,0.02320174888395191,0.017064268
2024-09-20,-0.0017922148477906973,-0.0019263988466098037,-0.0019206034503783565,-0.0019573070879733427,-0.0022801102080550716,-0.002539359529891913,-0.002308852470623609,-0.0022906344676582374,-0.002149291422939271,-0.0017286029
2024-09-23,0.003573867374953789,0.0030950459822357843,0.0030837883802782586,0.00314164527582513,0.003458913574887114,0.003903523893178358,0.00334274808776073,0.003290324639363465,0.003307854326694896,0.0024987951
2024-09-24,0.005499617003401939,0.0038533265028085897,0.0038494070031835333,0.0038980799796053994,0.004099737463169117,0.004463459735323253,0.0038674766581579243,0.003958603192789784,0.003990841812726446,0.0028613782
2024-09-25,-0.004416003804082098,-0.0031841978324042997,-0.003176451965600507,-0.0032056942894109083,-0.0032368574898678907,-0.0034503663299032404,-0.0030366489880137466,-0.0032363527946161733,-0.0032144193043623596,-0.002205574
2024-09-26,0.007927380165632505,0.005723018976743699,0.005710567532335995,0.005762430125686017,0.006451041461804393,0.006286650493178832,0.005501340885307231,0.005726872621769036,0.0058639070159790686,0.0039648002
2024-09-27,-0.0029049470141510685,-0.0024858519857945275,-0.002480739947034584,-0.0024553206234930037,-0.002413412570855782,-0.0023679595146818017,-0.0020872361043162402,-0.0020400891086755878,-0.0023123838170566297,-0.0014505078
2024-09-30,0.008013591723407636,0.0062460075213812,0.006251792977054011,0.006209775758268855,0.006867828317114257,0.006492563610185574,0.005787212434954175,0.005508756817174668,0.006178080387442693,0.0040075252
2024-10-01,-0.01792118141875687,-0.014578466450303432,-0.01455581087173418,-0.014383019928433745,-0.014513394638210138,-0.014640249258427796,-0.013149311434216044,-0.012707075689117773,-0.01402151413559815,-0.0089586036
2024-10-02,0.0006324630010750363,0.0005570271334803561,0.0005503217595785974,0.000559687820960434,0.0006206857442979278,0.0006844697871955228,0.0006176386644815301,0.0005854966187707516,0.0005961573520778171,0.00042196418
2024-10-03,-0.002435520804914801,-0.0024258954289608794,-0.0024160535360090744,-0.00242246936065847,-0.002563401849692384,-0.0026907009046831447,-0.0026497200148088897,-0.002482816949446231,-0.002515613290675851,-0.0018280687
2024-10-04,0.012422546747408931,0.011722655321027554,0.011661652198009303,0.011733663911471352,0.011913161192260047,0.012847025124226768,0.012958963127932627,0.011914556861657637,0.01209744755986355,0.0090872053
2024-10-07,-0.010930415987730502,-0.010914207877685822,-0.010906554372006086,-0.010954975060457521,-0.011612760028476811,-0.011979623208960974,-0.012679918797473535,-0.011827049306223218,-0.01152029739511419,-0.0090402677
2024-10-08,0.01250311531837916,0.011409916161472706,0.011407846461318254,0.011520468078554462,0.013307958753792495,0.012814757731889363,0.013067976155049732,0.01237700174474715,0.012227659237114361,0.0094574417
2024-10-09,0.013196096905849875,0.009135080983305984,0.009178909347078278,0.00906604936222073,0.009951123614543821,0.008343549301492795,0.009598523011146916,0.009008276913366952,0.009180331395269609,0.006926375
2024-10-10,-0.0035307148363685264,-0.00258451041220559,-0.002573613987764179,-0.0025499866634564696,-0.0025069721567055323,-0.0024785449813490286,-0.0024700205957272296,-0.002467658099640942,-0.0025188596552535316,-0.0017499291
2024-10-11,0.011974681704539174,0.008887919094983807,0.008862435536398197,0.0087621649215686,0.00917738667771844,0.008453175411907852,0.008526014131530561,0.008176577660832138,0.008684070292219431,0.0059882344
2024-10-14,0.016350565190239433,0.012415467551239083,0.012380064100350566,0.01218297734928733,0.012363402181914665,0.01175162528064808,0.011642237826370328,0.01041334192950291,0.01185633910860785,0.0081782404
2024-10-15,-0.015547035652310354,-0.012584084264267577,-0.012524385835152961,-0.012253693714824144,-0.012133341809033226,-0.011179561314421419,-0.011345966559743832,-0.010152504394766844,-0.011678324385188947,-0.0077694974
2024-10-16,0.008684712834483336,0.007189441023199776,0.007152603061640222,0.006978934000596517,0.006825535705288211,0.006533362527728609,0.0064676908992596285,0.005444837618028356,0.006613449950171291,0.0043463066
2024-10-17,0.00016821825903238978,7.29602475541628e-05,8.160041004414391e-05,7.556034820708972e-05,0.00012899532663938624,8.88691425203342e-05,0.00012248353860147277,0.00010425139074545913,0.00010138473126388228,8.5790467e-05
2024-10-18,0.0076920963461295875,0.006204028894340689,0.00617924261720187,0.006035945457139383,0.006148352942142841,0.005511741920201479,0.005837912704426284,0.004749828426711524,0.005766584859371488,0.0038466557
2024-10-21,-0.0031949715642983437,-0.00253675047872938,-0.00253615766829767,-0.0024829857960974185,-0.002579956572684124,-0.0025126056787824636,-0.002495614539634738,-0.002028651954899951,-0.0024270345364969734,-0.00164228
2024-10-22,-0.0010984046358793105,-0.0009277752632481228,-0.0009193627875861785,-0.0008992611440259154,-0.0009817531760450426,-0.0008374644920847484,-0.0008277089590085676,-0.0006664025621069471,-0.0008551818306938402,-0.00053117973
2024-10-23,-0.01827508784863345,-0.014300160985330993,-0.014287104984436336,-0.013968428346083896,-0.014315263965768986,-0.013787357151515975,-0.01411763247225265,-0.011691360497289176,-0.013710470945184463,-0.00913726
2024-10-24,0.004316081268892691,0.003521784100052515,0.003509855615396292,0.003422495131807163,0.0035075562785340246,0.0034051506319061906,0.0033718383040483263,0.00284678772003658,0.0033529084903765774,0.0021626946
2024-10-25,-0.0007342168731810841,-0.0005983568123317368,-0.0005938617584592084,-0.00057887324519058,-0.0005999953849555158,-0.0005731153938222128,-0.0005414500623033811,-0.0004610633304963382,-0.0005598254663632241,-0.00034551237
2024-10-28,0.005672668287743832,0.0045525476996023636,0.004541039945180902,0.004454538429192726,0.004279112351517873,0.00444725204296877,0.004732798095551362,0.004037528279114031,0.00443336669982977,0.0030915381
2024-10-29,0.002489606273643915,0.0022109238652786222,0.002212876569118722,0.00217601656961843,0.0023088267140802267,0.0023270387500309675,0.0024317944124973546,0.00204902792295493,0.0022483693551451542,0.0016182724
2024-10-30,-0.006244354770453278,-0.004692113095356807,-0.004684704858891777,-0.004568100959010405,-0.00414235231067894,-0.004352351597781993,-0.004585143579518291,-0.003912694987877325,-0.0043894839702472875,-0.0030251024
2024-10-31,-0.03822206388966194,-0.028261644443044236,-0.02813361032923685,-0.02773235831846384,-0.0295348218610008,-0.02820150904298451,-0.029486459013993965,-0.024778367337498018,-0.027914765187781774,-0.019603086
2024-11-01,0.008433754610324976,0.006175241200986299,0.006155328457520462,0.006037693263244009,0.005931667203271658,0.006041102289096243,0.006325905354376857,0.005336602727153721,0.00599010692606064,0.0042203693
2024-11-04,-0.0030923005420032987,-0.002824409902898947,-0.0028645222412789183,-0.002770710108449233,-0.002868345424299864,-0.002589252013704252,-0.0031712319758278357,-0.00266951921472979,-0.002809965977090508,-0.0021537838
2024-11-05,0.016698460110817402,0.015570213038961467,0.015550114487614156,0.015321760237870576,0.01598058567613544,0.014494044073838624,0.017454264010775662,0.01471547315037397,0.015539623117434126,0.012091704
2024-11-06,0.04196158591295926,0.03321015994413562,0.033079230893349444,0.032568219511787705,0.03137938606945989,0.031237827900826968,0.03579774801809562,0.03046689086191101,0.03246255197536044,0.024865596
2024-11-07,0.01431102326216401,0.010518051656234288,0.010473295967456638,0.010359053094397974,0.011030447962238316,0.011552314059011824,0.011137790259206094,0.009646577550507688,0.010639783744909146,0.0077321674
2024-11-08,0.007163888400329896,0.00568648442185998,0.0056908727728943375,0.005715826885131394,0.00618751307822227,0.006919791543176375,0.006217088663792189,0.0054725743364613805,0.005965805067083124,0.0043318162
2024-11-11,0.001740332512600374,0.0013302474268520029,0.0013281346629365387,0.001328726611912405,0.0014138426254202787,0.001504739737039928,0.0013767819321072992,0.0010230236961229079,0.0013389635635122964,0.0009527815
2024-11-12,-0.006213458182793124,-0.005097749358599976,-0.005082586123589396,-0.005024006440660051,-0.00486480194520617,-0.005098357545787646,-0.004670846154620667,-0.0038783595865655813,-0.00477701482176604,-0.003106336
2024-11-13,0.0009686194511365875,0.0007882816107984375,0.0007858692350939424,0.0007777992864283318,0.0007589477741037237,0.0007921865071247054,0.0007283723252029261,0.0005992630768996981,0.0007412989846688491,0.000485873
2024-11-14,-0.012861102479306021,-0.010055192512719593,-0.010080166144669462,-0.0099370001778053,-0.009879084547344662,-0.010522716614835753,-0.009836716911587837,-0.00891470846239644,-0.009843934250515548,-0.0064303101
2024-11-15,-0.024514255045910146,-0.019558500585983307,-0.019564055829118798,-0.019402691820064988,-0.02105723554638734,-0.020960703011373753,-0.01962093265665269,-0.01692757454266981,-0.019482717679427976,-0.012808536
2024-11-18,0.005531402157067657,0.005517803479188577,0.005522664561669705,0.005542369940114582,0.006120313889970001,0.0063529920603919285,0.00618382570594297,0.0054281630863409576,0.00578944510039034,0.0040973034
2024-11-19,0.006202100139999253,0.005145952570716855,0.005143323771464322,0.005130709524051211,0.005782126260457435,0.005942073801787006,0.005492751896852404,0.004910371249052004,0.005341689441016928,0.0036555805
2024-11-20,0.0005504616451622981,0.0004747325243978775,0.0004752389124394944,0.0004727791353507274,0.0005085365856744064,0.0005529159476610657,0.0005060878480230629,0.00044908257621431303,0.0004956595079827005,0.0003388277
2024-11-21,0.010723332627900643,0.0078404851640549,0.007808847132150024,0.00779768511008424,0.007623134227191065,0.008637207973591243,0.008030056598488189,0.007207180450439635,0.007842525724015998,0.0053681412
2024-11-22,0.0038391827980983543,0.0038680154420592514,0.0038633716998785054,0.0038892123942709717,0.004364835494492331,0.004785436518214924,0.00453997354197966,0.004104342456639243,0.0041781462276367235,0.0030993945
2024-11-25,0.0033310270875132773,0.003844604231145052,0.0038428363843020547,0.003910092284238997,0.004385653889739107,0.005164390306901589,0.004817940272783609,0.0045513398810914955,0.004311642287445388,0.0033921054
2024-11-26,0.008197809306587974,0.006778445966377352,0.006761604386381149,0.006849820691770508,0.006928113291855444,0.008326002649744653,0.007414740098967421,0.007075324687428292,0.007126466938082606,0.0052214855
2024-11-27,-0.005674748288995027,-0.004100714242717136,-0.004120670694154131,-0.004143861405013692,-0.004751717966250887,-0.004977339432856834,-0.004301534940541374,-0.004267305037747601,-0.004359953718358507,-0.0030300884
2024-11-29,0.012345223366340008,0.0089634902253923,0.008955613657663723,0.00901966791907565,0.01042768436038382,0.010162552361550023,0.008890013892403134,0.008984056860783945,0.009305844534164663,0.0062120504
2024-12-02,0.0035788034190991198,0.0026665105640925,0.0026648693708405204,0.0026750061463430936,0.0030488835722797323,0.0029295750414004393,0.002585860091055067,0.0025937131616640993,0.002728168291624945,0.0017924309
2024-12-03,0.0009259045577590068,0.0006883583953027398,0.0006882565443907015,0.0006907656158518891,0.0007565693426905395,0.0007575589856258486,0.00066982968228124,0.0006697730305883258,0.0007058869245209848,0.00046384228
2024-12-04,0.012418765965152052,0.01095732310244848,0.010932884220818876,0.010786916559341962,0.011939538758117945,0.010158730045833083,0.00941466841282576,0.00938279983279596,0.010439628873971341,0.0062096138
2024-12-05,-0.0032974069880222366,-0.0030318287790966616,-0.003022385493783425,-0.0029668021603296577,-0.0031398915690376223,-0.0026957886156538284,-0.002572305409242357,-0.0024998975987505657,-0.0028231971763143567,-0.001645637
2024-12-06,0.0037893209654351425,0.003512281208777972,0.0034970770718297716,0.003433176862418459,0.0031591971418768144,0.0031005367499036423,0.0029844614515259415,0.0028221419685734955,0.003214492403305721,0.0018954891
2024-12-09,-0.01030102888261943,-0.009307133670799182,-0.009308004846470853,-0.009109754898408061,-0.008500079009625695,-0.008413613232843804,-0.008261482040835181,-0.007537346434606959,-0.008586711836345736,-0.0051495711
2024-12-10,-0.006223393275414804,-0.005644821651722142,-0.005628820226818767,-0.005525660591094712,-0.0055290621762512865,-0.005088590240282463,-0.005041942495200814,-0.004589903253023233,-0.005265640318407648,-0.0031090941
2024-12-11,0.01545834679794193,0.013757540911727439,0.0138029635609825,0.013429011524388062,0.012785613975249197,0.012647405229390911,0.012595626206893386,0.01137805836649252,0.01286519980704103,0.0077307403
2024-12-12,-0.010312889168958657,-0.009103917829870115,-0.009081630325512834,-0.008913250392941746,-0.008357881093847866,-0.008355082039166158,-0.009040703474915887,-0.010571885313129734,-0.009082824419585139,-0.0051526396
2024-12-13,-0.00040224420119163253,-0.00041850792252098564,-0.0004156632825125661,-0.00040553993908094485,-0.000498774470499994,-0.00032436849700104677,-0.000354533482997185,-0.00040250732950958805,-0.00039605338901665667,-0.00019851509
2024-12-16,0.008539701988906979,0.00738812575333169,0.007367330428486904,0.007254323443108837,0.007082341994557466,0.006908582576899755,0.0074822450027584985,0.008392456208673946,0.007386050449584019,0.0042699529
2024-12-17,-0.008244215795445462,-0.006776340267386379,-0.006768346234563597,-0.006688988283366548,-0.007205218450966651,-0.006681022525332464,-0.007131016710096911,-0.007842820709942199,-0.0069821154507968735,-0.0041199911
2024-12-18,-0.05961128050833555,-0.05334488633258294,-0.05311001286244725,-0.052106044453899596,-0.050177595424945515,-0.04830742013276398,-0.051805796220934466,-0.05660519280725891,-0.05208773079324862,-0.029803561
2024-12-19,-0.0006462152121025377,-0.0005931673108199851,-0.0005906151997590191,-0.000577274979946217,-0.0005470990961602832,-0.000515056338177507,-0.0005560376354686569,-0.0006103632391430954,-0.0005687132145715808,-0.00030725899
2024-12-20,0.007330228715515492,0.011467534317082164,0.011951554922214834,0.011576865689532862,0.01283164050149648,0.015060676932878325,0.018367584382543718,0.018441622489436094,0.013738356810262167,0.012011228
2024-12-23,0.005538109221413147,0.006431255842033634,0.0064632593154518745,0.006450200823024853,0.0073106675343943125,0.007731489938190857,0.008662483589159168,0.008831566524652818,0.007302749833729785,0.0059881032
2024-12-24,0.00962135509049313,0.011107117595845883,0.011032935061793026,0.011337486667258513,0.012867257707166804,0.016020695075746,0.015179294723319437,0.01584103818274015,0.013027670087321133,0.011114994
2024-12-26,-0.0002510091384729685,-1.8310130733298569e-06,-5.271936864068133e-06,3.765032777225001e-07,-3.356959017511001e-05,2.347890426957889e-05,8.607537748926198e-05,6.337554923101579e-05,1.430407637970084e-05,6.6591802e-05
2024-12-27,-0.021260819014597875,-0.013386044055445814,-0.013395756083330008,-0.013604776440751249,-0.016335888377880494,-0.016980209411479152,-0.014426546965929349,-0.01773214497531562,-0.014936706346913815,-0.010526379
2024-12-30,-0.019910019201422487,-0.014529797208385315,-0.01451614328587188,-0.014704416926169599,-0.017201319706248983,-0.018411377944002123,-0.015800663462736834,-0.021303518832868035,-0.016332669141237818,-0.01141169
2024-12-31,-0.004353168462159899,-0.0042298268393852765,-0.004239429764939587,-0.004291387666895788,-0.0050033079271744095,-0.005383719151876284,-0.004986146041877716,-0.0073370068505656735,-0.004893658980680752,-0.0036380304
2025-01-02,-0.0030678492928145735,-0.003014318551310509,-0.0030136838180778846,-0.0030291703100972745,-0.0031785817527153876,-0.0037547320536950885,-0.0033681862180340305,-0.00491776291645996,-0.003364350048771196,-0.0024570183
2025-01-03,0.013206898700138954,0.014147279139444828,0.014177941781375079,0.014332853932002907,0.014052186201549932,0.017111349966757183,0.016889749163517712,0.02323583997670957,0.015807506004183906,0.012503405
2025-01-06,0.004357348879814597,0.005448316701102909,0.005486705695193053,0.005583962072604731,0.005946670552854557,0.008043044405821287,0.007387751965171017,0.010191546095504747,0.0065427351914944,0.0057605105
2025-01-07,-0.018076418620941122,-0.013448761618451795,-0.01342460422646278,-0.013677168894688528,-0.015542767661223802,-0.01829132433526346,-0.014689843850752327,-0.020122686010066355,-0.015264167471364474,-0.011303838
2025-01-08,0.0025841831535592026,0.0018065995966613465,0.001805820203064308,0.0018318584002115807,0.0017952490708492066,0.002073449803389742,0.0019203717861689742,0.0025551752177950158,0.0019773465746856073,0.0014608004
2025-01-10,-0.016290332675789252,-0.01652977536771505,-0.016728582921935617,-0.016832493372660885,-0.018447462760123583,-0.02328117093703205,-0.019769244084927813,-0.02478827280325505,-0.01902529530988282,-0.015267324
2025-01-13,0.0015314654145663872,0.0016369057079628076,0.0016279169126686007,0.001673568055596077,0.0019376129825265048,0.0023508017241635256,0.0019523665273931525,0.0022553224413950864,0.0018904350821721339,0.0015504778
2025-01-14,0.0012309646721178245,0.0014379188954496875,0.0014595608581160656,0.0014611980676679337,0.0015584983728203425,0.0020542335676520633,0.0017024232150241489,0.0019653437214762356,0.001632623435010734,0.0013759503
2025-01-15,0.021057473078160728,0.020260033483995885,0.0201681025512229,0.02058597383484283,0.02287491818170029,0.026348577415703994,0.021749389543470665,0.02378978514143352,0.022094406579561396,0.018189922
2025-01-16,-0.00216129053560585,-0.0020846100803787308,-0.002090343250287669,-0.00212467576454473,-0.0023666253058891333,-0.0028851268382533235,-0.0022809751040012345,-0.0025702063831914406,-0.0023059317008341826,-0.0019231019
2025-01-17,0.01680985959160588,0.0123119273792125,0.012295955202835251,0.01256781069499657,0.014655616346107547,0.015034142709741303,0.01225798635827662,0.01300276654849455,0.013077253275635354,0.010039901
2025-01-21,0.014595207060981616,0.011478742924334625,0.011477270809384857,0.011700201913072581,0.012777138132569501,0.013503444256268217,0.01148236723890368,0.01194106069365551,0.012019133432956929,0.0091534804
2025-01-22,0.011038779542594034,0.007988963247064218,0.007969332584828308,0.008069169804628002,0.008811867212544731,0.008380399767420912,0.007433080060037297,0.007311456819919013,0.007964590650623554,0.0056216413
2025-01-23,0.009832749408506146,0.007671672862942496,0.007658481910669517,0.007775565049146007,0.008481927605721053,0.007640504469929342,0.007467466647668284,0.00711855883584367,0.00767795099243343,0.0054579556
2025-01-24,-0.005933612758549189,-0.005134784196366571,-0.0051250068336726835,-0.005112314750974218,-0.004862727594736152,-0.00439225445989913,-0.004352953255353354,-0.0038013370206729604,-0.004635194370788043,-0.0029191631
2025-01-27,-0.02829415044300103,-0.024118199939541344,-0.02405182864676794,-0.024006320689662852,-0.02597047866813487,-0.02287262520238021,-0.022064181834181438,-0.018705779309091414,-0.02289622450215137,-0.014145559
2025-01-28,0.017170279029587204,0.01472387767396809,0.014767153785471875,0.014611747845024826,0.015198381622981181,0.013849683387352832,0.013931651744095429,0.01129232021954704,0.01394129423677238,0.0085924198
2025-01-29,-0.005780866844627151,-0.006139489211088702,-0.006100906930177222,-0.006148215177589155,-0.006933823536201245,-0.006655498546889131,-0.007005212864242371,-0.005806961188070967,-0.006363459003442631,-0.0044829672
2025-01-30,0.008434731825802816,0.007680731568128517,0.007627610091653818,0.007695960266126225,0.007576237149333152,0.008632008628226454,0.008299593009463294,0.007170053978625586,0.007800930555595571,0.005367186
2025-01-31,-0.006328492560443184,-0.006684966918182521,-0.006659846096765632,-0.006769199468618194,-0.007249281823577469,-0.008226042880638579,-0.007847761601286642,-0.006372613975021824,-0.007059880196855574,-0.0053220137
2025-02-03,-0.007389798083737714,-0.00787460934459524,-0.007887147612458116,-0.00804013778173329,-0.009505566414512783,-0.010390211994502496,-0.009379123986830697,-0.00822062418551445,-0.008652199361416018,-0.0067295534
2025-02-04,0.008247924224142666,0.00784408143160805,0.007960697538402174,0.008004134925352827,0.009903585493975135,0.01022478775337415,0.008962687394032049,0.008294596958016973,0.008662112156913334,0.0067083698
2025-02-05,0.0032815705761321846,0.0040330156925267625,0.004001355850178458,0.004136193731044592,0.005036064425974787,0.006233351037492105,0.0050134629085531015,0.0048970485973465275,0.004663880550583735,0.0040545262
2025-02-06,0.006094673403074233,0.0042971385659921245,0.004287260806904585,0.004365844238282604,0.004693212106400075,0.0051071920184825505,0.004431314306768415,0.004075426234732534,0.004449948782631488,0.0034756292
2025-02-07,-0.018357623056389837,-0.012183718232965178,-0.01215643334701349,-0.012335066363111156,-0.014298663963503076,-0.014673024578419836,-0.01211299321327755,-0.010992359853186104,-0.012567542887455676,-0.0091536154
2025-02-10,0.01357307386886246,0.009341627614217389,0.009358481098886809,0.009439967264567969,0.011198155917831305,0.01094843440519342,0.00926346469549357,0.008425544067593542,0.009627020783272175,0.006791225
2025-02-11,0.00014975492634173768,0.0006684240392738768,0.0006919605614782839,0.0006952813783611334,0.0008859718990815813,0.0011204905137630241,0.0009523187216484005,0.0009545484841620187,0.0008412968256427657,0.00076054119
2025-02-12,-0.006989701469239161,-0.00534591462951388,-0.005321909015272177,-0.00532119161022138,-0.005587406921481781,-0.0052621925461595045,-0.00455913863676961,-0.00435517049975211,-0.005083770297255248,-0.0032216902
2025-02-13,0.021111623466071386,0.016550844551707022,0.016495265891983836,0.016500346532648216,0.01495117570199719,0.016495763688502123,0.015559301452348942,0.015550639546994491,0.016028291632053333,0.010557709
2025-02-14,-0.00028768646463076414,-0.00016700358803319358,-0.00016873675957968686,-0.0001604442400885075,-7.602106843541948e-05,-9.784529808916968e-05,-9.277431792958853e-05,-0.0001161919450622614,-0.00010854076480727682,-4.9176973e-05
2025-02-18,0.005596601761327656,0.00417681875047147,0.004153322576603575,0.0042010006641054224,0.0044498922390926315,0.004682053426604901,0.0042242800144665716,0.00468080231171455,0.004355892121940066,0.0029357958
2025-02-19,0.0046961927476895735,0.0038369344215510182,0.0038280240382185596,0.0038068814002326606,0.0038627197626671305,0.003754307238890934,0.0034710516034940735,0.0036863797232808723,0.0037462055247433515,0.0023549191
2025-02-20,-0.00832302332996899,-0.006529065263844314,-0.006494522870724049,-0.0064956748557575515,-0.00682729986186301,-0.006636152909239284,-0.006261882379189366,-0.006918871922683699,-0.0065721606103159615,-0.0041603465
2025-02-21,-0.03421221361366645,-0.027757323256933097,-0.027610584324368952,-0.027522673872862155,-0.03164752948184892,-0.02727995517040438,-0.02606225110859671,-0.028530133917300898,-0.027972062808913272,-0.017104008
2025-02-24,-0.00869369781576112,-0.006976123891080829,-0.006975863570278296,-0.006948725296262525,-0.007312983121771417,-0.007265132710875941,-0.006955458025296806,-0.007456118195945227,-0.007119911629687034,-0.0045501999
2025-02-25,-0.008457339206876408,-0.007299311907195493,-0.007423327680840061,-0.007233747189304947,-0.007772584899190782,-0.0076716726723834215,-0.007580720195562582,-0.007506752072268113,-0.007493479063346858,-0.0049733898
2025-02-26,0.00041534250621128174,0.000564220513614256,0.0005580983550066772,0.0005703382105931053,0.0006133443304363923,0.0007010062782468623,0.000738727753114822,0.0006581589225324602,0.0006251012332071013,0.00050479756
2025-02-27,-0.016066117878378066,-0.01842362605408623,-0.018477130788922103,-0.018584914108792414,-0.020106664358314544,-0.02337120096314669,-0.023119753751281218,-0.022744531746875185,-0.020466320293360343,-0.015961911
2025-02-28,0.020691032889022774,0.01906116374641452,0.01905763520881134,0.019170293583105884,0.019921256786455663,0.022993055957228264,0.022175656897243115,0.02156980697817886,0.020463336772095195,0.015605491
2025-03-03,-0.015402676147037456,-0.01797430650951565,-0.018170287227542006,-0.01821562593417603,-0.021883634581538806,-0.022759254171452192,-0.02397671674100265,-0.02298579069933195,-0.020560488604783562,-0.017519979
2025-03-04,-0.009146753621038482,-0.011119748862863509,-0.011036699741984974,-0.011437462672612456,-0.014050257558584741,-0.017070931393979763,-0.015526298150036399,-0.01510169123776315,-0.013235282310313344,-0.011836763
2025-03-05,0.008324434650490226,0.009790818626648736,0.00999408263203684,0.00998942232895966,0.011449348900085829,0.012860657476554701,0.013530801137028607,0.013070557120702743,0.011332598937394002,0.01074784
2025-03-06,-0.01274522012412736,-0.015419881210251994,-0.015500978410552655,-0.01576279842186012,-0.018655201553940178,-0.021258112765196378,-0.021623806230178635,-0.021090774365466303,-0.01808258660002501,-0.017751157
2025-03-07,0.004011300830052836,0.004680551437148181,0.00465342638252732,0.004827448377756346,0.0057407980542229994,0.006242908401243009,0.006572963487666273,0.0060393561977982995,0.00543596861612891,0.0056048858
2025-03-10,-0.018809070096659882,-0.021905355843668064,-0.021998238542097773,-0.022379919239857236,-0.025464303480634467,-0.028294948827826932,-0.03050302460055313,-0.02771375776178263,-0.025065020373271962,-0.026635512
2025-03-11,-0.005077250575307409,-0.006383213125896761,-0.006362246865729055,-0.006598531512454375,-0.00787259128138025,-0.007991551725937783,-0.009210747594339984,-0.008747426192519924,-0.007441703396638083,-0.0083131117
2025-03-12,0.00381605070333876,0.0043070662719440515,0.004324924484924811,0.0043831622211022245,0.004934431790716231,0.0030437592834898657,0.005762285591734773,0.005613781015832799,0.004489858029644414,0.0053068242
2025-03-13,-0.00748756332396401,-0.009715265135834617,-0.009699621980942135,-0.009962075707076643,-0.011131907353699544,-0.007005587436806859,-0.014018262128185629,-0.013741506089720924,-0.010246818497560758,-0.013330546
2025-03-14,0.017911846058461158,0.01769140648717649,0.017813114688071372,0.018109821523673804,0.019003120535926135,0.019242202610871707,0.021732515017391357,0.019326886531465387,0.018904777610842763,0.020655904
2025-03-17,0.006345968771035053,0.006601459944256278,0.006669426034629481,0.006739629305615935,0.007426436719814149,0.00742348711077107,0.008100615313758438,0.007193506566367653,0.007134542670395864,0.0077111153
2025-03-18,-0.012994983768160478,-0.010839326723585552,-0.010804461696391737,-0.011092050511036322,-0.012775773902297323,-0.010766102605296106,-0.010953213921150317,-0.011285354798192173,-0.011178486722426615,-0.01080838
2025-03-19,0.013212007473796939,0.011305654675942998,0.011299544529581745,0.011578443495368667,0.012901265771140891,0.011686273603922692,0.011264942450017502,0.011737301874065562,0.011659288066589458,0.010890846
2025-03-20,-0.0033544366768935075,-0.0031937818648208427,-0.003210958625249571,-0.0032323832042564253,-0.0034876037554171188,-0.0030943858067150644,-0.003085430318122612,-0.0032547641605996792,-0.003217320322371154,-0.0028918084
2025-03-21,0.0002775733448638338,0.00034330021190216394,0.00033419546309555915,0.00035687077739735256,0.00038778700688501877,0.0003386813717138898,0.0003477485752862247,0.0003303943426340787,0.0003645505297633783,0.00032989199
2025-03-24,0.019001916463334427,0.01981359069073161,0.01978871714453241,0.02026187336369419,0.02180887861219874,0.020247355274587764,0.0195941000536733,0.02011532977810253,0.020217968104103305,0.017908599
2025-03-25,0.002863143326958622,0.002759695275248765,0.002745361511456431,0.0028214297142584877,0.0029584653261939334,0.0026869798659138024,0.0026634602023628165,0.002786172403145543,0.0027728090321274546,0.0024038215
2025-03-26,-0.02291265018415306,-0.015846418052946842,-0.01580309168987161,-0.016161041961094608,-0.01700482001066647,-0.015544751365123783,-0.013658523120044971,-0.01449437876683937,-0.015433309570843653,-0.011938336
2025-03-27,-0.005354967869508033,-0.003903362021094532,-0.0038981341515732094,-0.003954514047210366,-0.003689582059264698,-0.0035505802328953616,-0.0031526339671006107,-0.003489081839253917,-0.0036371242280911465,-0.0026556273
2025-03-28,-0.031065167574173717,-0.027120943828131034,-0.027335820451282293,-0.027446466011590204,-0.02765180094825141,-0.026506087519877725,-0.02414147382861636,-0.026337423364928444,-0.026593543856312386,-0.020138212
2025-03-31,0.007261380014007715,0.008178738401816895,0.008144000995693264,0.008322206988109272,0.008056611910070581,0.00856134555449425,0.008045445258718047,0.008613793239951867,0.008270537034934362,0.0067126885
2025-04-01,0.003372746783880521,0.003543225157335307,0.0035891881866840667,0.00355957988748344,0.003370322342651639,0.0028717621155741843,0.003392641123356814,0.0035084941868006874,0.0034065121468323267,0.0028245534
2025-04-02,0.004815841942407895,0.006403149528050659,0.006312155299773828,0.0065453721889016025,0.006677533676303384,0.006608655882976745,0.007374167825874585,0.0075670802678837875,0.006760097037093583,0.0063282976
2025-04-03,-0.048351369917651016,-0.05241183636341767,-0.052118483350290776,-0.053473384395329324,-0.05504642720310419,-0.0543887545623506,-0.0566537254422587,-0.060536070618398566,-0.0548180133507228,-0.049280691
2025-04-04,-0.053478391382350596,-0.05902775884993345,-0.0585896031145254,-0.060568271527320236,-0.06647956808081545,-0.06525008311756275,-0.06597458493209674,-0.07228648485953178,-0.06370400395364996,-0.058543101
2025-04-07,-0.0015671757714697046,-0.0017526579557042305,-0.0017668489320016288,-0.0017601191899509713,-0.0018239299070606804,-0.0013503609855528812,-0.001983862428634857,-0.0021270732303601877,-0.0017466870235972568,-0.0017811885
2025-04-08,-0.005477365880279213,-0.009300058971452776,-0.009306421053509945,-0.00923926804603413,-0.010110376338230306,-0.008232752069305356,-0.015399542379357724,-0.01586717077437399,-0.010410197251315034,-0.015662693
2025-04-09,0.015365204812258405,0.03264920955715763,0.03208554016581612,0.033857072029624645,0.04204609352636079,0.04881393311324418,0.07795235145924717,0.09228449669920262,0.043964762449922846,0.10501931
2025-04-10,-0.01443158497254385,-0.01985029358320107,-0.019905932900412978,-0.01989374554520522,-0.023271286094927346,-0.017679994291737434,-0.030245687236071385,-0.03576560528054044,-0.022456425384905027,-0.043819063
2025-04-11,0.0036777689482853375,0.005968250157429548,0.005951470794833446,0.0064358119376522836,0.009283371860412776,0.009181035029666867,0.010696226419343832,0.014709655069238582,0.008077796622888192,0.017842776
2025-04-14,0.002651341170251982,0.003489915006654437,0.003492861997723011,0.0036684171076716396,0.005269908812191719,0.005024048141013896,0.005360419690103148,0.007462073328741486,0.004510056163998978,0.009701507
2025-04-15,-0.0015080389161834414,-0.0013041008797763866,-0.0013071132773081699,-0.0013701368931391632,-0.0020091099176065036,-0.0014560614485322136,-0.0015330926131932388,-0.0022424471954929324,-0.0015416204680900258,-0.0028009069
2025-04-16,-0.015680163769502705,-0.012966291314854982,-0.013049237863399824,-0.013532777566695828,-0.018287925933610942,-0.01889244858657639,-0.007947964501787237,-0.016474150636696282,-0.01335891427420179,-0.022228194
2025-04-17,0.001178511052580616,0.0009068302123564411,0.0009120682538160887,0.0009446316070950329,0.0012497480661566248,0.001324997835508232,0.0005985410718197812,0.001246110348625923,0.0009599848180451575,0.0014269529
2025-04-21,-0.01707993068916304,-0.017714866512521976,-0.017753613952933404,-0.01810026417614407,-0.021394486080027295,-0.0140895615556234,-0.014148464780155023,-0.024807229186806987,-0.017577877537879122,-0.023802707
2025-04-22,0.021955693159748806,0.0233018378035288,0.023237329257309293,0.023684576164139597,0.02477522364774936,0.025205264778246646,0.018609337160143187,0.028547451850250812,0.02356406578776336,0.02601776
2025-04-23,0.0166220483959399,0.016024032779752836,0.01610474500114943,0.015830193873781487,0.014695162788503456,0.009133803519303233,0.013024948011653258,0.01678145036971305,0.014048133679687142,0.015495363
2025-04-24,0.017631896773534227,0.020553365475761486,0.020452721311888324,0.020673903890145007,0.019657392636879413,0.012606365148263514,0.01836915095756219,0.023724311281037296,0.01879049098465079,0.021049031
2025-04-25,0.005111851723577435,0.0065194618380664884,0.006525239415075599,0.00665536881179562,0.006519496209158571,0.007163433104409401,0.006133470739844467,0.008193037032583146,0.006785623443857153,0.0072253113
2025-04-28,0.0002162075781825272,0.00032124756005809027,0.0003217049109885134,0.00032780813676847823,0.0003344466923565511,0.00038584781672301125,0.00031748271862977896,0.00042895998889880976,0.0003452842785935398,0.00038127276
2025-04-29,0.006311813303860657,0.006796521518771714,0.006772538469657703,0.006987432867186559,0.006446050042305376,0.006595160241239425,0.005818038612768579,0.007618814459336387,0.006693837696477614,0.0062993895
2025-04-30,0.00040016728437686086,0.00042811997945567637,0.0004264780196250336,0.0004398406616139679,0.0003971920503237965,0.00040890826503706075,0.00036627202661117833,0.0004744275960445588,0.00042060276679494417,0.00039694175
2025-05-01,0.007774182350252293,0.007997241418211651,0.007963764719708048,0.008218986039845421,0.007192065289935114,0.007704310710528354,0.0066999529518595065,0.009351735532573721,0.007800989824940903,0.0070868681
2025-05-02,0.012196952110585604,0.01546765125289526,0.015373563349314008,0.015901143579068185,0.014849792814202914,0.015519658060316027,0.013601486389318069,0.01845687245241854,0.015484902734048598,0.014844247
2025-05-05,-0.005688106398278545,-0.006278257490928748,-0.006288647154038516,-0.006469071205602778,-0.005849133802002162,-0.0063292429065423175,-0.005306261462302879,-0.007219015766621852,-0.006201345957122304,-0.0057343242
2025-05-06,-0.011418802389678281,-0.010271817076086284,-0.010236840127956153,-0.0106127048773992,-0.009822202840457327,-0.009620629098809903,-0.00809428766666295,-0.011423788278788342,-0.009914286259365232,-0.0083584355
2025-05-07,0.007446520627043673,0.005657468186950153,0.005641019101359252,0.005789337156208742,0.0049963026106637385,0.004886130725025017,0.004246604872856767,0.006221303581170744,0.005271145452113193,0.0042055276
2025-05-08,0.00647809521805154,0.007813127633379255,0.007778260872318123,0.008013644156811248,0.0076396801250845515,0.0075954468861662745,0.006741699642521928,0.011190090851656564,0.007953541226777376,0.0069677626
2025-05-09,-0.0010601700643563029,-0.0013405443010025856,-0.0013341000892095208,-0.0013800170880793837,-0.0013492796503811533,-0.00140273321611269,-0.0011860850334329466,-0.0022618961268708352,-0.0014023359528916566,-0.0012742214
2025-05-12,0.03586321677137576,0.03750461583991895,0.03736187053360359,0.03833047371458568,0.0374242629286039,0.03728908837968812,0.03078868903029252,0.06102427329229686,0.038477007424334214,0.033047433
2025-05-13,0.009786540972048823,0.008145633902924412,0.008176929465686917,0.008265638963229694,0.0076518721348176185,0.0076600498898131185,0.006443110625224668,0.012712943337605283,0.008128326274177625,0.0066039677
2025-05-14,0.0017508750224824658,0.0014867267373071867,0.0014786022740895485,0.0015340565253920853,0.0015340228110868961,0.0016231149013142554,0.001260665163343582,0.002517777260148316,0.0015975188910114788,0.0012779772
2025-05-15,0.008801848921471846,0.0062750080760842816,0.006262905644679716,0.00638679653665146,0.006337352764972001,0.00697910444202878,0.0050150980003187545,0.009217970871779151,0.006463193201757086,0.0048844963
2025-05-16,0.01024763628011377,0.008058907071582504,0.008015537138431526,0.00819071975525776,0.00819318299839896,0.005499993219175141,0.006759017308259546,0.005662324231886249,0.007068149965509373,0.0063338336
2025-05-19,0.001799810445428102,0.0014125099778753338,0.0014159795433991375,0.0014342439780720335,0.0014239185981116235,0.0011318473042904653,0.0011924762531254165,0.0010748589338049083,0.001278941927472767,0.0010939239
2025-05-20,-0.006894901316105314,-0.004775695087338915,-0.00483920587170343,-0.004803708385262206,-0.004391519806277608,-0.0038297822717437897,-0.003908585188527376,-0.0034376442860537303,-0.004217557547157629,-0.0033621537
2025-05-21,-0.03286755620541175,-0.023520000108523512,-0.0240221125507386,-0.0235459416394833,-0.022263696589909277,-0.019194641431459384,-0.020023091840196638,-0.017756453324002736,-0.021215439122442746,-0.016850775
2025-05-22,0.0005347781389057596,0.0005082847358017328,0.0004877099132972344,0.0005120348014131598,0.0004544933120781507,0.0004163044425336577,0.00046931776848601557,0.0004112869041890611,0.0004727242921399588,0.00039470809
2025-05-23,-0.006672207116259169,-0.007667609539294489,-0.00757008355773836,-0.00775444230638697,-0.0077749421855402776,-0.006517753659993722,-0.007753067543544442,-0.007371163677852333,-0.007458532873417645,-0.0068259574
2025-05-27,0.028485414220646887,0.025644246924024363,0.025550116173587198,0.025705087953696033,0.02501264181298008,0.024750836105149134,0.023409889767533262,0.02240177395466329,0.024578698325169755,0.02079058
2025-05-28,-0.007861752321087583,-0.007011603880875091,-0.00702086375276642,-0.0069811282465032445,-0.006456576467772022,-0.006812426684220971,-0.006454246658126422,-0.006320921063185519,-0.0067078103418189376,-0.0057851389
2025-05-29,0.007574798016498486,0.005366880244126851,0.005492051646062913,0.0053582888900968765,0.004866645738677058,0.005072100040046401,0.0045278672711876345,0.0042701393083148876,0.0049550303105756945,0.0039472312
2025-05-30,-0.002035575292738018,-0.0014825214340732007,-0.0014928744337212578,-0.0014840143836708536,-0.0015076833755399328,-0.0014198352251574898,-0.0012918624616989837,-0.0012009770912266217,-0.0013920520532270534,-0.0011184011
2025-06-02,0.006052564361073016,0.006554692706895202,0.006471681488415687,0.006641468189351923,0.006926062719853951,0.007486159468123456,0.006321884714065595,0.005965583887134873,0.006606790661234543,0.0056328163
2025-06-03,0.00680141794968854,0.006763303724981501,0.006743929260042467,0.006835789444065608,0.006378526603577824,0.006261157446399727,0.006320839028075289,0.005791964352071641,0.006433358209228071,0.0057026623
2025-06-04,-0.0005807772842186613,-0.00038483924372160897,-0.00039097447232817954,-0.00038311736574353624,-0.0003927869011582486,-0.00040529995070946213,-0.0003083612498547071,-0.0002769758201693502,-0.0003559013547777373,-0.0002684086
2025-06-05,-0.00989780151456731,-0.006857455579945493,-0.006940973451253239,-0.006827482606913226,-0.006738030802763448,-0.006325609013773984,-0.005654990780928996,-0.004773623698867701,-0.006196118648003778,-0.0048328596
2025-06-06,0.020533154425140844,0.014543710093132923,0.014472799608388461,0.014456622057263327,0.014004185237376822,0.013624078045433936,0.012314042474590578,0.010061211898404542,0.01315248699504468,0.010269135
2025-06-09,0.0005123326821513529,0.0009308440963993783,0.0009134074740011631,0.0009542947049656417,0.001084445403936779,0.001076798599365178,0.0010205503632577488,0.0008768935253281037,0.0009797373768738822,0.00090112538
2025-06-10,0.009568617548925568,0.007563210078416081,0.007510231259191783,0.007588232807550888,0.007409621869398409,0.007484787865042856,0.006666661756349858,0.005544932461707962,0.007025805524869729,0.0056699248
2025-06-11,-0.005834394026393599,-0.004462878335471538,-0.004476430699777098,-0.004371907716408351,-0.003778654244860305,-0.0036571371165494606,-0.003557998293345941,-0.002904816641528377,-0.0037995803087127558,-0.0028522823
2025-06-12,0.007945963587351489,0.005757955718072217,0.005768563245169633,0.005703268422105949,0.005584921474569598,0.005274095556583446,0.005009452479545096,0.004065054188044931,0.005261509862398838,0.0039744816
2025-06-13,-0.016585469734031254,-0.014589761808497735,-0.014456992814112316,-0.014600322859657986,-0.015209571918854654,-0.01698357303395686,-0.013861149177054511,-0.010987879734886772,-0.01414897627089554,-0.011180059
2025-06-16,0.0187619118604159,0.013680965496236732,0.013903315351461443,0.013501677491809912,0.012807800958017944,0.013906579909747563,0.012000594069376293,0.009410447990310888,0.012536501898312697,0.0095140315
2025-06-17,-0.012490972656132868,-0.01132818792745723,-0.01133672055580504,-0.011141967864611345,-0.010491410233693599,-0.012036352229604067,-0.010458607184844985,-0.00847826230676765,-0.010633608317357707,-0.0085450696
2025-06-18,-0.0005838436811902898,-0.0002963433180588387,-0.00030188549709694553,-0.00028736942919967254,-0.00018466075346110564,-0.00024642195912240794,-0.0001877716604455687,-0.0001639231029119451,-0.00022992362645185923,-0.00015071309
2025-06-20,-0.004459706304608937,-0.003304034762583224,-0.003299952616763021,-0.003219999792300499,-0.002836053663239286,-0.003289037384730834,-0.0028858370966894646,-0.002631574469602081,-0.0030255885755532523,-0.0023484743
2025-06-23,0.013269922224737387,0.012619294141188328,0.012526398930437447,0.01249791509356713,0.011694134006880718,0.014094169652761324,0.012056646908405542,0.010887310202344744,0.012279190982994397,0.0098773819
2025-06-24,0.015154739705751326,0.013952460702233263,0.013801797435289762,0.013830196646526446,0.013103032974982377,0.015785388813774358,0.013406661861831409,0.013166805640549466,0.013823730251800304,0.011047393
2025-06-25,0.000743279457717059,0.0006987960077638503,0.0007002614747035525,0.000699901114445455,0.0006648728159837063,0.0007994981465883997,0.0006744177770302443,0.0006718242420168752,0.0007005153839662838,0.00056018096
2025-06-26,0.015320498175806385,0.01144490688275675,0.011495933543337309,0.011285191274912579,0.01048686605621834,0.012557015158660522,0.009523712455685986,0.010154602696623338,0.010910971189560482,0.0078239122
2025-06-27,0.009929462932425696,0.007336311974190774,0.0073629537771662,0.007228512156101659,0.006701162789391525,0.008017386104293802,0.006050268380631455,0.006464537887430517,0.006969381524092543,0.0049684232
2025-06-30,0.009557244736406836,0.0070604893870077215,0.00708614584179163,0.006956709996800368,0.006449031137471298,0.007716263312708777,0.005822462316955272,0.006221256545446091,0.006707254085256349,0.0047810785
2025-07-01,-0.0006519595113762677,-0.0004796887228863768,-0.00048145198898697807,-0.0004725578574895359,-0.00043770859187788815,-0.0005248029921239001,-0.00039477669507461603,-0.00042209165544263954,-0.00045542701918675684,-0.00032361428
2025-07-02,0.009066202640561172,0.006696060823628849,0.006720410255775526,0.006597569530675452,0.006115788773079109,0.007318466439071198,0.005521249961624232,0.005899649369881398,0.006360832979102065,0.0045332656
2025-07-03,0.015758308190243396,0.011640185163293754,0.011682497701656561,0.011469033555069109,0.01063180058669214,0.01272171778504083,0.009598557326289479,0.010256181765510268,0.011057641036396487,0.0078814002
2025-07-07,-0.014911698506928538,-0.011010199014529197,-0.011050269336355676,-0.010848120535240022,-0.010055352132969117,-0.012034526909794452,-0.009077169012396354,-0.009699725778218897,-0.01045855983141191,-0.0074519719
2025-07-08,-0.0011030432476455175,-0.0009085352862361747,-0.0009242327871996262,-0.0008815367052577064,-0.0008374162591309524,-0.0008755833602501215,-0.0006933314914833031,-0.0007049824294529146,-0.0007698545113436374,-0.0005477353
2025-07-09,0.011655189329341694,0.008483463343879631,0.008404931359669252,0.00831888744247335,0.007892206823447575,0.007780198269969589,0.007509308673160351,0.006267081286917332,0.007737094479087038,0.0059966561
2025-07-10,0.0056090885197857005,0.004143728681500058,0.004142151659897503,0.004059350069470237,0.003736997357952283,0.003790979386521269,0.003550651816561522,0.0028160651072389378,0.0036995729783260525,0.0028202583
2025-07-11,-0.007033590274676635,-0.0056543106415283375,-0.005642767706422432,-0.005492302934996136,-0.004855490003514585,-0.005742707626052655,-0.004479286591461081,-0.0035009488944557753,-0.0049106464703969075,-0.0035154085
2025-07-14,0.0038128250974939952,0.0031580490267556984,0.003170211622245434,0.00305123123004735,0.0026778314139223693,0.0030486018262884775,0.0024453166102084783,0.001915517692686231,0.0027005233868919285,0.0019081841
2025-07-15,-0.008548321806518301,-0.0067374281276182555,-0.006755819956334766,-0.006536264224978037,-0.005947575208868268,-0.005906666141059382,-0.005498229436771589,-0.004264690011152456,-0.0058154328751549135,-0.0042732122
2025-07-16,0.0066820364302887705,0.005257574552221121,0.005272006892350806,0.005068362108011633,0.004163628560827181,0.004221113386970895,0.004309265226432841,0.003375371407659833,0.004429537012175738,0.0033431742
2025-07-17,0.01223615670007941,0.009329048317037247,0.00924388229054334,0.009013505689618378,0.007919401584439064,0.008019583591019381,0.007888833452477362,0.005872075480783334,0.008017406977370141,0.0061197367
2025-07-18,-0.0012637323076241961,-0.001054349533028318,-0.0010447572010552051,-0.001028051913009224,-0.0009357435763519888,-0.0009280756948543254,-0.0009384892333509008,-0.0007016047364161083,-0.0009303849998720189,-0.00073243279
2025-07-21,0.0033729243176313954,0.0028043848025295862,0.002814474930406765,0.002740801382374374,0.0025380737623088645,0.0024763455818490013,0.0024152268042344203,0.0017711442422401,0.0024520042616941683,0.0018961435
2025-07-22,0.0002845264835080054,0.00020890754058393838,0.00021596098805236205,0.00020512039799449057,0.00018438907385343446,0.00019320457573370698,0.00018010208625259132,0.00012961222508881806,0.00018355857858955014,0.00014299915
2025-07-23,0.017015207112923314,0.013848555033369597,0.013865560396389481,0.013338697260201449,0.01168920260902069,0.011517899619329341,0.010950686860314808,0.008139268447707066,0.011558035878187375,0.0085076743
2025-07-24,0.0006536941027508123,0.00043373221573183505,0.0004275601264107235,0.00043357116526862225,0.0004262077099695087,0.00041719894892645496,0.0004248697479288304,0.0003126817401761494,0.0004368017882795046,0.00033102965
2025-07-25,0.00844835394633331,0.006763650312127001,0.006806170722684026,0.006551509416782654,0.006044946838391928,0.0067161639770392575,0.005465351657543704,0.00409633059057703,0.005890794706131827,0.0042243382
2025-07-28,-0.000506520368728287,-0.00044864375725124184,-0.00044390930723354913,-0.0004285204361482983,-0.0003625692549524786,-0.0004021828127928446,-0.00034802984026374956,-0.000248809599903639,-0.0003625412642760054,-0.00025116587
2025-07-29,-0.005275385683906532,-0.004783346692855434,-0.004813504655951027,-0.004552912704430145,-0.004100874422757329,-0.003949171748621998,-0.003534114052818754,-0.0024866297164447904,-0.0038318890398396283,-0.0026375651
2025-07-30,-0.0025211968099039103,-0.002218383555100933,-0.0022205778058265956,-0.002120164799781971,-0.0018699632367079513,-0.0020546168167332123,-0.0016960678197202642,-0.0012070831268075706,-0.001817106372023488,-0.0012592725
2025-07-31,-0.007503787313911061,-0.006286655237498042,-0.006267208874738222,-0.006031772369330814,-0.005627667336977156,-0.0057295770216581636,-0.005050916934791614,-0.0035629577476343505,-0.00531570408307097,-0.0037512611
2025-08-01,-0.026719075058967385,-0.02400870878220741,-0.023805012889081847,-0.023503286818305387,-0.022438882480812706,-0.0260603273312909,-0.021881076624116043,-0.014589968341254317,-0.02163685069687445,-0.016390418
2025-08-04,0.020809709243047078,0.020534954219998448,0.02030514845885009,0.020291002331322357,0.020072864285187553,0.02250163836083973,0.020002265572133606,0.01398088817384669,0.01929396496043097,0.015199764
2025-08-05,-0.0066285114481752115,-0.006531127827500709,-0.006484936563485062,-0.0064093294551298705,-0.0062793500839590614,-0.007033464568192977,-0.006578758607001416,-0.00453531742522898,-0.006154921852321401,-0.0050700241
2025-08-06,0.014971007267232965,0.011208035344251787,0.011291948784217049,0.010950840557735337,0.009782070904489844,0.010287032306317114,0.00991739962485181,0.006835512278883388,0.009783326162472551,0.0076598577
2025-08-07,-0.001651884315448334,-0.0012041270883600263,-0.0012067771604692549,-0.0011790622870725708,-0.0011168503004764408,-0.0013250142998688303,-0.0010804452333935501,-0.0008066632570872036,-0.0010767832126967133,-0.00083763635
2025-08-08,0.01410274156181099,0.010708286954399742,0.010733213865708082,0.01061303621662244,0.010614959247640852,0.011966260029212878,0.009981118845810408,0.0072749757408779635,0.010058927872962259,0.0077975541
2025-08-11,-0.0030774345088705403,-0.002621972781514999,-0.0026117529869497595,-0.0026081271520956993,-0.0026057886986811654,-0.002986507663353335,-0.0025174469767681963,-0.0018577329188585081,-0.0024969872902135203,-0.001977598
2025-08-12,0.021028761429673783,0.015904667864875866,0.016059596514022452,0.015653516906849248,0.014792863408745388,0.017081459587891066,0.013615760615819088,0.00986943525607334,0.014288455302250038,0.010646079
2025-08-13,0.006836095955769662,0.005008532690895475,0.0049883888652084265,0.004927305130082164,0.0048260921002926385,0.005232123711717435,0.004383705511689496,0.0032437662518235624,0.004562841893189239,0.0034231324
2025-08-14,0.0001828287373781911,0.00012947988270223156,0.0001304495307803493,0.00012439094902614147,0.00010517963278471357,0.00013968778239362742,0.00011756229531501658,8.519175950340233e-05,0.00011880290860787911,9.3109264e-05
2025-08-15,-0.004682676503073079,-0.0036158635014441917,-0.0036076730612426442,-0.003561008537711088,-0.0032868132910103634,-0.00354623205992879,-0.0030234114588110306,-0.0022378277770941386,-0.0031702036118926393,-0.0023412934
2025-08-18,-0.00043777751862483945,-0.00034577746824754867,-0.00035043071923008683,-0.00033687363524196923,-0.00031884008760009344,-0.000398834809645109,-0.00028494840388533575,-0.00020774885500460672,-0.00030925686683962194,-0.00021771256
2025-08-19,-0.01085042216134031,-0.008266399113212338,-0.008220580624702437,-0.008119466291518128,-0.00801757494659014,-0.00865496257675924,-0.007054251408023322,-0.005214194667960145,-0.007439455476952008,-0.005425101
2025-08-20,-0.00531945363392491,-0.0043006719901868325,-0.004298917911230601,-0.004182488946413044,-0.00394824478716742,-0.0040982298301492645,-0.0034758279898115716,-0.002619059066941697,-0.0037335943114408434,-0.0026569844
2025-08-21,-0.007850145394284963,-0.0060155520076058035,-0.006011690154530609,-0.005905709253634627,-0.0057086593978672604,-0.005907938600678767,-0.005235543533689295,-0.00406040008752584,-0.005445314454063193,-0.0040119061
2025-08-22,0.021263435878724864,0.02043380017341887,0.020251906323283445,0.020354278799246003,0.020377733012359102,0.02306423225462306,0.01980968177594691,0.01562337393556847,0.01976153080832155,0.015356736
2025-08-25,-0.006775742501768439,-0.005915772178207753,-0.005904589509098589,-0.005862018949659248,-0.005636588691578768,-0.006567005697508389,-0.00563686657809389,-0.004463975444182593,-0.0056388901988061796,-0.0044010205
2025-08-26,0.004404900866073249,0.004917131066289328,0.005334535082644669,0.005042392487674521,0.005452660317022451,0.006720186980374833,0.005291800788748591,0.004373021332508209,0.0052522403869064175,0.0041870652
2025-08-27,0.004108209866056479,0.003327445349706277,0.0033625181244272342,0.0033113478155802306,0.0032049124699072883,0.004029824298355852,0.0029001665243077197,0.0024186777526862047,0.0031512831092537813,0.0022784528
2025-08-28,0.007081208329204803,0.005243600861347022,0.005275257225551544,0.005219572906429241,0.005268576162049457,0.005934324774371756,0.0045239748475185085,0.0038146988192291494,0.004965282101281697,0.0035415153
2025-08-29,-0.011931172803970057,-0.009595228592222876,-0.00962591588566565,-0.009420000458472135,-0.008767781581085933,-0.010164342414587517,-0.007683507010463185,-0.006341891429336853,-0.008587026772072683,-0.005963829
