date,persistence,har,shar,har_rv_iv,har_x_lasso,hgb,lstm,lstm_x,combination,buy_and_hold
2022-10-07,-0.0,-0.0,-0.0,-0.0,-0.0,-0.0,-0.0,-0.0,-0.0,-0.027893834
2022-10-10,-0.0,-0.0,-0.0,-0.0,-0.0,-0.0,-0.0,-0.0,-0.0,-0.0076353081
2022-10-11,-0.006404274425891699,-0.0064036290316507784,-0.006180542092224753,-0.006079806727273866,-0.004952571727303052,-0.005439842257927617,-0.005941842054929272,-0.004671680657745512,-0.0055975982635152735,-0.0063331632
2022-10-12,-0.0025181384913539385,-0.0027264556734227976,-0.0026869818658051933,-0.0026187364707883237,-0.0021550881761867365,-0.0026052442029627066,-0.00271109379656537,-0.002124663162215766,-0.0024919970423019143,-0.0032984819
2022-10-13,0.020753871076068114,0.02166249304394532,0.021700921293171305,0.020591740008445446,0.016670645317130764,0.020513197472367115,0.021255978635876072,0.016333075976340917,0.019568538262171652,0.026391016
2022-10-14,-0.019889748450448354,-0.01980452533571757,-0.020109206636780258,-0.018502421465118105,-0.014507649801662104,-0.018193977037927876,-0.01909521381499157,-0.014035110822685147,-0.017420330328804776,-0.022788635
2022-10-17,0.012618701810308766,0.015601688462606357,0.018126087984359787,0.01603735782023864,0.01398755863690519,0.015075530136647069,0.016775366366462933,0.013303632737075894,0.015412731332310789,0.025696946
2022-10-18,0.0058840947254381396,0.006857392898205589,0.006424471441624059,0.007149973484852412,0.00688991261728268,0.007438073359181981,0.00681298014057118,0.007408407772957693,0.0070107135611687825,0.011749663
2022-10-19,-0.0064630575959245965,-0.005716442447540748,-0.0058782257194245876,-0.00567441301919613,-0.004703130626420488,-0.0057177313875039415,-0.004993700289340251,-0.005362061039170575,-0.005405371454543649,-0.0070864563
2022-10-20,-0.006012187449316522,-0.005966710900213345,-0.005747065193327907,-0.006105276539222515,-0.00553562259752717,-0.006539160214680254,-0.006015320234246158,-0.006272842115028879,-0.006005263563091775,-0.0083854281
2022-10-21,0.020598260680431715,0.01867099854241738,0.018114780981677996,0.018795874423248156,0.016384472886353373,0.018843506421993655,0.01863118908994052,0.01748302185088949,0.018094210476336456,0.02430152
2022-10-24,0.009157813112231603,0.00930415454761977,0.009187851156257318,0.009414602584111984,0.008416317064911902,0.009486617429507044,0.009336872359998177,0.008399843389937172,0.009058124931476789,0.012236443
2022-10-25,0.011184899359938081,0.012163094929047586,0.012656214396130624,0.012257892167374324,0.010774755997470386,0.011400597397338882,0.011881695804665032,0.01068594237575824,0.011651197592626613,0.015968748
2022-10-26,-0.005117419829792671,-0.005521379582689158,-0.0055040047592428585,-0.005606991073657441,-0.005001075738244448,-0.005923712538560438,-0.005416793866745023,-0.005041162755976672,-0.0054057981707879635,-0.0075342701
2022-10-27,-0.006295788649137165,-0.00531202270118029,-0.005585393669609045,-0.005184487103356051,-0.004328438971558258,-0.005087344850824565,-0.004649301647692508,-0.003962167409282178,-0.004812342316349132,-0.0053399017
2022-10-28,0.021007805906531483,0.020715188282213592,0.020615197403401574,0.02092923156278925,0.01977972629835869,0.018998521775985426,0.020778755079719657,0.018899791029983376,0.02009039388099959,0.023790751
2022-10-31,-0.005819174647565884,-0.006035845389849436,-0.005824008458332752,-0.006165970043573777,-0.005818796070394895,-0.005791043664843752,-0.006091553742390149,-0.005785130800597988,-0.005926109811358866,-0.0072235151
2022-11-01,-0.006282071015017063,-0.005099873428585069,-0.00565870538127478,-0.004947232379047467,-0.004251164378274324,-0.003770431238941573,-0.004483437181650796,-0.003910736726250725,-0.004510081194410683,-0.0043756564
2022-11-02,-0.025251779024756154,-0.02576250985231953,-0.025130852413673216,-0.025487841391525167,-0.021127483363730434,-0.019230253838033014,-0.025330491882523926,-0.02233008101609575,-0.023218277573966665,-0.025096224
2022-11-03,-0.00978138204816077,-0.010129291948400636,-0.009554006640512095,-0.010118615854325792,-0.008966578872499154,-0.008520386207009055,-0.0100561081003072,-0.009148826035915728,-0.00944327529448413,-0.010296852
2022-11-04,0.006778218613150206,0.008874186991806067,0.008636939985756785,0.009604410106686558,0.009838443112723633,0.007881929584829674,0.009746824506008665,0.010165959090105372,0.009188639823175518,0.014393027
2022-11-07,0.007659353143655907,0.008008767646438196,0.00815398774370474,0.008354025296920954,0.00808037823352617,0.0076510792412539256,0.0071159408859361,0.006772674784680238,0.007689279260391215,0.0095655259
2022-11-08,0.002862181827572571,0.0033612049704585542,0.00334126266816566,0.0037220345166714573,0.004154034604268531,0.004116411042374582,0.003537309927989611,0.0039455289480023695,0.003721837680238848,0.0053954068
2022-11-09,-0.024733288770182583,-0.019261791807281232,-0.019086152428401372,-0.020221689640684375,-0.02113726663513161,-0.021480961255079832,-0.01683295564608454,-0.019803860717634077,-0.019580039787353683,-0.020602051
2022-11-10,0.04597521753424278,0.04360781307631776,0.043030145446255524,0.046350413485553486,0.04739533116560965,0.048320790572018886,0.045268869736248205,0.048374154088288296,0.0459650212900727,0.054954325
2022-11-11,0.008676081019525654,0.00847572591670316,0.008327548442912837,0.008728919116069328,0.008540513619588115,0.008097448640106291,0.00832670292122465,0.008164046065921075,0.00838731336929189,0.0096784783
2022-11-14,-0.007173456045947862,-0.007269993264648529,-0.007688637657570649,-0.00777060988522577,-0.008216083262198021,-0.00803703715246376,-0.007316827215088742,-0.007109536965658896,-0.007604933731684048,-0.0085067867
2022-11-15,0.008491096033286103,0.00841171987546296,0.00852948035690826,0.008948412582675872,0.009315891726819172,0.009816007521667712,0.00785932101010019,0.010006922526829217,0.008922594342555736,0.0085290565
2022-11-16,-0.008403435940384963,-0.00785539216299196,-0.007674152678871839,-0.00815239505837888,-0.008132438880504437,-0.008093212593809055,-0.007564123067439909,-0.00872115269471769,-0.007994715093552355,-0.0076287503
2022-11-17,-0.0023075768656850184,-0.002543380201173453,-0.0025251300202911216,-0.0027231237661742617,-0.002849432330337384,-0.00290284373170008,-0.002688962241533087,-0.0029373369142056257,-0.0027289179514048967,-0.0030598289
2022-11-18,0.005792943842020993,0.004978964126093869,0.004838017133141942,0.005080239767174174,0.004946409678036117,0.004521317319132624,0.004442717570742565,0.004457576342606867,0.0047340090821312115,0.0045404355
2022-11-21,-0.004254191498698862,-0.003976225823938706,-0.004173653873599529,-0.0040529649741047,-0.0038491121197430866,-0.003698515898945817,-0.0038327943829400265,-0.0037533834919676635,-0.003878857168853682,-0.0036361543
2022-11-22,0.01375049953657847,0.013898876317928568,0.013616417984875161,0.014411063816847723,0.014604038365656666,0.01401864900793247,0.013909776972519727,0.014245650225334,0.014108436935320379,0.013457033
2022-11-23,0.00921736627393095,0.007809910431201727,0.007810959053664867,0.007851586062785385,0.007742780518546487,0.0077152634518752455,0.007173722550069527,0.007252385945004683,0.007612096833670862,0.0063016301
2022-11-25,-0.0006408965088565018,-0.0004978402235685417,-0.0005426800765736432,-0.0004581537304678516,-0.0003865609498750037,-0.0003320630668864187,-0.00038788424530847076,-0.0003612032154054105,-0.00041765624732849983,-0.0002237257
2022-11-28,-0.020176226712779775,-0.020406126930661357,-0.021089219215324324,-0.02081061967543574,-0.021005262723672122,-0.019511723847682967,-0.02025743863299262,-0.02101153599410548,-0.020564124705003003,-0.015956933
2022-11-29,-0.003811240029095231,-0.003797701477516129,-0.003776072111220511,-0.0034990129921115927,-0.002948942780859648,-0.0024727954811657547,-0.002825853755358934,-0.0026662182476212075,-0.003098566576714635,-0.0017177619
2022-11-30,0.05329542237680952,0.05247366386359278,0.050761864846592286,0.04766214556946461,0.04140889458117853,0.039713388733094046,0.04849311150226561,0.04086136950592349,0.04540497589480906,0.031500792
2022-12-01,-0.001124083463087728,-0.0011483800383284197,-0.0011181874637297327,-0.0010610558815299005,-0.000928675521834053,-0.0009020195217739836,-0.0010804344050034166,-0.0009142004892063276,-0.0010125245300652134,-0.00073589449
2022-12-02,-0.001135137926915865,-0.0013457160453157206,-0.001436142595338625,-0.0013448542544342178,-0.0012981433529298874,-0.0013191301507992019,-0.0013788602885248607,-0.0012733580680474792,-0.0013365046512727415,-0.0011537268
2022-12-05,-0.018809774689066163,-0.020677782348316454,-0.020049065418904995,-0.021379574975528517,-0.02282215381321734,-0.02093280567486494,-0.0188507756549716,-0.021697129382818987,-0.020844897652127416,-0.017989268
2022-12-06,-0.017896167872994955,-0.017074811024905323,-0.017518124007052882,-0.017883756547126057,-0.020259338735912145,-0.018974235806627222,-0.015749678695818243,-0.021785348666146235,-0.01827758975435664,-0.014414878
2022-12-07,-0.002450708078154996,-0.0021140162834530287,-0.002024931031127907,-0.0021102757813385347,-0.002253526902018465,-0.002086116163316428,-0.0020066786030246554,-0.002328840700573112,-0.002107032656374579,-0.0017011084
2022-12-08,0.0088660325527899,0.008699976412489228,0.0083793857061417,0.008669091385359168,0.008881776640726022,0.008528954083351312,0.008840253145485314,0.008219474377900032,0.008598524572210525,0.0078338657
2022-12-09,-0.007671834570310999,-0.008118413477129808,-0.008000748954319167,-0.008012414250978124,-0.007804340835013626,-0.006900056257934914,-0.00836159217990824,-0.007634899564472011,-0.007805391265665482,-0.0074701007
2022-12-12,0.01691020838334705,0.01696352499609289,0.017076984730704587,0.016617748042198708,0.01619937716415762,0.01612304257985915,0.016531443349815645,0.014849985696433114,0.016304870424149603,0.014417232
2022-12-13,0.009848987444611459,0.009393037054818889,0.009278992811436813,0.009007831225708382,0.008222493588907065,0.007608402877277863,0.009099513543834373,0.008122513311817132,0.008652240187450302,0.007569965
2022-12-14,-0.009528258599018666,-0.008467153090337071,-0.00886482802007928,-0.007732004594610715,-0.0063793490135050515,-0.0061461580455520115,-0.008253427465352793,-0.00665184053012811,-0.007325254766007758,-0.0063936891
2022-12-15,-0.014494644294921857,-0.01842999318364758,-0.01778395640870343,-0.01968990079734684,-0.020050367983609013,-0.023245960539429202,-0.021621839212901006,-0.02104709351401717,-0.020093013256743224,-0.024461399
2022-12-16,-0.005879008077089096,-0.0075506828374142815,-0.0072332591376959975,-0.008434303995827933,-0.009482787274222406,-0.010922087541768778,-0.008164210940739602,-0.010560558893495196,-0.008705533631955824,-0.01180636
2022-12-19,-0.008180009865393432,-0.007604620383505962,-0.007321771350188687,-0.008092960577541369,-0.008399294468440413,-0.00885542462475677,-0.006655395265667756,-0.008054161345599792,-0.007798849678424933,-0.0084796813
2022-12-20,0.0012566353971590475,0.0011548719005705843,0.001139289058671884,0.0012349193490048284,0.0013525476982627434,0.0014335521595729187,0.0011243344601645448,0.001347001539450521,0.0012549331277901248,0.001368369
2022-12-21,0.017579203724277778,0.013920354544175145,0.013542437232688064,0.014675387288650166,0.015133868822898047,0.016858522007233274,0.014113267823663603,0.016636876160328266,0.014887651259703856,0.014952485
2022-12-22,-0.016013078270148324,-0.014035351805484875,-0.013967893491841937,-0.014688369698205968,-0.015671790983948417,-0.015813937756154892,-0.014382536545074449,-0.016572142852140002,-0.014960302155930872,-0.014266307
2022-12-23,0.007292319257522558,0.006646869903220619,0.00685366432477215,0.006813250113767819,0.006953051111703991,0.007471645342303265,0.0063445892125020085,0.007044801625359331,0.0068591402318045475,0.0057523774
2022-12-27,-0.004165544271031882,-0.00425143176284553,-0.004250213833840447,-0.004307891975286891,-0.004172536657456736,-0.004496492526389498,-0.004265716639291259,-0.004290939756743191,-0.004287812007237578,-0.0039435126
2022-12-28,-0.011551813794873753,-0.012602007585402225,-0.012972065040180869,-0.013038896128199879,-0.013809379103349794,-0.013135715219940157,-0.01262550431496164,-0.013413115496319473,-0.013061664931465567,-0.012427999
2022-12-29,0.0244060650997026,0.022113178167460057,0.0221871563828354,0.021692798044246626,0.01985847009257434,0.01818904278472823,0.020125440810536348,0.02047217983304458,0.02057769117811673,0.018000444
2022-12-30,-0.0030611479617244424,-0.003015597330979538,-0.0029212432790194725,-0.0029775252820285905,-0.002698120283545215,-0.0023798000758347582,-0.0029426722281579165,-0.0029134648247356935,-0.0028174136290164188,-0.0026341698
2023-01-03,-0.007578461429088662,-0.005995628925320473,-0.006299588022186912,-0.005734713128358008,-0.004568492842537157,-0.0053670214552609665,-0.005434089139312762,-0.004724955807706151,-0.005388351809169104,-0.0042097629
2023-01-04,0.00746680723943084,0.008286937775342203,0.008208369060021068,0.008390866049083456,0.007955320793555709,0.007694077090121262,0.008809235952924696,0.008121108085012624,0.008202021889213774,0.0077203694
2023-01-05,-0.00901714450301094,-0.010693235014513091,-0.010463378923793438,-0.010954696948362439,-0.010007284591805696,-0.009162393475428287,-0.01124860287740714,-0.010517668864243226,-0.01039414315854981,-0.011413532
2023-01-06,0.017851049109979342,0.020350111992994246,0.020115570441005523,0.02141324460729405,0.02065098957635374,0.0194165598500892,0.020535184179631263,0.020811624522130957,0.02046895113505203,0.02293203
2023-01-09,-0.0006951738529624471,-0.0006350515783121826,-0.0006531205528403639,-0.0006378312836195248,-0.0005798072159210085,-0.0004978942553962581,-0.0005667072640836341,-0.0005494311257979126,-0.0005854173379832624,-0.00056688592
2023-01-10,0.005902623823472614,0.006134497212407183,0.006124247591679829,0.0066320573883772585,0.007120916695854593,0.006733928270593694,0.006397462174958944,0.007262563408110035,0.006641223586091937,0.0070129488
2023-01-11,0.015927860920034356,0.01355471906368148,0.0132887279787106,0.01396575032904254,0.012637359335172842,0.012231713440325373,0.012789422647902077,0.013808523421189671,0.013154834014720137,0.012647837
2023-01-12,0.00396544696973473,0.003825104878106139,0.0038406778972855595,0.004011022388831114,0.0038490273572572304,0.0035806318986667937,0.00380085126174883,0.0041780064460971225,0.00386597295027787,0.0036406621
2023-01-13,0.0060760729904756295,0.005030013863235859,0.005027076286461872,0.00500414043881273,0.004582200005550907,0.004178115083215702,0.00456712305684811,0.004366466616244411,0.004658067247392094,0.0038795132
2023-01-17,-0.0018730213929279167,-0.0018910030604538702,-0.001883788086011371,-0.001998810654374554,-0.002014460666795249,-0.0019167826834162623,-0.0019683419602741187,-0.0021776379690362758,-0.0019597714926097324,-0.0018316669
2023-01-18,-0.025740135032574357,-0.02181854021637486,-0.022663423582733728,-0.022863450735679296,-0.023163728475477194,-0.022539760346785995,-0.01866168983227892,-0.027441884629036295,-0.022494268429755226,-0.015788302
2023-01-19,-0.011416891024969594,-0.010007372438092316,-0.010101649189381721,-0.010280069648631235,-0.009954982932292382,-0.009852869219273277,-0.009394785575448197,-0.012111320853055654,-0.010167946978886929,-0.0072798095
2023-01-20,0.025619225417198674,0.024653266767761976,0.023623251848311617,0.02474839544845113,0.025494311552467338,0.020807584784561416,0.024504934925022683,0.025554082375664068,0.02410349938621694,0.018629282
2023-01-23,0.014768726692353703,0.014709012788457093,0.014622051055296946,0.014911934856639856,0.01585004757406829,0.014112539084342875,0.015299060005204545,0.014387653151134822,0.014833387421852888,0.011998413
2023-01-24,-0.0015841107054531541,-0.0015711963134124151,-0.0017144617777836992,-0.0015611672146134206,-0.001506733960921336,-0.0013771080770094916,-0.001446856776356595,-0.0014557919489025161,-0.0015145548551041676,-0.0010733206
2023-01-25,0.00035413056041291456,0.0004068479185771887,0.0003875885734488155,0.00042975096104921277,0.0004353888002525377,0.0003277039922936793,0.0004585786933828071,0.00048645771647799974,0.00042071169829896373,0.000374746
2023-01-26,0.012838137128451171,0.01329133241244911,0.01311296135543794,0.013744842372425192,0.014096434431111055,0.013628727839471583,0.013568047423788539,0.01463889232955445,0.01373511741137641,0.010990477
2023-01-27,0.002724663411210552,0.0027736468600102105,0.002825185163138521,0.002879872868856636,0.0028101818410427998,0.0027744484861600273,0.0027826602265456925,0.0029480302457674757,0.0028339876338312115,0.0022977164
2023-01-30,-0.012431949039927318,-0.013519779197652612,-0.013288379689589274,-0.0144135688719237,-0.014582756458998404,-0.01535243793753731,-0.014200113158630326,-0.015539896708558237,-0.014368546144382724,-0.01254675
2023-01-31,0.019615759172438723,0.018230699242401775,0.018253490890119503,0.019143417481795856,0.02012003755308318,0.01832039300468029,0.017453181344531055,0.02099553102368389,0.018861807598622476,0.014703322
2023-02-01,0.013832989815741367,0.013134498343765764,0.013066720028285106,0.013384939790995146,0.012787136185251756,0.011379236702217395,0.012941740966405884,0.013342798868140916,0.012835597348603105,0.010627808
2023-02-02,0.020873310359357928,0.019107448528716833,0.02033512152861913,0.019549893506175413,0.018859646688134838,0.01794416183400252,0.018538160834112766,0.018692704667311287,0.018976725640660237,0.014556902
2023-02-03,-0.007426803303441947,-0.00901541578961873,-0.009912673491573591,-0.010006287642448994,-0.012767793804329417,-0.012494423996428776,-0.010563291869152894,-0.011258944038778444,-0.010696309030024881,-0.010629201
2023-02-06,-0.006418471481709263,-0.0065296418984019805,-0.006607188984802731,-0.007116356011844502,-0.008041096792853435,-0.006981951587421617,-0.006151311434365955,-0.006723487716549738,-0.006836649792630601,-0.0061112958
2023-02-07,0.01166387595878071,0.01239201399061143,0.01237726411432659,0.013660602012915619,0.01562907774305082,0.016601357324532287,0.01274797855863362,0.016759945432753966,0.014122348981426846,0.013078767
2023-02-08,-0.016449828780644254,-0.01326644290002911,-0.013083174920453315,-0.013907737445649668,-0.013173621605875412,-0.01887102838013788,-0.012124014171062347,-0.015167639451893653,-0.01397593573245771,-0.010934956
2023-02-09,-0.00662780344453663,-0.007208049977053224,-0.007313653470116234,-0.008038854767756258,-0.00884872660230721,-0.00840450778521379,-0.008188044621347897,-0.010361610236479139,-0.008216866896781453,-0.0086691251
2023-02-10,0.0022886109444436647,0.0022814840401870567,0.0022555695197836886,0.002461203673519524,0.0026022511882667766,0.0024030756093388365,0.002281115165260194,0.002500940855733979,0.002400022023727137,0.0023338227
2023-02-13,0.012579386749415814,0.012176608890841838,0.011772020529516041,0.012774360432687138,0.012959719804231794,0.01198870921055365,0.011769002676553461,0.011981160116131834,0.01219197405968063,0.011738934
2023-02-14,-0.0007204620115002754,-0.0006082165241926198,-0.0006398091046480162,-0.0006117365153248451,-0.000508907069234672,-0.0005474659143257284,-0.0005027108315705248,-0.0005095697006393898,-0.0005564055301383679,-0.00046022822
2023-02-15,0.005342192418174518,0.00420638981371693,0.004361981018813749,0.00426334529070784,0.0037775226068272995,0.0037983265653725364,0.0035683372995188355,0.003834158380139119,0.003953072490880669,0.0032473675
2023-02-16,-0.011352734967967801,-0.013053641235667835,-0.012835824313472006,-0.014145619404322709,-0.014028148210732673,-0.015010294913131956,-0.014602231233544078,-0.01567381014390352,-0.014119113937411781,-0.013768878
2023-02-17,-0.00347300872106937,-0.0031812669369964946,-0.0031976873399315684,-0.0033416497428374577,-0.0036434411478638235,-0.0032101908978261966,-0.002752432150737465,-0.003499513790945314,-0.003243887860711394,-0.0024984514
2023-02-21,-0.02704887814114641,-0.02544811895716496,-0.02528226001266683,-0.025926325169369217,-0.025772107765922064,-0.023504033749835666,-0.02270634698395369,-0.025502204533055257,-0.024800058422530916,-0.020060636
2023-02-22,-0.0017390509189560495,-0.0016884538914647676,-0.001680266300416058,-0.0017373991014770528,-0.0017172228162539694,-0.0016140082030480193,-0.001577325679955099,-0.001668847078781273,-0.0016658162498029891,-0.0013782368
2023-02-23,0.008771106372535514,0.007266624580015075,0.007031428540486693,0.006972255544802478,0.005361522246553814,0.0053834810327320235,0.006298984738536142,0.005683131849212863,0.006252171818985693,0.0053194693
2023-02-24,-0.01278782078881051,-0.013251924643740498,-0.013023048044174739,-0.013012718596640833,-0.011835467542818865,-0.011573305232907696,-0.012700556409584016,-0.01104484540648115,-0.012272606402940884,-0.010682297
2023-02-27,0.004295620458330996,0.0043504404155849065,0.004288614923197698,0.0043240283471175315,0.0038429808319460383,0.003697788983029034,0.0040808605564403855,0.003582028324639708,0.004001766146039228,0.0034058614
2023-02-28,-0.00455238833400683,-0.004632112468930162,-0.004585548471477914,-0.004587216902267148,-0.0040987084373847365,-0.004015471190660335,-0.004426554069585393,-0.003938098164721642,-0.004306417477657423,-0.0036960236
2023-03-01,-0.005991904965327053,-0.005485650483215411,-0.005357215356228097,-0.005305181153670434,-0.004515934759879821,-0.004294869110865275,-0.004733714365924827,-0.004353843120555477,-0.004819561989375892,-0.0038357849
2023-03-02,0.013962790680517284,0.011788170178677356,0.011647016379640074,0.011253559409660127,0.009073021528132321,0.009226989857558333,0.009909339039382382,0.009413364668800703,0.010214675230812112,0.0077769498
2023-03-03,0.019878624037972747,0.020777730402054866,0.020719548294012416,0.020390142816562894,0.018843530187946007,0.01727976240811263,0.020281397519019112,0.018288013568864205,0.019428799357390183,0.016037918
2023-03-06,0.0008958057323070796,0.0009147603507785455,0.0009286786613665391,0.0008976800161992892,0.0008426389291402277,0.0007635729975885729,0.0008751188163167303,0.0008038340208238048,0.0008568512299880092,0.00069274153
2023-03-07,-0.025896717866239833,-0.023797075378146217,-0.024989691772151823,-0.02336263883586614,-0.022202213608888185,-0.02151836964843877,-0.020091258336368784,-0.020508553613480925,-0.02223147501557949,-0.015328635
2023-03-08,0.003008993562265974,0.002660839762874281,0.002670139476240921,0.0025607499676599415,0.002276035412791252,0.0023581531044697362,0.002198654823328027,0.002302500579929537,0.0024265188624485044,0.0016321426
2023-03-09,-0.017488488064307663,-0.020399148628719214,-0.01963847481378521,-0.020851193458755055,-0.021866855779712042,-0.018390949533548268,-0.023277603051226885,-0.022351784910586425,-0.02083889201638408,-0.018449873
2023-03-10,-0.0189580451399126,-0.018982864609264485,-0.0195104069629664,-0.01897182088699026,-0.018606607622558124,-0.017538450920612368,-0.018063816837224394,-0.017542377387485535,-0.018435160388585715,-0.014429451
2023-03-13,-0.0016068337328510643,-0.0017047520685973705,-0.001682646682903297,-0.0016854955722350542,-0.0015312659076921838,-0.0014275634812093367,-0.0017377822354631902,-0.0015195606631796762,-0.001602308044946084,-0.0014251424
2023-03-14,0.011153551752413003,0.013733366763800799,0.013859600592997578,0.01413476222841726,0.012814063668606228,0.012763864621724911,0.018638358650707745,0.013528445674856454,0.014011949656591981,0.016530052
2023-03-15,-0.0031827920008822732,-0.004031258223459206,-0.004154254701902065,-0.004270721211983292,-0.004052824180632512,-0.004322289180085111,-0.006056155268791433,-0.004181340512365213,-0.004359406927304248,-0.0062543905
2023-03-16,0.01539754227146725,0.014864675507143384,0.014892136167079907,0.015755980963597167,0.01289673972078704,0.012659791443838978,0.016215064167315676,0.01277007411315302,0.014156977611352461,0.017544951
2023-03-17,-0.00875026943568895,-0.008854822293887005,-0.009124089074003515,-0.009426090897856168,-0.008598819089949621,-0.00917997450514912,-0.01027952900004165,-0.011150937279285218,-0.00941272893663135,-0.011692522
2023-03-20,0.008693057374474011,0.007849046126175265,0.008113208648926213,0.008568347699917635,0.008349475429406871,0.00974365322813982,0.008290078476790901,0.010788122459258379,0.008715710587616,0.0096154434
2023-03-21,0.011317096454976515,0.01074436288541418,0.01051247162742228,0.011274088931260341,0.010030345537983907,0.010257716663787362,0.01122615898374182,0.012197588115222145,0.010854272830835194,0.013130666
2023-03-22,-0.0201486793031949,-0.01765648266344246,-0.017789326293781774,-0.01802850864282405,-0.016277689065374325,-0.016627192914565603,-0.015292703936284532,-0.016807832590837204,-0.016879150717456166,-0.017046505
2023-03-23,0.004127896981787938,0.003211375922050894,0.0031906959790546805,0.003281097889379798,0.0030722704256706495,0.0031075012398205253,0.0025745666130115156,0.003058330501141024,0.003052938487078695,0.0027034106
2023-03-24,0.004014548373292134,0.005152150756375174,0.004988002978567107,0.005538833710686637,0.005828071062651832,0.006182301776306948,0.006146408224854584,0.006152646333362356,0.0056847978927821955,0.0065619918
2023-03-27,0.0015847880625278205,0.0017090942896722896,0.001670531653155364,0.0017993274104242066,0.0019146365355976033,0.0017943269497600947,0.0017721760855654869,0.001645903126217165,0.0017607474990129564,0.0018699202
2023-03-28,-0.002134484437957398,-0.002204009863240172,-0.00229021133533369,-0.0023342593482175594,-0.0026984401582650047,-0.002332594925999965,-0.0021749474043983243,-0.0024876561416659277,-0.002350624563381515,-0.0022446078
2023-03-29,0.020353619807796385,0.01711521423363484,0.016780823329697773,0.01775231665337083,0.01770331735106918,0.01638360346472091,0.014759838268646209,0.01879679088936088,0.016954427192680917,0.014534807
2023-03-30,0.009857185850632331,0.007421584422766881,0.0072235453500240025,0.007649223560178646,0.007297454772607679,0.007082990842350124,0.006252692142113137,0.008679584180238861,0.0073119015694991275,0.0058551779
2023-03-31,0.028040476309662152,0.022008515382621285,0.022163617058300784,0.021949147206833948,0.020838347714759876,0.021054176723880498,0.016336648302624105,0.024205799509946096,0.020948513658377816,0.014094639
2023-04-03,0.007607711144523263,0.006506850167283643,0.006437004432352711,0.00635035711462805,0.005946660158049449,0.004290066565383474,0.004746301549758269,0.006692181319548933,0.005768145553550726,0.0038106383
2023-04-04,-0.011099986803916054,-0.01052225196349345,-0.011245001839741054,-0.009952384662371049,-0.009491023688922217,-0.008785029109370776,-0.007594193838942576,-0.009837458638902277,-0.009509817549941022,-0.0055481092
2023-04-05,-0.005169433757281402,-0.004948695742480545,-0.005052314716819022,-0.004705746188575646,-0.003962109259340696,-0.0033744561427366277,-0.0038167297001183375,-0.004362719609015571,-0.00421502071639372,-0.0026182149
2023-04-06,0.0057051067825162295,0.006314484542718523,0.006155656335635101,0.006171349580827265,0.005495815673871233,0.0052897263384473715,0.005716931862668227,0.005520529119837293,0.0058220764630735385,0.0039007747
2023-04-10,0.0016592504916499503,0.0017269095570953711,0.0017027275398179215,0.001674084015471914,0.0015050913591845019,0.0014509887944499531,0.0015202474893089772,0.001494387696782914,0.0015749171828729307,0.0010263588
2023-04-11,0.0003922851913185267,0.00039564808381395726,0.00038835649643795224,0.0003943276952586927,0.00038416880518008455,0.0003532723873209789,0.0003884500730457582,0.0003557113511666456,0.00037934366368208745,0.00026872671
2023-04-12,-0.007846006903218074,-0.007451037631595042,-0.00783542647720917,-0.007087381680448214,-0.006318264473898352,-0.006079334835752724,-0.006394375937331714,-0.00717633756931151,-0.006837463522819122,-0.0040759903
2023-04-13,0.026525956928771126,0.02647022270075515,0.026524461155339227,0.02516411407515816,0.020107595899191037,0.021759583328770368,0.025064258760396113,0.018806082251438,0.023290427763881634,0.013282542
2023-04-14,-0.0034455559829676095,-0.003827300753835485,-0.003729111229789543,-0.003744484213236525,-0.003168738081928179,-0.0034875184537606586,-0.003995003455956288,-0.0031598628387407065,-0.0035653333446955073,-0.0024427922
2023-04-17,0.006810314190339989,0.006767206061593385,0.006883564519490431,0.006396109106924045,0.005735224744467094,0.005908935253202833,0.00616010120691177,0.005902149027321579,0.006248492445156637,0.0035884826
2023-04-18,0.0004931557617315177,0.0006761072515937591,0.0006074925015234116,0.0007635985941853024,0.0009731256386236146,0.0007670058805556398,0.0008942095763211418,0.0009844683499566896,0.0008047427479963204,0.00065203869
2023-04-19,-0.0006911334338553956,-0.0005424647619137268,-0.0005585716216818513,-0.00048415161877920024,-0.00030083300135247426,-0.00046238454205728744,-0.0003846423592120433,-0.00028857369031082584,-0.0004295469385081289,-0.00016894829
2023-04-20,-0.009839040348362613,-0.009103245338196614,-0.008896211319245107,-0.009025890638300813,-0.008567003241166255,-0.00900694951405619,-0.009293124584377296,-0.008593694674874251,-0.0089176443157242,-0.0054570843
2023-04-21,0.0014495188495020396,0.0013803816309803563,0.0013595360677671297,0.0013593794996826201,0.0013227164156391236,0.0013464600561027093,0.0013862480433365974,0.0012503612122476114,0.001346772018138126,0.00077703491
2023-04-24,0.002029880063856451,0.0017931220344683683,0.0017923425154211584,0.001690796089935437,0.00165636994765519,0.0011473840067347876,0.0019356417385217096,0.0016156329864504097,0.001627406458572124,0.0010430841
2023-04-25,-0.025567959725749084,-0.02677242561777038,-0.026489751267133897,-0.026074563858441153,-0.025596805646098203,-0.024972783743138417,-0.02762401957966025,-0.025282086503819256,-0.026049482258023143,-0.015873833
2023-04-26,-0.008663456507551423,-0.008620333039872847,-0.008629865620432584,-0.008100978889636623,-0.007156157543305133,-0.007413454462301253,-0.008125382954109273,-0.0071149496852642114,-0.007868224652034468,-0.0042355311
2023-04-27,0.03479134955090553,0.03489605192044455,0.03363833689245291,0.03144736613106337,0.02573945910195042,0.02960993575380422,0.03615917508626129,0.026453695565663973,0.03066644941907954,0.01990823
2023-04-28,0.015184415080685696,0.014671076566103301,0.014304762813128431,0.013411598044432396,0.01148671877113417,0.012739566337514035,0.015112710182639856,0.010943933235429833,0.013078442174354008,0.0085349323
2023-05-01,-0.002118755067021981,-0.0018737887308606744,-0.0021266214288025503,-0.0017984088758431147,-0.0017435025945206624,-0.0020221862056484683,-0.0018515685117878895,-0.0016954996845927844,-0.0018674008696130456,-0.0010098035
2023-05-02,-0.015288093292226095,-0.01663751089670404,-0.016900276937396326,-0.016757167551066213,-0.02057270286818776,-0.014837078682857574,-0.01797355966217131,-0.019725098021729955,-0.017375033267413385,-0.011239126
2023-05-03,-0.014059947787126522,-0.012301302739721371,-0.012066342040044045,-0.011893835047504249,-0.012282067190257592,-0.014077634428968108,-0.011743325750412667,-0.013160998074095888,-0.012595237985109344,-0.006864054
2023-05-04,-0.01084894782960496,-0.010876396198811693,-0.010554285957077393,-0.010594533642504985,-0.011250042465744063,-0.0088156411437086,-0.01141079874969081,-0.01114981204519896,-0.010584964531984764,-0.0070830063
2023-05-05,0.02504292842943893,0.02612862298116332,0.025205221196323128,0.02555623540936615,0.02684883455994509,0.020293953064497126,0.027561492285565977,0.022703524125603707,0.024656682452937714,0.018512608
2023-05-08,0.00015870394259969052,0.00022039274346602494,0.000237357055041719,0.00023145943563862386,0.00017281693095951099,0.00026518222585357503,0.0002635557517164622,0.00023191321218592073,0.00023456920733678474,0.00026652875
2023-05-09,-0.009079400878348637,-0.007362329357780695,-0.0075573834865211515,-0.007230708727691345,-0.0077324629088490636,-0.005919327290482554,-0.0066666516168205105,-0.008004072244646073,-0.007151523066432476,-0.0043852672
2023-05-10,0.009334109441805205,0.007959502307952471,0.007856558507000327,0.007744342510831204,0.00829555427267224,0.007902654092700334,0.007761888695290251,0.009223523257748828,0.008086211865920553,0.0046722912
2023-05-11,-0.003492367306727729,-0.003198296123500611,-0.0031812125625410555,-0.002986151821565563,-0.003141037113990995,-0.0028602779629072067,-0.0032473944147283717,-0.003327533629466018,-0.0030924065366681143,-0.0017438743
2023-05-12,-0.0019322853095811998,-0.001953603449612821,-0.0019269833741898613,-0.0019325057144763825,-0.0020465594395840734,-0.0019817440017350346,-0.002165676707241702,-0.0022197483786301317,-0.002023185636918909,-0.0013102677
2023-05-15,0.0051818888246657965,0.005275284931775353,0.005233291913559965,0.00527160516810387,0.0057347450259747365,0.005587669770602631,0.00543319470715873,0.006414511840328312,0.005537367573918663,0.0034499133
2023-05-16,-0.01073893828120238,-0.01043889914826847,-0.010282864323914754,-0.010426376988638103,-0.010993049825231659,-0.009234292444928639,-0.01074325651098209,-0.012062878889790636,-0.010531172078722022,-0.0066825698
2023-05-17,0.02408300002589386,0.021277917009987827,0.02109100172136657,0.02085273150802443,0.020963500871504174,0.02127294170222304,0.020947594805417743,0.02157319155544659,0.02113657813750496,0.012138937
2023-05-18,0.016342962183098223,0.015031638250694855,0.014871372354862307,0.014805897247362981,0.015472835519143455,0.01500177852229896,0.016403341387636692,0.0149661903400462,0.015206071827078373,0.009633119
2023-05-19,-0.0027395201717079327,-0.0025400837060507993,-0.0025862236706806984,-0.0024926011951390895,-0.0025334590760238726,-0.0025161592597399847,-0.0025557970197152557,-0.0023216567690402053,-0.0025047656785449957,-0.001454851
2023-05-22,0.00035153507880725514,0.0004927278951907252,0.0005116699454958165,0.0005382405089551598,0.0006859705029571007,0.0006245800594327246,0.0006057567198617124,0.0006354370924984939,0.0006044381042948672,0.00040595882
2023-05-23,-0.017416442984638875,-0.017428269552712657,-0.017090064858564763,-0.017550683463779266,-0.02144801328763383,-0.019529124793144923,-0.018133488363476148,-0.019091496180945935,-0.018505944801493014,-0.011222845
2023-05-24,-0.011989995119779695,-0.011349926020466444,-0.011334275228698768,-0.011376233673516867,-0.013657830482985717,-0.011175355749519228,-0.011777789867140284,-0.0121922610788529,-0.011779572117758338,-0.0072447683
2023-05-25,0.012297264085473112,0.012455422427222742,0.012072783175037086,0.012406720054009732,0.01161293083793334,0.011446733319065892,0.013526501164496827,0.012181566825673024,0.012218317837472313,0.0086598689
2023-05-26,0.02062771047685086,0.019460005423294676,0.019382510550714396,0.018849087485322626,0.017074373227379994,0.01860870258706014,0.020374015967989646,0.016714961693763887,0.01858246368869371,0.012950817
2023-05-30,0.0004835682229101634,0.0005240674899448324,0.000519886772895345,0.0005453791575071948,0.0004889288766805747,0.0004520330549099694,0.0005759560543609134,0.00048243627912639836,0.0005383136662662517,0.00038083654
2023-05-31,-0.010495908391340694,-0.009163402918764833,-0.009783681179023607,-0.009095507514939226,-0.008777485490857615,-0.008347175933010735,-0.009065942248420384,-0.008689701474665537,-0.00897081987728439,-0.0055451876
2023-06-01,0.014618974104359637,0.014242154393679289,0.013900871218837586,0.014453956528728449,0.014586531669880044,0.01392240561922936,0.015214226242227999,0.01559543562796793,0.014550531087367693,0.0095009634
2023-06-02,0.02741599616430489,0.024320488750260463,0.02396257840704297,0.024041676694812907,0.02144152035890668,0.022628799844046872,0.024320635392611985,0.024370936628362396,0.023541309361971272,0.01446114
2023-06-05,-0.0034475197173928556,-0.003171841641384749,-0.0033217707548324005,-0.003229016140117081,-0.003888271471266482,-0.0035363115383826673,-0.003283605423056031,-0.003711328435797601,-0.0034351949863603974,-0.0019161355
2023-06-06,0.003655886854577931,0.0035719895452315255,0.0035715904982994207,0.003674672218358549,0.004313845369637326,0.004046386010535119,0.0037082679605275016,0.00429736930100088,0.003954233854621573,0.0021773874
2023-06-07,-0.005180498580323757,-0.005262382402612068,-0.005162184006429527,-0.0054673246687856406,-0.006719487893232484,-0.005831716416397379,-0.005662704968101966,-0.006754867759974081,-0.00580095837305791,-0.0034575764
2023-06-08,0.011830546295213126,0.010794987146142663,0.011037625416997592,0.010960233623877541,0.012067114173576917,0.011925977515934391,0.0105399321047737,0.011778709751963507,0.011410373481277875,0.0060483283
2023-06-09,0.003389358090255704,0.003083770324927062,0.0029949163866459555,0.003161447893363911,0.0035830209775256144,0.0035060649329175116,0.003185063951013328,0.0034876364690380217,0.0032938718333875034,0.001794484
2023-06-12,0.018097332360827122,0.018010763283496115,0.017996542425207752,0.01803019008201208,0.018141811648508654,0.018122589711996373,0.017533914469482076,0.01811501326057627,0.018066706021183418,0.0090717969
2023-06-13,0.01218172547208482,0.01164670595447957,0.011475624136336553,0.011905132722479122,0.013177010399770544,0.01282238192928833,0.012354616536934903,0.013177036486859745,0.012465383347386337,0.0065929594
2023-06-14,0.0023048924439911167,0.002267860313434488,0.002256009458226617,0.002285754104373279,0.0023749341787644325,0.0023014787790327667,0.0023148572393978683,0.0023749341531839434,0.002324515569451429,0.0011907163
2023-06-15,0.0247940483860067,0.0246318525216931,0.024776193989900205,0.02404081024011393,0.02243014088070655,0.024110560500753588,0.024794038455276526,0.02479397858792271,0.024533676195825346,0.01239758
2023-06-16,-0.004024293078669856,-0.004762562073032485,-0.004759552916245741,-0.004989990773091311,-0.005492558163378526,-0.004939175398262668,-0.00529934736537097,-0.005912004621719894,-0.005140198573566368,-0.0034061821
2023-06-20,-0.008707215727625218,-0.008394809796977976,-0.008831690673846966,-0.008654195459568595,-0.008957509864396682,-0.009322568733362837,-0.007991205672982794,-0.008701465982278337,-0.008679613113406783,-0.0051882214
2023-06-21,-0.008256922062937674,-0.008038286265799452,-0.007925938389897517,-0.00837637828310839,-0.009603999131078983,-0.009944734674770186,-0.008112201886942637,-0.009673767465385372,-0.0087077828736099,-0.0051235481
2023-06-22,0.0070268335588899895,0.006080929843642543,0.005972222335720839,0.0062222692163595135,0.006869303093592633,0.007069464886820978,0.006148726455389197,0.007158548796970633,0.006508326326141557,0.0036097097
2023-06-23,-0.01413563829739209,-0.012292423197130264,-0.012125078716846796,-0.012738023471424033,-0.015168864583181034,-0.013898378208257905,-0.01314461014846666,-0.015123519815126147,-0.013701713984637353,-0.0075599981
2023-06-26,-0.007283390401428222,-0.006897295770184875,-0.0070843420273604555,-0.007096793894565894,-0.00817950146207252,-0.008203368029085912,-0.007117475287682123,-0.008179455065285241,-0.007623820500245678,-0.0040858877
2023-06-27,0.021814565642669984,0.02099162408462359,0.0210111448493067,0.02092045656596669,0.021922638626379363,0.02192572071115676,0.020647566597072568,0.021922638673351858,0.021860721991248916,0.010963383
2023-06-28,0.0009981466576252675,0.0009204841443828131,0.0008885342818778265,0.0009080972211542305,0.0009940020374260457,0.0009980390425094903,0.0009443123577286114,0.0009980420260781544,0.0009547659893626105,0.00050438309
2023-06-29,0.007881918128789385,0.00781485239012935,0.007798976548345616,0.007806460039796533,0.007869239940386666,0.007881918236244173,0.007834484748461453,0.00788191823326505,0.007849784826571721,0.0039412057
2023-06-30,0.018663308873555048,0.019609402693015983,0.019767868925334036,0.020009449019260262,0.023465900718339695,0.021433915000800493,0.02121940695429452,0.023114474815575957,0.021138329745757807,0.011800989
2023-07-03,0.002094599507530464,0.0020846473298154794,0.002097125323765722,0.002088866260979385,0.0022838622177746236,0.0021960556720141207,0.0021175701858436626,0.0022700728522959106,0.0021697565194322647,0.0011504422
2023-07-05,-0.0029752783838097865,-0.0028323901335759365,-0.002827959021241591,-0.0028217652860257117,-0.0029754670373410967,-0.00298148134050466,-0.0028574787687630585,-0.0029754532947657945,-0.002939671856065726,-0.0014871681
2023-07-06,-0.01566278215103865,-0.015713005294290962,-0.015717671825405705,-0.01571388947511351,-0.015662782340537605,-0.015662788381830564,-0.015704691669553003,-0.015662782326733442,-0.01567319761259245,-0.0078306448
2023-07-07,-0.005057572762386933,-0.0050576241932776605,-0.005057628972294273,-0.005057625098767948,-0.005057572762580979,-0.004991693863865664,-0.005057615679367474,-0.005057572762566844,-0.005057583427884287,-0.002524808
2023-07-10,0.005059851960480516,0.005059851908656595,0.005059851903841057,0.005059851907744185,0.00494783142197046,0.004739274299048761,0.0050598519172355685,0.005059851960480335,0.005059851949733515,0.0025311988
2023-07-11,0.012734424877037256,0.01273442487708869,0.012734424877093468,0.0125250571358592,0.011789309255639827,0.012289852095459948,0.012734424877080175,0.012734424877037256,0.012734424877047922,0.0063684704
2023-07-12,0.016085654292934275,0.016085654292934227,0.016085654292934223,0.01607034715076742,0.016016459122280613,0.01518079364945757,0.016085654292934234,0.01572029141366922,0.016085654292934265,0.0080459701
2023-07-13,0.014348614842654997,0.014748094367389483,0.014836654490461116,0.014211715987322536,0.014377380400825706,0.013741027674147525,0.015356077812123538,0.014848573334962126,0.014561608614853578,0.0079369346
2023-07-14,-0.0013425201711835487,-0.0013193602728305822,-0.0012960011198977239,-0.001298087205875979,-0.0013397703581208896,-0.0013809800517970228,-0.0012841472956058697,-0.0013148085138461306,-0.0013301695486273978,-0.00062295655
2023-07-17,0.006943853269051484,0.006943876476255924,0.006937126470327109,0.006921914789912663,0.00694433614543224,0.006943814728235238,0.006943911759096358,0.0069438810371857075,0.006943865645035203,0.0034722869
2023-07-18,0.01485770597344388,0.01485770595047617,0.014857712630867723,0.014857727685994908,0.014857705495550926,0.014857706011586964,0.014857705915557445,0.014857705945962309,0.014857705961195615,0.0074305768
2023-07-19,0.004440252805381988,0.0044402528054044545,0.004440252798870038,0.004440252784143888,0.004440252805849439,0.0044402528053446785,0.0044402528054386095,0.004440252805408869,0.004440252805393969,0.0022237856
2023-07-20,-0.013271195069037001,-0.013271195069037022,-0.013271195069030533,-0.013271195069015904,-0.013271195069037465,-0.013271195069036963,-0.013271195069037057,-0.013271195069037027,-0.013271195069037012,-0.0066344942
2023-07-21,-6.725962428451915e-06,-6.725962428452137e-06,-6.725962428445476e-06,-6.725962428430377e-06,-6.725962428452581e-06,-4.351236727444974e-05,-6.725962428452137e-06,-6.725962428452137e-06,-6.725962428451915e-06,0.0
2023-07-24,0.008934535473992332,0.008934535473992332,0.008934535473992332,0.008668265332198423,0.008934535473992332,0.008651203487538119,0.008934535473992332,0.008934535473992332,0.008934535473992332,0.0044672711
2023-07-25,0.005215555019183995,0.005274514918449407,0.0051673379643806285,0.0050716053771185906,0.0054557050951123945,0.005420301907636415,0.0054557050951123945,0.0054557050951123945,0.005428480825905207,0.0027300664
2023-07-26,0.0002666390048393075,0.00027568638552046736,0.00026399467606712614,0.0002685685465626831,0.00025275921015694455,0.0003038271252271601,0.00030485039089814486,0.00030485039089814486,0.0003011410341206134,0.00015378062
2023-07-27,-0.013260209428300414,-0.013260218472167023,-0.013267073573103801,-0.013300794323536223,-0.013304176046484525,-0.01322235605360723,-0.013260247623731255,-0.013260247623731255,-0.013262891593988406,-0.0066300483
2023-07-28,0.013459971088750316,0.015188624428750486,0.015278919388076111,0.015468466128563155,0.01873277614891265,0.015685896594336064,0.01806683599593914,0.016912876157688772,0.01637774817843366,0.0097902649
2023-07-31,0.002846700677077487,0.0030300783182039973,0.0029337796231342903,0.0030554405725015505,0.0032291790145655727,0.0031732399799363356,0.0032169519365222755,0.0033763792785778866,0.003166667195310788,0.0019041419
2023-08-01,-0.005117756612136059,-0.00489528101104039,-0.00500529490850466,-0.004943017002378025,-0.005855271686648691,-0.005403087548544938,-0.004971639452995454,-0.005650161457850479,-0.005239250567479741,-0.0028617175
2023-08-02,-0.027944597349297978,-0.025612844738345783,-0.02597106925650638,-0.02529925861927154,-0.027824341185495823,-0.027890132544541184,-0.025753452742315986,-0.027845398283426987,-0.026999884103456526,-0.013910665
2023-08-03,-0.005746036779094884,-0.0056788902549545885,-0.00555272472116891,-0.005491995580087931,-0.0057459112952417115,-0.005564358135553952,-0.005796662094818101,-0.0057459332654765626,-0.005750366307600841,-0.0028657997
2023-08-04,-0.008626788996441941,-0.008165733138052498,-0.008002013760353897,-0.007844944543270315,-0.0080930311451872,-0.008215132832477486,-0.008810700877704306,-0.009048527378260044,-0.008318382057942952,-0.0045228153
2023-08-07,0.015508901352426841,0.015384811219273316,0.015420959554027806,0.01476805068242568,0.0141155398956212,0.012377300806346372,0.016286070902236514,0.014879238808423364,0.014657669499410681,0.0087284912
2023-08-08,-0.005993625798972084,-0.006589721812031326,-0.006419183370066846,-0.006525693690475629,-0.006231688797556078,-0.0067152204389588025,-0.007261172906916766,-0.00770156784563389,-0.006718781644375494,-0.0043485857
2023-08-09,-0.013255335975623927,-0.011956611865633012,-0.01202713319437631,-0.011670902054531274,-0.012213104358917341,-0.012830375519728664,-0.01164655495524222,-0.011345835258382255,-0.011934553114464291,-0.0066853112
2023-08-10,0.0005687082744335429,0.0005427183154384852,0.0005243079639318143,0.0005429434807739709,0.00047533052668666503,0.0005260209753681425,0.0006258728140500124,0.0005862460430979255,0.0005682715788572258,0.00035894678
2023-08-11,-0.0010360980822271648,-0.0009651927414575993,-0.0009529790301513336,-0.0009521285879448449,-0.0009330142951917281,-0.0010039672575518144,-0.0010148785993437887,-0.001076192209540239,-0.0009832796937608013,-0.00058330122
2023-08-14,0.006427996533045746,0.007136943378085802,0.007011202005862522,0.0074247873170080955,0.007564611289081205,0.008186664929566033,0.00799926444043229,0.008547159043206402,0.007661250299742616,0.0055201796
2023-08-15,-0.019006527848549976,-0.018097498215929996,-0.018366446130322758,-0.018371878544253956,-0.021867140739441352,-0.020455715199270544,-0.018378947692077055,-0.02301007641261054,-0.01963175016153299,-0.011648832
2023-08-16,-0.014863251468390525,-0.012976277282798213,-0.013427800919186609,-0.012916925300479557,-0.014738176611773124,-0.013612696188202844,-0.013569277170269352,-0.014685868569248712,-0.013874195492315755,-0.0073381579
2023-08-17,-0.012810054398246416,-0.012019548003936328,-0.011750609776212225,-0.011975312558346841,-0.011824868198731938,-0.011710851220447974,-0.013468668744596186,-0.013752786641658708,-0.012317133899956458,-0.0076198731
2023-08-18,0.0005890293005324474,0.0006421089020935207,0.0006439817669959695,0.0006444733473860672,0.0006956156121767523,0.0005669012239197893,0.0006874576969254326,0.0006916531669358709,0.0006517404020924154,0.00048130103
2023-08-21,0.010074539307501075,0.010001229931746328,0.009852346213964434,0.009748551146857909,0.008792145317458512,0.009908710953147487,0.010446374816214835,0.009108265555124097,0.009714290422185247,0.0065063034
2023-08-22,-0.004334855024799195,-0.004233603624350855,-0.0042749513988848496,-0.004174617438534762,-0.0036675547154271355,-0.0041326920485456695,-0.004436543535960824,-0.003971715941969081,-0.004112372359628269,-0.0027085587
2023-08-23,0.01937371851135718,0.017800107035399068,0.01786190340610737,0.017569845239897484,0.01611064407658533,0.016679491469045675,0.01887338857730375,0.017635699893338637,0.017468999738082528,0.011137666
2023-08-24,-0.022051861497289462,-0.021201705054080432,-0.020770999357627076,-0.021130892777567637,-0.01968834697077619,-0.020920212240451694,-0.022977930679296543,-0.021916911535512347,-0.021184769595953556,-0.013859215
2023-08-25,0.013899314021937432,0.012852590701169255,0.013229484838847632,0.012530022782555874,0.011906790001857386,0.012984382588401901,0.013245819799244371,0.012157845054621388,0.012680720806284103,0.0070498717
2023-08-28,0.008732142980363369,0.009273281685327376,0.008934133451662616,0.009274660121011765,0.0089147247836335,0.00847751435715375,0.010377816045419739,0.00990677085479492,0.009275868731625076,0.0063413764
2023-08-29,0.013318055529809799,0.016225746162039718,0.01663616536616954,0.01744608872957523,0.020351544196354043,0.01809199446662947,0.017818973146050764,0.022422723760090704,0.01822871769832402,0.014454832
2023-08-30,0.007253070568563944,0.006336043108394662,0.006286260214408355,0.00650099179118766,0.006715774608552266,0.006896824912052634,0.006081862543881353,0.007119165994569826,0.006541585264942037,0.0041187999
2023-08-31,-0.002636761098887231,-0.0023086378853995576,-0.00249370536435596,-0.002384520487662491,-0.00241481528299144,-0.002484503413002205,-0.002538870875374257,-0.0026873939018540014,-0.002458652707613112,-0.0014632904
2023-09-01,0.0030248057439171278,0.0027448239985114198,0.002695223691966582,0.0029220345591736687,0.003146383199806408,0.0031491561298137845,0.0031157075487746586,0.0034156215929813604,0.003020832846855822,0.0018650988
2023-09-05,-0.008818428662427746,-0.007512543282949752,-0.007331550855724787,-0.007756186016027974,-0.008650810474512292,-0.008630191240815458,-0.007991367344581715,-0.008727013021231318,-0.00805340582841124,-0.0043219845
2023-09-06,-0.012263601992082,-0.011653024840759954,-0.01131650395256441,-0.012009775521893912,-0.01345547331009928,-0.013197171216745646,-0.01233987619834077,-0.013449330609706402,-0.012706235771262472,-0.0067224434
2023-09-07,-0.006230673413511218,-0.006244390031710256,-0.006165959085587534,-0.006128084930273819,-0.006080842765965122,-0.005958766531282157,-0.006217495821815257,-0.005929600431900202,-0.006076166835310183,-0.0030702315
2023-09-08,0.002439618477309362,0.002444245742198966,0.0023854553138575553,0.0024837972863172497,0.0028829837571175765,0.002579715330721806,0.00272573209492344,0.0028946811278870266,0.0026165819287969233,0.0015062687
2023-09-11,0.011547766033507217,0.01147257641207059,0.011841185287240867,0.011481266705758407,0.012231483464039706,0.011634530834686994,0.011839840635035391,0.012327999931246864,0.01184465858505017,0.0065765037
2023-09-12,-0.011095801220019338,-0.010398526133907812,-0.010331575113063552,-0.010346670878106451,-0.0110440114556831,-0.010696670660646213,-0.010552881335745631,-0.01098306604736636,-0.010698702071135102,-0.0054855707
2023-09-13,0.0023262610210136626,0.0022778500990398042,0.0022660173026386415,0.002256372788554724,0.002326313686225808,0.002215348851019151,0.0022796185210777866,0.0023309572069677913,0.002305602895457765,0.0011659671
2023-09-14,0.017243656398961162,0.0165382304743672,0.01637806555955185,0.016228457930461224,0.017243656346479005,0.01649631702081752,0.017119811142767647,0.016833205455550213,0.01682226666313559,0.008622407
2023-09-15,-0.02227207668645692,-0.021889281853767564,-0.021672897885025046,-0.021948260027397786,-0.024009009822598813,-0.021544374173236954,-0.0227349161574384,-0.02412729219489318,-0.02254034220667793,-0.012048388
2023-09-18,0.0011041476417670956,0.001088696015114949,0.001079422724326096,0.0010920853124630019,0.001164775673078623,0.001073491171952017,0.0011251451055555456,0.0011607711792630934,0.0011171327207681848,0.00058657436
2023-09-19,-0.004148458802434748,-0.0041231327799352785,-0.004034024986801237,-0.004059728867545475,-0.004148519328621789,-0.004101073041398877,-0.0041484797654563555,-0.004148515331080914,-0.004148471766318053,-0.0020739709
2023-09-20,-0.018388469129680094,-0.018392065937054926,-0.01842052023570291,-0.0184123097061474,-0.01838846919058503,-0.017620025375621996,-0.018388469150774293,-0.018388469186562475,-0.0183884691427251,-0.009193193
2023-09-21,-0.03306608553067838,-0.033066089229202456,-0.03306611848913606,-0.03216254554934605,-0.03306608553074101,-0.03163204459802073,-0.03306608553070007,-0.03306608553073687,-0.03306608553069179,-0.016528359
2023-09-22,-0.0035463608899194287,-0.0038625002855656194,-0.0037561765537765003,-0.003814398972514645,-0.0040042244975066815,-0.003801212712535267,-0.004060363831621484,-0.0036072149993370303,-0.0038475257077634447,-0.0022486477
2023-09-25,0.007078683184023803,0.007191520711683139,0.007120110789021265,0.006888532786613804,0.006564309282322803,0.006603646042351268,0.007192912605500656,0.005684634992438504,0.006744014635414299,0.0042051364
2023-09-26,-0.021204185004987507,-0.022530323171253863,-0.022455424659876235,-0.022120550176517637,-0.020915792493227822,-0.020592352907750442,-0.02358668496805994,-0.020095603652007393,-0.02169295288196041,-0.014691254
2023-09-27,0.00048206868528746197,0.0004954457776519042,0.0005666190407983713,0.0005179156222020124,0.0005293440369303749,0.0005368497936298584,0.0005388938737175542,0.0005447452477660008,0.0005398826569348486,0.00039920316
2023-09-28,0.008918033696996926,0.008518191395902578,0.008347228099668463,0.008279498603155936,0.007287508326020124,0.008542393324222245,0.008914989496672143,0.007941392347292098,0.008263149553298684,0.0057973976
2023-09-29,-0.003040493306978847,-0.003172686088005793,-0.0031489595717499068,-0.003172424424426369,-0.003067149974975583,-0.003298353408267973,-0.003473262912184559,-0.003163123123302474,-0.003207949533419135,-0.0024267961
2023-10-02,-0.0004749082550868489,-0.0005118278849340971,-0.000508844055523291,-0.0005128139959581947,-0.0005133163888867396,-0.0005301195583664177,-0.0005705228275030503,-0.0005397149993164838,-0.0005200163054105775,-0.00039778278
2023-10-03,-0.01528581952371192,-0.015799948813656328,-0.01550693934301248,-0.01643714434864921,-0.01717964964458541,-0.017044527554174738,-0.01688984697049481,-0.01760216996087691,-0.016605756951666627,-0.013385949
2023-10-04,0.007833799427518778,0.008189089244586356,0.00827344747180112,0.00857549982679071,0.00901618891670891,0.00780976980599307,0.008852733908557354,0.009504838685283746,0.008572450959349484,0.007281911
2023-10-05,-0.0005179008747964141,-0.00045910865203314905,-0.0004293205265755816,-0.0004498677043678184,-0.0004762005584274848,-0.0004934222046011407,-0.00048567205592290875,-0.0004990798163488806,-0.0004502930952067664,-0.0003768612
2023-10-06,0.01299134569402968,0.013158775912980402,0.013156338694866999,0.013782356367839472,0.01372119904764253,0.014228883592286917,0.014419210018894364,0.014009899994120079,0.013769961784419143,0.011872778
2023-10-09,0.008202423717979957,0.00772966275989967,0.007660942854500192,0.008003115044750422,0.007880389191312447,0.007814497536315692,0.008158809841204026,0.00775275309738159,0.007853574577340903,0.0064022718
2023-10-10,0.005807429415944777,0.005906695828608529,0.006191692999429069,0.006271117118807146,0.006556716303719283,0.00649434414274573,0.006442144913491576,0.007300460146987759,0.006451739849342753,0.0052047664
2023-10-11,0.005952592466710859,0.005361134445494103,0.00538495433933754,0.005536325614794991,0.005376689828934951,0.005351223924297361,0.00551568112221764,0.005488532623342168,0.00543730976448235,0.0040963297
2023-10-12,-0.010259653865353506,-0.008789232378127126,-0.008598079699400865,-0.00902770128110136,-0.008881633764842939,-0.008818851293417437,-0.008563231193765451,-0.008890999434473731,-0.00879329681350172,-0.0060964577
2023-10-13,-0.008731794325507844,-0.007655955080757763,-0.007545668448053417,-0.007836638760186363,-0.008270227348657762,-0.00756300984450655,-0.007499956506226291,-0.008068174057785024,-0.007768188622360978,-0.0049807299
2023-10-16,0.015431235806670057,0.015115211312205399,0.014910680500234792,0.015554853377478122,0.016354399066533364,0.014631786402916805,0.01594415014482053,0.016466181322594618,0.015542697647061237,0.010521348
2023-10-17,-0.00020963225855680147,-0.00013445513449259391,-0.00013198657605717804,-0.00014125710371902056,-0.000193523046902669,-9.634446737454713e-05,-9.941470384584782e-05,-8.735451006762844e-05,-0.00012764105561304857,-4.5896309e-05
2023-10-18,-0.021479349286741063,-0.020160320159471105,-0.020103893732713873,-0.02054740017343807,-0.020987380092235882,-0.019655023401719776,-0.019923688390612232,-0.021936039120168477,-0.020450968801910763,-0.013325092
2023-10-19,-0.012386771021019963,-0.012322383258221773,-0.01245022636518443,-0.012682164857578783,-0.012538453376983177,-0.011865123785750643,-0.01301612908671104,-0.013735705997652644,-0.012635082585620353,-0.0087863778
2023-10-20,-0.013610985482844841,-0.014740114894445879,-0.014543289980799788,-0.015287168013916674,-0.014778298108983925,-0.015520699835259322,-0.016887294784686768,-0.016881270613607207,-0.01546605336969043,-0.012288052
2023-10-23,-0.001533815293916135,-0.0017718036642526613,-0.0017400037558915392,-0.0018729511648058834,-0.0018522797532666288,-0.0018570286259034213,-0.0021355365712376036,-0.0021105441604248433,-0.00189481197903006,-0.0017333045
2023-10-24,0.00817074944741886,0.0083753106049461,0.008246840453863128,0.008675643271061866,0.008435632561366858,0.008327446204744623,0.00875722438914081,0.00844946115797746,0.008466988876331339,0.0075393927
2023-10-25,-0.0152186532145311,-0.015332843142876723,-0.015537171508742651,-0.016133590704684172,-0.016178976550654336,-0.014837583699983118,-0.016344705582841297,-0.016787942154196708,-0.01584758885869781,-0.014352119
2023-10-26,-0.017224277578888912,-0.014624006473259623,-0.014536062276957772,-0.015393372180397406,-0.014594736885517077,-0.015019002060404634,-0.014337155299160758,-0.01487438881372393,-0.014762396206472891,-0.011974615
2023-10-27,-0.006092253209222188,-0.0054653855444353585,-0.005375396549060398,-0.005636525569070474,-0.005232874529277882,-0.005218519471048414,-0.00559965647755558,-0.005529259078263168,-0.00542709471510465,-0.0045328149
2023-10-30,0.01168413044152375,0.012800733788051145,0.012531587560273833,0.013285365244403373,0.012763547168644555,0.012052075815118683,0.014173669171486205,0.013623860591480338,0.013000447867181682,0.011955797
2023-10-31,0.007319094235458955,0.007351981070207709,0.007225946829410071,0.007488054937745185,0.006935458732320428,0.007042578797439361,0.0075773215476661986,0.007030676562488599,0.007230876152398478,0.0062803958
2023-11-01,0.014885345595710836,0.013904278719350396,0.01395378587623083,0.01412316907936785,0.013628246165871891,0.012853820371501503,0.01359320922052651,0.012884520256228544,0.013545810253803085,0.010664693
2023-11-02,0.027295090572763456,0.025237923040204422,0.02606225458245762,0.026207261914997663,0.02566981743895539,0.02375300962657844,0.025474376390547074,0.025595513793727362,0.02540508583547381,0.01916434
2023-11-03,0.011062004026755582,0.011082968978473443,0.011444734327642564,0.011905531432541316,0.01275511394775611,0.011471330642315588,0.012029814291229499,0.011089621816601513,0.01167079770205758,0.0091233803
2023-11-06,0.00421127746733038,0.0035515827239513513,0.0036061451422430453,0.003709864399014315,0.0039291615902615935,0.0038178069692973208,0.003303378003676128,0.003340730022507083,0.003592927190585446,0.00230049
2023-11-07,0.005125049827825709,0.004599870047524345,0.004689368527054179,0.004814610475102078,0.005222521564898274,0.004795697421447084,0.004418951590683732,0.005184519964220041,0.004811723037160215,0.0028459734
2023-11-08,0.001378040063597266,0.001239074776464524,0.0012558768124082535,0.001282644701133494,0.0013833280091066478,0.001276404989187465,0.0011844323186409836,0.001401776554409009,0.0012849053894886193,0.00073255622
2023-11-09,-0.015598445395565085,-0.015135281535661477,-0.015214145017482125,-0.015134896430598604,-0.015533400673966063,-0.014628390800638017,-0.014482494262289626,-0.015608441413144065,-0.015198523132021486,-0.0077989004
2023-11-10,0.029981512697607245,0.02945152079447887,0.029111049755959545,0.029562704242143946,0.030420307977332327,0.029818353791397134,0.03017489904527013,0.03016479545711889,0.029816978777642875,0.015604789
2023-11-13,-0.0015368882857884523,-0.0016047162410668175,-0.0015799305789003144,-0.0016345543414171754,-0.0017146272929968412,-0.0016628446129607153,-0.00169528505796497,-0.001740345880545788,-0.0016590999333689685,-0.00095325272
2023-11-14,0.03606781605270799,0.03442303886698585,0.03650456724190702,0.035379170277303126,0.038507757331791584,0.03578660417423674,0.03319592966287463,0.03669762262280098,0.035711728151055847,0.019400845
2023-11-15,0.004156056973028842,0.004112208772558796,0.004165027350955766,0.004124757212900414,0.004212520655524796,0.004002306255182605,0.003935138803890165,0.004166189681984855,0.004127045232261997,0.0021170861
2023-11-16,0.002443872668133096,0.0021920635867848544,0.0021965062260829488,0.00226517397301713,0.0024438165554776267,0.002345960550834074,0.002345448035254954,0.0024438625979532076,0.0023534283006571284,0.0012229516
2023-11-17,0.0024868486554333047,0.0023443196782902886,0.002326477191831273,0.002383017369498627,0.00248684871134099,0.002304092080283045,0.002417642096794392,0.0024868486654666994,0.002445459063282905,0.0012440333
2023-11-20,0.01539387046767124,0.01488798609689081,0.014865223642876242,0.015027412552081756,0.01539387046761554,0.01533036596622031,0.01508022264733884,0.015393870467661245,0.015385435243388548,0.0076975551
2023-11-21,-0.004366567035441493,-0.004397799145132228,-0.004398463934765395,-0.004389171123146484,-0.004366567035441438,-0.004366504963861056,-0.00438641915770976,-0.004366567035441483,-0.0043665587909974945,-0.0021794937
2023-11-22,0.007719610534778615,0.007719579095800122,0.007719578426585753,0.007719587781167805,0.007719610534778615,0.007719610597259368,0.007719590551392372,0.007719610534778615,0.007719610543077406,0.0038609036
2023-11-24,0.0012265530525918922,0.001226553083670572,0.0012265530843321168,0.0012265530750847405,0.0012265530525918922,0.0012265530525301274,0.0012265530723462635,0.0012265530525918922,0.0012265530525836885,0.0006151911
2023-11-27,-0.0031701960748891024,-0.0033614407236377242,-0.0033062999020145698,-0.003386607105535059,-0.0036022714130033483,-0.0035571005916724932,-0.0036022714130230665,-0.0036022714130033483,-0.0035329787506209577,-0.0018008304
2023-11-28,0.0018158241072531588,0.0018896082229250591,0.001868331432361701,0.0018993197754252505,0.001978477266246876,0.0019651250854710784,0.001978477266246856,0.001978477266246876,0.0019558134194857767,0.00099014261
2023-11-29,-0.0014076895649224022,-0.0014077631491808986,-0.0014077419311343254,-0.001407772833620818,-0.0014078517631196685,-0.001407838450270672,-0.0014078517631196685,-0.0014078517631196685,-0.0014078291658242371,-0.00070343269
2023-11-30,0.007874287950352507,0.007874287876612545,0.00787428789787549,0.007874287866907612,0.007874287787811086,0.007874287801152107,0.007874287787811086,0.007874287787811086,0.007874287810456203,0.0039374966
2023-12-01,0.011827820565886998,0.011827820565959875,0.011827820565938861,0.011827820565969467,0.011827820566047639,0.011827820566034453,0.011827820566047639,0.011827820566047639,0.011827820566025259,0.0059158633
2023-12-04,-0.007997852150782551,-0.009175506338084416,-0.009348553322810817,-0.00918674939147785,-0.009902095983726012,-0.009081843470579203,-0.010126550731635124,-0.010062778160886632,-0.009534252147143174,-0.005249346
2023-12-05,-0.0005127052137005244,-0.000392753111536212,-0.0004445872917838482,-0.0003889003740580311,-0.00045203710718340497,-0.0005395052888848614,-0.00039756534197936475,-0.0004348856758771689,-0.0004366441749546703,-0.00019712551
2023-12-06,-0.008161228418705738,-0.008157463390276886,-0.008106998147516855,-0.00808580290959482,-0.008059798026878796,-0.008059885564594296,-0.008120667737417037,-0.008059780863609355,-0.00809849948744719,-0.0040297715
2023-12-07,0.011726102002860226,0.012133706181947765,0.012240672317888996,0.012349112741669837,0.014769428295401657,0.01516261803622094,0.013974728657280836,0.01525665064572725,0.013581704149243541,0.0076303567
2023-12-08,0.008193614585597891,0.007520553392726433,0.00732250864588773,0.0075093952441604534,0.008561845471086273,0.007796555472913407,0.008016525063371003,0.008371941694778014,0.007900520614527222,0.0042993165
2023-12-11,0.007750843378235687,0.007596474942334339,0.007633307396743506,0.007382547791890212,0.007774697256330321,0.007437790468761442,0.007710003449633525,0.007562694062957676,0.007663535495153559,0.0038894618
2023-12-12,0.007470456398516802,0.007651222327660843,0.007921763467583377,0.007775716332517071,0.009130295738038266,0.009093435078591712,0.00842142007106514,0.00910288964646537,0.008659195299946956,0.0045670755
2023-12-13,0.027413585105286978,0.027430315394790933,0.027457608595257095,0.027439427962989534,0.027576016066353463,0.02757605242966405,0.02750628235773188,0.02757604310241027,0.027528938406311362,0.013790269
2023-12-14,0.006405336383016082,0.0064053203153094165,0.006405294104146193,0.006405311563853565,0.006405180407055428,0.006405180372142716,0.006405247363507964,0.006405180381097888,0.006405225608775951,0.0032092981
2023-12-15,-0.002507114483459154,-0.002747978552418507,-0.002985772609228727,-0.0028125209126168846,-0.0031556674737708832,-0.0030696016915446336,-0.003028910518648531,-0.003263806670411148,-0.002994849905072986,-0.0016465288
2023-12-18,0.008740584876244384,0.009107111222311372,0.008960482314006394,0.009404517904132494,0.011100066884938482,0.011155670492313991,0.009443073858075069,0.01019179985807108,0.009979392805903153,0.0056252221
2023-12-19,0.010808964651815163,0.010531149020280949,0.010469048024046263,0.01072393911620525,0.012147160237792975,0.012156155566802222,0.010643764923214541,0.011972147038108881,0.011431181244373206,0.0060808125
2023-12-20,-0.02782060433495606,-0.027847378964322312,-0.02785185020075338,-0.0278326629299349,-0.027720385543208055,-0.02772039437723536,-0.027840019611589086,-0.027728954861564823,-0.027774494471261183,-0.013857196
2023-12-21,0.018949259004448746,0.018949231067278534,0.018949226401753328,0.01894924642246614,0.018949363561031336,0.018949363551815892,0.018949238746323992,0.018949354621648123,0.018949307112772585,0.009481811
2023-12-22,0.0024854165537015935,0.0029372679472250097,0.002792988088358608,0.002990863014123348,0.0036014213294972143,0.003383462469606592,0.0036182283387542406,0.003522390077513805,0.0032390046115730858,0.0020097965
2023-12-26,0.00590198424835025,0.006569883961971369,0.0065717305687093336,0.006699263450796894,0.00693255001188266,0.006819063904619105,0.006793538485833081,0.006829632901642359,0.006754280297861139,0.004222269
2023-12-27,0.0033151136866240265,0.0032971292337565456,0.003282614221644888,0.0032652937527116966,0.0034449693499110524,0.003428519223418533,0.0032133662651149496,0.003409074367995773,0.0033760219573953434,0.0018082335
2023-12-28,0.0007540545387866443,0.0007174633846604614,0.000710728505661386,0.0006996570332731497,0.0007539253232971365,0.0007539416904763644,0.0006711877052331337,0.0007450097179789371,0.000737705477363775,0.00037777822
2023-12-29,-0.005790611992799709,-0.00557727133745926,-0.005570046468580672,-0.00555857576929534,-0.005790611863730113,-0.005790611880078814,-0.005790529212684485,-0.00579060295811062,-0.0057905956619327854,-0.002895118
2024-01-02,-0.011195416158329871,-0.011234313536702862,-0.011235834212643023,-0.011238248576308592,-0.011195416158199672,-0.011195416158216164,-0.011195416074825135,-0.011195416149216096,-0.011195416141856051,-0.0055962519
2024-01-03,-0.016339023758962436,-0.016339063321052432,-0.016339064867778204,-0.01633906732351073,-0.016339023758962304,-0.01633902375896232,-0.016339023758877507,-0.016339023758953165,-0.016339023758945682,-0.0081666806
2024-01-04,-0.006304089736817725,-0.0064504587297796005,-0.006450458731365082,-0.006305031483835037,-0.006450458689226221,-0.006450458689226221,-0.0064504586892261346,-0.00631068438819756,-0.006450458689226204,-0.0032210753
2024-01-05,0.002311123371372135,0.0024112735065517513,0.0024100794882630956,0.0023615523510180096,0.0023552564427968057,0.0025680139994461964,0.0025831522727946246,0.002159973108536481,0.002393540966671958,0.0013696686
2024-01-08,0.028430107137913874,0.02846402127925778,0.028463703384410326,0.027235677104778228,0.02698966150065257,0.02850574521796181,0.028476561127179893,0.025747133774931256,0.027677915257777866,0.014275917
2024-01-09,-0.002465002726594146,-0.0025826952747185815,-0.0026165361776743046,-0.0025732405458830532,-0.0027759523979614736,-0.002687441146744295,-0.002740793792218338,-0.0031404288929693207,-0.002694597139036535,-0.0015171943
2024-01-10,0.011039037196662419,0.010236616718595623,0.010908312083774886,0.010229307337084808,0.01121737079457517,0.011148702664793021,0.010395787357482596,0.011309833651694965,0.010906409831219745,0.005655731
2024-01-11,-0.0008821340735712036,-0.0008079971368242289,-0.0008688166934940468,-0.00080480781554144,-0.00087826696403645,-0.0008871741273702677,-0.0008380553518972929,-0.00088733259083261,-0.000857449497572171,-0.00044087086
2024-01-12,0.0013377741012666347,0.0012435945894975998,0.0012564549711636943,0.0012507905106620403,0.0013439652497985377,0.0013852494404323304,0.0013106519943915063,0.00123447921399739,0.0013188752813454887,0.00069284807
2024-01-16,-0.004934868641991865,-0.005341470374872808,-0.005247408045321076,-0.005612473259621608,-0.006270611853474544,-0.006127594320660149,-0.005996314843231991,-0.006761884140323448,-0.005861153004495952,-0.0036713726
2024-01-17,-0.010248199863381996,-0.009553217684772132,-0.009353620829593309,-0.00979120146496183,-0.010664805892671703,-0.01071830056596441,-0.009410991261299514,-0.011195935713167203,-0.010140549733092,-0.0055586292
2024-01-18,0.01443620368549941,0.014099825172101843,0.01403727671624783,0.014489117620546853,0.015506185462111454,0.015716920279153238,0.014921679365430063,0.016759333058845458,0.015015387769280877,0.0088928775
2024-01-19,0.02406764149849846,0.021359394581916526,0.021521702589456924,0.021400716422012838,0.02177873953321907,0.022632802184549466,0.022207395894441234,0.02092263887971069,0.021701818354075527,0.012466149
2024-01-22,0.00389852063432242,0.00351697661300729,0.0034856774798639936,0.0035808412306718015,0.0033396343870871594,0.0037153734159625176,0.0037984988536641983,0.0034464331551652765,0.0035540385179535544,0.0021142565
2024-01-23,0.005760808654584603,0.005407088514174552,0.005515053489369833,0.005400898355608643,0.005300165931417219,0.005714378140005741,0.005606987206085327,0.0054019581145068035,0.005487779743479802,0.0029165437
2024-01-24,0.0021833086264598607,0.0020644170072809326,0.001989261637749831,0.002056951812523498,0.0020670920826970592,0.002183354662602247,0.002152563128278039,0.002132251522169146,0.0021176598047501884,0.0010930683
2024-01-25,0.010876855734818974,0.010821812810434983,0.010804938377405683,0.010818740493117922,0.010837160466753202,0.0108768556889331,0.010872961949843525,0.010876906627863248,0.010854259354586154,0.0054389718
2024-01-26,-0.002423441247466699,-0.0024356590201317476,-0.002400774898367265,-0.0024288082830411385,-0.002445184177313989,-0.0024691416856502395,-0.0025463015420852907,-0.0025103544766330384,-0.002465236907536669,-0.001270463
2024-01-29,0.015174751225747317,0.01507650377404505,0.015106995872324685,0.014890775614108712,0.01531545104239786,0.01579680228261628,0.015695379051306354,0.0158236206142068,0.015415745887918855,0.0079193733
2024-01-30,-0.0015936347715485594,-0.0016006464273811908,-0.0015971150478522567,-0.0016126052624213993,-0.0015852987670094813,-0.0015546112659506573,-0.0015628857675995594,-0.0015546374617949703,-0.0015795582136816976,-0.00077342817
2024-01-31,-0.032635345515797685,-0.03263535254446412,-0.03263534900450496,-0.03263536453253962,-0.032635337159698075,-0.03263530639942291,-0.032635314693361,-0.03263530642568006,-0.03263533140538749,-0.016317262
2024-02-01,0.026159489404026234,0.02615948939663788,0.026159489400358994,0.026159489384036328,0.026159489412809947,0.026159489445144346,0.026159489436425976,0.02520332906744793,0.02615948941885873,0.013088179
2024-02-02,0.01298225161287938,0.015623790235355652,0.015101086038625028,0.015968923621143365,0.01622304396698775,0.01652253268619119,0.018315813985810135,0.015309987544162006,0.01609250023759416,0.01052736
2024-02-05,-0.005242935611774568,-0.005713592963263527,-0.005908006048888071,-0.005890322954443392,-0.006234751051317407,-0.00601168917251717,-0.005923666608062958,-0.005652820950449617,-0.0058836463423501935,-0.0036411959
2024-02-06,0.0038345659570507844,0.00414390608898899,0.004097454734846637,0.004382502112892818,0.004998499919593222,0.004705162017530586,0.004330880703856285,0.0055791929619899705,0.004630710337561458,0.002903254
2024-02-07,0.014323533611410779,0.013313262258483548,0.012971247969996831,0.013852932290844513,0.0161594890422858,0.015222294881476969,0.01346865802274007,0.01667820430778497,0.01443304309236125,0.0083404327
2024-02-08,0.0007502844011215359,0.0007032656574326302,0.0006829626578294466,0.0007302975658736834,0.0008515724903636975,0.0008011035958214696,0.0007052392405134949,0.0008754212404800778,0.0007598142078565164,0.0004417505
2024-02-09,0.011549826231887068,0.010519232266914038,0.010767829086204763,0.010739695013766162,0.011558514126705829,0.011517554999103955,0.011032754873771687,0.011557450113302744,0.011243397357316819,0.0057794618
2024-02-12,-0.0008837407986942255,-0.0009638914750849615,-0.0009399605921470904,-0.0009468256985152967,-0.0008837493383237052,-0.0008837090769094034,-0.0009206663025694282,-0.0008837482924763586,-0.0009034676517806825,-0.00043901816
2024-02-13,-0.02754654711600587,-0.02754662737972412,-0.027546603413741304,-0.02754661028879941,-0.027546547124556856,-0.027546547084241892,-0.027546584091988416,-0.027546547123509617,-0.027546566869486325,-0.013773051
2024-02-14,0.018161170144068543,0.018161170060362167,0.018161170085356098,0.018161170078186153,0.018161170144059623,0.01816117014410167,0.018161170105506594,0.018161170144060716,0.0181611701234678,0.0090876669
2024-02-15,0.01087583624802193,0.012417749778356465,0.01268002357484649,0.012096510325663124,0.011397422852216812,0.012205805392874532,0.01379042274291474,0.011530936296790884,0.012337338582785951,0.0068996672
2024-02-16,-0.00815494266899743,-0.008866280768031524,-0.008894553782713163,-0.00878704610622928,-0.008616570602049374,-0.008900103469852582,-0.009732782196525317,-0.009868674260640233,-0.009054779750940422,-0.0049799113
2024-02-20,-0.011191447686733011,-0.010824335989839983,-0.010904389864866176,-0.010571095070518356,-0.010778882378291492,-0.011114479533423795,-0.010953250904714974,-0.01102889939970149,-0.010950734189909427,-0.0055055072
2024-02-21,0.0012599992906725756,0.0013120579033277676,0.00124024295963134,0.0013710174508745755,0.0010427224902585653,0.000682221257695382,0.001594908063888521,0.0013246332421992788,0.001182842780807334,0.00090594609
2024-02-22,0.03128410505622732,0.03171575892072102,0.030931775182957245,0.03236114592411928,0.029575894614050108,0.023896117434228217,0.03563032672995863,0.03456499348158017,0.030782631766745196,0.020695488
2024-02-23,0.0011039632837996746,0.0010837231793781104,0.0010733696916694461,0.0010987109658946892,0.0010237037008072876,0.0009162407695735905,0.0011837633338199944,0.0011646949386797632,0.001067126773107347,0.00068965795
2024-02-26,-0.006905458606023345,-0.006380818203562263,-0.006640514045359245,-0.006412330004264453,-0.006538774928301543,-0.006652056459645056,-0.006603963439229516,-0.0070396665170361335,-0.00660414469192853,-0.003662517
2024-02-27,0.003660096274958307,0.0033568945038687874,0.003295576465915901,0.0033714373154538247,0.003503520485993675,0.0036247199025360223,0.0034405298871222215,0.003661370933705927,0.003464015109523461,0.0018576239
2024-02-28,-0.002644829699210946,-0.002729078711943532,-0.0027533345833038758,-0.0027251616869474007,-0.002681267751619846,-0.002644794513907792,-0.002709453859623255,-0.0026487067399501595,-0.0027003936696414735,-0.0013215169
2024-02-29,0.007188608777982512,0.007188524186329054,0.007188499829159187,0.007188528119601395,0.0071885721934904735,0.007188608813307928,0.007188543892272503,0.007188604885487552,0.007188552989638089,0.0035949678
2024-03-01,0.018772844807921196,0.018772844891609432,0.018772844915706476,0.018772844887718163,0.018772844844114973,0.018772844807886248,0.01877284487211394,0.01877284481177212,0.018772844863113734,0.0093882064
2024-03-04,-0.0020342377085563828,-0.0021015936511451826,-0.002068245638200041,-0.002074234391386969,-0.0020673836952934234,-0.0020943418949198565,-0.0021537643084974835,-0.002153764308438799,-0.0021085938156480788,-0.0010722763
2024-03-05,-0.02007620446416388,-0.020017233021744088,-0.020046430852905018,-0.02004118754770158,-0.02004718550064989,-0.020023582458331537,-0.0199898328223063,-0.01998983282230624,-0.020011103784445896,-0.0099943745
2024-03-06,0.010124591218382887,0.010124652013495956,0.010124621913646907,0.010124627319067336,0.010124621135661812,0.010124645468056815,0.010124680258547155,0.010124680258547155,0.010124658331857956,0.0050674398
2024-03-07,0.016754822150545176,0.017977655445267634,0.01766182118060333,0.01747737494433613,0.017135297192651916,0.01767386347782617,0.019847772049266823,0.018110638574092223,0.018090212363410123,0.0099263893
2024-03-08,-0.007823332097928234,-0.0089673561435709,-0.008715507569090897,-0.009120230117588505,-0.009142370719682356,-0.009445368408519918,-0.010775155045881632,-0.009805650415429468,-0.009389207773897788,-0.0060023309
2024-03-11,-0.0020841117953508555,-0.0019843191978190537,-0.00200611014020298,-0.0018608858181436763,-0.0017685560556547442,-0.0017873578615517913,-0.0017156422586265447,-0.001659900996110868,-0.001830918076654025,-0.00085967851
2024-03-12,0.013448349915782873,0.015090864563993743,0.014738207418702605,0.015574456163790306,0.01707910209958333,0.016552600926247458,0.018044298511325513,0.02052271030674903,0.01663332751645936,0.010757287
2024-03-13,-0.0028367875793749485,-0.0025348319224945516,-0.0025749947920306673,-0.002549858999199123,-0.002761037570627325,-0.00281651293974543,-0.0026269098520717935,-0.002784151884864045,-0.002641073915478457,-0.0015675903
2024-03-14,-0.0028587663057283233,-0.0028551359088353975,-0.002898096886519762,-0.002972207156909592,-0.0034531125907457097,-0.0031084770843934966,-0.0031163994403911573,-0.003601128186724411,-0.003109544656684408,-0.0019768221
2024-03-15,-0.014049474299126334,-0.01309955005257258,-0.012794252091433785,-0.013035857195256031,-0.0138607521730546,-0.013172943186771782,-0.012957816849196013,-0.013830578637750194,-0.013407485325558455,-0.0068664637
2024-03-18,0.007701686712869686,0.00809931844156624,0.007925545939721064,0.008567634345239935,0.008978241813098238,0.009024066867949874,0.009427434245718607,0.009541405482963953,0.008747164302533736,0.0059430938
2024-03-19,0.010129821425365289,0.009206372174935834,0.009189283242842882,0.00930940660363828,0.009730963532930013,0.009870969384766512,0.009552503487303491,0.009296825728442528,0.009442139667804194,0.0055570891
2024-03-20,0.01842966053262936,0.01712217682280692,0.016740613218483726,0.01687149607663578,0.01821386256704792,0.01714841870438752,0.017834327715013455,0.015892366871707024,0.017087974211046107,0.009249525
2024-03-21,0.006600328189618735,0.006532715717104869,0.006511429454525701,0.006504952597727368,0.006591064482534191,0.006347793889188394,0.006571073587390478,0.006179211135472267,0.006529790481268297,0.0033046711
2024-03-22,-0.0026514416899579844,-0.0029019193307915775,-0.0030379953847850527,-0.003016508473268816,-0.0034008107718456575,-0.003199346627871663,-0.003209602465357815,-0.0032677723117414538,-0.003147028249373492,-0.0018959331
2024-03-25,-0.005932646792928123,-0.005842714359775724,-0.005734244495394563,-0.005755864835558988,-0.005663387249317484,-0.0057242312823605705,-0.005386884303373806,-0.00541029406956136,-0.00575464332293231,-0.0027628937
2024-03-26,-0.003697253270347841,-0.0036971625209268606,-0.0037002345870353315,-0.0036979456975559694,-0.003696981613727669,-0.0036970429865558546,-0.0037444719834932474,-0.003734869913413896,-0.003697073665722903,-0.0018470323
2024-03-27,0.016805995512908328,0.016805995604163664,0.01680599251496197,0.016805994816620387,0.016805995786079348,0.0168059957243644,0.016805948028702642,0.016805957685126036,0.01680599569351421,0.0084039263
2024-03-28,-0.00039070061794531705,-0.0003907006180343226,-0.0003907006150212846,-0.00039070061726619596,-0.0003907006182117532,-0.00039070061815155984,-0.0003907005716318249,-0.0003907005810501716,-0.00039070061812147025,-0.00019121871
2024-04-01,-0.003479463959876112,-0.003479463959876201,-0.0034794639598731865,-0.0034794639598754325,-0.003479463959876379,-0.003149314897901233,-0.003479463959829771,-0.003479463959839195,-0.003479463959876288,-0.0017396322
2024-04-02,-0.012717897506578894,-0.012717897506578894,-0.01271789750657889,-0.012717897506578894,-0.012717897506578894,-0.012848089895912426,-0.012717897506578847,-0.012717897506578858,-0.012717897506578894,-0.0063580758
2024-04-03,0.0021900248528129327,0.0021900248528129327,0.0021900248528129327,0.0021900248528129327,0.0021900248528129327,0.0021898921163470957,0.0021900248528129327,0.0021900248528129327,0.0021900248528129327,0.0010982333
2024-04-04,-0.024412913405727193,-0.024412913405727193,-0.024412913405727193,-0.024412913405727193,-0.024412913405727193,-0.023140918279302446,-0.024412913405727193,-0.022787629083316132,-0.024412913405727193,-0.012205912
2024-04-05,0.017717091652846156,0.018959557706200964,0.01927454584980463,0.018491077695518894,0.01955178846506026,0.018539249018080975,0.0207225458374225,0.018582258419318237,0.019114756993687237,0.01044698
2024-04-08,0.0003417827038352747,0.0005459196789902263,0.00047665491648696647,0.0005895458344983696,0.0005964542894963849,0.0006968344945470933,0.0006146842087654889,0.0006102500770428037,0.0005882751378127739,0.00055931414
2024-04-09,0.0014145445110575806,0.0016040890307997696,0.0016102592316594756,0.0016394649732205885,0.001735815823905408,0.0017535236719978381,0.0016321250225266603,0.0017145741139432311,0.0016769320329796578,0.0011567923
2024-04-10,-0.02037797809154223,-0.018388279022496422,-0.01823631589251832,-0.018027092222502004,-0.018886553245098196,-0.01853267677800267,-0.018105567945258146,-0.017081847728439632,-0.018166073216418787,-0.010013285
2024-04-11,0.009141713889376513,0.009735020876888673,0.00973361697667854,0.010265664121559152,0.011913923834798768,0.011172461903482395,0.01148899108777829,0.012192125832116691,0.01085429255085367,0.0075469248
2024-04-12,-0.014097560894938852,-0.015720540223588896,-0.015773631434684358,-0.01681015198688869,-0.019052631173395472,-0.017103314216374857,-0.017658254486918653,-0.01909705604240421,-0.01722217141575766,-0.013802908
2024-04-15,-0.019876388942252226,-0.01811758311499775,-0.018162753352339175,-0.018795138991419973,-0.018573824039370267,-0.020310027711792637,-0.017897240685003434,-0.021239687124301396,-0.018947873461532382,-0.012528105
2024-04-16,-0.002617725245994866,-0.002528783371932557,-0.0025116492148499607,-0.0025884653064410564,-0.002483836396450654,-0.0025498075303899445,-0.002645683083529098,-0.002677939401661153,-0.0025626659329800916,-0.0018239117
2024-04-17,-0.006541331614967344,-0.006898737177532428,-0.006694913886004428,-0.0071101056110733935,-0.0067826612866935705,-0.006936550523120404,-0.007795275079663394,-0.006641747279277259,-0.006961391328192392,-0.0059182378
2024-04-18,-0.001974563231649398,-0.002175675417567802,-0.00214032161218868,-0.002295507453144296,-0.002262069005583787,-0.0022640114858267545,-0.0024556400180867854,-0.0021533360880849205,-0.002244832952850034,-0.0020577684
2024-04-19,-0.008715743762726045,-0.009341911417380343,-0.00913845591689363,-0.009899764677931015,-0.009814943050739492,-0.009435679053764653,-0.00984689040349088,-0.009779992664923859,-0.009596460194365681,-0.0087282725
2024-04-22,0.010671240533963068,0.010367186300393473,0.01024381770561119,0.010962606815986979,0.010813379510867084,0.01128815658976781,0.010754872148340098,0.012126374569608305,0.01090553115000712,0.0092091337
2024-04-23,0.013469921562535491,0.013016239890792125,0.012746542436291619,0.013765963287552134,0.013546630359468403,0.014303148112866192,0.013979302026629406,0.015616216987972031,0.013802062172084644,0.011866511
2024-04-24,-0.0008791438785091591,-0.0006828024922492797,-0.0006881686306668023,-0.0007212930995845899,-0.0007039940810110668,-0.0006238333169344198,-0.0006749917023694967,-0.0007731654671343453,-0.0006943552552135065,-0.00047459044
2024-04-25,-0.007458225957302631,-0.005780167999738437,-0.005888359907638951,-0.005995182916959816,-0.005709938685584638,-0.006249835140253575,-0.005766284230401983,-0.00635581008051067,-0.005955865317619427,-0.0037988984
2024-04-26,0.01450776940999375,0.013630025306520542,0.013384376037768505,0.014196244781491698,0.013358861820891584,0.015216806548347974,0.014526022273490936,0.015229950083484397,0.014188028915742404,0.0094740165
2024-04-29,0.0049154474836171965,0.004968543858427573,0.0050966308589928564,0.005161518430015186,0.004831616675275471,0.004738604136603125,0.005309302893527591,0.005554407521715811,0.0050880191626229395,0.0035413652
2024-04-30,-0.030248370367140502,-0.026849610756002718,-0.02708496213729114,-0.02743311567772853,-0.025063170544425774,-0.028185544552084385,-0.02608779164880882,-0.02646174320228446,-0.026708004889461828,-0.015841227
2024-05-01,-0.005603315024619328,-0.005317360244615465,-0.005198943946662756,-0.005479986363359424,-0.005056035635408418,-0.00570131766626261,-0.005431127052069305,-0.005704304143995738,-0.0053927944208365984,-0.0032470879
2024-05-02,0.01197881910088312,0.012881334765293373,0.01238688190587756,0.013451396897073784,0.012444525627282215,0.01283793575258716,0.014136788534191768,0.013682392849997248,0.013090710908887615,0.0093533244
2024-05-03,0.010538663005738625,0.01296131507508298,0.012912329056078217,0.014294597943656933,0.014494883078473282,0.01467405544736238,0.014871940228342036,0.014860505147871447,0.014108008799054212,0.012395395
2024-05-06,0.012769540663968662,0.013037116184977918,0.01304356370400981,0.014159944103409726,0.013915116401953207,0.014858246555588935,0.012908531567556756,0.01394806250795115,0.013661660695441247,0.010326857
2024-05-07,0.00161117428622634,0.0014878000034465606,0.0014745610033999152,0.00162035379741952,0.0016145407708513324,0.001688693172262047,0.001460493535352899,0.0018382888847349092,0.0015855868598829716,0.0011034234
2024-05-08,8.908503022943737e-06,-4.199354766931817e-05,-7.263371200399882e-05,-9.472982562039008e-06,4.813976361846839e-05,0.00011229794065154201,-8.115295824570731e-06,0.00015498359260480207,1.2590339547548782e-05,9.6542365e-05
2024-05-09,0.011523521966918703,0.01064208838266486,0.010395764714056843,0.011057811312931064,0.010356611118837988,0.010301632442764361,0.01100587858782937,0.011523551167828423,0.010901464024293317,0.0057618048
2024-05-10,0.002570882721716309,0.00249596768457573,0.002478516485014969,0.002531837203091581,0.002458384077853715,0.002380493576276076,0.0025348937932568585,0.0025708826930125,0.002519234474961545,0.0012882894
2024-05-13,0.00026709493561981036,0.0002671695685364677,0.00026718695561889596,0.0002671338327062417,0.0002605718260186345,0.0002102869965690656,0.00026713078762644705,0.0002670949356484042,0.00026714638817169434,0.00013418712
2024-05-14,0.009176553127673905,0.009176553053070836,0.00917655303569071,0.009176553088792373,0.00917415628996022,0.009176609916122881,0.009176553091836235,0.009176553127673877,0.00917655307624193,0.004588343
2024-05-15,0.02476158551097045,0.02476158551104404,0.024761585511061182,0.024761585511008804,0.024761587875220963,0.02358727823833081,0.0247615855110058,0.02419738278906984,0.024761585511021183,0.012383066
2024-05-16,-0.004127357814066637,-0.004127357814066708,-0.0041273578140667245,-0.004127357814066674,-0.004127357816345891,-0.0041507805831491685,-0.004127357814066671,-0.003971206831899655,-0.004127357814066686,-0.0020576392
2024-05-17,0.0028727713035126864,0.0028727713035126864,0.0028727713035126864,0.0028727713035126864,0.002872771303510393,0.0028728630289623744,0.0028727713035126864,0.0028412184579537725,0.0028727713035126864,0.0014374248
2024-05-20,0.002214980950369101,0.0023029137651070166,0.002272827549652757,0.0023029137651070166,0.0023029137651070187,0.0023029136737752315,0.0023029137651070166,0.0023029451835264486,0.0023029137651070166,0.0011521725
2024-05-21,0.004876660935454195,0.00490402170270396,0.004894091514135035,0.00490402170270396,0.00490402170270396,0.004904021702794977,0.00490402170270396,0.004904021671393718,0.00490402170270396,0.0024525849
2024-05-22,-0.0057614409120077216,-0.0057614680735713665,-0.005761458215851812,-0.0057614680735713665,-0.0057614680735713665,-0.005761468073571457,-0.0057614680735713665,-0.005761468073540285,-0.0057614680735713665,-0.0028795143
2024-05-23,-0.0146112244268795,-0.01461122445427765,-0.014611224444334065,-0.01461122445427765,-0.01461122445427765,-0.01461122445427765,-0.01461122445427765,-0.014611224454277618,-0.01461122445427765,-0.0073041629
2024-05-24,0.01254385182663952,0.01322608999022914,0.013226089990239305,0.013123283120884295,0.01322608999022914,0.01322608999022914,0.01322608999022914,0.01322608999022914,0.01322608999022914,0.0066167527
2024-05-28,0.000820891511327193,0.0010765588611331275,0.0010184710594705,0.001105881511780139,0.0013905061173237392,0.0010152996965845198,0.0012233208963695849,0.0012516111044323897,0.0011643096951034961,0.00069851459
2024-05-29,-0.014067932840803614,-0.013728433016790392,-0.013825645558554525,-0.01376106313531485,-0.014005715630644986,-0.014167262195781223,-0.013531296325274344,-0.014068929260671931,-0.014105251358671765,-0.0070025123
2024-05-30,-0.013273406230725348,-0.012775664872934255,-0.012861745144275167,-0.012758426590777314,-0.013274260281467493,-0.013274425313498477,-0.013297396156986765,-0.013274324852529502,-0.013274361958343991,-0.0066335788
2024-05-31,0.01820945725387923,0.017631990560512758,0.017656666469746566,0.01732087569130145,0.01762812045121955,0.018131056835389507,0.01820943277704306,0.01642817453733264,0.017734595853840043,0.0091080932
2024-06-03,0.001569718438742632,0.0014374888723296298,0.0014061286077222525,0.0014210018765915963,0.001401799517739568,0.0014905266473791616,0.0016217799867712878,0.001389341528343667,0.0014543328521035295,0.00081535928
2024-06-04,0.0011904580150639285,0.0015221671234099507,0.0016499312396539695,0.001626932994390199,0.0021025576708513798,0.0017297173771161918,0.0017732698633444884,0.0020100152723209366,0.0017867128604108725,0.0011177711
2024-06-05,0.017695290120857056,0.018461979442106972,0.018327305898930765,0.01893488642415366,0.02251090675777846,0.021293212043137038,0.01970555248463074,0.02198584047916099,0.02006603934047017,0.0118853
2024-06-06,-3.1287645040873146e-05,-4.763568525223196e-05,-3.975907507163556e-05,-4.41947236854669e-05,-6.940039584386366e-05,-0.00013681011009217595,-3.173299238534211e-05,-9.535610403300179e-05,-6.418666258844162e-05,-1.8874713e-05
2024-06-07,-0.002691104298049163,-0.00231690766735226,-0.0024020951431642963,-0.002314543457630494,-0.0025282727854953686,-0.0025859116952215767,-0.0024955174809186322,-0.002492993943793593,-0.002446209468270146,-0.0012156248
2024-06-10,0.006178062939118413,0.005843014957978223,0.005791211683157781,0.00581640318429337,0.006178226424870398,0.006147038537789805,0.006148322997814741,0.006155888787509858,0.006127930644560159,0.0030897712
2024-06-11,0.0038205378152051405,0.0038400741918232953,0.003881261726311081,0.003961102735070994,0.004813842508786853,0.004538539255097319,0.0046563485774639,0.004813864641611823,0.004405703206357049,0.002408456
2024-06-12,0.016252768135607356,0.016248482169021382,0.016252971575969534,0.016268079726846338,0.016423356137169866,0.016374831622972368,0.016395450002988747,0.0164233561151958,0.016352692059242155,0.008212875
2024-06-13,0.0040188768875906306,0.003918725879372274,0.003975274040955652,0.0038168575280659723,0.0038957042394586893,0.004018757740794375,0.004018737617913112,0.003969106982692553,0.003972989213708049,0.0020133941
2024-06-14,0.0005977113550518372,0.0007908181770821729,0.0007428717585642019,0.0008821698187009299,0.0009819534624682157,0.0008377308001470847,0.0008916595111012721,0.0009288328128651891,0.0008575052673896518,0.00060850129
2024-06-17,0.015252761681348669,0.014288845641142354,0.014316909751308915,0.014628939885609187,0.015798228033975376,0.015745722506922473,0.014157878425393684,0.01578086143450641,0.015452990136615464,0.0079589436
2024-06-18,0.0049527104008869486,0.004650624546313867,0.0046978575958984805,0.004719622260630177,0.005073723036238549,0.0050737743289210055,0.004749599608440918,0.005073740001093625,0.005054356901257609,0.0025407202
2024-06-20,-0.005459193098557211,-0.005134724958801947,-0.00532203817834888,-0.005152865932641874,-0.005246456113979315,-0.005435865666863607,-0.00548891785837201,-0.0054358656327951485,-0.005398405006781213,-0.0027166727
2024-06-21,-0.0026842025745304025,-0.002738429676681133,-0.0027073791492903346,-0.0027337370916831194,-0.002720594529987717,-0.0026841790549221463,-0.00268423254576812,-0.002684179054887798,-0.0026860855785503825,-0.0013407225
2024-06-24,-0.005020438055623588,-0.005455766294862158,-0.005445930313822281,-0.005550117730807371,-0.0062311457739285874,-0.005830854219252345,-0.006019767965658836,-0.005952768100029736,-0.0057670243905868415,-0.0032506255
2024-06-25,0.007434077147228043,0.007146223974729046,0.0071018021063018995,0.007143350396345512,0.0076557008102904195,0.0075823709766996965,0.007150144107692047,0.007264867459634345,0.00734022801343957,0.0038511
2024-06-26,0.001735753040757377,0.0019409630278662104,0.0019447914613518098,0.0020062441654712902,0.002103866552889421,0.0022137016717685394,0.0020854067946728676,0.0022533416048847745,0.002065265038691764,0.0012479269
2024-06-27,0.002934096421293584,0.0029770564557790634,0.0029763473250555336,0.0029948070628754014,0.0030389569169108426,0.0030702689397378584,0.0030139974406862033,0.003047239300563654,0.003018253320368106,0.0015764618
2024-06-28,-0.007871484862843987,-0.007424340437812199,-0.007513131455123751,-0.007476072291725653,-0.007871589264122859,-0.007871620434788423,-0.007871564415931537,-0.007880859797601624,-0.007841445560667933,-0.0039350656
2024-07-01,0.004112080349435799,0.003917412295640162,0.003987512930883886,0.003934789150294487,0.004112080243788682,0.004112080212246047,0.004112080268933393,0.0041120708625396775,0.004116003456484075,0.002058024
2024-07-02,0.009966814463452149,0.010741602325173296,0.01055941477660557,0.011153667077452606,0.013457738755610094,0.012233347478467993,0.011676845307713969,0.013168757304271646,0.011861431747304215,0.0067298922
2024-07-03,0.0064108894226651445,0.006970319700614293,0.006926544878622048,0.007326048248614474,0.00891862949274081,0.007308303192669136,0.0071217099343635374,0.00889877350624532,0.0077423942923089606,0.004462634
2024-07-05,0.011253641084294125,0.011314467115808687,0.011308980557565414,0.011352769000981486,0.011528550794574663,0.01135865316620211,0.01132158075630788,0.011528570388503169,0.011399354775871394,0.0057664837
2024-07-08,0.00230231690593085,0.002302257086769043,0.0023022624822115496,0.00230221942259733,0.0023020466040949627,0.002302213636654272,0.002300864305305665,0.0023020465848346923,0.002302173616304754,0.0011538715
2024-07-09,0.0019438735726058037,0.001943873632219179,0.0019438736268422973,0.0019438736697537844,0.0019438738419778187,0.0019438736755198237,0.0019438750202112845,0.001943873841997013,0.0019438737154025049,0.00097250969
2024-07-10,0.019789366720662657,0.01978936672060322,0.01978936672060858,0.019789366720565794,0.01978936672039407,0.019789366720560045,0.019789366719219263,0.01978936672039405,0.019789366720520278,0.0098951681
2024-07-11,-0.017254610798261273,-0.017254610798261218,-0.01725461079826122,-0.01725461079826118,-0.017254610798261013,-0.017254610798261176,-0.01725461079825987,-0.017254610798261013,-0.017254610798261138,-0.0086224543
2024-07-12,0.012606467483899054,0.012606467483899054,0.012606467483899054,0.012606467483899054,0.012606467483899054,0.012606467483899054,0.012606467483899056,0.012606467483899054,0.012606467483899054,0.0063076256
2024-07-15,0.0038145418362261875,0.004803301564795108,0.004694310939914925,0.0047524998267480635,0.004323586948597916,0.004712242685728896,0.005077479869104604,0.005455363326373504,0.004813332402503886,0.002749841
2024-07-16,0.010925595891086127,0.011539410159864202,0.011468134301366723,0.011386412644466755,0.011677045478782313,0.011736408830179052,0.011119940865897222,0.01184978545394316,0.01175184176712185,0.0059301155
2024-07-17,-0.02333825056399494,-0.024536652858395236,-0.024176073039100028,-0.02468101658262785,-0.027366715386353692,-0.027985342236391566,-0.02540935124290208,-0.02770075237753694,-0.02590770591362062,-0.014021128
2024-07-18,-0.015533091440905433,-0.014513252308404983,-0.014907027294156406,-0.014384432236085824,-0.01533784856987316,-0.015381688172043056,-0.015304115763067819,-0.014745488378384417,-0.015067980631892741,-0.0076847551
2024-07-19,-0.012372834063843402,-0.011546481954806098,-0.011411270106388356,-0.011486802943647291,-0.012004707957056366,-0.011796485886758619,-0.01303621532600302,-0.0113926906121651,-0.011795760283934623,-0.006640641
2024-07-22,0.010203854443267804,0.012520944312156123,0.01228784326466766,0.013188862501934982,0.01315682629706684,0.013448195510412113,0.014478882627857502,0.013685620880226313,0.0132193666120555,0.010309741
2024-07-23,-0.0020843465390271453,-0.0021446275513869128,-0.002114087631391822,-0.0022052037731729165,-0.002116416246562218,-0.002489341758702481,-0.002206528908663688,-0.0020544999170915286,-0.002174360303554794,-0.0015683946
2024-07-24,-0.03122003533370946,-0.03117208237819929,-0.03106967741864648,-0.03264355198591754,-0.03229857589743866,-0.03619390846672669,-0.033455832843196094,-0.03544912145411284,-0.033084601130057165,-0.022662422
2024-07-25,-0.009724015331467807,-0.008098053409074822,-0.007868796506971495,-0.008308721296469784,-0.00827450499402684,-0.008383957836467403,-0.009064341507588624,-0.01055758646193144,-0.008579123789469725,-0.0052103085
2024-07-26,0.017394081895680303,0.015920197085274184,0.015436253771170737,0.01584976943598063,0.014723528477223162,0.015984862107749215,0.019029020253481424,0.015756864702634592,0.016019156865361338,0.011199436
2024-07-29,0.0002747921899596774,0.0005105831936424066,0.0005101058010030072,0.0005592237579912857,0.0005299080940500195,0.0005156965053313907,0.0005699904699917282,0.0004999969210710633,0.0005277738562156269,0.00058780204
2024-07-30,-0.005184230177323472,-0.0057404124672664715,-0.0056290444011052295,-0.006125929891403452,-0.0058025038983643045,-0.0050329958390782584,-0.006104129284908067,-0.006178269297561112,-0.005747369663701236,-0.0050664416
2024-07-31,0.023206279832537695,0.021709195577011887,0.021462005043181978,0.02245826747993591,0.022034450461012805,0.020993038787903807,0.022336076073935836,0.02462822986236769,0.022180258857682836,0.016254732
2024-08-01,-0.017643353489999822,-0.017303265802816443,-0.01689872609542813,-0.01805682743168767,-0.017940299214300248,-0.01797670931405122,-0.019672132749682113,-0.019910877260154714,-0.018189431447044446,-0.014160983
2024-08-02,-0.023506887467688684,-0.022491866737174383,-0.02257397428860149,-0.0239614023344356,-0.024438223381705457,-0.023887813987841778,-0.025678630662195535,-0.024366640902396094,-0.023857306023963475,-0.018618486
2024-08-05,-0.02915091893085405,-0.03157796418419259,-0.030758748607704084,-0.033410940421781415,-0.03275548076774352,-0.03135652908387667,-0.03561111257326595,-0.0303445535924152,-0.03217318185594527,-0.029123638
2024-08-06,0.00749035713279367,0.008763569094744886,0.008741931257467774,0.009042590161270549,0.008359812312173993,0.00839119770703389,0.009488723826405513,0.007735409163351258,0.00861564308143603,0.009219487
2024-08-07,-0.0033660477364467335,-0.004392619368853842,-0.004620763434350054,-0.004358965220034709,-0.003626778603042169,-0.0024647574034299723,-0.004811059366449245,-0.003273012306413697,-0.0037212799988426064,-0.0066839255
2024-08-08,0.01769769211335703,0.018419576540596744,0.018413926453738287,0.019422809258089188,0.013973734823488512,0.01365749163358541,0.017909856308476645,0.0118076377704509,0.01570870696457619,0.023117482
2024-08-09,0.0034832462888106665,0.0034462143462269425,0.0033407859918545544,0.0036304230819664157,0.0028884063397554994,0.0025708757804344035,0.003775994962739474,0.0028043176742874078,0.003161645855423777,0.0044094566
2024-08-12,0.0004198382766816201,0.00041358064853142006,0.00040357481335480985,0.00043671205273435667,0.0003520650392278289,0.0003135124549450461,0.00045825149044930087,0.00035379313750180316,0.00038362104209471184,0.00052540513
2024-08-13,0.017702842935266708,0.01496539209470779,0.014906190930200954,0.016853737204828106,0.01633675785721568,0.015131979853922888,0.017863411017999386,0.024022300992921942,0.01673845311464573,0.016445613
2024-08-14,0.003196104264223558,0.0030578483921069816,0.0029705162868095716,0.003378724324745037,0.0033466910352125574,0.0031751551819780266,0.003336364872294458,0.003687394717870959,0.0032915557953463927,0.0031548956
2024-08-15,0.033439725629472984,0.023369628230208366,0.023681305149861633,0.025307808954196778,0.024007822274031514,0.023096540469286587,0.02279239886904706,0.02266146774273499,0.023526694497283396,0.017140048
2024-08-16,0.002806967914127838,0.0028232773181620066,0.0027303188185110157,0.003149206902392938,0.0031447626008188454,0.0029881970026725277,0.0029358515423486076,0.0029054698799225983,0.002948155519737396,0.0022422198
2024-08-19,0.018811615480096043,0.016088214289109184,0.016251241443827807,0.017397636495587804,0.01629972942363396,0.01639065383578199,0.014654850662750313,0.01670395830371339,0.016215567595693536,0.0095613174
2024-08-20,-0.003261200698053953,-0.0031269810194844887,-0.0031544936106776217,-0.0032972606499063334,-0.0029952512550487013,-0.003134554343883023,-0.0028897589734224235,-0.00328514526917019,-0.0031205646951440735,-0.0016260606
2024-08-21,0.0068715023099345995,0.0065066733655072505,0.006634718973783143,0.006841531142824793,0.006202960842500274,0.006738987549685333,0.0059751734793739636,0.006854236978677237,0.0065514167525758445,0.0034365714
2024-08-22,-0.015700661288856377,-0.014889564902592411,-0.01477853417322476,-0.015380157876572285,-0.013557456993877537,-0.01428212769861919,-0.013593778902015543,-0.015638863058211473,-0.014552535368446647,-0.0078486249
2024-08-23,0.015461614524275644,0.017370626133499826,0.01699926818485848,0.018207219629774982,0.016290949029029896,0.017368295913525855,0.016376742903689987,0.017689190013826087,0.01716286914155772,0.010625387
2024-08-26,-0.0031777694975050055,-0.0035776688166294563,-0.003481062351063113,-0.003776648352295387,-0.003423236995562679,-0.0035454193911033383,-0.003407381122688081,-0.003533438324929806,-0.003531110866375428,-0.002383697
2024-08-27,0.0012820230112406778,0.0015363612899902265,0.0015523676481563262,0.0017611000568155855,0.0018594549702077043,0.0018466185272424278,0.0015686924530743502,0.001975183172904823,0.001718645789191063,0.0013730707
2024-08-28,-0.01193674330936528,-0.009749991699729645,-0.009438494970355791,-0.010427955595372409,-0.00978034782567607,-0.010779659243498775,-0.009064158681790698,-0.010033286769951853,-0.00986872723464147,-0.0058051852
2024-08-29,0.0001726365314243308,0.00010455346513952394,7.19372667264809e-05,0.00011981487758224203,0.00011032698655991132,0.00011752430256273234,-7.906964825027803e-06,3.543038235266817e-05,7.731705947548407e-05,8.9529011e-05
2024-08-30,0.012881130941252561,0.013266467136514465,0.013047794973014806,0.014284094847170721,0.013581519673303902,0.01449467753184453,0.015263490020342042,0.01511864703557638,0.014103864619503808,0.0095458477
2024-09-03,-0.028615132955247907,-0.029257722989545196,-0.028597178019829743,-0.031786733842273526,-0.031205674236076595,-0.032028791067656825,-0.030320705110571132,-0.031792008114780085,-0.030635619203054586,-0.020579029
2024-09-04,-0.0032269118530640845,-0.0032535855637199924,-0.003293567354252656,-0.0035255579901704867,-0.00349785848717612,-0.004306108271275948,-0.0030930134407044173,-0.0035916501483821864,-0.0034814176457850943,-0.0020466047
2024-09-05,-0.003252115772506497,-0.003436264732345703,-0.0033516767462241494,-0.003594630924423513,-0.0033223279248443386,-0.0036133520661296185,-0.0034697700270087586,-0.0034556703357945927,-0.003455026293961426,-0.0024325205
2024-09-06,-0.02380576255685452,-0.02338729392164212,-0.023175277854273868,-0.023977764320208324,-0.02164044480707759,-0.020619394564226564,-0.02390494331660368,-0.020464353103633426,-0.022351252301248393,-0.01682998
2024-09-09,0.013083434176788691,0.013965272248271472,0.013887606924202269,0.01455507899921024,0.013749661229090115,0.014600743565113823,0.014873805422449923,0.013192681356764512,0.014109768155837737,0.011196138
2024-09-10,0.0041715066278026885,0.004735285115223601,0.004538690683203644,0.004885361934026791,0.004629883173405543,0.004436171330174388,0.0050477489376275185,0.004959554927976523,0.004740134482295435,0.0043559159
2024-09-11,0.014934026095254942,0.01361468697611685,0.01352041149574865,0.013880858797899284,0.013038999436165814,0.01300763966079942,0.013836799836736493,0.012290859738988667,0.013289828069841641,0.010258735
2024-09-12,0.0112141795631789,0.010805328194585309,0.010578524362284195,0.011145169537063165,0.010650116791094545,0.010515428743786205,0.011880581631739578,0.01094428119972943,0.010938504881295013,0.0084234617
2024-09-13,0.005711923863492698,0.005975974354377442,0.006158972966975442,0.006416904608212574,0.006559530591899766,0.006492339856104713,0.006681326444264539,0.0068562814776754345,0.006439250984932929,0.0052226709
2024-09-16,0.0018196493879868675,0.0017984289924219796,0.0018200624311617891,0.001925661348980973,0.001978606216485711,0.0019763176868835787,0.0019347635531859197,0.002282376453363742,0.0019477298442028487,0.0014768157
2024-09-17,0.0004691177451728632,0.0004805783233784623,0.00048427546139213754,0.0005204338876981488,0.0005441371249262228,0.0005293871161120677,0.0005149508143568945,0.0006643305152279258,0.0005290973370935246,0.00040873358
2024-09-18,-0.005359555271749932,-0.0046118275032784265,-0.00461455355139827,-0.0047324837095340825,-0.004613906759079857,-0.004658677621938292,-0.005023642655784242,-0.005040536241461922,-0.004735888133103747,-0.002965825
2024-09-19,0.025811354112102492,0.024969544706397753,0.024469037396735886,0.025766460024064523,0.02496869158577583,0.02477242751150392,0.026814365801043162,0.025855052611473188,0.02535197127928878,0.017064268
2024-09-20,-0.0017922148477906973,-0.002014024472155662,-0.002013885564528135,-0.0021478449064100754,-0.0021609355185526168,-0.002199878203476512,-0.002169189231378333,-0.0021178141759572943,-0.0021141015425077763,-0.0017286029
2024-09-23,0.003573867374953789,0.003448366684404873,0.0034679067637389733,0.003684181117949881,0.003738284044273003,0.004060991339328423,0.0032117712110510755,0.0031097465532656837,0.0035027955139696875,0.0024987951
2024-09-24,0.005499617003401939,0.004543679300802861,0.004511606768895802,0.0047963575406358904,0.004854054168849438,0.0053379264826496995,0.004476016165954309,0.004639353127099058,0.004718398623954183,0.0028613782
2024-09-25,-0.004416003804082098,-0.003975060587077606,-0.00400677388527081,-0.004108356632670831,-0.004081395492930547,-0.0044661555162033625,-0.004323979634139508,-0.004339264538034121,-0.004224788753999867,-0.002205574
2024-09-26,0.007927380165632505,0.007137643398682078,0.007147517268806526,0.007379370424935955,0.007426431939676333,0.007927329677082111,0.007785505749663671,0.0076742751627326515,0.0075371278898476585,0.0039648002
2024-09-27,-0.0029049470141510685,-0.003001566377578489,-0.003000803988060552,-0.0029717335929069547,-0.002964555451490332,-0.00290494696425654,-0.0029183527041602817,-0.0028977420164918665,-0.002952114405473579,-0.0014505078
2024-09-30,0.008013591723407636,0.008013494671800967,0.008013495437674791,0.008013524640055008,0.007360920663335424,0.008013591723457749,0.008013578258868788,0.008006759898972454,0.008013544347354816,0.0040075252
2024-10-01,-0.01792118141875687,-0.017921181322859442,-0.017921181323616208,-0.017921181352471303,-0.01616911576702552,-0.01792118141875692,-0.017921181405452458,-0.016541541861105093,-0.017921181371944237,-0.0089586036
2024-10-02,0.0006324630010750363,0.0007292841992483051,0.0007660519364056196,0.0006767175772327186,0.0005993555477397802,0.0006744008327903386,0.000684307818099132,0.0006083690279915975,0.0006451307506310099,0.00042196418
2024-10-03,-0.002435520804914801,-0.0028161613004293066,-0.0028317251100596244,-0.002791038848342214,-0.0025225762016778796,-0.0027004674240730347,-0.0028341364935322456,-0.002584847913564945,-0.002720048528934612,-0.0018280687
2024-10-04,0.012422546747408931,0.013326544375204656,0.0135575440639285,0.013372130764662949,0.01222756387924143,0.012085814573544679,0.01295886517671363,0.01196506408883409,0.01275905422735031,0.0090872053
2024-10-07,-0.010930415987730502,-0.011904848137111675,-0.011790880793626703,-0.012090707113637479,-0.011164922759756843,-0.011649338342598951,-0.012289240369496305,-0.0112149010507957,-0.0117152957192195,-0.0090402677
2024-10-08,0.01250311531837916,0.012498976095603302,0.012353345125394382,0.013034811743067167,0.012558302557648312,0.012038740576223072,0.013108769835492938,0.013619443228715021,0.012726272521821845,0.0094574417
2024-10-09,0.013196096905849875,0.010713148751135252,0.010458796620489881,0.010334574566133339,0.008803983133172922,0.009262180286011031,0.0112532095524805,0.008623853378496693,0.00986601954652265,0.006926375
2024-10-10,-0.0035307148363685264,-0.0033148804694841756,-0.003400780915688182,-0.003100415112235882,-0.00253935647356611,-0.002511285640453752,-0.0036094840141994923,-0.002356236658610229,-0.0029050811833347774,-0.0017499291
2024-10-11,0.011974681704539174,0.011461334343431407,0.011673211248232352,0.010666240892478257,0.008680457828652087,0.009025352222428605,0.011962276972346383,0.007842876044344133,0.010003045317012425,0.0059882344
2024-10-14,0.016350565190239433,0.016238488358257957,0.01625797447492995,0.014808536960850221,0.011916236717073415,0.012801929829779492,0.016350577375822746,0.012334996277602189,0.014203133910866235,0.0081782404
2024-10-15,-0.015547035652310354,-0.015551703199289987,-0.015551602652489269,-0.015317933404896686,-0.011817400200347843,-0.011956533397305385,-0.015547035664203495,-0.012847635757224479,-0.014496784041278167,-0.0077694974
2024-10-16,0.008684712834483336,0.008684708055743484,0.008684708158686045,0.008680746364725971,0.00664096439462565,0.006439149256980583,0.00868471283447116,0.006620449751652844,0.008106187192552032,0.0043463066
2024-10-17,0.00016821825903238978,0.0001672798858914133,0.0001652689259446457,5.7985483874088185e-05,6.174220608696696e-05,0.00010914088372200725,0.00017080922175332283,8.667522784478569e-05,6.08111593276538e-05,8.5790467e-05
2024-10-18,0.0076920963461295875,0.007693229924210369,0.007684173906681761,0.0075160591562867494,0.00580218742170334,0.006017443254197227,0.0076889664255213605,0.005756466916419829,0.007004866238987324,0.0038466557
2024-10-21,-0.0031949715642983437,-0.0032442141003735893,-0.0032066409374791917,-0.003040149542522153,-0.0024311410613943435,-0.002531782298153046,-0.003221527088941054,-0.002588612682361702,-0.0028797483497300298,-0.00164228
2024-10-22,-0.0010984046358793105,-0.0010767673866746012,-0.0010932808379425076,-0.0011614930751685723,-0.0009359189788341777,-0.000859604567025538,-0.001086737982891986,-0.0009635252611653104,-0.0011188958471719142,-0.00053117973
2024-10-23,-0.01827508784863345,-0.01827506617576092,-0.018275082716314905,-0.0173049384023592,-0.013919477247754119,-0.014130228143711666,-0.018275076162655973,-0.015127350835062817,-0.01665532642618697,-0.00913726
2024-10-24,0.004316081268892691,0.0043160812911744945,0.00431608127416921,0.004277069521420273,0.0033723488698557146,0.0033881533231984004,0.004316081280907004,0.0031957134010589345,0.0040599276044368535,0.0021626946
2024-10-25,-0.0007342168731810841,-0.000716087204780277,-0.0007221997251877455,-0.0007429882642435526,-0.0005758919635727614,-0.0005911481993927891,-0.000702497609299335,-0.0005505908430538215,-0.0007052660914349438,-0.00034551237
2024-10-28,0.005672668287743832,0.005829721132198101,0.005828860597372156,0.00525767678839352,0.004285256024709959,0.004229920188793695,0.005670857157911611,0.004293079317508408,0.004962658593672336,0.0030915381
2024-10-29,0.002489606273643915,0.002650484544089937,0.002608290933463769,0.002468949317441811,0.0020701272719645773,0.0022251776136838763,0.0027195053103275077,0.00215445491440271,0.002390503180776217,0.0016182724
2024-10-30,-0.006244354770453278,-0.006202120331818944,-0.00621117541048486,-0.005564213184534219,-0.004386511979262795,-0.0043307920762809,-0.006065792179493383,-0.004655913078781736,-0.005248840757972589,-0.0030251024
2024-10-31,-0.03822206388966194,-0.03568162715375072,-0.03619998764516367,-0.032658026672615435,-0.02692325827712544,-0.02825262610381145,-0.037866419225376584,-0.029536640147837225,-0.031952350887356276,-0.019603086
2024-11-01,0.008433754610324976,0.007900157017018307,0.007923191695980878,0.007098677782908301,0.005704120216887795,0.005787470983218114,0.008158157366680852,0.0058865253953549225,0.006772785717491451,0.0042203693
2024-11-04,-0.0030923005420032987,-0.0033124876627042307,-0.003227930432428995,-0.0030418687750633972,-0.0025284007016937735,-0.0024340424915234487,-0.003541978145156652,-0.0025297300260010394,-0.002886639101491465,-0.0021537838
2024-11-05,0.016698460110817402,0.017953131393526504,0.017825482283235602,0.01674275234835467,0.014199231913462501,0.013549884809246198,0.018074110420365812,0.01407916178098294,0.015839463213467162,0.012091704
2024-11-06,0.04196158591295926,0.03963423523927835,0.04000892734490932,0.03633206866878941,0.03017703284790607,0.030208091790511614,0.04031613212205761,0.031329975901619324,0.03487545602161909,0.024865596
2024-11-07,0.01431102326216401,0.012775255857359037,0.013101189901340625,0.01191708638863808,0.01005968319771941,0.00992656339742045,0.013594141002590912,0.0109704010514615,0.011600887108620884,0.0077321674
2024-11-08,0.007163888400329896,0.006711499801364593,0.006602488792747585,0.006829015213414209,0.0065733617368937325,0.007470182601044847,0.007503476936477208,0.00837643811357943,0.0071388647872901185,0.0043318162
2024-11-11,0.001740332512600374,0.00165936654699473,0.0016710057949416099,0.0016470001116478366,0.0015827049972291052,0.0017139301496793624,0.00177014867405567,0.0015826648142640367,0.001684886121107087,0.0009527815
2024-11-12,-0.006213458182793124,-0.006240087471675171,-0.006217393650173046,-0.006265375778455657,-0.006294736458533296,-0.005962791818183741,-0.00621365518770187,-0.006325741616446017,-0.006270645092095115,-0.003106336
2024-11-13,0.0009686194511365875,0.0009685925708546219,0.0009686154786663655,0.0009685670428604816,0.000918404023125224,0.0009287070435215005,0.0009686192522801078,0.000968506099610829,0.0009685617234397204,0.000485873
2024-11-14,-0.012861102479306021,-0.0128611024524647,-0.012861102475339309,-0.012757878795838564,-0.01189396450506832,-0.012445535580341503,-0.012861102479107453,-0.012861102366118784,-0.012861102421661996,-0.0064303101
2024-11-15,-0.024514255045910146,-0.025586909068750496,-0.025288725641519783,-0.024721644552849833,-0.02350371216609837,-0.024528450467445808,-0.024228564274767567,-0.02562358657690659,-0.02557845823941076,-0.012808536
2024-11-18,0.005531402157067657,0.006465895052726426,0.006375711377769204,0.006611369474806017,0.006693278022111035,0.006636362562430228,0.00638917541648769,0.008181454746645295,0.006773640892653787,0.0040973034
2024-11-19,0.006202100139999253,0.006303007660788963,0.006240053511400283,0.006228356297321548,0.006017817961897573,0.006382830079941994,0.006048651453115928,0.007163137961672238,0.006334314729523259,0.0036555805
2024-11-20,0.0005504616451622981,0.0005781422553973197,0.0005643014742766673,0.000568444343217862,0.0005449737135415194,0.0005832983509244957,0.0005365248865566703,0.0006573903292263578,0.0005750110750565438,0.0003388277
2024-11-21,0.010723332627900643,0.00997024527956739,0.010241515864367088,0.009735645893927945,0.009292812019994027,0.009887253903136307,0.010470142379664692,0.010517708831573934,0.009999655938084951,0.0053681412
2024-11-22,0.0038391827980983543,0.0043002667934095885,0.00424062322832654,0.0044123197807475,0.00434166493464039,0.004534091786792611,0.004761690552362027,0.005094755636906267,0.004511671840800687,0.0030993945
2024-11-25,0.0033310270875132773,0.004024884294544281,0.003981407229320956,0.004312412604463042,0.004483264050287517,0.004373155884432032,0.004155374452280999,0.005380169500576051,0.004351077490475262,0.0033921054
2024-11-26,0.008197809306587974,0.007833609983832564,0.00782968107053898,0.008207033440482582,0.008530074405079437,0.009107104829409681,0.007571548763805959,0.009843368887228685,0.008352726386583437,0.0052214855
2024-11-27,-0.005674748288995027,-0.004896420074117371,-0.0047769612792608945,-0.00513927145623744,-0.005458593524182084,-0.005725025277097798,-0.005278201352892888,-0.006106633736252895,-0.005398680993635262,-0.0030300884
2024-11-29,0.012345223366340008,0.011343041258887644,0.011296683708027201,0.01170003546318097,0.012316968577953434,0.01236377021517729,0.01227742009838471,0.012421005351895926,0.012305961202998504,0.0062120504
2024-12-02,0.0035788034190991198,0.003454882983726366,0.003427970834183738,0.003513714724524167,0.003578831161012955,0.003578785209750361,0.0035788699942183445,0.003578729020337119,0.0035788419690036904,0.0017924309
2024-12-03,0.0009259045577590068,0.0009075261504797954,0.0008981288439615143,0.0009196448433947153,0.0009259045301652271,0.0009259045758711234,0.0009259044915393828,0.0009259046317605076,0.0009259045194149485,0.00046384228
2024-12-04,0.012418765965152052,0.012418784318419147,0.012418793703131332,0.012418772216227943,0.012418765965179606,0.012418765965133964,0.01241876596521818,0.012418765965078153,0.012418765965190343,0.0062096138
2024-12-05,-0.0032974069880222366,-0.0032974070060391948,-0.003297407015251939,-0.0032974069941587667,-0.0032974069880222635,-0.003297406988022219,-0.0032974069880223017,-0.0032974069880221638,-0.0032974069880222744,-0.001645637
2024-12-06,0.0037893209654351425,0.0037893209654170363,0.0037893209654077777,0.0037893209654289756,0.0037893209654351425,0.003789320965435143,0.0037893209654351425,0.003789320965435143,0.0037893209654351425,0.0018954891
2024-12-09,-0.01030102888261943,-0.010301028882619412,-0.010301028882619403,-0.010301028882619424,-0.01030102888261943,-0.01030102888261943,-0.01030102888261943,-0.01030102888261943,-0.01030102888261943,-0.0051495711
2024-12-10,-0.006223393275414804,-0.006223393275414804,-0.006223393275414804,-0.006223393275414804,-0.006223393275414804,-0.006223393275414804,-0.006223393275414804,-0.006223393275414804,-0.006223393275414804,-0.0031090941
2024-12-11,0.01545834679794193,0.01545834679794193,0.01545834679794193,0.01545834679794193,0.01545834679794193,0.01545834679794193,0.01545834679794193,0.01545834679794193,0.01545834679794193,0.0077307403
2024-12-12,-0.010312889168958657,-0.010312889168958657,-0.010312889168958657,-0.010312889168958657,-0.010312889168958657,-0.010312889168958657,-0.010312889168958657,-0.010312889168958657,-0.010312889168958657,-0.0051526396
2024-12-13,-0.00040224420119163253,-0.00040224420119163253,-0.00040224420119163253,-0.00040224420119163253,-0.00040224420119163253,-0.00040224420119163253,-0.00040224420119163253,-0.00040224420119163253,-0.00040224420119163253,-0.00019851509
2024-12-16,0.008539701988906979,0.008539701988906979,0.008539701988906979,0.008539701988906979,0.008539701988906979,0.008539701988906979,0.008539701988906979,0.008539701988906979,0.008539701988906979,0.0042699529
2024-12-17,-0.008244215795445462,-0.008244215795445462,-0.008244215795445462,-0.008244215795445462,-0.008244215795445462,-0.008244215795445462,-0.008244215795445462,-0.008244215795445462,-0.008244215795445462,-0.0041199911
2024-12-18,-0.05961128050833555,-0.05961128050833555,-0.05961128050833555,-0.05961128050833555,-0.05961128050833555,-0.05961128050833555,-0.05961128050833555,-0.05961128050833555,-0.05961128050833555,-0.029803561
2024-12-19,-0.0006462152121025377,-0.0006462152121025377,-0.0006462152121025377,-0.0006462152121025377,-0.0006462152121025377,-0.0006462152121025377,-0.0006462152121025377,-0.0006496569686832622,-0.0006462152121025377,-0.00030725899
2024-12-20,0.007330228715515492,0.010933871031992226,0.010422157843291115,0.011285059071038401,0.010748118704410572,0.013812439990385183,0.012901613958212559,0.009929760663104095,0.01130494864673149,0.012011228
2024-12-23,0.005538109221413147,0.006593174375192616,0.006471500590414581,0.006671851962529434,0.0064124753982912445,0.006858663794736052,0.006327088517907647,0.005035770555458233,0.006294780131176878,0.0059881032
2024-12-24,0.00962135509049313,0.011012982260308737,0.011592652922256787,0.011964416094259378,0.01271358440957696,0.012667811067158377,0.011574551664672144,0.014981162700156701,0.012275039323904117,0.011114994
2024-12-26,-0.0002510091384729685,-5.17511133204477e-05,-2.1360205250535764e-05,-4.9058647615951565e-05,-9.275321024939314e-05,-8.340115893142218e-05,-7.833608819503922e-05,-0.00018365422100745976,-7.837985435855843e-05,6.6591802e-05
2024-12-27,-0.021260819014597875,-0.015701283303572698,-0.01589102952644703,-0.016965993863143333,-0.021285220418294618,-0.019048586935794205,-0.020695351233723465,-0.02105300829199019,-0.01941758740485494,-0.010526379
2024-12-30,-0.019910019201422487,-0.01676827323709637,-0.016680340921544214,-0.017747503243384078,-0.022171571573546153,-0.020912586912318204,-0.022109372759798063,-0.022834133012554464,-0.01976281865184121,-0.01141169
2024-12-31,-0.004353168462159899,-0.004559638041587048,-0.004485959828878524,-0.004855351268276377,-0.005680171609697331,-0.005423057106704456,-0.005474633824142581,-0.0058258934528509524,-0.005141921173349424,-0.0036380304
2025-01-02,-0.0030678492928145735,-0.003329818352931924,-0.0032926221326640783,-0.003404073013556545,-0.003492678799569171,-0.0034076461963328908,-0.00332682910899888,-0.00332255129459033,-0.0033172177613556603,-0.0024570183
2025-01-03,0.013206898700138954,0.014873129165741284,0.0146240673935763,0.015719615558797875,0.016111416814364104,0.015733937100932585,0.015165458993493553,0.01678869425987545,0.015549206017587186,0.012503405
2025-01-06,0.004357348879814597,0.005222870774980894,0.00509317220758388,0.005754947791644665,0.006175772459672409,0.00627649280754677,0.005594305686949911,0.006458448348739758,0.0057559244396307606,0.0057605105
2025-01-07,-0.018076418620941122,-0.014734715752441577,-0.014741450362854914,-0.015886168427299778,-0.017290479801723057,-0.01697829078231435,-0.014363137004251254,-0.016264592296906938,-0.01567881463449521,-0.011303838
2025-01-08,0.0025841831535592026,0.002029780036339529,0.0020160957637657306,0.002161604029926617,0.002240575508042466,0.0022983556752288253,0.0021776635561046487,0.0022503346616657466,0.002161100080681037,0.0014608004
2025-01-10,-0.016290332675789252,-0.016960089534360054,-0.016442997667502138,-0.01828914845788361,-0.018761077236817233,-0.017712032276878953,-0.020332373237294418,-0.020708472958029942,-0.01833748199627149,-0.015267324
2025-01-13,0.0015314654145663872,0.0016496896095938845,0.0016487886794496636,0.0018072443385215326,0.0019053337138973312,0.0017758498252400206,0.0017048234872342977,0.0020940389762549457,0.001789611385619983,0.0015504778
2025-01-14,0.0012309646721178245,0.0014303610168331792,0.0013761016412442908,0.0015253118078969576,0.0014617720343472608,0.001529219558906912,0.0014208174097648319,0.0016979381686839984,0.0014861829511833087,0.0013759503
2025-01-15,0.021057473078160728,0.020939023298956777,0.02141973498461995,0.02233646811318658,0.021932592390088382,0.022835181758642072,0.020460761820688882,0.023544615735176133,0.021877915817488165,0.018189922
2025-01-16,-0.00216129053560585,-0.0021258658419510907,-0.0021038459510542354,-0.002294405780465664,-0.0022804458780205134,-0.002443072715277553,-0.002204654806616161,-0.0025847805519552047,-0.002270016259881031,-0.0019231019
2025-01-17,0.01680985959160588,0.013512610310831983,0.01348550045855931,0.01477850353501791,0.014880576064196871,0.015228388366319815,0.013653423545519601,0.01609015018869818,0.01445996512886167,0.010039901
2025-01-21,0.014595207060981616,0.012682624604334152,0.0125514157675848,0.013789080985590804,0.013608134589015114,0.014278962395805372,0.013305526556744583,0.01743164493618384,0.013803105538575151,0.0091534804
2025-01-22,0.011038779542594034,0.00963422856539768,0.009672959619286516,0.010094779469067979,0.00938513431345722,0.009992709727013669,0.009514000186314228,0.01097838481658547,0.009869077989899402,0.0056216413
2025-01-23,0.009832749408506146,0.009046921562698457,0.008984951661565956,0.009633135746473573,0.00909723715703383,0.009458377271898525,0.009015370674886078,0.010424476035304763,0.009356739060951377,0.0054579556
2025-01-24,-0.005933612758549189,-0.006009078780105781,-0.006013837758043782,-0.0059573414177324,-0.0060073185677029075,-0.005665115669679518,-0.006012945689113158,-0.005886489841198243,-0.0059820374776105596,-0.0029191631
2025-01-27,-0.02829415044300103,-0.028294226595475213,-0.02829423139812927,-0.028294174386254152,-0.02829422481911989,-0.027650577947448678,-0.028294230497869763,-0.028294102897308885,-0.02829419930687079,-0.014145559
2025-01-28,0.017170279029587204,0.017170278950076206,0.01717027894506174,0.017170279004587993,0.017170278951930903,0.016770621871887242,0.017170278946001705,0.017170279079229783,0.01717027897856831,0.0085924198
2025-01-29,-0.005780866844627151,-0.0069330656236302225,-0.0070566247403857675,-0.007006810555174654,-0.006410324123126448,-0.006507906723607667,-0.0069142058181236605,-0.007400579649576875,-0.006876964018553438,-0.0044829672
2025-01-30,0.008434731825802816,0.00918894001836972,0.009654897500750421,0.009273651933908986,0.008382167125798291,0.009167151279393406,0.008108778662561303,0.008785318435546276,0.008904702030553217,0.005367186
2025-01-31,-0.006328492560443184,-0.007308908016580958,-0.007345613736282183,-0.0077051411610879325,-0.0073484861277951655,-0.007945109516929581,-0.007047362645052577,-0.0076166743251068186,-0.0074610249817631735,-0.0053220137
2025-02-03,-0.007389798083737714,-0.008272017273100396,-0.008147528199334241,-0.009020162220780906,-0.009100677406082293,-0.008898081136083785,-0.008096602174298376,-0.010302619065961105,-0.008765544671452881,-0.0067295534
2025-02-04,0.008247924224142666,0.008303137761376969,0.008029720461225614,0.009036082949569691,0.009123184638390442,0.009211762942276266,0.008205833215731631,0.011220843787356551,0.008919848716645234,0.0067083698
2025-02-05,0.0032815705761321846,0.003898562157251702,0.004286512395437148,0.004297386050094452,0.004367113235796455,0.0043051401748695145,0.004086184506868966,0.005583418396750526,0.00435547010452209,0.0040545262
2025-02-06,0.006094673403074233,0.004780473608295419,0.004845637211430416,0.005118125848292488,0.005039372354343218,0.004373824854688208,0.004581835926269646,0.005341203279054855,0.0048453603351776686,0.0034756292
2025-02-07,-0.018357623056389837,-0.01419783037488625,-0.014286284279771966,-0.01501775408010725,-0.014849999547450109,-0.0156339221268141,-0.015427109850272699,-0.018529466147139267,-0.01544263695479701,-0.0091536154
2025-02-10,0.01357307386886246,0.011102054902273131,0.010928098014002385,0.011652993295608172,0.01145133234747215,0.012218864069165341,0.012038716632868526,0.01357289713985418,0.012023625600913189,0.006791225
2025-02-11,0.00014975492634173768,0.0005451064562749638,0.0005120445827839898,0.0006469863628852034,0.0007250468144161214,0.0006341285677373561,0.0005803440914683856,0.0012114651947186341,0.0006423684237086978,0.00076054119
2025-02-12,-0.006989701469239161,-0.006902926801954832,-0.006921586986167373,-0.006846895386042004,-0.00650413310881538,-0.006336920868586009,-0.005708341359190349,-0.005905813465594589,-0.006598226875121081,-0.0032216902
2025-02-13,0.021111623466071386,0.021111711175459576,0.021111692315564933,0.021111767802292115,0.01987761298322483,0.019698822960690934,0.020962558028287028,0.020181943451326803,0.021022604493257845,0.010557709
2025-02-14,-0.00028768646463076414,-0.00027356885165863947,-0.00025598712466815227,-0.0002527244154050508,-0.00021667347437999434,-0.0001888137267596384,-0.00019160376462303913,-0.00013288975815648304,-0.00023782053156744834,-4.9176973e-05
2025-02-18,0.005596601761327656,0.005097405358516262,0.0052078210628898934,0.005224866905580801,0.005161429542831764,0.005430261055234053,0.005219737908486874,0.0057766524905302884,0.005305187587887221,0.0029357958
2025-02-19,0.0046961927476895735,0.0045912265101520355,0.004609752051882602,0.0046124871554396735,0.004604096832983476,0.00465461291921167,0.004597533400896886,0.004707013659697244,0.004626175250425182,0.0023549191
2025-02-20,-0.00832302332996899,-0.008322919086940776,-0.008322937486425975,-0.008322940202861107,-0.007961595095169086,-0.00832298203922765,-0.008322925350992647,-0.008323034075087284,-0.008322953797305882,-0.0041603465
2025-02-21,-0.03421221361366645,-0.034212213508107284,-0.034212213526739074,-0.034212213529489804,-0.034253117648998056,-0.03421221357185438,-0.034212213514450425,-0.03421221362454723,-0.03421221354325589,-0.017104008
2025-02-24,-0.00869369781576112,-0.008907275453658737,-0.008809006108120422,-0.008782031839200245,-0.008371511189360317,-0.00830590506954162,-0.009034221097381757,-0.008670540689502479,-0.00868895535451457,-0.0045501999
2025-02-25,-0.008457339206876408,-0.009057139837761576,-0.008784026612802117,-0.008700777444279268,-0.00780409712959119,-0.007935825283666624,-0.009000597635399806,-0.007738766378624799,-0.008394908400511646,-0.0049733898
2025-02-26,0.00041534250621128174,0.0005474377851272546,0.0005457085563310035,0.0005805370357737105,0.0005581417796944036,0.0005679139786073802,0.0005987464977846187,0.0006463051648380263,0.0005798437505201437,0.00050479756
2025-02-27,-0.016066117878378066,-0.01925991418042123,-0.01894103217394685,-0.019893553560942606,-0.01903564357822437,-0.019227881583251845,-0.019929459441546084,-0.021707593448095922,-0.01967387684412286,-0.015961911
2025-02-28,0.020691032889022774,0.020820440825980797,0.02061845608862219,0.021281410197527256,0.020006613366567498,0.019963859899517305,0.021080942419569277,0.021865519896863483,0.020785645564340628,0.015605491
2025-03-03,-0.015402676147037456,-0.017770978925101735,-0.017293717317576975,-0.018634608326069783,-0.018222714657175516,-0.01866301409088368,-0.01995427982879838,-0.02068422434610726,-0.018681126638621336,-0.017519979
2025-03-04,-0.009146753621038482,-0.01057333858239584,-0.010826211957541479,-0.01167458334880782,-0.012269645079898315,-0.013210162162480454,-0.01157200138021218,-0.01468915979913956,-0.011965013589599787,-0.011836763
2025-03-05,0.008324434650490226,0.009222945852257592,0.008878433833897744,0.009882558720172727,0.009983469520628714,0.010094237997217884,0.009869616106943244,0.010751099198517678,0.0097808148986961,0.01074784
2025-03-06,-0.01274522012412736,-0.01425313211884369,-0.013972080162832102,-0.015355256053216892,-0.01566722479116463,-0.01570347863613631,-0.01548229955127822,-0.016198462639228972,-0.01519457530562995,-0.017751157
2025-03-07,0.004011300830052836,0.004279566012607183,0.004328801580253067,0.004752472282300017,0.004994041659334814,0.00472868565339443,0.004698381064668836,0.005470519786664159,0.004732052593663123,0.0056048858
2025-03-10,-0.018809070096659882,-0.019931618070040878,-0.019574279276001732,-0.02140618139676281,-0.02192438891970802,-0.020038763206365807,-0.021831858719393627,-0.025651501714289898,-0.021322921600964037,-0.026635512
2025-03-11,-0.005077250575307409,-0.005652906193712388,-0.005656103398286747,-0.006304470912357166,-0.00671790987161362,-0.0071037528261751375,-0.0061399367548403035,-0.008300907011984496,-0.006432518338290035,-0.0083131117
2025-03-12,0.00381605070333876,0.003897294602657415,0.003829197386323133,0.004128254455493976,0.004156489074716512,0.0030943920913758397,0.004051573144896893,0.0039832048172593485,0.00387867816270038,0.0053068242
2025-03-13,-0.00748756332396401,-0.008435658399779401,-0.008389397689658412,-0.009137552305705903,-0.009491743331969253,-0.007186947395149742,-0.009000070760663875,-0.00933895697339702,-0.00864323861977718,-0.013330546
2025-03-14,0.017911846058461158,0.01636251801766058,0.015992077343217476,0.017714473978158,0.01804810394010067,0.014291066407618621,0.016253799337383173,0.01602170718369684,0.01630036377159668,0.020655904
2025-03-17,0.006345968771035053,0.006069946472472557,0.005905036309944599,0.006507857669586416,0.00653983560271044,0.005115338580629433,0.006488039397780147,0.009022816728696047,0.006368645544927635,0.0077111153
2025-03-18,-0.012994983768160478,-0.010638775857871648,-0.010819635142491398,-0.01151768738192927,-0.010633851085323734,-0.009845701870208983,-0.010548881906677694,-0.014899829071790636,-0.011099285244149427,-0.01080838
2025-03-19,0.013212007473796939,0.011227985618400162,0.011167728792283211,0.012208198325102592,0.01137044852210047,0.011698303086223733,0.011457468143424307,0.014181939562103547,0.011834588239171802,0.010890846
2025-03-20,-0.0033544366768935075,-0.0032211176742954566,-0.0031459105241961856,-0.0033602347279695164,-0.0030138390619259994,-0.002903033042682585,-0.0031026631122378946,-0.003178206068244534,-0.0030995186266390327,-0.0028918084
2025-03-21,0.0002775733448638338,0.0003305379208510321,0.00035248071545714287,0.0003791242721052805,0.0003350326882844468,0.00031138301140095335,0.00030621764855112406,0.0002961185107431304,0.00035152659858018987,0.00032989199
2025-03-24,0.019001916463334427,0.019830754188393314,0.019683053056381752,0.021477495798459107,0.020130049679345122,0.01963290320572596,0.018221591418096705,0.017257941427122586,0.01938335568471871,0.017908599
2025-03-25,0.002863143326958622,0.0028207733537160243,0.002868209975448091,0.003058162938085058,0.0028782153556823334,0.0028758209563552544,0.0025994747396155234,0.0028609041712482617,0.002844398101751432,0.0024038215
2025-03-26,-0.02291265018415306,-0.017778106223719295,-0.017844696441546914,-0.019249791651832264,-0.018209041965941062,-0.017441919272649587,-0.016324071517886993,-0.01908152406884421,-0.017941880446338543,-0.011938336
2025-03-27,-0.005354967869508033,-0.004709492617472084,-0.004685850984974408,-0.004988664003382637,-0.004415645380847779,-0.00408935502175374,-0.004558945640548975,-0.004536388483142267,-0.004556772080898661,-0.0026556273
2025-03-28,-0.031065167574173717,-0.03028252912166915,-0.029492435520180098,-0.031774226178759114,-0.028560920198917414,-0.027796944189187118,-0.030522877529955167,-0.027841451737374956,-0.0294021387689845,-0.020138212
2025-03-31,0.007261380014007715,0.008489971543463959,0.008474932862163175,0.009058814602751626,0.008213076012520392,0.008739998942308789,0.008230599719767742,0.00817156231206788,0.00847367881710584,0.0067126885
2025-04-01,0.003372746783880521,0.0037539265589524237,0.003645843469354708,0.0038086728204798858,0.0031699865460718146,0.003138272906706477,0.0034087855474237323,0.002914852708490847,0.0033883097082454817,0.0028245534
2025-04-02,0.004815841942407895,0.006044066869648949,0.006411834711675339,0.0065132659595190595,0.005975003902974385,0.005388177486181753,0.006097887129236439,0.005975217992258892,0.006040883238166178,0.0063282976
2025-04-03,-0.048351369917651016,-0.051474090751097455,-0.051959218060135134,-0.05518969927716783,-0.04997452163412699,-0.046137882532564976,-0.04938092910693867,-0.04870650555202427,-0.050266349626063696,-0.049280691
2025-04-04,-0.053478391382350596,-0.056750698226256766,-0.05836923775100903,-0.061972637538184765,-0.059453684522078096,-0.055857294246363244,-0.05816476871145841,-0.06086671225698165,-0.0586966909221697,-0.058543101
2025-04-07,-0.0015671757714697046,-0.0016684107386836357,-0.001644207224465173,-0.001694791406172471,-0.001501322728994918,-0.0012568303042342582,-0.0017337839412248522,-0.0013784949417094939,-0.0015251522066133854,-0.0017811885
2025-04-08,-0.005477365880279213,-0.007500263853577121,-0.007403682446971654,-0.0073547718580117835,-0.006545794055155013,-0.006545456334716581,-0.008399925904700041,-0.005676859504683295,-0.006960731951510231,-0.015662693
2025-04-09,0.015365204812258405,0.02354163778751107,0.024664561808739344,0.025799775234671567,0.027022444882965804,0.03997611078147284,0.027563150997036035,0.03022479846129637,0.027660340649421775,0.10501931
2025-04-10,-0.01443158497254385,-0.015497766686137292,-0.015265254636149988,-0.015558855967361212,-0.01509481148470422,-0.01532604554938887,-0.01195290203748674,-0.012029072692862158,-0.014200459299642596,-0.043819063
2025-04-11,0.0036777689482853375,0.004437133560626403,0.005002506263263946,0.005444748327279909,0.006464496998623351,0.00843045066165675,0.004361224707707079,0.006945275515095098,0.00560707826243766,0.017842776
2025-04-14,0.002651341170251982,0.0026543245224358862,0.0026352499195502494,0.003037277546397299,0.0034600237581006387,0.0037421077914673658,0.002496029386946392,0.003352375413501671,0.0029979801779193194,0.009701507
2025-04-15,-0.0015080389161834414,-0.0010465531668414241,-0.001053889605961204,-0.0012053798782708871,-0.0013693301116733231,-0.0012113321549119345,-0.0010062390064383207,-0.0016232599802281891,-0.0011879250750949665,-0.0028009069
2025-04-16,-0.015680163769502705,-0.011226850112610728,-0.010785585445880983,-0.01344154452554745,-0.01441475156474587,-0.014402076096282121,-0.007930365528896442,-0.01795996715834085,-0.012140323499005252,-0.022228194
2025-04-17,0.001178511052580616,0.000799123565898112,0.000770457944107325,0.000952804787062995,0.001004350954069458,0.0009793611322863422,0.0004386542058997486,0.0012255734345036158,0.0008160859915077569,0.0014269529
2025-04-21,-0.01707993068916304,-0.015369839095412799,-0.014947844655982714,-0.01677563264859484,-0.01579410093889061,-0.01482980108386819,-0.006947098869762552,-0.01591684120625972,-0.01321519183596311,-0.023802707
2025-04-22,0.021955693159748806,0.020800823679803477,0.02101091957292749,0.02233951636400507,0.01975344334279956,0.01910138788591837,0.007346256473070752,0.017886780098805958,0.016075294881873276,0.02601776
2025-04-23,0.0166220483959399,0.014930933530128754,0.014403550642973391,0.014263827373423023,0.01106258849250821,0.009229643635304338,0.004658793688482457,0.009906901465773556,0.009741465172299521,0.015495363
2025-04-24,0.017631896773534227,0.018387466940352502,0.01887180338907476,0.0189050978490115,0.015446911857477463,0.013143172181480898,0.00799175603064406,0.01462270122351733,0.014161683316718519,0.021049031
2025-04-25,0.005111851723577435,0.005650759945175475,0.005481582468573146,0.006161964502753268,0.005388409891899883,0.005257061305412344,0.0030834066237866247,0.005341984827490746,0.00499370145010394,0.0072253113
2025-04-28,0.0002162075781825272,0.00026882126636362975,0.00025123446753623686,0.00029052860199525103,0.00026390597098233516,0.0002635507420760331,0.00012395794853215476,0.0002606117587443933,0.00023250015003328166,0.00038127276
2025-04-29,0.006311813303860657,0.006253783769237766,0.006242112330025432,0.007144683221265639,0.006105470360313648,0.005099261598345353,0.005833900826346268,0.006619073245029115,0.006163601067179817,0.0062993895
2025-04-30,0.00040016728437686086,0.00039470558953417215,0.00039660325709047763,0.00044948547512549316,0.00038537051352688855,0.00032295279183683833,0.0003700929063008281,0.000357012361656334,0.00038888577391637305,0.00039694175
2025-05-01,0.007774182350252293,0.007476595652614437,0.007649972248323573,0.008565056137902292,0.0073531541989132745,0.006744673602045658,0.007053587927091582,0.0069349413351636685,0.007357656484101389,0.0070868681
2025-05-02,0.012196952110585604,0.013732922901094955,0.01443831491529354,0.015564338742197908,0.013913870462265464,0.011873759853051415,0.013518501863281601,0.01390751271426303,0.01377245167573661,0.014844247
2025-05-05,-0.005688106398278545,-0.00576530865464908,-0.00558655100921635,-0.006657152064474656,-0.005654133753760096,-0.005492748455166429,-0.005385250196602584,-0.005713881629733426,-0.005727741256110329,-0.0057343242
2025-05-06,-0.011418802389678281,-0.010000746192001001,-0.010095872798794191,-0.011899275067592982,-0.01050309121236859,-0.010222246332344807,-0.008958806623365644,-0.011292811765576435,-0.010351890282534715,-0.0083584355
2025-05-07,0.007446520627043673,0.005788747367151711,0.00587252729661314,0.006635435765121884,0.005336402934988123,0.0049099877687791,0.005108068888913864,0.004857389287001378,0.0054694862128921206,0.0042055276
2025-05-08,0.00647809521805154,0.007148660174554072,0.00716627404929736,0.008067437008425164,0.007067175950593208,0.0067549511708724546,0.007283415366348989,0.0062730419258873685,0.007075469561383252,0.0069677626
2025-05-09,-0.0010601700643563029,-0.0012027979052485218,-0.0012057828469022446,-0.0013720512866394598,-0.001259702052003393,-0.001246214585285564,-0.0012101260934970991,-0.001057960730990976,-0.001214585488505203,-0.0012742214
2025-05-12,0.03586321677137576,0.036232926629495864,0.03649004237308686,0.04035465328156407,0.03831878301384967,0.03563175740062355,0.03240992703655256,0.028568315512289538,0.03503295504348449,0.033047433
2025-05-13,0.009786540972048823,0.008423646521954964,0.008167000952707257,0.009142022650291001,0.008410322846959107,0.0077457925193376515,0.007557645432709522,0.00759552585724231,0.008113608014352347,0.0066039677
2025-05-14,0.0017508750224824658,0.001545098286585993,0.0015955657577380793,0.0017988487869817227,0.0018240936026044882,0.0016238614656236096,0.0015076895375411969,0.0018403345651913728,0.0016705486194159669,0.0012779772
2025-05-15,0.008801848921471846,0.006963502984005745,0.007128388051518777,0.007712512547009591,0.007736700602977914,0.007173265140096564,0.0065108499430479635,0.007612395920726594,0.007241271316845231,0.0048844963
2025-05-16,0.01024763628011377,0.009483500053544812,0.009352506167786902,0.01006586444127851,0.00984174867908801,0.009623298598677032,0.01028688782716347,0.009778262448187114,0.009770659436997014,0.0063338336
2025-05-19,0.001799810445428102,0.0016789305024674723,0.0016957433282882395,0.0017715228151252032,0.0017609389012555802,0.001728000374785232,0.001746722281704287,0.0016038494142846503,0.0017218235002697919,0.0010939239
2025-05-20,-0.006894901316105314,-0.006301819640014311,-0.0066064919486296175,-0.00642054176009606,-0.0063857187156177355,-0.005975506223471653,-0.005920689550584321,-0.005039553550352901,-0.006052442054154177,-0.0033621537
2025-05-21,-0.03286755620541175,-0.030012804311680675,-0.032344454669848054,-0.029999983444024086,-0.029616158702624455,-0.029786112024364274,-0.02935547714459522,-0.02331438882304845,-0.028940224928000306,-0.016850775
2025-05-22,0.0005347781389057596,0.000581112384183883,0.0004898074327576173,0.0005980451496355507,0.0005861130243479456,0.00056445618138684,0.0005894778406439706,0.0004916537764269129,0.0005572412833889029,0.00039470809
2025-05-23,-0.006672207116259169,-0.007854313280969076,-0.007605452220490441,-0.008143564287635695,-0.008214989192201497,-0.008434859583434824,-0.008393757909474622,-0.007421917475417152,-0.007989992937336191,-0.0068259574
2025-05-27,0.028485414220646887,0.028856624404829823,0.028605803107136382,0.02903152356193362,0.028555727676408713,0.027976983312509304,0.0267914445445965,0.023840974071778775,0.02754669886485449,0.02079058
2025-05-28,-0.007861752321087583,-0.007809385901777797,-0.007861385471281658,-0.007674673874017082,-0.007226692308423804,-0.006904161565644253,-0.008020124679993678,-0.0064568139585853435,-0.007367682675100155,-0.0057851389
2025-05-29,0.007574798016498486,0.006888443273450041,0.0074416897451062385,0.006810090377042904,0.006712180319108626,0.0063559054051153105,0.0068673649387948075,0.005327923187375218,0.006564935175518662,0.0039472312
2025-05-30,-0.002035575292738018,-0.0018359094133862928,-0.001882429216210451,-0.0018340047368065953,-0.001879295129847712,-0.0018026816443378866,-0.0019604215500195897,-0.001583578163483945,-0.001809850236597814,-0.0011184011
2025-06-02,0.006052564361073016,0.0068938741725561,0.006651391026806146,0.007214676938421964,0.007820436204411344,0.007934646627324557,0.007572583921364499,0.007215874978881319,0.007304789603143959,0.0056328163
2025-06-03,0.00680141794968854,0.00729718316316136,0.007262941061993249,0.007567838030883019,0.007962366149643118,0.008105087711576057,0.0072998538999184985,0.007169105644792691,0.007525644170224184,0.0057026623
2025-06-04,-0.0005807772842186613,-0.0004948091348610395,-0.0005171839883689233,-0.000488911247662701,-0.0005419133820564925,-0.00045901129972979524,-0.0004542830367088275,-0.0004915290721165175,-0.0004923061975257789,-0.0002684086
2025-06-05,-0.00989780151456731,-0.009159797965230533,-0.009530303484103055,-0.008956190661341026,-0.00981762503438728,-0.008261980597107258,-0.008979900740269931,-0.00803644075477732,-0.008925919314952069,-0.0048328596
2025-06-06,0.020533154425140844,0.019228608750591927,0.018778939113503847,0.018670548824999977,0.02017151838841343,0.018159471253991786,0.020450954806328376,0.017280448521620084,0.018934316022615826,0.010269135
2025-06-09,0.0005123326821513529,0.0007922124632701684,0.0007517780320931247,0.0008894719265063679,0.0010296942634027235,0.0009789527802009917,0.0009716962408945187,0.0011575402010534652,0.00093222474369687,0.00090112538
2025-06-10,0.009568617548925568,0.009147253451434377,0.008936977203382844,0.00924442287502334,0.010147174049316858,0.00990599542808578,0.008499956293797425,0.009311315986084413,0.009280415484809955,0.0056699248
2025-06-11,-0.005834394026393599,-0.00588213105252493,-0.005900187508953891,-0.005875276177045742,-0.005769651518573524,-0.005286519879041439,-0.0058552224301815356,-0.004519416374727565,-0.0057230890027152904,-0.0028522823
2025-06-12,0.007945963587351489,0.007719941281773836,0.007783112433336184,0.007328568589496394,0.007908103430198987,0.007457595807855543,0.007937457346679104,0.006286847661844469,0.00745082033768394,0.0039744816
2025-06-13,-0.016585469734031254,-0.017062118103589333,-0.01657642142304593,-0.01709951197715415,-0.018985690000314723,-0.017070588060977134,-0.01851188251513164,-0.01644953665509595,-0.017347773821510475,-0.011180059
2025-06-16,0.0187619118604159,0.01778066103071599,0.018762324639869713,0.016828957855325545,0.016801025127390207,0.016799799556279586,0.016560221868137277,0.015324004754851548,0.01693047431115046,0.0095140315
2025-06-17,-0.012490972656132868,-0.013338277013513889,-0.013462228694666465,-0.012641465929667424,-0.01183510936338538,-0.011994998320911178,-0.013523768522993992,-0.011139468922759957,-0.012500112053853249,-0.0085450696
2025-06-18,-0.0005838436811902898,-0.0005150870603912162,-0.0005224728892789036,-0.0004605319216320374,-0.00038435202300067994,-0.0004151009466887804,-0.00039966872126175556,-0.00024525211099308853,-0.0004092122616712429,-0.00015071309
2025-06-20,-0.004459706304608937,-0.0042077477030507465,-0.004182759296373049,-0.003855045413037092,-0.0033268609779232073,-0.003607835376345078,-0.0042451331744649415,-0.0028312698103974084,-0.0036789212877765924,-0.0023484743
2025-06-23,0.013269922224737387,0.01436236728250902,0.014045419770368453,0.013940244797810322,0.013083674199772572,0.01351605688228021,0.015167099786203878,0.009848104211357617,0.013198484806211858,0.0098773819
2025-06-24,0.015154739705751326,0.01583148650824855,0.015203536805399787,0.01540215201674075,0.0146215599297972,0.015180908346691589,0.015985110734511733,0.010637555972559734,0.014443269508836735,0.011047393
2025-06-25,0.000743279457717059,0.0007837888907427687,0.0007772975764623937,0.0007792888367564844,0.0007426191192669682,0.000769463937109064,0.0007882567086254655,0.0005520600978151426,0.0007351585758236976,0.00056018096
2025-06-26,0.015320498175806385,0.015353939208772474,0.015402345726607555,0.014801410055310452,0.014327244272011784,0.0134768901820625,0.0145254920575747,0.012498585084041834,0.014351595545817893,0.0078239122
2025-06-27,0.009929462932425696,0.009929430240257083,0.00992938292154882,0.009556854493543989,0.0092448445347813,0.008658273577978033,0.00936455811489334,0.008083353771817993,0.009262548366964893,0.0049684232
2025-06-30,0.009557244736406836,0.00955724476861857,0.009557244815241896,0.009198487109874465,0.008898047550767247,0.008333285624706168,0.009013335233557709,0.0077796552314944745,0.00891509239013852,0.0047810785
2025-07-01,-0.0006519595113762677,-0.0006519595114080236,-0.0006519595114539872,-0.0006271217831230898,-0.0006063432789790139,-0.0005673377663472986,-0.0006143142732055378,-0.0005291690956110714,-0.0006075215763378055,-0.00032361428
2025-07-02,0.009066202640561172,0.009066202640561141,0.009066202640561094,0.008725566257855082,0.00844032075746912,0.007904166056057592,0.008549776016269894,0.00737863711441431,0.008456503142964233,0.0045332656
2025-07-03,0.015758308190243396,0.015758308190243396,0.015758308190243396,0.015166517219361174,0.014670940638834548,0.013739400927333204,0.014861106575852337,0.01282627040116086,0.01469905581614046,0.0078814002
2025-07-07,-0.014911698506928538,-0.014911698506928538,-0.014911698506928538,-0.014350838448412883,-0.013881215182948416,-0.012998586670842872,-0.014061416619019287,-0.01213356136149445,-0.013907856720284722,-0.0074519719
2025-07-08,-0.0011030432476455175,-0.0011030432476455175,-0.0011030432476455175,-0.001126309036239381,-0.0011584402851226834,-0.0011367407010634321,-0.0011461144263115548,-0.0012777627953044581,-0.0011566182570258582,-0.0005477353
2025-07-09,0.011655189329341694,0.010899801699908817,0.010511448285879757,0.01010587842960819,0.009402374721272777,0.0097086330816296,0.01199271313427582,0.011179745125432926,0.010609854751578895,0.0059966561
2025-07-10,0.0056090885197857005,0.005484425018657573,0.005493415313975172,0.005095843221480856,0.004770706248101953,0.004673636180976964,0.005634591599793521,0.0053015009291117795,0.005194263459337122,0.0028202583
2025-07-11,-0.007033590274676635,-0.00704798089249677,-0.007039737771702943,-0.007118218583875743,-0.006819048471797867,-0.0067875992459854855,-0.0070336155645315925,-0.007048606273373283,-0.007105358973416532,-0.0035154085
2025-07-14,0.0038128250974939952,0.003812810553382118,0.0038128188844777514,0.003812739560466765,0.003775052151451782,0.0035697992775986006,0.0038128250719347617,0.003792737013093425,0.0038127525591000705,0.0019081841
2025-07-15,-0.008548321806518301,-0.008548321792056925,-0.008548321800340628,-0.008536649177682201,-0.008069416321857049,-0.007753935219597575,-0.008548321806492887,-0.00756640952566649,-0.008540343091062478,-0.0042732122
2025-07-16,0.0066820364302887705,0.006682036430303419,0.006682036430295028,0.006550506728667552,0.0054325494142800045,0.0054282859545111166,0.006682036430288796,0.005256112146652653,0.0062852265186699036,0.0033431742
2025-07-17,0.01223615670007941,0.012236156700079395,0.012236156700079404,0.011255583380228334,0.009908386274549558,0.01004976080140342,0.01223615670007941,0.009050099733223177,0.010910362908132623,0.0061197367
2025-07-18,-0.0012637323076241961,-0.0013180872184600876,-0.0013064911351805307,-0.0012412999090879264,-0.001130677084736711,-0.0011391371558114875,-0.001340527268717242,-0.001158864919296854,-0.0012202118014794155,-0.00073243279
2025-07-21,0.0033729243176313954,0.003489950570238527,0.0034649831063632464,0.0034849892388583714,0.0032956133729718055,0.003288190529995186,0.0034287709754131914,0.00324694235372438,0.0034815474958600264,0.0018961435
2025-07-22,0.0002845264835080054,0.00028441003589298734,0.00028443487762575155,0.00028441497214168934,0.0002358772520070516,0.0002647153601707645,0.00024531678704835,0.0002486289845105038,0.0002777190937867354,0.00014299915
2025-07-23,0.017015207112923314,0.017015207229321348,0.01701520720449019,0.0170152072243872,0.0164866492868195,0.015825793257225225,0.01701524630745703,0.01482021394951383,0.017015213917460126,0.0085076743
2025-07-24,0.0006536941027508123,0.000653694102637319,0.0006549202535496753,0.000548565863179432,0.00046998189998458107,0.0005779539774638445,0.00065369406453441,0.00048815383613279013,0.0005626912385212421,0.00033102965
2025-07-25,0.00844835394633331,0.008448353946333424,0.008444725593871322,0.00837515706172915,0.00816399952844515,0.0076966028510574306,0.00844835394637149,0.007474307182744758,0.008383640729791154,0.0042243382
2025-07-28,-0.000506520368728287,-0.000506520368728287,-0.0005065167858302372,-0.0005064480838355862,-0.0005257411996799302,-0.0005934306247252978,-0.0005065203687283248,-0.0006111966224138396,-0.0005064564623395861,-0.00025116587
2025-07-29,-0.005275385683906532,-0.005275385683906532,-0.005275385680320902,-0.005275385611566534,-0.005275404919761177,-0.005275472667985716,-0.005275385683906532,-0.00527549045093657,-0.005275385619951425,-0.0026375651
2025-07-30,-0.0025211968099039103,-0.0025211968099039103,-0.002521196809900296,-0.002521196809830994,-0.0025211968292930603,-0.0025029862264120276,-0.0025211968099039103,-0.0025211969155058645,-0.0025211968098394454,-0.0012592725
2025-07-31,-0.007503787313911061,-0.007503787313911061,-0.007503787313911057,-0.007503787313910988,-0.007431265202492689,-0.007190378775737743,-0.007503787313911061,-0.007503787314017064,-0.007503787313910996,-0.0037512611
2025-08-01,-0.026719075058967385,-0.030366741508716277,-0.02942510200211953,-0.028421213761722873,-0.028125722652550735,-0.03101459200876466,-0.03144942465592505,-0.028124958811694762,-0.029510504403142165,-0.016390418
2025-08-04,0.020809709243047078,0.02414278933924951,0.023121691404314578,0.023267304371673302,0.02294915117009659,0.024954167898163775,0.024337367889969024,0.022775670549425992,0.0236257255156048,0.015199764
2025-08-05,-0.0066285114481752115,-0.007432513296421237,-0.007275858392180416,-0.007023551316226444,-0.006418625451861476,-0.007259089291919029,-0.007539701820418117,-0.006778552285247222,-0.007083241375812121,-0.0050700241
2025-08-06,0.014971007267232965,0.015047999879185021,0.01503426623801355,0.01387268349651628,0.012118314261014333,0.014118119120573574,0.01409015301524199,0.014980723591254033,0.014387864223370695,0.0076598577
2025-08-07,-0.001651884315448334,-0.0015819129829084567,-0.0015617798117874093,-0.0014708914959369178,-0.0013149162576190773,-0.0015109597752754151,-0.0016402158523722158,-0.0016824855127373208,-0.0015368723498763643,-0.00083763635
2025-08-08,0.01410274156181099,0.013231369813517758,0.013362702055223,0.012853791931825531,0.012838032064948435,0.013603095273860149,0.01432506785863383,0.015322223349852173,0.013621044610734634,0.0077975541
2025-08-11,-0.0030774345088705403,-0.0031077742933244305,-0.0030730357466543182,-0.0030570283154112564,-0.003115643051536861,-0.003074454713276947,-0.003327577014953412,-0.0035730553038950622,-0.003179978585818168,-0.001977598
2025-08-12,0.021028761429673783,0.021058596300522498,0.021044191074911022,0.02044681018850554,0.021068789591449935,0.021039578554322924,0.020165486289198908,0.021172267294696585,0.021075219863912406,0.010646079
2025-08-13,0.006836095955769662,0.006648343659195272,0.006584019498407055,0.006254877414543952,0.0062587206656696,0.006552958356590163,0.0067360206773969524,0.006835956854287194,0.006570176952034572,0.0034231324
2025-08-14,0.0001828287373781911,0.00016166680591852563,0.00016884665431421943,0.00013948782767798484,0.0001074322830814049,0.0001445503361069235,0.00017358157229003428,0.0001828288750669143,0.00014671718778069424,9.3109264e-05
2025-08-15,-0.004682676503073079,-0.0046889118673332075,-0.004707704418668602,-0.004727120596803834,-0.004682601121480492,-0.004682638233637357,-0.004682667258342205,-0.00468267650321073,-0.004682640400059731,-0.0023412934
2025-08-18,-0.00043777751862483945,-0.00043778379810107245,-0.00043780272407588247,-0.0004378222788558049,-0.0004377774427104425,-0.00043777748008491023,-0.0004377775093147654,-0.000437777518624978,-0.000437777482266645,-0.00021771256
2025-08-19,-0.01085042216134031,-0.01085042216762392,-0.010850422186562353,-0.010603623948027299,-0.010850422161264346,-0.010850422161301745,-0.010850422161330994,-0.01085042216134031,-0.010850422161303927,-0.005425101
2025-08-20,-0.00531945363392491,-0.005319453633931298,-0.005319453633950549,-0.0053339210635488556,-0.005319453633924833,-0.0051296355705085185,-0.0053194536339249004,-0.00531945363392491,-0.0053194536339248736,-0.0026569844
2025-08-21,-0.007850145394284963,-0.007872578791016709,-0.007896207463280062,-0.00747572252402375,-0.007787935705756153,-0.008065436955759776,-0.008026488907857263,-0.00746020281128737,-0.00783119738180163,-0.0040119061
2025-08-22,0.021263435878724864,0.023834335928675357,0.023114981335620625,0.023570270310746603,0.024962574948524167,0.026156143515152355,0.024981017374909913,0.02478642292688214,0.024443934717476436,0.015356736
2025-08-25,-0.006775742501768439,-0.007052894196100073,-0.007040780404109988,-0.006854673570961116,-0.006845103841455954,-0.007150472997838734,-0.006970434674953263,-0.0066424542869640505,-0.006910748203022566,-0.0044010205
2025-08-26,0.004404900866073249,0.005133426943392767,0.006632311225050243,0.005558218826220346,0.006761662545925958,0.006703526881765774,0.005158950448634544,0.008124244990103347,0.006220619736349266,0.0041870652
2025-08-27,0.004108209866056479,0.004189356445025391,0.004347551283187097,0.004232058886871695,0.004366618280172298,0.004356431015210675,0.0037507564825618725,0.004553000149050209,0.004302828443093512,0.0022784528
2025-08-28,0.007081208329204803,0.00708112766841368,0.0070809704580894195,0.007013960840503924,0.007080951513098697,0.007080961635087702,0.006925478303213172,0.006852943552492373,0.007081014897578618,0.0035415153
2025-08-29,-0.011931172803970057,-0.011931172724157934,-0.011931172568601649,-0.011939861670460215,-0.011931172549855979,-0.011931172559871474,-0.011936340116773523,-0.011567322281428002,-0.011931172612573586,-0.005963829
