date,persistence__both,persistence__long_only,har__both,har__long_only,shar__both,shar__long_only,har_rv_iv__both,har_rv_iv__long_only,har_x_lasso__both,har_x_lasso__long_only,hgb__both,hgb__long_only,lstm__both,lstm__long_only,lstm_x__both,lstm_x__long_only,combination__both,combination__long_only,always_short__both,always_long__both,always_long__long_only
2024-03-18,0.0,0.0,0.0,0.0,0.0,0.0,0.0,0.0,0.0,0.0,0.0,0.0,0.0,0.0,0.0,0.0,0.0,0.0,-0.000177890167783454,-0.000177890167783454,-0.000177890167783454
2024-03-19,0.0,0.0,0.0,0.0,0.0,0.0,0.0,0.0,0.0,0.0,0.0,0.0,0.0,0.0,0.0,0.0,0.0,0.0,0.0004473154182117604,-0.0009058979267771013,-0.0009058979267771013
2024-03-20,0.0,0.0,0.0,0.0,0.0,0.0,0.0,0.0,0.0,0.0,-0.00019672301629566265,-0.00019672301629566265,0.0,0.0,0.0,0.0,0.0,0.0,0.0007628320079945207,-0.001852088504954532,-0.001852088504954532
2024-03-21,0.0,0.0,0.0,0.0,0.0,0.0,0.0,0.0,0.0,0.0,-0.0008731125120939575,-0.0008731125120939575,0.0,0.0,0.0,0.0,0.0,0.0,0.0010907437403671813,-0.0014688300237629284,-0.0014688300237629284
2024-03-22,0.0,0.0,0.0,0.0,0.0,0.0,0.0,0.0,0.0,0.0,-0.0011194225121452007,-0.0011194225121452007,0.0,0.0,0.0,0.0,0.0,0.0,0.0019086420564773023,-0.002117089606307908,-0.002117089606307908
2024-03-25,0.0,0.0,-0.00019743142797079845,-0.00019743142797079845,-0.00019743142797079845,-0.00019743142797079845,-0.00019743142797079845,-0.00019743142797079845,0.0,0.0,-0.0031621330567883493,-0.0031621330567883493,-0.00019743142797079845,-0.00019743142797079845,0.0,0.0,-0.00019743142797079845,-0.00019743142797079845,0.009097353185006806,-0.00978161608480125,-0.00978161608480125
2024-03-26,0.0,0.0,-0.001463007928092011,-0.001463007928092011,-0.001463007928092011,-0.001463007928092011,-0.001463007928092011,-0.001463007928092011,0.0,0.0,-0.0032130340951550653,-0.0032130340951550653,-0.001463007928092011,-0.001463007928092011,0.0,0.0,-0.001463007928092011,-0.001463007928092011,0.005216553352453044,-0.005999275298380776,-0.005999275298380776
2024-03-27,0.0,0.0,-0.00023633997479007552,-0.00023633997479007552,-0.00023633997479007552,-0.00023633997479007552,-0.00023633997479007552,-0.00023633997479007552,0.0,0.0,-0.0009458502256555542,-0.0009458502256555542,-0.00023633997479007552,-0.00023633997479007552,0.0,0.0,-0.00023633997479007552,-0.00023633997479007552,-0.001151050101840061,-0.001266218757203065,-0.001266218757203065
2024-03-28,0.0,0.0,0.0011679417407993715,0.0011679417407993715,0.0011679417407993715,0.0011679417407993715,0.0011679417407993715,0.0011679417407993715,0.0,0.0,0.004193808084264142,0.004193808084264142,0.0011679417407993715,0.0011679417407993715,0.0,0.0,0.0011679417407993715,0.0011679417407993715,-0.008328659961332302,0.008122107617368738,0.008122107617368738
2024-04-01,0.0,0.0,-0.002405231043608957,-0.002405231043608957,-0.002405231043608957,-0.002405231043608957,-0.002405231043608957,-0.002405231043608957,0.0,0.0,-0.010208201658937727,-0.010208201658937727,-0.002405231043608957,-0.002405231043608957,0.0,0.0,-0.002405231043608957,-0.002405231043608957,0.015508795036732251,-0.016378402210821524,-0.016378402210821524
2024-04-02,0.0,0.0,0.001437883783963512,0.001437883783963512,0.001437883783963512,0.001437883783963512,0.001437883783963512,0.001437883783963512,0.0,0.0,0.007873775947540438,0.007873775947540438,0.001437883783963512,0.001437883783963512,0.0,0.0,0.001437883783963512,0.001437883783963512,-0.011367111062181835,0.008926079853337501,0.008926079853337501
2024-04-03,0.0,0.0,-0.000981466821520149,-0.000981466821520149,-0.000981466821520149,-0.000981466821520149,-0.000981466821520149,-0.000981466821520149,0.0,0.0,-0.006229800927800611,-0.006229800927800611,-0.000981466821520149,-0.000981466821520149,0.0,0.0,-0.000981466821520149,-0.000981466821520149,0.00767378333830664,-0.008492506409870992,-0.008492506409870992
2024-04-04,0.0,0.0,0.006390816114330175,0.006390816114330175,0.006390816114330175,0.006390816114330175,0.006390816114330175,0.006390816114330175,0.0,0.0,0.04315190233338407,0.04315190233338407,0.006390816114330175,0.006390816114330175,0.0,0.0,0.006390816114330175,0.006390816114330175,-0.05996107897054045,0.05475302202807118,0.05475302202807118
2024-04-05,0.0,0.0,0.0007837980623675028,0.0007837980623675028,0.0007837980623675028,0.0007837980623675028,0.0007837980623675028,0.0007837980623675028,0.0,0.0,0.008170688077873392,0.008170688077873392,0.0007837980623675028,0.0007837980623675028,0.0,0.0,0.0007837980623675028,0.0007837980623675028,-0.014982862113383325,0.010732453570166323,0.010732453570166323
2024-04-08,-0.00017730640653099917,-0.00017730640653099917,-0.004760935365412421,-0.004760935365412421,-0.00493824177194342,-0.00493824177194342,-0.004760935365412421,-0.004760935365412421,0.0,0.0,-0.037288495148735445,-0.037288495148735445,-0.004760935365412421,-0.004760935365412421,0.0,0.0,-0.004760935365412421,-0.004760935365412421,0.047136025696342246,-0.04776051273521984,-0.04776051273521984
2024-04-09,-0.0004491645048217389,-0.0004491645048217389,-0.0002642523869801528,-0.0002642523869801528,-0.0007134168918018917,-0.0007134168918018917,-0.0002642523869801528,-0.0002642523869801528,0.0,0.0,-0.0022969941868465583,-0.0022969941868465583,-0.0002642523869801528,-0.0002642523869801528,0.0,0.0,-0.0002642523869801528,-0.0002642523869801528,0.002885131679083897,-0.0038315026609599895,-0.0038315026609599895
2024-04-10,1.665259885573486e-05,1.665259885573486e-05,-0.00018522460913221304,-0.00018522460913221304,4.111375348728384e-05,4.111375348728384e-05,-0.00018522460913221304,-0.00018522460913221304,0.0,0.0,0.0006516985177700141,0.0006516985177700141,2.4461154631548978e-05,2.4461154631548978e-05,0.0,0.0,2.4461154631548978e-05,2.4461154631548978e-05,-0.00877140768816718,0.0024368145499253004,0.0024368145499253004
2024-04-11,-0.00016998532780842544,-0.00016998532780842544,-0.0001910685411804794,-0.0001910685411804794,-1.1936030067439038e-05,-1.1936030067439038e-05,-0.0001910685411804794,-0.0001910685411804794,0.0,0.0,0.0012925768314507164,0.0012925768314507164,0.00015804929774098644,0.00015804929774098644,0.0,0.0,0.00015804929774098644,0.00015804929774098644,-0.004302778270102228,-0.0006645228439798264,-0.0006645228439798264
2024-04-12,0.013963738192076034,0.013963738192076034,0.016042768815759254,0.016042768815759254,0.02082949922296909,0.02082949922296909,0.016042768815759254,0.016042768815759254,0.0,0.0,0.05085933264881261,0.05085933264881261,0.006865761030893054,0.006865761030893054,0.0,0.0,0.006865761030893054,0.006865761030893054,-0.09035411546137098,0.08197946812073177,0.08197946812073177
2024-04-15,0.0045868617671827325,0.0045868617671827325,0.004826791080891411,0.004826791080891411,0.006284752113939275,0.006284752113939275,0.004826791080891411,0.004826791080891411,0.0,0.0,0.0138765006878135,0.0138765006878135,0.0016978903467565437,0.0016978903467565437,0.0,0.0,0.0016978903467565437,0.0016978903467565437,-0.030486899982023502,0.023526582435274803,0.023526582435274803
2024-04-16,-0.0049202399927742125,-0.0049202399927742125,-0.004082259622051086,-0.004082259622051086,-0.005399928941976198,-0.005399928941976198,-0.004082259622051086,-0.004082259622051086,0.0,0.0,-0.00435084340074877,-0.00435084340074877,-0.000479688949201986,-0.000479688949201986,0.0,0.0,-0.000479688949201986,-0.000479688949201986,0.014344870571395028,-0.01613262733929724,-0.01613262733929724
2024-04-17,-0.006860043433309109,-0.006860043433309109,-0.006835024074542465,-0.006835024074542465,-0.008930573274353783,-0.008930573274353783,-0.006835024074542465,-0.006835024074542465,0.0,0.0,-0.016005871347286555,-0.016005871347286555,-0.0022316933152762277,-0.0022316933152762277,0.0,0.0,-0.0022316933152762277,-0.0022316933152762277,0.02863155214461441,-0.03373070580168528,-0.03373070580168528
2024-04-18,0.0005987975166161902,0.0005987975166161902,0.0035620428749139708,0.0035620428749139708,0.004974692982294148,0.004974692982294148,0.0035620428749139708,0.0035620428749139708,0.0,0.0,0.017779142117638053,0.017779142117638053,0.002585942529062259,0.002585942529062259,0.0,0.0,0.002585942529062259,0.002585942529062259,-0.023401699824262774,0.01866057152925406,0.01866057152925406
2024-04-19,-0.00010628983447666368,-0.00010628983447666368,0.0003796148176214038,0.0003796148176214038,0.0006098061504899099,0.0006098061504899099,0.0003796148176214038,0.0003796148176214038,0.0,0.0,-0.003720550445868478,-0.003720550445868478,9.167618913061042e-05,9.167618913061042e-05,0.0,0.0,9.167618913061042e-05,9.167618913061042e-05,-0.005372832028779332,-0.004017671358036881,-0.004017671358036881
2024-04-22,-0.01030342316813799,-0.01030342316813799,0.00010317788418947273,0.00010317788418947273,-0.00037519176809559335,-0.00037519176809559335,0.00010317788418947273,0.00010317788418947273,0.0,0.0,0.006888689516961258,0.006888689516961258,0.00164889134218096,0.00164889134218096,0.0,0.0,0.00164889134218096,0.00164889134218096,0.008514105021616166,-0.010731591107972976,-0.010731591107972976
2024-04-23,-0.004358920447692394,-0.004358920447692394,-0.004991977212708314,-0.004991977212708314,-0.00656649043274474,-0.00656649043274474,-0.004991977212708314,-0.004991977212708314,0.0,0.0,-0.01602055232335507,-0.01602055232335507,-0.002669567683398536,-0.002669567683398536,0.0,0.0,-0.002669567683398536,-0.002669567683398536,0.019611320449411468,-0.023318381100105486,-0.023318381100105486
2024-04-24,-0.009185502277804717,-0.009185502277804717,-0.011424089842370547,-0.011424089842370547,-0.014684495850156905,-0.014684495850156905,-0.011424089842370547,-0.011424089842370547,0.0,0.0,-0.027226792667854063,-0.027226792667854063,-0.005263045962355491,-0.005263045962355491,0.0,0.0,-0.005263045962355491,-0.005263045962355491,0.03779836567287344,-0.04143510410162971,-0.04143510410162971
2024-04-25,0.004222132564260053,0.004222132564260053,0.0029109773428596776,0.0029109773428596776,0.005286088784666261,0.005286088784666261,0.0029109773428596776,0.0029109773428596776,0.0,0.0,0.014132024369693467,0.014132024369693467,0.0,0.0,0.0,0.0,0.0,0.0,-0.025848683256022763,0.020086576431010732,0.020086576431010732
2024-04-26,-0.008477267708803828,-0.008477267708803828,-0.004782364957576958,-0.004782364957576958,-0.007210589698243812,-0.007210589698243812,-0.004782364957576958,-0.004782364957576958,0.0,0.0,-0.014176292330846782,-0.014176292330846782,0.0,0.0,0.0,0.0,0.0,0.0,0.024128466589548352,-0.030631347819476455,-0.030631347819476455
2024-04-29,-0.006026705890916846,-0.006026705890916846,-0.0017615603641350937,-0.0017615603641350937,-0.002092884064271682,-0.002092884064271682,-0.0017615603641350937,-0.0017615603641350937,0.0,0.0,0.0010325079875381268,0.0010325079875381268,0.0,0.0,0.0,0.0,0.0,0.0,0.015571857430814674,-0.017797529383654188,-0.017797529383654188
2024-04-30,0.020696217318558457,0.020696217318558457,0.009297535502805916,0.009297535502805916,0.01279545966325648,0.01279545966325648,0.009297535502805916,0.009297535502805916,0.0,0.0,0.008876645763573917,0.008876645763573917,0.0,0.0,0.0,0.0,0.0,0.0,-0.07019909139932541,0.06045048729636818,0.06045048729636818
2024-05-01,-0.003995094359380037,-0.003995094359380037,0.00020196832463336808,0.00020196832463336808,0.001726202071360764,0.001726202071360764,0.00020196832463336808,0.00020196832463336808,0.0,0.0,0.0024293716120130523,0.0024293716120130523,0.0,0.0,0.0,0.0,0.0,0.0,0.012073692178976017,-0.01861273891145898,-0.01861273891145898
2024-05-02,-0.000543671828227535,-0.000543671828227535,0.001047241835563512,0.001047241835563512,0.0001552734011667598,0.0001552734011667598,0.001047241835563512,0.001047241835563512,0.0,0.0,-0.004222480674050466,-0.004222480674050466,0.0,0.0,0.0,0.0,0.0,0.0,-0.005552255548302533,-0.0012653008485492463,-0.0012653008485492463
2024-05-03,-0.014943032537429509,-0.014943032537429509,-0.009901498719420986,-0.009901498719420986,-0.014591983676783557,-0.014591983676783557,-0.009901498719420986,-0.009901498719420986,0.0,0.0,-0.0070908813980697216,-0.0070908813980697216,0.0,0.0,0.0,0.0,0.0,0.0,0.024613285853702472,-0.03141731376104231,-0.03141731376104231
2024-05-06,0.004874422861280664,0.004874422861280664,0.0028573586234835863,0.0028573586234835863,0.003656095039061342,0.003656095039061342,0.0028573586234835863,0.0028573586234835863,0.0,0.0,-0.00017426194315106646,-0.00017426194315106646,-0.00017426194315106646,-0.00017426194315106646,0.0,0.0,-0.00017426194315106646,-0.00017426194315106646,-0.016337441108807298,0.010043841804093637,0.010043841804093637
2024-05-07,-0.006514991374793906,-0.006514991374793906,-0.0053767088805735455,-0.0053767088805735455,-0.008156081790241923,-0.008156081790241923,-0.0053767088805735455,-0.0053767088805735455,0.0,0.0,-0.002035537402948868,-0.002035537402948868,-0.002035537402948868,-0.002035537402948868,0.0,0.0,-0.0018339644977302563,-0.0018339644977302563,0.007611595552418095,-0.009050971115167098,-0.009050971115167098
2024-05-08,-0.008263539583521976,-0.008263539583521976,-0.005780875863767979,-0.005780875863767979,-0.005780875863767978,-0.005780875863767978,-0.005780875863767979,-0.005780875863767979,0.0,0.0,-0.0033332019070462906,-0.0033332019070462906,-0.0031226594461480424,-0.0031226594461480424,0.0,0.0,-0.0015334112091324142,-0.0015334112091324142,0.018907673748196473,-0.02034039698815602,-0.02034039698815602
2024-05-09,-0.007267718021200255,-0.007267718021200255,-0.0024545539703796286,-0.0024545539703796286,-0.0024545539703796286,-0.0024545539703796286,-0.0024545539703796286,-0.0024545539703796286,0.0,0.0,-0.003250113035526767,-0.003250113035526767,-0.002129410570720325,-0.002129410570720325,0.0,0.0,-0.0010456670329566239,-0.0010456670329566239,0.01730488121847428,-0.022442558635727517,-0.022442558635727517
2024-05-10,0.0007451045086414402,0.0007451045086414402,-0.0018484377263962464,-0.0018484377263962464,-0.0018484377263962464,-0.0018484377263962464,-0.0018484377263962464,-0.0018484377263962464,0.0,0.0,-0.0021623490106373925,-0.0021623490106373925,-0.0014167288308148378,-0.0014167288308148378,0.0,0.0,-0.0006956979801791486,-0.0006956979801791486,-0.006301302165390308,0.004072777981101806,0.004072777981101806
2024-05-13,-0.00627403392207482,-0.00627403392207482,-0.0006010842835444218,-0.0006010842835444218,-0.0006010842835444218,-0.0006010842835444218,-0.0006010842835444218,-0.0006010842835444218,-0.0002018600665525451,-0.0002018600665525451,-0.002070133430659866,-0.002070133430659866,-0.0012240562119035835,-0.0012240562119035835,0.0,0.0,-0.0008029443500969668,-0.0008029443500969668,0.020503989820834526,-0.021590510635017584,-0.021590510635017584
2024-05-14,0.004197852544881874,0.004197852544881874,8.300805724787039e-05,8.300805724787039e-05,8.300805724787039e-05,8.300805724787039e-05,8.300805724787039e-05,8.300805724787039e-05,-0.00033493050601560035,-0.00033493050601560035,-0.00026639011774821914,-0.00026639011774821914,0.00016903873698570132,0.00016903873698570132,0.0,0.0,-0.00025192244876772997,-0.00025192244876772997,-0.016561902908799535,0.013398100992770043,0.013398100992770043
2024-05-15,0.0020455143855543974,0.0020455143855543974,0.0010281660184218138,0.0010281660184218138,0.0010281660184218138,0.0010281660184218138,0.0010281660184218138,0.0010281660184218138,0.0004810341644780249,0.0004810341644780249,0.00433980573699169,0.00433980573699169,0.0020937712666453155,0.0020937712666453155,-0.00015850505869490923,-0.00015850505869490923,0.001667705241594748,0.001667705241594748,-0.015232467558298154,0.009509500088040138,0.009509500088040138
2024-05-16,-0.0010442010147134223,-0.0010442010147134223,-0.0007135232079171419,-0.0007135232079171419,-0.0007135232079171419,-0.0007135232079171419,-0.0007135232079171419,-0.0007135232079171419,-0.0025373106728176003,-0.0025373106728176003,-0.005754063443184155,-0.005754063443184155,-0.0014530283670672686,-0.0014530283670672686,-0.0016819041910303297,-0.0016819041910303297,-0.0015689296897044127,-0.0015689296897044127,0.0032703855298138913,-0.005956153789734149,-0.005956153789734149
2024-05-17,-0.010317082062984219,-0.010317082062984219,-0.0032616014277202362,-0.0032616014277202362,-0.0032616014277202362,-0.0032616014277202362,-0.0032616014277202362,-0.0032616014277202362,-0.005005749599588832,-0.005005749599588832,-0.01788059162516121,-0.01788059162516121,-0.006641969516841484,-0.006641969516841484,-0.0022735569820105475,-0.0022735569820105475,-0.005993794045298521,-0.005993794045298521,0.037023236258651324,-0.041835786042551934,-0.041835786042551934
2024-05-20,-0.001262496508924826,-0.001262496508924826,-0.0009681011967425897,-0.0009681011967425897,-0.0009681011967425897,-0.0009681011967425897,-0.0009681011967425897,-0.0009681011967425897,-0.0018078241117426312,-0.0018078241117426312,-0.0051564906888462315,-0.0051564906888462315,-0.001819480969754472,-0.001819480969754472,-0.001029856885872751,-0.001029856885872751,-0.00174606842261247,-0.00174606842261247,0.007628725979625377,-0.0081929129300673,-0.0081929129300673
2024-05-21,0.002205450472018258,0.002205450472018258,-0.0006509590902872423,-0.0006509590902872423,-0.0006509590902872424,-0.0006509590902872424,-0.0006509590902872423,-0.0006509590902872423,-0.0021582542624603482,-0.0021582542624603482,0.00017763742398040666,0.00017763742398040666,0.00011083036343704716,0.00011083036343704716,-0.0023630161150917325,-0.0023630161150917325,-0.00044619723765585806,-0.00044619723765585806,-0.012896933419037124,0.00954404587722327,0.00954404587722327
2024-05-22,-0.0030905773472197817,-0.0030905773472197817,-0.0010839375572714268,-0.0010839375572714268,-0.0010839375572714268,-0.0010839375572714268,-0.0010839375572714268,-0.0010839375572714268,-0.00031571725346251576,-0.00031571725346251576,-0.004253650288982436,-0.004253650288982436,-0.0022331837301826428,-0.0022331837301826428,0.00030206726617099046,0.00030206726617099046,-0.0017017220769049329,-0.0017017220769049329,0.014082661701181007,-0.01773917436727048,-0.01773917436727048
2024-05-23,-0.0006232555473464753,-0.0006232555473464753,-0.001164553887636598,-0.001164553887636598,-0.001164553887636598,-0.001164553887636598,-0.001164553887636598,-0.001164553887636598,-0.0019368437102500078,-0.0019368437102500078,-0.0041642116510355025,-0.0041642116510355025,-0.001710020084737659,-0.001710020084737659,-0.0013918248652160926,-0.0013918248652160926,-0.0017095727326705134,-0.0017095727326705134,0.0013374184933180415,-0.006476309279904785,-0.006476309279904785
2024-05-24,-0.0010319570410589197,-0.0010319570410589197,-0.003910772988496515,-0.003910772988496515,-0.003910772988496516,-0.003910772988496516,-0.003910772988496515,-0.003910772988496515,-0.005361734584807268,-0.005361734584807268,-0.009136412022329038,-0.009136412022329038,-0.004824373582957727,-0.004824373582957727,-0.004437900092920886,-0.004437900092920886,-0.004834607480382898,-0.004834607480382898,0.005150750429461881,-0.013217551034778988,-0.013217551034778988
2024-05-28,-0.0036544462793064872,-0.0036544462793064872,-0.0025688150494743876,-0.0025688150494743876,-0.002568815049474387,-0.002568815049474387,-0.0025688150494743876,-0.0025688150494743876,-0.0022748990979055885,-0.0022748990979055885,-0.009142104679753078,-0.009142104679753078,-0.0045223065646464436,-0.0045223065646464436,-0.0012149639249076159,-0.0012149639249076159,-0.003628750222472361,-0.003628750222472361,0.013398312819049959,-0.014072172954277958,-0.014072172954277958
2024-05-29,0.004055814344863415,0.004055814344863415,0.009596863326537175,0.009596863326537175,0.009596863326537175,0.009596863326537175,0.009596863326537175,0.009596863326537175,0.012666096666091288,0.012666096666091288,0.019931980278130906,0.019931980278130906,0.01129888543205957,0.01129888543205957,0.010777363792990918,0.010777363792990918,0.011485596199637545,0.011485596199637545,-0.02474530937159986,0.018178607750547766,0.018178607750547766
2024-05-30,-0.0004518444338248015,-0.0004518444338248015,-0.0005007027831646088,-0.0005007027831646088,-0.0005007027831646088,-0.0005007027831646088,-0.0005007027831646088,-0.0005007027831646088,-0.0002530634134491501,-0.0002530634134491501,-0.003423701237757578,-0.003423701237757578,-0.0014153457107027928,-0.0014153457107027928,0.0002276855397273096,0.0002276855397273096,-0.0009814517363410686,-0.0009814517363410686,-0.0022351451415333493,-0.004172541072699852,-0.004172541072699852
2024-05-31,-0.010291322355621371,-0.010291322355621371,-0.0014218313204699294,-0.0014218313204699294,-0.0014218313204699294,-0.0014218313204699294,-0.0014218313204699294,-0.0014218313204699294,-0.00039156292838279406,-0.00039156292838279406,-0.007304979291801037,-0.007304979291801037,-0.0033879873496531106,-0.0033879873496531106,0.0009730264571032235,0.0009730264571032235,-0.0027864207059559473,-0.0027864207059559473,0.001015969157844538,-0.015446905674917829,-0.015446905674917829
2024-06-03,-0.0010007033419923272,-0.0010007033419923272,-0.0010929347383944758,-0.0010929347383944758,-0.0010929347383944758,-0.0010929347383944758,-0.0010929347383944758,-0.0010929347383944758,-0.0013417198307976083,-0.0013417198307976083,-0.003242934766979156,-0.003242934766979156,-0.0015832147327546763,-0.0015832147327546763,-0.0008262302929957932,-0.0008262302929957932,-0.001608424276196291,-0.001608424276196291,0.0026354053492652343,-0.0032429347669791562,-0.0032429347669791562
2024-06-04,0.0014343949298415881,0.0014343949298415881,0.0005252646808433828,0.0005252646808433828,0.0005252646808433828,0.0005252646808433828,0.0005252646808433828,0.0005252646808433828,-0.0006313608167279045,-0.0006313608167279045,0.00320876468081071,0.00320876468081071,0.0017248284270389984,0.0017248284270389984,-0.000989545411133127,-0.000989545411133127,0.0008834492752486053,0.0008834492752486053,-0.005034444859059572,0.0032087646808107097,0.0032087646808107097
2024-06-05,0.010375962525115714,0.010375962525115714,0.01713034166725452,0.01713034166725452,0.017130341667254526,0.017130341667254526,0.01713034166725452,0.01713034166725452,0.0229261371818351,0.0229261371818351,0.026536077601203537,0.026536077601203537,0.018054370951187833,0.018054370951187833,0.0211644593467173,0.0211644593467173,0.01889201950237232,0.01889201950237232,-0.03465282089110119,0.026536077601203537,0.026536077601203537
2024-06-06,-0.0069428326972759795,-0.0069428326972759795,-0.011655493845773869,-0.011655493845773869,-0.01165549384577387,-0.01165549384577387,-0.011655493845773869,-0.011655493845773869,-0.016152300387041758,-0.016152300387041758,-0.021587346095375232,-0.021587346095375232,-0.014194155807845301,-0.014194155807845301,-0.01425731913982364,-0.01425731913982364,-0.013550475092991985,-0.013550475092991985,0.01773721135435863,-0.021587346095375232,-0.021587346095375232
2024-06-07,-0.0073834661276670635,-0.0073834661276670635,-0.01216128145662763,-0.01216128145662763,-0.01216128145662763,-0.01216128145662763,-0.01216128145662763,-0.01216128145662763,-0.01580173972208206,-0.01580173972208206,-0.017906628046850774,-0.017906628046850774,-0.01216128145662763,-0.01216128145662763,-0.014877598989062425,-0.014877598989062425,-0.013085422189647266,-0.013085422189647266,0.014715244054975178,-0.017906628046850774,-0.017906628046850774
2024-06-10,-0.0064621965416182935,-0.0064621965416182935,-0.009514927280493883,-0.009514927280493883,-0.009514927280493883,-0.009514927280493883,-0.009514927280493883,-0.009514927280493883,-0.014176381195753826,-0.014176381195753826,-0.016861085159161397,-0.016861085159161397,-0.009514927280493883,-0.009514927280493883,-0.011601739055223,-0.011601739055223,-0.012089569421024708,-0.012089569421024708,0.01493172194232303,-0.016861085159161397,-0.016861085159161397
2024-06-11,-0.0001912201936121101,-0.0001912201936121101,-0.0018266351137364559,-0.0018266351137364559,-0.001826635113736456,-0.001826635113736456,-0.0018266351137364559,-0.0018266351137364559,-0.002178355178166028,-0.002178355178166028,-0.0021263610314327616,-0.0021263610314327616,-0.0018266351137364559,-0.0018266351137364559,-0.002965118352340183,-0.002965118352340183,-0.0010398719395623003,-0.0010398719395623003,0.0006809129288021219,-0.0021263610314327616,-0.0021263610314327616
2024-06-12,-0.0007936066701305896,-0.0007936066701305896,-0.0016321131162551554,-0.0016321131162551554,-0.0016321131162551554,-0.0016321131162551554,-0.0016321131162551554,-0.0016321131162551554,0.0011845484207591666,0.0011845484207591666,0.003627405665159602,0.003627405665159602,-0.0016321131162551558,-0.0016321131162551558,0.0004870171217080902,0.0004870171217080902,-0.0009345818172040793,-0.0009345818172040793,-0.01034967406082911,0.003627405665159602,0.003627405665159602
2024-06-13,-0.0017907679676663736,-0.0017907679676663736,-0.003693239782120608,-0.003693239782120608,-0.003693239782120608,-0.003693239782120608,-0.003693239782120608,-0.003693239782120608,-0.0031650007683093765,-0.0031650007683093765,-0.0040215969904253066,-0.0040215969904253066,-0.003693239782120608,-0.003693239782120608,-0.0031650007683093765,-0.0031650007683093765,-0.003693239782120608,-0.003693239782120608,0.000719657009110782,-0.004021596990425307,-0.004021596990425307
2024-06-14,-0.009952189426158367,-0.009952189426158367,-0.017588852229350017,-0.017588852229350017,-0.017588852229350013,-0.017588852229350013,-0.017588852229350017,-0.017588852229350017,-0.023542146601745525,-0.023542146601745525,-0.023542146601745525,-0.023542146601745525,-0.017588852229350017,-0.017588852229350017,-0.023542146601745525,-0.023542146601745525,-0.017588852229350017,-0.017588852229350017,0.02024013834689952,-0.023542146601745525,-0.023542146601745525
2024-06-17,0.00615713055758859,0.00615713055758859,0.01318729957821392,0.01318729957821392,0.01318729957821392,0.01318729957821392,0.01318729957821392,0.01318729957821392,0.01318729957821392,0.01318729957821392,0.01318729957821392,0.01318729957821392,0.01318729957821392,0.01318729957821392,0.01318729957821392,0.01318729957821392,0.01318729957821392,0.01318729957821392,-0.01486080888799955,0.01318729957821392,0.01318729957821392
2024-06-18,-0.004927525639485683,-0.004927525639485683,-0.007390919079034724,-0.007390919079034724,-0.007390919079034723,-0.007390919079034723,-0.007390919079034724,-0.007390919079034724,-0.007390919079034723,-0.007390919079034723,-0.007390919079034723,-0.007390919079034723,-0.007390919079034723,-0.007390919079034723,-0.007390919079034723,-0.007390919079034723,-0.007390919079034723,-0.007390919079034723,0.006307025339981073,-0.007390919079034723,-0.007390919079034723
2024-06-20,-0.0006849858863835814,-0.0006849858863835814,-0.0017472998458323847,-0.0017472998458323847,-0.0017472998458323847,-0.0017472998458323847,-0.0017472998458323847,-0.0017472998458323847,-0.0017472998458323847,-0.0017472998458323847,-0.0017472998458323847,-0.0017472998458323847,-0.0017472998458323847,-0.0017472998458323847,-0.0017472998458323847,-0.0017472998458323847,-0.0017472998458323847,-0.0017472998458323847,-0.007849048328601798,-0.0017472998458323847,-0.0017472998458323847
2024-06-21,9.194385824201557e-05,9.194385824201557e-05,-0.0033698449879660795,-0.0033698449879660795,-0.0033698449879660795,-0.0033698449879660795,-0.0033698449879660795,-0.0033698449879660795,-0.0033698449879660786,-0.0033698449879660786,-0.0033698449879660786,-0.0033698449879660786,-0.0033698449879660786,-0.0033698449879660786,-0.0033698449879660795,-0.0033698449879660795,-0.0033698449879660786,-0.0033698449879660786,-0.0005426293538664932,-0.0033698449879660786,-0.0033698449879660786
2024-06-24,-0.0063552182609094825,-0.0063552182609094825,-0.007971367237781725,-0.007971367237781725,-0.007971367237781725,-0.007971367237781725,-0.007971367237781725,-0.007971367237781725,-0.007971367237781727,-0.007971367237781727,-0.007971367237781727,-0.007971367237781727,-0.007971367237781725,-0.007971367237781725,-0.007971367237781725,-0.007971367237781725,-0.007971367237781725,-0.007971367237781725,0.006403935246208116,-0.007971367237781725,-0.007971367237781725
2024-06-25,-0.003846016756985473,-0.003846016756985473,-0.004487446116346746,-0.004487446116346746,-0.004487446116346746,-0.004487446116346746,-0.004487446116346746,-0.004487446116346746,-0.004487446116346746,-0.004487446116346746,-0.004487446116346746,-0.004487446116346746,-0.004487446116346746,-0.004487446116346746,-0.004487446116346746,-0.004487446116346746,-0.004487446116346746,-0.004487446116346746,0.002851856184783828,-0.004487446116346746,-0.004487446116346746
2024-06-26,-0.0063708955634293515,-0.0063708955634293515,-0.007828859186647793,-0.007828859186647793,-0.007828859186647793,-0.007828859186647793,-0.007828859186647793,-0.007828859186647793,-0.007828859186647793,-0.007828859186647793,-0.007828859186647793,-0.007828859186647793,-0.007828859186647793,-0.007828859186647793,-0.007828859186647793,-0.007828859186647793,-0.007828859186647793,-0.007828859186647793,0.006913875199762033,-0.007828859186647793,-0.007828859186647793
2024-06-27,-0.029212631206820192,-0.029212631206820192,-0.03489238939137195,-0.03489238939137195,-0.034892389391371945,-0.034892389391371945,-0.03489238939137195,-0.03489238939137195,-0.03489238939137196,-0.03489238939137196,-0.03489238939137196,-0.03489238939137196,-0.034892389391371945,-0.034892389391371945,-0.034892389391371945,-0.034892389391371945,-0.034892389391371945,-0.034892389391371945,0.031126391534176085,-0.034892389391371945,-0.034892389391371945
2024-06-28,-0.001590054106799601,-0.001590054106799601,-0.0022498581393901184,-0.0022498581393901184,-0.002249858139390119,-0.002249858139390119,-0.0022498581393901184,-0.0022498581393901184,-0.002249858139390119,-0.002249858139390119,-0.002249858139390119,-0.002249858139390119,-0.002249858139390119,-0.002249858139390119,-0.002249858139390119,-0.002249858139390119,-0.002249858139390119,-0.002249858139390119,-0.002392269257648495,-0.002249858139390119,-0.002249858139390119
2024-07-01,-0.01965719937648744,-0.01965719937648744,-0.026555493767060838,-0.026555493767060838,-0.026555493767060838,-0.026555493767060838,-0.026555493767060838,-0.026555493767060838,-0.026555493767060838,-0.026555493767060838,-0.026555493767060838,-0.026555493767060838,-0.026555493767060838,-0.026555493767060838,-0.026555493767060838,-0.026555493767060838,-0.026555493767060838,-0.026555493767060838,0.025099730403130145,-0.026555493767060838,-0.026555493767060838
2024-07-02,0.0021902691668204055,0.0021902691668204055,0.002791219108923572,0.002791219108923572,0.002791219108923572,0.002791219108923572,0.002791219108923572,0.002791219108923572,0.002791219108923572,0.002791219108923572,0.002791219108923572,0.002791219108923572,0.002791219108923572,0.002791219108923572,0.002791219108923572,0.002791219108923572,0.002791219108923572,0.002791219108923572,-0.006033901704566457,0.002791219108923572,0.002791219108923572
2024-07-03,-0.0009205324181697373,-0.0009205324181697373,-0.0005702294233527994,-0.0005702294233527994,-0.0005702294233527992,-0.0005702294233527992,-0.0005702294233527994,-0.0005702294233527994,-0.0005702294233527994,-0.0005702294233527994,-0.0005702294233527994,-0.0005702294233527994,-0.0005702294233527993,-0.0005702294233527993,-0.0005702294233527992,-0.0005702294233527992,-0.0005702294233527993,-0.0005702294233527993,-0.004923655041834324,-0.0005702294233527993,-0.0005702294233527993
2024-07-05,0.0006774956468124189,0.0006774956468124189,0.001938224658655554,0.001938224658655554,0.0019382246586555536,0.0019382246586555536,0.001938224658655554,0.001938224658655554,0.0019382246586555536,0.0019382246586555536,0.0019382246586555536,0.0019382246586555536,0.0019382246586555536,0.0019382246586555536,0.0019382246586555536,0.0019382246586555536,0.0019382246586555536,0.0019382246586555536,-0.014401949754449951,0.0019382246586555536,0.0019382246586555536
2024-07-08,-0.019223856068802298,-0.019223856068802298,-0.02478238931431959,-0.02478238931431959,-0.02478238931431959,-0.02478238931431959,-0.02478238931431959,-0.02478238931431959,-0.024782389314319583,-0.024782389314319583,-0.024782389314319583,-0.024782389314319583,-0.024782389314319583,-0.024782389314319583,-0.02478238931431959,-0.02478238931431959,-0.024782389314319583,-0.024782389314319583,0.023521469156732627,-0.024782389314319583,-0.024782389314319583
2024-07-09,0.0023199707620818843,0.0023199707620818843,0.0035125689628850874,0.0035125689628850874,0.0035125689628850883,0.0035125689628850883,0.0035125689628850874,0.0035125689628850874,0.0035125689628850874,0.0035125689628850874,0.003334877356904125,0.003334877356904125,0.003334877356904126,0.003334877356904126,0.003334877356904125,0.003334877356904125,0.003334877356904126,0.003334877356904126,-0.0039818196981213595,0.003334877356904126,0.003334877356904126
2024-07-10,0.024844424899472244,0.024844424899472244,0.03505467560426678,0.03505467560426678,0.03505467560426679,0.03505467560426679,0.03505467560426678,0.03505467560426678,0.034825930669411184,0.034825930669411184,0.039868559166716264,0.039868559166716264,0.04009730410157187,0.04009730410157187,0.039868559166716264,0.039868559166716264,0.039868559166716264,0.039868559166716264,-0.04304161952179507,0.039868559166716264,0.039868559166716264
2024-07-11,-0.014078763174075257,-0.014078763174075257,-0.0180503328485189,-0.0180503328485189,-0.0180503328485189,-0.0180503328485189,-0.0180503328485189,-0.0180503328485189,-0.019039047843483647,-0.019039047843483647,-0.020297966225700032,-0.020297966225700032,-0.019309251230735285,-0.019309251230735285,-0.020297966225700032,-0.020297966225700032,-0.02006650757158888,-0.02006650757158888,0.014097892447308085,-0.020297966225700032,-0.020297966225700032
2024-07-12,-0.018176552159040328,-0.018176552159040328,-0.028610455434228337,-0.028610455434228337,-0.028610455434228337,-0.028610455434228337,-0.028610455434228337,-0.028610455434228337,-0.0313708975523246,-0.0313708975523246,-0.0332828586618912,-0.0332828586618912,-0.030522416543794943,-0.030522416543794943,-0.0332828586618912,-0.0332828586618912,-0.03139650718297794,-0.03139650718297794,0.02719363767697028,-0.03328285866189121,-0.03328285866189121
2024-07-15,-0.0012666977342695785,-0.0012666977342695785,-0.0012902262470745444,-0.0012902262470745444,-0.0012902262470745444,-0.0012902262470745444,-0.0012902262470745444,-0.0012902262470745444,0.0005181765506511839,0.0005181765506511839,0.0013168694696634516,0.0013168694696634516,-0.0004915333280622761,-0.0004915333280622761,0.0013168694696634516,0.0013168694696634516,0.000528874587634781,0.000528874587634781,-0.0025030117444270294,0.0013168694696634518,0.0013168694696634518
2024-07-16,0.023919666430363744,0.023919666430363744,0.029091853090782497,0.029091853090782497,0.029091853090782497,0.029091853090782497,0.029091853090782497,0.029091853090782497,0.03364979332013259,0.03364979332013259,0.036281387209701435,0.036281387209701435,0.03172344698035133,0.03172344698035133,0.036281387209701435,0.036281387209701435,0.03368504202221353,0.03368504202221353,-0.03884594469119891,0.036281387209701435,0.036281387209701435
2024-07-17,0.004641654701190819,0.004641654701190819,0.00721373033715906,0.00721373033715906,0.00721373033715906,0.00721373033715906,0.00721373033715906,0.00721373033715906,0.014760307307841461,0.014760307307841461,0.018076172552877925,0.018076172552877925,0.010529595582195527,0.010529595582195527,0.018076172552877925,0.018076172552877925,0.014804721435198311,0.014804721435198311,-0.024557564219748924,0.018076172552877925,0.018076172552877925
2024-07-18,-0.007478183856741889,-0.007478183856741889,-0.007625694552415624,-0.007625694552415624,-0.007625694552415624,-0.007625694552415624,-0.007625694552415624,-0.007625694552415624,-0.004562702945303328,-0.004562702945303328,-0.0032447015691382934,-0.0032447015691382934,-0.006307693176250591,-0.006307693176250591,-0.0032447015691382934,-0.0032447015691382934,-0.004545049067159418,-0.004545049067159418,-0.0031642488709582544,-0.0033756003464019946,-0.0033756003464019946
2024-07-19,-0.01044412527196166,-0.01044412527196166,-0.01132365211003584,-0.01132365211003584,-0.01132365211003584,-0.01132365211003584,-0.01132365211003584,-0.01132365211003584,-0.009255427401048686,-0.009255427401048686,-0.00855559472424223,-0.00855559472424223,-0.010623819433229384,-0.010623819433229384,-0.00855559472424223,-0.00855559472424223,-0.009246053540731927,-0.009246053540731927,0.002703098315147877,-0.008012143245890974,-0.008012143245890974
2024-07-22,-0.00853564366834713,-0.00853564366834713,-0.010058324439768727,-0.010058324439768727,-0.010058324439768727,-0.010058324439768727,-0.010058324439768727,-0.010058324439768727,-0.014430009813721232,-0.014430009813721232,-0.01639883551390044,-0.01639883551390044,-0.012027150139947934,-0.012027150139947934,-0.01639883551390044,-0.01639883551390044,-0.014456381113194906,-0.014456381113194906,0.011506408538562139,-0.018356530347098634,-0.018356530347098634
2024-07-23,-0.014189549032668173,-0.014189549032668173,-0.017745184695891602,-0.017745184695891602,-0.017745184695891602,-0.017745184695891602,-0.017745184695891602,-0.017745184695891602,-0.020134700268865432,-0.020134700268865432,-0.021707919055742823,-0.021707919055742823,-0.01931840348276899,-0.01931840348276899,-0.021500229884379062,-0.021500229884379062,-0.02015577263893993,-0.02015577263893993,0.02271360131881549,-0.024325415014138634,-0.024325415014138634
2024-07-24,0.14179460962716559,0.14179460962716559,0.17190838116066637,0.17190838116066637,0.1720752637763091,0.1720752637763091,0.17207526377630908,0.17207526377630908,0.20228309793292465,0.20228309793292465,0.21883131742179643,0.21883131742179643,0.1884566006495382,0.1884566006495382,0.20710017278300036,0.20710017278300036,0.20266939923069024,0.20266939923069024,-0.26050279321955766,0.24306827140485718,0.24306827140485718
2024-07-25,-0.00742583530864996,-0.00742583530864996,-0.010748726350774404,-0.010748726350774404,-0.010408849033057796,-0.010408849033057796,-0.010408849033057796,-0.010408849033057796,-0.01210646017983336,-0.01210646017983336,-0.012371427525280468,-0.012371427525280468,-0.011013693696221514,-0.011013693696221514,-0.012243850213122031,-0.012243850213122031,-0.011774684412063955,-0.011774684412063955,0.009377906521490197,-0.013511766648087268,-0.013511766648087268
2024-07-26,-0.00039490669547542203,-0.00039490669547542203,-0.00875345265102724,-0.00875345265102724,-0.006955533286060651,-0.006955533286060651,-0.006955533286060652,-0.006955533286060652,-0.008261719898929034,-0.008261719898929034,-0.005830265853175078,-0.005830265853175078,-0.006321998605273278,-0.006321998605273278,-0.005103021157330786,-0.005103021157330786,-0.0064553146975613465,-0.0064553146975613465,0.003776503862975401,-0.010316469463904628,-0.010316469463904628
2024-07-29,-0.015198518940234348,-0.015198518940234348,-0.016936319073143365,-0.016936319073143365,-0.015746556650936484,-0.015746556650936484,-0.015746556650936484,-0.015746556650936484,-0.021110787109005498,-0.021110787109005498,-0.022037415054863944,-0.022037415054863944,-0.017737915328029808,-0.017737915328029808,-0.020665451592273697,-0.020665451592273697,-0.019949372530995473,-0.019949372530995473,0.0268844067525477,-0.027687296783819607,-0.027687296783819607
2024-07-30,-0.006695343490411747,-0.006695343490411747,-0.006632711125214088,-0.006632711125214088,-0.007360372265823779,-0.007360372265823779,-0.007360372265823779,-0.007360372265823779,-0.010218380259278145,-0.010218380259278145,-0.012181535471205762,-0.012181535471205762,-0.009324180156815434,-0.009324180156815434,-0.01192713308606088,-0.01192713308606088,-0.0109625901396517,-0.0109625901396517,0.0068774167151456275,-0.01061433135966721,-0.01061433135966721
2024-07-31,0.03058340031114666,0.03058340031114666,0.0349453143855434,0.0349453143855434,0.032414422808278734,0.032414422808278734,0.032414422808278734,0.032414422808278734,0.040386327968748095,0.040386327968748095,0.04429627250979086,0.04429627250979086,0.03620148225758378,0.03620148225758378,0.040378953827204016,0.040378953827204016,0.0379417077247565,0.0379417077247565,-0.07239459165221554,0.06175334794682811,0.06175334794682811
2024-08-01,0.03553428405158272,0.03553428405158272,0.041013133973452645,0.041013133973452645,0.03797735922492688,0.03797735922492688,0.03815613880280709,0.03815613880280709,0.05042532611240977,0.05042532611240977,0.054465547837459605,0.054465547837459605,0.041649510324848184,0.041649510324848184,0.04972263772650587,0.04972263772650587,0.0474843303085424,0.0474843303085424,-0.08867133450995095,0.08018735257088773,0.08018735257088773
2024-08-02,0.05329953222325927,0.05329953222325927,0.06081528225465481,0.06081528225465481,0.0530532226341001,0.0530532226341001,0.04557463959320526,0.04557463959320526,0.05672905212855509,0.05672905212855509,0.05555146086891219,0.05555146086891219,0.044422701308417856,0.044422701308417856,0.04824971503104157,0.04824971503104157,0.04905518771339857,0.04905518771339857,-0.12437480441016084,0.1160972762487187,0.1160972762487187
2024-08-05,0.06687221012516799,0.06687221012516799,0.07960602110055887,0.07960602110055887,0.06421164158917067,0.06421164158917067,0.048721632932048946,0.048721632932048946,0.05935415962059959,0.05964321316248055,0.049979189121511544,0.05026824266339251,0.03964801431344231,0.03993706785532327,0.03988818077067172,0.04017723431255268,0.044329460208183444,0.044329460208183444,-0.16357894916272073,0.15905987805628058,0.15905987805628058
2024-08-06,-0.05071205240476242,-0.05071205240476242,-0.051207161835158325,-0.050995800783826054,-0.04108547363505611,-0.04087411258372384,-0.029990001348235824,-0.02977864029690355,-0.02540534293597693,-0.034901001320097456,-0.018042913121165,-0.027749932556617802,-0.012560108951165994,-0.022055767335286525,-0.012948468025739398,-0.02244412640985993,-0.025027632866653934,-0.024816271815321662,0.10485008795489582,-0.10943769708350545,-0.10943769708350545
2024-08-07,0.012820763548132552,0.012820763548132552,0.012275786557205435,0.01221326228196555,0.011342048777952494,0.011279524502712608,0.010412357650276767,0.01034983337503688,0.014760034089675392,0.014527232189285068,0.013467572477134234,0.013297294851983795,0.009344035335341365,0.009349097163380221,0.011662257916882322,0.011429456016491995,0.011620155563682299,0.011557631288442413,-0.029315673729119335,0.023889747370035654,0.023889747370035654
2024-08-08,-0.001828417688076163,-0.001828417688076163,0.0013005832673723284,0.0010732974375776295,0.00038208438410616943,0.00015479855431147039,-0.0006570112815121353,-0.0008842971113068344,-0.001506485816369273,-0.002076868639619897,-0.0038173682600955083,-0.004160465253551434,-0.001038608286042052,-0.001994183486578833,-0.0021124954424321814,-0.0026828782656828053,-0.0028044766128548578,-0.0030317624426495567,-0.005872521983215223,-0.0013304169361373398,-0.0013304169361373398
2024-08-09,-0.04053675390350474,-0.04053675390350474,-0.031818532349288206,-0.03544056517669046,-0.026147550885381322,-0.029769583712783577,-0.020466653924621762,-0.024088686752024017,-0.023525435377716526,-0.02967078376013286,-0.028656663499317645,-0.031179979054331723,-0.008466143020401848,-0.018014534456720993,-0.016848876469172318,-0.02299422485158865,-0.014392501629318735,-0.01801453445672099,0.07425160841104803,-0.0774952439995626,-0.0774952439995626
2024-08-12,0.008391433495803544,0.008391433495803544,0.010813353159431419,0.009231856573547631,0.010789602032969506,0.00920810544708572,0.011594444201662573,0.010012947615778787,0.013048285879781539,0.010171496935041853,0.007991354334430368,0.006696061975574468,0.014463738331187446,0.009947947418562569,0.00953686436957574,0.006660075424836055,0.011729242394463726,0.010147745808579942,-0.009272949197061972,0.008519172496998333,0.008519172496998333
2024-08-13,-0.019367552243855907,-0.019367552243855907,-0.016233497655098864,-0.01571574161555002,-0.01758978832415666,-0.01707203228460781,-0.01848750277340865,-0.0179697467338598,-0.018187974187763935,-0.01725668520042563,-0.018401553449568425,-0.017988020501778966,-0.020074266199500992,-0.01862231148742974,-0.016979045839603454,-0.016047756852265147,-0.019130731909032268,-0.01861297586948342,0.011966625959209234,-0.019823830245573108,-0.019823830245573108
2024-08-14,-0.0271995650318262,-0.0271995650318262,-0.02618115712715244,-0.027505659278164004,-0.022115088094129647,-0.023439590245141213,-0.015495271470500551,-0.01681977362151212,-0.01485596075086367,-0.016899940033383933,-0.017497903425724465,-0.01821738055723316,-0.01255329922551891,-0.015688646081993777,-0.014117605342926255,-0.016161584625446517,-0.011509368849349572,-0.012833871000361138,0.05172647046146255,-0.05576999932139293,-0.05576999932139293
2024-08-15,0.02131533295952128,0.02131533295952128,0.01902524445284363,0.018532105149079953,0.016569585499797694,0.01607644619603402,0.013623332736913327,0.013130193433149655,0.013377332755158913,0.012298980625871356,0.009253051500176527,0.008667838674652642,0.011977535569251355,0.010229005300814577,0.007684838130570857,0.0066064860012833,0.010336460976589093,0.00984332167282542,-0.0545427112600828,0.04413294967682574,0.04413294967682574
2024-08-16,-0.007314333716138278,-0.007314333716138278,-0.005771188767212353,-0.005692026122446776,-0.00465941350860036,-0.004580250863834783,-0.003880576719079478,-0.0038014140743139017,-0.004166187849223364,-0.003985591159252202,-0.002773929299934318,-0.0026724952547287316,-0.0031620730235626545,-0.002862668740957971,-0.0006650739559449293,-0.00048447726597376724,-0.002952978545405786,-0.002873815900640209,0.01689289721667066,-0.01817848505723089,-0.01817848505723089
2024-08-19,0.001553089257886214,0.001553089257886214,0.000432966348598445,0.00016203829106603728,0.0009234616010649735,0.0006525335435325657,0.0013559026114058344,0.0010849745538734268,0.0011426660908151994,0.0006603981337276786,0.0002835113383862925,7.217143883117951e-05,0.001479408737229998,0.0007160732325466713,-0.0006219664420022659,-0.0011042343990897866,0.0012798324257645112,0.0010089043682321036,-0.007130977073087503,0.0033850167965624356,0.0033850167965624356
2024-08-20,0.005618939348787512,0.005618939348787512,0.005037220346081863,0.005889269501282579,0.0043991798547752415,0.005251229009975956,0.0015077226970628998,0.0023597718522636152,-8.090980805970285e-06,0.0014108584215176679,0.005074795359025256,0.005641695606148179,0.0018576221027775833,0.004076348073286092,0.006512463975459157,0.007931413377782795,0.0016907690105415517,0.002542818165742267,-0.019379920749803076,0.01693906055209924,0.01693906055209924
2024-08-21,6.704604356784312e-05,6.704604356784312e-05,-0.00029326014995535173,0.0002643200500270089,-0.0006633281146489015,-0.00010574791466654087,-0.0016038003443043685,-0.001046220144322008,-0.0007225461934407212,0.0002622019520315367,0.002234699445422037,0.0026618673909119344,3.479275662115826e-05,0.0015679197926080938,0.004261068995288679,0.005245817140760937,0.0003528168782907964,0.0009103970782731569,-0.008234036859252523,0.006327039444968886,0.006327039444968886
2024-08-22,-0.009419287055342482,-0.009419287055342482,-0.009385943018016166,-0.011778069998503574,-0.004710939211719984,-0.007103066192207392,-8.904821627843396e-05,-0.002481175196765842,0.0003970596078139842,-0.0038436408720462275,-0.001980504037741478,-0.0038290775371142825,0.007657949004229294,0.0010041312602757215,-0.00017819035505547975,-0.004418890834915691,0.004245984235555386,0.0018538572550679784,0.023114779879745095,-0.02637106069415172,-0.02637106069415172
2024-08-23,0.003415148879258912,0.003415148879258912,-6.963823704134424e-05,0.0014478027398293928,-6.963823704134424e-05,0.0014478027398293928,-0.0012506488125397894,0.0002667921643309478,-0.0037308385413894374,-0.0009727115506894761,-0.0008625847814190428,0.0003781012324101814,-0.006959576810076283,-0.0026174717202136996,-0.002981915647409469,-0.00022378865670950727,-0.003641862978435138,-0.002124422001564401,-0.010233053497491654,0.005222970816533838,0.005222970816533838
2024-08-26,-0.009921128782349228,-0.009921128782349228,-0.007049546061639896,-0.009133453856618587,-0.007049546061639896,-0.009133453856618587,-0.0011947902994719599,-0.0032786980944506487,0.00123527530479303,-0.002400726093898705,-0.012126481378408533,-0.013678574982121581,-0.003915314631309848,-0.009569115147441718,-0.014941574649684531,-0.018577576048376267,-0.002586736533129701,-0.004670644328108389,0.03422615985650078,-0.034943068265130946,-0.034943068265130946
2024-08-27,0.0006440153832129638,0.0006440153832129638,-0.0010777467757013951,-0.00035747914273015556,-0.0010777467757013951,-0.00035747914273015556,-0.0021968983048082247,-0.0014766306718369852,-0.004191923753587744,-0.002902097022843738,-0.004709177377207822,-0.004139618279435057,-0.007568763008716585,-0.005542057196999126,-0.006541325407589614,-0.0052514986768456085,-0.005055745582607841,-0.004335477949636602,0.00015943581353488703,-0.002554581460221276,-0.002554581460221276
2024-08-28,0.0030158701905854996,0.0030158701905854996,0.0029187352060059076,0.0034057625519774213,0.0029187352060059076,0.0034057625519774213,0.0010807968448326888,0.0015678241908042023,0.0038726999855276008,0.00471438535449327,0.009800758858522959,0.010155416881517118,0.008088499815570912,0.009337063341890146,0.012758338208215748,0.013600023577181417,0.006023661207594318,0.006510688553565831,-0.020845845071980364,0.01682179759205553,0.01682179759205553
2024-08-29,-0.007830438891305247,-0.007830438891305247,-0.0068395683682968295,-0.008135168868915146,-0.0068395683682968295,-0.008135168868915146,-0.002278742906907035,-0.003574343407525353,-0.012435296513576097,-0.014659717783767432,-0.026594108660797297,-0.02752292943037031,-0.021471201653079273,-0.02490155907612001,-0.028202030617831702,-0.030426451888023034,-0.01729519995618322,-0.018590800456801542,0.04245812582277903,-0.04429293553309103,-0.04429293553309103
2024-08-30,-0.000532340616355564,-0.000532340616355564,-0.0007643935080107722,-0.0006256502000623594,-0.0007643935080107722,-0.0006256502000623594,-0.00012669373042836082,1.2049577520051874e-05,-0.00018092242150070215,5.7887935619311976e-05,0.000630565680457486,0.0007306327296290873,6.313543962725342e-05,0.00045289086565176,0.0007446113307157394,0.0009834216878357536,4.124304590724403e-05,0.00017998635385565673,-0.0049201664062623034,0.00034827730917181616,0.00034827730917181616
2024-09-03,0.00871343796497516,0.00871343796497516,0.013339869653747167,0.012053949343927966,0.013339869653747167,0.012053949343927966,0.012322339954479032,0.011036419644659831,0.046269091823947874,0.043973507932427845,0.06586097368165314,0.0648513100999523,0.07115127469460199,0.06751257469907553,0.06649149902121597,0.06419591512969594,0.05669886300249686,0.05541294269267765,-0.07868827530940187,0.07226025921269437,0.07226025921269437
2024-09-04,-0.00014826134534691375,-0.00014826134534691375,-0.0026401198648895625,-0.00129420557146688,-0.0026401198648895625,-0.00129420557146688,-0.0031159837558456436,-0.0017700694624229608,-0.009558228737693655,-0.006151812974300627,-0.008793750545469882,-0.006733249075499536,-0.014452162289618289,-0.009514892549862425,-0.010782098252517231,-0.0073756824891242035,-0.009354946233802794,-0.00800903194038011,0.003921967492328727,-0.00689460545254749,-0.00689460545254749
2024-09-05,-0.006138068374620967,-0.006138068374620967,-0.003951238194701222,-0.0060277453210391945,-0.003951238194701222,-0.0060277453210391945,0.00034775021769289927,-0.0017287569086450732,-0.00016850322299457593,-0.0022450103493325485,-0.013222189315738406,-0.013222189315738405,-1.446227121832968e-05,-0.005451815534847653,-0.014144544229804611,-0.016221051356142584,0.0001488244923808019,-0.0019276826339571704,0.020120881843900987,-0.023425321734481783,-0.023425321734481783
2024-09-06,0.007695128944014819,0.007695128944014819,0.011135007499733325,0.011135007499733325,0.011135007499733325,0.011135007499733325,0.007695128944014819,0.007695128944014819,0.021206295250058488,0.021206295250058488,0.032051122506603046,0.032051122506603046,0.03292169099831691,0.03316189125606112,0.03704442329406313,0.03704442329406313,0.025674117093408628,0.025674117093408628,-0.0555762712672929,0.048568929602918406,0.048568929602918406
2024-09-09,-0.004325603550105427,-0.004325603550105427,-0.006250059216452998,-0.006250059216452998,-0.006250059216452998,-0.006250059216452998,-0.004325603550105427,-0.004325603550105427,-0.011545459637728645,-0.011545459637728645,-0.017836116161872344,-0.017836116161872344,-0.017915589338566153,-0.017836116161872344,-0.021513719106217032,-0.021434245929523223,-0.013847240258359886,-0.013847240258359886,0.025284027002447564,-0.02836411571583828,-0.02836411571583828
2024-09-10,-0.0007889738591941122,-0.0007889738591941122,-0.0010675704855652457,-0.0010675704855652457,-0.0010675704855652457,-0.0010675704855652457,-0.0007889738591941122,-0.0007889738591941122,-0.0019006950784149041,-0.0019006950784149041,-0.003082256332724091,-0.003082256332724092,-0.0026919072684022413,-0.003082256332724091,-0.004041956365025815,-0.004432305429347666,-0.002404069767797694,-0.0024040697677976943,0.0044908075444648225,-0.006335309494109883,-0.006335309494109883
2024-09-11,-0.0002226827534755694,-0.0002226827534755694,0.0006283812403932852,0.0006283812403932852,0.0006283812403932852,0.0006283812403932852,-0.0002226827534755694,-0.0002226827534755694,-0.000537462090397466,-0.000537462090397466,0.0007499898168752867,0.0007499898168752869,0.0005384984545873232,0.0007499898168752867,0.0031266997341045425,0.003338191096392506,-0.00019849394870863644,-0.00019849394870863647,-0.009062473784277266,0.003092564670294665,0.003092564670294665
2024-09-12,-0.0008306560427964833,-0.0008306560427964833,-0.0006916704590679161,-0.0006916704590679161,-0.0006916704590679161,-0.0006916704590679161,-0.0006916704590679161,-0.0006916704590679161,-0.0006537577704568615,-0.0006537577704568615,0.0003695480876582262,0.0003695480876582262,0.0016986004997564404,0.0003695480876582262,-0.0014861537864666596,-0.0028152061985648735,-0.00032258872665012804,-0.0003225887266501281,0.003820727892944003,-0.00957655330410299,-0.00957655330410299
2024-09-13,-0.0018273036927032266,-0.0018273036927032266,-0.001397995149859965,-0.001397995149859965,-0.001397995149859965,-0.001397995149859965,-0.001397995149859965,-0.001397995149859965,-0.004330402219393766,-0.004330402219393766,-0.006915916593663587,-0.006915916593663587,-0.007013574841069476,-0.006915916593663587,-0.005036047023831238,-0.0049383887764253495,-0.005620348228639707,-0.005620348228639707,0.002818640821434654,-0.007451866719029264,-0.007451866719029264
2024-09-16,-0.001959391774558893,-0.001959391774558893,-0.0015024024130318068,-0.0015024024130318068,-0.0015024024130318068,-0.0015024024130318068,-0.0015024024130318068,-0.0015024024130318068,-0.003890936654688676,-0.003890936654688676,-0.005281178945621255,-0.005281178945621255,-0.005345099043351365,-0.005281178945621255,-0.004585884343146748,-0.004521964245416638,-0.004617407528482117,-0.004617407528482117,0.006773877701037429,-0.007484580395490796,-0.007484580395490796
2024-09-17,0.0002947857896958285,0.0002947857896958285,0.0004760244439588245,0.0004760244439588245,0.0004760244439588245,0.0004760244439588245,0.0004760244439588245,0.0004760244439588245,0.001437347275345125,0.001437347275345125,0.0018959950890438584,0.0018959950890438584,0.0023811600666923485,0.0018959950890438584,0.001965357657110206,0.001480192679461716,0.0015775576178050162,0.0015775576178050162,6.987441549207976e-05,-0.0004420407437648755,-0.0004420407437648755
2024-09-18,-0.0027860854845412836,-0.0027860854845412836,-0.002331605816624273,-0.002331605816624273,-0.002331605816624273,-0.002331605816624273,-0.002331605816624273,-0.002331605816624273,-0.013042460787148592,-0.013042460787148592,-0.02572010141937576,-0.025720101419375762,-0.025774915431097396,-0.02572010141937576,-0.02371292595832363,-0.023658111946601997,-0.019570405777064866,-0.019570405777064866,0.024587485233644787,-0.027025704588727027,-0.027025704588727027
2024-09-19,0.006670505299157116,0.006670505299157116,0.004372646917816851,0.004372646917816851,0.004372646917816851,0.004372646917816851,0.004372646917816851,0.004372646917816851,0.019012773717692066,0.019012773717692066,0.02897491900898012,0.028974919008980124,0.028035779397944154,0.02897491900898012,0.026820085968119176,0.02775922557915515,0.019012773717692066,0.019012773717692066,-0.05531372986364723,0.04220897972895506,0.04220897972895506
2024-09-20,-0.0013398710782923508,-0.0013398710782923508,-0.0013890148928187328,-0.0013890148928187328,-0.0013890148928187328,-0.0013890148928187328,-0.0013890148928187328,-0.0013890148928187328,-0.001581877221423155,-0.001581877221423155,-0.005585259180022554,-0.005585259180022554,-0.0070510446623786634,-0.005585259180022554,-0.00550623403432632,-0.004040448551970211,-0.001581877221423155,-0.001581877221423155,0.0001876966730863746,-0.0032732310930589873,-0.0032732310930589873
2024-09-23,-0.007653736860545674,-0.007653736860545674,-0.005699582617519965,-0.005699582617519963,-0.005699582617519965,-0.005699582617519963,-0.005699582617519963,-0.005699582617519965,-0.0066970154893842325,-0.006697015489384233,-0.0066970154893842325,-0.006697015489384233,-0.00559559759737233,-0.0066970154893842325,-0.006270114089119013,-0.007371531981130915,-0.0066970154893842325,-0.006697015489384233,0.02229959351083019,-0.023993267740805357,-0.023993267740805357
2024-09-24,-0.006260778083832012,-0.006260778083832012,-0.0046796966180660616,-0.0046796966180660616,-0.0046796966180660616,-0.0046796966180660616,-0.0046796966180660616,-0.0046796966180660616,-0.008498509842517913,-0.008498509842517913,-0.008498509842517913,-0.008498509842517911,-0.007296012872600869,-0.008498509842517913,-0.007117596594505646,-0.008320093564422688,-0.008498509842517913,-0.008498509842517911,0.020758954672848738,-0.02262630886773271,-0.02262630886773271
2024-09-25,-0.003134580122689621,-0.003134580122689621,-0.00258785732335734,-0.00258785732335734,-0.00258785732335734,-0.00258785732335734,-0.00258785732335734,-0.00258785732335734,-0.00471918225216938,-0.004719182252169379,-0.00471918225216938,-0.004719182252169379,-0.004480141829541297,-0.00471918225216938,-0.004414317785750519,-0.004653358208378601,-0.00471918225216938,-0.004719182252169379,0.005428463286338205,-0.008456532539135763,-0.008456532539135763
2024-09-26,0.002545846855600619,0.002545846855600619,0.00169920649902324,0.00169920649902324,0.00169920649902324,0.00169920649902324,0.00169920649902324,0.00169920649902324,0.005558507748745589,0.005558507748745589,0.005367778804932691,0.005367778804932691,0.004425189005358371,0.005367778804932691,0.003310401487769688,0.004252991287344008,0.005558507748745589,0.005558507748745589,-0.01747264190317825,0.014037905672447882,0.014037905672447882
2024-09-27,0.0007217673188568542,0.0007217673188568542,0.0005083754301531204,0.0005083754301531204,0.0005083754301531204,0.0005083754301531204,0.0005083754301531204,0.0005083754301531204,0.0016332744255795485,0.001633274425579549,0.0033784888653839796,0.003378488865383979,0.003688799620827101,0.0033784888653839796,0.007374617292517159,0.007064306537074037,0.0016332744255795485,0.0016332744255795485,-0.008389616833169957,0.005718732825728626,0.005718732825728626
2024-09-30,-0.0029923395257600597,-0.0029923395257600597,-0.002023148182144105,-0.002023148182144105,-0.002023148182144105,-0.002023148182144105,-0.002023148182144105,-0.002023148182144105,-0.004854684106725264,-0.004854684106725264,-0.006359804206057395,-0.006359804206057395,-0.005920933869085844,-0.006359804206057395,-0.007032467250621727,-0.0074713375875932785,-0.004854684106725264,-0.004854684106725263,0.01317444455480847,-0.015107490194769905,-0.015107490194769905
2024-10-01,0.004893146907788111,0.004893146907788111,0.0030521991881233036,0.0030521991881233036,0.0030521991881233036,0.0030521991881233036,0.0030521991881233036,0.0030521991881233036,0.009976702352364194,0.009976702352364194,0.013466889753995393,0.013466889753995395,0.012960908015795632,0.013466889753995393,0.01553194685940273,0.016037928597602488,0.009976702352364194,0.009976702352364196,-0.034870742142426726,0.03063759203588006,0.03063759203588006
2024-10-02,-0.006574055859715415,-0.006574055859715415,-0.004115412121201522,-0.004115412121201522,-0.004115412121201522,-0.004115412121201522,-0.004115412121201522,-0.004115412121201522,-0.007844384070796979,-0.007844384070796979,-0.00975984679692005,-0.00975984679692005,-0.008475150638687187,-0.00975984679692005,-0.010340888577044235,-0.011625584735277103,-0.007844384070796979,-0.007844384070796979,0.027977466116700107,-0.030138130750179307,-0.030138130750179307
2024-10-03,0.00042342698136018373,0.00042342698136018373,8.484717221795639e-05,8.484717221795639e-05,8.484717221795639e-05,8.484717221795639e-05,8.484717221795639e-05,8.484717221795639e-05,0.001659265025258728,0.001659265025258728,0.0022536171087522883,0.0022536171087522887,0.00259385919555571,0.0022536171087522883,0.0026799661132649523,0.00233972402646153,0.001659265025258728,0.001659265025258728,-0.002885715364360223,0.00014009164955656702,0.00014009164955656702
2024-10-04,-0.007426525743915093,-0.007426525743915093,-0.0030837376761706525,-0.0030837376761706525,-0.0030837376761706525,-0.0030837376761706525,-0.0030837376761706525,-0.0030837376761706525,-0.007816647280446344,-0.007816647280446344,-0.01043592060722062,-0.010435920607220619,-0.009540189177109502,-0.01043592060722062,-0.012207968971484604,-0.013103700401595723,-0.007816647280446344,-0.007816647280446344,0.03050436879589353,-0.037281299813860067,-0.037281299813860067
2024-10-07,0.004039628117853862,0.004039628117853862,0.002533461203791077,0.002533461203791077,0.002533461203791077,0.002533461203791077,0.002533461203791077,0.002533461203791077,0.008434515282933465,0.008434515282933465,0.011431512864688877,0.011431512864688879,0.012945988554482321,0.011431512864688877,0.014154205597607354,0.01263972990781391,0.008434515282933465,0.008434515282933465,-0.027467298693677106,0.022591410118789606,0.022591410118789606
2024-10-08,-0.0014380609263530408,-0.0012560337415516746,-0.0006492181265259991,-0.0006492181265259991,-0.0006492181265259991,-0.0006492181265259991,-0.0006492181265259991,-0.0006492181265259991,-0.0028244846631243874,-0.002642457478323021,-0.003551307402602182,-0.0035513074026021813,-0.005353980205211274,-0.003551307402602182,-0.005391270915146807,-0.0037706252973390827,-0.002642457478323021,-0.002642457478323021,0.0009360196484444439,-0.0076875432234344825,-0.0076875432234344825
2024-10-09,0.00038532154373819547,0.000782069413979263,4.0997685141085624e-05,4.0997685141085624e-05,4.0997685141085624e-05,4.0997685141085624e-05,4.0997685141085624e-05,4.0997685141085624e-05,-0.0006787925772605292,-0.00048361278011781243,-0.0006606575015256428,-0.0006606575015256428,-0.0008558372986683596,-0.0006606575015256428,-0.0006378079063209362,-0.0006378079063209362,-0.00048361278011781243,-0.0004836127801178124,-0.005714643399161551,0.0004338483720030802,0.0004338483720030802
2024-10-10,-0.005785150724458167,-0.008577241957880092,-0.004221412428101727,-0.004221412428101727,-0.004221412428101727,-0.004221412428101727,-0.004221412428101727,-0.004221412428101727,-0.008636818398554751,-0.010153049131199129,-0.01360515198684698,-0.013605151986846984,-0.012088921254202602,-0.01360515198684698,-0.016706941680919064,-0.01670694168091906,-0.010153049131199129,-0.010153049131199132,0.04102510650779839,-0.0466772524062978,-0.0466772524062978
2024-10-11,-0.003170285316765189,-0.0026899278226730633,-0.0013653762764197642,-0.0013653762764197642,-0.0013653762764197642,-0.0013653762764197642,-0.0013653762764197642,-0.0013653762764197642,-0.003582831859044729,-0.003534562276087764,-0.004687021768097295,-0.004687021768097295,-0.004735291351054259,-0.004687021768097295,-0.0058138165575876855,-0.0058138165575876855,-0.003534562276087764,-0.003534562276087764,0.005944029023866532,-0.011248742620979038,-0.011248742620979038
2024-10-14,-1.212901805799591e-05,-0.0001715486774652039,6.196999202194507e-05,6.196999202194507e-05,6.196999202194507e-05,6.196999202194507e-05,6.196999202194507e-05,6.196999202194507e-05,-0.00045643364055934717,-0.0006369893200884597,-0.0007410448165144663,-0.0007410448165144662,-0.0005604891369853539,-0.0007410448165144663,-0.0009505085008386953,-0.0009505085008386953,-0.0006369893200884597,-0.0006369893200884596,-8.14933848428916e-05,-0.003665353389205714,-0.003665353389205714
2024-10-15,-0.0007309894358085777,-0.003951110132248417,-0.002351995159533493,-0.002351995159533493,-0.002351995159533493,-0.002351995159533493,-0.002351995159533493,-0.002351995159533493,-0.004674008795082907,-0.0055974918425480465,-0.007437376762820323,-0.007437376762820323,-0.006513893715355183,-0.007437376762820323,-0.01005250548109081,-0.01005250548109081,-0.0055974918425480465,-0.0055974918425480465,0.02267176678193154,-0.027112006180882085,-0.027112006180882085
2024-10-16,0.0029531124992679602,-0.0014677568428916477,-0.0005644329234510672,-0.0005644329234510672,-0.0005644329234510672,-0.0005644329234510672,-0.0005644329234510672,-0.0005644329234510672,-0.0016653686977122766,-0.0025534756098203135,-0.0035682760809909743,-0.003568276080990975,-0.0026801691688829376,-0.0035682760809909743,-0.003568276080990975,-0.0035682760809909743,-0.0025534756098203135,-0.0025534756098203135,0.01034147401854509,-0.014543463432907874,-0.014543463432907874
2024-10-17,0.009869532335251221,-0.001965053519948218,-0.00019299902578572364,-0.00019299902578572364,-0.00019299902578572364,-0.00019299902578572364,-0.00019299902578572364,-0.00019299902578572364,-0.003943808640395503,-0.005714746785002931,-0.007905979213448646,-0.007905979213448646,-0.00613504106884122,-0.007905979213448646,-0.007905979213448646,-0.007905979213448646,-0.005714746785002931,-0.005714746785002932,0.02606033596349732,-0.030933373097024465,-0.030933373097024465
2024-10-18,0.004185952556476815,-0.003289034709126583,-0.0018146473270184902,-0.0018146473270184902,-0.0018146473270184902,-0.0018146473270184902,-0.0018146473270184902,-0.0018146473270184902,-0.0032613704936763355,-0.004473861283538589,-0.0060693146680712755,-0.006069314668071277,-0.004856823878209022,-0.0060693146680712755,-0.0060693146680712755,-0.0060693146680712755,-0.004473861283538589,-0.004473861283538589,0.018812496696744507,-0.02339450704776262,-0.02339450704776262
2024-10-21,0.005932775047003854,-0.0020384632380587137,0.0,0.0,0.0,0.0,0.0,0.0,-0.005137552542998588,-0.00646395810639269,-0.008772121274473074,-0.008772121274473072,-0.00744571571107897,-0.008772121274473074,-0.008909230755723354,-0.008909230755723354,-0.00646395810639269,-0.00646395810639269,0.026029892334140256,-0.027001810932313026,-0.027001810932313026
2024-10-22,0.002530940927802677,0.00021974488260152408,0.0,0.0,0.0,0.0,0.0,0.0,0.0019493583367453445,0.0018299568745981615,0.0025656640881216155,0.002565664088121616,0.0026850655502687983,0.0025656640881216155,0.002072348282396002,0.002072348282396002,0.0018299568745981615,0.0018299568745981617,-0.0027718545972392245,4.586360652228427e-05,4.586360652228427e-05
2024-10-23,-0.00959426774673307,-0.0002347172653966298,0.0,0.0,0.0,0.0,0.0,0.0,-0.005811548356042169,-0.0047738828010714315,-0.006530884738249067,-0.006530884738249067,-0.007568550293219804,-0.006530884738249067,-0.005581991502316348,-0.005581991502316348,-0.0047738828010714315,-0.0047738828010714315,-0.00939230104313433,0.003536919180373056,0.003536919180373056
2024-10-24,0.004136026469354149,-0.0010169511334375842,0.0,0.0,0.0,0.0,0.0,0.0,-0.0013357580147630229,-0.001930432408611947,-0.003890464720942571,-0.003890464720942571,-0.003295790327093647,-0.003890464720942571,-0.004544737158425724,-0.004544737158425725,-0.001930432408611947,-0.001930432408611947,0.013371327847096196,-0.016651910143960766,-0.016651910143960766
2024-10-25,-0.0038392304953508084,-0.0007623744879016855,0.0,0.0,0.0,0.0,0.0,0.0,0.00010890487663103007,0.0,-0.00392953383936076,-0.00392953383936076,-0.0038206289627297305,-0.00392953383936076,-0.0029220463976514796,-0.0029220463976514796,0.0,0.0,-0.0003937793413564491,-0.0016614610931094478,-0.0016614610931094478
2024-10-28,0.008902320809064087,-0.0020614061323137936,0.0,0.0,0.0,0.0,0.0,0.0,0.0012273130853864584,0.0,0.0,0.0,0.0012273130853864584,0.0,-0.0015599288564907042,-0.0015599288564907042,0.0,0.0,0.024335236336669248,-0.026150937348662057,-0.026150937348662057
2024-10-29,0.0015505727655823192,-0.0010874812002902698,0.0,0.0,0.0,0.0,0.0,0.0,0.0006774591703090142,0.0,0.0,0.0,0.0006774591703090142,0.0,-0.00016168350339944176,-0.00016168350339944176,0.0,0.0,0.008788841277752804,-0.011159419873154774,-0.011159419873154774
2024-10-30,-0.0010652223160757754,-0.002355702223944195,0.0,0.0,0.0,0.0,0.0,0.0,0.0003619299297310498,0.0,0.0,0.0,0.0003619299297310498,0.0,-4.152368998370252e-06,-4.152368998370252e-06,0.0,0.0,0.006758765519113653,-0.009903981134194684,-0.009903981134194684
2024-10-31,-0.03204454856117175,0.005316786257383831,0.0,0.0,0.0,0.0,0.0,0.0,-0.003906540510988356,0.0,0.0,0.0,-0.003906540510988356,0.0,0.003586632086103338,0.003586632086103338,0.0,0.0,-0.06866953990614946,0.05892726195943121,0.05892726195943121
2024-11-01,0.004452254605022329,0.0,0.0,0.0,0.0,0.0,0.0,0.0,0.0016194944226391966,0.0,0.0,0.0,0.0016194944226391966,0.0,-0.0005653551824915283,-0.0005653551824915283,0.0,0.0,0.015541325787513074,-0.017452624849851335,-0.017452624849851335
2024-11-04,0.011958117614793854,0.0,0.0,0.0,0.0,0.0,0.0,0.0,0.0015579816942974775,0.0,0.0,0.0,0.0014318934165375695,0.0,-0.0007942362654068895,-0.0007942362654068895,0.0,0.0,0.01786054883735006,-0.019237767148231284,-0.019237767148231284
2024-11-05,-0.005242341383928497,0.0,-0.00022141146911253088,0.0,-0.00022141146911253088,0.0,-0.00022141146911253088,0.0,-0.0007278370743701643,0.0,0.0,0.0,-0.0006513685903294914,0.0,-0.0001608345501322676,-0.0001608345501322676,-0.00022141146911253088,0.0,-0.006783992528041206,0.0013194969859153436,0.0013194969859153436
2024-11-06,-0.03416019802709402,0.0,-0.002144450066109238,0.0,-0.002144450066109238,0.0,-0.002144450066109238,0.0,-0.00519047694531042,0.0,0.0,0.0,-0.009347175390001091,0.0,0.0009292015622333177,0.0009292015622333177,-0.002144450066109238,0.0,-0.04113343092446472,0.028535492686658233,0.028535492686658233
2024-11-07,-0.0007148330356257699,0.0,-0.00014944731241996529,0.0,-0.00014944731241996529,0.0,-0.00014944731241996529,0.0,0.0,0.0,0.0,0.0,-0.00023544045902264515,0.0,-0.0005079676151326101,-0.0005079676151326101,-0.00014944731241996529,0.0,-2.4074795654543e-06,-0.005860276697054243,-0.005860276697054243
2024-11-08,0.0036657081961463892,0.0,0.0001863689875402536,0.0,0.0001863689875402536,0.0,0.0001863689875402536,0.0,0.0,0.0,0.0,0.0,0.000330578616511378,0.0,-0.0006432143183017433,-0.0006432143183017433,0.0001863689875402536,0.0,0.005456192875273075,-0.008912721682600374,-0.008912721682600374
2024-11-11,0.018311724720355842,0.0,0.001681290414301503,0.0,0.001681290414301503,0.0,0.001681290414301503,0.0,-0.0001350584035311386,-0.0001350584035311386,-0.0001350584035311386,-0.0001350584035311386,0.0030503772475242866,-0.0001350584035311386,-0.002262820382926812,-0.002262820382926812,0.0015462320107703647,-0.0001350584035311386,0.0260798258736319,-0.027107328715382555,-0.027107328715382555
2024-11-12,0.0014455658845137663,0.0,0.00038848808331733403,0.0,0.00038848808331733403,0.0,0.00038848808331733403,0.0,-0.0014651314904488612,-0.0014651314904488612,-0.0016331814090186768,-0.0016331814090186768,-0.0009928170065851194,-0.0016331814090186768,-0.0020223660629432065,-0.0020223660629432065,-0.0010766434071315272,-0.0014651314904488612,0.0037647158410162762,-0.006230657960533013,-0.006230657960533013
2024-11-13,0.009383110716487605,0.0,0.0013749606668685143,0.0,0.0013749606668685143,0.0,0.0013749606668685143,0.0,-0.0025386266271945285,-0.0025386266271945285,-0.00488664590319292,-0.00488664590319292,-0.0025437823919124336,-0.00488664590319292,-0.00668628695465517,-0.006686286954655171,-0.001163665960326014,-0.0025386266271945285,0.019889480212277523,-0.022421162147859382,-0.022421162147859382
2024-11-14,0.011699590581295674,0.0,0.001668512792317841,0.0,0.001668512792317841,0.0,0.001668512792317841,0.0,-0.004007774588882936,-0.004007774588882936,-0.0061087544434601845,-0.0061087544434601845,-0.003017746821888251,-0.0061087544434601845,-0.0076626862051366335,-0.0076626862051366335,-0.0023392617965650947,-0.004007774588882936,0.02291440634488643,-0.026378638968405935,-0.026378638968405935
2024-11-15,-0.01444034198199368,0.0,-0.002183679682663552,0.0,-0.002183679682663552,0.0,-0.002183679682663552,0.0,0.008747350871682854,0.008747350871682854,0.013070827432421156,0.013070827432421156,0.009575525859169372,0.013070827432421156,0.015954557370020595,0.015954557370020595,0.006563671189019301,0.008747350871682854,-0.04030842811574765,0.032657212758773944,0.032657212758773944
2024-11-18,0.011626770894968488,0.0,0.0019547700971483243,0.0,0.0019547700971483243,0.0,0.0019547700971483243,0.0,-0.0031392191500732407,-0.0031392191500732407,-0.0047925807184639405,-0.0047925807184639405,-0.0010435918076434373,-0.0047925807184639405,-0.007302070573529858,-0.007302070573529858,-0.0011844490529249166,-0.0031392191500732407,0.02416504700368933,-0.02678706019428769,-0.02678706019428769
2024-11-19,-0.0038760202427986475,0.0,-0.0010090661830707264,0.0,-0.0010090661830707264,0.0,-0.0010090661830707264,0.0,0.0007744848788131894,0.0007744848788131893,0.001530320995698828,0.001530320995698828,-0.00031857504253502263,0.001530320995698828,0.0021623922511445843,0.0021623922511445843,-8.427657326311739e-05,0.0009247896098076091,-0.007852629721713817,0.00522354479198096,0.00522354479198096
2024-11-20,-0.00010177325041899819,0.0,-0.0002559549846084983,0.0,-0.0002559549846084983,0.0,-0.0002559549846084983,0.0,0.004086152319459246,0.0040861523194592455,0.00434202998074107,0.00434202998074107,0.004084579800421724,0.00434202998074107,0.006795511209059223,0.006795511209059224,0.002656184045004374,0.0029121390296128723,-0.005694260556480461,0.0041010694353224445,0.0041010694353224445
2024-11-21,-0.000940796803680553,0.0,2.506269733100228e-05,0.0,2.506269733100228e-05,0.0,2.506269733100228e-05,0.0,-0.005423013473795605,-0.005423013473795606,-0.006304999874838604,-0.006304999874838604,-0.006803031929894918,-0.006304999874838604,-0.008283116483912509,-0.008283116483912509,-0.004026996294207403,-0.004052058991538405,0.006174070751198214,-0.01214038607191734,-0.01214038607191734
2024-11-22,0.00932010873780595,0.0,0.0015535395917903958,0.0,0.0015535395917903958,0.0,0.0015535395917903958,0.0,-0.015693321031389346,-0.01569332103138935,-0.012643194634994324,-0.012643194634994328,-0.009941502267151686,-0.012643194634994324,-0.02294867450873662,-0.022948674508736618,-0.0071598812964802005,-0.008713420888270595,0.03188260023077765,-0.03528332831132374,-0.03528332831132374
2024-11-25,0.007293640798745885,-0.0001743914952752406,0.0014679830273712183,-0.0001743914952752406,0.0014679830273712183,-0.0001743914952752406,0.0014679830273712183,-0.0001743914952752406,-0.011401369995524574,-0.011401369995524576,-0.008453579014701954,-0.008453579014701954,-0.005582466143744562,-0.008453579014701954,-0.017138060820636285,-0.017138060820636285,-0.004029215492763136,-0.005671590015409595,0.024354934170416512,-0.0263482861125799,-0.0263482861125799
2024-11-26,-0.004896321951312085,-0.0004786867779825937,-0.001274170516276382,-0.0004786867779825937,-0.001274170516276382,-0.0004786867779825937,-0.001274170516276382,-0.0004786867779825937,-0.0009554941269520283,-0.0009554941269520281,-0.0012456241116669759,-0.001245624111666976,-0.0027673221407758125,-0.0012456241116669759,-0.0011016516547354216,-0.0011016516547354218,-0.0018472334310862715,-0.0010517496927924831,-0.007010351441098468,0.0032397959435238773,0.0032397959435238773
2024-11-27,0.0051687225539540265,-0.004607534243630691,-0.0020351712700149983,-0.004607534243630691,-0.0020351712700149983,-0.004607534243630691,-0.0020351712700149988,-0.004607534243630691,-0.014613513880469962,-0.014613513880469962,-0.012439213001015506,-0.012439213001015506,-0.007723628692825852,-0.012439213001015506,-0.019834354754817547,-0.019834354754817547,-0.007213603374853896,-0.00978596634846959,0.02868354371739367,-0.03629977321164437,-0.03629977321164437
2024-11-29,-0.0009147897643568637,0.0004311568778903836,0.0006448604097637067,0.0004311568778903836,0.0006448604097637067,0.0004311568778903836,0.0006448604097637067,0.0004311568778903836,0.0012283418270503952,0.0012283418270503954,0.001124734777238043,0.0011247347772380433,0.0015764866693193766,0.001124734777238043,0.001352838038927902,0.001352838038927902,0.001133976502587453,0.00092027297071413,-0.004987305124152134,0.000553274660016949,0.000553274660016949
2024-12-02,-0.003670029609052039,-0.0038997148692128127,-0.004082066014109385,-0.0038997148692128127,-0.004082066014109385,-0.0038997148692128127,-0.004082066014109386,-0.0038997148692128127,-0.009938541212266283,-0.009938541212266281,-0.009696915945235281,-0.009696915945235283,-0.010264067228212432,-0.009696915945235281,-0.012895660987874721,-0.012895660987874721,-0.008006503353727837,-0.007824152208831262,0.012399901274749976,-0.013287881995450567,-0.013287881995450567
2024-12-03,-0.0025160035505437856,-0.0035460985297008298,-0.0036329948025860827,-0.0035460985297008298,-0.0036329948025860827,-0.0035460985297008298,-0.0036329948025860827,-0.0035460985297008298,-0.00969707122189055,-0.00969707122189055,-0.007932103471063748,-0.007932103471063748,-0.007572069223055139,-0.007932103471063748,-0.012492081459215492,-0.012492081459215492,-0.006651005503449489,-0.006564109230564237,0.01275202444411982,-0.013609024390993263,-0.013609024390993263
2024-12-04,-0.0005999289978961172,0.0009619357951545648,0.0022193719116414736,0.0009619357951545648,0.0022193719116414736,0.0009619357951545648,0.0022193719116414736,0.0009619357951545648,0.0034284705240659793,0.0034284705240659793,0.0038685449467052648,0.0038685449467052648,0.0023990020314311653,0.0038685449467052648,0.00406025019282615,0.004060250192826149,0.0046662669394651,0.003408830822978191,-0.008140325354486623,0.0011128344418530351,0.0011128344418530351
2024-12-05,-0.004684684057932563,-0.0025628807329077137,-0.005145400176343501,-0.0025628807329077137,-0.005145400176343501,-0.0025628807329077137,-0.005145400176343501,-0.0025628807329077137,-0.00802958645274356,-0.00802958645274356,-0.009868488639405159,-0.009868488639405159,-0.012451008082840947,-0.009868488639405159,-0.010564553370456833,-0.010564553370456833,-0.010700608749279037,-0.008118089305843249,0.008067514356732764,-0.013124994982587861,-0.013124994982587861
2024-12-06,-0.004632828215275139,-0.003280297092151027,-0.003280297092151027,-0.003280297092151027,-0.003280297092151027,-0.003280297092151027,-0.003280297092151027,-0.003280297092151027,-0.011949205765423476,-0.011949205765423476,-0.009273902187125507,-0.009273902187125507,-0.009273902187125507,-0.009273902187125507,-0.014674882780829073,-0.014674882780829073,-0.007901632559280879,-0.007901632559280879,0.012039390990960464,-0.015595037888511576,-0.015595037888511576
2024-12-09,-0.0021983485986161533,-0.0021983485986161533,-0.0023317748458005698,-0.0023317748458005698,-0.0023317748458005698,-0.0023317748458005698,-0.0023317748458005693,-0.0023317748458005693,-0.007858795901623224,-0.007858795901623224,-0.007762417238173349,-0.007762417238173349,-0.007762417238173349,-0.007762417238173349,-0.010574145790206461,-0.010574145790206461,-0.005889801769347767,-0.005889801769347767,0.008574981147867547,-0.010574145790206461,-0.010574145790206461
2024-12-10,-0.0028689218053753046,-0.0028689218053753046,-0.004633487151336437,-0.004633487151336437,-0.004633487151336437,-0.004633487151336437,-0.004633487151336437,-0.004633487151336437,-0.011436388059811934,-0.011436388059811934,-0.010718343266098364,-0.010718343266098364,-0.010718343266098364,-0.010718343266098364,-0.013902837242657472,-0.013902837242657472,-0.009381450325727743,-0.009381450325727741,0.012579777581028488,-0.013902837242657472,-0.013902837242657472
2024-12-11,0.00035102627153813757,0.00035102627153813757,0.0007725180976145376,0.0007725180976145376,0.0007725180976145376,0.0007725180976145376,0.0007725180976145376,0.0007725180976145376,0.006554746454227679,0.006554746454227679,0.0067758956982487606,0.0067758956982487606,0.0067758956982487606,0.0067758956982487606,0.008638003589396528,0.008638003589396528,0.004915770706850791,0.004915770706850791,-0.013079681405222868,0.008638003589396528,0.008638003589396528
2024-12-12,-0.0023630651546885186,-0.0023630651546885186,-0.003720736405939378,-0.003720736405939378,-0.003720736405939378,-0.003720736405939378,-0.003720736405939378,-0.003720736405939378,-0.008290062432861293,-0.008290062432861293,-0.008069345220795797,-0.008069345220795797,-0.008069345220795797,-0.008069345220795797,-0.009661899302068316,-0.009661899302068315,-0.006388522619680489,-0.006388522619680489,0.006197267018772297,-0.009661899302068315,-0.009661899302068315
2024-12-13,-0.005684448340289974,-0.005684448340289974,-0.00744990874541967,-0.00744990874541967,-0.00744990874541967,-0.00744990874541967,-0.007449908745419669,-0.007449908745419669,-0.01715068335956129,-0.01715068335956129,-0.01291309348067327,-0.01291309348067327,-0.01291309348067327,-0.01291309348067327,-0.019735457936050308,-0.019735457936050308,-0.01291309348067327,-0.01291309348067327,0.016935343361413398,-0.019735457936050308,-0.019735457936050308
2024-12-16,0.00025118613567448014,0.0002511861356744801,0.0014748854677735593,0.0014748854677735593,0.0014748854677735593,0.0014748854677735593,0.0014748854677735593,0.0014748854677735593,0.0011897190674496033,0.0011897190674496029,0.002606485080428157,0.002606485080428157,0.002606485080428157,0.002606485080428157,0.0004078343958303663,0.00040783439583036614,0.002606485080428157,0.0026064850804281576,-0.0018764605609450243,0.00040783439583036614,0.00040783439583036614
2024-12-17,0.0004910747987291001,0.0004910747987291,0.0005749559262995767,0.0005749559262995767,0.0005749559262995767,0.0005749559262995767,0.0005749559262995767,0.0005749559262995767,0.0014264183457844176,0.0014264183457844179,0.0005146282943733793,0.0005146282943733793,0.0005146282943733793,0.0005146282943733793,0.002142800861758851,0.002142800861758851,0.0005146282943733793,0.0005146282943733795,-0.003870455716905107,0.002142800861758851,0.002142800861758851
2024-12-18,0.0901759514306528,0.0901759514306528,0.11240756930576803,0.11240756930576803,0.11240756930576803,0.11240756930576803,0.11240756930576801,0.11240756930576801,0.17884354268028999,0.17884354268028999,0.13984088585403942,0.13984088585403945,0.13984088585403945,0.13984088585403942,0.19548223743907064,0.19548223743907064,0.13984088585403945,0.13984088585403945,-0.20440852019067407,0.19548223743907064,0.19548223743907064
2024-12-19,0.0020777057362833034,0.0020777057362833034,0.005246369331972258,0.005246369331972258,0.005246369331972258,0.005246369331972258,0.005246369331972259,0.005246369331972259,0.0009272455531942851,0.0009272455531942845,0.010154372766930729,0.01015437276693073,0.01015437276693073,0.010154372766930729,0.0009272455531942851,0.0009272455531942845,0.01015437276693073,0.01015437276693073,-0.005863475280092293,0.0009272455531942845,0.0009272455531942845
2024-12-20,-0.01859706744194147,-0.01859706744194147,-0.02272176788518911,-0.02272176788518911,-0.02272176788518911,-0.02272176788518911,-0.02272176788518911,-0.02272176788518911,-0.03662221581865518,-0.03662221581865518,-0.028387695323392685,-0.028387695323392692,-0.028387695323392692,-0.028387695323392685,-0.03662221581865518,-0.03662221581865518,-0.028387695323392692,-0.028387695323392692,0.033279750636617395,-0.03662221581865518,-0.03662221581865518
2024-12-23,-0.01805111271815843,-0.01805111271815843,-0.024335557814132887,-0.02433555781413288,-0.024335557814132887,-0.02433555781413288,-0.02433555781413288,-0.02433555781413288,-0.030831530247514966,-0.030831530247514966,-0.030831530247514966,-0.030831530247514966,-0.030831530247514966,-0.030831530247514966,-0.030831530247514966,-0.030831530247514966,-0.030831530247514966,-0.030831530247514966,0.03027817156989124,-0.030831530247514966,-0.030831530247514966
2024-12-24,0.004754232760980427,0.004754232760980428,0.0027385002807326616,0.002738500280732662,0.0027385002807326616,0.002738500280732662,0.002738500280732663,0.002738500280732663,0.0013551325662390288,0.001355132566239028,0.001355132566239028,0.0013551325662390288,0.0013551325662390288,0.001355132566239028,0.0013551325662390288,0.001355132566239028,0.0013551325662390288,0.0013551325662390288,-0.006561878719121561,0.001355132566239028,0.001355132566239028
2024-12-26,-0.006307329326522724,-0.006307329326522724,-0.007095088180574988,-0.007095088180574988,-0.007095088180574988,-0.007095088180574988,-0.007095088180574988,-0.007095088180574988,-0.008523987634511187,-0.008523987634511187,-0.008523987634511185,-0.008523987634511187,-0.008523987634511187,-0.008523987634511185,-0.008523987634511187,-0.008523987634511187,-0.008523987634511187,-0.008523987634511187,0.007156368034682385,-0.008523987634511187,-0.008523987634511187
2024-12-27,0.017849024381480623,0.017849024381480623,0.02309130944328671,0.02309130944328671,0.02309130944328671,0.02309130944328671,0.02309130944328671,0.02309130944328671,0.03047006173558682,0.03047006173558682,0.03047006173558682,0.03047006173558682,0.03047006173558682,0.03047006173558682,0.03047006173558682,0.03047006173558682,0.03047006173558682,0.03047006173558682,-0.03371977325790237,0.03047006173558682,0.03047006173558682
2024-12-30,0.001452451168041467,0.001452451168041467,0.0027898164946972438,0.0027898164946972438,0.0027898164946972438,0.0027898164946972438,0.0027898164946972438,0.0027898164946972438,0.004472465805381443,0.004472465805381442,0.004472465805381442,0.004472465805381443,0.004472465805381443,0.004472465805381442,0.004687435476310433,0.004687435476310432,0.004472465805381443,0.004472465805381443,-0.005548247964403044,0.004472465805381442,0.004472465805381442
2024-12-31,0.0020906669066189,0.0020906669066189,0.005145393016553117,0.005145393016553117,0.005145393016553117,0.005145393016553117,0.005145393016553118,0.005145393016553118,0.009479843647295164,0.009479843647295164,0.009479843647295164,0.009479843647295164,0.009479843647295164,0.009479843647295164,0.011372653923543715,0.011372653923543715,0.009479843647295164,0.009479843647295164,-0.010404406640696248,0.009479843647295164,0.009479843647295164
2025-01-02,0.00017604384610920272,0.00017604384610920272,0.001040296838186326,0.001040296838186326,0.001040296838186326,0.001040296838186326,0.001040296838186326,0.001040296838186326,0.0013427856162743202,0.0013427856162743202,0.0013427856162743202,0.0013427856162743202,0.0013427856162743202,0.0013427856162743202,0.0013075157341700936,0.0013075157341700936,0.0013427856162743202,0.0013427856162743202,-0.0015250930842734254,0.0013427856162743202,0.0013427856162743202
2025-01-03,-0.004025560714843658,-0.004025560714843658,-0.006550761552128362,-0.006550761552128362,-0.006550761552128362,-0.006550761552128362,-0.006550761552128362,-0.006550761552128362,-0.01056081970703139,-0.01056081970703139,-0.01056081970703139,-0.01056081970703139,-0.01056081970703139,-0.01056081970703139,-0.009952333105444694,-0.009952333105444694,-0.01056081970703139,-0.01056081970703139,0.007075143100415309,-0.01056081970703139,-0.01056081970703139
2025-01-06,-0.001710197025250725,-0.001710197025250725,-0.0029096805657384114,-0.0029096805657384114,-0.0029096805657384114,-0.0029096805657384114,-0.0029096805657384114,-0.0029096805657384114,-0.0029096805657384114,-0.0029096805657384114,-0.002712058619765519,-0.002712058619765519,-0.0029096805657384114,-0.0029096805657384114,-0.0019749276586317945,-0.0019749276586317945,-0.0029096805657384114,-0.0029096805657384114,0.002041491629348816,-0.0029096805657384114,-0.0029096805657384114
2025-01-07,0.0053842530477376475,0.0053842530477376475,0.01085700755366214,0.01085700755366214,0.01085700755366214,0.01085700755366214,0.011007068704322845,0.011007068704322845,0.01085700755366214,0.010857007553662142,0.007656239716020157,0.007656239716020157,0.01085700755366214,0.010857007553662142,0.0048499347250121,0.0048499347250121,0.011007068704322841,0.011007068704322841,-0.01242556306736917,0.010857007553662142,0.010857007553662142
2025-01-08,-0.0026709565806696655,-0.0026709565806696655,-0.005751190304643638,-0.005751190304643638,-0.005751190304643638,-0.005751190304643638,-0.004349712304239953,-0.004349712304239953,-0.005751190304643638,-0.005751190304643638,-0.004414009929485045,-0.004414009929485046,-0.005751190304643638,-0.005751190304643638,-0.0013450127286586263,-0.0013450127286586263,-0.004349712304239954,-0.004349712304239953,0.005364774449828753,-0.005751190304643638,-0.005751190304643638
2025-01-10,0.003750451917368548,0.003750451917368548,0.007033868601634301,0.007033868601634299,0.007033868601634301,0.007033868601634299,0.004921950122943427,0.004921950122943427,0.007033868601634301,0.007033868601634299,0.0047850135992329075,0.0047850135992329075,0.007033868601634299,0.007033868601634299,0.00015621150099634,0.00015621150099634,0.004921950122943427,0.004921950122943427,-0.011036090486221357,0.007033868601634299,0.007033868601634299
2025-01-13,-0.0011618023047592326,-0.0011618023047592328,-0.004081486241073399,-0.004081486241073399,-0.004081486241073399,-0.004081486241073399,-0.0022576304059125332,-0.0022576304059125332,-0.004081486241073399,-0.004081486241073399,-0.0028137196401377047,-0.0028137196401377047,-0.004081486241073399,-0.0040814862410734,0.00040358218388262455,0.00040358218388262455,-0.0022576304059125332,-0.0022576304059125332,0.003841694572721175,-0.004253424740855792,-0.004253424740855792
2025-01-14,0.0015902014622606263,0.0015902014622606263,0.002474744334904225,0.002474744334904225,0.002474744334904225,0.002474744334904225,0.0027748365052298455,0.0027748365052298455,0.002474744334904225,0.002474744334904225,0.002019839566536414,0.002019839566536414,0.002474744334904225,0.002474744334904225,0.0026658345110509773,0.0026658345110509773,0.0027748365052298455,0.0027748365052298455,-0.002188020004727633,0.0015841633619991349,0.0015841633619991349
2025-01-15,-0.006856550572918759,-0.006856550572918759,-0.0073323986084836475,-0.0073323986084836475,-0.0073323986084836475,-0.0073323986084836475,-0.007640841020165051,-0.007640841020165051,-0.0073323986084836475,-0.0073323986084836475,-0.006668530365615937,-0.006668530365615937,-0.0073323986084836475,-0.0073323986084836475,-0.007292390438786441,-0.007292390438786441,-0.007640841020165051,-0.007640841020165051,0.004135736624570676,-0.006993306990471222,-0.006993306990471222
2025-01-16,-0.0029465070417889925,-0.002946507041788992,-0.002526415703968536,-0.002526415703968536,-0.002526415703968536,-0.002526415703968536,-0.001556535037027755,-0.001556535037027755,-0.002526415703968536,-0.0025264157039685355,-0.00158411986838354,-0.0015841198683835395,-0.002526415703968536,-0.0025264157039685364,0.0004886098940791485,0.0004886098940791485,-0.001556535037027755,-0.001556535037027755,0.005612291075998192,-0.0059586817287873035,-0.0059586817287873035
2025-01-17,0.003313890941293248,0.0033138909412932477,0.003704729531405613,0.003704729531405613,0.003704729531405613,0.003704729531405613,0.0019139722968072124,0.0019139722968072124,0.003704729531405613,0.003704729531405613,0.00125400511343795,0.0012540051134379503,0.003704729531405613,0.003704729531405613,-0.002025827501160102,-0.002025827501160102,0.001913972296807212,0.001913972296807212,-0.012855802871250068,0.009004206277468124,0.009004206277468124
2025-01-21,-0.006776136438350728,-0.006776136438350728,-0.007326477364644971,-0.007326477364644971,-0.007326477364644971,-0.007326477364644971,-0.0050370198196797705,-0.0050370198196797705,-0.007326477364644971,-0.007326477364644971,-0.005030034260157563,-0.005030034260157563,-0.007511209280215074,-0.007511209280215074,-0.00018473191557010177,-0.00018473191557010177,-0.0050370198196797705,-0.0050370198196797705,0.011594685205999804,-0.013660591280598393,-0.013660591280598393
2025-01-22,0.0016073129447833731,0.001607312944783373,0.0006644192578054124,0.0006644192578054124,0.0006644192578054124,0.0006644192578054124,0.0003268301749953071,0.0003268301749953071,0.0005056340274933745,0.0005056340274933745,0.0009760904270334899,0.0009760904270334899,0.0010077640751954009,0.0010077640751954009,0.0003433448173899884,0.0003433448173899884,0.00016804494468326922,0.00016804494468326922,-0.004325383853601235,0.0030899831787374508,0.0030899831787374508
2025-01-23,-0.002230931763119466,-0.002230931763119466,-0.002591073900436249,-0.002591073900436249,-0.002591073900436249,-0.002591073900436249,-0.0017398231573641616,-0.0017398231573641616,-0.002614209506110903,-0.002614209506110903,-0.001996708957212581,-0.0019967089572125807,-0.0026989715132495753,-0.0026989715132495753,-0.00010789761281332595,-0.00010789761281332595,-0.0017629587630388147,-0.0017629587630388147,0.0033110598732418277,-0.004563124728504196,-0.004563124728504196
2025-01-24,-0.0021518500258062324,-0.0021518500258062324,-0.0027089699822943685,-0.0027089699822943685,-0.0027089699822943685,-0.0027089699822943685,-0.0018583471979312825,-0.0018583471979312825,-0.004172025815574913,-0.004172025815574914,-0.0042624514655159275,-0.004262451465515928,-0.005494046185612665,-0.005494046185612665,-0.0027850762033182954,-0.0027850762033182954,-0.0033214030312118275,-0.0033214030312118275,0.007150157876535136,-0.007551519683611656,-0.007551519683611656
2025-01-27,0.011571291550330522,0.01157129155033052,0.013645991341360417,0.013645991341360417,0.013645991341360417,0.013645991341360417,0.009588640998443185,0.009588640998443185,0.02118411844027784,0.02118411844027784,0.0217736968703224,0.0217736968703224,0.028344449280141144,0.028344449280141144,0.014533524431096356,0.014533524431096356,0.01712676809736061,0.01712676809736061,-0.04309364159211138,0.0392342456273266,0.0392342456273266
2025-01-28,-0.00295569601944847,-0.00295569601944847,-0.0024034589758708115,-0.0024034589758708115,-0.0024034589758708115,-0.0024034589758708115,-0.001735594274558981,-0.001735594274558981,-0.004382612238749077,-0.004382612238749077,-0.006524386052531792,-0.006524386052531793,-0.006322639532075426,-0.006322639532075426,-0.005451835742149501,-0.0054518357421495,-0.0037147475374372466,-0.0037147475374372466,0.008373317602601958,-0.011126868507500134,-0.011126868507500134
2025-01-29,-0.002828875373325469,-0.002828875373325469,-0.002840877152322004,-0.002840877152322004,-0.002840877152322004,-0.002840877152322004,-0.0018290391984960984,-0.0018290391984960984,-0.0035550014137076887,-0.003555001413707688,-0.003331909517212587,-0.003331909517212587,-0.0038363897593329042,-0.0038363897593329042,-0.0017450138319891205,-0.00174501383198912,-0.002287033791547818,-0.002287033791547818,0.0056595729414810085,-0.007351432834420267,-0.007351432834420267
2025-01-30,-0.0061461576910861555,-0.0061461576910861555,-0.006239089356056543,-0.006239089356056543,-0.006239089356056543,-0.006239089356056543,-0.003957282710241726,-0.003957282710241726,-0.00888689281252426,-0.008886892812524262,-0.008001132138908662,-0.008001132138908663,-0.009542241145180664,-0.009542241145180666,-0.005551520393180927,-0.005551520393180926,-0.0055090018246948605,-0.0055090018246948605,0.01635103143869118,-0.018396944000875902,-0.018396944000875902
2025-01-31,-0.00045846242496893827,-0.0004584624249689381,-0.0011407122759937197,-0.0011407122759937197,-0.0011407122759937197,-0.0011407122759937197,-0.0012576458405601208,-0.0012576458405601208,-0.00015046271251001396,-0.00015046271251001396,4.062464980263103e-05,4.062464980263103e-05,-7.464239393439843e-05,-7.464239393439825e-05,0.0021036812870526083,0.0021036812870526083,-0.0007822906987703083,-0.0007822906987703083,-0.0060700140696638245,0.002425518245744423,0.002425518245744423
2025-02-03,0.003991772558216257,0.003991772558216257,0.0010056832661582648,0.0010056832661582648,0.0010056832661582648,0.0010056832661582648,0.00036954283511798317,0.00036954283511798317,0.004771216696317499,0.004771216696317499,0.006212968043296809,0.006212968043296809,0.005262442266572647,0.005262442266572647,0.007038205966533746,0.007038205966533746,0.0023859048166036717,0.0023859048166036717,-0.015957547716471964,0.013281322294846904,0.013281322294846904
2025-02-04,-0.01037533563650455,-0.010375335636504548,-0.008326062704873103,-0.008326062704873103,-0.008326062704873103,-0.008326062704873103,-0.0060875764304701326,-0.0060875764304701326,-0.012314593970928267,-0.012314593970928267,-0.012129774662970869,-0.012129774662970867,-0.013086928426804175,-0.013086928426804175,-0.015167202771825119,-0.015167202771825119,-0.009541767454517744,-0.009541767454517744,0.027830413670236493,-0.030850487633279515,-0.030850487633279515
2025-02-05,-0.0113454444814102,-0.0113454444814102,-0.009177311051985155,-0.009177311051985155,-0.009177311051985155,-0.009177311051985155,-0.007216757272190405,-0.007216757272190405,-0.010446004790173616,-0.010446004790173616,-0.01010460985663862,-0.01010460985663862,-0.011091244459836912,-0.011091244459836912,-0.012629788661221933,-0.012629788661221933,-0.008067653441779085,-0.008067653441779085,0.026519533443606188,-0.029034281917076927,-0.029034281917076927
2025-02-06,-0.007001658843624044,-0.007001658843624046,-0.0046609743255386195,-0.0046609743255386195,-0.0046609743255386195,-0.0046609743255386195,-0.004263308150791921,-0.004263308150791921,-0.00652941503492422,-0.006529415034924218,-0.007333750979390341,-0.007333750979390341,-0.007253406735904855,-0.007253406735904853,-0.011617180343872253,-0.01161718034387225,-0.005540248243260594,-0.005540248243260594,0.017111194907831244,-0.020060188431063553,-0.020060188431063553
2025-02-07,0.0007558827138831877,0.0007558827138831875,-0.0025154834745688566,-0.0025154834745688566,-0.0025154834745688566,-0.0025154834745688566,0.0006437648836082516,0.0006437648836082516,-0.001554735900437657,-0.001554735900437657,-0.0008355961821252666,-0.0008355961821252662,-0.0012870508942260113,-0.001287050894226011,0.0036538895518420894,0.0036538895518420894,0.0012795192164558097,0.0012795192164558097,-0.009569900149486832,0.0003750119999030838,0.0003750119999030838
2025-02-10,-0.009717815110415987,-0.009717815110415987,-0.004076969000589493,-0.004076969000589493,-0.004076969000589493,-0.004076969000589493,-0.004076969000589493,-0.004076969000589493,-0.005387657717640064,-0.005387657717640063,-0.007831858308015404,-0.007831858308015404,-0.005841336619011348,-0.005841336619011347,-0.014427626767377405,-0.014427626767377405,-0.004839813297447855,-0.004839813297447855,0.01979820176727887,-0.023066049670819582,-0.023066049670819582
2025-02-11,-0.0041893877792564685,-0.0041893877792564685,-0.0018759777413144395,-0.0018759777413144395,-0.0018759777413144395,-0.0018759777413144395,-0.0018759777413144395,-0.0018759777413144395,-0.002583542524946165,-0.002583542524946165,-0.003174186210829873,-0.003174186210829872,-0.003091113074549352,-0.003091113074549352,-0.005918885051910181,-0.005918885051910181,-0.0023293201242116424,-0.0023293201242116424,0.008518322513865457,-0.009239637214921912,-0.009239637214921912
2025-02-12,-0.004917649048748426,-0.004917649048748427,-0.0018910922246628127,-0.0018910922246628127,-0.0018910922246628127,-0.0018910922246628127,-0.0018910922246628127,-0.0018910922246628127,-0.0037322742167027454,-0.0037322742167027454,-0.005318082592408095,-0.005318082592408095,-0.005036942411156393,-0.005036942411156392,-0.008312791813387005,-0.008312791813387005,-0.0031513733151811323,-0.0031513733151811323,0.008530982150553887,-0.011968249946291573,-0.011968249946291573
2025-02-13,0.006019552041136456,0.006019552041136456,0.002678031477536722,0.002678031477536722,0.002678031477536722,0.002678031477536722,0.002678031477536722,0.002678031477536722,0.005881587734110705,0.005881587734110705,0.008032335047612865,0.008032335047612865,0.00687287818211615,0.00687287818211615,0.012245053797643983,0.012245053797643983,0.00427357014368996,0.00427357014368996,-0.02441397325700733,0.014312216803238673,0.014312216803238673
2025-02-14,-0.008855549111890107,-0.008855549111890107,-0.005415879871894952,-0.005415879871894952,-0.005415879871894952,-0.005415879871894952,-0.005415879871894952,-0.005415879871894952,-0.009213987558446964,-0.009213987558446966,-0.011651880860783118,-0.011651880860783118,-0.009973204261637426,-0.009973204261637428,-0.01933813032244756,-0.01933813032244756,-0.00679140568388686,-0.00679140568388686,0.022042650108310788,-0.024682995114184206,-0.024682995114184206
2025-02-18,-0.009266279506915102,-0.009266279506915104,-0.006668201844128974,-0.006668201844128974,-0.006668201844128974,-0.006668201844128974,-0.006668201844128974,-0.006668201844128974,-0.01097747628653697,-0.01097747628653697,-0.014453758555772054,-0.014453758555772052,-0.011571632503799254,-0.011571632503799254,-0.02394115021559362,-0.023941150215593614,-0.008213754560206428,-0.008213754560206428,0.026468275899150663,-0.02886592386985167,-0.02886592386985167
2025-02-19,-0.0019795895095177474,-0.0019795895095177474,-0.001234729614827462,-0.001234729614827462,-0.001234729614827462,-0.001234729614827462,-0.001234729614827462,-0.001234729614827462,-0.002955844567322375,-0.002955844567322375,-0.0025775317447276716,-0.002577531744727672,-0.0025738496335671554,-0.0025738496335671554,-0.0044607159599192245,-0.0044607159599192245,-0.0021875538332656883,-0.002187553833265688,0.004147715663035787,-0.005655823937618302,-0.005655823937618302
2025-02-20,-0.004666501305236076,-0.004666501305236076,-0.0033097060320948237,-0.0033097060320948237,-0.0033097060320948237,-0.0033097060320948237,-0.0033097060320948237,-0.0033097060320948237,-0.008906498268799391,-0.008906498268799391,-0.011014258609267217,-0.011014258609267217,-0.010121292889599998,-0.010121292889599998,-0.015688600833523386,-0.015688600833523386,-0.007609299663804628,-0.007609299663804629,0.0144239714135313,-0.018198574872630907,-0.018198574872630907
2025-02-21,0.029448984382246777,0.029448984382246777,0.01989966947447916,0.01989966947447916,0.01989966947447916,0.01989966947447916,0.01989966947447916,0.01989966947447916,0.05516370338872817,0.05516370338872818,0.059896542416180865,0.059896542416180865,0.053965694878747875,0.05396569487874786,0.08892366079204915,0.08892366079204914,0.052322120086545944,0.052322120086545944,-0.11623360251686053,0.10559508741171902,0.10559508741171902
2025-02-24,-0.0016031331222752898,-0.0016031331222752894,-0.0010209144977007842,-0.0010209144977007842,-0.0010209144977007842,-0.0010209144977007842,-0.0010209144977007842,-0.0010209144977007842,-0.00012617540759907357,-0.00012617540759907357,4.851942596769499e-05,4.851942596769499e-05,0.0016245111977359207,0.0016245111977359207,-0.0018731778468185395,-0.0018731778468185389,0.0007035102484010446,0.0007035102484010446,0.00011239591474239119,-0.0029576467193264374,-0.0029576467193264374
2025-02-25,-0.0022078289403768716,-0.0022078289403768716,-0.00070610652636608,-0.00070610652636608,-0.00070610652636608,-0.00070610652636608,-0.00070610652636608,-0.00070610652636608,-0.004896019338398656,-0.004896019338398656,-0.0060740045654898035,-0.0060740045654898035,-0.004666709508890978,-0.004666709508890978,-0.008455209184599818,-0.008455209184599818,-0.003956877824730061,-0.003956877824730061,0.0073094458513280215,-0.010719270591459709,-0.010719270591459709
2025-02-26,0.0017298879673102803,0.0017298879673102803,0.0006155842816897163,0.0006155842816897163,0.0006155842816897163,0.0006155842816897163,0.0006155842816897163,0.0006155842816897163,0.009132850019647079,0.009132850019647079,0.010394880607279297,0.010394880607279297,0.011374610132350024,0.011374610132350024,0.01143944427866448,0.011439444278664482,0.009433479683001076,0.009433479683001076,-0.013808898843916926,0.01226858915251253,0.01226858915251253
2025-02-27,0.013319231656136007,0.013319231656136011,0.010098257508273329,0.010098257508273329,0.010098257508273329,0.010098257508273329,0.010098257508273329,0.010098257508273329,0.01350251707739261,0.01350251707739261,0.01125885563955902,0.011258855639559018,0.011671621745849682,0.011671621745849682,0.025909188349190343,0.025909188349190343,0.011296456318048579,0.011296456318048579,-0.0499870939293724,0.038362573058212265,0.038362573058212265
2025-02-28,-0.0006062914238494827,-0.0006062914238494827,-0.0004201825330232739,-0.0004201825330232739,-0.0004201825330232739,-0.0004201825330232739,-0.0004201825330232739,-0.0004201825330232739,-0.011169883559145841,-0.01116988355914584,-0.0014660662396877122,-0.0014660662396877118,-0.0019160083066504419,-0.0016904456640855115,-0.009740326408169154,-0.009514763765604223,-0.0016231607696171305,-0.00162316076961713,0.0027799441116198318,-0.00949680525185567,-0.00949680525185567
2025-03-03,0.032301690891716715,0.032301690891716715,0.020498857956914446,0.020498857956914446,0.020498857956914446,0.020498857956914446,0.020498857956914446,0.020498857956914446,0.020794938745182272,0.020794938745182272,0.025152474816663557,0.025152474816663557,0.018126080635155722,0.024676192474271098,0.03869138235987218,0.04524149419898754,0.025006726581201705,0.025006726581201705,-0.08534893349055471,0.07957563786804098,0.07957563786804098
2025-03-04,0.001739244374636165,0.001739244374636165,0.003114535117205653,0.003114535117205653,0.003114535117205653,0.003114535117205653,0.003114535117205653,0.003114535117205653,0.006300369909965369,0.006300369909965369,0.005435685980919811,0.005653623761638589,0.006086071540119549,0.005909456158477127,0.008928473580971012,0.00875185819932859,0.00566514464408968,0.00566514464408968,-0.009269084503423725,0.006170418512551336,0.006170418512551336
2025-03-05,-0.006661794422810275,-0.006661794422810275,-0.007046957537587641,-0.007046957537587641,-0.007046957537587641,-0.007046957537587641,-0.007046957537587641,-0.007046957537587641,-0.007019789942426958,-0.007019789942426958,-0.007491285057877911,-0.0074266338141476,-0.008409207822926578,-0.007841032589320975,-0.014312846964856508,-0.013744671731250904,-0.008360123357441867,-0.008360123357441868,0.010023537629725951,-0.013318932634925316,-0.013318932634925316
2025-03-06,0.023437101078220907,0.023437101078220907,0.0030167793917183494,0.0030167793917183494,0.0030167793917183494,0.0030167793917183494,0.00313537787394453,0.00313537787394453,0.015195979689643686,0.015195979689643688,0.006545976166307564,0.016726476137803176,8.279558361184727e-05,0.016666027045980046,0.006136337730242779,0.022600970710384798,0.013350626547238065,0.013350626547238065,-0.06708768474684873,0.05669066050724193,0.05669066050724193
2025-03-07,-0.024360842640408557,-0.02436084264040856,-0.007530135732738691,-0.007530135732738691,-0.007530135732738691,-0.007530135732738691,-0.004233561485913008,-0.004233561485913008,-0.010582399728079698,-0.010582399728079698,-0.0034463804414124385,-0.011197908875295422,0.003912093219280122,-0.01195647092750031,-0.008456652309004373,-0.021102506623084046,-0.007672495942862776,-0.007672495942862776,0.0443710435262743,-0.05278440330032225,-0.05278440330032225
2025-03-10,0.037571746264246385,0.037571746264246385,0.010679620020629272,0.010679620020629272,0.010679620020629272,0.010679620020629272,0.00500647807572397,0.00500647807572397,0.02329221470884392,0.023292214708843916,0.011736997217077947,0.02604296190313577,-0.0016960064734545784,0.02669259487798573,0.008872428689447601,0.03122547232988689,0.021448370812810275,0.021448370812810272,-0.0853368766384766,0.08188954264112033,0.08188954264112033
2025-03-11,-0.019105489456423187,-0.019105489456423187,-0.006846497810753556,-0.006736244084421212,-0.006846497810753556,-0.006736244084421212,-0.004829202967699324,-0.004718949241366978,-0.007825670694798368,-0.007715416968466023,-0.005887883784134457,-0.010317099462899494,0.0018242193542494657,-0.010249561691733666,-0.003098428073366394,-0.0132884763330629,-0.007241488583506201,-0.007131234857173856,0.037041097264332606,-0.038066220376450764,-0.038066220376450764
2025-03-12,-0.007674418191242142,-0.00767441819124214,-0.0015988623837503127,-0.005353905092415043,-0.0015988623837503127,-0.005353905092415043,0.0009136395670594888,-0.0028414031416052407,0.012315038427885908,0.008679382101215683,0.01339087703237342,0.009903805576334154,0.02362370293751859,0.011466884669995044,0.024265298537199335,0.014580693193096359,0.012192939068311773,0.008437896359647042,-0.005614359894748184,0.0005697236844490043,0.0005697236844490043
2025-03-13,0.008441015431838974,0.008441015431838974,0.0006079240275573279,0.0007546823227175411,0.0006079240275573279,0.0007546823227175411,0.0002235148044251072,0.0003702730995853203,0.009379130838001798,0.00996675062897813,0.0076275390972144145,0.00941182078070565,-0.00021416381627311723,0.006990467210164603,0.002621581068671367,0.009260029610325156,0.009676515997895723,0.00993773603911812,-0.03736540272288527,0.02736626293931618,0.02736626293931618
2025-03-14,-0.013268093281186227,-0.013268093281186227,-0.001789692253472887,-0.0024636988995292595,-0.001789692253472887,-0.0024636988995292595,-0.0005971848271774556,-0.001271191473233828,-0.01889468468493555,-0.02094240005960593,-0.022204329885081073,-0.025178839821610843,-0.00244292130779595,-0.012800301223022595,-0.013723436881673342,-0.02312135831969031,-0.011629524888064915,-0.012800301223022595,0.03829567426308678,-0.048278695988732565,-0.048278695988732565
2025-03-17,-0.005618871751184705,-0.005499294016877377,-0.0016424146210905753,-0.0035922817384246536,-0.0016424146210905753,-0.0035922817384246536,1.9185489363157405e-05,-0.0019306816279709212,0.0027262531837792974,-0.003029165483898279,-0.0038853018087779637,-0.007192701107616885,0.007016500472943173,-0.0029348450626439336,0.005467900718330388,-0.0029348450626439336,0.0008442661649134502,-0.0029348450626439336,0.00899257278212757,-0.01001336170655494,-0.01001336170655494
2025-03-18,0.003672329685892756,0.004860276589870122,0.0009102342959340136,0.0015153129590129136,0.0009102342959340136,0.0015153129590129136,-1.929349831636949e-05,0.0005857851647625305,0.00294540729577377,0.005625280798723447,0.005174151125990123,0.007774543524564729,0.0009079743132841166,0.006671545710558837,0.0020330422199857723,0.006671545710558837,0.00597440979291604,0.006671545710558837,-0.01672928238908306,0.01504978689659713,0.01504978689659713
2025-03-19,-0.0025934077631543082,-0.004245726502342608,-0.001190463244252637,-0.0023569104916224943,-0.001190463244252637,-0.0023569104916224943,-0.0002772832336366241,-0.0014437304810064814,0.002141302494614743,-0.003309630005329915,-0.0027096703016222397,-0.004323623925056394,0.004391061372151276,-0.0012550150759336792,0.0036551194205940917,-0.0012550150759336792,0.0009611052998314722,-0.0012550150759336788,0.0032373811922183325,-0.012263506897987574,-0.012263506897987574
2025-03-20,-0.006572700695682882,-0.009816821952621946,-0.00016035557167004555,-0.002960879945824006,-0.00016035557167004555,-0.002960879945824006,0.0016069869280319257,-0.0011935374461220349,-0.0008344993545854613,-0.007594463757567719,-0.007684020913160955,-0.012476300522953513,0.0027909508661635176,-0.009972530788445434,0.0011067804960683983,-0.009972530788445434,-0.0060865354103921115,-0.009972530788445434,0.02095114663405512,-0.030277722698585377,-0.030277722698585377
2025-03-21,-0.016239439855913126,-0.020024772883226502,-0.0013899331112750585,-0.003924961908751483,-0.0013899331112750585,-0.003924961908751483,0.0015989966814790742,-0.0009360321159973499,0.005835272915449536,0.0,-0.0021792432840109805,-0.010265674133414497,0.010274416748880561,-0.008701588639324616,0.007300135960948904,-0.008701588639324616,-0.005641106882494962,-0.008701588639324616,0.04005967182781999,-0.045766119107903715,-0.045766119107903715
2025-03-24,0.007539858481205634,0.010254467048743478,0.0013839995596593745,0.003809093922341686,0.0013839995596593745,0.003809093922341686,-0.0015777433322583547,0.0008473510304239572,-0.005966413709148498,0.0,-0.00678281501652106,0.0017102256158402142,-0.016336102865658914,0.0,-0.012952447457424573,0.0,-0.003429072041848978,0.0,-0.014126384037320087,0.01032709241542163,0.01032709241542163
2025-03-25,-0.0023186171181872354,-0.006434574146148289,8.919715968846634e-05,-0.003923485895361857,8.919715968846634e-05,-0.003923485895361857,0.002141424336589957,-0.0018712587184603665,0.01013242804547226,0.0,0.000722958850002542,-0.004091118347011361,0.013942628980912423,0.0,0.011958148980560994,0.0,0.006069556204340276,0.0,0.011610924136011566,-0.016147304716197932,-0.016147304716197932
2025-03-26,0.0035575684135443096,0.008276276253163599,-0.0007339451416703194,0.0035220823993745523,-0.0007339451416703194,0.0035220823993745523,-0.0026016701137696143,0.0016543574272752572,-0.010471490484345322,0.0,-0.0021816682385538797,0.003515137021544587,-0.016705898095065005,0.0,-0.014514563512016389,0.0,-0.006120737980633591,0.0,-0.027321346287370315,0.018588061447517085,0.018588061447517085
2025-03-27,-0.005433839048389347,-0.006557210473834361,-0.00040142426316371526,-0.0017049072960888968,-0.00040142426316371526,-0.0017049072960888968,0.000594511199767828,-0.0007089718331573533,0.003470751587531571,0.0,0.0008424881023020925,-0.0015493882873681346,0.005665309922892436,0.0,0.004754042266084226,0.0,0.0021732856450938005,0.0,0.004654853831188514,-0.01148150696757555,-0.01148150696757555
2025-03-28,0.0063897540215768255,0.018154330416051998,-0.0019350810310345703,0.00796271885710367,-0.0019350810310345703,0.00796271885710367,-0.00618418937613189,0.003713610512006351,-0.02375102189116815,0.0,-0.002530074430115855,0.007638703497128211,-0.03341865354103842,0.0,-0.0287120529060343,0.0,-0.013531651064442284,0.0,-0.06822410353063764,0.062012927661811226,0.062012927661811226
2025-03-31,-0.0061414650256058755,-0.0076882359514012,-0.00038238038208904414,-0.0014745985730372122,-0.00038238038208904414,-0.0014745985730372122,0.00046596268159036596,-0.000626255509357802,0.002655449031159596,0.0,0.0005274965116414847,-0.0011770144203440364,0.0019834808346127575,0.0,0.001197892714992169,0.0,0.0012567673194999551,0.0,0.00720365282399313,-0.015428718567929059,-0.015428718567929059
2025-04-01,0.000499560817059367,-0.0013705213990280363,0.0009816702417955753,-0.00108141781777094,0.0009816702417955753,-0.00108141781777094,0.0013361802197364334,-0.0007269078398300819,0.004376268029473588,0.0,-0.0013916933998479844,-0.0016812794486490504,0.004146862206516206,0.0,0.0038359903725383535,0.0,0.0029946518914831487,0.0,0.0065482957569901815,-0.007249169128823315,-0.007249169128823315
2025-04-02,-0.0029598509738182482,-0.001996059027778754,-0.0012421999103577285,0.00015928970040157372,-0.0012421999103577285,0.00015928970040157372,-0.0009275966864392028,0.00047389292432009936,-0.0031861252633674335,0.0,0.0019095188292133174,0.0011558852839049626,-0.0018837978198700239,0.0,-0.0020714745325951943,0.0,-0.0022428777834092818,0.0,-0.0013314692851911622,-0.0015358929595665873,-0.0015358929595665873
2025-04-03,-0.009543973450793572,0.06245561554138175,-0.03218558066088843,0.03623634270131073,-0.03218558066088843,0.03623634270131073,-0.04883578247716539,0.01958614088503378,-0.1351462771832466,0.0,0.012225224096460176,0.041029386655971625,-0.1790193102480393,0.0,-0.16212221193247428,0.0,-0.0887535862808525,0.0,-0.2991502026224729,0.2876359563816791,0.2876359563816791
2025-04-04,-0.03956710348500593,0.05344395670374306,-0.02410682551980954,0.04532146539481789,-0.02410682551980954,0.04532146539481789,-0.035728730440189635,0.0336995604744378,-0.13167137254819716,0.0,0.000876499870897435,0.019646386772932876,-0.15859098379140651,0.0,-0.14589570191901916,0.0,-0.08819817781666288,0.0,-0.30798231044011004,0.3050071868545243,0.3050071868545243
2025-04-07,-0.0040036746470882454,0.0022482828986274033,-0.003910096703667308,0.0015319293529783896,-0.003910096703667308,0.0015319293529783896,-0.003910096703667308,0.0015319293529783896,-0.009917727580203583,0.0,0.0008013366405102355,0.002196003848490018,-0.011293977743421993,0.0,-0.011293977743421993,0.0,-0.006428063889691201,0.0,-0.023807053154253015,0.020313976704842168,0.020313976704842168
2025-04-08,-0.0016175127024483239,0.0029690975414215395,-0.00644482983429825,-0.00018657156137046524,-0.00644482983429825,-0.00018657156137046524,-0.00644482983429825,-0.00018657156137046524,-0.00972402007094083,0.0,-0.0012049062516648736,0.0021256223520584503,-0.012523123570425296,0.0,-0.012523123570425298,0.0,-0.007506717944283582,0.0,-0.01823654015439977,0.015788074670853126,0.015788074670853126
2025-04-09,-0.007693009115213862,0.021091622291774227,-0.03403858732017821,0.005933402903810947,-0.03403858732017821,0.005933402903810947,-0.03403858732017821,0.005933402903810947,-0.07147312923301717,0.0,-0.013236932289431387,0.016947636598411624,-0.07898027358095801,0.0,-0.07898027358095801,0.0,-0.06187783907845191,0.0,-0.12382977124333895,0.1153484477047567,0.1153484477047567
2025-04-10,0.014051119636035765,0.04671261352847739,-0.040073949357989205,0.012990018869982831,-0.040073949357989205,0.012990018869982831,-0.040073949357989205,0.012990018869982831,-0.08589262816314587,0.0,-0.050627751567279396,0.005504888075973791,-0.10391489622921057,0.0,-0.10391489622921057,0.0,-0.08043693532580354,0.0,-0.15019918788074837,0.1418048567417422,0.1418048567417422
2025-04-11,0.010549428822807691,-0.003172776017413589,0.00795646524373452,-0.0013959573626550245,0.00795646524373452,-0.0013959573626550245,0.00795646524373452,-0.0013959573626550245,0.02403986621795147,0.0,0.011655705775751854,0.0,0.02021776530769578,0.0,0.02021776530769578,0.0,0.01942136365659906,0.0,0.03531585137991246,-0.03752653569438039,-0.03752653569438039
2025-04-14,-0.008514969914548656,-0.022598142232749627,0.022957923009147535,-0.005967611995888896,0.022957923009147535,-0.005967611995888896,0.022957923009147535,-0.005967611995888896,0.030602651075244465,0.0,0.022220587149598365,0.0,0.04328023913799578,0.0,0.04328023913799578,0.0,0.034429755871785775,0.0,0.06053778206688073,-0.06148973860740764,-0.06148973860740764
2025-04-15,0.00014536183298037906,-0.005728793623833162,0.006020123642444639,-0.003966848912892567,0.006020123642444639,-0.003966848912892567,0.006170792082998641,-0.003816180472338566,0.013237843254149863,0.0,0.008265114755512773,0.0,0.016570858693955557,-0.0001506684405540016,0.016570858693955557,0.0,0.01362589542205225,-0.0001506684405540016,0.023884220141951303,-0.026080558161136354,-0.026080558161136354
2025-04-16,-0.004134679146126365,0.003957254622169479,-0.00286243451518725,0.005919971189741914,-0.00286243451518725,0.005919971189741914,-0.005708359209235994,0.00307404649569317,-0.014997177130687659,0.0,-0.010536683262277406,0.0,-0.011762336013154276,0.0026222979491385113,-0.017646285670444732,0.0,-0.00948301566513085,0.0028459246940487435,-0.028187329894252582,0.0255095670502433,0.0255095670502433
2025-04-17,-0.001986619325552342,-0.0074857885497267955,-0.004657067807905175,-0.00865867959891414,-0.004657067807905175,-0.00865867959891414,-0.0014100904253299764,-0.0054117022163389416,0.013699752278389807,0.0,0.017115543974153626,0.0,0.002852027912068935,-0.006627288253631312,0.016094007645737842,0.0,0.009508317961032412,-0.0032469773825751984,0.01564443428970614,-0.017764407824411035,-0.017764407824411035
2025-04-21,-0.0021163265373797587,0.003763942213368251,0.002064875160196198,0.0059654396439801916,0.002064875160196198,0.0059654396439801916,-0.0007947659313290596,0.0031057985524549337,-0.01244343674141935,0.0,-0.01284160424015352,0.0,-0.0017730463667516665,0.005261173654782973,-0.012682248000142353,0.0,-0.007015159994761712,0.002859641091525258,-0.014311868260808071,0.012990292740584882,0.012990292740584882
2025-04-22,-0.000786628311637663,0.0020911040013024103,-0.0014232573343101556,0.0017752296895901809,-0.0014232573343101556,0.0017752296895901809,-0.002156360591127673,0.0010421264327726636,-0.005781873682427899,0.0,-0.005706744005450166,0.0,-0.004063513089563627,0.0013109125985665561,-0.00709583580242478,0.0,-0.004594879078937748,0.0007331032568175172,-0.004461552874130833,0.002866515679507466,0.002866515679507466
2025-04-23,0.0032181219326202857,0.00018885634381802892,0.0014145310733672295,-0.000821409203829387,0.0014145310733672295,-0.000821409203829387,0.0021552499217302092,-8.069035546640771e-05,0.0036349877423380154,0.0,0.0017208980829280542,0.0,0.0026604753847283024,-0.0011980856654754824,0.004782627810909928,0.0,0.001718379562791601,-0.0007407188483629794,0.013571850049987736,-0.019052251090889514,-0.019052251090889514
2025-04-24,-0.005923934695930265,0.0029308332839102238,-0.005905206822339875,0.003111923070174702,-0.005905206822339875,0.003111923070174702,-0.007365736685138576,0.0016513932073760017,-0.013459291059688587,0.0,-0.009383330038977374,0.0,-0.011196953933790357,0.0024703785748807793,-0.016517003222252337,0.0,-0.010644090896822484,0.0014605298627987002,-0.021193627397937058,0.009560868359984556,0.009560868359984556
2025-04-25,0.010918141390840817,-0.004565016465383974,0.00979046565295497,-0.005222022628953019,0.00979046565295497,-0.005222022628953019,0.012091620927582305,-0.002920867354325684,0.021267804792994772,0.0,0.016213915669068085,0.0,0.016289197613736886,-0.004313402787313096,0.024758362801224416,0.0,0.017461909193710087,-0.002301155274627335,0.024199798386562974,-0.02708088108560654,-0.02708088108560654
2025-04-28,0.007216587892364734,-0.0020643824694262583,0.006598607168118662,-0.0026050487420382165,0.006598607168118662,-0.0026050487420382165,0.00792128471346765,-0.0012823711966892283,0.01259504284998673,0.0,0.007931062871192496,0.0,0.010943770300519995,-0.00214402302910692,0.015213729875992935,0.0,0.009965900001061682,-0.0013226775453489884,0.015213729875992935,-0.015869951104346348,-0.015869951104346348
2025-04-29,0.006706005967627882,-0.002895324759471128,0.005741321891068282,-0.003387049241962279,0.005741321891068282,-0.003387049241962279,0.007141716765372081,-0.001986654367658479,0.012940964635882837,0.0,0.010733873523912377,0.0,0.008225603315789023,-0.002703965135580113,0.013495151837067959,0.0,0.010858983199541577,-0.0014003948743037992,0.013495151837067959,-0.014764026583723375,-0.014764026583723375
2025-04-30,-0.003312582810965905,0.0008314691699444813,-0.0002267609746348521,0.002385310659800181,-0.0002267609746348521,0.002385310659800181,-0.0013124324618113443,0.0012996391726236894,-0.005691224566806932,0.0,-0.009620220364749046,0.0,-0.0005223702570901199,0.0020526280617276576,-0.00464843137340021,0.0,-0.003820189898530345,0.0010856714871764917,-0.00464843137340021,0.003331206624832677,0.003331206624832677
2025-05-01,0.008423530442498465,-0.0026456392374071204,0.006217638556167874,-0.0037940100735649514,0.006217638556167874,-0.0037940100735649514,0.007887564017492363,-0.0021240846122404624,0.014481614449078134,0.0,0.013641021170830592,0.0,0.010336474255578475,-0.0031471920144804984,0.01647240571201112,0.0,0.011766059687016649,-0.0016699254613244895,0.01647240571201112,-0.017576681045242765,-0.017576681045242765
2025-05-02,0.0021625044312225373,-0.0010839264999996576,0.0014523339192546712,-0.0014811486549872136,0.0014523339192546712,-0.0014811486549872136,0.0022297924492311037,-0.0007036901250107808,0.004646848150310869,0.0,0.004113801199880853,0.0,0.006372544080426756,-0.0014028361174347646,0.008916140403660991,0.0,0.0032190367520643537,-0.0007774585299764327,0.008916140403660991,-0.011485676819746186,-0.011485676819746186
2025-05-05,0.009690400333898255,-0.002809929922430154,0.008323186906457478,-0.003708770994486064,0.008323186906457478,-0.003708770994486064,0.009969929716037898,-0.0020620281849056442,0.01637694199874275,0.0,0.015450629731503854,0.0,0.01140983300145128,-0.0027920942776161342,0.016852098236638118,0.0,0.013573480491896701,-0.00164674280958042,0.016852098236638118,-0.017438104682501055,-0.017438104682501055
2025-05-06,-0.006620683974731839,0.0021663601351058857,-0.005241312673288252,0.002663062713449575,-0.005241312673288252,0.002663062713449575,-0.006175408754879973,0.0017289666318578531,-0.011141753312189426,0.0,-0.0110239613725943,0.0,-0.007251876817541573,0.0021599558416181617,-0.012057665392131819,0.0,-0.010100258310562694,0.0009340960815917218,-0.012057665392131817,0.010638172465655616,0.010638172465655616
2025-05-07,0.011198441895221836,-0.005213325190647989,0.010537471232276309,-0.004331390718220753,0.010537471232276309,-0.004331390718220753,0.012272363800961174,-0.0025964981495358876,0.019500736772691096,0.0,0.018776748193175614,0.0,0.012999651436122073,-0.0031995679195302657,0.020463120592052225,0.0,0.01706757733121302,-0.0017348925686848649,0.020463120592052228,-0.024320801738810155,-0.024320801738810155
2025-05-08,0.011708946244742799,-0.0016764366424403983,0.009242087572413153,-0.003058503596845356,0.009242087572413153,-0.003058503596845356,0.010455550057836641,-0.0018450411114218671,0.015283571274018217,0.0,0.012643616380416904,0.0,0.00921079085158874,-0.002054116235456596,0.014010807409348944,0.0,0.011682514203441755,-0.0012134624854234885,0.014010807409348942,-0.017294152047837026,-0.017294152047837026
2025-05-09,0.01584445286677429,-0.0010946357554039545,0.012017796570755822,-0.0027251983490601908,0.012017796570755822,-0.0027251983490601908,0.013396401342031334,-0.0013465935777846794,0.018203562076860396,0.0,0.01691888990391715,0.0,0.012271687461597871,-0.002223754144872859,0.018203562076860396,0.0,0.015486664661498471,-0.0013786047712755112,0.018203562076860396,-0.01957096907470162,-0.01957096907470162
2025-05-12,-0.031667860436271796,0.0,-0.026221794936851443,0.0034059975291319306,-0.026221794936851443,0.0034059975291319306,-0.028228396051976253,0.001399396414007126,-0.03312372143395538,0.0,-0.0313353765668719,0.0,-0.02507430659554221,0.0019310031054868542,-0.03312372143395538,0.0,-0.029021275191048006,0.0020066011151248044,-0.03312372143395538,0.029354142179004984,0.029354142179004984
2025-05-13,-0.019849866287369605,0.0,-0.01461247974435428,0.002881874041806694,-0.01461247974435428,0.002881874041806694,-0.015522940603783043,0.0019714131823779335,-0.021826867585744644,0.0,-0.019611793977829094,0.0,-0.015089467308808077,0.00208255494504035,-0.02204334366205302,0.0,-0.01997574978891802,0.0009104608594287605,-0.02204334366205302,0.021108959249993606,0.021108959249993606
2025-05-14,0.011359579865332188,0.0,0.006854314861791487,-0.0028776483732017803,0.006854314861791487,-0.0028776483732017803,0.007873441075603789,-0.001858522159389479,0.010882692293909622,0.0,0.009777144557343478,0.0,0.0074092043088196235,-0.001428352411288221,0.01042137461508976,0.0,0.008882390297419126,-0.001019126213812301,0.01024504973798045,-0.013337609653080899,-0.013337609653080899
2025-05-15,0.013318290275164376,0.0,0.01100526855879552,-0.0017650987092560117,0.01100526855879552,-0.0017650987092560117,0.012770367268051534,0.0,0.013318290275164376,0.0,0.01229815773177555,0.0,0.004913167075049656,-0.0054129756684278725,0.014476131342109557,0.0,0.012137152706861106,-0.0017650987092560117,0.015592964896795921,-0.018802824875939542,-0.018802824875939542
2025-05-16,-0.00597207141279633,0.0,-0.00446441160886465,0.0,-0.00446441160886465,0.0,-0.00446441160886465,0.0,-0.00597207141279633,0.0,-0.004935137119742009,0.0,-0.0031130687655742144,0.0005636454466999291,-0.006447346679451115,0.0,-0.00597207141279633,0.0,-0.006838947244620831,0.004703193939281615,0.004703193939281615
2025-05-19,0.0051384322852587585,0.0,0.005138432285258759,0.0,0.005138432285258759,0.0,0.0051384322852587585,0.0,0.005138432285258759,0.0,0.004250939960035348,-9.425798061342561e-05,0.0047201359564431515,0.00012535684356209628,0.0049438355550385435,-9.425798061342561e-05,0.005138432285258759,0.0,0.004791860892009371,-0.005162492653338697,-0.005162492653338697
2025-05-20,0.0077437360960450384,0.0,0.0077437360960450384,0.0,0.0077437360960450384,0.0,0.0077437360960450384,0.0,0.0077437360960450384,0.0,0.006055415838797525,-0.0017592191801991297,-0.0013668978375013946,-0.005709088475419357,0.007963597846258549,-0.0017592191801991297,0.0077437360960450384,0.0,0.013091842255911626,-0.016795215298564144,-0.016795215298564144
2025-05-21,-0.028678344368733583,0.0,-0.02867834436873359,0.0,-0.02867834436873359,0.0,-0.02867834436873359,0.0,-0.02867834436873359,0.0,-0.019279427075761642,0.00821743529305552,-0.006765605777262598,0.013137113997170994,-0.02547475982594333,0.00821743529305552,-0.02867834436873359,0.0,-0.04770982685738848,0.04272610058576515,0.04272610058576515
2025-05-22,0.018890205562230172,0.0,0.018890205562230172,0.0,0.018890205562230172,0.0,0.01889020556223017,0.0,0.018890205562230172,0.0,0.01667870045717217,-0.0014644677554676439,0.011055763600160742,-0.0036081021269805326,0.018960017857328173,-0.0014644677554676439,0.018890205562230172,0.0,0.023357413346770946,-0.025492126785128293,-0.025492126785128293
2025-05-23,-0.012586408766636107,0.0,-0.012586408766636106,0.0,-0.012586408766636106,0.0,-0.012586408766636106,0.0,-0.012586408766636106,0.0,-0.010649313927760168,0.0019370948388759373,-0.005236591150581283,0.0037030985949399464,-0.012325348259270267,0.0019370948388759373,-0.012586408766636106,0.0,-0.017977974816879006,0.014980293615818197,0.014980293615818197
2025-05-27,0.0072936713197341175,0.0,0.0072936713197341175,0.0,0.0072936713197341175,0.0,0.0072936713197341175,0.0,0.007427140922863007,0.0,0.004650809769006113,-0.002642861550728006,-0.0003334322352581247,-0.004674390867145669,0.006105629056126643,-0.002642861550728006,0.007427140922863007,0.0,0.011424621034040093,-0.015506923074511932,-0.015506923074511932
2025-05-28,-0.0011321507017971804,0.0,-0.0009992676470245987,0.0,-0.0009992676470245987,0.0,-0.0009992676470245987,0.0,-0.0011773565794152103,0.0,-0.0017350123335718106,-0.0007357446865472114,-0.002958787999088971,-0.0013505280902060236,-0.0017082038919936592,-0.0008686277413197932,-0.0011773565794152103,0.0,-7.413741315786919e-05,-0.0032041465499973074,-0.0032041465499973074
2025-05-29,0.00279085631925518,0.0,0.002285475404899604,0.0,0.002285475404899604,0.0,0.002285475404899604,0.0,0.0017299204533121496,0.0,0.0009695071122464771,-0.001315968292653127,-0.0023098288634604775,-0.00270359235032862,0.0007257965263312167,-0.0019132323403352142,0.0017299204533121496,0.0,0.005718284710404377,-0.008323188259123029,-0.008323188259123029
2025-05-30,-0.0009920036851720315,0.0,-0.0015329361860417067,0.0,-0.0015329361860417067,0.0,-0.0015329361860417067,0.0,-0.002324618457330163,0.0,-0.004126689370046045,-0.0025937531840043385,-0.007091319354544479,-0.004067845803373289,-0.004225401667512325,-0.0031653209113517104,-0.002324618457330163,0.0,0.004141149747725377,-0.006212179920330112,-0.006212179920330112
2025-06-02,0.012377309653291434,0.0,0.010213653352250213,0.0,0.010213653352250213,0.0,0.010213653352250215,0.0,0.008326607787086068,0.0,0.006863840692109422,-0.003349812660140792,-0.0025147575866459374,-0.006302286214693071,0.004953691007687423,-0.005653263196663251,0.008326607787086068,0.0,0.019575110299183716,-0.021110958173851373,-0.021110958173851373
2025-06-03,-0.002670878486657686,0.0,-0.0034572997011335193,0.0,-0.0034572997011335193,0.0,-0.0034572997011335193,0.0,-0.004326561748739148,0.0,-0.006929231932773016,-0.003471932231639497,-0.00638666844261614,-0.003185155943321681,-0.00814675642673935,-0.004545517710470746,-0.004326561748739148,0.0,0.0016502672087701845,-0.0034806431629716165,-0.0034806431629716165
2025-06-04,0.003189732050990746,0.0,0.001955856107819304,0.0,0.001955856107819304,0.0,0.001955856107819304,0.0,0.0007056459595831852,0.0,-0.002063899614388202,-0.0040197557222075055,-0.004474619564122271,-0.004494102848084693,-0.0039848094537769324,-0.006194164200150883,0.0007056459595831852,0.0,0.011127361825982483,-0.012541290805243471,-0.012541290805243471
2025-06-05,0.005240630041961731,0.0,0.004706290521882809,0.0,0.004706290521882809,0.0,0.004706290521882809,0.0,0.004483754114052809,0.0,0.004827808005325189,0.00012151748344238096,0.0014846187514081781,-0.0016823981317252827,0.00483252667501693,-0.0005366972591886387,0.004483754114052809,0.0,0.0061841384067021455,-0.009174147967485988,-0.009174147967485988
2025-06-06,0.0004463355294090025,0.0,-0.0006408223228963742,0.0,-0.0006408223228963742,0.0,-0.0006408223228963742,0.0,-0.0019399059877310528,0.0,-0.006002180698554725,-0.00536135837565835,-0.006565766190986237,-0.004390942615821637,-0.009766499527856949,-0.008490234958591806,-0.0019399059877310528,0.0,0.007652483613680076,-0.012085036099158194,-0.012085036099158194
2025-06-09,0.0041378818149490695,0.0,0.0025750331599904645,0.0,0.0025750331599904645,0.0,0.0025750331599904645,0.0,0.0009669260418219403,-0.00011561475761863666,-0.0025403791665337357,-0.005115412326524201,-0.005030047812563355,-0.005030047812563355,-0.005756627033890931,-0.00827808698899718,0.0009669260418219403,-0.00011561475761863666,0.013419076398873282,-0.014060470760524555,-0.014060470760524555
2025-06-10,0.0019133053529707142,0.0,0.0011866811194092817,0.0,0.0011866811194092817,0.0,0.0011866811194092817,0.0,2.602458494697023e-05,-0.00038540158666119565,-0.0019582505526593084,-0.00314493167206859,-0.0023031599523853884,-0.002303159952385388,-0.00410212859456955,-0.004843938623601193,2.602458494697023e-05,-0.00038540158666119565,0.005230687826672477,-0.0073982975256622575,-0.0073982975256622575
2025-06-11,-0.0008464959340164611,0.0,-0.0004985023165229287,0.0,-0.0004985023165229287,0.0,-0.0004985023165229287,0.0,-0.0005668553947672416,-0.0003575202790417764,-0.001514215021902626,-0.0010157127053796971,-0.0024836443130669093,-0.0024836443130669093,4.781590532021429e-05,-0.000641116328840677,-0.0005668553947672416,-0.0003575202790417764,0.0013758751692601397,-0.003704146487559483,-0.003704146487559483
2025-06-12,-0.0005915337145701655,0.0,-0.0003404396508159647,0.0,-0.0003404396508159647,0.0,-0.0003404396508159647,0.0,0.0008076206812932801,0.0008076206812932801,0.00047218463961262063,0.0008126242904285855,-0.0032327571535136173,-0.0032327571535136165,0.0022250339590597534,0.0018072024531201887,0.0008076206812932801,0.0008076206812932801,-0.0014361634153931284,-0.0011764093124392938,-0.0011764093124392938
2025-06-13,-0.00747825882829812,0.0,-0.003967539419660257,0.0,-0.003967539419660257,0.0,-0.003967539419660257,0.0,0.004103091218137002,0.004103091218137002,0.016111801403087992,0.020079340822748246,0.0037580968828726255,0.003758096882872626,0.02724783772994735,0.027247837729947353,0.004103091218137002,0.004103091218137002,-0.03443461027158415,0.02624529077644192,0.02624529077644192
2025-06-16,0.007699408402444839,0.0,0.003971369702861961,0.0,0.003971369702861961,0.0,0.003971369702861961,0.0,-0.004260597617829777,-0.004260597617829777,-0.018119385458787732,-0.02209075516164969,-0.009055890374856733,-0.009055890374856733,-0.030638396181301847,-0.03063839618130185,-0.004260597617829777,-0.004260597617829777,0.03163633228240399,-0.03500240107256963,-0.03500240107256963
2025-06-17,-0.010568029611245073,0.0,-0.005387480657800652,0.0,-0.005387480657800652,0.0,-0.005387480657800652,0.0,0.004148987773168996,0.004148987773168996,0.017403945771773437,0.02279142642957409,0.00924540005519792,0.00924540005519792,0.03554141318542689,0.03554141318542689,0.004148987773168996,0.004148987773168996,-0.04396868785639354,0.04055480909468826,0.04055480909468826
2025-06-18,0.008725784472842245,0.0,0.004409438406950734,0.0,0.004409438406950734,0.0,0.004409438406950734,0.0,-0.0031025007637920663,-0.0031025007637920663,-0.0222679581951782,-0.026677396602128936,-0.011302190251235193,-0.011302190251235193,-0.04033913280144251,-0.04033913280144251,-0.0031025007637920663,-0.0031025007637920663,0.04393262904437839,-0.04478438366861045,-0.04478438366861045
2025-06-20,0.006608330345276636,0.0,0.003715194475791733,0.0,0.003715194475791733,0.0,0.003715194475791733,0.0,-0.0029905945666080297,-0.0029905945666080297,-0.01437135626644987,-0.018086550742241605,-0.0029905945666080297,-0.0029905945666080297,-0.028756182928884547,-0.028756182928884547,-0.0029905945666080297,-0.0029905945666080297,0.030957666255668283,-0.032544544513243144,-0.032544544513243144
2025-06-23,-4.4479407996896276e-05,0.0,7.70079849877482e-05,0.0,7.70079849877482e-05,0.0,7.70079849877482e-05,0.0,-0.001486739904398046,-0.001486739904398046,-0.003946934008829112,-0.00402394199381686,-0.001486739904398046,-0.001486739904398046,-0.008423083485036398,-0.008423083485036398,-0.001486739904398046,-0.001486739904398046,0.006187778285144527,-0.009080026771464265,-0.009080026771464265
2025-06-24,-0.0039514365054833895,0.0,-0.002145773712801905,0.0,-0.002145773712801905,0.0,-0.002145773712801905,0.0,3.938402657399956e-05,3.938402657399956e-05,-0.001158177128853742,0.0009875965839481627,3.938402657399956e-05,3.938402657399956e-05,0.0026557000273674395,0.002655700027367439,3.938402657399956e-05,3.938402657399956e-05,-0.006833428250239857,0.003587471162064696,0.003587471162064696
2025-06-25,0.004374374686703177,0.0,0.002256843941520457,0.0,0.002256843941520457,0.0,0.002256843941520457,0.0,-0.0026077669140686676,-0.0026077669140686676,-0.006061821059597975,-0.008318665001118433,-0.0027672271339856803,-0.0027672271339856803,-0.018454923458464747,-0.018454923458464747,-0.0026077669140686676,-0.0026077669140686676,0.02396671339860721,-0.02497862803161046,-0.02497862803161046
2025-06-26,-0.003958215322052689,0.0,-0.002117737082584243,0.0,-0.002117737082584243,0.0,-0.002117737082584243,0.0,0.0009886949955058516,0.0009886949955058516,0.0008531475633606726,0.002970884645944915,0.002666504442860621,0.002666504442860621,0.010060152302099487,0.010060152302099487,0.0009886949955058516,0.0009886949955058516,-0.017263245686363546,0.013270000887878733,0.013270000887878733
2025-06-27,-0.0005071184158721801,0.0,0.0,0.0,0.0,0.0,0.0,0.0,-0.000887349482760323,-0.000887349482760323,-0.0023369652911118563,-0.002336965291111856,-0.0008132679047860558,-0.0008132679047860558,-0.005670330458098602,-0.005670330458098602,-0.000887349482760323,-0.000887349482760323,0.0023415243215381635,-0.005733461018685327,-0.005733461018685327
2025-06-30,0.0,0.0,0.0,0.0,0.0,0.0,0.0,0.0,0.0004547446181856229,0.0004547446181856229,0.002268797787286129,0.002268797787286129,0.001135948700737095,0.001135948700737095,0.005502833492381442,0.005502833492381442,0.0004547446181856229,0.0004547446181856229,-0.0076396282862053865,0.006616155630165993,0.006616155630165993
2025-07-01,0.0,0.0,0.0,0.0,0.0,0.0,0.0,0.0,-0.0022574133695650654,-0.0022574133695650654,-0.006793567507780244,-0.006793567507780244,-0.0038283060494051805,-0.0038283060494051805,-0.014037218057953004,-0.014037218057953004,-0.0022574133695650654,-0.0022574133695650654,0.017297611822345994,-0.01796805057586752,-0.01796805057586752
2025-07-02,0.0,0.0,0.0,0.0,0.0,0.0,0.0,0.0,-0.0006046206404988056,-0.0006046206404988056,-0.002351998683875632,-0.002351998683875632,-0.0008223363349480537,-0.0008223363349480537,-0.0035362218518796636,-0.003536221851879664,-0.0006046206404988056,-0.0006046206404988056,0.0008216768620812253,-0.004187300155175049,-0.004187300155175049
2025-07-03,0.0,0.0,0.0,0.0,0.0,0.0,0.0,0.0,0.0008254759229139631,0.0008254759229139631,0.0016867914970971904,0.0016867914970971904,0.002074814693851483,0.002074814693851483,0.004587579316178683,0.004587579316178683,0.0008254759229139631,0.0008254759229139631,-0.017141162252325676,0.011774782920064094,0.011774782920064094
2025-07-07,0.0,0.0,0.0,0.0,0.0,0.0,0.0,0.0,-0.0024932715306918173,-0.0024932715306918173,-0.005325176003692809,-0.005325176003692809,-0.004911544317290109,-0.004911544317290109,-0.012511903926694852,-0.012511903926694852,-0.0024932715306918173,-0.0024932715306918173,0.018928589905776814,-0.020375234076752596,-0.020375234076752596
2025-07-08,0.0,0.0,0.0,0.0,0.0,0.0,0.0,0.0,-0.0008155028630296387,-0.0008155028630296387,-0.005445576560077763,-0.0054455765600777625,-0.008037191072408627,-0.008037191072408627,-0.01417857740966039,-0.01417857740966039,-0.0008155028630296387,-0.0008155028630296387,0.032072007864821284,-0.032794977376380575,-0.032794977376380575
2025-07-09,0.0,0.0,0.0,0.0,0.0,0.0,0.0,0.0,6.458153612420595e-05,6.458153612420595e-05,-0.001467662563075006,-0.0014676625630750057,-0.002749917213430928,-0.002749917213430928,-0.0054433341643498985,-0.005443334164349899,6.458153612420595e-05,6.458153612420595e-05,0.010319770329681522,-0.012495681629033396,-0.012495681629033396
2025-07-10,0.0,0.0,0.0,0.0,0.0,0.0,0.0,0.0,-0.0011361619856164993,-0.0011361619856164993,-0.001678009902919488,-0.001678009902919488,-0.002452975042100642,-0.002452975042100642,-0.004607979877331769,-0.004607979877331769,-0.000989463553337833,-0.000989463553337833,0.005199436088751268,-0.008160580980570264,-0.008160580980570264
2025-07-11,0.0,0.0,0.0,0.0,0.0,0.0,0.0,0.0,-0.00040877662511608115,-0.00040877662511608115,-0.0020501681465971713,-0.0020501681465971713,-0.0015930171162089877,-0.0015930171162089877,-0.005277461425450067,-0.005277461425450067,0.0,0.0,0.005067388697741516,-0.00818202862064998,-0.00818202862064998
2025-07-14,0.0,0.0,0.0,0.0,0.0,0.0,0.0,0.0,0.00013379840344515927,0.00013379840344515927,3.400006340531899e-05,3.400006340531899e-05,-0.00047954803202685333,-0.00047954803202685344,-0.001307708963175146,-0.001307708963175146,0.0,0.0,0.002676371646640303,-0.0034719165054259704,-0.0034719165054259704
2025-07-15,0.0,0.0,0.0,0.0,0.0,0.0,0.0,0.0,-0.0011307594170849795,-0.0011307594170849795,-0.001812544863495433,-0.001812544863495433,-0.002369242263371236,-0.0023692422633712364,-0.004940185138607571,-0.0049401851386075704,0.0,0.0,0.0064852942308379425,-0.008275419059911693,-0.008275419059911693
2025-07-16,0.0,0.0,0.0,0.0,0.0,0.0,0.0,0.0,-0.001605216360625027,-0.001605216360625027,-0.0023183161956780037,-0.0023183161956780037,-0.0034682687245929204,-0.0034682687245929204,-0.009240405851607807,-0.009240405851607809,0.0,0.0,0.01455259315602169,-0.016393900591794464,-0.016393900591794464
2025-07-17,-7.078673271770259e-05,-7.078673271770259e-05,0.0,0.0,0.0,0.0,0.0,0.0,-0.0010828055670298645,-0.0010828055670298645,-0.0012443490966447528,-0.0012443490966447528,-0.0010031074107982245,-0.0010031074107982243,-0.0031516304141635055,-0.0031516304141635055,-7.078673271770259e-05,-7.078673271770259e-05,0.0002250171561603011,-0.004445741607879779,-0.004445741607879779
2025-07-18,-0.0016551851170722115,-0.0016551851170722115,0.0,0.0,0.0,0.0,0.0,0.0,-0.005642815863042142,-0.005642815863042143,-0.007078928818342522,-0.007078928818342521,-0.006764991877287027,-0.006764991877287027,-0.02005778951899924,-0.02005778951899924,-0.0016551851170722115,-0.0016551851170722115,0.02937914449783792,-0.0318816310467089,-0.0318816310467089
2025-07-21,-0.0016087792682015615,-0.0016087792682015615,0.0,0.0,0.0,0.0,0.0,0.0,-0.004968555299578691,-0.004968555299578692,-0.006385699250137433,-0.0063856992501374315,-0.00433029389216253,-0.00433029389216253,-0.014257894579545224,-0.014257894579545224,-0.0016087792682015615,-0.0016087792682015615,0.02034751276211891,-0.021585853827630695,-0.021585853827630695
2025-07-22,-0.0012123148439129887,-0.0012123148439129887,0.0,0.0,0.0,0.0,0.0,0.0,-0.0021962369914212947,-0.0021962369914212943,-0.00359541295757333,-0.00359541295757333,0.0008961527566269651,0.0008961527566269651,-0.003792252105442299,-0.003792252105442299,-0.0012123148439129887,-0.0012123148439129887,-0.0008875094887895481,0.0002482258016092805,0.0002482258016092805
2025-07-23,-0.0010420249654163095,-0.0010420249654163095,0.0,0.0,0.0,0.0,0.0,0.0,-0.004609813123401449,-0.004609813123401449,-0.008234026345791678,-0.008234026345791678,-0.0036987311753533788,-0.003698731175353378,-0.015574797699607765,-0.015574797699607769,-0.0010420249654163095,-0.0010420249654163095,0.018209824443653162,-0.025022677166124857,-0.025022677166124857
2025-07-24,-0.00020237591764346789,-0.00020237591764346789,0.0,0.0,0.0,0.0,0.0,0.0,0.00010451299841811573,0.00010451299841811573,0.0015987628560201284,0.0015987628560201284,0.00214527730890274,0.00214527730890274,0.004204631535454571,0.004204631535454571,-0.0003848928347602276,-0.0003848928347602276,-0.011806264419912268,0.008707613639177714,0.008707613639177714
2025-07-25,-0.001511702099922517,-0.001511702099922517,0.0,0.0,0.0,0.0,0.0,0.0,-0.007312274984411306,-0.007312274984411308,-0.00839800505067662,-0.00839800505067662,-0.007395986543657517,-0.007395986543657517,-0.020523713430783994,-0.02052371343078399,-0.002699647046057054,-0.002699647046057054,0.022072869961631717,-0.026339137824267472,-0.026339137824267472
2025-07-28,-0.002425596495432079,-0.002425596495432079,0.0,0.0,0.0,0.0,0.0,0.0,-0.011991527731644028,-0.01199152773164403,-0.012604243418277502,-0.012604243418277502,-0.007040616539133417,-0.007040616539133419,-0.026483583335605847,-0.026483583335605843,-0.0052454182968678376,-0.0052454182968678376,0.029527506721358357,-0.030240580540860044,-0.030240580540860044
2025-07-29,0.00029258085070378446,0.00029258085070378446,0.0,0.0,0.0,0.0,0.0,0.0,0.0012953421517891504,0.0012953421517891504,0.00200505193375742,0.0020050519337574202,0.0006232657924137312,0.0006232657924137312,0.0033252755258636824,0.0033252755258636824,0.0005700704445035897,0.0005700704445035899,-0.004648032176976853,0.003039124500122014,0.003039124500122014
2025-07-30,-0.0011327745870763188,-0.0011327745870763188,0.0,0.0,0.0,0.0,0.0,0.0,-0.007579099766836893,-0.007579099766836893,-0.00796499838588793,-0.00796499838588793,-0.005425445040917366,-0.005425445040917367,-0.014453912579261345,-0.014453912579261348,-0.004390725560806193,-0.004390725560806193,0.015014041255640275,-0.017705858052453324,-0.017705858052453324
2025-07-31,-9.095075614433997e-05,-9.095075614433997e-05,0.0,0.0,0.0,0.0,0.0,0.0,-0.0004645493641645455,-0.0004645493641645455,-0.0012090816490220226,-0.0012090816490220226,-0.001487397874981129,-0.0014873978749811293,-0.004981705341306449,-0.0049817053413064505,0.0009284811535675408,0.0009284811535675408,0.005394480597567101,-0.009810981134653177,-0.009810981134653177
2025-08-01,0.006531892191244097,0.006531892191244097,0.0,0.0,0.0,0.0,0.0,0.0,0.05583054374689039,0.05583054374689039,0.05317721178682328,0.053177211786823275,0.043173595032070626,0.043173595032070626,0.0978279382494938,0.09782793824949379,0.03681673014339691,0.03681673014339691,-0.10582000251079011,0.09417554411503423,0.09417554411503423
2025-08-04,-0.001148912663527773,-0.001148912663527773,0.0,0.0,0.0,0.0,0.0,0.0,-0.010909672473687033,-0.010909672473687033,-0.01135041090593714,-0.01135041090593714,-0.007562742327592685,-0.007562742327592685,-0.018598944829609693,-0.018598944829609693,-0.007342881426775312,-0.007342881426775312,0.00871454827519597,-0.018598944829609693,-0.018598944829609693
2025-08-05,-0.0005849694750688196,-0.0005849694750688196,0.0,0.0,0.0,0.0,0.0,0.0,-0.0038365480386233835,-0.0038365480386233835,-0.005082386591202218,-0.005082386591202217,-0.004320437962491354,-0.004320437962491354,-0.012213772881817181,-0.012213772881817181,-0.0006641188309134627,-0.0006641188309134627,0.008048154021604508,-0.012213772881817181,-0.012213772881817181
2025-08-06,-0.0012931992207188922,-0.0012931992207188922,0.0,0.0,0.0,0.0,0.0,0.0,-0.010172932599651244,-0.010172932599651244,-0.009661282256362806,-0.009661282256362808,-0.006434929533398067,-0.006434929533398066,-0.015892267242700747,-0.01589226724270075,-0.0073022278636019665,-0.0073022278636019665,0.009526608480445323,-0.015892267242700747,-0.015892267242700747
2025-08-07,-0.0011733430790294684,-0.0011733430790294684,0.0,0.0,0.0,0.0,0.0,0.0,-0.009336665895609636,-0.009336665895609636,-0.007797515502130776,-0.007797515502130774,-0.005866672769042234,-0.005866672769042234,-0.017722109686572285,-0.01772210968657229,-0.004069957175743695,-0.004069957175743695,0.015854468029314055,-0.017722109686572285,-0.017722109686572285
2025-08-08,-0.0010276115658164587,-0.0010276115658164587,0.0,0.0,0.0,0.0,0.0,0.0,-0.011125093782020281,-0.011125093782020281,-0.010713063730961333,-0.010713063730961333,-0.007791453552357628,-0.007791453552357628,-0.015280854106001118,-0.015280854106001118,-0.010400472862825772,-0.01040047286282577,0.009446567532528873,-0.015280854106001118,-0.015280854106001118
2025-08-11,-0.0010541577434259302,-0.0010541577434259302,0.0,0.0,0.0,0.0,0.0,0.0,-0.006849586370580736,-0.006849586370580736,-0.007471959499903813,-0.007471959499903813,-0.00402741820308065,-0.00402741820308065,-0.010965992294584694,-0.010965992294584694,-0.00508157594650658,-0.005081575946506579,0.010025736721868055,-0.010965992294584694,-0.010965992294584694
2025-08-12,0.0016856634791363183,0.0016856634791363183,0.0,0.0,0.0,0.0,0.0,0.0,0.006677090273928142,0.006677090273928142,0.007199695163385693,0.007199695163385693,0.003175521320411241,0.003175521320411241,0.01067689569672183,0.010676895696721835,0.004861184799547559,0.004861184799547559,-0.01678021286028395,0.01067689569672183,0.01067689569672183
2025-08-13,3.654871185452327e-05,3.654871185452327e-05,0.0,0.0,0.0,0.0,0.0,0.0,-0.006572416155353216,-0.006572416155353216,-0.005005837864309785,-0.005005837864309785,-0.00497058009164998,-0.00497058009164998,-0.007721221843235125,-0.007721221843235125,-0.0049340313797954565,-0.0049340313797954565,0.0047862603246029015,-0.007721221843235125,-0.007721221843235125
2025-08-14,0.0004135271809578375,0.0004135271809578375,0.0,0.0,0.0,0.0,0.0,0.0,0.002785813573951477,0.002785813573951477,0.002543291799210132,0.0025432917992101326,0.0020310304344985856,0.0020310304344985856,0.0034847059183367884,0.003484705918336789,0.0024445576154564232,0.0024445576154564232,-0.005331271185725937,0.0034847059183367884,0.0034847059183367884
2025-08-15,-0.0038481219059055306,-0.0038481219059055306,0.0,0.0,0.0,0.0,0.0,0.0,-0.01793895766574795,-0.01793895766574795,-0.015744913253660203,-0.015744913253660203,-0.011149325537747536,-0.011149325537747536,-0.023868814069846516,-0.023868814069846516,-0.014997447443653066,-0.014997447443653066,0.021898367517977003,-0.023868814069846516,-0.023868814069846516
2025-08-18,0.0,0.0,0.0,0.0,0.0,0.0,0.0,0.0,-0.012572283960593103,-0.012572283960593103,-0.008830312562492478,-0.008830312562492478,-0.010706199640411458,-0.010706199640411458,-0.01454785983409923,-0.01454785983409923,-0.010706199640411458,-0.010706199640411458,0.014314946633956105,-0.01454785983409923,-0.01454785983409923
2025-08-19,0.0,0.0,0.0,0.0,0.0,0.0,0.0,0.0,-0.0068762922198055765,-0.0068762922198055765,-0.006919654044508318,-0.006919654044508318,-0.005334780845987193,-0.005334780845987193,-0.01109677671996925,-0.011096776719969252,-0.005334780845987193,-0.005334780845987193,0.00814423574941435,-0.01109677671996925,-0.01109677671996925
2025-08-20,0.0,0.0,0.0,0.0,0.0,0.0,0.0,0.0,-0.00631762611601404,-0.00631762611601404,-0.003798757534883467,-0.003798757534883467,-0.004600294930871029,-0.004600294930871029,-0.007988480953261021,-0.007988480953261021,-0.004600294930871029,-0.004600294930871029,0.005767855672079661,-0.007988480953261021,-0.007988480953261021
2025-08-21,0.0,0.0,0.0,0.0,0.0,0.0,0.0,0.0,0.0020788788360194604,0.0020788788360194604,0.002573837082643605,0.002573837082643605,0.002735030425532421,0.002735030425532421,0.0020788788360194604,0.002078878836019461,0.002735030425532421,0.002735030425532421,-0.0041081000025129715,0.0020788788360194604,0.0020788788360194604
2025-08-22,0.0,0.0,0.0,0.0,0.0,0.0,0.0,0.0,0.009624678441516519,0.009624678441516519,0.0017021856090916245,0.0017021856090916245,0.009624678441516519,0.009624678441516519,0.009624678441516519,0.009624678441516519,0.009624678441516519,0.009624678441516519,-0.014051391884773048,0.009624678441516519,0.009624678441516519
2025-08-25,0.0,0.0,0.0,0.0,0.0,0.0,0.0,0.0,-0.0024859419148512336,-0.0024859419148512336,-0.002435299663076202,-0.002435299663076202,-0.0024859419148512336,-0.0024859419148512336,-0.0024859419148512336,-0.0024859419148512336,-0.0024859419148512336,-0.0024859419148512336,0.0016637275345062423,-0.0024859419148512336,-0.0024859419148512336
2025-08-26,0.0,0.0,0.0,0.0,0.0,0.0,0.0,0.0,-0.0004321300349941885,-0.0004321300349941885,-0.0003221621629156452,-0.0003221621629156452,-0.0004321300349941885,-0.0004321300349941885,-0.0004321300349941885,-0.0004321300349941885,-0.0004321300349941885,-0.0004321300349941885,-0.0011353113165079886,-0.0004321300349941885,-0.0004321300349941885
2025-08-27,0.0,0.0,0.0,0.0,0.0,0.0,0.0,0.0,0.0009748071425548692,0.0009748071425548692,0.0003670345878490581,0.0003670345878490581,0.0009748071425548692,0.0009748071425548692,0.0009748071425548692,0.0009748071425548692,0.0009748071425548692,0.0009748071425548692,-0.0024093536037140453,0.0009748071425548692,0.0009748071425548692
2025-08-28,0.0,0.0,0.0,0.0,0.0,0.0,0.0,0.0,-0.002498802906254356,-0.002498802906254356,-0.0016808612823311047,-0.0016808612823311047,-0.002498802906254356,-0.002498802906254356,-0.002498802906254356,-0.002498802906254356,-0.002498802906254356,-0.002498802906254356,0.0008323606181137386,-0.002498802906254356,-0.002498802906254356
2025-08-29,0.0,0.0,0.0,0.0,0.0,0.0,0.0,0.0,-0.003996684073958094,-0.003996684073958094,0.0,0.0,-0.003996684073958094,-0.003996684073958094,-0.003996684073958094,-0.003996684073958094,-0.003996684073958094,-0.003996684073958094,0.0022824684326088816,-0.003996684073958094,-0.003996684073958094
